  0
SECTION
  2
HEADER
  9
$ACADVER
  1
AC1015
  9
$ACADMAINTVER
 70
    20
  9
$DWGCODEPAGE
  3
ANSI_936
  9
$INSBASE
 10
0.0
 20
0.0
 30
0.0
  9
$EXTMIN
 10
261.5281165185505
 20
269.5838260351253
 30
0.0
  9
$EXTMAX
 10
1673.822230108459
 20
1260.667414519272
 30
0.0
  9
$LIMMIN
 10
0.0
 20
0.0
  9
$LIMMAX
 10
420.0
 20
297.0
  9
$ORTHOMODE
 70
     0
  9
$REGENMODE
 70
     1
  9
$FILLMODE
 70
     1
  9
$QTEXTMODE
 70
     0
  9
$MIRRTEXT
 70
     0
  9
$LTSCALE
 40
1.0
  9
$ATTMODE
 70
     1
  9
$TEXTSIZE
 40
2.5
  9
$TRACEWID
 40
1.0
  9
$TEXTSTYLE
  7
Standard
  9
$CLAYER
  8
0
  9
$CELTYPE
  6
ByLayer
  9
$CECOLOR
 62
   256
  9
$CELTSCALE
 40
1.0
  9
$DISPSILH
 70
     0
  9
$DIMSCALE
 40
1.0
  9
$DIMASZ
 40
2.5
  9
$DIMEXO
 40
0.625
  9
$DIMDLI
 40
3.75
  9
$DIMRND
 40
0.0
  9
$DIMDLE
 40
0.0
  9
$DIMEXE
 40
1.25
  9
$DIMTP
 40
0.0
  9
$DIMTM
 40
0.0
  9
$DIMTXT
 40
2.5
  9
$DIMCEN
 40
2.5
  9
$DIMTSZ
 40
0.0
  9
$DIMTOL
 70
     0
  9
$DIMLIM
 70
     0
  9
$DIMTIH
 70
     0
  9
$DIMTOH
 70
     0
  9
$DIMSE1
 70
     0
  9
$DIMSE2
 70
     0
  9
$DIMTAD
 70
     1
  9
$DIMZIN
 70
     8
  9
$DIMBLK
  1

  9
$DIMASO
 70
     1
  9
$DIMSHO
 70
     1
  9
$DIMPOST
  1

  9
$DIMAPOST
  1

  9
$DIMALT
 70
     0
  9
$DIMALTD
 70
     3
  9
$DIMALTF
 40
0.03937007874016
  9
$DIMLFAC
 40
1.0
  9
$DIMTOFL
 70
     1
  9
$DIMTVP
 40
0.0
  9
$DIMTIX
 70
     0
  9
$DIMSOXD
 70
     0
  9
$DIMSAH
 70
     0
  9
$DIMBLK1
  1

  9
$DIMBLK2
  1

  9
$DIMSTYLE
  2
ISO-25
  9
$DIMCLRD
 70
     0
  9
$DIMCLRE
 70
     0
  9
$DIMCLRT
 70
     0
  9
$DIMTFAC
 40
1.0
  9
$DIMGAP
 40
0.625
  9
$DIMJUST
 70
     0
  9
$DIMSD1
 70
     0
  9
$DIMSD2
 70
     0
  9
$DIMTOLJ
 70
     0
  9
$DIMTZIN
 70
     8
  9
$DIMALTZ
 70
     0
  9
$DIMALTTZ
 70
     0
  9
$DIMUPT
 70
     0
  9
$DIMDEC
 70
     2
  9
$DIMTDEC
 70
     2
  9
$DIMALTU
 70
     2
  9
$DIMALTTD
 70
     3
  9
$DIMTXSTY
  7
Standard
  9
$DIMAUNIT
 70
     0
  9
$DIMADEC
 70
     0
  9
$DIMALTRND
 40
0.0
  9
$DIMAZIN
 70
     0
  9
$DIMDSEP
 70
    44
  9
$DIMATFIT
 70
     3
  9
$DIMFRAC
 70
     0
  9
$DIMLDRBLK
  1

  9
$DIMLUNIT
 70
     2
  9
$DIMLWD
 70
    -2
  9
$DIMLWE
 70
    -2
  9
$DIMTMOVE
 70
     0
  9
$LUNITS
 70
     2
  9
$LUPREC
 70
     4
  9
$SKETCHINC
 40
1.0
  9
$FILLETRAD
 40
0.0
  9
$AUNITS
 70
     0
  9
$AUPREC
 70
     0
  9
$MENU
  1
.
  9
$ELEVATION
 40
0.0
  9
$PELEVATION
 40
0.0
  9
$THICKNESS
 40
0.0
  9
$LIMCHECK
 70
     0
  9
$CHAMFERA
 40
0.0
  9
$CHAMFERB
 40
0.0
  9
$CHAMFERC
 40
0.0
  9
$CHAMFERD
 40
0.0
  9
$SKPOLY
 70
     0
  9
$TDCREATE
 40
2460425.631826146
  9
$TDUCREATE
 40
2460425.298492813
  9
$TDUPDATE
 40
2461244.424152512
  9
$TDUUPDATE
 40
2461244.090819178
  9
$TDINDWG
 40
0.002243287
  9
$TDUSRTIMER
 40
0.002242419
  9
$USRTIMER
 70
     1
  9
$ANGBASE
 50
0.0
  9
$ANGDIR
 70
     0
  9
$PDMODE
 70
     0
  9
$PDSIZE
 40
0.0
  9
$PLINEWID
 40
0.0
  9
$SPLFRAME
 70
     0
  9
$SPLINETYPE
 70
     6
  9
$SPLINESEGS
 70
     8
  9
$HANDSEED
  5
C35
  9
$SURFTAB1
 70
     6
  9
$SURFTAB2
 70
     6
  9
$SURFTYPE
 70
     6
  9
$SURFU
 70
     6
  9
$SURFV
 70
     6
  9
$UCSBASE
  2

  9
$UCSNAME
  2

  9
$UCSORG
 10
0.0
 20
0.0
 30
0.0
  9
$UCSXDIR
 10
1.0
 20
0.0
 30
0.0
  9
$UCSYDIR
 10
0.0
 20
1.0
 30
0.0
  9
$UCSORTHOREF
  2

  9
$UCSORTHOVIEW
 70
     0
  9
$UCSORGTOP
 10
0.0
 20
0.0
 30
0.0
  9
$UCSORGBOTTOM
 10
0.0
 20
0.0
 30
0.0
  9
$UCSORGLEFT
 10
0.0
 20
0.0
 30
0.0
  9
$UCSORGRIGHT
 10
0.0
 20
0.0
 30
0.0
  9
$UCSORGFRONT
 10
0.0
 20
0.0
 30
0.0
  9
$UCSORGBACK
 10
0.0
 20
0.0
 30
0.0
  9
$PUCSBASE
  2

  9
$PUCSNAME
  2

  9
$PUCSORG
 10
0.0
 20
0.0
 30
0.0
  9
$PUCSXDIR
 10
1.0
 20
0.0
 30
0.0
  9
$PUCSYDIR
 10
0.0
 20
1.0
 30
0.0
  9
$PUCSORTHOREF
  2

  9
$PUCSORTHOVIEW
 70
     0
  9
$PUCSORGTOP
 10
0.0
 20
0.0
 30
0.0
  9
$PUCSORGBOTTOM
 10
0.0
 20
0.0
 30
0.0
  9
$PUCSORGLEFT
 10
0.0
 20
0.0
 30
0.0
  9
$PUCSORGRIGHT
 10
0.0
 20
0.0
 30
0.0
  9
$PUCSORGFRONT
 10
0.0
 20
0.0
 30
0.0
  9
$PUCSORGBACK
 10
0.0
 20
0.0
 30
0.0
  9
$USERI1
 70
     0
  9
$USERI2
 70
     0
  9
$USERI3
 70
     0
  9
$USERI4
 70
     0
  9
$USERI5
 70
     0
  9
$USERR1
 40
0.0
  9
$USERR2
 40
0.0
  9
$USERR3
 40
0.0
  9
$USERR4
 40
0.0
  9
$USERR5
 40
0.0
  9
$WORLDVIEW
 70
     1
  9
$SHADEDGE
 70
     3
  9
$SHADEDIF
 70
    70
  9
$TILEMODE
 70
     1
  9
$MAXACTVP
 70
    64
  9
$PINSBASE
 10
0.0
 20
0.0
 30
0.0
  9
$PLIMCHECK
 70
     0
  9
$PEXTMIN
 10
0.0
 20
0.0
 30
0.0
  9
$PEXTMAX
 10
0.0
 20
0.0
 30
0.0
  9
$PLIMMIN
 10
0.0
 20
0.0
  9
$PLIMMAX
 10
12.0
 20
9.0
  9
$UNITMODE
 70
     0
  9
$VISRETAIN
 70
     1
  9
$PLINEGEN
 70
     0
  9
$PSLTSCALE
 70
     1
  9
$TREEDEPTH
 70
  3020
  9
$CMLSTYLE
  2
Standard
  9
$CMLJUST
 70
     0
  9
$CMLSCALE
 40
20.0
  9
$PROXYGRAPHICS
 70
     1
  9
$MEASUREMENT
 70
     1
  9
$CELWEIGHT
370
    -1
  9
$ENDCAPS
280
     0
  9
$JOINSTYLE
280
     0
  9
$LWDISPLAY
290
     0
  9
$INSUNITS
 70
     4
  9
$HYPERLINKBASE
  1

  9
$STYLESHEET
  1

  9
$XEDIT
290
     1
  9
$CEPSNTYPE
380
     0
  9
$PSTYLEMODE
290
     1
  9
$FINGERPRINTGUID
  2
{AE281D5A-520C-450B-8094-57A27660D880}
  9
$VERSIONGUID
  2
{55890F22-BA9C-4C0A-9CA5-6DD6D482ADFD}
  9
$EXTNAMES
290
     1
  9
$PSVPSCALE
 40
0.0
  9
$OLESTARTUP
290
     0
  0
ENDSEC
  0
SECTION
  2
CLASSES
  0
CLASS
  1
ACDBDICTIONARYWDFLT
  2
AcDbDictionaryWithDefault
  3
ObjectDBX Classes
 90
        0
280
     0
281
     0
  0
CLASS
  1
ACDBPLACEHOLDER
  2
AcDbPlaceHolder
  3
ObjectDBX Classes
 90
    32768
280
     0
281
     0
  0
CLASS
  1
LAYOUT
  2
AcDbLayout
  3
ObjectDBX Classes
 90
    32768
280
     0
281
     0
  0
CLASS
  1
DICTIONARYVAR
  2
AcDbDictionaryVar
  3
ObjectDBX Classes
 90
        0
280
     0
281
     0
  0
CLASS
  1
TABLESTYLE
  2
AcDbTableStyle
  3
ObjectDBX Classes
 90
     4095
280
     0
281
     0
  0
CLASS
  1
WIPEOUTVARIABLES
  2
AcDbWipeoutVariables
  3
"WipeOut|Product Desc:     WipeOut Dbx Application|Company:          Autodesk, Inc.|WEB Address:      www.autodesk.com"
 90
    32768
280
     0
281
     0
  0
CLASS
  1
SCALE
  2
AcDbScale
  3
ObjectDBX Classes
 90
     1153
280
     0
281
     0
  0
CLASS
  1
MLEADERSTYLE
  2
AcDbMLeaderStyle
  3
ACDB_MLEADERSTYLE_CLASS
 90
     4095
280
     0
281
     0
  0
CLASS
  1
MATERIAL
  2
AcDbMaterial
  3
ObjectDBX Classes
 90
     1153
280
     0
281
     0
  0
CLASS
  1
VISUALSTYLE
  2
AcDbVisualStyle
  3
ObjectDBX Classes
 90
     4095
280
     0
281
     0
  0
CLASS
  1
ACDBSECTIONVIEWSTYLE
  2
AcDbSectionViewStyle
  3
ObjectDBX Classes
 90
     1025
280
     0
281
     0
  0
CLASS
  1
ACDBDETAILVIEWSTYLE
  2
AcDbDetailViewStyle
  3
ObjectDBX Classes
 90
     1025
280
     0
281
     0
  0
CLASS
  1
CELLSTYLEMAP
  2
AcDbCellStyleMap
  3
ObjectDBX Classes
 90
     1152
280
     0
281
     0
  0
CLASS
  1
SORTENTSTABLE
  2
AcDbSortentsTable
  3
ObjectDBX Classes
 90
        0
280
     0
281
     0
  0
CLASS
  1
ACDBPLACEHOLDER
  2
AcDbPlaceHolder
  3
ObjectDBX Classes
 90
    32768
280
     0
281
     0
  0
CLASS
  1
LAYOUT
  2
AcDbLayout
  3
ObjectDBX Classes
 90
    32768
280
     0
281
     0
  0
CLASS
  1
ACDBPLACEHOLDER
  2
AcDbPlaceHolder
  3
ObjectDBX Classes
 90
    32768
280
     0
281
     0
  0
CLASS
  1
LAYOUT
  2
AcDbLayout
  3
ObjectDBX Classes
 90
    32768
280
     0
281
     0
  0
CLASS
  1
ZRXEBBLOCKEDITORCUSTOBJ
  2
CZrxEbBlockEditorObject
  3
CZrxEbBlockEditorObject
 90
     1024
280
     0
281
     0
  0
CLASS
  1
ACAD_EVALUATION_GRAPH
  2
AcDbEvalGraph
  3
ObjectDBX Classes
 90
     1153
280
     0
281
     0
  0
CLASS
  1
ACDB_DYNAMICBLOCKPURGEPREVENTER_VERSION
  2
AcDbDynamicBlockPurgePreventer
  3
ObjectDBX Classes
 90
     1153
280
     0
281
     0
  0
CLASS
  1
ACDBPLACEHOLDER
  2
AcDbPlaceHolder
  3
ObjectDBX Classes
 90
        0
280
     0
281
     0
  0
CLASS
  1
LAYOUT
  2
AcDbLayout
  3
ObjectDBX Classes
 90
        0
280
     0
281
     0
  0
ENDSEC
  0
SECTION
  2
TABLES
  0
TABLE
  2
VPORT
  5
8
102
{ACAD_XDICTIONARY
360
A0C
102
}
330
0
100
AcDbSymbolTable
 70
     1
  0
VPORT
  5
1CC
330
8
100
AcDbSymbolTableRecord
100
AcDbViewportTableRecord
  2
*Active
 70
     0
 10
0.0
 20
0.0
 11
1.0
 21
1.0
 12
1583.042045668571
 22
573.1786141526287
 13
0.0
 23
0.0
 14
10.0
 24
10.0
 15
10.0
 25
10.0
 16
0.0
 26
0.0
 36
1.0
 17
0.0
 27
0.0
 37
0.0
 40
2054.023221112585
 41
1.939487975174554
 42
50.0
 43
0.0
 44
0.0
 50
0.0
 51
0.0
 71
    16
 72
  1000
 73
     1
 74
     3
 75
     0
 76
     1
 77
     0
 78
     0
281
     0
 65
     1
110
0.0
120
0.0
130
0.0
111
1.0
121
0.0
131
0.0
112
0.0
122
1.0
132
0.0
 79
     0
146
0.0
1001
ACAD_NAV_VCDISPLAY
1070
     3
  0
ENDTAB
  0
TABLE
  2
LTYPE
  5
5
330
0
100
AcDbSymbolTable
 70
     3
  0
LTYPE
  5
14
330
5
100
AcDbSymbolTableRecord
100
AcDbLinetypeTableRecord
  2
ByBlock
 70
     0
  3

 72
    65
 73
     0
 40
0.0
  0
LTYPE
  5
15
330
5
100
AcDbSymbolTableRecord
100
AcDbLinetypeTableRecord
  2
ByLayer
 70
     0
  3

 72
    65
 73
     0
 40
0.0
  0
LTYPE
  5
16
330
5
100
AcDbSymbolTableRecord
100
AcDbLinetypeTableRecord
  2
Continuous
 70
     0
  3
Solid line
 72
    65
 73
     0
 40
0.0
  0
LTYPE
  5
392
330
5
100
AcDbSymbolTableRecord
100
AcDbLinetypeTableRecord
  2
PHANTOM2
 70
     0
  3
Phantom (.5x) ___ _ _ ___ _ _ ___ _ _ ___ _ _
 72
    65
 73
     6
 40
1.25
 49
0.625
 74
     0
 49
-0.125
 74
     0
 49
0.125
 74
     0
 49
-0.125
 74
     0
 49
0.125
 74
     0
 49
-0.125
 74
     0
  0
LTYPE
  5
393
330
5
100
AcDbSymbolTableRecord
100
AcDbLinetypeTableRecord
  2
ACAD_ISO02W100
 70
     0
  3
ISO dash __ __ __ __ __ __ __ __ __ __ __ __ __
 72
    65
 73
     2
 40
15.0
 49
12.0
 74
     0
 49
-3.0
 74
     0
  0
ENDTAB
  0
TABLE
  2
LAYER
  5
2
102
{ACAD_XDICTIONARY
360
FA
102
}
330
0
100
AcDbSymbolTable
 70
     8
  0
LAYER
  5
10
102
{ACAD_XDICTIONARY
360
A00
102
}
330
2
100
AcDbSymbolTableRecord
100
AcDbLayerTableRecord
  2
0
 70
     0
 62
     7
  6
Continuous
370
    -3
390
F
1071
 33554687
  0
LAYER
  5
394
102
{ACAD_XDICTIONARY
360
395
102
}
330
2
100
AcDbSymbolTableRecord
100
AcDbLayerTableRecord
  2
≥ﬂ¥ÁòÀ◊¢
 70
     0
 62
     1
  6
Continuous
370
    30
390
F
1071
 33554687
1001
AcadStringInfo
1000
MIFCodePage
1070
     2
  0
LAYER
  5
397
102
{ACAD_XDICTIONARY
360
398
102
}
330
2
100
AcDbSymbolTableRecord
100
AcDbLayerTableRecord
  2
ºöåçæÄ
 70
     0
 62
     1
  6
Continuous
370
    13
390
F
1071
 33554687
1001
AcadStringInfo
1000
MIFCodePage
1070
     2
  0
LAYER
  5
39A
102
{ACAD_XDICTIONARY
360
39B
102
}
330
2
100
AcDbSymbolTableRecord
100
AcDbLayerTableRecord
  2
Œƒ◊÷
 70
     0
 62
     3
  6
Continuous
370
    30
390
F
1071
 33554687
1001
AcadStringInfo
1000
MIFCodePage
1070
     2
  0
LAYER
  5
39D
102
{ACAD_XDICTIONARY
360
39E
102
}
330
2
100
AcDbSymbolTableRecord
100
AcDbLayerTableRecord
  2
—b”ÜÖ^”Ú
 70
     0
 62
     6
  6
PHANTOM2
290
     0
370
    13
390
F
1071
 33554687
1001
AcAecLayerStandard
1000

1000

1001
AcCmTransparency
1071
 33554687
1001
AcadStringInfo
1000
MIFCodePage
1070
     2
  0
LAYER
  5
3A0
102
{ACAD_XDICTIONARY
360
A06
102
}
330
2
100
AcDbSymbolTableRecord
100
AcDbLayerTableRecord
  2
Defpoints
 70
     0
 62
     7
  6
Continuous
290
     0
370
    -3
390
F
1071
 33554687
  0
LAYER
  5
3A1
102
{ACAD_XDICTIONARY
360
A08
102
}
330
2
100
AcDbSymbolTableRecord
100
AcDbLayerTableRecord
  2
CONT
 70
     0
 62
     7
  6
Continuous
370
    -3
390
F
1071
 33554687
1001
AcAecLayerStandard
1000

1000

  0
LAYER
  5
3A2
102
{ACAD_XDICTIONARY
360
A0A
102
}
330
2
100
AcDbSymbolTableRecord
100
AcDbLayerTableRecord
  2
Default
 70
     0
 62
     7
  6
Continuous
370
    30
390
F
1071
 33554687
  0
ENDTAB
  0
TABLE
  2
STYLE
  5
3
330
0
100
AcDbSymbolTable
 70
     5
  0
STYLE
  5
11
330
3
100
AcDbSymbolTableRecord
100
AcDbTextStyleTableRecord
  2
Standard
 70
     0
 40
0.0
 41
1.0
 50
0.0
 71
     0
 42
2.5
  3
arial.ttf
  4

1001
ACAD
1000
Arial
1071
       34
  0
STYLE
  5
23E
330
3
100
AcDbSymbolTableRecord
100
AcDbTextStyleTableRecord
  2
Annotative
 70
     0
 40
0.0
 41
1.0
 50
0.0
 71
     0
 42
2.5
  3
arial.ttf
  4

1001
AcadAnnotative
1000
AnnotativeData
1002
{
1070
     1
1070
     1
1002
}
1001
ACAD
1000
Arial
1071
       34
  0
STYLE
  5
3A3
330
3
100
AcDbSymbolTableRecord
100
AcDbTextStyleTableRecord
  2
DIM
 70
     0
 40
0.0
 41
0.7
 50
0.0
 71
     0
 42
0.2
  3
txt.shx
  4
chineset.shx
  0
STYLE
  5
3A4
330
3
100
AcDbSymbolTableRecord
100
AcDbTextStyleTableRecord
  2
style1
 70
     0
 40
0.0
 41
0.9
 50
0.0
 71
     0
 42
3.5
  3
PMingLiU.ttf
  4

1001
ACAD
1000
PMingLiU
1071
    34834
  0
STYLE
  5
3A5
330
3
100
AcDbSymbolTableRecord
100
AcDbTextStyleTableRecord
  2
0
 70
     0
 40
1.0
 41
1.0
 50
0.0
 71
     0
 42
0.2
  3
arial.ttf
  4

1001
ACAD
1000
Arial
1071
       34
  0
ENDTAB
  0
TABLE
  2
VIEW
  5
6
330
0
100
AcDbSymbolTable
 70
     0
  0
ENDTAB
  0
TABLE
  2
UCS
  5
7
330
0
100
AcDbSymbolTable
 70
     0
  0
ENDTAB
  0
TABLE
  2
APPID
  5
9
330
0
100
AcDbSymbolTable
 70
    17
  0
APPID
  5
12
330
9
100
AcDbSymbolTableRecord
100
AcDbRegAppTableRecord
  2
ACAD
 70
     0
  0
APPID
  5
F4
330
9
100
AcDbSymbolTableRecord
100
AcDbRegAppTableRecord
  2
ACAD_PSEXT
 70
     0
  0
APPID
  5
1A9
330
9
100
AcDbSymbolTableRecord
100
AcDbRegAppTableRecord
  2
ACAD_NAV_VCDISPLAY
 70
     0
  0
APPID
  5
23F
330
9
100
AcDbSymbolTableRecord
100
AcDbRegAppTableRecord
  2
AcadAnnoPO
 70
     0
  0
APPID
  5
240
330
9
100
AcDbSymbolTableRecord
100
AcDbRegAppTableRecord
  2
AcadAnnotative
 70
     0
  0
APPID
  5
242
330
9
100
AcDbSymbolTableRecord
100
AcDbRegAppTableRecord
  2
ACAD_DSTYLE_DIMJAG
 70
     0
  0
APPID
  5
243
330
9
100
AcDbSymbolTableRecord
100
AcDbRegAppTableRecord
  2
ACAD_DSTYLE_DIMBREAK
 70
     0
  0
APPID
  5
244
330
9
100
AcDbSymbolTableRecord
100
AcDbRegAppTableRecord
  2
ACAD_DSTYLE_DIMTALN
 70
     0
  0
APPID
  5
3AD
330
9
100
AcDbSymbolTableRecord
100
AcDbRegAppTableRecord
  2
ACAD_DSTYLE_DIMRADIAL_EXTENSION
 70
     0
  0
APPID
  5
3AE
330
9
100
AcDbSymbolTableRecord
100
AcDbRegAppTableRecord
  2
AcAecLayerStandard
 70
     0
  0
APPID
  5
3AF
330
9
100
AcDbSymbolTableRecord
100
AcDbRegAppTableRecord
  2
AcCmTransparency
 70
     0
  0
APPID
  5
3B0
330
9
100
AcDbSymbolTableRecord
100
AcDbRegAppTableRecord
  2
AcadStringInfo
 70
     0
  0
APPID
  5
9FC
330
9
100
AcDbSymbolTableRecord
100
AcDbRegAppTableRecord
  2
ACAD_DSTYLE_DIMARC_LENGTH_SYMBOL
 70
     0
  0
APPID
  5
A14
330
9
100
AcDbSymbolTableRecord
100
AcDbRegAppTableRecord
  2
ACAD_MLEADERVER
 70
     0
  0
APPID
  5
BAA
330
9
100
AcDbSymbolTableRecord
100
AcDbRegAppTableRecord
  2
ACAUTHENVIRON
 70
     0
  0
APPID
  5
BAE
330
9
100
AcDbSymbolTableRecord
100
AcDbRegAppTableRecord
  2
AcDbDynamicBlockTrueName
 70
     0
  0
APPID
  5
BAF
330
9
100
AcDbSymbolTableRecord
100
AcDbRegAppTableRecord
  2
AcDbDynamicBlockGUID
 70
     0
  0
ENDTAB
  0
TABLE
  2
DIMSTYLE
  5
A
330
0
100
AcDbSymbolTable
 70
    10
100
AcDbDimStyleTable
 71
     2
340
9C
340
245
  0
DIMSTYLE
105
27
330
A
100
AcDbSymbolTableRecord
100
AcDbDimStyleTableRecord
  2
Standard
 70
     0
340
11
  0
DIMSTYLE
105
9C
330
A
100
AcDbSymbolTableRecord
100
AcDbDimStyleTableRecord
  2
ISO-25
 70
     0
 41
2.5
 42
0.625
 43
3.75
 44
1.25
 73
     0
 74
     0
 77
     1
 78
     8
140
2.5
141
2.5
143
0.03937007874016
147
0.625
171
     3
172
     1
271
     2
272
     2
274
     3
278
    44
283
     0
284
     8
340
11
  0
DIMSTYLE
105
245
330
A
100
AcDbSymbolTableRecord
100
AcDbDimStyleTableRecord
  2
Annotative
 70
     0
 41
2.5
 42
0.625
 43
3.75
 44
1.25
 73
     0
 74
     0
 77
     1
 78
     8
140
2.5
141
2.5
143
0.03937007874016
147
0.625
171
     3
172
     1
271
     2
272
     2
274
     3
278
    44
283
     0
284
     8
340
11
1001
ACAD_DSTYLE_DIMBREAK
1070
   391
1040
3.75
1001
AcadAnnotative
1000
AnnotativeData
1002
{
1070
     1
1070
     1
1002
}
1001
ACAD_DSTYLE_DIMJAG
1070
   388
1040
1.5
1001
ACAD_DSTYLE_DIMTALN
1070
   392
1070
     0
  0
DIMSTYLE
105
3A6
330
A
100
AcDbSymbolTableRecord
100
AcDbDimStyleTableRecord
  2
DIMSTYLE_1
 70
     0
 41
7.0
 47
0.01
 48
0.01
 73
     0
 77
     1
 78
     8
140
9.5
147
1.0
271
     2
272
     2
284
     8
340
11
341
24F
342
24F
1001
ACAD_DSTYLE_DIMJAG
1070
   388
1040
1.5
1001
ACAD_DSTYLE_DIMTALN
1070
   392
1070
     0
  0
DIMSTYLE
105
3A7
330
A
100
AcDbSymbolTableRecord
100
AcDbDimStyleTableRecord
  2
9.8
 70
     0
 40
5.2
 41
9.0
 42
0.625
 43
3.75
 44
1.6
 73
     0
 74
     0
 77
     1
 78
     8
 79
     1
140
10.0
141
0.0
143
0.0394
147
0.625
172
     1
176
     1
177
     1
271
     1
178
     3
179
     1
271
     1
272
     1
273
     8
277
     6
284
     8
340
3A3
371
    13
372
    13
1001
ACAD_DSTYLE_DIMBREAK
1070
   391
1040
3.75
1001
ACAD_DSTYLE_DIMJAG
1070
   388
1040
1.5
1001
ACAD_DSTYLE_DIMTALN
1070
   392
1070
     0
  0
DIMSTYLE
105
3A8
102
{ACAD_REACTORS
330
8B8
102
}
330
A
100
AcDbSymbolTableRecord
100
AcDbDimStyleTableRecord
  2
in+mm
 70
     0
  3
"
  4
mm
 41
4.2
 47
0.01
 48
0.01
 73
     0
 77
     1
 78
     8
140
3.5
144
0.03937007874
146
5.0
147
3.0
170
     1
176
     1
177
     1
178
     3
276
     2
277
     5
284
     8
340
11
371
     0
372
     0
1001
ACAD_DSTYLE_DIMBREAK
1070
   391
1040
3.75
1001
ACAD_DSTYLE_DIMJAG
1070
   388
1040
1.5
1001
ACAD_DSTYLE_DIMTALN
1070
   392
1070
     0
  0
DIMSTYLE
105
3A9
102
{ACAD_REACTORS
330
353
330
354
330
355
330
356
330
8BB
330
8BC
330
8BD
330
8BE
330
8BF
330
8C0
330
8F3
330
8F4
330
8F5
330
8F6
330
8F7
330
8F8
102
}
330
A
100
AcDbSymbolTableRecord
100
AcDbDimStyleTableRecord
  2
mm+in
 70
     0
  3
mm
  4
"
 40
3.0
 41
4.2
 42
0.625
 43
3.75
 44
1.25
 73
     0
 74
     0
 77
     1
 78
     8
140
5.0
141
0.0
143
0.03937007874016
147
2.0
170
     1
171
     4
176
     1
177
     1
271
     2
178
     3
271
     2
272
     2
273
     7
274
     4
278
    44
283
     0
284
     8
340
3A3
371
    -1
1001
ACAD_DSTYLE_DIMBREAK
1070
   391
1040
3.75
1001
ACAD_DSTYLE_DIMJAG
1070
   388
1040
1.5
1001
ACAD_DSTYLE_DIMTALN
1070
   392
1070
     0
1001
ACAD_DSTYLE_DIMARC_LENGTH_SYMBOL
1070
   379
1070
     1
  0
DIMSTYLE
105
3AA
330
A
100
AcDbSymbolTableRecord
100
AcDbDimStyleTableRecord
  2
5-1
 70
     0
 40
5.0
 41
1.8
 42
0.625
 43
3.75
 44
1.6
 73
     0
 74
     0
 77
     1
 78
     8
 79
     1
140
2.5
141
0.0
143
0.0394
147
0.625
172
     1
176
     1
177
     1
271
     1
178
     3
179
     1
271
     1
272
     1
273
     8
277
     6
284
     8
340
3A3
371
    13
372
    13
1001
ACAD_DSTYLE_DIMBREAK
1070
   391
1040
3.75
1001
ACAD_DSTYLE_DIMJAG
1070
   388
1040
1.5
1001
ACAD_DSTYLE_DIMTALN
1070
   392
1070
     0
  0
DIMSTYLE
105
3AB
330
A
100
AcDbSymbolTableRecord
100
AcDbDimStyleTableRecord
  2
mm+in(ø™ø◊÷Ω≥ﬂ¥Á)
 70
     0
  3
mm
  4
"
 40
3.0
 41
2.0
 42
0.625
 43
3.75
 44
1.25
 73
     0
 74
     0
 77
     1
 78
     8
140
3.799999999999998
141
0.0
143
0.03937007874016
147
2.0
170
     1
171
     4
172
     1
176
   256
177
   256
271
     2
178
     3
271
     2
272
     2
273
     7
274
     4
278
    44
283
     0
284
     8
289
     1
340
3A3
371
    -1
1001
ACAD_DSTYLE_DIMBREAK
1070
   391
1040
3.75
1001
ACAD_DSTYLE_DIMJAG
1070
   388
1040
1.5
1001
ACAD_DSTYLE_DIMTALN
1070
   392
1070
     0
1001
AcadStringInfo
1000
MIFCodePage
1070
     5
  0
DIMSTYLE
105
3AC
330
A
100
AcDbSymbolTableRecord
100
AcDbDimStyleTableRecord
  2
8
 70
     0
 40
8.0
 41
1.6
 42
0.625
 43
3.75
 44
1.6
 73
     0
 74
     0
 77
     1
 78
     8
 79
     1
140
2.299999999999998
141
0.0
143
0.0394
147
0.625
176
     1
177
     1
271
     1
178
     3
179
     1
271
     1
272
     1
273
     8
277
     6
284
     8
340
3A3
371
    13
372
    13
1001
ACAD_DSTYLE_DIMBREAK
1070
   391
1040
3.75
1001
ACAD_DSTYLE_DIMJAG
1070
   388
1040
1.5
1001
ACAD_DSTYLE_DIMTALN
1070
   392
1070
     0
  0
ENDTAB
  0
TABLE
  2
BLOCK_RECORD
  5
1
330
0
100
AcDbSymbolTable
 70
    35
  0
BLOCK_RECORD
  5
1F
330
1
100
AcDbSymbolTableRecord
100
AcDbBlockTableRecord
  2
*MODEL_SPACE
340
22
  0
BLOCK_RECORD
  5
1DF
330
1
100
AcDbSymbolTableRecord
100
AcDbBlockTableRecord
  2
*PAPER_SPACE
340
1E0
  0
BLOCK_RECORD
  5
1E3
330
1
100
AcDbSymbolTableRecord
100
AcDbBlockTableRecord
  2
*PAPER_SPACE0
340
1E4
  0
BLOCK_RECORD
  5
24F
330
1
100
AcDbSymbolTableRecord
100
AcDbBlockTableRecord
  2
_FILLED
340
0
  0
BLOCK_RECORD
  5
253
102
{ACAD_XDICTIONARY
360
BAB
102
}
330
1
100
AcDbSymbolTableRecord
100
AcDbBlockTableRecord
  2
df
340
0
310
2800000020000000200000000100080000000000000400000000000000000000000000000000000000000000000080000080000000808000800000008000800080800000C0C0C000C0DCC000F0CAA6000020400000206000002080000020A0000020C0000020E00000400000004020000040400000406000004080000040A0
310
000040C0000040E00000600000006020000060400000606000006080000060A0000060C0000060E00000800000008020000080400000806000008080000080A0000080C0000080E00000A0000000A0200000A0400000A0600000A0800000A0A00000A0C00000A0E00000C0000000C0200000C0400000C0600000C0800000C0
310
A00000C0C00000C0E00000E0000000E0200000E0400000E0600000E0800000E0A00000E0C00000E0E00040000000400020004000400040006000400080004000A0004000C0004000E00040200000402020004020400040206000402080004020A0004020C0004020E000404000004040200040404000404060004040800040
310
40A0004040C0004040E00040600000406020004060400040606000406080004060A0004060C0004060E00040800000408020004080400040806000408080004080A0004080C0004080E00040A0000040A0200040A0400040A0600040A0800040A0A00040A0C00040A0E00040C0000040C0200040C0400040C0600040C08000
310
40C0A00040C0C00040C0E00040E0000040E0200040E0400040E0600040E0800040E0A00040E0C00040E0E00080000000800020008000400080006000800080008000A0008000C0008000E00080200000802020008020400080206000802080008020A0008020C0008020E00080400000804020008040400080406000804080
310
008040A0008040C0008040E00080600000806020008060400080606000806080008060A0008060C0008060E00080800000808020008080400080806000808080008080A0008080C0008080E00080A0000080A0200080A0400080A0600080A0800080A0A00080A0C00080A0E00080C0000080C0200080C0400080C0600080C0
310
800080C0A00080C0C00080C0E00080E0000080E0200080E0400080E0600080E0800080E0A00080E0C00080E0E000C0000000C0002000C0004000C0006000C0008000C000A000C000C000C000E000C0200000C0202000C0204000C0206000C0208000C020A000C020C000C020E000C0400000C0402000C0404000C0406000C0
310
408000C040A000C040C000C040E000C0600000C0602000C0604000C0606000C0608000C060A000C060C000C060E000C0800000C0802000C0804000C0806000C0808000C080A000C080C000C080E000C0A00000C0A02000C0A04000C0A06000C0A08000C0A0A000C0A0C000C0A0E000C0C00000C0C02000C0C04000C0C06000
310
C0C08000C0C0A000F0FBFF00A4A0A000808080000000FF0000FF000000FFFF00FF000000FF00FF00FFFF0000FFFFFF0000000000000000000000000000000000000000000000000000000000000000000000000000000000000000000000000000000000000000000000000000000000000000000000000000000000000000
310
00000000000000000000000000000000000000000000000000000000000000000000000000000000000000000000000000000000000000000000000000000000000000000000000000000000000000000000000000000000FFFFFFFFFFFF0000000000000000000000000000000000000000000000000000FFFFFFFFFFFF00
310
00000000000000000000000000000000000000000000000000FFFF000000000000000000000000000000000000000000000000000000000000FFFFFFFFFFFFFF00000000000000000000000000000000000000000000000000FFFFFFFFFF00FF00000000000000000000000000000000000000000000000000000000000000
310
00FF000000000000000000000000000000000000FFFFFFFFFFFF00000000000000FF0000000000000000FFFF0000000000000000FFFFFFFFFFFFFFFF00FF000000FF0000000000000000FFFF0000000000000000FFFFFFFFFFFFFFFF0000FF0000FF0000000000000000FFFF0000000000000000FFFFFFFFFFFFFF00000000
310
FF0000FF00000000000000FFFF00000000000000000000000000000000000000FF0000FFFFFF00FFFFFF00FFFF0000000000000000000000000000000000FFFFFFFFFFFFFFFFFFFFFFFFFFFFFF00000000000000000000000000FFFFFFFFFFFFFFFFFFFFFFFFFFFFFFFFFFFFFF00000000000000000000000000FFFFFFFFFF
310
FFFFFFFFFFFFFFFFFFFFFFFF00FF00000000000000000000000000FFFFFFFFFFFFFFFFFFFFFFFFFFFFFFFFFF0000FF00FFFFFFFFFF00000000000000FFFFFFFFFFFFFFFFFFFFFFFFFFFFFFFF0000FF00FFFFFFFFFF000000000000FFFFFFFFFFFFFFFFFFFFFFFFFFFFFFFFFF000000FFFFFFFFFF0000FFFFFFFFFFFF000000
310
0000FF0000000000000000000000000000FFFFFFFF0000FFFFFFFFFFFF000000FFFF000000000000000000000000000000FFFFFFFF0000FFFFFFFFFFFFFFFF000000000000000000000000000000000000000000000000FFFFFFFFFFFFFFFF00000000000000000000000000000000000000000000000000FFFFFFFFFFFFFF
310
00000000000000000000000000000000000000000000000000000000000000000000000000000000000000000000000000000000000000000000000000000000000000000000000000000000000000000000000000000000000000000000000000000000000000000000000000000000000000000000000000000000000000
310
0000000000000000000000000000000000000000000000000000000000000000000000000000000000000000000000000000000000000000
102
{BLKREFS
331
3B9
331
662
102
}
1001
ACAD
1000
DesignCenter Data
1002
{
1070
     1
1070
     1
1002
}
1001
AcDbDynamicBlockGUID
1000
{8C77B40E-D8E4-4A49-A7EC-D7C10D27B25F}
  0
BLOCK_RECORD
  5
2C5
330
1
100
AcDbSymbolTableRecord
100
AcDbBlockTableRecord
  2
*D3
340
0
  0
BLOCK_RECORD
  5
2D2
330
1
100
AcDbSymbolTableRecord
100
AcDbBlockTableRecord
  2
*D4
340
0
  0
BLOCK_RECORD
  5
2DE
330
1
100
AcDbSymbolTableRecord
100
AcDbBlockTableRecord
  2
*D5
340
0
  0
BLOCK_RECORD
  5
2EA
330
1
100
AcDbSymbolTableRecord
100
AcDbBlockTableRecord
  2
*D6
340
0
  0
BLOCK_RECORD
  5
2F6
330
1
100
AcDbSymbolTableRecord
100
AcDbBlockTableRecord
  2
*D7
340
0
  0
BLOCK_RECORD
  5
302
330
1
100
AcDbSymbolTableRecord
100
AcDbBlockTableRecord
  2
*D8
340
0
  0
BLOCK_RECORD
  5
30E
330
1
100
AcDbSymbolTableRecord
100
AcDbBlockTableRecord
  2
*D9
340
0
  0
BLOCK_RECORD
  5
31A
330
1
100
AcDbSymbolTableRecord
100
AcDbBlockTableRecord
  2
*D10
340
0
  0
BLOCK_RECORD
  5
326
330
1
100
AcDbSymbolTableRecord
100
AcDbBlockTableRecord
  2
*D11
340
0
  0
BLOCK_RECORD
  5
332
330
1
100
AcDbSymbolTableRecord
100
AcDbBlockTableRecord
  2
*D12
340
0
  0
BLOCK_RECORD
  5
33E
330
1
100
AcDbSymbolTableRecord
100
AcDbBlockTableRecord
  2
*D13
340
0
  0
BLOCK_RECORD
  5
34A
102
{ACAD_XDICTIONARY
360
34B
102
}
330
1
100
AcDbSymbolTableRecord
100
AcDbBlockTableRecord
  2
A$C456f260f
340
0
102
{BLKREFS
331
618
331
8C1
102
}
  0
BLOCK_RECORD
  5
358
330
1
100
AcDbSymbolTableRecord
100
AcDbBlockTableRecord
  2
*D15
340
0
  0
BLOCK_RECORD
  5
360
330
1
100
AcDbSymbolTableRecord
100
AcDbBlockTableRecord
  2
*D16
340
0
  0
BLOCK_RECORD
  5
368
330
1
100
AcDbSymbolTableRecord
100
AcDbBlockTableRecord
  2
*D17
340
0
  0
BLOCK_RECORD
  5
370
330
1
100
AcDbSymbolTableRecord
100
AcDbBlockTableRecord
  2
*D18
340
0
  0
BLOCK_RECORD
  5
37D
330
1
100
AcDbSymbolTableRecord
100
AcDbBlockTableRecord
  2
*D19
340
0
  0
BLOCK_RECORD
  5
38A
330
1
100
AcDbSymbolTableRecord
100
AcDbBlockTableRecord
  2
*D20
340
0
  0
BLOCK_RECORD
  5
8FE
330
1
100
AcDbSymbolTableRecord
100
AcDbBlockTableRecord
  2
*D21
340
0
  0
BLOCK_RECORD
  5
90C
330
1
100
AcDbSymbolTableRecord
100
AcDbBlockTableRecord
  2
*D22
340
0
  0
BLOCK_RECORD
  5
918
330
1
100
AcDbSymbolTableRecord
100
AcDbBlockTableRecord
  2
*D23
340
0
  0
BLOCK_RECORD
  5
924
330
1
100
AcDbSymbolTableRecord
100
AcDbBlockTableRecord
  2
*D24
340
0
  0
BLOCK_RECORD
  5
930
330
1
100
AcDbSymbolTableRecord
100
AcDbBlockTableRecord
  2
*D25
340
0
  0
BLOCK_RECORD
  5
93C
330
1
100
AcDbSymbolTableRecord
100
AcDbBlockTableRecord
  2
*D26
340
0
  0
BLOCK_RECORD
  5
948
330
1
100
AcDbSymbolTableRecord
100
AcDbBlockTableRecord
  2
*D27
340
0
  0
BLOCK_RECORD
  5
954
330
1
100
AcDbSymbolTableRecord
100
AcDbBlockTableRecord
  2
*D28
340
0
  0
BLOCK_RECORD
  5
95C
330
1
100
AcDbSymbolTableRecord
100
AcDbBlockTableRecord
  2
*D29
340
0
  0
BLOCK_RECORD
  5
964
330
1
100
AcDbSymbolTableRecord
100
AcDbBlockTableRecord
  2
*D30
340
0
  0
BLOCK_RECORD
  5
96C
330
1
100
AcDbSymbolTableRecord
100
AcDbBlockTableRecord
  2
*D31
340
0
  0
BLOCK_RECORD
  5
979
330
1
100
AcDbSymbolTableRecord
100
AcDbBlockTableRecord
  2
*D32
340
0
  0
BLOCK_RECORD
  5
986
330
1
100
AcDbSymbolTableRecord
100
AcDbBlockTableRecord
  2
*D33
340
0
  0
ENDTAB
  0
ENDSEC
  0
SECTION
  2
BLOCKS
  0
BLOCK
  5
20
330
1F
100
AcDbEntity
  8
0
100
AcDbBlockBegin
  2
*MODEL_SPACE
 70
     0
 10
0.0
 20
0.0
 30
0.0
  3
*MODEL_SPACE
  1

  0
ENDBLK
  5
21
330
1F
100
AcDbEntity
  8
0
100
AcDbBlockEnd
  0
BLOCK
  5
1E1
330
1DF
100
AcDbEntity
 67
     1
  8
0
100
AcDbBlockBegin
  2
*PAPER_SPACE
 70
     0
 10
0.0
 20
0.0
 30
0.0
  3
*PAPER_SPACE
  1

  0
ENDBLK
  5
1E2
330
1DF
100
AcDbEntity
 67
     1
  8
0
100
AcDbBlockEnd
  0
BLOCK
  5
1E5
330
1E3
100
AcDbEntity
  8
0
100
AcDbBlockBegin
  2
*PAPER_SPACE0
 70
     0
 10
0.0
 20
0.0
 30
0.0
  3
*PAPER_SPACE0
  1

  0
ENDBLK
  5
1E6
330
1E3
100
AcDbEntity
  8
0
100
AcDbBlockEnd
  0
BLOCK
  5
250
330
24F
100
AcDbEntity
  8
0
100
AcDbBlockBegin
  2
_FILLED
 70
     0
 10
0.0
 20
0.0
 30
0.0
  3
_FILLED
  1

  0
SOLID
  5
251
330
24F
100
AcDbEntity
  8
0
  6
ByBlock
 62
     0
100
AcDbTrace
 10
0.0
 20
0.0
 30
0.0
 11
-1.0
 21
0.2142857143
 31
0.0
 12
-1.0
 22
-0.2142857143
 32
0.0
 13
-1.0
 23
-0.2142857143
 33
0.0
  0
ENDBLK
  5
252
330
24F
100
AcDbEntity
  8
0
  6
ByBlock
 62
     0
100
AcDbBlockEnd
  0
BLOCK
  5
254
330
253
100
AcDbEntity
  8
0
100
AcDbBlockBegin
  2
df
 70
     0
 10
0.0
 20
0.0
 30
0.0
  3
df
  1

  0
LINE
  5
B3B
330
253
100
AcDbEntity
  8
CONT
370
    25
100
AcDbLine
 10
-1506.537564828808
 20
363.3726688055749
 30
0.0
 11
-1512.885905597073
 21
376.7140590429928
 31
0.0
  0
LINE
  5
B3C
330
253
100
AcDbEntity
  8
CONT
370
    25
100
AcDbLine
 10
-1512.885905597073
 20
376.7140590429928
 30
0.0
 11
-1520.335405498488
 21
376.7140590429928
 31
0.0
  0
MTEXT
  5
B3D
330
253
100
AcDbEntity
  8
CONT
100
AcDbMText
 10
-1565.242485127903
 20
381.0680169397151
 30
0.0
 40
5.197500000000001
 41
14.86428794324001
 71
     1
 72
     5
  1
{\fTahoma|b0|i0|c0|p34;COUNTERTOP\P }
 73
     1
 44
1.0
1001
ACAD
1000
MTEXTBEGIN
1070
    73
1070
     1
1070
    44
1040
1.0
1070
    74
1070
     0
1000
MTEXTEND
  0
HATCH
  5
B3E
330
253
100
AcDbEntity
  8
CONT
370
    25
100
AcDbHatch
 10
0.0
 20
0.0
 30
0.0
210
0.0
220
0.0
230
1.0
  2
ANSI31
 70
     0
 71
     0
 91
        1
 92
        5
 93
        9
 72
     2
 10
-1442.773441481348
 20
359.3310928055748
 40
4.041576
 50
0.0
 51
90.0
 73
     1
 72
     1
 10
-1442.773441481348
 20
363.3726688055749
 11
-1542.440001210061
 21
363.3726688055749
 72
     4
 94
        3
 73
     0
 74
     0
 95
       10
 96
        6
 40
0.0
 40
0.0
 40
0.0
 40
0.0
 40
4.788302325801334
 40
31.21107527172549
 40
37.13587413347397
 40
37.13587413347397
 40
37.13587413347397
 40
37.13587413347397
 10
-1542.440001210061
 20
363.3726688055749
 10
-1541.657600448337
 20
362.3106809161964
 10
-1536.557761840566
 20
355.3884396503415
 10
-1543.622359076717
 20
343.4442023501933
 10
-1538.92288691224
 20
335.894011361501
 10
-1538.062129032285
 20
334.5111142698195
 72
     1
 10
-1538.062129032285
 20
334.5111142698195
 11
-1484.465155926939
 21
334.5111142698195
 72
     1
 10
-1484.465155926939
 20
334.5111142698195
 11
-1484.465155926939
 21
346.0804006482017
 72
     1
 10
-1484.465155926939
 20
346.0804006482017
 11
-1475.596951040834
 21
346.0804006482017
 72
     1
 10
-1475.596951040836
 20
346.0804006482017
 11
-1475.596951040836
 21
334.5111142698195
 72
     1
 10
-1475.596951040836
 20
334.5111142698195
 11
-1438.731865481346
 21
334.5111142698195
 72
     1
 10
-1438.731865481346
 20
334.5111142698195
 11
-1438.731865481346
 21
359.3310928055748
 97
        0
 75
     0
 76
     1
 52
0.0
 41
0.8083152000000003
 77
     0
 78
     1
 53
44.99999999999999
 43
-1992.10230992608
 44
310.9052611490463
 45
-1.814719380638308
 46
1.81471938063831
 79
     0
 47
0.122909712210988
 98
        1
 10
-1507.5789853649
 20
358.972821306229
1001
ACAD
1010
0.0
1020
0.0
1030
0.0
  0
LINE
  5
B3F
330
253
100
AcDbEntity
  8
CONT
370
    25
100
AcDbLine
 10
-1542.440001210061
 20
363.3726688055749
 30
0.0
 11
-1442.773441481348
 21
363.3726688055749
 31
0.0
  0
ARC
  5
B40
330
253
100
AcDbEntity
  8
CONT
370
    25
100
AcDbCircle
 10
-1442.773441481348
 20
359.3310928055748
 30
0.0
 40
4.041576
100
AcDbArc
 50
0.0
 51
90.0
  0
LINE
  5
B41
330
253
100
AcDbEntity
  8
CONT
370
    25
100
AcDbLine
 10
-1438.731865481346
 20
334.5111142698195
 30
0.0
 11
-1475.596951040836
 21
334.5111142698195
 31
0.0
  0
LINE
  5
B42
330
253
100
AcDbEntity
  8
CONT
370
    25
100
AcDbLine
 10
-1484.430002879761
 20
334.5111142698195
 30
0.0
 11
-1538.062129032285
 21
334.5111142698195
 31
0.0
  0
LINE
  5
B43
330
253
100
AcDbEntity
  8
CONT
370
    25
100
AcDbLine
 10
-1438.731865481346
 20
334.5111142698195
 30
0.0
 11
-1438.731865481346
 21
359.3310928055748
 31
0.0
  0
SPLINE
  5
B44
330
253
100
AcDbEntity
  8
CONT
370
    25
100
AcDbSpline
210
0.0
220
0.0
230
1.0
 70
  1064
 71
     3
 72
    10
 73
     6
 74
     4
 42
0.000000001
 43
0.0000000001
 44
0.0000000001
 40
0.0
 40
0.0
 40
0.0
 40
0.0
 40
3.870457552140853
 40
25.22838655048002
 40
30.01749152737346
 40
30.01749152737346
 40
30.01749152737346
 40
30.01749152737346
 10
-1542.440001210061
 20
363.3726688055749
 30
0.0
 10
-1541.657600448337
 20
362.3106809161964
 30
0.0
 10
-1536.557761840564
 20
355.3884396503419
 30
0.0
 10
-1543.622359076712
 20
343.4442023501942
 30
0.0
 10
-1538.922886912241
 20
335.8940113615011
 30
0.0
 10
-1538.062129032285
 20
334.5111142698195
 30
0.0
 11
-1542.440001210061
 21
363.3726688055749
 31
0.0
 11
-1540.352581142439
 21
360.1133561289184
 31
0.0
 11
-1540.280303203211
 21
338.7555494297838
 31
0.0
 11
-1538.062129032285
 21
334.5111142698195
 31
0.0
  0
LINE
  5
B45
330
253
100
AcDbEntity
  8
CONT
370
    25
100
AcDbLine
 10
-1475.596951040836
 20
333.6604572526835
 30
0.0
 11
-1475.596951040836
 21
346.0804006482017
 31
0.0
  0
LINE
  5
B46
330
253
100
AcDbEntity
  8
CONT
370
    25
100
AcDbLine
 10
-1484.465155926939
 20
346.0804006482017
 30
0.0
 11
-1475.596951040836
 21
346.0804006482017
 31
0.0
  0
LINE
  5
B47
330
253
100
AcDbEntity
  8
CONT
370
    25
100
AcDbLine
 10
-1478.653854419386
 20
345.1970479990987
 30
0.0
 11
-1478.076293879423
 21
345.1970479990987
 31
0.0
  0
SPLINE
  5
B48
330
253
100
AcDbEntity
  8
CONT
370
    25
100
AcDbSpline
210
0.0
220
0.0
230
1.0
 70
     8
 71
     3
 72
     9
 73
     5
 74
     0
 42
0.000000001
 43
0.0000000001
 40
0.3047320513593001
 40
0.3047320513593001
 40
0.3047320513593001
 40
0.3047320513593001
 40
3.312564643708205
 40
5.150382399370386
 40
5.150382399370386
 40
5.150382399370386
 40
5.150382399370386
 10
-1478.076293879423
 20
345.1970479990987
 30
0.0
 10
-1478.064447827271
 20
344.3850749498629
 30
0.0
 10
-1478.055629802022
 20
343.0776614831941
 30
0.0
 10
-1478.226595241984
 20
341.7822223615053
 30
0.0
 10
-1478.293639963622
 20
341.2910457287669
 30
0.0
  0
LINE
  5
B49
330
253
100
AcDbEntity
  8
CONT
370
    25
100
AcDbLine
 10
-1478.261776399113
 20
341.5309147975402
 30
0.0
 11
-1477.08820677197
 21
341.527647914138
 31
0.0
  0
LINE
  5
B4A
330
253
100
AcDbEntity
  8
CONT
370
    25
100
AcDbLine
 10
-1477.08820677197
 20
341.527647914138
 30
0.0
 11
-1477.08820677197
 21
333.6604572526835
 31
0.0
  0
LINE
  5
B4B
330
253
100
AcDbEntity
  8
CONT
370
    25
100
AcDbLine
 10
-1478.293639963622
 20
341.2910457287671
 30
0.0
 11
-1477.619434510261
 21
340.6405296765878
 31
0.0
  0
LINE
  5
B4C
330
253
100
AcDbEntity
  8
CONT
370
    25
100
AcDbLine
 10
-1478.293639963622
 20
339.9900136244087
 30
0.0
 11
-1477.619434510261
 21
340.6405296765878
 31
0.0
  0
LINE
  5
B4D
330
253
100
AcDbEntity
  8
CONT
370
    25
100
AcDbLine
 10
-1478.293639963622
 20
339.9900136244087
 30
0.0
 11
-1477.619434510261
 21
339.3394975722295
 31
0.0
  0
LINE
  5
B4E
330
253
100
AcDbEntity
  8
CONT
370
    25
100
AcDbLine
 10
-1478.293639963622
 20
338.68898152005
 30
0.0
 11
-1477.619434510261
 21
339.3394975722295
 31
0.0
  0
LINE
  5
B4F
330
253
100
AcDbEntity
  8
CONT
370
    25
100
AcDbLine
 10
-1478.293639963622
 20
338.68898152005
 30
0.0
 11
-1477.619434510261
 21
338.0384654678707
 31
0.0
  0
LINE
  5
B50
330
253
100
AcDbEntity
  8
CONT
370
    25
100
AcDbLine
 10
-1478.293639963622
 20
337.3879494156915
 30
0.0
 11
-1477.619434510261
 21
338.0384654678707
 31
0.0
  0
LINE
  5
B51
330
253
100
AcDbEntity
  8
CONT
370
    25
100
AcDbLine
 10
-1478.293639963622
 20
337.3879494156915
 30
0.0
 11
-1477.619434510261
 21
336.7374333635123
 31
0.0
  0
LINE
  5
B52
330
253
100
AcDbEntity
  8
CONT
370
    25
100
AcDbLine
 10
-1478.293639963622
 20
336.0869173113329
 30
0.0
 11
-1477.619434510261
 21
336.7374333635123
 31
0.0
  0
LINE
  5
B53
330
253
100
AcDbEntity
  8
CONT
370
    25
100
AcDbLine
 10
-1478.279303756355
 20
336.100749790598
 30
0.0
 11
-1477.605098302996
 21
335.4502337384188
 31
0.0
  0
LINE
  5
B54
330
253
100
AcDbEntity
  8
CONT
370
    25
100
AcDbLine
 10
-1478.771652537807
 20
333.6604572526835
 30
0.0
 11
-1477.605098302996
 21
335.4502337384188
 31
0.0
  0
LINE
  5
B55
330
253
100
AcDbEntity
  8
CONT
370
    25
100
AcDbLine
 10
-1477.08820677197
 20
340.5945305829021
 30
0.0
 11
-1475.596951040836
 21
340.5945305829021
 31
0.0
  0
LINE
  5
B56
330
253
100
AcDbEntity
  8
CONT
370
    25
100
AcDbLine
 10
-1477.08820677197
 20
338.8671034800609
 30
0.0
 11
-1475.596951040836
 21
338.8671034800609
 31
0.0
  0
LINE
  5
B57
330
253
100
AcDbEntity
  8
CONT
370
    25
100
AcDbLine
 10
-1477.08820677197
 20
336.8485351304105
 30
0.0
 11
-1475.596951040836
 21
336.8485351304105
 31
0.0
  0
LINE
  5
B58
330
253
100
AcDbEntity
  8
CONT
370
    25
100
AcDbLine
 10
-1477.08820677197
 20
335.4510650380498
 30
0.0
 11
-1475.596951040836
 21
335.4510650380498
 31
0.0
  0
LINE
  5
B59
330
253
100
AcDbEntity
  8
CONT
370
    25
100
AcDbLine
 10
-1477.868891112319
 20
346.0804006482017
 30
0.0
 11
-1475.596951040836
 21
342.7384698109704
 31
0.0
  0
LINE
  5
B5A
330
253
100
AcDbEntity
  8
CONT
370
    25
100
AcDbLine
 10
-1475.596951040836
 20
341.1313322454291
 30
0.0
 11
-1478.074446058805
 21
343.7825154943264
 31
0.0
  0
LINE
  5
B5B
330
253
100
AcDbEntity
  8
CONT
370
    25
100
AcDbLine
 10
-1484.465155926939
 20
333.6604572526835
 30
0.0
 11
-1475.596951040836
 21
333.6604572526835
 31
0.0
  0
LINE
  5
B5C
330
253
100
AcDbEntity
  8
CONT
370
    25
100
AcDbLine
 10
-1480.031053483888
 20
348.0443438568729
 30
0.0
 11
-1480.031053483888
 21
322.1528142174132
 31
0.0
  0
LINE
  5
B5D
330
253
100
AcDbEntity
  8
CONT
370
    25
100
AcDbLine
 10
-1481.408252548388
 20
346.0804006482017
 30
0.0
 11
-1481.408252548388
 21
345.1970479990992
 31
0.0
  0
LINE
  5
B5E
330
253
100
AcDbEntity
  8
CONT
370
    25
100
AcDbLine
 10
-1481.408252548388
 20
345.1970479990992
 30
0.0
 11
-1481.985813088351
 21
345.1970479990992
 31
0.0
  0
SPLINE
  5
B5F
330
253
100
AcDbEntity
  8
CONT
370
    25
100
AcDbSpline
210
0.0
220
0.0
230
1.0
 70
     8
 71
     3
 72
     9
 73
     5
 74
     0
 42
0.000000001
 43
0.0000000001
 40
0.3047320513589016
 40
0.3047320513589016
 40
0.3047320513589016
 40
0.3047320513589016
 40
3.312564643708205
 40
5.150382399370386
 40
5.150382399370386
 40
5.150382399370386
 40
5.150382399370386
 10
-1481.985813088351
 20
345.1970479990992
 30
0.0
 10
-1481.997659140503
 20
344.3850749498631
 30
0.0
 10
-1482.006477165754
 20
343.0776614831943
 30
0.0
 10
-1481.835511725791
 20
341.7822223615053
 30
0.0
 10
-1481.768467004154
 20
341.2910457287669
 30
0.0
  0
LINE
  5
B60
330
253
100
AcDbEntity
  8
CONT
370
    25
100
AcDbLine
 10
-1481.800330568663
 20
341.5309147975402
 30
0.0
 11
-1482.973900195804
 21
341.527647914138
 31
0.0
  0
LINE
  5
B61
330
253
100
AcDbEntity
  8
CONT
370
    25
100
AcDbLine
 10
-1482.973900195804
 20
341.527647914138
 30
0.0
 11
-1482.973900195804
 21
333.6604572526835
 31
0.0
  0
LINE
  5
B62
330
253
100
AcDbEntity
  8
CONT
370
    25
100
AcDbLine
 10
-1481.768467004154
 20
341.2910457287671
 30
0.0
 11
-1482.442672457513
 21
340.6405296765878
 31
0.0
  0
LINE
  5
B63
330
253
100
AcDbEntity
  8
CONT
370
    25
100
AcDbLine
 10
-1481.768467004154
 20
339.9900136244087
 30
0.0
 11
-1482.442672457513
 21
340.6405296765878
 31
0.0
  0
LINE
  5
B64
330
253
100
AcDbEntity
  8
CONT
370
    25
100
AcDbLine
 10
-1481.768467004154
 20
339.9900136244087
 30
0.0
 11
-1482.442672457513
 21
339.3394975722295
 31
0.0
  0
LINE
  5
B65
330
253
100
AcDbEntity
  8
CONT
370
    25
100
AcDbLine
 10
-1481.768467004154
 20
338.68898152005
 30
0.0
 11
-1482.442672457513
 21
339.3394975722295
 31
0.0
  0
LINE
  5
B66
330
253
100
AcDbEntity
  8
CONT
370
    25
100
AcDbLine
 10
-1481.768467004154
 20
338.68898152005
 30
0.0
 11
-1482.442672457513
 21
338.0384654678707
 31
0.0
  0
LINE
  5
B67
330
253
100
AcDbEntity
  8
CONT
370
    25
100
AcDbLine
 10
-1481.768467004154
 20
337.3879494156915
 30
0.0
 11
-1482.442672457513
 21
338.0384654678707
 31
0.0
  0
LINE
  5
B68
330
253
100
AcDbEntity
  8
CONT
370
    25
100
AcDbLine
 10
-1481.768467004154
 20
337.3879494156915
 30
0.0
 11
-1482.442672457513
 21
336.7374333635123
 31
0.0
  0
LINE
  5
B69
330
253
100
AcDbEntity
  8
CONT
370
    25
100
AcDbLine
 10
-1481.768467004154
 20
336.0869173113329
 30
0.0
 11
-1482.442672457513
 21
336.7374333635123
 31
0.0
  0
LINE
  5
B6A
330
253
100
AcDbEntity
  8
CONT
370
    25
100
AcDbLine
 10
-1481.782803211421
 20
336.100749790598
 30
0.0
 11
-1482.457008664778
 21
335.4502337384188
 31
0.0
  0
LINE
  5
B6B
330
253
100
AcDbEntity
  8
CONT
370
    25
100
AcDbLine
 10
-1481.290454429967
 20
333.6604572526835
 30
0.0
 11
-1482.457008664778
 21
335.4502337384188
 31
0.0
  0
LINE
  5
B6C
330
253
100
AcDbEntity
  8
CONT
370
    25
100
AcDbLine
 10
-1482.973900195804
 20
340.5945305829021
 30
0.0
 11
-1484.465155926939
 21
340.5945305829021
 31
0.0
  0
LINE
  5
B6D
330
253
100
AcDbEntity
  8
CONT
370
    25
100
AcDbLine
 10
-1482.973900195804
 20
338.8671034800609
 30
0.0
 11
-1484.465155926939
 21
338.8671034800609
 31
0.0
  0
LINE
  5
B6E
330
253
100
AcDbEntity
  8
CONT
370
    25
100
AcDbLine
 10
-1482.973900195804
 20
336.8485351304105
 30
0.0
 11
-1484.465155926939
 21
336.8485351304105
 31
0.0
  0
LINE
  5
B6F
330
253
100
AcDbEntity
  8
CONT
370
    25
100
AcDbLine
 10
-1482.973900195804
 20
335.4510650380498
 30
0.0
 11
-1484.465155926939
 21
335.4510650380498
 31
0.0
  0
LINE
  5
B70
330
253
100
AcDbEntity
  8
CONT
370
    25
100
AcDbLine
 10
-1482.193215855455
 20
346.0804006482017
 30
0.0
 11
-1484.465155926939
 21
342.7384698109704
 31
0.0
  0
LINE
  5
B71
330
253
100
AcDbEntity
  8
CONT
370
    25
100
AcDbLine
 10
-1484.465155926939
 20
341.1313322454291
 30
0.0
 11
-1481.993070474746
 21
344.2590663224954
 31
0.0
  0
LINE
  5
B72
330
253
100
AcDbEntity
  8
CONT
370
    25
100
AcDbLine
 10
-1484.465155926939
 20
346.0804006482017
 30
0.0
 11
-1484.465155926939
 21
333.6604572526835
 31
0.0
  0
LINE
  5
B73
330
253
100
AcDbEntity
  8
CONT
370
    25
100
AcDbLine
 10
-1478.653854419386
 20
346.0804006482015
 30
0.0
 11
-1478.653854419386
 21
345.1970479990987
 31
0.0
  0
ARC
  5
B74
330
253
100
AcDbEntity
  8
CONT
370
    25
100
AcDbCircle
 10
-1480.031053483888
 20
341.3939617992901
 30
0.0
 40
3.087636858499551
100
AcDbArc
 50
50.67704045953938
 51
129.3229595404606
  0
LINE
  5
B75
330
253
100
AcDbEntity
  8
CONT
370
    25
100
AcDbLine
 10
-1478.293639963622
 20
329.9329650896752
 30
0.0
 11
-1477.619434510261
 21
330.5834811418547
 31
0.0
  0
LINE
  5
B76
330
253
100
AcDbEntity
  8
CONT
370
    25
100
AcDbLine
 10
-1478.293639963622
 20
331.2339971940339
 30
0.0
 11
-1477.619434510261
 21
330.5834811418547
 31
0.0
  0
LINE
  5
B77
330
253
100
AcDbEntity
  8
CONT
370
    25
100
AcDbLine
 10
-1478.279303756355
 20
331.220164714769
 30
0.0
 11
-1477.605098302996
 21
331.8706807669482
 31
0.0
  0
LINE
  5
B78
330
253
100
AcDbEntity
  8
CONT
370
    25
100
AcDbLine
 10
-1478.771652537807
 20
333.6604572526835
 30
0.0
 11
-1477.605098302996
 21
331.8706807669482
 31
0.0
  0
LINE
  5
B79
330
253
100
AcDbEntity
  8
CONT
370
    25
100
AcDbLine
 10
-1481.768467004154
 20
329.9329650896755
 30
0.0
 11
-1482.442672457513
 21
330.5834811418547
 31
0.0
  0
LINE
  5
B7A
330
253
100
AcDbEntity
  8
CONT
370
    25
100
AcDbLine
 10
-1481.768467004154
 20
331.2339971940339
 30
0.0
 11
-1482.442672457513
 21
330.5834811418547
 31
0.0
  0
LINE
  5
B7B
330
253
100
AcDbEntity
  8
CONT
370
    25
100
AcDbLine
 10
-1481.782803211421
 20
331.220164714769
 30
0.0
 11
-1482.457008664778
 21
331.8706807669482
 31
0.0
  0
LINE
  5
B7C
330
253
100
AcDbEntity
  8
CONT
370
    25
100
AcDbLine
 10
-1481.290454429967
 20
333.6604572526835
 30
0.0
 11
-1482.457008664778
 21
331.8706807669482
 31
0.0
  0
LINE
  5
B7D
330
253
100
AcDbEntity
  8
CONT
370
    25
100
AcDbLine
 10
-1481.768467004154
 20
329.9329650896755
 30
0.0
 11
-1482.469846765752
 21
329.4431698760427
 31
0.0
  0
LINE
  5
B7E
330
253
100
AcDbEntity
  8
CONT
370
    25
100
AcDbLine
 10
-1482.469846765752
 20
329.4431698760427
 30
0.0
 11
-1482.469846765752
 21
324.652559782742
 31
0.0
  0
LINE
  5
B7F
330
253
100
AcDbEntity
  8
CONT
370
    25
100
AcDbLine
 10
-1478.293639963622
 20
329.9329650896755
 30
0.0
 11
-1477.592260202022
 21
329.4431698760427
 31
0.0
  0
LINE
  5
B80
330
253
100
AcDbEntity
  8
CONT
370
    25
100
AcDbLine
 10
-1477.592260202022
 20
329.4431698760427
 30
0.0
 11
-1477.592260202022
 21
324.652559782742
 31
0.0
  0
LINE
  5
B81
330
253
100
AcDbEntity
  8
CONT
370
    25
100
AcDbLine
 10
-1482.469846765752
 20
324.652559782742
 30
0.0
 11
-1477.592260202022
 21
324.652559782742
 31
0.0
  0
LINE
  5
B82
330
253
100
AcDbEntity
  8
CONT
370
    25
100
AcDbLine
 10
-1438.731865481346
 20
334.5111142698195
 30
0.0
 11
-1437.447664566622
 21
334.5111142698195
 31
0.0
  0
LINE
  5
B83
330
253
100
AcDbEntity
  8
CONT
370
    25
100
AcDbLine
 10
-1437.447664566622
 20
334.5111142698195
 30
0.0
 11
-1437.447664566622
 21
332.8944838698194
 31
0.0
  0
LINE
  5
B84
330
253
100
AcDbEntity
  8
CONT
370
    25
100
AcDbLine
 10
-1437.447664566622
 20
332.8944838698194
 30
0.0
 11
-1449.593621633894
 21
332.8944838698194
 31
0.0
  0
LINE
  5
B85
330
253
100
AcDbEntity
  8
CONT
370
    25
100
AcDbLine
 10
-1449.593621633894
 20
332.8944838698194
 30
0.0
 11
-1450.697799549101
 21
334.5111142698195
 31
0.0
  0
LINE
  5
B86
330
253
100
AcDbEntity
  8
CONT
370
    25
100
AcDbLine
 10
-1451.327893636402
 20
332.8944838698194
 30
0.0
 11
-1433.318328572799
 21
332.8944838698194
 31
0.0
  0
LINE
  5
B87
330
253
100
AcDbEntity
  8
CONT
370
    25
100
AcDbLine
 10
-1451.327893636402
 20
331.2778534698197
 30
0.0
 11
-1433.318328572799
 21
331.2778534698197
 31
0.0
  0
LINE
  5
B88
330
253
100
AcDbEntity
  8
CONT
370
    25
100
AcDbLine
 10
-1429.276752572799
 20
328.8529078698195
 30
0.0
 11
-1429.276752572799
 21
294.1540692781864
 31
0.0
  0
LINE
  5
B89
330
253
100
AcDbEntity
  8
CONT
370
    25
100
AcDbLine
 10
-1430.893382972799
 20
328.8529078698195
 30
0.0
 11
-1430.893382972799
 21
294.1540692781864
 31
0.0
  0
ARC
  5
B8A
330
253
100
AcDbEntity
  8
CONT
370
    25
100
AcDbCircle
 10
-1433.318328572799
 20
328.8529078698195
 30
0.0
 40
4.041576
100
AcDbArc
 50
0.0
 51
90.0
  0
ARC
  5
B8B
330
253
100
AcDbEntity
  8
CONT
370
    25
100
AcDbCircle
 10
-1433.318328572799
 20
328.8529078698195
 30
0.0
 40
2.4249456
100
AcDbArc
 50
0.0
 51
90.0
  0
LINE
  5
B8C
330
253
100
AcDbEntity
  8
CONT
370
    25
100
AcDbLine
 10
-1451.327893636402
 20
332.8944838698194
 30
0.0
 11
-1451.327893636402
 21
331.2778534698193
 31
0.0
  0
LINE
  5
B8D
330
253
100
AcDbEntity
  8
CONT
370
    25
100
AcDbLine
 10
-1430.893382972799
 20
294.1540692781864
 30
0.0
 11
-1429.276752572799
 21
294.1540692781864
 31
0.0
  0
LINE
  5
B8E
330
253
100
AcDbEntity
  8
CONT
370
    25
100
AcDbLine
 10
-1515.545219819414
 20
329.6591189277249
 30
0.0
 11
-1482.469846765752
 21
328.271659770402
 31
0.0
  0
LINE
  5
B8F
330
253
100
AcDbEntity
  8
CONT
370
    25
100
AcDbLine
 10
-1477.592260202022
 20
328.0670527918955
 30
0.0
 11
-1444.415253928377
 21
326.6753302830596
 31
0.0
  0
LINE
  5
B90
330
253
100
AcDbEntity
  8
CONT
370
    25
100
AcDbLine
 10
-1516.956471630525
 20
327.2912404781132
 30
0.0
 11
-1482.469846765752
 21
325.8445815577088
 31
0.0
  0
LINE
  5
B91
330
253
100
AcDbEntity
  8
CONT
370
    25
100
AcDbLine
 10
-1477.592260202022
 20
325.6399745792023
 30
0.0
 11
-1443.207268557233
 21
324.1975790103111
 31
0.0
  0
LINE
  5
B92
330
253
100
AcDbEntity
  8
CONT
370
    25
100
AcDbLine
 10
-1444.415253928377
 20
326.6753302830596
 30
0.0
 11
-1441.138632486099
 21
331.2492959813239
 31
0.0
  0
LINE
  5
B93
330
253
100
AcDbEntity
  8
CONT
370
    25
100
AcDbLine
 10
-1443.207268557233
 20
324.1975790103111
 30
0.0
 11
-1439.167312108389
 21
329.837114289264
 31
0.0
  0
LINE
  5
B94
330
253
100
AcDbEntity
  8
CONT
370
    25
100
AcDbLine
 10
-1515.545219819414
 20
329.6591189277249
 30
0.0
 11
-1518.427262917661
 21
334.491430782801
 31
0.0
  0
LINE
  5
B95
330
253
100
AcDbEntity
  8
CONT
370
    25
100
AcDbLine
 10
-1516.956471630527
 20
327.2912404781132
 30
0.0
 11
-1520.509927165663
 21
333.2493072812702
 31
0.0
  0
LINE
  5
B96
330
253
100
AcDbEntity
  8
0
370
    25
100
AcDbLine
 10
-1439.167312108389
 20
329.837114289264
 30
0.0
 11
-1441.138632486099
 21
331.2492959813239
 31
0.0
  0
LINE
  5
B97
330
253
100
AcDbEntity
  8
0
370
    25
100
AcDbLine
 10
-1520.509927165663
 20
333.2493072812702
 30
0.0
 11
-1518.427262917661
 21
334.491430782801
 31
0.0
  0
LINE
  5
B98
330
253
100
AcDbEntity
  8
0
370
    25
100
AcDbLine
 10
-1483.210656688801
 20
328.3027355653719
 30
0.0
 11
-1483.312289908786
 21
325.8799207041918
 31
0.0
  0
LINE
  5
B99
330
253
100
AcDbEntity
  8
0
370
    25
100
AcDbLine
 10
-1488.056286411161
 20
328.5060020053415
 30
0.0
 11
-1488.157919631147
 21
326.0831871441614
 31
0.0
  0
LINE
  5
B9A
330
253
100
AcDbEntity
  8
0
370
    25
100
AcDbLine
 10
-1476.749817058988
 20
328.0317136454125
 30
0.0
 11
-1476.851450278973
 21
325.6088987842324
 31
0.0
  0
LINE
  5
B9B
330
253
100
AcDbEntity
  8
0
370
    25
100
AcDbLine
 10
-1471.904187336628
 20
327.8284472054429
 30
0.0
 11
-1472.005820556613
 21
325.4056323442628
 31
0.0
  0
LINE
  5
B9C
330
253
100
AcDbEntity
  8
CONT
370
    25
100
AcDbLine
 10
-1482.469846765752
 20
325.0079753849473
 30
0.0
 11
-1486.889648556409
 21
325.0079753849473
 31
0.0
  0
LINE
  5
B9D
330
253
100
AcDbEntity
  8
CONT
370
    25
100
AcDbLine
 10
-1486.889648556409
 20
325.0079753849473
 30
0.0
 11
-1486.889648556409
 21
324.4255060078097
 31
0.0
  0
LINE
  5
B9E
330
253
100
AcDbEntity
  8
CONT
370
    25
100
AcDbLine
 10
-1486.889648556409
 20
324.4255060078097
 30
0.0
 11
-1473.215092631113
 21
324.4255060078097
 31
0.0
  0
LINE
  5
B9F
330
253
100
AcDbEntity
  8
CONT
370
    25
100
AcDbLine
 10
-1473.215092631113
 20
324.4255060078097
 30
0.0
 11
-1473.171925935063
 21
325.4545486054071
 31
0.0
  0
ARC
  5
BA0
330
253
100
AcDbEntity
  8
CONT
370
    25
100
AcDbCircle
 10
-1480.050734058701
 20
328.0684890794325
 30
0.0
 40
5.200634252821846
100
AcDbArc
 50
224.4661877279289
 51
315.5338122720711
  0
MTEXT
  5
BA1
330
253
100
AcDbEntity
  8
CONT
100
AcDbMText
 10
-1560.537067872551
 20
305.0957427144737
 30
0.0
 40
5.197500000000001
 41
14.86428794324001
 71
     1
 72
     5
  1
{\fTahoma|b0|i0|c0|p34;FASTENERS\P }
 73
     1
 44
1.0
1001
ACAD
1000
MTEXTBEGIN
1070
    73
1070
     1
1070
    44
1040
1.0
1070
    74
1070
     0
1000
MTEXTEND
  0
LINE
  5
BA2
330
253
100
AcDbEntity
  8
CONT
370
    25
100
AcDbLine
 10
-1519.81878134205
 20
302.8694795576364
 30
0.0
 11
-1514.20511427892
 21
302.8694795576364
 31
0.0
  0
LINE
  5
BA3
330
253
100
AcDbEntity
  8
CONT
370
    25
100
AcDbLine
 10
-1514.20511427892
 20
302.8694795576364
 30
0.0
 11
-1495.47838585419
 21
326.390269028939
 31
0.0
  0
MTEXT
  5
BA4
330
253
100
AcDbEntity
  8
CONT
100
AcDbMText
 10
-1532.342381216532
 20
280.5589114188409
 30
0.0
 40
5.197500000000001
 41
14.86428794324001
 71
     1
 72
     5
  1
{\fTahoma|b0|i0|c0|p34;SCREWS
 73
     1
 44
1.0
1001
ACAD
1000
MTEXTBEGIN
1070
    73
1070
     1
1070
    44
1040
1.0
1070
    74
1070
     0
1000
MTEXTEND
  0
LINE
  5
BA5
330
253
100
AcDbEntity
  8
CONT
370
    25
100
AcDbLine
 10
-1503.59297113657
 20
277.6019236060772
 30
0.0
 11
-1497.962950081502
 21
277.6019236060772
 31
0.0
  0
LINE
  5
BA6
330
253
100
AcDbEntity
  8
CONT
370
    25
100
AcDbLine
 10
-1497.962950081502
 20
277.6019236060772
 30
0.0
 11
-1481.735165418338
 21
323.1481956302268
 31
0.0
  0
MTEXT
  5
BA7
330
253
100
AcDbEntity
  8
CONT
100
AcDbMText
 10
-1404.404424245968
 20
364.0051548786774
 30
0.0
 40
5.197500000000001
 41
14.86428794324001
 71
     1
 72
     5
  1
{\fTahoma|b0|i0|c0|p34;SINK\P }
 73
     1
 44
1.0
1001
ACAD
1000
MTEXTBEGIN
1070
    73
1070
     1
1070
    44
1040
1.0
1070
    74
1070
     0
1000
MTEXTEND
  0
LINE
  5
BA8
330
253
100
AcDbEntity
  8
CONT
370
    25
100
AcDbLine
 10
-1430.460502776519
 20
331.7107336661002
 30
0.0
 11
-1412.050674309588
 21
360.0546853913054
 31
0.0
  0
LINE
  5
BA9
330
253
100
AcDbEntity
  8
CONT
370
    25
100
AcDbLine
 10
-1412.050674309588
 20
360.0546853913054
 30
0.0
 11
-1407.272215608189
 21
360.0546853913054
 31
0.0
  0
ENDBLK
  5
2C4
330
253
100
AcDbEntity
  8
0
100
AcDbBlockEnd
  0
BLOCK
  5
2C6
330
2C5
100
AcDbEntity
  8
0
100
AcDbBlockBegin
  2
*D3
 70
     1
 10
0.0
 20
0.0
 30
0.0
  3
*D3
  1

  0
LINE
  5
2C7
330
2C5
100
AcDbEntity
  8
ºöåçæÄ
 62
     1
370
     0
100
AcDbLine
 10
969.8808447643132
 20
672.781669277445
 30
0.0
 11
969.8808447643132
 21
677.5592502794332
 31
0.0
  0
LINE
  5
2C8
330
2C5
100
AcDbEntity
  8
ºöåçæÄ
 62
     1
370
     0
100
AcDbLine
 10
974.4267067395522
 20
658.3354909392856
 30
0.0
 11
974.4267067395522
 21
677.5592502794332
 31
0.0
  0
LINE
  5
2C9
330
2C5
100
AcDbEntity
  8
ºöåçæÄ
 62
     1
370
     0
100
AcDbLine
 10
967.8808447643133
 20
677.3792502794329
 30
0.0
 11
965.8808447643131
 21
677.3792502794329
 31
0.0
  0
LINE
  5
2CA
330
2C5
100
AcDbEntity
  8
ºöåçæÄ
 62
     1
370
     0
100
AcDbLine
 10
976.4267067395522
 20
677.3792502794329
 30
0.0
 11
996.4259198691692
 21
677.3792502794329
 31
0.0
  0
SOLID
  5
2CB
330
2C5
100
AcDbEntity
  8
ºöåçæÄ
 62
     1
100
AcDbTrace
 10
967.8808447643133
 20
677.7125836127662
 30
0.0
 11
967.8808447643133
 21
677.0459169460997
 31
0.0
 12
969.8808447643132
 22
677.3792502794329
 32
0.0
 13
969.8808447643132
 23
677.3792502794329
 33
0.0
  0
SOLID
  5
2CC
330
2C5
100
AcDbEntity
  8
ºöåçæÄ
 62
     1
100
AcDbTrace
 10
976.4267067395522
 20
677.7125836127662
 30
0.0
 11
976.4267067395522
 21
677.0459169460997
 31
0.0
 12
974.4267067395522
 22
677.3792502794329
 32
0.0
 13
974.4267067395522
 23
677.3792502794329
 33
0.0
  0
MTEXT
  5
2CD
330
2C5
100
AcDbEntity
  8
ºöåçæÄ
 62
     3
100
AcDbMText
 10
987.4263133043609
 20
683.6009755984393
 30
0.0
 40
3.5
 41
18.2459647704823
 71
     5
 72
     1
  1
\A1;{\fTahoma|b0|i0|c163|p34;\H1.4581x;\C256;1/4"}
 73
     1
 44
1.0
1001
ACAD
1000
MTEXTBEGIN
1070
    73
1070
     1
1070
    44
1040
1.0
1070
    74
1070
     0
1000
MTEXTEND
  0
POINT
  5
2CE
330
2C5
100
AcDbEntity
  8
Defpoints
 62
     0
100
AcDbPoint
 10
969.8808447643132
 20
672.7191692774447
 30
0.0
  0
POINT
  5
2CF
330
2C5
100
AcDbEntity
  8
Defpoints
 62
     0
100
AcDbPoint
 10
974.4267067395522
 20
658.2729909392853
 30
0.0
  0
POINT
  5
2D0
330
2C5
100
AcDbEntity
  8
Defpoints
 62
     0
100
AcDbPoint
 10
974.4267067395522
 20
677.3792502794329
 30
0.0
  0
ENDBLK
  5
2D1
330
2C5
100
AcDbEntity
  8
0
100
AcDbBlockEnd
  0
BLOCK
  5
2D3
330
2D2
100
AcDbEntity
  8
0
100
AcDbBlockBegin
  2
*D4
 70
     1
 10
0.0
 20
0.0
 30
0.0
  3
*D4
  1

  0
LINE
  5
2D4
330
2D2
100
AcDbEntity
  8
0
 62
     1
370
    -2
100
AcDbLine
 10
391.6632514041576
 20
528.8377929327436
 30
0.0
 11
391.6632514041576
 21
836.8266744597313
 31
0.0
  0
LINE
  5
2D5
330
2D2
100
AcDbEntity
  8
0
 62
     1
370
    -2
100
AcDbLine
 10
1042.363251404158
 20
528.8377929327436
 30
0.0
 11
1042.363251404158
 21
836.8266744597313
 31
0.0
  0
LINE
  5
2D6
330
2D2
100
AcDbEntity
  8
0
 62
     1
100
AcDbLine
 10
404.2632514041573
 20
833.0766744597312
 30
0.0
 11
1029.763251404158
 21
833.0766744597312
 31
0.0
  0
SOLID
  5
2D7
330
2D2
100
AcDbEntity
  8
0
 62
     1
100
AcDbTrace
 10
404.2632514041573
 20
835.1766744597313
 30
0.0
 11
404.2632514041573
 21
830.9766744597313
 31
0.0
 12
391.6632514041576
 22
833.0766744597312
 32
0.0
 13
391.6632514041576
 23
833.0766744597312
 33
0.0
  0
SOLID
  5
2D8
330
2D2
100
AcDbEntity
  8
0
 62
     1
100
AcDbTrace
 10
1029.763251404158
 20
835.1766744597313
 30
0.0
 11
1029.763251404158
 21
830.9766744597313
 31
0.0
 12
1042.363251404158
 22
833.0766744597312
 32
0.0
 13
1042.363251404158
 23
833.0766744597312
 33
0.0
  0
MTEXT
  5
2D9
330
2D2
100
AcDbEntity
  8
0
 62
     3
100
AcDbMText
 10
721.2795715594729
 20
847.8266744597313
 30
0.0
 40
15.0
 41
0.0
 71
     5
 72
     1
  1
650,7mm [25 5/8"]
  7
DIM
 73
     1
 44
1.0
1001
ACAD
1000
MTEXTBEGIN
1070
    73
1070
     1
1070
    44
1040
1.0
1070
    74
1070
     0
1000
MTEXTEND
  0
POINT
  5
2DA
330
2D2
100
AcDbEntity
  8
Defpoints
 62
     0
100
AcDbPoint
 10
391.6632514041576
 20
526.9627929327433
 30
0.0
  0
POINT
  5
2DB
330
2D2
100
AcDbEntity
  8
Defpoints
 62
     0
100
AcDbPoint
 10
1042.363251404158
 20
526.9627929327433
 30
0.0
  0
POINT
  5
2DC
330
2D2
100
AcDbEntity
  8
Defpoints
 62
     0
100
AcDbPoint
 10
1042.363251404158
 20
833.0766744597312
 30
0.0
  0
ENDBLK
  5
2DD
330
2D2
100
AcDbEntity
  8
0
100
AcDbBlockEnd
  0
BLOCK
  5
2DF
330
2DE
100
AcDbEntity
  8
0
100
AcDbBlockBegin
  2
*D5
 70
     1
 10
0.0
 20
0.0
 30
0.0
  3
*D5
  1

  0
LINE
  5
2E0
330
2DE
100
AcDbEntity
  8
0
 62
     1
370
    -2
100
AcDbLine
 10
1036.013251404158
 20
528.8377929327436
 30
0.0
 11
1036.013251404158
 21
797.5630843829711
 31
0.0
  0
LINE
  5
2E1
330
2DE
100
AcDbEntity
  8
0
 62
     1
370
    -2
100
AcDbLine
 10
398.0132514041579
 20
528.8377929327436
 30
0.0
 11
398.0132514041579
 21
797.5630843829711
 31
0.0
  0
LINE
  5
2E2
330
2DE
100
AcDbEntity
  8
0
 62
     1
100
AcDbLine
 10
1023.413251404158
 20
793.8130843829712
 30
0.0
 11
410.6132514041577
 21
793.8130843829712
 31
0.0
  0
SOLID
  5
2E3
330
2DE
100
AcDbEntity
  8
0
 62
     1
100
AcDbTrace
 10
1023.413251404158
 20
795.9130843829711
 30
0.0
 11
1023.413251404158
 21
791.7130843829711
 31
0.0
 12
1036.013251404158
 22
793.8130843829712
 32
0.0
 13
1036.013251404158
 23
793.8130843829712
 33
0.0
  0
SOLID
  5
2E4
330
2DE
100
AcDbEntity
  8
0
 62
     1
100
AcDbTrace
 10
410.6132514041577
 20
795.9130843829711
 30
0.0
 11
410.6132514041577
 21
791.7130843829711
 31
0.0
 12
398.0132514041579
 22
793.8130843829712
 32
0.0
 13
398.0132514041579
 23
793.8130843829712
 33
0.0
  0
MTEXT
  5
2E5
330
2DE
100
AcDbEntity
  8
0
 62
     3
100
AcDbMText
 10
717.0132514041577
 20
807.3130843829712
 30
0.0
 40
15.0
 41
0.0
 71
     5
 72
     1
  1
638mm [25 1/8"]
  7
DIM
 73
     1
 44
1.0
1001
ACAD
1000
MTEXTBEGIN
1070
    73
1070
     1
1070
    44
1040
1.0
1070
    74
1070
     0
1000
MTEXTEND
  0
POINT
  5
2E6
330
2DE
100
AcDbEntity
  8
Defpoints
 62
     0
100
AcDbPoint
 10
1036.013251404158
 20
526.9627929327433
 30
0.0
  0
POINT
  5
2E7
330
2DE
100
AcDbEntity
  8
Defpoints
 62
     0
100
AcDbPoint
 10
398.0132514041579
 20
526.9627929327433
 30
0.0
  0
POINT
  5
2E8
330
2DE
100
AcDbEntity
  8
Defpoints
 62
     0
100
AcDbPoint
 10
398.0132514041579
 20
793.8130843829712
 30
0.0
  0
ENDBLK
  5
2E9
330
2DE
100
AcDbEntity
  8
0
100
AcDbBlockEnd
  0
BLOCK
  5
2EB
330
2EA
100
AcDbEntity
  8
0
100
AcDbBlockBegin
  2
*D6
 70
     1
 10
0.0
 20
0.0
 30
0.0
  3
*D6
  1

  0
LINE
  5
2EC
330
2EA
100
AcDbEntity
  8
0
 62
     1
370
    -2
100
AcDbLine
 10
1029.663251404157
 20
528.8377929327436
 30
0.0
 11
1029.663251404157
 21
753.3583848488049
 31
0.0
  0
LINE
  5
2ED
330
2EA
100
AcDbEntity
  8
0
 62
     1
370
    -2
100
AcDbLine
 10
404.3632514041583
 20
528.8377929327436
 30
0.0
 11
404.3632514041583
 21
753.3583848488049
 31
0.0
  0
LINE
  5
2EE
330
2EA
100
AcDbEntity
  8
0
 62
     1
100
AcDbLine
 10
1017.063251404157
 20
749.6083848488049
 30
0.0
 11
416.9632514041583
 21
749.6083848488049
 31
0.0
  0
SOLID
  5
2EF
330
2EA
100
AcDbEntity
  8
0
 62
     1
100
AcDbTrace
 10
1017.063251404157
 20
751.7083848488049
 30
0.0
 11
1017.063251404157
 21
747.5083848488051
 31
0.0
 12
1029.663251404157
 22
749.6083848488049
 32
0.0
 13
1029.663251404157
 23
749.6083848488049
 33
0.0
  0
SOLID
  5
2F0
330
2EA
100
AcDbEntity
  8
0
 62
     1
100
AcDbTrace
 10
416.9632514041583
 20
751.7083848488049
 30
0.0
 11
416.9632514041583
 21
747.5083848488051
 31
0.0
 12
404.3632514041583
 22
749.6083848488049
 32
0.0
 13
404.3632514041583
 23
749.6083848488049
 33
0.0
  0
MTEXT
  5
2F1
330
2EA
100
AcDbEntity
  8
0
 62
     3
100
AcDbMText
 10
717.0132514041577
 20
764.3583848488049
 30
0.0
 40
15.0
 41
0.0
 71
     5
 72
     1
  1
625,3mm [24 5/8"]
  7
DIM
 73
     1
 44
1.0
1001
ACAD
1000
MTEXTBEGIN
1070
    73
1070
     1
1070
    44
1040
1.0
1070
    74
1070
     0
1000
MTEXTEND
  0
POINT
  5
2F2
330
2EA
100
AcDbEntity
  8
Defpoints
 62
     0
100
AcDbPoint
 10
1029.663251404157
 20
526.9627929327433
 30
0.0
  0
POINT
  5
2F3
330
2EA
100
AcDbEntity
  8
Defpoints
 62
     0
100
AcDbPoint
 10
404.3632514041583
 20
526.9627929327433
 30
0.0
  0
POINT
  5
2F4
330
2EA
100
AcDbEntity
  8
Defpoints
 62
     0
100
AcDbPoint
 10
404.3632514041583
 20
749.6083848488049
 30
0.0
  0
ENDBLK
  5
2F5
330
2EA
100
AcDbEntity
  8
0
100
AcDbBlockEnd
  0
BLOCK
  5
2F7
330
2F6
100
AcDbEntity
  8
0
100
AcDbBlockBegin
  2
*D7
 70
     1
 10
0.0
 20
0.0
 30
0.0
  3
*D7
  1

  0
LINE
  5
2F8
330
2F6
100
AcDbEntity
  8
0
 62
     1
370
    -2
100
AcDbLine
 10
939.8882514041584
 20
723.1127929327432
 30
0.0
 11
1093.942539173408
 21
723.1127929327432
 31
0.0
  0
LINE
  5
2F9
330
2F6
100
AcDbEntity
  8
0
 62
     1
370
    -2
100
AcDbLine
 10
939.8882514041584
 20
330.812792932744
 30
0.0
 11
1093.942539173408
 21
330.812792932744
 31
0.0
  0
LINE
  5
2FA
330
2F6
100
AcDbEntity
  8
0
 62
     1
100
AcDbLine
 10
1090.192539173408
 20
710.5127929327432
 30
0.0
 11
1090.192539173408
 21
343.412792932744
 31
0.0
  0
SOLID
  5
2FB
330
2F6
100
AcDbEntity
  8
0
 62
     1
100
AcDbTrace
 10
1088.092539173408
 20
710.5127929327432
 30
0.0
 11
1092.292539173407
 21
710.5127929327432
 31
0.0
 12
1090.192539173408
 22
723.1127929327432
 32
0.0
 13
1090.192539173408
 23
723.1127929327432
 33
0.0
  0
SOLID
  5
2FC
330
2F6
100
AcDbEntity
  8
0
 62
     1
100
AcDbTrace
 10
1088.092539173408
 20
343.412792932744
 30
0.0
 11
1092.292539173408
 21
343.412792932744
 31
0.0
 12
1090.192539173408
 22
330.812792932744
 32
0.0
 13
1090.192539173408
 23
330.812792932744
 33
0.0
  0
MTEXT
  5
2FD
330
2F6
100
AcDbEntity
  8
0
 62
     3
100
AcDbMText
 10
1075.442539173407
 20
526.9627929327432
 30
0.0
 40
15.0
 41
0.0
 71
     5
 72
     1
  1
392,3mm [15 7/16"]
  7
DIM
 11
0.0000000000000001
 21
1.0
 31
0.0
 73
     1
 44
1.0
1001
ACAD
1000
MTEXTBEGIN
1070
    73
1070
     1
1070
    44
1040
1.0
1070
    74
1070
     0
1000
MTEXTEND
  0
POINT
  5
2FE
330
2F6
100
AcDbEntity
  8
Defpoints
 62
     0
100
AcDbPoint
 10
938.0132514041584
 20
723.1127929327432
 30
0.0
  0
POINT
  5
2FF
330
2F6
100
AcDbEntity
  8
Defpoints
 62
     0
100
AcDbPoint
 10
938.0132514041584
 20
330.812792932744
 30
0.0
  0
POINT
  5
300
330
2F6
100
AcDbEntity
  8
Defpoints
 62
     0
100
AcDbPoint
 10
1090.192539173408
 20
330.812792932744
 30
0.0
  0
ENDBLK
  5
301
330
2F6
100
AcDbEntity
  8
0
100
AcDbBlockEnd
  0
BLOCK
  5
303
330
302
100
AcDbEntity
  8
0
100
AcDbBlockBegin
  2
*D8
 70
     1
 10
0.0
 20
0.0
 30
0.0
  3
*D8
  1

  0
LINE
  5
304
330
302
100
AcDbEntity
  8
0
 62
     1
370
    -2
100
AcDbLine
 10
939.8882514041584
 20
729.4627929327437
 30
0.0
 11
1139.676280139949
 21
729.4627929327437
 31
0.0
  0
LINE
  5
305
330
302
100
AcDbEntity
  8
0
 62
     1
370
    -2
100
AcDbLine
 10
939.8882514041584
 20
324.4627929327436
 30
0.0
 11
1139.676280139949
 21
324.4627929327436
 31
0.0
  0
LINE
  5
306
330
302
100
AcDbEntity
  8
0
 62
     1
100
AcDbLine
 10
1135.926280139949
 20
716.8627929327437
 30
0.0
 11
1135.926280139949
 21
337.0627929327436
 31
0.0
  0
SOLID
  5
307
330
302
100
AcDbEntity
  8
0
 62
     1
100
AcDbTrace
 10
1133.826280139949
 20
716.8627929327437
 30
0.0
 11
1138.026280139949
 21
716.8627929327437
 31
0.0
 12
1135.926280139949
 22
729.4627929327437
 32
0.0
 13
1135.926280139949
 23
729.4627929327437
 33
0.0
  0
SOLID
  5
308
330
302
100
AcDbEntity
  8
0
 62
     1
100
AcDbTrace
 10
1133.826280139949
 20
337.0627929327436
 30
0.0
 11
1138.026280139949
 21
337.0627929327436
 31
0.0
 12
1135.926280139949
 22
324.4627929327436
 32
0.0
 13
1135.926280139949
 23
324.4627929327436
 33
0.0
  0
MTEXT
  5
309
330
302
100
AcDbEntity
  8
0
 62
     3
100
AcDbMText
 10
1122.426280139949
 20
526.9627929327432
 30
0.0
 40
15.0
 41
0.0
 71
     5
 72
     1
  1
405mm [15 15/16"]
  7
DIM
 11
0.0000000000000001
 21
1.0
 31
0.0
 73
     1
 44
1.0
1001
ACAD
1000
MTEXTBEGIN
1070
    73
1070
     1
1070
    44
1040
1.0
1070
    74
1070
     0
1000
MTEXTEND
  0
POINT
  5
30A
330
302
100
AcDbEntity
  8
Defpoints
 62
     0
100
AcDbPoint
 10
938.0132514041584
 20
729.4627929327437
 30
0.0
  0
POINT
  5
30B
330
302
100
AcDbEntity
  8
Defpoints
 62
     0
100
AcDbPoint
 10
938.0132514041584
 20
324.4627929327436
 30
0.0
  0
POINT
  5
30C
330
302
100
AcDbEntity
  8
Defpoints
 62
     0
100
AcDbPoint
 10
1135.926280139949
 20
324.4627929327436
 30
0.0
  0
ENDBLK
  5
30D
330
302
100
AcDbEntity
  8
0
100
AcDbBlockEnd
  0
BLOCK
  5
30F
330
30E
100
AcDbEntity
  8
0
100
AcDbBlockBegin
  2
*D9
 70
     1
 10
0.0
 20
0.0
 30
0.0
  3
*D9
  1

  0
LINE
  5
310
330
30E
100
AcDbEntity
  8
0
 62
     1
370
    -2
100
AcDbLine
 10
939.3638788130452
 20
735.8127929327438
 30
0.0
 11
1183.860261469497
 21
735.8127929327438
 31
0.0
  0
LINE
  5
311
330
30E
100
AcDbEntity
  8
0
 62
     1
370
    -2
100
AcDbLine
 10
939.3638788130452
 20
318.1127929327431
 30
0.0
 11
1183.860261469497
 21
318.1127929327431
 31
0.0
  0
LINE
  5
312
330
30E
100
AcDbEntity
  8
0
 62
     1
100
AcDbLine
 10
1180.110261469497
 20
723.212792932744
 30
0.0
 11
1180.110261469497
 21
330.7127929327433
 31
0.0
  0
SOLID
  5
313
330
30E
100
AcDbEntity
  8
0
 62
     1
100
AcDbTrace
 10
1178.010261469498
 20
723.212792932744
 30
0.0
 11
1182.210261469497
 21
723.212792932744
 31
0.0
 12
1180.110261469497
 22
735.8127929327438
 32
0.0
 13
1180.110261469497
 23
735.8127929327438
 33
0.0
  0
SOLID
  5
314
330
30E
100
AcDbEntity
  8
0
 62
     1
100
AcDbTrace
 10
1178.010261469498
 20
330.7127929327433
 30
0.0
 11
1182.210261469498
 21
330.7127929327433
 31
0.0
 12
1180.110261469498
 22
318.1127929327433
 32
0.0
 13
1180.110261469498
 23
318.1127929327433
 33
0.0
  0
MTEXT
  5
315
330
30E
100
AcDbEntity
  8
0
 62
     3
100
AcDbMText
 10
1165.360261469497
 20
526.9627929327432
 30
0.0
 40
15.0
 41
0.0
 71
     5
 72
     1
  1
417,7mm [16 7/16"]
  7
DIM
 11
0.0000000000000001
 21
1.0
 31
0.0
 73
     1
 44
1.0
1001
ACAD
1000
MTEXTBEGIN
1070
    73
1070
     1
1070
    44
1040
1.0
1070
    74
1070
     0
1000
MTEXTEND
  0
POINT
  5
316
330
30E
100
AcDbEntity
  8
Defpoints
 62
     0
100
AcDbPoint
 10
937.4888788130451
 20
735.8127929327438
 30
0.0
  0
POINT
  5
317
330
30E
100
AcDbEntity
  8
Defpoints
 62
     0
100
AcDbPoint
 10
937.4888788130451
 20
318.1127929327431
 30
0.0
  0
POINT
  5
318
330
30E
100
AcDbEntity
  8
Defpoints
 62
     0
100
AcDbPoint
 10
1180.110261469498
 20
318.1127929327433
 30
0.0
  0
ENDBLK
  5
319
330
30E
100
AcDbEntity
  8
0
100
AcDbBlockEnd
  0
BLOCK
  5
31B
330
31A
100
AcDbEntity
  8
0
100
AcDbBlockBegin
  2
*D10
 70
     1
 10
0.0
 20
0.0
 30
0.0
  3
*D10
  1

  0
LINE
  5
31C
330
31A
100
AcDbEntity
  8
0
 62
     1
370
    -2
100
AcDbLine
 10
8382.482989856915
 20
10830.16337623424
 30
0.0
 11
8382.482989856915
 21
10999.85919641441
 31
0.0
  0
LINE
  5
31D
330
31A
100
AcDbEntity
  8
0
 62
     1
370
    -2
100
AcDbLine
 10
9020.482989856917
 20
10830.16337623424
 30
0.0
 11
9020.482989856917
 21
10999.85919641441
 31
0.0
  0
LINE
  5
31E
330
31A
100
AcDbEntity
  8
0
 62
     1
100
AcDbLine
 10
8401.082989856915
 20
10996.10919641441
 30
0.0
 11
9001.882989856914
 21
10996.10919641441
 31
0.0
  0
SOLID
  5
31F
330
31A
100
AcDbEntity
  8
0
 62
     1
100
AcDbTrace
 10
8401.082989856915
 20
10999.20919641441
 30
0.0
 11
8401.082989856915
 21
10993.00919641441
 31
0.0
 12
8382.482989856915
 22
10996.10919641441
 32
0.0
 13
8382.482989856915
 23
10996.10919641441
 33
0.0
  0
SOLID
  5
320
330
31A
100
AcDbEntity
  8
0
 62
     1
100
AcDbTrace
 10
9001.882989856914
 20
10999.20919641441
 30
0.0
 11
9001.882989856914
 21
10993.00919641441
 31
0.0
 12
9020.482989856917
 22
10996.10919641441
 32
0.0
 13
9020.482989856917
 23
10996.10919641441
 33
0.0
  0
MTEXT
  5
321
330
31A
100
AcDbEntity
  8
0
 62
     3
100
AcDbMText
 10
8701.482989856915
 20
11012.60919641441
 30
0.0
 40
21.0
 41
0.0
 71
     5
 72
     1
  1
638mm [25 1/8"]
  7
DIM
 73
     1
 44
1.0
1001
ACAD
1000
MTEXTBEGIN
1070
    73
1070
     1
1070
    44
1040
1.0
1070
    74
1070
     0
1000
MTEXTEND
  0
POINT
  5
322
330
31A
100
AcDbEntity
  8
Defpoints
 62
     0
100
AcDbPoint
 10
8382.482989856915
 20
10828.28837623424
 30
0.0
  0
POINT
  5
323
330
31A
100
AcDbEntity
  8
Defpoints
 62
     0
100
AcDbPoint
 10
9020.482989856917
 20
10828.28837623424
 30
0.0
  0
POINT
  5
324
330
31A
100
AcDbEntity
  8
Defpoints
 62
     0
100
AcDbPoint
 10
9020.482989856917
 20
10996.10919641441
 30
0.0
  0
ENDBLK
  5
325
330
31A
100
AcDbEntity
  8
0
100
AcDbBlockEnd
  0
BLOCK
  5
327
330
326
100
AcDbEntity
  8
0
100
AcDbBlockBegin
  2
*D11
 70
     1
 10
0.0
 20
0.0
 30
0.0
  3
*D11
  1

  0
LINE
  5
328
330
326
100
AcDbEntity
  8
0
 62
     1
370
    -2
100
AcDbLine
 10
8357.482989856915
 20
10830.16337623424
 30
0.0
 11
8357.482989856915
 21
11049.70619069491
 31
0.0
  0
LINE
  5
329
330
326
100
AcDbEntity
  8
0
 62
     1
370
    -2
100
AcDbLine
 10
9045.482989856918
 20
10830.16337623424
 30
0.0
 11
9045.482989856918
 21
11049.70619069491
 31
0.0
  0
LINE
  5
32A
330
326
100
AcDbEntity
  8
0
 62
     1
100
AcDbLine
 10
8376.082989856916
 20
11045.95619069491
 30
0.0
 11
9026.882989856916
 21
11045.95619069491
 31
0.0
  0
SOLID
  5
32B
330
326
100
AcDbEntity
  8
0
 62
     1
100
AcDbTrace
 10
8376.082989856916
 20
11049.05619069491
 30
0.0
 11
8376.082989856916
 21
11042.85619069491
 31
0.0
 12
8357.482989856915
 22
11045.95619069491
 32
0.0
 13
8357.482989856915
 23
11045.95619069491
 33
0.0
  0
SOLID
  5
32C
330
326
100
AcDbEntity
  8
0
 62
     1
100
AcDbTrace
 10
9026.882989856916
 20
11049.05619069491
 30
0.0
 11
9026.882989856916
 21
11042.85619069491
 31
0.0
 12
9045.482989856918
 22
11045.95619069491
 32
0.0
 13
9045.482989856918
 23
11045.95619069491
 33
0.0
  0
MTEXT
  5
32D
330
326
100
AcDbEntity
  8
0
 62
     3
100
AcDbMText
 10
8701.482989856915
 20
11062.45619069491
 30
0.0
 40
21.0
 41
0.0
 71
     5
 72
     1
  1
688mm [27 1/16"]
  7
DIM
 73
     1
 44
1.0
1001
ACAD
1000
MTEXTBEGIN
1070
    73
1070
     1
1070
    44
1040
1.0
1070
    74
1070
     0
1000
MTEXTEND
  0
POINT
  5
32E
330
326
100
AcDbEntity
  8
Defpoints
 62
     0
100
AcDbPoint
 10
8357.482989856915
 20
10828.28837623424
 30
0.0
  0
POINT
  5
32F
330
326
100
AcDbEntity
  8
Defpoints
 62
     0
100
AcDbPoint
 10
9045.482989856918
 20
10828.28837623424
 30
0.0
  0
POINT
  5
330
330
326
100
AcDbEntity
  8
Defpoints
 62
     0
100
AcDbPoint
 10
9045.482989856918
 20
11045.95619069491
 30
0.0
  0
ENDBLK
  5
331
330
326
100
AcDbEntity
  8
0
100
AcDbBlockEnd
  0
BLOCK
  5
333
330
332
100
AcDbEntity
  8
0
100
AcDbBlockBegin
  2
*D12
 70
     1
 10
0.0
 20
0.0
 30
0.0
  3
*D12
  1

  0
LINE
  5
334
330
332
100
AcDbEntity
  8
0
 62
     1
370
    -2
100
AcDbLine
 10
8478.607989856916
 20
10926.28837623425
 30
0.0
 11
8313.45383461768
 21
10926.28837623425
 31
0.0
  0
LINE
  5
335
330
332
100
AcDbEntity
  8
0
 62
     1
370
    -2
100
AcDbLine
 10
8478.607989856916
 20
10521.28837623424
 30
0.0
 11
8313.45383461768
 21
10521.28837623424
 31
0.0
  0
LINE
  5
336
330
332
100
AcDbEntity
  8
0
 62
     1
100
AcDbLine
 10
8317.203834617679
 20
10907.68837623424
 30
0.0
 11
8317.203834617679
 21
10539.88837623424
 31
0.0
  0
SOLID
  5
337
330
332
100
AcDbEntity
  8
0
 62
     1
100
AcDbTrace
 10
8314.10383461768
 20
10907.68837623424
 30
0.0
 11
8320.30383461768
 21
10907.68837623424
 31
0.0
 12
8317.203834617679
 22
10926.28837623425
 32
0.0
 13
8317.203834617679
 23
10926.28837623425
 33
0.0
  0
SOLID
  5
338
330
332
100
AcDbEntity
  8
0
 62
     1
100
AcDbTrace
 10
8314.10383461768
 20
10539.88837623424
 30
0.0
 11
8320.30383461768
 21
10539.88837623424
 31
0.0
 12
8317.203834617679
 22
10521.28837623424
 32
0.0
 13
8317.203834617679
 23
10521.28837623424
 33
0.0
  0
MTEXT
  5
339
330
332
100
AcDbEntity
  8
0
 62
     3
100
AcDbMText
 10
8300.70383461768
 20
10723.78837623424
 30
0.0
 40
21.0
 41
0.0
 71
     5
 72
     1
  1
405mm [15 15/16"]
  7
DIM
 11
0.0000000000000001
 21
1.0
 31
0.0
 73
     1
 44
1.0
1001
ACAD
1000
MTEXTBEGIN
1070
    73
1070
     1
1070
    44
1040
1.0
1070
    74
1070
     0
1000
MTEXTEND
  0
POINT
  5
33A
330
332
100
AcDbEntity
  8
Defpoints
 62
     0
100
AcDbPoint
 10
8480.482989856922
 20
10926.28837623425
 30
0.0
  0
POINT
  5
33B
330
332
100
AcDbEntity
  8
Defpoints
 62
     0
100
AcDbPoint
 10
8480.482989856922
 20
10521.28837623424
 30
0.0
  0
POINT
  5
33C
330
332
100
AcDbEntity
  8
Defpoints
 62
     0
100
AcDbPoint
 10
8317.203834617679
 20
10521.28837623424
 30
0.0
  0
ENDBLK
  5
33D
330
332
100
AcDbEntity
  8
0
100
AcDbBlockEnd
  0
BLOCK
  5
33F
330
33E
100
AcDbEntity
  8
0
100
AcDbBlockBegin
  2
*D13
 70
     1
 10
0.0
 20
0.0
 30
0.0
  3
*D13
  1

  0
LINE
  5
340
330
33E
100
AcDbEntity
  8
0
 62
     1
370
    -2
100
AcDbLine
 10
8478.607989856916
 20
10951.28837623425
 30
0.0
 11
8265.303517084294
 21
10951.28837623425
 31
0.0
  0
LINE
  5
341
330
33E
100
AcDbEntity
  8
0
 62
     1
370
    -2
100
AcDbLine
 10
8478.607989856916
 20
10496.28837623424
 30
0.0
 11
8265.303517084294
 21
10496.28837623424
 31
0.0
  0
LINE
  5
342
330
33E
100
AcDbEntity
  8
0
 62
     1
100
AcDbLine
 10
8269.053517084294
 20
10932.68837623425
 30
0.0
 11
8269.053517084294
 21
10514.88837623425
 31
0.0
  0
SOLID
  5
343
330
33E
100
AcDbEntity
  8
0
 62
     1
100
AcDbTrace
 10
8265.953517084295
 20
10932.68837623425
 30
0.0
 11
8272.153517084294
 21
10932.68837623425
 31
0.0
 12
8269.053517084294
 22
10951.28837623425
 32
0.0
 13
8269.053517084294
 23
10951.28837623425
 33
0.0
  0
SOLID
  5
344
330
33E
100
AcDbEntity
  8
0
 62
     1
100
AcDbTrace
 10
8265.953517084295
 20
10514.88837623425
 30
0.0
 11
8272.153517084294
 21
10514.88837623425
 31
0.0
 12
8269.053517084294
 22
10496.28837623424
 32
0.0
 13
8269.053517084294
 23
10496.28837623424
 33
0.0
  0
MTEXT
  5
345
330
33E
100
AcDbEntity
  8
0
 62
     3
100
AcDbMText
 10
8252.553517084294
 20
10724.27274629971
 30
0.0
 40
21.0
 41
0.0
 71
     5
 72
     1
  1
455mm [17 15/16"]
  7
DIM
 11
0.0000000000000001
 21
1.0
 31
0.0
 73
     1
 44
1.0
1001
ACAD
1000
MTEXTBEGIN
1070
    73
1070
     1
1070
    44
1040
1.0
1070
    74
1070
     0
1000
MTEXTEND
  0
POINT
  5
346
330
33E
100
AcDbEntity
  8
Defpoints
 62
     0
100
AcDbPoint
 10
8480.482989856916
 20
10951.28837623425
 30
0.0
  0
POINT
  5
347
330
33E
100
AcDbEntity
  8
Defpoints
 62
     0
100
AcDbPoint
 10
8480.482989856922
 20
10496.28837623424
 30
0.0
  0
POINT
  5
348
330
33E
100
AcDbEntity
  8
Defpoints
 62
     0
100
AcDbPoint
 10
8269.053517084294
 20
10496.28837623424
 30
0.0
  0
ENDBLK
  5
349
330
33E
100
AcDbEntity
  8
0
100
AcDbBlockEnd
  0
BLOCK
  5
34D
330
34A
100
AcDbEntity
  8
0
100
AcDbBlockBegin
  2
A$C456f260f
 70
     0
 10
0.0
 20
0.0
 30
0.0
  3
A$C456f260f
  1

  0
LWPOLYLINE
  5
34E
330
34A
100
AcDbEntity
  8
0
100
AcDbPolyline
 90
        8
 70
     1
 43
0.0
 10
298.0374316446032
 20
-273.6661706622399
 10
740.0374316446033
 20
-273.6661706622399
 42
0.4142135623730951
 10
863.0374316446031
 20
-150.6661706622399
 10
863.0374316446031
 20
58.33382933776011
 42
0.4142135623730951
 10
740.0374316446033
 20
181.3338293377601
 10
298.0374316446032
 20
181.3338293377601
 42
0.4142135623730951
 10
175.0374316446032
 20
58.33382933776011
 10
175.0374316446032
 20
-150.6661706622399
 42
0.4142135623730951
  0
LWPOLYLINE
  5
34F
330
34A
100
AcDbEntity
  8
0
100
AcDbPolyline
 90
        8
 70
     1
 43
0.0
 10
298.0374316446032
 20
-248.6661706622399
 10
740.0374316446033
 20
-248.6661706622399
 42
0.4142135623730951
 10
838.0374316446031
 20
-150.6661706622399
 10
838.0374316446031
 20
58.33382933776011
 42
0.4142135623730951
 10
740.0374316446033
 20
156.3338293377601
 10
298.0374316446032
 20
156.3338293377601
 42
0.4142135623730951
 10
200.0374316446032
 20
58.33382933776011
 10
200.0374316446032
 20
-150.6661706622399
 42
0.4142135623730951
  0
CIRCLE
  5
350
330
34A
100
AcDbEntity
  8
0
100
AcDbCircle
 10
519.1618024289128
 20
-46.16617066223989
 30
0.0
 40
57.0
  0
CIRCLE
  5
351
330
34A
100
AcDbEntity
  8
0
100
AcDbCircle
 10
519.0374316446032
 20
-46.16617066223989
 30
0.0
 40
45.0
  0
CIRCLE
  5
352
330
34A
100
AcDbEntity
  8
0
100
AcDbCircle
 10
518.9398872659912
 20
-46.16617066223989
 30
0.0
 40
62.5
  0
DIMENSION
  5
353
330
34A
100
AcDbEntity
  8
0
100
AcDbDimension
  2
*D10
 10
838.0374316446031
 20
226.15464951793
 30
0.0
 11
519.0374316446032
 21
242.65464951793
 31
0.0
 12
-8182.445558212313
 22
-10769.95454689648
 32
0.0
 71
     5
 42
637.9999999999999
  3
mm+in
100
AcDbAlignedDimension
 13
200.0374316446032
 23
58.33382933776011
 33
0.0
 14
838.0374316446031
 24
58.33382933776011
 34
0.0
 50
0.0
100
AcDbRotatedDimension
1001
ACAD_DSTYLE_DIMARC_LENGTH_SYMBOL
1070
   379
1070
     1
  0
DIMENSION
  5
354
330
34A
100
AcDbEntity
  8
0
100
AcDbDimension
  2
*D11
 10
863.0374316446031
 20
276.0016437984323
 30
0.0
 11
519.0374316446032
 21
292.5016437984323
 31
0.0
 12
-8182.445558212313
 22
-10769.95454689648
 32
0.0
 71
     5
 42
687.9999999999999
  3
mm+in
100
AcDbAlignedDimension
 13
175.0374316446032
 23
58.3338293377583
 33
0.0
 14
863.0374316446031
 24
58.33382933776011
 34
0.0
 50
0.0
100
AcDbRotatedDimension
1001
ACAD_DSTYLE_DIMARC_LENGTH_SYMBOL
1070
   379
1070
     1
  0
DIMENSION
  5
355
330
34A
100
AcDbEntity
  8
0
100
AcDbDimension
  2
*D12
 10
134.7582764053677
 20
-248.6661706622363
 30
0.0
 11
134.7582764053677
 21
-46.16617066223989
 31
0.0
 12
-8182.445558212313
 22
-10769.95454689648
 32
0.0
 70
   128
 71
     5
 42
404.9999999999998
  3
mm+in
100
AcDbAlignedDimension
 13
298.0374316446032
 23
156.3338293377601
 33
0.0
 14
298.0374316446032
 24
-248.6661706622399
 34
0.0
 50
90.0
100
AcDbRotatedDimension
1001
ACAD_DSTYLE_DIMARC_LENGTH_SYMBOL
1070
   379
1070
     1
  0
DIMENSION
  5
356
330
34A
100
AcDbEntity
  8
0
100
AcDbDimension
  2
*D13
 10
86.60795887198219
 20
-273.6661706622363
 30
0.0
 11
86.60795887198219
 21
-45.68180059676706
 31
0.0
 12
-8182.445558212313
 22
-10769.95454689648
 32
0.0
 70
   128
 71
     5
 42
455.0000000000036
  3
mm+in
100
AcDbAlignedDimension
 13
298.0374316446014
 23
181.3338293377636
 33
0.0
 14
298.0374316446032
 24
-273.6661706622399
 34
0.0
 50
90.0
100
AcDbRotatedDimension
1001
ACAD_DSTYLE_DIMARC_LENGTH_SYMBOL
1070
   379
1070
     1
  0
ENDBLK
  5
357
330
34A
100
AcDbEntity
  8
0
100
AcDbBlockEnd
  0
BLOCK
  5
359
330
358
100
AcDbEntity
  8
0
100
AcDbBlockBegin
  2
*D15
 70
     1
 10
0.0
 20
0.0
 30
0.0
  3
*D15
  1

  0
LINE
  5
35A
330
358
100
AcDbEntity
  8
0
 62
     1
100
AcDbLine
 10
221.0642514081289
 20
305.1448973567161
 30
0.0
 11
400.1271732469126
 21
381.5491947577826
 31
0.0
  0
MTEXT
  5
35B
330
358
100
AcDbEntity
  8
0
 62
     3
100
AcDbMText
 10
297.2500657264367
 20
353.6892051760303
 30
0.0
 40
15.0
 41
0.0
 71
     5
 72
     1
  1
R91,65mm [R3 5/8"]
  7
DIM
 11
0.9197705338824372
 21
0.3924565772179338
 31
0.0
 73
     1
 44
1.0
1001
ACAD
1000
MTEXTBEGIN
1070
    73
1070
     1
1070
    44
1040
1.0
1070
    74
1070
     0
1000
MTEXTEND
  0
SOLID
  5
35C
330
358
100
AcDbEntity
  8
0
 62
     1
100
AcDbTrace
 10
399.3030144347551
 20
383.4807128789357
 30
0.0
 11
400.9513320590703
 21
379.6176766366295
 31
0.0
 12
411.7162819738314
 22
386.4941476307286
 32
0.0
 13
411.7162819738314
 23
386.4941476307286
 33
0.0
  0
POINT
  5
35D
330
358
100
AcDbEntity
  8
Defpoints
 62
     0
100
AcDbPoint
 10
411.7162819738314
 20
386.4941476307286
 30
0.0
  0
POINT
  5
35E
330
358
100
AcDbEntity
  8
Defpoints
 62
     0
100
AcDbPoint
 10
496.0132514041451
 20
422.4627929327469
 30
0.0
  0
ENDBLK
  5
35F
330
358
100
AcDbEntity
  8
0
100
AcDbBlockEnd
  0
BLOCK
  5
361
330
360
100
AcDbEntity
  8
0
100
AcDbBlockBegin
  2
*D16
 70
     1
 10
0.0
 20
0.0
 30
0.0
  3
*D16
  1

  0
LINE
  5
362
330
360
100
AcDbEntity
  8
0
 62
     1
100
AcDbLine
 10
265.4053426023028
 20
256.7348074215677
 30
0.0
 11
406.2003925844487
 21
357.9181541884512
 31
0.0
  0
MTEXT
  5
363
330
360
100
AcDbEntity
  8
0
 62
     3
100
AcDbMText
 10
320.6639063471958
 20
313.0713287274808
 30
0.0
 40
15.0
 41
0.0
 71
     5
 72
     1
  1
R98mm [R3 7/8"]
  7
DIM
 11
0.8120511647352303
 21
0.5835862454274911
 31
0.0
 73
     1
 44
1.0
1001
ACAD
1000
MTEXTBEGIN
1070
    73
1070
     1
1070
    44
1040
1.0
1070
    74
1070
     0
1000
MTEXTEND
  0
SOLID
  5
364
330
360
100
AcDbEntity
  8
0
 62
     1
100
AcDbTrace
 10
404.9748614690511
 20
359.6234616343953
 30
0.0
 11
407.4259236998463
 21
356.2128467425073
 31
0.0
 12
416.4322372601127
 22
365.2713408808376
 32
0.0
 13
416.4322372601127
 23
365.2713408808376
 33
0.0
  0
POINT
  5
365
330
360
100
AcDbEntity
  8
Defpoints
 62
     0
100
AcDbPoint
 10
416.4322372601127
 20
365.2713408808376
 30
0.0
  0
POINT
  5
366
330
360
100
AcDbEntity
  8
Defpoints
 62
     0
100
AcDbPoint
 10
496.0132514041942
 20
422.4627929327525
 30
0.0
  0
ENDBLK
  5
367
330
360
100
AcDbEntity
  8
0
100
AcDbBlockEnd
  0
BLOCK
  5
369
330
368
100
AcDbEntity
  8
0
100
AcDbBlockBegin
  2
*D17
 70
     1
 10
0.0
 20
0.0
 30
0.0
  3
*D17
  1

  0
LINE
  5
36A
330
368
100
AcDbEntity
  8
0
 62
     1
100
AcDbLine
 10
299.3661679617346
 20
178.8848237450754
 30
0.0
 11
422.5493433748079
 21
331.4663275230629
 31
0.0
  0
MTEXT
  5
36B
330
368
100
AcDbEntity
  8
0
 62
     3
100
AcDbMText
 10
345.5236343738925
 20
259.5391062997576
 30
0.0
 40
15.0
 41
0.0
 71
     5
 72
     1
  1
R104,35mm [R4 1/8"]
  7
DIM
 11
0.6281650964460649
 21
0.7780800804588856
 31
0.0
 73
     1
 44
1.0
1001
ACAD
1000
MTEXTBEGIN
1070
    73
1070
     1
1070
    44
1040
1.0
1070
    74
1070
     0
1000
MTEXTEND
  0
SOLID
  5
36C
330
368
100
AcDbEntity
  8
0
 62
     1
100
AcDbTrace
 10
420.9153752058441
 20
332.7854742255996
 30
0.0
 11
424.1833115437715
 21
330.1471808205261
 31
0.0
 12
430.4642235900281
 22
341.2701365368448
 32
0.0
 13
430.4642235900281
 23
341.2701365368448
 33
0.0
  0
POINT
  5
36D
330
368
100
AcDbEntity
  8
Defpoints
 62
     0
100
AcDbPoint
 10
430.4642235900281
 20
341.2701365368448
 30
0.0
  0
POINT
  5
36E
330
368
100
AcDbEntity
  8
Defpoints
 62
     0
100
AcDbPoint
 10
496.013251404176
 20
422.4627929327307
 30
0.0
  0
ENDBLK
  5
36F
330
368
100
AcDbEntity
  8
0
100
AcDbBlockEnd
  0
BLOCK
  5
371
330
370
100
AcDbEntity
  8
0
100
AcDbBlockBegin
  2
*D18
 70
     1
 10
0.0
 20
0.0
 30
0.0
  3
*D18
  1

  0
LINE
  5
372
330
370
100
AcDbEntity
  8
0
 62
     1
370
    -2
100
AcDbLine
 10
398.0132514041579
 20
528.8377929327436
 30
0.0
 11
398.0132514041579
 21
547.6548765375881
 31
0.0
  0
LINE
  5
373
330
370
100
AcDbEntity
  8
0
 62
     1
370
    -2
100
AcDbLine
 10
391.6632514041576
 20
528.8377929327436
 30
0.0
 11
391.6632514041576
 21
547.6548765375881
 31
0.0
  0
LINE
  5
374
330
370
100
AcDbEntity
  8
0
 62
     1
100
AcDbLine
 10
410.6132514041577
 20
543.9048765375884
 30
0.0
 11
423.2132514041579
 21
543.9048765375884
 31
0.0
  0
LINE
  5
375
330
370
100
AcDbEntity
  8
0
 62
     1
100
AcDbLine
 10
379.0632514041575
 20
543.9048765375884
 30
0.0
 11
240.7132514041576
 21
543.9048765375884
 31
0.0
  0
SOLID
  5
376
330
370
100
AcDbEntity
  8
0
 62
     1
100
AcDbTrace
 10
410.6132514041577
 20
546.0048765375883
 30
0.0
 11
410.6132514041577
 21
541.8048765375881
 31
0.0
 12
398.0132514041579
 22
543.9048765375884
 32
0.0
 13
398.0132514041579
 23
543.9048765375884
 33
0.0
  0
SOLID
  5
377
330
370
100
AcDbEntity
  8
0
 62
     1
100
AcDbTrace
 10
379.0632514041575
 20
546.0048765375883
 30
0.0
 11
379.0632514041575
 21
541.8048765375881
 31
0.0
 12
391.6632514041576
 22
543.9048765375884
 32
0.0
 13
391.6632514041576
 23
543.9048765375884
 33
0.0
  0
MTEXT
  5
378
330
370
100
AcDbEntity
  8
0
 62
     3
100
AcDbMText
 10
303.5882514041576
 20
558.6548765375884
 30
0.0
 40
15.0
 41
0.0
 71
     5
 72
     1
  1
6,35mm [1/4"]
  7
DIM
 73
     1
 44
1.0
1001
ACAD
1000
MTEXTBEGIN
1070
    73
1070
     1
1070
    44
1040
1.0
1070
    74
1070
     0
1000
MTEXTEND
  0
POINT
  5
379
330
370
100
AcDbEntity
  8
Defpoints
 62
     0
100
AcDbPoint
 10
398.0132514041579
 20
526.9627929327433
 30
0.0
  0
POINT
  5
37A
330
370
100
AcDbEntity
  8
Defpoints
 62
     0
100
AcDbPoint
 10
391.6632514041576
 20
526.9627929327433
 30
0.0
  0
POINT
  5
37B
330
370
100
AcDbEntity
  8
Defpoints
 62
     0
100
AcDbPoint
 10
391.6632514041576
 20
543.9048765375884
 30
0.0
  0
ENDBLK
  5
37C
330
370
100
AcDbEntity
  8
0
100
AcDbBlockEnd
  0
BLOCK
  5
37E
330
37D
100
AcDbEntity
  8
0
100
AcDbBlockBegin
  2
*D19
 70
     1
 10
0.0
 20
0.0
 30
0.0
  3
*D19
  1

  0
LINE
  5
37F
330
37D
100
AcDbEntity
  8
0
 62
     1
370
    -2
100
AcDbLine
 10
418.0132514041578
 20
525.0877929327526
 30
0.0
 11
418.0132514041578
 21
490.5430985419989
 31
0.0
  0
LINE
  5
380
330
37D
100
AcDbEntity
  8
0
 62
     1
370
    -2
100
AcDbLine
 10
398.0132514041579
 20
525.0877929327433
 30
0.0
 11
398.0132514041579
 21
490.5430985419989
 31
0.0
  0
LINE
  5
381
330
37D
100
AcDbEntity
  8
0
 62
     1
100
AcDbLine
 10
430.6132514041578
 20
494.2930985419989
 30
0.0
 11
443.2132514041578
 21
494.2930985419989
 31
0.0
  0
LINE
  5
382
330
37D
100
AcDbEntity
  8
0
 62
     1
100
AcDbLine
 10
385.4132514041578
 20
494.2930985419989
 30
0.0
 11
247.0632514041579
 21
494.2930985419989
 31
0.0
  0
SOLID
  5
383
330
37D
100
AcDbEntity
  8
0
 62
     1
100
AcDbTrace
 10
430.6132514041578
 20
496.3930985419988
 30
0.0
 11
430.6132514041578
 21
492.1930985419988
 31
0.0
 12
418.0132514041578
 22
494.2930985419989
 32
0.0
 13
418.0132514041578
 23
494.2930985419989
 33
0.0
  0
SOLID
  5
384
330
37D
100
AcDbEntity
  8
0
 62
     1
100
AcDbTrace
 10
385.4132514041578
 20
496.3930985419988
 30
0.0
 11
385.4132514041578
 21
492.1930985419988
 31
0.0
 12
398.0132514041579
 22
494.2930985419989
 32
0.0
 13
398.0132514041579
 23
494.2930985419989
 33
0.0
  0
MTEXT
  5
385
330
37D
100
AcDbEntity
  8
0
 62
     3
100
AcDbMText
 10
309.9382514041579
 20
507.7930985419989
 30
0.0
 40
15.0
 41
0.0
 71
     5
 72
     1
  1
20mm [13/16"]
  7
DIM
 73
     1
 44
1.0
1001
ACAD
1000
MTEXTBEGIN
1070
    73
1070
     1
1070
    44
1040
1.0
1070
    74
1070
     0
1000
MTEXTEND
  0
POINT
  5
386
330
37D
100
AcDbEntity
  8
Defpoints
 62
     0
100
AcDbPoint
 10
418.0132514041578
 20
526.9627929327525
 30
0.0
  0
POINT
  5
387
330
37D
100
AcDbEntity
  8
Defpoints
 62
     0
100
AcDbPoint
 10
398.0132514041579
 20
526.9627929327433
 30
0.0
  0
POINT
  5
388
330
37D
100
AcDbEntity
  8
Defpoints
 62
     0
100
AcDbPoint
 10
398.0132514041579
 20
494.2930985419989
 30
0.0
  0
ENDBLK
  5
389
330
37D
100
AcDbEntity
  8
0
100
AcDbBlockEnd
  0
BLOCK
  5
38B
330
38A
100
AcDbEntity
  8
0
100
AcDbBlockBegin
  2
*D20
 70
     1
 10
0.0
 20
0.0
 30
0.0
  3
*D20
  1

  0
LINE
  5
38C
330
38A
100
AcDbEntity
  8
0
 62
     1
100
AcDbLine
 10
863.4984313756739
 20
570.83669943399
 30
0.0
 11
1001.501759391365
 21
531.1373108166133
 31
0.0
  0
MTEXT
  5
38D
330
38A
100
AcDbEntity
  8
0
 62
     3
100
AcDbMText
 10
930.1778166915678
 20
565.7025418697396
 30
0.0
 40
15.0
 41
0.0
 71
     5
 72
     1
  1
\U+22055mm [\U+22053/16"]
  7
DIM
 11
0.9610259611120568
 21
-0.2764581380040156
 31
0.0
 73
     1
 44
1.0
1001
ACAD
1000
MTEXTBEGIN
1070
    73
1070
     1
1070
    44
1040
1.0
1070
    74
1070
     0
1000
MTEXTEND
  0
SOLID
  5
38E
330
38A
100
AcDbEntity
  8
0
 62
     1
100
AcDbTrace
 10
1002.082321481173
 20
533.1554653349486
 30
0.0
 11
1000.921197301557
 21
529.1191562982779
 31
0.0
 12
1013.610686501377
 22
527.6539382777627
 32
0.0
 13
1013.610686501377
 23
527.6539382777627
 33
0.0
  0
POINT
  5
38F
330
38A
100
AcDbEntity
  8
Defpoints
 62
     0
100
AcDbPoint
 10
1013.610686501377
 20
527.6539382777627
 30
0.0
  0
POINT
  5
390
330
38A
100
AcDbEntity
  8
Defpoints
 62
     0
100
AcDbPoint
 10
1018.415816306938
 20
526.2716475877423
 30
0.0
  0
ENDBLK
  5
391
330
38A
100
AcDbEntity
  8
0
100
AcDbBlockEnd
  0
BLOCK
  5
8FF
330
8FE
100
AcDbEntity
  8
0
100
AcDbBlockBegin
  2
*D21
 70
     1
 10
0.0
 20
0.0
 30
0.0
  3
*D21
  1

  0
LINE
  5
98E
330
8FE
100
AcDbEntity
  8
ºöåçæÄ
 62
     1
370
     0
100
AcDbLine
 10
1231.408961282864
 20
942.3654953125703
 30
0.0
 11
1231.408961282864
 21
947.1430763145583
 31
0.0
  0
LINE
  5
98F
330
8FE
100
AcDbEntity
  8
ºöåçæÄ
 62
     1
370
     0
100
AcDbLine
 10
1235.954823258103
 20
927.9193169744106
 30
0.0
 11
1235.954823258103
 21
947.1430763145583
 31
0.0
  0
LINE
  5
990
330
8FE
100
AcDbEntity
  8
ºöåçæÄ
 62
     1
370
     0
100
AcDbLine
 10
1254.95403638772
 20
946.9630763145584
 30
0.0
 11
1239.954823258103
 21
946.9630763145584
 31
0.0
  0
LINE
  5
991
330
8FE
100
AcDbEntity
  8
ºöåçæÄ
 62
     1
370
     0
100
AcDbLine
 10
1239.954823258103
 20
946.9630763145584
 30
0.0
 11
1237.954823258103
 21
946.9630763145584
 31
0.0
  0
LINE
  5
992
330
8FE
100
AcDbEntity
  8
ºöåçæÄ
 62
     1
370
     0
100
AcDbLine
 10
1229.408961282864
 20
946.9630763145584
 30
0.0
 11
1227.408961282864
 21
946.9630763145584
 31
0.0
  0
SOLID
  5
993
330
8FE
100
AcDbEntity
  8
ºöåçæÄ
 62
     1
100
AcDbTrace
 10
1229.408961282864
 20
946.6297429812248
 30
0.0
 11
1229.408961282864
 21
947.2964096478916
 31
0.0
 12
1231.408961282864
 22
946.9630763145584
 32
0.0
 13
1231.408961282864
 23
946.9630763145584
 33
0.0
  0
SOLID
  5
994
330
8FE
100
AcDbEntity
  8
ºöåçæÄ
 62
     1
100
AcDbTrace
 10
1237.954823258103
 20
947.2964096478916
 30
0.0
 11
1237.954823258103
 21
946.6297429812248
 31
0.0
 12
1235.954823258103
 22
946.9630763145584
 32
0.0
 13
1235.954823258103
 23
946.9630763145584
 33
0.0
  0
MTEXT
  5
995
330
8FE
100
AcDbEntity
  8
ºöåçæÄ
 62
     3
100
AcDbMText
 10
1248.954429822911
 20
953.1848016335644
 30
0.0
 40
3.5
 41
0.0
 71
     5
 72
     1
  1
\A1;{\fTahoma|b0|i0|c163|p34;\H1.4581x;\C256;1/4"}
 73
     1
 44
1.0
1001
ACAD
1000
MTEXTBEGIN
1070
    73
1070
     1
1070
    44
1040
1.0
1070
    74
1070
     0
1000
MTEXTEND
  0
POINT
  5
996
330
8FE
100
AcDbEntity
  8
Defpoints
 62
     0
100
AcDbPoint
 10
1231.408961282864
 20
942.3029953125702
 30
0.0
  0
POINT
  5
997
330
8FE
100
AcDbEntity
  8
Defpoints
 62
     0
100
AcDbPoint
 10
1235.954823258103
 20
927.8568169744104
 30
0.0
  0
POINT
  5
998
330
8FE
100
AcDbEntity
  8
Defpoints
 62
     0
100
AcDbPoint
 10
1235.954823258103
 20
946.9630763145584
 30
0.0
  0
ENDBLK
  5
900
330
8FE
100
AcDbEntity
  8
0
100
AcDbBlockEnd
  0
BLOCK
  5
90D
330
90C
100
AcDbEntity
  8
0
100
AcDbBlockBegin
  2
*D22
 70
     1
 10
0.0
 20
0.0
 30
0.0
  3
*D22
  1

  0
LINE
  5
AD8
330
90C
100
AcDbEntity
  8
0
 62
     1
370
    -2
100
AcDbLine
 10
653.1913679227081
 20
798.4216189678687
 30
0.0
 11
653.1913679227081
 21
1106.410500494856
 31
0.0
  0
LINE
  5
AD9
330
90C
100
AcDbEntity
  8
0
 62
     1
370
    -2
100
AcDbLine
 10
1303.891367922709
 20
798.4216189678687
 30
0.0
 11
1303.891367922709
 21
1106.410500494856
 31
0.0
  0
LINE
  5
ADA
330
90C
100
AcDbEntity
  8
0
 62
     1
100
AcDbLine
 10
665.7913679227081
 20
1102.660500494856
 30
0.0
 11
1291.291367922709
 21
1102.660500494856
 31
0.0
  0
SOLID
  5
ADB
330
90C
100
AcDbEntity
  8
0
 62
     1
100
AcDbTrace
 10
665.7913679227081
 20
1104.760500494856
 30
0.0
 11
665.7913679227081
 21
1100.560500494856
 31
0.0
 12
653.1913679227081
 22
1102.660500494856
 32
0.0
 13
653.1913679227081
 23
1102.660500494856
 33
0.0
  0
SOLID
  5
ADC
330
90C
100
AcDbEntity
  8
0
 62
     1
100
AcDbTrace
 10
1291.291367922709
 20
1100.560500494856
 30
0.0
 11
1291.291367922709
 21
1104.760500494856
 31
0.0
 12
1303.891367922709
 22
1102.660500494856
 32
0.0
 13
1303.891367922709
 23
1102.660500494856
 33
0.0
  0
MTEXT
  5
ADD
330
90C
100
AcDbEntity
  8
0
 62
     3
100
AcDbMText
 10
982.8076880780237
 20
1117.410500494856
 30
0.0
 40
15.0
 41
0.0
 71
     5
 72
     1
  1
650,7mm [25 5/8"]
  7
DIM
 73
     1
 44
1.0
1001
ACAD
1000
MTEXTBEGIN
1070
    73
1070
     1
1070
    44
1040
1.0
1070
    74
1070
     0
1000
MTEXTEND
  0
POINT
  5
ADE
330
90C
100
AcDbEntity
  8
Defpoints
 62
     0
100
AcDbPoint
 10
653.1913679227081
 20
796.5466189678688
 30
0.0
  0
POINT
  5
ADF
330
90C
100
AcDbEntity
  8
Defpoints
 62
     0
100
AcDbPoint
 10
1303.891367922709
 20
796.5466189678688
 30
0.0
  0
POINT
  5
AE0
330
90C
100
AcDbEntity
  8
Defpoints
 62
     0
100
AcDbPoint
 10
1303.891367922709
 20
1102.660500494856
 30
0.0
  0
ENDBLK
  5
90E
330
90C
100
AcDbEntity
  8
0
100
AcDbBlockEnd
  0
BLOCK
  5
919
330
918
100
AcDbEntity
  8
0
100
AcDbBlockBegin
  2
*D23
 70
     1
 10
0.0
 20
0.0
 30
0.0
  3
*D23
  1

  0
LINE
  5
AE1
330
918
100
AcDbEntity
  8
0
 62
     1
370
    -2
100
AcDbLine
 10
1297.541367922709
 20
798.4216189678687
 30
0.0
 11
1297.541367922709
 21
1067.146910418096
 31
0.0
  0
LINE
  5
AE2
330
918
100
AcDbEntity
  8
0
 62
     1
370
    -2
100
AcDbLine
 10
659.5413679227083
 20
798.4216189678687
 30
0.0
 11
659.5413679227083
 21
1067.146910418096
 31
0.0
  0
LINE
  5
AE3
330
918
100
AcDbEntity
  8
0
 62
     1
100
AcDbLine
 10
1284.941367922709
 20
1063.396910418096
 30
0.0
 11
672.1413679227083
 21
1063.396910418096
 31
0.0
  0
SOLID
  5
AE4
330
918
100
AcDbEntity
  8
0
 62
     1
100
AcDbTrace
 10
1284.941367922709
 20
1061.296910418096
 30
0.0
 11
1284.941367922709
 21
1065.496910418096
 31
0.0
 12
1297.541367922709
 22
1063.396910418096
 32
0.0
 13
1297.541367922709
 23
1063.396910418096
 33
0.0
  0
SOLID
  5
AE5
330
918
100
AcDbEntity
  8
0
 62
     1
100
AcDbTrace
 10
672.1413679227083
 20
1065.496910418096
 30
0.0
 11
672.1413679227083
 21
1061.296910418096
 31
0.0
 12
659.5413679227083
 22
1063.396910418096
 32
0.0
 13
659.5413679227083
 23
1063.396910418096
 33
0.0
  0
MTEXT
  5
AE6
330
918
100
AcDbEntity
  8
0
 62
     3
100
AcDbMText
 10
978.5413679227085
 20
1076.896910418096
 30
0.0
 40
15.0
 41
0.0
 71
     5
 72
     1
  1
638mm [25 1/8"]
  7
DIM
 73
     1
 44
1.0
1001
ACAD
1000
MTEXTBEGIN
1070
    73
1070
     1
1070
    44
1040
1.0
1070
    74
1070
     0
1000
MTEXTEND
  0
POINT
  5
AE7
330
918
100
AcDbEntity
  8
Defpoints
 62
     0
100
AcDbPoint
 10
1297.541367922709
 20
796.5466189678688
 30
0.0
  0
POINT
  5
AE8
330
918
100
AcDbEntity
  8
Defpoints
 62
     0
100
AcDbPoint
 10
659.5413679227083
 20
796.5466189678688
 30
0.0
  0
POINT
  5
AE9
330
918
100
AcDbEntity
  8
Defpoints
 62
     0
100
AcDbPoint
 10
659.5413679227083
 20
1063.396910418096
 30
0.0
  0
ENDBLK
  5
91A
330
918
100
AcDbEntity
  8
0
100
AcDbBlockEnd
  0
BLOCK
  5
925
330
924
100
AcDbEntity
  8
0
100
AcDbBlockBegin
  2
*D24
 70
     1
 10
0.0
 20
0.0
 30
0.0
  3
*D24
  1

  0
LINE
  5
AEA
330
924
100
AcDbEntity
  8
0
 62
     1
370
    -2
100
AcDbLine
 10
1291.191367922708
 20
798.4216189678687
 30
0.0
 11
1291.191367922708
 21
1022.94221088393
 31
0.0
  0
LINE
  5
AEB
330
924
100
AcDbEntity
  8
0
 62
     1
370
    -2
100
AcDbLine
 10
665.8913679227087
 20
798.4216189678687
 30
0.0
 11
665.8913679227087
 21
1022.94221088393
 31
0.0
  0
LINE
  5
AEC
330
924
100
AcDbEntity
  8
0
 62
     1
100
AcDbLine
 10
1278.591367922708
 20
1019.19221088393
 30
0.0
 11
678.4913679227087
 21
1019.19221088393
 31
0.0
  0
SOLID
  5
AED
330
924
100
AcDbEntity
  8
0
 62
     1
100
AcDbTrace
 10
1278.591367922708
 20
1017.09221088393
 30
0.0
 11
1278.591367922708
 21
1021.29221088393
 31
0.0
 12
1291.191367922708
 22
1019.19221088393
 32
0.0
 13
1291.191367922708
 23
1019.19221088393
 33
0.0
  0
SOLID
  5
AEE
330
924
100
AcDbEntity
  8
0
 62
     1
100
AcDbTrace
 10
678.4913679227087
 20
1021.29221088393
 30
0.0
 11
678.4913679227087
 21
1017.09221088393
 31
0.0
 12
665.8913679227087
 22
1019.19221088393
 32
0.0
 13
665.8913679227087
 23
1019.19221088393
 33
0.0
  0
MTEXT
  5
AEF
330
924
100
AcDbEntity
  8
0
 62
     3
100
AcDbMText
 10
978.5413679227085
 20
1033.94221088393
 30
0.0
 40
15.0
 41
0.0
 71
     5
 72
     1
  1
625,3mm [24 5/8"]
  7
DIM
 73
     1
 44
1.0
1001
ACAD
1000
MTEXTBEGIN
1070
    73
1070
     1
1070
    44
1040
1.0
1070
    74
1070
     0
1000
MTEXTEND
  0
POINT
  5
AF0
330
924
100
AcDbEntity
  8
Defpoints
 62
     0
100
AcDbPoint
 10
1291.191367922708
 20
796.5466189678688
 30
0.0
  0
POINT
  5
AF1
330
924
100
AcDbEntity
  8
Defpoints
 62
     0
100
AcDbPoint
 10
665.8913679227087
 20
796.5466189678688
 30
0.0
  0
POINT
  5
AF2
330
924
100
AcDbEntity
  8
Defpoints
 62
     0
100
AcDbPoint
 10
665.8913679227087
 20
1019.19221088393
 30
0.0
  0
ENDBLK
  5
926
330
924
100
AcDbEntity
  8
0
100
AcDbBlockEnd
  0
BLOCK
  5
931
330
930
100
AcDbEntity
  8
0
100
AcDbBlockBegin
  2
*D25
 70
     1
 10
0.0
 20
0.0
 30
0.0
  3
*D25
  1

  0
LINE
  5
AF3
330
930
100
AcDbEntity
  8
0
 62
     1
370
    -2
100
AcDbLine
 10
1201.416367922708
 20
992.6966189678683
 30
0.0
 11
1355.470655691958
 21
992.6966189678683
 31
0.0
  0
LINE
  5
AF4
330
930
100
AcDbEntity
  8
0
 62
     1
370
    -2
100
AcDbLine
 10
1201.416367922708
 20
600.3966189678691
 30
0.0
 11
1355.470655691958
 21
600.3966189678691
 31
0.0
  0
LINE
  5
AF5
330
930
100
AcDbEntity
  8
0
 62
     1
100
AcDbLine
 10
1351.720655691958
 20
980.0966189678684
 30
0.0
 11
1351.720655691958
 21
612.9966189678691
 31
0.0
  0
SOLID
  5
AF6
330
930
100
AcDbEntity
  8
0
 62
     1
100
AcDbTrace
 10
1353.820655691958
 20
980.0966189678684
 30
0.0
 11
1349.620655691958
 21
980.0966189678684
 31
0.0
 12
1351.720655691958
 22
992.6966189678683
 32
0.0
 13
1351.720655691958
 23
992.6966189678683
 33
0.0
  0
SOLID
  5
AF7
330
930
100
AcDbEntity
  8
0
 62
     1
100
AcDbTrace
 10
1349.620655691958
 20
612.9966189678691
 30
0.0
 11
1353.820655691958
 21
612.9966189678691
 31
0.0
 12
1351.720655691958
 22
600.3966189678691
 32
0.0
 13
1351.720655691958
 23
600.3966189678691
 33
0.0
  0
MTEXT
  5
AF8
330
930
100
AcDbEntity
  8
0
 62
     3
100
AcDbMText
 10
1336.970655691958
 20
796.5466189678688
 30
0.0
 40
15.0
 41
0.0
 71
     5
 72
     1
  1
392,3mm [15 7/16"]
  7
DIM
 11
0.0
 21
1.0
 31
0.0
 73
     1
 44
1.0
1001
ACAD
1000
MTEXTBEGIN
1070
    73
1070
     1
1070
    44
1040
1.0
1070
    74
1070
     0
1000
MTEXTEND
  0
POINT
  5
AF9
330
930
100
AcDbEntity
  8
Defpoints
 62
     0
100
AcDbPoint
 10
1199.541367922708
 20
992.6966189678683
 30
0.0
  0
POINT
  5
AFA
330
930
100
AcDbEntity
  8
Defpoints
 62
     0
100
AcDbPoint
 10
1199.541367922708
 20
600.3966189678691
 30
0.0
  0
POINT
  5
AFB
330
930
100
AcDbEntity
  8
Defpoints
 62
     0
100
AcDbPoint
 10
1351.720655691958
 20
600.3966189678691
 30
0.0
  0
ENDBLK
  5
932
330
930
100
AcDbEntity
  8
0
100
AcDbBlockEnd
  0
BLOCK
  5
93D
330
93C
100
AcDbEntity
  8
0
100
AcDbBlockBegin
  2
*D26
 70
     1
 10
0.0
 20
0.0
 30
0.0
  3
*D26
  1

  0
LINE
  5
AFC
330
93C
100
AcDbEntity
  8
0
 62
     1
370
    -2
100
AcDbLine
 10
1201.416367922708
 20
999.0466189678688
 30
0.0
 11
1401.2043966585
 21
999.0466189678688
 31
0.0
  0
LINE
  5
AFD
330
93C
100
AcDbEntity
  8
0
 62
     1
370
    -2
100
AcDbLine
 10
1201.416367922708
 20
594.0466189678687
 30
0.0
 11
1401.2043966585
 21
594.0466189678687
 31
0.0
  0
LINE
  5
AFE
330
93C
100
AcDbEntity
  8
0
 62
     1
100
AcDbLine
 10
1397.4543966585
 20
986.4466189678687
 30
0.0
 11
1397.4543966585
 21
606.6466189678688
 31
0.0
  0
SOLID
  5
AFF
330
93C
100
AcDbEntity
  8
0
 62
     1
100
AcDbTrace
 10
1399.5543966585
 20
986.4466189678687
 30
0.0
 11
1395.3543966585
 21
986.4466189678687
 31
0.0
 12
1397.4543966585
 22
999.0466189678688
 32
0.0
 13
1397.4543966585
 23
999.0466189678688
 33
0.0
  0
SOLID
  5
B00
330
93C
100
AcDbEntity
  8
0
 62
     1
100
AcDbTrace
 10
1395.3543966585
 20
606.6466189678688
 30
0.0
 11
1399.5543966585
 21
606.6466189678688
 31
0.0
 12
1397.4543966585
 22
594.0466189678687
 32
0.0
 13
1397.4543966585
 23
594.0466189678687
 33
0.0
  0
MTEXT
  5
B01
330
93C
100
AcDbEntity
  8
0
 62
     3
100
AcDbMText
 10
1383.9543966585
 20
796.5466189678688
 30
0.0
 40
15.0
 41
0.0
 71
     5
 72
     1
  1
405mm [15 15/16"]
  7
DIM
 11
0.0
 21
1.0
 31
0.0
 73
     1
 44
1.0
1001
ACAD
1000
MTEXTBEGIN
1070
    73
1070
     1
1070
    44
1040
1.0
1070
    74
1070
     0
1000
MTEXTEND
  0
POINT
  5
B02
330
93C
100
AcDbEntity
  8
Defpoints
 62
     0
100
AcDbPoint
 10
1199.541367922708
 20
999.0466189678688
 30
0.0
  0
POINT
  5
B03
330
93C
100
AcDbEntity
  8
Defpoints
 62
     0
100
AcDbPoint
 10
1199.541367922708
 20
594.0466189678687
 30
0.0
  0
POINT
  5
B04
330
93C
100
AcDbEntity
  8
Defpoints
 62
     0
100
AcDbPoint
 10
1397.4543966585
 20
594.0466189678687
 30
0.0
  0
ENDBLK
  5
93E
330
93C
100
AcDbEntity
  8
0
100
AcDbBlockEnd
  0
BLOCK
  5
949
330
948
100
AcDbEntity
  8
0
100
AcDbBlockBegin
  2
*D27
 70
     1
 10
0.0
 20
0.0
 30
0.0
  3
*D27
  1

  0
LINE
  5
B05
330
948
100
AcDbEntity
  8
0
 62
     1
370
    -2
100
AcDbLine
 10
1200.891995331595
 20
1005.396618967869
 30
0.0
 11
1445.388377988048
 21
1005.396618967869
 31
0.0
  0
LINE
  5
B06
330
948
100
AcDbEntity
  8
0
 62
     1
370
    -2
100
AcDbLine
 10
1200.891995331595
 20
587.6966189678682
 30
0.0
 11
1445.388377988048
 21
587.6966189678682
 31
0.0
  0
LINE
  5
B07
330
948
100
AcDbEntity
  8
0
 62
     1
100
AcDbLine
 10
1441.638377988048
 20
992.7966189678688
 30
0.0
 11
1441.638377988048
 21
600.2966189678683
 31
0.0
  0
SOLID
  5
B08
330
948
100
AcDbEntity
  8
0
 62
     1
100
AcDbTrace
 10
1443.738377988048
 20
992.7966189678688
 30
0.0
 11
1439.538377988048
 21
992.7966189678688
 31
0.0
 12
1441.638377988048
 22
1005.396618967869
 32
0.0
 13
1441.638377988048
 23
1005.396618967869
 33
0.0
  0
SOLID
  5
B09
330
948
100
AcDbEntity
  8
0
 62
     1
100
AcDbTrace
 10
1439.538377988048
 20
600.2966189678683
 30
0.0
 11
1443.738377988048
 21
600.2966189678683
 31
0.0
 12
1441.638377988048
 22
587.6966189678682
 32
0.0
 13
1441.638377988048
 23
587.6966189678682
 33
0.0
  0
MTEXT
  5
B0A
330
948
100
AcDbEntity
  8
0
 62
     3
100
AcDbMText
 10
1426.888377988048
 20
796.5466189678687
 30
0.0
 40
15.0
 41
0.0
 71
     5
 72
     1
  1
417,7mm [16 7/16"]
  7
DIM
 11
0.0
 21
1.0
 31
0.0
 73
     1
 44
1.0
1001
ACAD
1000
MTEXTBEGIN
1070
    73
1070
     1
1070
    44
1040
1.0
1070
    74
1070
     0
1000
MTEXTEND
  0
POINT
  5
B0B
330
948
100
AcDbEntity
  8
Defpoints
 62
     0
100
AcDbPoint
 10
1199.016995331595
 20
1005.396618967869
 30
0.0
  0
POINT
  5
B0C
330
948
100
AcDbEntity
  8
Defpoints
 62
     0
100
AcDbPoint
 10
1199.016995331595
 20
587.6966189678682
 30
0.0
  0
POINT
  5
B0D
330
948
100
AcDbEntity
  8
Defpoints
 62
     0
100
AcDbPoint
 10
1441.638377988048
 20
587.6966189678682
 30
0.0
  0
ENDBLK
  5
94A
330
948
100
AcDbEntity
  8
0
100
AcDbBlockEnd
  0
BLOCK
  5
955
330
954
100
AcDbEntity
  8
0
100
AcDbBlockBegin
  2
*D28
 70
     1
 10
0.0
 20
0.0
 30
0.0
  3
*D28
  1

  0
LINE
  5
B0E
330
954
100
AcDbEntity
  8
0
 62
     1
100
AcDbLine
 10
482.5923679266792
 20
574.7287233918415
 30
0.0
 11
661.6552897654631
 21
651.1330207929078
 31
0.0
  0
MTEXT
  5
B0F
330
954
100
AcDbEntity
  8
0
 62
     3
100
AcDbMText
 10
558.778182244987
 20
623.2730312111557
 30
0.0
 40
15.0
 41
0.0
 71
     5
 72
     1
  1
R91,65mm [R3 5/8"]
  7
DIM
 11
0.9197705338824381
 21
0.3924565772179323
 31
0.0
 73
     1
 44
1.0
1001
ACAD
1000
MTEXTBEGIN
1070
    73
1070
     1
1070
    44
1040
1.0
1070
    74
1070
     0
1000
MTEXTEND
  0
SOLID
  5
B10
330
954
100
AcDbEntity
  8
0
 62
     1
100
AcDbTrace
 10
662.4794485776208
 20
649.2015026717547
 30
0.0
 11
660.8311309533055
 21
653.0645389140609
 31
0.0
 12
673.2443984923819
 22
656.0779736658537
 32
0.0
 13
673.2443984923819
 23
656.0779736658537
 33
0.0
  0
POINT
  5
B11
330
954
100
AcDbEntity
  8
Defpoints
 62
     0
100
AcDbPoint
 10
673.2443984923819
 20
656.0779736658537
 30
0.0
  0
POINT
  5
B12
330
954
100
AcDbEntity
  8
Defpoints
 62
     0
100
AcDbPoint
 10
757.5413679226958
 20
692.0466189678722
 30
0.0
  0
ENDBLK
  5
956
330
954
100
AcDbEntity
  8
0
100
AcDbBlockEnd
  0
BLOCK
  5
95D
330
95C
100
AcDbEntity
  8
0
100
AcDbBlockBegin
  2
*D29
 70
     1
 10
0.0
 20
0.0
 30
0.0
  3
*D29
  1

  0
LINE
  5
B13
330
95C
100
AcDbEntity
  8
0
 62
     1
100
AcDbLine
 10
526.9334591208534
 20
526.3186334566925
 30
0.0
 11
667.7285091029992
 21
627.5019802235763
 31
0.0
  0
MTEXT
  5
B14
330
95C
100
AcDbEntity
  8
0
 62
     3
100
AcDbMText
 10
582.1920228657464
 20
582.6551547626056
 30
0.0
 40
15.0
 41
0.0
 71
     5
 72
     1
  1
R98mm [R3 7/8"]
  7
DIM
 11
0.8120511647352291
 21
0.5835862454274928
 31
0.0
 73
     1
 44
1.0
1001
ACAD
1000
MTEXTBEGIN
1070
    73
1070
     1
1070
    44
1040
1.0
1070
    74
1070
     0
1000
MTEXTEND
  0
SOLID
  5
B15
330
95C
100
AcDbEntity
  8
0
 62
     1
100
AcDbTrace
 10
668.954040218397
 20
625.7966727776323
 30
0.0
 11
666.5029779876014
 21
629.2072876695202
 31
0.0
 12
677.9603537786631
 22
634.8551669159627
 32
0.0
 13
677.9603537786631
 23
634.8551669159627
 33
0.0
  0
POINT
  5
B16
330
95C
100
AcDbEntity
  8
Defpoints
 62
     0
100
AcDbPoint
 10
677.9603537786631
 20
634.8551669159627
 30
0.0
  0
POINT
  5
B17
330
95C
100
AcDbEntity
  8
Defpoints
 62
     0
100
AcDbPoint
 10
757.5413679227446
 20
692.0466189678778
 30
0.0
  0
ENDBLK
  5
95E
330
95C
100
AcDbEntity
  8
0
100
AcDbBlockEnd
  0
BLOCK
  5
965
330
964
100
AcDbEntity
  8
0
100
AcDbBlockBegin
  2
*D30
 70
     1
 10
0.0
 20
0.0
 30
0.0
  3
*D30
  1

  0
LINE
  5
B18
330
964
100
AcDbEntity
  8
0
 62
     1
100
AcDbLine
 10
560.8942844802851
 20
448.4686497802006
 30
0.0
 11
684.0774598933584
 21
601.0501535581881
 31
0.0
  0
MTEXT
  5
B19
330
964
100
AcDbEntity
  8
0
 62
     3
100
AcDbMText
 10
618.0446400802489
 20
542.7393337429133
 30
0.0
 40
15.0
 41
0.0
 71
     5
 72
     1
  1
R104,35mm [R4 1/8"]
  7
DIM
 11
0.6281650964460649
 21
0.7780800804588858
 31
0.0
 73
     1
 44
1.0
1001
ACAD
1000
MTEXTBEGIN
1070
    73
1070
     1
1070
    44
1040
1.0
1070
    74
1070
     0
1000
MTEXTEND
  0
SOLID
  5
B1A
330
964
100
AcDbEntity
  8
0
 62
     1
100
AcDbTrace
 10
685.711428062322
 20
599.7310068556514
 30
0.0
 11
682.4434917243948
 21
602.3693002607249
 31
0.0
 12
691.9923401085788
 22
610.8539625719701
 32
0.0
 13
691.9923401085788
 23
610.8539625719701
 33
0.0
  0
POINT
  5
B1B
330
964
100
AcDbEntity
  8
Defpoints
 62
     0
100
AcDbPoint
 10
691.9923401085788
 20
610.8539625719701
 30
0.0
  0
POINT
  5
B1C
330
964
100
AcDbEntity
  8
Defpoints
 62
     0
100
AcDbPoint
 10
757.5413679227266
 20
692.046618967856
 30
0.0
  0
ENDBLK
  5
966
330
964
100
AcDbEntity
  8
0
100
AcDbBlockEnd
  0
BLOCK
  5
96D
330
96C
100
AcDbEntity
  8
0
100
AcDbBlockBegin
  2
*D31
 70
     1
 10
0.0
 20
0.0
 30
0.0
  3
*D31
  1

  0
LINE
  5
B1D
330
96C
100
AcDbEntity
  8
0
 62
     1
370
    -2
100
AcDbLine
 10
659.5413679227083
 20
798.4216189678687
 30
0.0
 11
659.5413679227083
 21
817.2387025727134
 31
0.0
  0
LINE
  5
B1E
330
96C
100
AcDbEntity
  8
0
 62
     1
370
    -2
100
AcDbLine
 10
653.1913679227081
 20
798.4216189678687
 30
0.0
 11
653.1913679227081
 21
817.2387025727134
 31
0.0
  0
LINE
  5
B1F
330
96C
100
AcDbEntity
  8
0
 62
     1
100
AcDbLine
 10
640.591367922708
 20
813.4887025727135
 30
0.0
 11
502.241367922708
 21
813.4887025727135
 31
0.0
  0
LINE
  5
B20
330
96C
100
AcDbEntity
  8
0
 62
     1
100
AcDbLine
 10
672.1413679227083
 20
813.4887025727135
 30
0.0
 11
684.7413679227083
 21
813.4887025727135
 31
0.0
  0
SOLID
  5
B21
330
96C
100
AcDbEntity
  8
0
 62
     1
100
AcDbTrace
 10
672.1413679227083
 20
815.5887025727135
 30
0.0
 11
672.1413679227083
 21
811.3887025727134
 31
0.0
 12
659.5413679227083
 22
813.4887025727135
 32
0.0
 13
659.5413679227083
 23
813.4887025727135
 33
0.0
  0
SOLID
  5
B22
330
96C
100
AcDbEntity
  8
0
 62
     1
100
AcDbTrace
 10
640.591367922708
 20
811.3887025727134
 30
0.0
 11
640.591367922708
 21
815.5887025727135
 31
0.0
 12
653.1913679227081
 22
813.4887025727135
 32
0.0
 13
653.1913679227081
 23
813.4887025727135
 33
0.0
  0
MTEXT
  5
B23
330
96C
100
AcDbEntity
  8
0
 62
     3
100
AcDbMText
 10
565.1163679227081
 20
828.2387025727134
 30
0.0
 40
15.0
 41
0.0
 71
     5
 72
     1
  1
6,35mm [1/4"]
  7
DIM
 73
     1
 44
1.0
1001
ACAD
1000
MTEXTBEGIN
1070
    73
1070
     1
1070
    44
1040
1.0
1070
    74
1070
     0
1000
MTEXTEND
  0
POINT
  5
B24
330
96C
100
AcDbEntity
  8
Defpoints
 62
     0
100
AcDbPoint
 10
659.5413679227083
 20
796.5466189678688
 30
0.0
  0
POINT
  5
B25
330
96C
100
AcDbEntity
  8
Defpoints
 62
     0
100
AcDbPoint
 10
653.1913679227081
 20
796.5466189678688
 30
0.0
  0
POINT
  5
B26
330
96C
100
AcDbEntity
  8
Defpoints
 62
     0
100
AcDbPoint
 10
653.1913679227081
 20
813.4887025727135
 30
0.0
  0
ENDBLK
  5
96E
330
96C
100
AcDbEntity
  8
0
100
AcDbBlockEnd
  0
BLOCK
  5
97A
330
979
100
AcDbEntity
  8
0
100
AcDbBlockBegin
  2
*D32
 70
     1
 10
0.0
 20
0.0
 30
0.0
  3
*D32
  1

  0
LINE
  5
B27
330
979
100
AcDbEntity
  8
0
 62
     1
370
    -2
100
AcDbLine
 10
679.5413679227083
 20
794.6716189678778
 30
0.0
 11
679.5413679227083
 21
760.1269245771241
 31
0.0
  0
LINE
  5
B28
330
979
100
AcDbEntity
  8
0
 62
     1
370
    -2
100
AcDbLine
 10
659.5413679227083
 20
794.6716189678688
 30
0.0
 11
659.5413679227083
 21
760.1269245771241
 31
0.0
  0
LINE
  5
B29
330
979
100
AcDbEntity
  8
0
 62
     1
100
AcDbLine
 10
646.9413679227082
 20
763.8769245771242
 30
0.0
 11
508.5913679227083
 21
763.8769245771242
 31
0.0
  0
LINE
  5
B2A
330
979
100
AcDbEntity
  8
0
 62
     1
100
AcDbLine
 10
692.1413679227083
 20
763.8769245771242
 30
0.0
 11
704.7413679227084
 21
763.8769245771242
 31
0.0
  0
SOLID
  5
B2B
330
979
100
AcDbEntity
  8
0
 62
     1
100
AcDbTrace
 10
692.1413679227083
 20
765.9769245771242
 30
0.0
 11
692.1413679227083
 21
761.7769245771242
 31
0.0
 12
679.5413679227083
 22
763.8769245771242
 32
0.0
 13
679.5413679227083
 23
763.8769245771242
 33
0.0
  0
SOLID
  5
B2C
330
979
100
AcDbEntity
  8
0
 62
     1
100
AcDbTrace
 10
646.9413679227082
 20
761.7769245771242
 30
0.0
 11
646.9413679227082
 21
765.9769245771242
 31
0.0
 12
659.5413679227083
 22
763.8769245771242
 32
0.0
 13
659.5413679227083
 23
763.8769245771242
 33
0.0
  0
MTEXT
  5
B2D
330
979
100
AcDbEntity
  8
0
 62
     3
100
AcDbMText
 10
571.4663679227083
 20
777.3769245771242
 30
0.0
 40
15.0
 41
0.0
 71
     5
 72
     1
  1
20mm [13/16"]
  7
DIM
 73
     1
 44
1.0
1001
ACAD
1000
MTEXTBEGIN
1070
    73
1070
     1
1070
    44
1040
1.0
1070
    74
1070
     0
1000
MTEXTEND
  0
POINT
  5
B2E
330
979
100
AcDbEntity
  8
Defpoints
 62
     0
100
AcDbPoint
 10
679.5413679227083
 20
796.5466189678778
 30
0.0
  0
POINT
  5
B2F
330
979
100
AcDbEntity
  8
Defpoints
 62
     0
100
AcDbPoint
 10
659.5413679227083
 20
796.5466189678688
 30
0.0
  0
POINT
  5
B30
330
979
100
AcDbEntity
  8
Defpoints
 62
     0
100
AcDbPoint
 10
659.5413679227083
 20
763.8769245771242
 30
0.0
  0
ENDBLK
  5
97B
330
979
100
AcDbEntity
  8
0
100
AcDbBlockEnd
  0
BLOCK
  5
987
330
986
100
AcDbEntity
  8
0
100
AcDbBlockBegin
  2
*D33
 70
     1
 10
0.0
 20
0.0
 30
0.0
  3
*D33
  1

  0
LINE
  5
B31
330
986
100
AcDbEntity
  8
0
 62
     1
100
AcDbLine
 10
1125.026547894224
 20
840.4205254691124
 30
0.0
 11
1263.029875909916
 21
800.7211368517383
 31
0.0
  0
MTEXT
  5
B32
330
986
100
AcDbEntity
  8
0
 62
     3
100
AcDbMText
 10
1191.705933210118
 20
835.2863679048633
 30
0.0
 40
15.0
 41
0.0
 71
     5
 72
     1
  1
\U+22055mm [\U+22053/16"]
  7
DIM
 11
0.9610259611120619
 21
-0.2764581380039978
 31
0.0
 73
     1
 44
1.0
1001
ACAD
1000
MTEXTBEGIN
1070
    73
1070
     1
1070
    44
1040
1.0
1070
    74
1070
     0
1000
MTEXTEND
  0
SOLID
  5
B33
330
986
100
AcDbEntity
  8
0
 62
     1
100
AcDbTrace
 10
1262.449313820108
 20
798.7029823334029
 30
0.0
 11
1263.610437999724
 21
802.7392913700735
 31
0.0
 12
1275.138803019928
 22
797.2377643128878
 32
0.0
 13
1275.138803019928
 23
797.2377643128878
 33
0.0
  0
POINT
  5
B34
330
986
100
AcDbEntity
  8
Defpoints
 62
     0
100
AcDbPoint
 10
1275.138803019928
 20
797.2377643128878
 30
0.0
  0
POINT
  5
B35
330
986
100
AcDbEntity
  8
Defpoints
 62
     0
100
AcDbPoint
 10
1279.943932825489
 20
795.8554736228676
 30
0.0
  0
ENDBLK
  5
988
330
986
100
AcDbEntity
  8
0
100
AcDbBlockEnd
  0
ENDSEC
  0
SECTION
  2
ENTITIES
  0
LWPOLYLINE
  5
65B
330
1F
100
AcDbEntity
  8
CONT
  6
ACAD_ISO02W100
 62
     2
100
AcDbPolyline
 90
        8
 70
     1
 43
0.0
 10
757.5413679227084
 20
594.0466189678687
 10
1199.541367922708
 20
594.0466189678687
 42
0.4142135623730951
 10
1297.541367922709
 20
692.0466189678688
 10
1297.541367922709
 20
901.0466189678687
 42
0.4142135623730951
 10
1199.541367922708
 20
999.0466189678688
 10
757.5413679227084
 20
999.0466189678688
 42
0.4142135623730951
 10
659.5413679227083
 20
901.0466189678687
 10
659.5413679227083
 20
692.0466189678688
 42
0.4142135623730951
  0
LWPOLYLINE
  5
65C
330
1F
100
AcDbEntity
  8
CONT
 62
     3
100
AcDbPolyline
 90
        8
 70
     1
 43
0.0
 10
757.5413679227084
 20
600.3966189678691
 10
1199.541367922708
 20
600.3966189678691
 42
0.4142135623730927
 10
1291.191367922708
 20
692.0466189678688
 10
1291.191367922708
 20
901.0466189678687
 42
0.4142135623730927
 10
1199.541367922708
 20
992.6966189678683
 10
757.5413679227084
 20
992.6966189678683
 42
0.4142135623730927
 10
665.8913679227087
 20
901.0466189678687
 10
665.8913679227087
 20
692.0466189678688
 42
0.4142135623730927
  0
LWPOLYLINE
  5
65D
330
1F
100
AcDbEntity
  8
0
100
AcDbPolyline
 90
        8
 70
     1
 43
0.0
 10
757.5413679227084
 20
587.6966189678682
 10
1199.541367922708
 20
587.6966189678682
 42
0.4142135623730974
 10
1303.891367922709
 20
692.0466189678688
 10
1303.891367922709
 20
901.0466189678687
 42
0.4142135623730974
 10
1199.541367922708
 20
1005.396618967869
 10
757.5413679227084
 20
1005.396618967869
 42
0.4142135623730974
 10
653.1913679227081
 20
901.0466189678687
 10
653.1913679227081
 20
692.0466189678688
 42
0.4142135623730974
  0
LINE
  5
65E
330
1F
100
AcDbEntity
  8
CONT
  6
ACAD_ISO02W100
 62
     2
100
AcDbLine
 10
978.5413679227085
 20
1005.396618967869
 30
0.0
 11
978.5413679227085
 21
587.6966189678682
 31
0.0
  0
LINE
  5
65F
330
1F
100
AcDbEntity
  8
CONT
  6
ACAD_ISO02W100
 62
     2
100
AcDbLine
 10
653.1913679227081
 20
796.5466189678688
 30
0.0
 11
1303.891367922709
 21
796.5466189678688
 31
0.0
  0
MTEXT
  5
660
330
1F
100
AcDbEntity
  8
Œƒ◊÷
100
AcDbMText
 10
864.5315091472982
 20
746.0388281051976
 30
0.0
 40
5.2
 41
327.0043348498846
 71
     1
 72
     5
  3
\A1;\fTahoma|b1|i0|c0|p34;Use outside line for reveal mount cut\fTahoma|b0|i0|c0|p34; \PSink rim is {\H0.7x;\S1#4;}\H1.00002x;'' revealed from the countertop opening\P\fTahoma|b1|i0|c0|p34;Use the inside line for flush mount cut \P\fTahoma|b0|i0|c0|
  1
p34;Sink wall is flush to the edge of countertop opening \PPlease check the actual template against physical sink unit for the most accurate cut \P\P\fTahoma|b1|i0|c0|p34;\fTahoma|b0|i0|c0|p34;\H1.00009x;\W0.85; 
 73
     1
 44
1.0
1001
ACAD
1000
MTEXTBEGIN
1070
    73
1070
     1
1070
    44
1040
1.0
1070
    74
1070
     0
1000
MTEXTEND
  0
MTEXT
  5
661
330
1F
100
AcDbEntity
  8
Œƒ◊÷
100
AcDbMText
 10
951.3224106679908
 20
695.4863161809778
 30
0.0
 40
2.6
 41
18.80154677781502
 71
     1
 72
     5
  1
{\fTahoma|b0|i0|c163|p34;^ }
 73
     1
 44
1.0
1001
ACAD
1000
MTEXTBEGIN
1070
    73
1070
     1
1070
    44
1040
1.0
1070
    74
1070
     0
1000
MTEXTEND
  0
INSERT
  5
662
330
1F
100
AcDbEntity
  8
CONT
100
AcDbBlockReference
  2
df
 10
2888.736945014548
 20
479.6227042965061
 30
0.0
 41
1.2636
 42
1.2636
 43
1.2636
  0
SPLINE
  5
663
330
1F
100
AcDbEntity
  8
≥ﬂ¥ÁòÀ◊¢
370
     9
100
AcDbSpline
210
0.0
220
0.0
230
1.0
 70
     8
 71
     3
 72
    12
 73
     8
 74
     0
 42
0.000000001
 43
0.0000000001
 40
0.0
 40
0.0
 40
0.0
 40
0.0
 40
0.3333333333333333
 40
0.3333333333333333
 40
0.3333333333333333
 40
0.3333333433333333
 40
1.0
 40
1.0
 40
1.0
 40
1.0
 10
765.1895570243022
 20
713.0593332683007
 30
0.0
 10
765.1895570243022
 20
713.6129602295102
 30
0.0
 10
764.9679973653062
 20
714.1442679130291
 30
0.0
 10
764.5776821920543
 20
714.5345830862703
 30
0.0
 10
764.5776821920543
 20
714.5345830862703
 30
0.0
 10
764.1846451556729
 20
714.927620122639
 30
0.0
 10
763.6555149626683
 20
715.1486354090216
 30
0.0
 10
763.0997105109551
 20
715.1486354090216
 30
0.0
  0
SPLINE
  5
664
330
1F
100
AcDbEntity
  8
≥ﬂ¥ÁòÀ◊¢
370
     9
100
AcDbSpline
210
0.0
220
0.0
230
1.0
 70
     8
 71
     3
 72
    16
 73
    12
 74
     0
 42
0.000000001
 43
0.0000000001
 40
0.0
 40
0.0
 40
0.0
 40
0.0
 40
0.25
 40
0.25
 40
0.25
 40
0.25000001
 40
0.5
 40
0.5
 40
0.5
 40
0.5000000100000001
 40
1.0
 40
1.0
 40
1.0
 40
1.0
 10
729.3290102499585
 20
696.4576012762378
 30
0.0
 10
729.5990190727342
 20
695.7499168617127
 30
0.0
 10
730.1482910529182
 20
695.1832249574696
 30
0.0
 10
730.8450880149092
 20
694.8881749938776
 30
0.0
 10
730.8450880149092
 20
694.8881749938776
 30
0.0
 10
731.5413406042742
 20
694.5942137755362
 30
0.0
 10
732.3274146770225
 20
694.5942137755362
 30
0.0
 10
733.0258447568946
 20
694.8881749938776
 30
0.0
 10
733.0258447568946
 20
694.8881749938776
 30
0.0
 10
733.7226417188782
 20
695.1832249574696
 30
0.0
 10
734.2691918359512
 20
695.7499168617127
 30
0.0
 10
734.5392006587161
 20
696.4576012762378
 30
0.0
  0
SPLINE
  5
665
330
1F
100
AcDbEntity
  8
≥ﬂ¥ÁòÀ◊¢
370
     9
100
AcDbSpline
210
0.0
220
0.0
230
1.0
 70
     8
 71
     3
 72
    12
 73
     8
 74
     0
 42
0.000000001
 43
0.0000000001
 40
0.0
 40
0.0
 40
0.0
 40
0.0
 40
0.3333333333333333
 40
0.3333333333333333
 40
0.3333333333333333
 40
0.3333333433333333
 40
1.0
 40
1.0
 40
1.0
 40
1.0
 10
759.771416272203
 20
694.0607286015135
 30
0.0
 10
759.771416272203
 20
695.6388648458982
 30
0.0
 10
759.1437546337755
 20
697.1522207477216
 30
0.0
 10
758.027790749339
 20
698.2703621226669
 30
0.0
 10
758.027790749339
 20
698.2703621226669
 30
0.0
 10
756.9118268648987
 20
699.3868703797328
 30
0.0
 10
755.3984709630739
 20
700.0118101550166
 30
0.0
 10
753.8176128555559
 20
700.0118101550166
 30
0.0
  0
SPLINE
  5
666
330
1F
100
AcDbEntity
  8
≥ﬂ¥ÁòÀ◊¢
370
     9
100
AcDbSpline
210
0.0
220
0.0
230
1.0
 70
     8
 71
     3
 72
    12
 73
     8
 74
     0
 42
0.000000001
 43
0.0000000001
 40
0.0
 40
0.0
 40
0.0
 40
0.0
 40
0.3333333333333333
 40
0.3333333333333333
 40
0.3333333333333333
 40
0.3333333433333333
 40
1.0
 40
1.0
 40
1.0
 40
1.0
 10
761.2314236566153
 20
694.0607286015135
 30
0.0
 10
761.2314236566153
 20
696.0275469012564
 30
0.0
 10
760.449704564874
 20
697.9110761891412
 30
0.0
 10
759.0615543671691
 20
699.3019482499899
 30
0.0
 10
759.0615543671691
 20
699.3019482499899
 30
0.0
 10
757.6706823063167
 20
700.6900984477057
 30
0.0
 10
755.7844311552933
 20
701.4718175394397
 30
0.0
 10
753.820334718689
 20
701.4718175394397
 30
0.0
  0
SPLINE
  5
667
330
1F
100
AcDbEntity
  8
≥ﬂ¥ÁòÀ◊¢
370
     9
100
AcDbSpline
210
0.0
220
0.0
230
1.0
 70
     8
 71
     3
 72
     8
 73
     4
 74
     0
 42
0.000000001
 43
0.0000000001
 40
0.0
 40
0.0
 40
0.0
 40
0.0
 40
1.0
 40
1.0
 40
1.0
 40
1.0
 10
765.1895570243022
 20
702.6367749602693
 30
0.0
 10
763.0039009286838
 20
700.8376234295032
 30
0.0
 10
761.5460710347714
 20
698.3057463433929
 30
0.0
 10
761.0882536558334
 20
695.5136591417872
 30
0.0
  0
SPLINE
  5
668
330
1F
100
AcDbEntity
  8
≥ﬂ¥ÁòÀ◊¢
370
     9
100
AcDbSpline
210
0.0
220
0.0
230
0.0
 70
    24
 71
     3
 72
     8
 73
     4
 74
     0
 42
0.000000001
 43
0.0000000001
 40
0.0
 40
0.0
 40
0.0
 40
0.0
 40
1.0
 40
1.0
 40
1.0
 40
1.0
 10
712.6559654438231
 20
700.5583602720802
 30
0.0
 10
712.6559654438231
 20
700.5583602720802
 30
0.0
 10
710.9912739517958
 20
702.2883764792736
 30
0.0
 10
710.9912739517958
 20
702.2883764792736
 30
0.0
  0
SPLINE
  5
669
330
1F
100
AcDbEntity
  8
≥ﬂ¥ÁòÀ◊¢
370
     9
100
AcDbSpline
210
0.0
220
0.0
230
0.0
 70
    24
 71
     3
 72
     8
 73
     4
 74
     0
 42
0.000000001
 43
0.0000000001
 40
0.0
 40
0.0
 40
0.0
 40
0.0
 40
1.0
 40
1.0
 40
1.0
 40
1.0
 10
731.9501644468133
 20
710.5617516576643
 30
0.0
 10
731.9501644468133
 20
710.5617516576643
 30
0.0
 10
733.1820797007265
 20
708.8137711537953
 30
0.0
 10
733.1820797007265
 20
708.8137711537953
 30
0.0
  0
SPLINE
  5
66A
330
1F
100
AcDbEntity
  8
≥ﬂ¥ÁòÀ◊¢
370
     9
100
AcDbSpline
210
0.0
220
0.0
230
0.0
 70
    24
 71
     3
 72
     8
 73
     4
 74
     0
 42
0.000000001
 43
0.0000000001
 40
0.0
 40
0.0
 40
0.0
 40
0.0
 40
1.0
 40
1.0
 40
1.0
 40
1.0
 10
710.992907069677
 20
702.2861989887683
 30
0.0
 10
710.992907069677
 20
702.2861989887683
 30
0.0
 10
709.6515729178453
 20
700.9938583733225
 30
0.0
 10
709.6515729178453
 20
700.9938583733225
 30
0.0
  0
SPLINE
  5
66B
330
1F
100
AcDbEntity
  8
≥ﬂ¥ÁòÀ◊¢
370
     9
100
AcDbSpline
210
0.0
220
0.0
230
0.0
 70
    24
 71
     3
 72
     8
 73
     4
 74
     0
 42
0.000000001
 43
0.0000000001
 40
0.0
 40
0.0
 40
0.0
 40
0.0
 40
1.0
 40
1.0
 40
1.0
 40
1.0
 10
751.9515034917157
 20
698.4532713251907
 30
0.0
 10
751.9515034917157
 20
698.4532713251907
 30
0.0
 10
753.6189168468617
 20
700.0586262009026
 30
0.0
 10
753.6189168468617
 20
700.0586262009026
 30
0.0
  0
SPLINE
  5
66C
330
1F
100
AcDbEntity
  8
≥ﬂ¥ÁòÀ◊¢
370
     9
100
AcDbSpline
210
0.0
220
0.0
230
0.0
 70
    24
 71
     3
 72
     8
 73
     4
 74
     0
 42
0.000000001
 43
0.0000000001
 40
0.0
 40
0.0
 40
0.0
 40
0.0
 40
1.0
 40
1.0
 40
1.0
 40
1.0
 10
733.1820797007265
 20
708.8137711537953
 30
0.0
 10
733.1820797007265
 20
708.8137711537953
 30
0.0
 10
733.1820797007265
 20
696.4576012762378
 30
0.0
 10
733.1820797007265
 20
696.4576012762378
 30
0.0
  0
SPLINE
  5
66D
330
1F
100
AcDbEntity
  8
≥ﬂ¥ÁòÀ◊¢
370
     9
100
AcDbSpline
210
0.0
220
0.0
230
0.0
 70
    24
 71
     3
 72
     8
 73
     4
 74
     0
 42
0.000000001
 43
0.0000000001
 40
0.0
 40
0.0
 40
0.0
 40
0.0
 40
1.0
 40
1.0
 40
1.0
 40
1.0
 10
730.070445767319
 20
711.5100487731257
 30
0.0
 10
730.070445767319
 20
711.5100487731257
 30
0.0
 10
730.070445767319
 20
702.6345974697639
 30
0.0
 10
730.070445767319
 20
702.6345974697639
 30
0.0
  0
SPLINE
  5
66E
330
1F
100
AcDbEntity
  8
≥ﬂ¥ÁòÀ◊¢
370
     9
100
AcDbSpline
210
0.0
220
0.0
230
0.0
 70
    24
 71
     3
 72
     8
 73
     4
 74
     0
 42
0.000000001
 43
0.0000000001
 40
0.0
 40
0.0
 40
0.0
 40
0.0
 40
1.0
 40
1.0
 40
1.0
 40
1.0
 10
754.9673278428444
 20
698.6546891970143
 30
0.0
 10
754.9673278428444
 20
698.6546891970143
 30
0.0
 10
752.7860267282367
 20
696.5561327216422
 30
0.0
 10
752.7860267282367
 20
696.5561327216422
 30
0.0
  0
SPLINE
  5
66F
330
1F
100
AcDbEntity
  8
≥ﬂ¥ÁòÀ◊¢
370
     9
100
AcDbSpline
210
0.0
220
0.0
230
0.0
 70
    24
 71
     3
 72
     8
 73
     4
 74
     0
 42
0.000000001
 43
0.0000000001
 40
0.0
 40
0.0
 40
0.0
 40
0.0
 40
1.0
 40
1.0
 40
1.0
 40
1.0
 10
763.0997105109551
 20
715.1470022911438
 30
0.0
 10
763.0997105109551
 20
715.1470022911438
 30
0.0
 10
706.7424456015348
 20
715.1470022911438
 30
0.0
 10
706.7424456015348
 20
715.1470022911438
 30
0.0
  0
SPLINE
  5
670
330
1F
100
AcDbEntity
  8
≥ﬂ¥ÁòÀ◊¢
370
     9
100
AcDbSpline
210
0.0
220
0.0
230
0.0
 70
    24
 71
     3
 72
     8
 73
     4
 74
     0
 42
0.000000001
 43
0.0000000001
 40
0.0
 40
0.0
 40
0.0
 40
0.0
 40
1.0
 40
1.0
 40
1.0
 40
1.0
 10
729.6126283883885
 20
699.6498023583597
 30
0.0
 10
729.6126283883885
 20
699.6498023583597
 30
0.0
 10
729.6126283883885
 20
697.9039993449958
 30
0.0
 10
729.6126283883885
 20
697.9039993449958
 30
0.0
  0
SPLINE
  5
671
330
1F
100
AcDbEntity
  8
≥ﬂ¥ÁòÀ◊¢
370
     9
100
AcDbSpline
210
0.0
220
0.0
230
0.0
 70
    24
 71
     3
 72
     8
 73
     4
 74
     0
 42
0.000000001
 43
0.0000000001
 40
0.0
 40
0.0
 40
0.0
 40
0.0
 40
1.0
 40
1.0
 40
1.0
 40
1.0
 10
735.4836871657887
 20
697.4597912817266
 30
0.0
 10
735.4836871657887
 20
697.4597912817266
 30
0.0
 10
735.4259836673726
 20
696.4423588426931
 30
0.0
 10
735.4259836673726
 20
696.4423588426931
 30
0.0
  0
SPLINE
  5
672
330
1F
100
AcDbEntity
  8
≥ﬂ¥ÁòÀ◊¢
370
     9
100
AcDbSpline
210
0.0
220
0.0
230
0.0
 70
    24
 71
     3
 72
     8
 73
     4
 74
     0
 42
0.000000001
 43
0.0000000001
 40
0.0
 40
0.0
 40
0.0
 40
0.0
 40
1.0
 40
1.0
 40
1.0
 40
1.0
 10
709.6488510547159
 20
700.9960358638315
 30
0.0
 10
709.6488510547159
 20
700.9960358638315
 30
0.0
 10
711.6156693544642
 20
698.9530053963667
 30
0.0
 10
711.6156693544642
 20
698.9530053963667
 30
0.0
  0
SPLINE
  5
673
330
1F
100
AcDbEntity
  8
≥ﬂ¥ÁòÀ◊¢
370
     9
100
AcDbSpline
210
0.0
220
0.0
230
0.0
 70
    24
 71
     3
 72
     8
 73
     4
 74
     0
 42
0.000000001
 43
0.0000000001
 40
0.0
 40
0.0
 40
0.0
 40
0.0
 40
1.0
 40
1.0
 40
1.0
 40
1.0
 10
739.856632474907
 20
700.0118101550166
 30
0.0
 10
739.856632474907
 20
700.0118101550166
 30
0.0
 10
739.856632474907
 20
701.4718175394397
 30
0.0
 10
739.856632474907
 20
701.4718175394397
 30
0.0
  0
SPLINE
  5
674
330
1F
100
AcDbEntity
  8
≥ﬂ¥ÁòÀ◊¢
370
     9
100
AcDbSpline
210
0.0
220
0.0
230
0.0
 70
    24
 71
     3
 72
     8
 73
     4
 74
     0
 42
0.000000001
 43
0.0000000001
 40
0.0
 40
0.0
 40
0.0
 40
0.0
 40
1.0
 40
1.0
 40
1.0
 40
1.0
 10
712.6559654438231
 20
700.5583602720802
 30
0.0
 10
712.6559654438231
 20
700.5583602720802
 30
0.0
 10
751.9515034917157
 20
698.4532713251907
 30
0.0
 10
751.9515034917157
 20
698.4532713251907
 30
0.0
  0
SPLINE
  5
675
330
1F
100
AcDbEntity
  8
≥ﬂ¥ÁòÀ◊¢
370
     9
100
AcDbSpline
210
0.0
220
0.0
230
0.0
 70
    24
 71
     3
 72
     8
 73
     4
 74
     0
 42
0.000000001
 43
0.0000000001
 40
0.0
 40
0.0
 40
0.0
 40
0.0
 40
1.0
 40
1.0
 40
1.0
 40
1.0
 10
728.7601408552026
 20
697.8511952002195
 30
0.0
 10
728.7601408552026
 20
697.8511952002195
 30
0.0
 10
735.4858646563142
 20
697.4597912817266
 30
0.0
 10
735.4858646563142
 20
697.4597912817266
 30
0.0
  0
SPLINE
  5
676
330
1F
100
AcDbEntity
  8
≥ﬂ¥ÁòÀ◊¢
370
     9
100
AcDbSpline
210
0.0
220
0.0
230
0.0
 70
    24
 71
     3
 72
     8
 73
     4
 74
     0
 42
0.000000001
 43
0.0000000001
 40
0.0
 40
0.0
 40
0.0
 40
0.0
 40
1.0
 40
1.0
 40
1.0
 40
1.0
 10
765.1895570243022
 20
702.6345974697639
 30
0.0
 10
765.1895570243022
 20
702.6345974697639
 30
0.0
 10
765.1895570243022
 20
713.0571557777972
 30
0.0
 10
765.1895570243022
 20
713.0571557777972
 30
0.0
  0
SPLINE
  5
677
330
1F
100
AcDbEntity
  8
≥ﬂ¥ÁòÀ◊¢
370
     9
100
AcDbSpline
210
0.0
220
0.0
230
0.0
 70
    24
 71
     3
 72
     8
 73
     4
 74
     0
 42
0.000000001
 43
0.0000000001
 40
0.0
 40
0.0
 40
0.0
 40
0.0
 40
1.0
 40
1.0
 40
1.0
 40
1.0
 10
753.820334718689
 20
700.0118101550166
 30
0.0
 10
753.820334718689
 20
700.0118101550166
 30
0.0
 10
739.859354338051
 20
700.0118101550166
 30
0.0
 10
739.859354338051
 20
700.0118101550166
 30
0.0
  0
SPLINE
  5
678
330
1F
100
AcDbEntity
  8
≥ﬂ¥ÁòÀ◊¢
370
     9
100
AcDbSpline
210
0.0
220
0.0
230
0.0
 70
    24
 71
     3
 72
     8
 73
     4
 74
     0
 42
0.000000001
 43
0.0000000001
 40
0.0
 40
0.0
 40
0.0
 40
0.0
 40
1.0
 40
1.0
 40
1.0
 40
1.0
 10
759.771416272203
 20
681.6844169367729
 30
0.0
 10
759.771416272203
 20
681.6844169367729
 30
0.0
 10
759.771416272203
 20
694.0607286015135
 30
0.0
 10
759.771416272203
 20
694.0607286015135
 30
0.0
  0
SPLINE
  5
679
330
1F
100
AcDbEntity
  8
≥ﬂ¥ÁòÀ◊¢
370
     9
100
AcDbSpline
210
0.0
220
0.0
230
0.0
 70
    24
 71
     3
 72
     8
 73
     4
 74
     0
 42
0.000000001
 43
0.0000000001
 40
0.0
 40
0.0
 40
0.0
 40
0.0
 40
1.0
 40
1.0
 40
1.0
 40
1.0
 10
729.3290102499585
 20
696.4576012762378
 30
0.0
 10
729.3290102499585
 20
696.4576012762378
 30
0.0
 10
734.5392006587161
 20
696.4576012762378
 30
0.0
 10
734.5392006587161
 20
696.4576012762378
 30
0.0
  0
SPLINE
  5
67A
330
1F
100
AcDbEntity
  8
≥ﬂ¥ÁòÀ◊¢
370
     9
100
AcDbSpline
210
0.0
220
0.0
230
0.0
 70
    24
 71
     3
 72
     8
 73
     4
 74
     0
 42
0.000000001
 43
0.0000000001
 40
0.0
 40
0.0
 40
0.0
 40
0.0
 40
1.0
 40
1.0
 40
1.0
 40
1.0
 10
735.4259836673726
 20
696.4423588426931
 30
0.0
 10
735.4259836673726
 20
696.4423588426931
 30
0.0
 10
728.6997154936567
 20
696.8326740159323
 30
0.0
 10
728.6997154936567
 20
696.8326740159323
 30
0.0
  0
SPLINE
  5
67B
330
1F
100
AcDbEntity
  8
≥ﬂ¥ÁòÀ◊¢
370
     9
100
AcDbSpline
210
0.0
220
0.0
230
0.0
 70
    24
 71
     3
 72
     8
 73
     4
 74
     0
 42
0.000000001
 43
0.0000000001
 40
0.0
 40
0.0
 40
0.0
 40
0.0
 40
1.0
 40
1.0
 40
1.0
 40
1.0
 10
761.2314236566153
 20
681.6844169367729
 30
0.0
 10
761.2314236566153
 20
681.6844169367729
 30
0.0
 10
759.771416272203
 20
681.6844169367729
 30
0.0
 10
759.771416272203
 20
681.6844169367729
 30
0.0
  0
SPLINE
  5
67C
330
1F
100
AcDbEntity
  8
≥ﬂ¥ÁòÀ◊¢
370
     9
100
AcDbSpline
210
0.0
220
0.0
230
0.0
 70
    24
 71
     3
 72
     8
 73
     4
 74
     0
 42
0.000000001
 43
0.0000000001
 40
0.0
 40
0.0
 40
0.0
 40
0.0
 40
1.0
 40
1.0
 40
1.0
 40
1.0
 10
761.2314236566153
 20
694.0607286015135
 30
0.0
 10
761.2314236566153
 20
694.0607286015135
 30
0.0
 10
761.2314236566153
 20
681.6844169367729
 30
0.0
 10
761.2314236566153
 20
681.6844169367729
 30
0.0
  0
SPLINE
  5
67D
330
1F
100
AcDbEntity
  8
≥ﬂ¥ÁòÀ◊¢
370
     9
100
AcDbSpline
210
0.0
220
0.0
230
0.0
 70
    24
 71
     3
 72
     8
 73
     4
 74
     0
 42
0.000000001
 43
0.0000000001
 40
0.0
 40
0.0
 40
0.0
 40
0.0
 40
1.0
 40
1.0
 40
1.0
 40
1.0
 10
752.7860267282367
 20
696.5561327216422
 30
0.0
 10
752.7860267282367
 20
696.5561327216422
 30
0.0
 10
711.6156693544642
 20
698.9530053963667
 30
0.0
 10
711.6156693544642
 20
698.9530053963667
 30
0.0
  0
SPLINE
  5
67E
330
1F
100
AcDbEntity
  8
≥ﬂ¥ÁòÀ◊¢
370
     9
100
AcDbSpline
210
0.0
220
0.0
230
0.0
 70
    24
 71
     3
 72
     8
 73
     4
 74
     0
 42
0.000000001
 43
0.0000000001
 40
0.0
 40
0.0
 40
0.0
 40
0.0
 40
1.0
 40
1.0
 40
1.0
 40
1.0
 10
707.6820327549818
 20
702.6367749602693
 30
0.0
 10
707.6820327549818
 20
702.6367749602693
 30
0.0
 10
765.1895570243022
 20
702.6367749602693
 30
0.0
 10
765.1895570243022
 20
702.6367749602693
 30
0.0
  0
SPLINE
  5
67F
330
1F
100
AcDbEntity
  8
≥ﬂ¥ÁòÀ◊¢
370
     9
100
AcDbSpline
210
0.0
220
0.0
230
0.0
 70
    24
 71
     3
 72
     8
 73
     4
 74
     0
 42
0.000000001
 43
0.0000000001
 40
0.0
 40
0.0
 40
0.0
 40
0.0
 40
1.0
 40
1.0
 40
1.0
 40
1.0
 10
730.7465565694972
 20
708.8159486443022
 30
0.0
 10
730.7465565694972
 20
708.8159486443022
 30
0.0
 10
731.9474425836951
 20
710.5633847755458
 30
0.0
 10
731.9474425836951
 20
710.5633847755458
 30
0.0
  0
SPLINE
  5
680
330
1F
100
AcDbEntity
  8
≥ﬂ¥ÁòÀ◊¢
370
     9
100
AcDbSpline
210
0.0
220
0.0
230
0.0
 70
    24
 71
     3
 72
     8
 73
     4
 74
     0
 42
0.000000001
 43
0.0000000001
 40
0.0
 40
0.0
 40
0.0
 40
0.0
 40
1.0
 40
1.0
 40
1.0
 40
1.0
 10
739.856632474907
 20
701.4734506573206
 30
0.0
 10
739.856632474907
 20
701.4734506573206
 30
0.0
 10
753.8176128555559
 20
701.4734506573206
 30
0.0
 10
753.8176128555559
 20
701.4734506573206
 30
0.0
  0
SPLINE
  5
681
330
1F
100
AcDbEntity
  8
≥ﬂ¥ÁòÀ◊¢
370
     9
100
AcDbSpline
210
0.0
220
0.0
230
0.0
 70
    24
 71
     3
 72
     8
 73
     4
 74
     0
 42
0.000000001
 43
0.0000000001
 40
0.0
 40
0.0
 40
0.0
 40
0.0
 40
1.0
 40
1.0
 40
1.0
 40
1.0
 10
730.7465565694972
 20
708.8159486443022
 30
0.0
 10
730.7465565694972
 20
708.8159486443022
 30
0.0
 10
730.7465565694972
 20
696.460323139369
 30
0.0
 10
730.7465565694972
 20
696.460323139369
 30
0.0
  0
SPLINE
  5
682
330
1F
100
AcDbEntity
  8
≥ﬂ¥ÁòÀ◊¢
370
     9
100
AcDbSpline
210
0.0
220
0.0
230
0.0
 70
    24
 71
     3
 72
     8
 73
     4
 74
     0
 42
0.000000001
 43
0.0000000001
 40
0.0
 40
0.0
 40
0.0
 40
0.0
 40
1.0
 40
1.0
 40
1.0
 40
1.0
 10
734.0775726713935
 20
711.5127706362586
 30
0.0
 10
734.0775726713935
 20
711.5127706362586
 30
0.0
 10
730.070445767319
 20
711.5127706362586
 30
0.0
 10
730.070445767319
 20
711.5127706362586
 30
0.0
  0
SPLINE
  5
683
330
1F
100
AcDbEntity
  8
≥ﬂ¥ÁòÀ◊¢
370
     9
100
AcDbSpline
210
0.0
220
0.0
230
0.0
 70
    24
 71
     3
 72
     8
 73
     4
 74
     0
 42
0.000000001
 43
0.0000000001
 40
0.0
 40
0.0
 40
0.0
 40
0.0
 40
1.0
 40
1.0
 40
1.0
 40
1.0
 10
753.6189168468617
 20
700.0586262009026
 30
0.0
 10
753.6189168468617
 20
700.0586262009026
 30
0.0
 10
754.9695053333549
 20
698.6546891970143
 30
0.0
 10
754.9695053333549
 20
698.6546891970143
 30
0.0
  0
SPLINE
  5
684
330
1F
100
AcDbEntity
  8
≥ﬂ¥ÁòÀ◊¢
370
     9
100
AcDbSpline
210
0.0
220
0.0
230
0.0
 70
    24
 71
     3
 72
     8
 73
     4
 74
     0
 42
0.000000001
 43
0.0000000001
 40
0.0
 40
0.0
 40
0.0
 40
0.0
 40
1.0
 40
1.0
 40
1.0
 40
1.0
 10
728.7601408552026
 20
697.8511952002195
 30
0.0
 10
728.7601408552026
 20
697.8511952002195
 30
0.0
 10
728.7018929841605
 20
696.8326740159323
 30
0.0
 10
728.7018929841605
 20
696.8326740159323
 30
0.0
  0
SPLINE
  5
685
330
1F
100
AcDbEntity
  8
≥ﬂ¥ÁòÀ◊¢
370
     9
100
AcDbSpline
210
0.0
220
0.0
230
0.0
 70
    24
 71
     3
 72
     8
 73
     4
 74
     0
 42
0.000000001
 43
0.0000000001
 40
0.0
 40
0.0
 40
0.0
 40
0.0
 40
1.0
 40
1.0
 40
1.0
 40
1.0
 10
734.0775726713935
 20
702.6367749602693
 30
0.0
 10
734.0775726713935
 20
702.6367749602693
 30
0.0
 10
734.0775726713935
 20
711.5127706362586
 30
0.0
 10
734.0775726713935
 20
711.5127706362586
 30
0.0
  0
SPLINE
  5
686
330
1F
100
AcDbEntity
  8
≥ﬂ¥ÁòÀ◊¢
370
     9
100
AcDbSpline
210
0.0
220
0.0
230
0.0
 70
    24
 71
     3
 72
     8
 73
     4
 74
     0
 42
0.000000001
 43
0.0000000001
 40
0.0
 40
0.0
 40
0.0
 40
0.0
 40
1.0
 40
1.0
 40
1.0
 40
1.0
 10
734.5103489095115
 20
699.3885034976108
 30
0.0
 10
734.5103489095115
 20
699.3885034976108
 30
0.0
 10
734.5103489095115
 20
697.6203812065602
 30
0.0
 10
734.5103489095115
 20
697.6203812065602
 30
0.0
  0
SPLINE
  5
687
330
1F
100
AcDbEntity
  8
≥ﬂ¥ÁòÀ◊¢
370
     9
100
AcDbSpline
210
0.0
220
0.0
230
0.0
 70
    24
 71
     3
 72
     8
 73
     4
 74
     0
 42
0.000000001
 43
0.0000000001
 40
0.0
 40
0.0
 40
0.0
 40
0.0
 40
1.0
 40
1.0
 40
1.0
 40
1.0
 10
739.859354338051
 20
701.4734506573206
 30
0.0
 10
739.859354338051
 20
701.4734506573206
 30
0.0
 10
738.1581898800638
 20
702.6367749602693
 30
0.0
 10
738.1581898800638
 20
702.6367749602693
 30
0.0
  0
SPLINE
  5
688
330
1F
100
AcDbEntity
  8
≥ﬂ¥ÁòÀ◊¢
370
     9
100
AcDbSpline
210
0.0
220
0.0
230
1.0
 70
     8
 71
     3
 72
    12
 73
     8
 74
     0
 42
0.000000001
 43
0.0000000001
 40
0.0
 40
0.0
 40
0.0
 40
0.0
 40
0.3333333333333333
 40
0.3333333333333333
 40
0.3333333333333333
 40
0.3333333433333333
 40
1.0
 40
1.0
 40
1.0
 40
1.0
 10
707.6847546180969
 20
702.6367749602693
 30
0.0
 10
706.2737407700757
 20
705.3537387394085
 30
0.0
 10
707.7653217668512
 20
707.5927433524307
 30
0.0
 10
708.1714237462461
 20
710.2198856481869
 30
0.0
 10
708.1714237462461
 20
710.2198856481869
 30
0.0
 10
708.4506869036694
 20
712.0239365325947
 30
0.0
 10
708.2166066742565
 20
714.0125297374022
 30
0.0
 10
706.7451674646678
 20
715.1470022911438
 30
0.0
  0
SPLINE
  5
689
330
1F
100
AcDbEntity
  8
≥ﬂ¥ÁòÀ◊¢
370
     9
100
AcDbSpline
210
0.0
220
0.0
230
1.0
 70
    11
 71
     3
 72
    28
 73
    24
 74
     0
 42
0.000000001
 43
0.0000000001
 40
0.0
 40
0.0
 40
0.0
 40
0.0
 40
0.1428571428571428
 40
0.1428571428571428
 40
0.1428571428571428
 40
0.1428571528571428
 40
0.2857142857142857
 40
0.2857142857142857
 40
0.2857142857142857
 40
0.2857142957142857
 40
0.428571428571429
 40
0.428571428571429
 40
0.428571428571429
 40
0.4285714385714289
 40
0.5714285714285714
 40
0.5714285714285714
 40
0.5714285714285714
 40
0.5714285814285715
 40
0.7142857142857145
 40
0.7142857142857145
 40
0.7142857142857145
 40
0.7142857242857146
 40
1.0
 40
1.0
 40
1.0
 40
1.0
 10
707.3929708902603
 20
714.3549401195038
 30
0.0
 10
707.3929708902603
 20
714.3549401195038
 30
0.0
 10
707.6722340477015
 20
714.3549401195038
 30
0.0
 10
707.6722340477015
 20
714.3549401195038
 30
0.0
 10
707.6722340477015
 20
714.3549401195038
 30
0.0
 10
707.6722340477015
 20
714.5089975728192
 30
0.0
 10
707.5470283435777
 20
714.6342032769285
 30
0.0
 10
707.3929708902603
 20
714.6342032769285
 30
0.0
 10
707.3929708902603
 20
714.6342032769285
 30
0.0
 10
707.2394578095797
 20
714.6342032769285
 30
0.0
 10
707.1142521054743
 20
714.5089975728192
 30
0.0
 10
707.1142521054743
 20
714.3549401195038
 30
0.0
 10
707.1142521054743
 20
714.3549401195038
 30
0.0
 10
707.1142521054743
 20
714.2014270388159
 30
0.0
 10
707.2394578095797
 20
714.0762213347065
 30
0.0
 10
707.3929708902603
 20
714.0762213347065
 30
0.0
 10
707.3929708902603
 20
714.0762213347065
 30
0.0
 10
707.5470283435777
 20
714.0762213347065
 30
0.0
 10
707.6722340477015
 20
714.2014270388159
 30
0.0
 10
707.6722340477015
 20
714.3549401195038
 30
0.0
 10
707.6722340477015
 20
714.3549401195038
 30
0.0
 10
707.6722340477015
 20
714.3549401195038
 30
0.0
 10
707.3929708902603
 20
714.3549401195038
 30
0.0
 10
707.3929708902603
 20
714.3549401195038
 30
0.0
  0
SPLINE
  5
68A
330
1F
100
AcDbEntity
  8
≥ﬂ¥ÁòÀ◊¢
370
     9
100
AcDbSpline
210
0.0
220
0.0
230
0.0
 70
    24
 71
     3
 72
     8
 73
     4
 74
     0
 42
0.000000001
 43
0.0000000001
 40
0.0
 40
0.0
 40
0.0
 40
0.0
 40
1.0
 40
1.0
 40
1.0
 40
1.0
 10
707.8545988775974
 20
714.8165681068245
 30
0.0
 10
707.8545988775974
 20
714.8165681068245
 30
0.0
 10
708.1872105524221
 20
715.1486354090216
 30
0.0
 10
708.1872105524221
 20
715.1486354090216
 30
0.0
  0
SPLINE
  5
68B
330
1F
100
AcDbEntity
  8
≥ﬂ¥ÁòÀ◊¢
370
     9
100
AcDbSpline
210
0.0
220
0.0
230
0.0
 70
    24
 71
     3
 72
     8
 73
     4
 74
     0
 42
0.000000001
 43
0.0000000001
 40
0.0
 40
0.0
 40
0.0
 40
0.0
 40
1.0
 40
1.0
 40
1.0
 40
1.0
 10
708.2117073206197
 20
712.3739681314678
 30
0.0
 10
708.2117073206197
 20
712.3739681314678
 30
0.0
 10
710.3015538339557
 20
714.4659921353238
 30
0.0
 10
710.3015538339557
 20
714.4659921353238
 30
0.0
  0
SPLINE
  5
68C
330
1F
100
AcDbEntity
  8
≥ﬂ¥ÁòÀ◊¢
370
     9
100
AcDbSpline
210
0.0
220
0.0
230
1.0
 70
    11
 71
     3
 72
    28
 73
    24
 74
     0
 42
0.000000001
 43
0.0000000001
 40
0.0
 40
0.0
 40
0.0
 40
0.0
 40
0.1428571428571428
 40
0.1428571428571428
 40
0.1428571428571428
 40
0.1428571528571428
 40
0.2857142857142857
 40
0.2857142857142857
 40
0.2857142857142857
 40
0.2857142957142857
 40
0.428571428571429
 40
0.428571428571429
 40
0.428571428571429
 40
0.4285714385714289
 40
0.5714285714285714
 40
0.5714285714285714
 40
0.5714285714285714
 40
0.5714285814285715
 40
0.7142857142857145
 40
0.7142857142857145
 40
0.7142857142857145
 40
0.7142857242857146
 40
1.0
 40
1.0
 40
1.0
 40
1.0
 10
710.9847414802779
 20
715.1491797816492
 30
0.0
 10
710.9847414802779
 20
715.1491797816492
 30
0.0
 10
711.2640046377045
 20
715.1491797816492
 30
0.0
 10
711.2640046377045
 20
715.1491797816492
 30
0.0
 10
711.2640046377045
 20
715.1491797816492
 30
0.0
 10
711.2640046377045
 20
715.3032372349647
 30
0.0
 10
711.1387989335987
 20
715.4284429390704
 30
0.0
 10
710.9847414802779
 20
715.4284429390704
 30
0.0
 10
710.9847414802779
 20
715.4284429390704
 30
0.0
 10
710.83122839959
 20
715.4284429390704
 30
0.0
 10
710.7054783228583
 20
715.3032372349647
 30
0.0
 10
710.7054783228583
 20
715.1491797816492
 30
0.0
 10
710.7054783228583
 20
715.1491797816492
 30
0.0
 10
710.7054783228583
 20
714.9956667009597
 30
0.0
 10
710.83122839959
 20
714.8704609968541
 30
0.0
 10
710.9847414802779
 20
714.8704609968541
 30
0.0
 10
710.9847414802779
 20
714.8704609968541
 30
0.0
 10
711.1387989335987
 20
714.8704609968541
 30
0.0
 10
711.2640046377045
 20
714.9956667009597
 30
0.0
 10
711.2640046377045
 20
715.1491797816492
 30
0.0
 10
711.2640046377045
 20
715.1491797816492
 30
0.0
 10
711.2640046377045
 20
715.1491797816492
 30
0.0
 10
710.9847414802779
 20
715.1491797816492
 30
0.0
 10
710.9847414802779
 20
715.1491797816492
 30
0.0
  0
SPLINE
  5
68D
330
1F
100
AcDbEntity
  8
≥ﬂ¥ÁòÀ◊¢
370
     9
100
AcDbSpline
210
0.0
220
0.0
230
0.0
 70
    24
 71
     3
 72
     8
 73
     4
 74
     0
 42
0.000000001
 43
0.0000000001
 40
0.0
 40
0.0
 40
0.0
 40
0.0
 40
1.0
 40
1.0
 40
1.0
 40
1.0
 10
707.9770827185738
 20
709.3429013468091
 30
0.0
 10
707.9770827185738
 20
709.3429013468091
 30
0.0
 10
709.2520034099568
 20
710.6172776655736
 30
0.0
 10
709.2520034099568
 20
710.6172776655736
 30
0.0
  0
SPLINE
  5
68E
330
1F
100
AcDbEntity
  8
≥ﬂ¥ÁòÀ◊¢
370
     9
100
AcDbSpline
210
0.0
220
0.0
230
1.0
 70
    11
 71
     3
 72
    28
 73
    24
 74
     0
 42
0.000000001
 43
0.0000000001
 40
0.0
 40
0.0
 40
0.0
 40
0.0
 40
0.1428571428571428
 40
0.1428571428571428
 40
0.1428571428571428
 40
0.1428571528571428
 40
0.2857142857142857
 40
0.2857142857142857
 40
0.2857142857142857
 40
0.2857142957142857
 40
0.428571428571429
 40
0.428571428571429
 40
0.428571428571429
 40
0.4285714385714289
 40
0.5714285714285714
 40
0.5714285714285714
 40
0.5714285714285714
 40
0.5714285814285715
 40
0.7142857142857145
 40
0.7142857142857145
 40
0.7142857142857145
 40
0.7142857242857146
 40
1.0
 40
1.0
 40
1.0
 40
1.0
 10
709.9531553529732
 20
711.3189739812046
 30
0.0
 10
709.9531553529732
 20
711.3189739812046
 30
0.0
 10
710.2324185103888
 20
711.3189739812046
 30
0.0
 10
710.2324185103888
 20
711.3189739812046
 30
0.0
 10
710.2324185103888
 20
711.3189739812046
 30
0.0
 10
710.2324185103888
 20
711.4730314345202
 30
0.0
 10
710.1072128062686
 20
711.5982371386259
 30
0.0
 10
709.9531553529732
 20
711.5982371386259
 30
0.0
 10
709.9531553529732
 20
711.5982371386259
 30
0.0
 10
709.7996422722708
 20
711.5982371386259
 30
0.0
 10
709.6744365681651
 20
711.4730314345202
 30
0.0
 10
709.6744365681651
 20
711.3189739812046
 30
0.0
 10
709.6744365681651
 20
711.3189739812046
 30
0.0
 10
709.6744365681651
 20
711.1654609005167
 30
0.0
 10
709.7996422722708
 20
711.0402551964076
 30
0.0
 10
709.9531553529732
 20
711.0402551964076
 30
0.0
 10
709.9531553529732
 20
711.0402551964076
 30
0.0
 10
710.1072128062686
 20
711.0402551964076
 30
0.0
 10
710.2324185103888
 20
711.1654609005167
 30
0.0
 10
710.2324185103888
 20
711.3189739812046
 30
0.0
 10
710.2324185103888
 20
711.3189739812046
 30
0.0
 10
710.2324185103888
 20
711.3189739812046
 30
0.0
 10
709.9531553529732
 20
711.3189739812046
 30
0.0
 10
709.9531553529732
 20
711.3189739812046
 30
0.0
  0
SPLINE
  5
68F
330
1F
100
AcDbEntity
  8
≥ﬂ¥ÁòÀ◊¢
370
     9
100
AcDbSpline
210
0.0
220
0.0
230
0.0
 70
    24
 71
     3
 72
     8
 73
     4
 74
     0
 42
0.000000001
 43
0.0000000001
 40
0.0
 40
0.0
 40
0.0
 40
0.0
 40
1.0
 40
1.0
 40
1.0
 40
1.0
 10
710.6510410602157
 20
712.0168596884492
 30
0.0
 10
710.6510410602157
 20
712.0168596884492
 30
0.0
 10
713.7833611534069
 20
715.1486354090216
 30
0.0
 10
713.7833611534069
 20
715.1486354090216
 30
0.0
  0
SPLINE
  5
690
330
1F
100
AcDbEntity
  8
≥ﬂ¥ÁòÀ◊¢
370
     9
100
AcDbSpline
210
0.0
220
0.0
230
0.0
 70
    24
 71
     3
 72
     8
 73
     4
 74
     0
 42
0.000000001
 43
0.0000000001
 40
0.0
 40
0.0
 40
0.0
 40
0.0
 40
1.0
 40
1.0
 40
1.0
 40
1.0
 10
707.1469144630597
 20
705.7152021634398
 30
0.0
 10
707.1469144630597
 20
705.7152021634398
 30
0.0
 10
708.2024529859544
 20
706.7712850589599
 30
0.0
 10
708.2024529859544
 20
706.7712850589599
 30
0.0
  0
SPLINE
  5
691
330
1F
100
AcDbEntity
  8
≥ﬂ¥ÁòÀ◊¢
370
     9
100
AcDbSpline
210
0.0
220
0.0
230
1.0
 70
    11
 71
     3
 72
    28
 73
    24
 74
     0
 42
0.000000001
 43
0.0000000001
 40
0.0
 40
0.0
 40
0.0
 40
0.0
 40
0.1428571428571428
 40
0.1428571428571428
 40
0.1428571428571428
 40
0.1428571528571428
 40
0.2857142857142857
 40
0.2857142857142857
 40
0.2857142857142857
 40
0.2857142957142857
 40
0.428571428571429
 40
0.428571428571429
 40
0.428571428571429
 40
0.4285714385714289
 40
0.5714285714285714
 40
0.5714285714285714
 40
0.5714285714285714
 40
0.5714285814285715
 40
0.7142857142857145
 40
0.7142857142857145
 40
0.7142857142857145
 40
0.7142857242857146
 40
1.0
 40
1.0
 40
1.0
 40
1.0
 10
708.9025161837042
 20
707.4702595114565
 30
0.0
 10
708.9025161837042
 20
707.4702595114565
 30
0.0
 10
709.1812349685048
 20
707.4702595114565
 30
0.0
 10
709.1812349685048
 20
707.4702595114565
 30
0.0
 10
709.1812349685048
 20
707.4702595114565
 30
0.0
 10
709.1812349685048
 20
707.6243169647717
 30
0.0
 10
709.0560292644068
 20
707.7495226688776
 30
0.0
 10
708.9025161837042
 20
707.7495226688776
 30
0.0
 10
708.9025161837042
 20
707.7495226688776
 30
0.0
 10
708.7484587303903
 20
707.7495226688776
 30
0.0
 10
708.6232530262849
 20
707.6243169647717
 30
0.0
 10
708.6232530262849
 20
707.4702595114565
 30
0.0
 10
708.6232530262849
 20
707.4702595114565
 30
0.0
 10
708.6232530262849
 20
707.3167464307686
 30
0.0
 10
708.7484587303903
 20
707.1915407266612
 30
0.0
 10
708.9025161837042
 20
707.1915407266612
 30
0.0
 10
708.9025161837042
 20
707.1915407266612
 30
0.0
 10
709.0560292644068
 20
707.1915407266612
 30
0.0
 10
709.1812349685048
 20
707.3167464307686
 30
0.0
 10
709.1812349685048
 20
707.4702595114565
 30
0.0
 10
709.1812349685048
 20
707.4702595114565
 30
0.0
 10
709.1812349685048
 20
707.4702595114565
 30
0.0
 10
708.9025161837042
 20
707.4702595114565
 30
0.0
 10
708.9025161837042
 20
707.4702595114565
 30
0.0
  0
SPLINE
  5
692
330
1F
100
AcDbEntity
  8
≥ﬂ¥ÁòÀ◊¢
370
     9
100
AcDbSpline
210
0.0
220
0.0
230
0.0
 70
    24
 71
     3
 72
     8
 73
     4
 74
     0
 42
0.000000001
 43
0.0000000001
 40
0.0
 40
0.0
 40
0.0
 40
0.0
 40
1.0
 40
1.0
 40
1.0
 40
1.0
 10
709.6020350088317
 20
708.1686895913267
 30
0.0
 10
709.6020350088317
 20
708.1686895913267
 30
0.0
 10
713.1001735070773
 20
711.6662837169465
 30
0.0
 10
713.1001735070773
 20
711.6662837169465
 30
0.0
  0
SPLINE
  5
693
330
1F
100
AcDbEntity
  8
≥ﬂ¥ÁòÀ◊¢
370
     9
100
AcDbSpline
210
0.0
220
0.0
230
1.0
 70
    11
 71
     3
 72
    28
 73
    24
 74
     0
 42
0.000000001
 43
0.0000000001
 40
0.0
 40
0.0
 40
0.0
 40
0.0
 40
0.1428571428571428
 40
0.1428571428571428
 40
0.1428571428571428
 40
0.1428571528571428
 40
0.2857142857142857
 40
0.2857142857142857
 40
0.2857142857142857
 40
0.2857142957142857
 40
0.428571428571429
 40
0.428571428571429
 40
0.428571428571429
 40
0.4285714385714289
 40
0.5714285714285714
 40
0.5714285714285714
 40
0.5714285714285714
 40
0.5714285814285715
 40
0.7142857142857145
 40
0.7142857142857145
 40
0.7142857142857145
 40
0.7142857242857146
 40
1.0
 40
1.0
 40
1.0
 40
1.0
 10
713.8002367048272
 20
712.3679800325779
 30
0.0
 10
713.8002367048272
 20
712.3679800325779
 30
0.0
 10
714.0789554896245
 20
712.3679800325779
 30
0.0
 10
714.0789554896245
 20
712.3679800325779
 30
0.0
 10
714.0789554896245
 20
712.3679800325779
 30
0.0
 10
714.0789554896245
 20
712.5220374858932
 30
0.0
 10
713.9537497855116
 20
712.6472431900007
 30
0.0
 10
713.8002367048272
 20
712.6472431900007
 30
0.0
 10
713.8002367048272
 20
712.6472431900007
 30
0.0
 10
713.6461792515136
 20
712.6472431900007
 30
0.0
 10
713.5209735474042
 20
712.5220374858932
 30
0.0
 10
713.5209735474042
 20
712.3679800325779
 30
0.0
 10
713.5209735474042
 20
712.3679800325779
 30
0.0
 10
713.5209735474042
 20
712.2144669518863
 30
0.0
 10
713.6461792515136
 20
712.0892612477806
 30
0.0
 10
713.8002367048272
 20
712.0892612477806
 30
0.0
 10
713.8002367048272
 20
712.0892612477806
 30
0.0
 10
713.9537497855116
 20
712.0892612477806
 30
0.0
 10
714.0789554896245
 20
712.2144669518863
 30
0.0
 10
714.0789554896245
 20
712.3679800325779
 30
0.0
 10
714.0789554896245
 20
712.3679800325779
 30
0.0
 10
714.0789554896245
 20
712.3679800325779
 30
0.0
 10
713.8002367048272
 20
712.3679800325779
 30
0.0
 10
713.8002367048272
 20
712.3679800325779
 30
0.0
  0
SPLINE
  5
694
330
1F
100
AcDbEntity
  8
≥ﬂ¥ÁòÀ◊¢
370
     9
100
AcDbSpline
210
0.0
220
0.0
230
0.0
 70
    24
 71
     3
 72
     8
 73
     4
 74
     0
 42
0.000000001
 43
0.0000000001
 40
0.0
 40
0.0
 40
0.0
 40
0.0
 40
1.0
 40
1.0
 40
1.0
 40
1.0
 10
714.4997555299513
 20
713.0664101124462
 30
0.0
 10
714.4997555299513
 20
713.0664101124462
 30
0.0
 10
716.5803477086472
 20
715.1486354090216
 30
0.0
 10
716.5803477086472
 20
715.1486354090216
 30
0.0
  0
SPLINE
  5
695
330
1F
100
AcDbEntity
  8
≥ﬂ¥ÁòÀ◊¢
370
     9
100
AcDbSpline
210
0.0
220
0.0
230
1.0
 70
    11
 71
     3
 72
    28
 73
    24
 74
     0
 42
0.000000001
 43
0.0000000001
 40
0.0
 40
0.0
 40
0.0
 40
0.0
 40
0.1428571428571428
 40
0.1428571428571428
 40
0.1428571428571428
 40
0.1428571528571428
 40
0.2857142857142857
 40
0.2857142857142857
 40
0.2857142857142857
 40
0.2857142957142857
 40
0.428571428571429
 40
0.428571428571429
 40
0.428571428571429
 40
0.4285714385714289
 40
0.5714285714285714
 40
0.5714285714285714
 40
0.5714285714285714
 40
0.5714285814285715
 40
0.7142857142857145
 40
0.7142857142857145
 40
0.7142857142857145
 40
0.7142857242857146
 40
1.0
 40
1.0
 40
1.0
 40
1.0
 10
707.8551432502125
 20
703.6220894143376
 30
0.0
 10
707.8551432502125
 20
703.6220894143376
 30
0.0
 10
708.1338620350169
 20
703.6220894143376
 30
0.0
 10
708.1338620350169
 20
703.6220894143376
 30
0.0
 10
708.1338620350169
 20
703.6220894143376
 30
0.0
 10
708.1338620350169
 20
703.7756024950218
 30
0.0
 10
708.0086563309039
 20
703.9008081991311
 30
0.0
 10
707.8551432502125
 20
703.9008081991311
 30
0.0
 10
707.8551432502125
 20
703.9008081991311
 30
0.0
 10
707.7010857968915
 20
703.9008081991311
 30
0.0
 10
707.5758800927932
 20
703.7756024950218
 30
0.0
 10
707.5758800927932
 20
703.6220894143376
 30
0.0
 10
707.5758800927932
 20
703.6220894143376
 30
0.0
 10
707.5758800927932
 20
703.4680319610202
 30
0.0
 10
707.7010857968915
 20
703.342826256911
 30
0.0
 10
707.8551432502125
 20
703.342826256911
 30
0.0
 10
707.8551432502125
 20
703.342826256911
 30
0.0
 10
708.0086563309039
 20
703.342826256911
 30
0.0
 10
708.1338620350169
 20
703.4680319610202
 30
0.0
 10
708.1338620350169
 20
703.6220894143376
 30
0.0
 10
708.1338620350169
 20
703.6220894143376
 30
0.0
 10
708.1338620350169
 20
703.6220894143376
 30
0.0
 10
707.8551432502125
 20
703.6220894143376
 30
0.0
 10
707.8551432502125
 20
703.6220894143376
 30
0.0
  0
SPLINE
  5
696
330
1F
100
AcDbEntity
  8
≥ﬂ¥ÁòÀ◊¢
370
     9
100
AcDbSpline
210
0.0
220
0.0
230
0.0
 70
    24
 71
     3
 72
     8
 73
     4
 74
     0
 42
0.000000001
 43
0.0000000001
 40
0.0
 40
0.0
 40
0.0
 40
0.0
 40
1.0
 40
1.0
 40
1.0
 40
1.0
 10
708.5530289574697
 20
704.3221526120837
 30
0.0
 10
708.5530289574697
 20
704.3221526120837
 30
0.0
 10
712.0511674557191
 20
707.818113619826
 30
0.0
 10
712.0511674557191
 20
707.818113619826
 30
0.0
  0
SPLINE
  5
697
330
1F
100
AcDbEntity
  8
≥ﬂ¥ÁòÀ◊¢
370
     9
100
AcDbSpline
210
0.0
220
0.0
230
1.0
 70
    11
 71
     3
 72
    28
 73
    24
 74
     0
 42
0.000000001
 43
0.0000000001
 40
0.0
 40
0.0
 40
0.0
 40
0.0
 40
0.1428571428571428
 40
0.1428571428571428
 40
0.1428571428571428
 40
0.1428571528571428
 40
0.2857142857142857
 40
0.2857142857142857
 40
0.2857142857142857
 40
0.2857142957142857
 40
0.428571428571429
 40
0.428571428571429
 40
0.428571428571429
 40
0.4285714385714289
 40
0.5714285714285714
 40
0.5714285714285714
 40
0.5714285714285714
 40
0.5714285814285715
 40
0.7142857142857145
 40
0.7142857142857145
 40
0.7142857142857145
 40
0.7142857242857146
 40
1.0
 40
1.0
 40
1.0
 40
1.0
 10
712.7506862808322
 20
708.5198099354553
 30
0.0
 10
712.7506862808322
 20
708.5198099354553
 30
0.0
 10
713.0299494382551
 20
708.5198099354553
 30
0.0
 10
713.0299494382551
 20
708.5198099354553
 30
0.0
 10
713.0299494382551
 20
708.5198099354553
 30
0.0
 10
713.0299494382551
 20
708.6733230161431
 30
0.0
 10
712.9047437341458
 20
708.7985287202524
 30
0.0
 10
712.7506862808322
 20
708.7985287202524
 30
0.0
 10
712.7506862808322
 20
708.7985287202524
 30
0.0
 10
712.5971732001442
 20
708.7985287202524
 30
0.0
 10
712.4719674960496
 20
708.6733230161431
 30
0.0
 10
712.4719674960496
 20
708.5198099354553
 30
0.0
 10
712.4719674960496
 20
708.5198099354553
 30
0.0
 10
712.4719674960496
 20
708.3657524821397
 30
0.0
 10
712.5971732001442
 20
708.2405467780305
 30
0.0
 10
712.7506862808322
 20
708.2405467780305
 30
0.0
 10
712.7506862808322
 20
708.2405467780305
 30
0.0
 10
712.9047437341458
 20
708.2405467780305
 30
0.0
 10
713.0299494382551
 20
708.3657524821397
 30
0.0
 10
713.0299494382551
 20
708.5198099354553
 30
0.0
 10
713.0299494382551
 20
708.5198099354553
 30
0.0
 10
713.0299494382551
 20
708.5198099354553
 30
0.0
 10
712.7506862808322
 20
708.5198099354553
 30
0.0
 10
712.7506862808322
 20
708.5198099354553
 30
0.0
  0
SPLINE
  5
698
330
1F
100
AcDbEntity
  8
≥ﬂ¥ÁòÀ◊¢
370
     9
100
AcDbSpline
210
0.0
220
0.0
230
0.0
 70
    24
 71
     3
 72
     8
 73
     4
 74
     0
 42
0.000000001
 43
0.0000000001
 40
0.0
 40
0.0
 40
0.0
 40
0.0
 40
1.0
 40
1.0
 40
1.0
 40
1.0
 10
713.4507494785856
 20
709.219873133207
 30
0.0
 10
713.4507494785856
 20
709.219873133207
 30
0.0
 10
716.9488879768277
 20
712.7158341409454
 30
0.0
 10
716.9488879768277
 20
712.7158341409454
 30
0.0
  0
SPLINE
  5
699
330
1F
100
AcDbEntity
  8
≥ﬂ¥ÁòÀ◊¢
370
     9
100
AcDbSpline
210
0.0
220
0.0
230
1.0
 70
    11
 71
     3
 72
    28
 73
    24
 74
     0
 42
0.000000001
 43
0.0000000001
 40
0.0
 40
0.0
 40
0.0
 40
0.0
 40
0.1428571428571428
 40
0.1428571428571428
 40
0.1428571428571428
 40
0.1428571528571428
 40
0.2857142857142857
 40
0.2857142857142857
 40
0.2857142857142857
 40
0.2857142957142857
 40
0.428571428571429
 40
0.428571428571429
 40
0.428571428571429
 40
0.4285714385714289
 40
0.5714285714285714
 40
0.5714285714285714
 40
0.5714285714285714
 40
0.5714285814285715
 40
0.7142857142857145
 40
0.7142857142857145
 40
0.7142857142857145
 40
0.7142857242857146
 40
1.0
 40
1.0
 40
1.0
 40
1.0
 10
717.647862429322
 20
713.4148085934453
 30
0.0
 10
717.647862429322
 20
713.4148085934453
 30
0.0
 10
717.9271255867412
 20
713.4148085934453
 30
0.0
 10
717.9271255867412
 20
713.4148085934453
 30
0.0
 10
717.9271255867412
 20
713.4148085934453
 30
0.0
 10
717.9271255867412
 20
713.5683216741313
 30
0.0
 10
717.8019198826395
 20
713.6940717508647
 30
0.0
 10
717.647862429322
 20
713.6940717508647
 30
0.0
 10
717.647862429322
 20
713.6940717508647
 30
0.0
 10
717.4943493486416
 20
713.6940717508647
 30
0.0
 10
717.3691436445214
 20
713.5683216741313
 30
0.0
 10
717.3691436445214
 20
713.4148085934453
 30
0.0
 10
717.3691436445214
 20
713.4148085934453
 30
0.0
 10
717.3691436445214
 20
713.2612955127557
 30
0.0
 10
717.4943493486416
 20
713.1355454360186
 30
0.0
 10
717.647862429322
 20
713.1355454360186
 30
0.0
 10
717.647862429322
 20
713.1355454360186
 30
0.0
 10
717.8019198826395
 20
713.1355454360186
 30
0.0
 10
717.9271255867412
 20
713.2612955127557
 30
0.0
 10
717.9271255867412
 20
713.4148085934453
 30
0.0
 10
717.9271255867412
 20
713.4148085934453
 30
0.0
 10
717.9271255867412
 20
713.4148085934453
 30
0.0
 10
717.647862429322
 20
713.4148085934453
 30
0.0
 10
717.647862429322
 20
713.4148085934453
 30
0.0
  0
SPLINE
  5
69A
330
1F
100
AcDbEntity
  8
≥ﬂ¥ÁòÀ◊¢
370
     9
100
AcDbSpline
210
0.0
220
0.0
230
0.0
 70
    24
 71
     3
 72
     8
 73
     4
 74
     0
 42
0.000000001
 43
0.0000000001
 40
0.0
 40
0.0
 40
0.0
 40
0.0
 40
1.0
 40
1.0
 40
1.0
 40
1.0
 10
718.3462925091942
 20
714.1154161638211
 30
0.0
 10
718.3462925091942
 20
714.1154161638211
 30
0.0
 10
719.3800561270205
 20
715.1486354090216
 30
0.0
 10
719.3800561270205
 20
715.1486354090216
 30
0.0
  0
SPLINE
  5
69B
330
1F
100
AcDbEntity
  8
≥ﬂ¥ÁòÀ◊¢
370
     9
100
AcDbSpline
210
0.0
220
0.0
230
0.0
 70
    24
 71
     3
 72
     8
 73
     4
 74
     0
 42
0.000000001
 43
0.0000000001
 40
0.0
 40
0.0
 40
0.0
 40
0.0
 40
1.0
 40
1.0
 40
1.0
 40
1.0
 10
709.6673597240103
 20
702.6367749602693
 30
0.0
 10
709.6673597240103
 20
702.6367749602693
 30
0.0
 10
711.0016170317058
 20
703.971576640583
 30
0.0
 10
711.0016170317058
 20
703.971576640583
 30
0.0
  0
SPLINE
  5
69C
330
1F
100
AcDbEntity
  8
≥ﬂ¥ÁòÀ◊¢
370
     9
100
AcDbSpline
210
0.0
220
0.0
230
1.0
 70
    11
 71
     3
 72
    28
 73
    24
 74
     0
 42
0.000000001
 43
0.0000000001
 40
0.0
 40
0.0
 40
0.0
 40
0.0
 40
0.1428571428571428
 40
0.1428571428571428
 40
0.1428571428571428
 40
0.1428571528571428
 40
0.2857142857142857
 40
0.2857142857142857
 40
0.2857142857142857
 40
0.2857142957142857
 40
0.428571428571429
 40
0.428571428571429
 40
0.428571428571429
 40
0.4285714385714289
 40
0.5714285714285714
 40
0.5714285714285714
 40
0.5714285714285714
 40
0.5714285814285715
 40
0.7142857142857145
 40
0.7142857142857145
 40
0.7142857142857145
 40
0.7142857242857146
 40
1.0
 40
1.0
 40
1.0
 40
1.0
 10
711.7011358568442
 20
704.6710954657068
 30
0.0
 10
711.7011358568442
 20
704.6710954657068
 30
0.0
 10
711.9803990142671
 20
704.6710954657068
 30
0.0
 10
711.9803990142671
 20
704.6710954657068
 30
0.0
 10
711.9803990142671
 20
704.6710954657068
 30
0.0
 10
711.9803990142671
 20
704.8246085463968
 30
0.0
 10
711.8546489375137
 20
704.95035862313
 30
0.0
 10
711.7011358568442
 20
704.95035862313
 30
0.0
 10
711.7011358568442
 20
704.95035862313
 30
0.0
 10
711.5470784035196
 20
704.95035862313
 30
0.0
 10
711.4218726994247
 20
704.8246085463968
 30
0.0
 10
711.4218726994247
 20
704.6710954657068
 30
0.0
 10
711.4218726994247
 20
704.6710954657068
 30
0.0
 10
711.4218726994247
 20
704.5170380123932
 30
0.0
 10
711.5470784035196
 20
704.3918323082841
 30
0.0
 10
711.7011358568442
 20
704.3918323082841
 30
0.0
 10
711.7011358568442
 20
704.3918323082841
 30
0.0
 10
711.8546489375137
 20
704.3918323082841
 30
0.0
 10
711.9803990142671
 20
704.5170380123932
 30
0.0
 10
711.9803990142671
 20
704.6710954657068
 30
0.0
 10
711.9803990142671
 20
704.6710954657068
 30
0.0
 10
711.9803990142671
 20
704.6710954657068
 30
0.0
 10
711.7011358568442
 20
704.6710954657068
 30
0.0
 10
711.7011358568442
 20
704.6710954657068
 30
0.0
  0
SPLINE
  5
69D
330
1F
100
AcDbEntity
  8
≥ﬂ¥ÁòÀ◊¢
370
     9
100
AcDbSpline
210
0.0
220
0.0
230
0.0
 70
    24
 71
     3
 72
     8
 73
     4
 74
     0
 42
0.000000001
 43
0.0000000001
 40
0.0
 40
0.0
 40
0.0
 40
0.0
 40
1.0
 40
1.0
 40
1.0
 40
1.0
 10
712.3995659367018
 20
705.3717030360846
 30
0.0
 10
712.3995659367018
 20
705.3717030360846
 30
0.0
 10
715.8993375528251
 20
708.8692971617025
 30
0.0
 10
715.8993375528251
 20
708.8692971617025
 30
0.0
  0
SPLINE
  5
69E
330
1F
100
AcDbEntity
  8
≥ﬂ¥ÁòÀ◊¢
370
     9
100
AcDbSpline
210
0.0
220
0.0
230
1.0
 70
    11
 71
     3
 72
    28
 73
    24
 74
     0
 42
0.000000001
 43
0.0000000001
 40
0.0
 40
0.0
 40
0.0
 40
0.0
 40
0.1428571428571428
 40
0.1428571428571428
 40
0.1428571428571428
 40
0.1428571528571428
 40
0.2857142857142857
 40
0.2857142857142857
 40
0.2857142857142857
 40
0.2857142957142857
 40
0.428571428571429
 40
0.428571428571429
 40
0.428571428571429
 40
0.4285714385714289
 40
0.5714285714285714
 40
0.5714285714285714
 40
0.5714285714285714
 40
0.5714285814285715
 40
0.7142857142857145
 40
0.7142857142857145
 40
0.7142857142857145
 40
0.7142857242857146
 40
1.0
 40
1.0
 40
1.0
 40
1.0
 10
716.5988563779527
 20
709.5688159868265
 30
0.0
 10
716.5988563779527
 20
709.5688159868265
 30
0.0
 10
716.8781195353759
 20
709.5688159868265
 30
0.0
 10
716.8781195353759
 20
709.5688159868265
 30
0.0
 10
716.8781195353759
 20
709.5688159868265
 30
0.0
 10
716.8781195353759
 20
709.7223290675161
 30
0.0
 10
716.7523694586406
 20
709.8480791442494
 30
0.0
 10
716.5988563779527
 20
709.8480791442494
 30
0.0
 10
716.5988563779527
 20
709.8480791442494
 30
0.0
 10
716.444798924639
 20
709.8480791442494
 30
0.0
 10
716.3195932205297
 20
709.7223290675161
 30
0.0
 10
716.3195932205297
 20
709.5688159868265
 30
0.0
 10
716.3195932205297
 20
709.5688159868265
 30
0.0
 10
716.3195932205297
 20
709.4147585335128
 30
0.0
 10
716.444798924639
 20
709.2895528294052
 30
0.0
 10
716.5988563779527
 20
709.2895528294052
 30
0.0
 10
716.5988563779527
 20
709.2895528294052
 30
0.0
 10
716.7523694586406
 20
709.2895528294052
 30
0.0
 10
716.8781195353759
 20
709.4147585335128
 30
0.0
 10
716.8781195353759
 20
709.5688159868265
 30
0.0
 10
716.8781195353759
 20
709.5688159868265
 30
0.0
 10
716.8781195353759
 20
709.5688159868265
 30
0.0
 10
716.5988563779527
 20
709.5688159868265
 30
0.0
 10
716.5988563779527
 20
709.5688159868265
 30
0.0
  0
SPLINE
  5
69F
330
1F
100
AcDbEntity
  8
≥ﬂ¥ÁòÀ◊¢
370
     9
100
AcDbSpline
210
0.0
220
0.0
230
0.0
 70
    24
 71
     3
 72
     8
 73
     4
 74
     0
 42
0.000000001
 43
0.0000000001
 40
0.0
 40
0.0
 40
0.0
 40
0.0
 40
1.0
 40
1.0
 40
1.0
 40
1.0
 10
717.2972864578322
 20
710.2667016940745
 30
0.0
 10
717.2972864578322
 20
710.2667016940745
 30
0.0
 10
720.7954249560668
 20
713.7648401923168
 30
0.0
 10
720.7954249560668
 20
713.7648401923168
 30
0.0
  0
SPLINE
  5
6A0
330
1F
100
AcDbEntity
  8
≥ﬂ¥ÁòÀ◊¢
370
     9
100
AcDbSpline
210
0.0
220
0.0
230
1.0
 70
    11
 71
     3
 72
    28
 73
    24
 74
     0
 42
0.000000001
 43
0.0000000001
 40
0.0
 40
0.0
 40
0.0
 40
0.0
 40
0.1428571428571428
 40
0.1428571428571428
 40
0.1428571428571428
 40
0.1428571528571428
 40
0.2857142857142857
 40
0.2857142857142857
 40
0.2857142857142857
 40
0.2857142957142857
 40
0.428571428571429
 40
0.428571428571429
 40
0.428571428571429
 40
0.4285714385714289
 40
0.5714285714285714
 40
0.5714285714285714
 40
0.5714285714285714
 40
0.5714285814285715
 40
0.7142857142857145
 40
0.7142857142857145
 40
0.7142857142857145
 40
0.7142857242857146
 40
1.0
 40
1.0
 40
1.0
 40
1.0
 10
721.496576899065
 20
714.4665365079496
 30
0.0
 10
721.496576899065
 20
714.4665365079496
 30
0.0
 10
721.7758400565022
 20
714.4665365079496
 30
0.0
 10
721.7758400565022
 20
714.4665365079496
 30
0.0
 10
721.7758400565022
 20
714.4665365079496
 30
0.0
 10
721.7758400565022
 20
714.6200495886374
 30
0.0
 10
721.6500899797563
 20
714.7457996653725
 30
0.0
 10
721.496576899065
 20
714.7457996653725
 30
0.0
 10
721.496576899065
 20
714.7457996653725
 30
0.0
 10
721.342519445773
 20
714.7457996653725
 30
0.0
 10
721.2173137416456
 20
714.6200495886374
 30
0.0
 10
721.2173137416456
 20
714.4665365079496
 30
0.0
 10
721.2173137416456
 20
714.4665365079496
 30
0.0
 10
721.2173137416456
 20
714.3124790546339
 30
0.0
 10
721.342519445773
 20
714.1872733505246
 30
0.0
 10
721.496576899065
 20
714.1872733505246
 30
0.0
 10
721.496576899065
 20
714.1872733505246
 30
0.0
 10
721.6500899797563
 20
714.1872733505246
 30
0.0
 10
721.7758400565022
 20
714.3124790546339
 30
0.0
 10
721.7758400565022
 20
714.4665365079496
 30
0.0
 10
721.7758400565022
 20
714.4665365079496
 30
0.0
 10
721.7758400565022
 20
714.4665365079496
 30
0.0
 10
721.496576899065
 20
714.4665365079496
 30
0.0
 10
721.496576899065
 20
714.4665365079496
 30
0.0
  0
SPLINE
  5
6A1
330
1F
100
AcDbEntity
  8
≥ﬂ¥ÁòÀ◊¢
370
     9
100
AcDbSpline
210
0.0
220
0.0
230
0.0
 70
    24
 71
     3
 72
     8
 73
     4
 74
     0
 42
0.000000001
 43
0.0000000001
 40
0.0
 40
0.0
 40
0.0
 40
0.0
 40
1.0
 40
1.0
 40
1.0
 40
1.0
 10
712.4643462792618
 20
702.6367749602693
 30
0.0
 10
712.4643462792618
 20
702.6367749602693
 30
0.0
 10
714.8486983835672
 20
705.0211270645838
 30
0.0
 10
714.8486983835672
 20
705.0211270645838
 30
0.0
  0
SPLINE
  5
6A2
330
1F
100
AcDbEntity
  8
≥ﬂ¥ÁòÀ◊¢
370
     9
100
AcDbSpline
210
0.0
220
0.0
230
1.0
 70
    11
 71
     3
 72
    28
 73
    24
 74
     0
 42
0.000000001
 43
0.0000000001
 40
0.0
 40
0.0
 40
0.0
 40
0.0
 40
0.1428571428571428
 40
0.1428571428571428
 40
0.1428571428571428
 40
0.1428571528571428
 40
0.2857142857142857
 40
0.2857142857142857
 40
0.2857142857142857
 40
0.2857142957142857
 40
0.428571428571429
 40
0.428571428571429
 40
0.428571428571429
 40
0.4285714385714289
 40
0.5714285714285714
 40
0.5714285714285714
 40
0.5714285714285714
 40
0.5714285814285715
 40
0.7142857142857145
 40
0.7142857142857145
 40
0.7142857142857145
 40
0.7142857242857146
 40
1.0
 40
1.0
 40
1.0
 40
1.0
 10
715.5498503265761
 20
705.7201015170798
 30
0.0
 10
715.5498503265761
 20
705.7201015170798
 30
0.0
 10
715.8285691113733
 20
705.7201015170798
 30
0.0
 10
715.8285691113733
 20
705.7201015170798
 30
0.0
 10
715.8285691113733
 20
705.7201015170798
 30
0.0
 10
715.8285691113733
 20
705.8741589703958
 30
0.0
 10
715.7033634072712
 20
705.999364674503
 30
0.0
 10
715.5498503265761
 20
705.999364674503
 30
0.0
 10
715.5498503265761
 20
705.999364674503
 30
0.0
 10
715.3957928732733
 20
705.999364674503
 30
0.0
 10
715.2705871691531
 20
705.8741589703958
 30
0.0
 10
715.2705871691531
 20
705.7201015170798
 30
0.0
 10
715.2705871691531
 20
705.7201015170798
 30
0.0
 10
715.2705871691531
 20
705.5665884363921
 30
0.0
 10
715.3957928732733
 20
705.4413827322847
 30
0.0
 10
715.5498503265761
 20
705.4413827322847
 30
0.0
 10
715.5498503265761
 20
705.4413827322847
 30
0.0
 10
715.7033634072712
 20
705.4413827322847
 30
0.0
 10
715.8285691113733
 20
705.5665884363921
 30
0.0
 10
715.8285691113733
 20
705.7201015170798
 30
0.0
 10
715.8285691113733
 20
705.7201015170798
 30
0.0
 10
715.8285691113733
 20
705.7201015170798
 30
0.0
 10
715.5498503265761
 20
705.7201015170798
 30
0.0
 10
715.5498503265761
 20
705.7201015170798
 30
0.0
  0
SPLINE
  5
6A3
330
1F
100
AcDbEntity
  8
≥ﬂ¥ÁòÀ◊¢
370
     9
100
AcDbSpline
210
0.0
220
0.0
230
0.0
 70
    24
 71
     3
 72
     8
 73
     4
 74
     0
 42
0.000000001
 43
0.0000000001
 40
0.0
 40
0.0
 40
0.0
 40
0.0
 40
1.0
 40
1.0
 40
1.0
 40
1.0
 10
716.2482804064445
 20
706.4207090874557
 30
0.0
 10
716.2482804064445
 20
706.4207090874557
 30
0.0
 10
719.7464189046975
 20
709.9188475857032
 30
0.0
 10
719.7464189046975
 20
709.9188475857032
 30
0.0
  0
SPLINE
  5
6A4
330
1F
100
AcDbEntity
  8
≥ﬂ¥ÁòÀ◊¢
370
     9
100
AcDbSpline
210
0.0
220
0.0
230
1.0
 70
    11
 71
     3
 72
    28
 73
    24
 74
     0
 42
0.000000001
 43
0.0000000001
 40
0.0
 40
0.0
 40
0.0
 40
0.0
 40
0.1428571428571428
 40
0.1428571428571428
 40
0.1428571428571428
 40
0.1428571528571428
 40
0.2857142857142857
 40
0.2857142857142857
 40
0.2857142857142857
 40
0.2857142957142857
 40
0.428571428571429
 40
0.428571428571429
 40
0.428571428571429
 40
0.4285714385714289
 40
0.5714285714285714
 40
0.5714285714285714
 40
0.5714285714285714
 40
0.5714285814285715
 40
0.7142857142857145
 40
0.7142857142857145
 40
0.7142857142857145
 40
0.7142857242857146
 40
1.0
 40
1.0
 40
1.0
 40
1.0
 10
720.4453933571921
 20
710.6178220381995
 30
0.0
 10
720.4453933571921
 20
710.6178220381995
 30
0.0
 10
720.724656514615
 20
710.6178220381995
 30
0.0
 10
720.724656514615
 20
710.6178220381995
 30
0.0
 10
720.724656514615
 20
710.6178220381995
 30
0.0
 10
720.724656514615
 20
710.7718794915187
 30
0.0
 10
720.5994508105057
 20
710.8970851956224
 30
0.0
 10
720.4453933571921
 20
710.8970851956224
 30
0.0
 10
720.4453933571921
 20
710.8970851956224
 30
0.0
 10
720.2918802765042
 20
710.8970851956224
 30
0.0
 10
720.1666745723947
 20
710.7718794915187
 30
0.0
 10
720.1666745723947
 20
710.6178220381995
 30
0.0
 10
720.1666745723947
 20
710.6178220381995
 30
0.0
 10
720.1666745723947
 20
710.4643089575114
 30
0.0
 10
720.2918802765042
 20
710.3391032534042
 30
0.0
 10
720.4453933571921
 20
710.3391032534042
 30
0.0
 10
720.4453933571921
 20
710.3391032534042
 30
0.0
 10
720.5994508105057
 20
710.3391032534042
 30
0.0
 10
720.724656514615
 20
710.4643089575114
 30
0.0
 10
720.724656514615
 20
710.6178220381995
 30
0.0
 10
720.724656514615
 20
710.6178220381995
 30
0.0
 10
720.724656514615
 20
710.6178220381995
 30
0.0
 10
720.4453933571921
 20
710.6178220381995
 30
0.0
 10
720.4453933571921
 20
710.6178220381995
 30
0.0
  0
SPLINE
  5
6A5
330
1F
100
AcDbEntity
  8
≥ﬂ¥ÁòÀ◊¢
370
     9
100
AcDbSpline
210
0.0
220
0.0
230
0.0
 70
    24
 71
     3
 72
     8
 73
     4
 74
     0
 42
0.000000001
 43
0.0000000001
 40
0.0
 40
0.0
 40
0.0
 40
0.0
 40
1.0
 40
1.0
 40
1.0
 40
1.0
 10
721.1460009275639
 20
711.318429608579
 30
0.0
 10
721.1460009275639
 20
711.318429608579
 30
0.0
 10
724.6441394258279
 20
714.8165681068245
 30
0.0
 10
724.6441394258279
 20
714.8165681068245
 30
0.0
  0
SPLINE
  5
6A6
330
1F
100
AcDbEntity
  8
≥ﬂ¥ÁòÀ◊¢
370
     9
100
AcDbSpline
210
0.0
220
0.0
230
1.0
 70
    11
 71
     3
 72
    28
 73
    24
 74
     0
 42
0.000000001
 43
0.0000000001
 40
0.0
 40
0.0
 40
0.0
 40
0.0
 40
0.1428571428571428
 40
0.1428571428571428
 40
0.1428571428571428
 40
0.1428571528571428
 40
0.2857142857142857
 40
0.2857142857142857
 40
0.2857142857142857
 40
0.2857142957142857
 40
0.428571428571429
 40
0.428571428571429
 40
0.428571428571429
 40
0.4285714385714289
 40
0.5714285714285714
 40
0.5714285714285714
 40
0.5714285714285714
 40
0.5714285814285715
 40
0.7142857142857145
 40
0.7142857142857145
 40
0.7142857142857145
 40
0.7142857242857146
 40
1.0
 40
1.0
 40
1.0
 40
1.0
 10
724.9767511006456
 20
715.1497241542752
 30
0.0
 10
724.9767511006456
 20
715.1497241542752
 30
0.0
 10
725.2560142580722
 20
715.1497241542752
 30
0.0
 10
725.2560142580722
 20
715.1497241542752
 30
0.0
 10
725.2560142580722
 20
715.1497241542752
 30
0.0
 10
725.2560142580722
 20
715.3037816075888
 30
0.0
 10
725.1308085539521
 20
715.4289873116982
 30
0.0
 10
724.9767511006456
 20
715.4289873116982
 30
0.0
 10
724.9767511006456
 20
715.4289873116982
 30
0.0
 10
724.8232380199614
 20
715.4289873116982
 30
0.0
 10
724.6974879432187
 20
715.3037816075888
 30
0.0
 10
724.6974879432187
 20
715.1497241542752
 30
0.0
 10
724.6974879432187
 20
715.1497241542752
 30
0.0
 10
724.6974879432187
 20
714.9962110735875
 30
0.0
 10
724.8232380199614
 20
714.87100536948
 30
0.0
 10
724.9767511006456
 20
714.87100536948
 30
0.0
 10
724.9767511006456
 20
714.87100536948
 30
0.0
 10
725.1308085539521
 20
714.87100536948
 30
0.0
 10
725.2560142580722
 20
714.9962110735875
 30
0.0
 10
725.2560142580722
 20
715.1497241542752
 30
0.0
 10
725.2560142580722
 20
715.1497241542752
 30
0.0
 10
725.2560142580722
 20
715.1497241542752
 30
0.0
 10
724.9767511006456
 20
715.1497241542752
 30
0.0
 10
724.9767511006456
 20
715.1497241542752
 30
0.0
  0
SPLINE
  5
6A7
330
1F
100
AcDbEntity
  8
≥ﬂ¥ÁòÀ◊¢
370
     9
100
AcDbSpline
210
0.0
220
0.0
230
0.0
 70
    24
 71
     3
 72
     8
 73
     4
 74
     0
 42
0.000000001
 43
0.0000000001
 40
0.0
 40
0.0
 40
0.0
 40
0.0
 40
1.0
 40
1.0
 40
1.0
 40
1.0
 10
715.2635103250092
 20
702.6367749602693
 30
0.0
 10
715.2635103250092
 20
702.6367749602693
 30
0.0
 10
718.6968684806877
 20
706.0701331159568
 30
0.0
 10
718.6968684806877
 20
706.0701331159568
 30
0.0
  0
SPLINE
  5
6A8
330
1F
100
AcDbEntity
  8
≥ﬂ¥ÁòÀ◊¢
370
     9
100
AcDbSpline
210
0.0
220
0.0
230
1.0
 70
    11
 71
     3
 72
    28
 73
    24
 74
     0
 42
0.000000001
 43
0.0000000001
 40
0.0
 40
0.0
 40
0.0
 40
0.0
 40
0.1428571428571428
 40
0.1428571428571428
 40
0.1428571428571428
 40
0.1428571528571428
 40
0.2857142857142857
 40
0.2857142857142857
 40
0.2857142857142857
 40
0.2857142957142857
 40
0.428571428571429
 40
0.428571428571429
 40
0.428571428571429
 40
0.4285714385714289
 40
0.5714285714285714
 40
0.5714285714285714
 40
0.5714285714285714
 40
0.5714285814285715
 40
0.7142857142857145
 40
0.7142857142857145
 40
0.7142857142857145
 40
0.7142857242857146
 40
1.0
 40
1.0
 40
1.0
 40
1.0
 10
719.3980204237004
 20
706.7718294315858
 30
0.0
 10
719.3980204237004
 20
706.7718294315858
 30
0.0
 10
719.6772835811197
 20
706.7718294315858
 30
0.0
 10
719.6772835811197
 20
706.7718294315858
 30
0.0
 10
719.6772835811197
 20
706.7718294315858
 30
0.0
 10
719.6772835811197
 20
706.9258868848997
 30
0.0
 10
719.552077877014
 20
707.0510925890072
 30
0.0
 10
719.3980204237004
 20
707.0510925890072
 30
0.0
 10
719.3980204237004
 20
707.0510925890072
 30
0.0
 10
719.2445073430016
 20
707.0510925890072
 30
0.0
 10
719.1193016388997
 20
706.9258868848997
 30
0.0
 10
719.1193016388997
 20
706.7718294315858
 30
0.0
 10
719.1193016388997
 20
706.7718294315858
 30
0.0
 10
719.1193016388997
 20
706.6183163508943
 30
0.0
 10
719.2445073430016
 20
706.4925662741613
 30
0.0
 10
719.3980204237004
 20
706.4925662741613
 30
0.0
 10
719.3980204237004
 20
706.4925662741613
 30
0.0
 10
719.552077877014
 20
706.4925662741613
 30
0.0
 10
719.6772835811197
 20
706.6183163508943
 30
0.0
 10
719.6772835811197
 20
706.7718294315858
 30
0.0
 10
719.6772835811197
 20
706.7718294315858
 30
0.0
 10
719.6772835811197
 20
706.7718294315858
 30
0.0
 10
719.3980204237004
 20
706.7718294315858
 30
0.0
 10
719.3980204237004
 20
706.7718294315858
 30
0.0
  0
SPLINE
  5
6A9
330
1F
100
AcDbEntity
  8
≥ﬂ¥ÁòÀ◊¢
370
     9
100
AcDbSpline
210
0.0
220
0.0
230
0.0
 70
    24
 71
     3
 72
     8
 73
     4
 74
     0
 42
0.000000001
 43
0.0000000001
 40
0.0
 40
0.0
 40
0.0
 40
0.0
 40
1.0
 40
1.0
 40
1.0
 40
1.0
 10
720.0959061309503
 20
707.4697151388287
 30
0.0
 10
720.0959061309503
 20
707.4697151388287
 30
0.0
 10
723.5940446291922
 20
710.9678536370762
 30
0.0
 10
723.5940446291922
 20
710.9678536370762
 30
0.0
  0
SPLINE
  5
6AA
330
1F
100
AcDbEntity
  8
≥ﬂ¥ÁòÀ◊¢
370
     9
100
AcDbSpline
210
0.0
220
0.0
230
1.0
 70
    11
 71
     3
 72
    28
 73
    24
 74
     0
 42
0.000000001
 43
0.0000000001
 40
0.0
 40
0.0
 40
0.0
 40
0.0
 40
0.1428571428571428
 40
0.1428571428571428
 40
0.1428571428571428
 40
0.1428571528571428
 40
0.2857142857142857
 40
0.2857142857142857
 40
0.2857142857142857
 40
0.2857142957142857
 40
0.428571428571429
 40
0.428571428571429
 40
0.428571428571429
 40
0.4285714385714289
 40
0.5714285714285714
 40
0.5714285714285714
 40
0.5714285714285714
 40
0.5714285814285715
 40
0.7142857142857145
 40
0.7142857142857145
 40
0.7142857142857145
 40
0.7142857242857146
 40
1.0
 40
1.0
 40
1.0
 40
1.0
 10
724.2941078269423
 20
711.6668280895743
 30
0.0
 10
724.2941078269423
 20
711.6668280895743
 30
0.0
 10
724.5728266117319
 20
711.6668280895743
 30
0.0
 10
724.5728266117319
 20
711.6668280895743
 30
0.0
 10
724.5728266117319
 20
711.6668280895743
 30
0.0
 10
724.5728266117319
 20
711.8208855428897
 30
0.0
 10
724.44762090763
 20
711.9460912469953
 30
0.0
 10
724.2941078269423
 20
711.9460912469953
 30
0.0
 10
724.2941078269423
 20
711.9460912469953
 30
0.0
 10
724.1400503736175
 20
711.9460912469953
 30
0.0
 10
724.0148446695227
 20
711.8208855428897
 30
0.0
 10
724.0148446695227
 20
711.6668280895743
 30
0.0
 10
724.0148446695227
 20
711.6668280895743
 30
0.0
 10
724.0148446695227
 20
711.5133150088827
 30
0.0
 10
724.1400503736175
 20
711.3881093047772
 30
0.0
 10
724.2941078269423
 20
711.3881093047772
 30
0.0
 10
724.2941078269423
 20
711.3881093047772
 30
0.0
 10
724.44762090763
 20
711.3881093047772
 30
0.0
 10
724.5728266117319
 20
711.5133150088827
 30
0.0
 10
724.5728266117319
 20
711.6668280895743
 30
0.0
 10
724.5728266117319
 20
711.6668280895743
 30
0.0
 10
724.5728266117319
 20
711.6668280895743
 30
0.0
 10
724.2941078269423
 20
711.6668280895743
 30
0.0
 10
724.2941078269423
 20
711.6668280895743
 30
0.0
  0
SPLINE
  5
6AB
330
1F
100
AcDbEntity
  8
≥ﬂ¥ÁòÀ◊¢
370
     9
100
AcDbSpline
210
0.0
220
0.0
230
0.0
 70
    24
 71
     3
 72
     8
 73
     4
 74
     0
 42
0.000000001
 43
0.0000000001
 40
0.0
 40
0.0
 40
0.0
 40
0.0
 40
1.0
 40
1.0
 40
1.0
 40
1.0
 10
724.9936266520661
 20
712.3674356599482
 30
0.0
 10
724.9936266520661
 20
712.3674356599482
 30
0.0
 10
727.7753707737819
 20
715.1491797816492
 30
0.0
 10
727.7753707737819
 20
715.1491797816492
 30
0.0
  0
SPLINE
  5
6AC
330
1F
100
AcDbEntity
  8
≥ﬂ¥ÁòÀ◊¢
370
     9
100
AcDbSpline
210
0.0
220
0.0
230
1.0
 70
    11
 71
     3
 72
    28
 73
    24
 74
     0
 42
0.000000001
 43
0.0000000001
 40
0.0
 40
0.0
 40
0.0
 40
0.0
 40
0.1428571428571428
 40
0.1428571428571428
 40
0.1428571428571428
 40
0.1428571528571428
 40
0.2857142857142857
 40
0.2857142857142857
 40
0.2857142857142857
 40
0.2857142957142857
 40
0.428571428571429
 40
0.428571428571429
 40
0.428571428571429
 40
0.4285714385714289
 40
0.5714285714285714
 40
0.5714285714285714
 40
0.5714285714285714
 40
0.5714285814285715
 40
0.7142857142857145
 40
0.7142857142857145
 40
0.7142857142857145
 40
0.7142857242857146
 40
1.0
 40
1.0
 40
1.0
 40
1.0
 10
718.3473812544461
 20
702.9231149618377
 30
0.0
 10
718.3473812544461
 20
702.9231149618377
 30
0.0
 10
718.6261000392431
 20
702.9231149618377
 30
0.0
 10
718.6261000392431
 20
702.9231149618377
 30
0.0
 10
718.6261000392431
 20
702.9231149618377
 30
0.0
 10
718.6261000392431
 20
703.0771724151532
 30
0.0
 10
718.5008943351448
 20
703.2023781192607
 30
0.0
 10
718.3473812544461
 20
703.2023781192607
 30
0.0
 10
718.3473812544461
 20
703.2023781192607
 30
0.0
 10
718.1933238011322
 20
703.2023781192607
 30
0.0
 10
718.0681180970233
 20
703.0771724151532
 30
0.0
 10
718.0681180970233
 20
702.9231149618377
 30
0.0
 10
718.0681180970233
 20
702.9231149618377
 30
0.0
 10
718.0681180970233
 20
702.769601881148
 30
0.0
 10
718.1933238011322
 20
702.6443961770425
 30
0.0
 10
718.3473812544461
 20
702.6443961770425
 30
0.0
 10
718.3473812544461
 20
702.6443961770425
 30
0.0
 10
718.5008943351448
 20
702.6443961770425
 30
0.0
 10
718.6261000392431
 20
702.769601881148
 30
0.0
 10
718.6261000392431
 20
702.9231149618377
 30
0.0
 10
718.6261000392431
 20
702.9231149618377
 30
0.0
 10
718.6261000392431
 20
702.9231149618377
 30
0.0
 10
718.3473812544461
 20
702.9231149618377
 30
0.0
 10
718.3473812544461
 20
702.9231149618377
 30
0.0
  0
SPLINE
  5
6AD
330
1F
100
AcDbEntity
  8
≥ﬂ¥ÁòÀ◊¢
370
     9
100
AcDbSpline
210
0.0
220
0.0
230
0.0
 70
    24
 71
     3
 72
     8
 73
     4
 74
     0
 42
0.000000001
 43
0.0000000001
 40
0.0
 40
0.0
 40
0.0
 40
0.0
 40
1.0
 40
1.0
 40
1.0
 40
1.0
 10
719.0469000795807
 20
703.621545041708
 30
0.0
 10
719.0469000795807
 20
703.621545041708
 30
0.0
 10
722.5450385778157
 20
707.1191391673277
 30
0.0
 10
722.5450385778157
 20
707.1191391673277
 30
0.0
  0
SPLINE
  5
6AE
330
1F
100
AcDbEntity
  8
≥ﬂ¥ÁòÀ◊¢
370
     9
100
AcDbSpline
210
0.0
220
0.0
230
1.0
 70
    11
 71
     3
 72
    28
 73
    24
 74
     0
 42
0.000000001
 43
0.0000000001
 40
0.0
 40
0.0
 40
0.0
 40
0.0
 40
0.1428571428571428
 40
0.1428571428571428
 40
0.1428571428571428
 40
0.1428571528571428
 40
0.2857142857142857
 40
0.2857142857142857
 40
0.2857142857142857
 40
0.2857142957142857
 40
0.428571428571429
 40
0.428571428571429
 40
0.428571428571429
 40
0.4285714385714289
 40
0.5714285714285714
 40
0.5714285714285714
 40
0.5714285714285714
 40
0.5714285814285715
 40
0.7142857142857145
 40
0.7142857142857145
 40
0.7142857142857145
 40
0.7142857242857146
 40
1.0
 40
1.0
 40
1.0
 40
1.0
 10
723.2451017755653
 20
707.81865799245
 30
0.0
 10
723.2451017755653
 20
707.81865799245
 30
0.0
 10
723.5238205603807
 20
707.81865799245
 30
0.0
 10
723.5238205603807
 20
707.81865799245
 30
0.0
 10
723.5238205603807
 20
707.81865799245
 30
0.0
 10
723.5238205603807
 20
707.9721710731416
 30
0.0
 10
723.3986148562496
 20
708.0973767772507
 30
0.0
 10
723.2451017755653
 20
708.0973767772507
 30
0.0
 10
723.2451017755653
 20
708.0973767772507
 30
0.0
 10
723.0910443222517
 20
708.0973767772507
 30
0.0
 10
722.9658386181535
 20
707.9721710731416
 30
0.0
 10
722.9658386181535
 20
707.81865799245
 30
0.0
 10
722.9658386181535
 20
707.81865799245
 30
0.0
 10
722.9658386181535
 20
707.6646005391381
 30
0.0
 10
723.0910443222517
 20
707.5393948350287
 30
0.0
 10
723.2451017755653
 20
707.5393948350287
 30
0.0
 10
723.2451017755653
 20
707.5393948350287
 30
0.0
 10
723.3986148562496
 20
707.5393948350287
 30
0.0
 10
723.5238205603807
 20
707.6646005391381
 30
0.0
 10
723.5238205603807
 20
707.81865799245
 30
0.0
 10
723.5238205603807
 20
707.81865799245
 30
0.0
 10
723.5238205603807
 20
707.81865799245
 30
0.0
 10
723.2451017755653
 20
707.81865799245
 30
0.0
 10
723.2451017755653
 20
707.81865799245
 30
0.0
  0
SPLINE
  5
6AF
330
1F
100
AcDbEntity
  8
≥ﬂ¥ÁòÀ◊¢
370
     9
100
AcDbSpline
210
0.0
220
0.0
230
0.0
 70
    24
 71
     3
 72
     8
 73
     4
 74
     0
 42
0.000000001
 43
0.0000000001
 40
0.0
 40
0.0
 40
0.0
 40
0.0
 40
1.0
 40
1.0
 40
1.0
 40
1.0
 10
723.9429874828117
 20
708.5192655628294
 30
0.0
 10
723.9429874828117
 20
708.5192655628294
 30
0.0
 10
727.442759098935
 20
712.0168596884492
 30
0.0
 10
727.442759098935
 20
712.0168596884492
 30
0.0
  0
SPLINE
  5
6B0
330
1F
100
AcDbEntity
  8
≥ﬂ¥ÁòÀ◊¢
370
     9
100
AcDbSpline
210
0.0
220
0.0
230
1.0
 70
    11
 71
     3
 72
    28
 73
    24
 74
     0
 42
0.000000001
 43
0.0000000001
 40
0.0
 40
0.0
 40
0.0
 40
0.0
 40
0.1428571428571428
 40
0.1428571428571428
 40
0.1428571428571428
 40
0.1428571528571428
 40
0.2857142857142857
 40
0.2857142857142857
 40
0.2857142857142857
 40
0.2857142957142857
 40
0.428571428571429
 40
0.428571428571429
 40
0.428571428571429
 40
0.4285714385714289
 40
0.5714285714285714
 40
0.5714285714285714
 40
0.5714285714285714
 40
0.5714285814285715
 40
0.7142857142857145
 40
0.7142857142857145
 40
0.7142857142857145
 40
0.7142857242857146
 40
1.0
 40
1.0
 40
1.0
 40
1.0
 10
728.1428222966886
 20
712.7163785135731
 30
0.0
 10
728.1428222966886
 20
712.7163785135731
 30
0.0
 10
728.421541081493
 20
712.7163785135731
 30
0.0
 10
728.421541081493
 20
712.7163785135731
 30
0.0
 10
728.421541081493
 20
712.7163785135731
 30
0.0
 10
728.421541081493
 20
712.869891594261
 30
0.0
 10
728.2963353773837
 20
712.9950972983682
 30
0.0
 10
728.1428222966886
 20
712.9950972983682
 30
0.0
 10
728.1428222966886
 20
712.9950972983682
 30
0.0
 10
727.9887648433713
 20
712.9950972983682
 30
0.0
 10
727.8635591392584
 20
712.869891594261
 30
0.0
 10
727.8635591392584
 20
712.7163785135731
 30
0.0
 10
727.8635591392584
 20
712.7163785135731
 30
0.0
 10
727.8635591392584
 20
712.5623210602575
 30
0.0
 10
727.9887648433713
 20
712.4371153561502
 30
0.0
 10
728.1428222966886
 20
712.4371153561502
 30
0.0
 10
728.1428222966886
 20
712.4371153561502
 30
0.0
 10
728.2963353773837
 20
712.4371153561502
 30
0.0
 10
728.421541081493
 20
712.5623210602575
 30
0.0
 10
728.421541081493
 20
712.7163785135731
 30
0.0
 10
728.421541081493
 20
712.7163785135731
 30
0.0
 10
728.421541081493
 20
712.7163785135731
 30
0.0
 10
728.1428222966886
 20
712.7163785135731
 30
0.0
 10
728.1428222966886
 20
712.7163785135731
 30
0.0
  0
SPLINE
  5
6B1
330
1F
100
AcDbEntity
  8
≥ﬂ¥ÁòÀ◊¢
370
     9
100
AcDbSpline
210
0.0
220
0.0
230
0.0
 70
    24
 71
     3
 72
     8
 73
     4
 74
     0
 42
0.000000001
 43
0.0000000001
 40
0.0
 40
0.0
 40
0.0
 40
0.0
 40
1.0
 40
1.0
 40
1.0
 40
1.0
 10
728.8407080039312
 20
713.4142642208177
 30
0.0
 10
728.8407080039312
 20
713.4142642208177
 30
0.0
 10
730.572357329004
 20
715.1491797816492
 30
0.0
 10
730.572357329004
 20
715.1491797816492
 30
0.0
  0
SPLINE
  5
6B2
330
1F
100
AcDbEntity
  8
≥ﬂ¥ÁòÀ◊¢
370
     9
100
AcDbSpline
210
0.0
220
0.0
230
0.0
 70
    24
 71
     3
 72
     8
 73
     4
 74
     0
 42
0.000000001
 43
0.0000000001
 40
0.0
 40
0.0
 40
0.0
 40
0.0
 40
1.0
 40
1.0
 40
1.0
 40
1.0
 10
720.8602052986305
 20
702.6367749602693
 30
0.0
 10
720.8602052986305
 20
702.6367749602693
 30
0.0
 10
721.49603252645
 20
703.2731465607127
 30
0.0
 10
721.49603252645
 20
703.2731465607127
 30
0.0
  0
SPLINE
  5
6B3
330
1F
100
AcDbEntity
  8
≥ﬂ¥ÁòÀ◊¢
370
     9
100
AcDbSpline
210
0.0
220
0.0
230
1.0
 70
    11
 71
     3
 72
    28
 73
    24
 74
     0
 42
0.000000001
 43
0.0000000001
 40
0.0
 40
0.0
 40
0.0
 40
0.0
 40
0.1428571428571428
 40
0.1428571428571428
 40
0.1428571428571428
 40
0.1428571528571428
 40
0.2857142857142857
 40
0.2857142857142857
 40
0.2857142857142857
 40
0.2857142957142857
 40
0.428571428571429
 40
0.428571428571429
 40
0.428571428571429
 40
0.4285714385714289
 40
0.5714285714285714
 40
0.5714285714285714
 40
0.5714285714285714
 40
0.5714285814285715
 40
0.7142857142857145
 40
0.7142857142857145
 40
0.7142857142857145
 40
0.7142857242857146
 40
1.0
 40
1.0
 40
1.0
 40
1.0
 10
722.1955513515703
 20
703.9726653858348
 30
0.0
 10
722.1955513515703
 20
703.9726653858348
 30
0.0
 10
722.4748145089932
 20
703.9726653858348
 30
0.0
 10
722.4748145089932
 20
703.9726653858348
 30
0.0
 10
722.4748145089932
 20
703.9726653858348
 30
0.0
 10
722.4748145089932
 20
704.1261784665262
 30
0.0
 10
722.349608804884
 20
704.2513841706319
 30
0.0
 10
722.1955513515703
 20
704.2513841706319
 30
0.0
 10
722.1955513515703
 20
704.2513841706319
 30
0.0
 10
722.0420382708824
 20
704.2513841706319
 30
0.0
 10
721.9168325667732
 20
704.1261784665262
 30
0.0
 10
721.9168325667732
 20
703.9726653858348
 30
0.0
 10
721.9168325667732
 20
703.9726653858348
 30
0.0
 10
721.9168325667732
 20
703.818607932521
 30
0.0
 10
722.0420382708824
 20
703.6934022284155
 30
0.0
 10
722.1955513515703
 20
703.6934022284155
 30
0.0
 10
722.1955513515703
 20
703.6934022284155
 30
0.0
 10
722.349608804884
 20
703.6934022284155
 30
0.0
 10
722.4748145089932
 20
703.818607932521
 30
0.0
 10
722.4748145089932
 20
703.9726653858348
 30
0.0
 10
722.4748145089932
 20
703.9726653858348
 30
0.0
 10
722.4748145089932
 20
703.9726653858348
 30
0.0
 10
722.1955513515703
 20
703.9726653858348
 30
0.0
 10
722.1955513515703
 20
703.9726653858348
 30
0.0
  0
SPLINE
  5
6B4
330
1F
100
AcDbEntity
  8
≥ﬂ¥ÁòÀ◊¢
370
     9
100
AcDbSpline
210
0.0
220
0.0
230
0.0
 70
    24
 71
     3
 72
     8
 73
     4
 74
     0
 42
0.000000001
 43
0.0000000001
 40
0.0
 40
0.0
 40
0.0
 40
0.0
 40
1.0
 40
1.0
 40
1.0
 40
1.0
 10
722.8934370588127
 20
704.6705510930792
 30
0.0
 10
722.8934370588127
 20
704.6705510930792
 30
0.0
 10
726.391575557055
 20
708.1686895913267
 30
0.0
 10
726.391575557055
 20
708.1686895913267
 30
0.0
  0
SPLINE
  5
6B5
330
1F
100
AcDbEntity
  8
≥ﬂ¥ÁòÀ◊¢
370
     9
100
AcDbSpline
210
0.0
220
0.0
230
1.0
 70
    11
 71
     3
 72
    28
 73
    24
 74
     0
 42
0.000000001
 43
0.0000000001
 40
0.0
 40
0.0
 40
0.0
 40
0.0
 40
0.1428571428571428
 40
0.1428571428571428
 40
0.1428571428571428
 40
0.1428571528571428
 40
0.2857142857142857
 40
0.2857142857142857
 40
0.2857142857142857
 40
0.2857142957142857
 40
0.428571428571429
 40
0.428571428571429
 40
0.428571428571429
 40
0.4285714385714289
 40
0.5714285714285714
 40
0.5714285714285714
 40
0.5714285714285714
 40
0.5714285814285715
 40
0.7142857142857145
 40
0.7142857142857145
 40
0.7142857142857145
 40
0.7142857242857146
 40
1.0
 40
1.0
 40
1.0
 40
1.0
 10
727.0932718726897
 20
708.8703859069561
 30
0.0
 10
727.0932718726897
 20
708.8703859069561
 30
0.0
 10
727.3725350301127
 20
708.8703859069561
 30
0.0
 10
727.3725350301127
 20
708.8703859069561
 30
0.0
 10
727.3725350301127
 20
708.8703859069561
 30
0.0
 10
727.3725350301127
 20
709.0238989876475
 30
0.0
 10
727.2473293260035
 20
709.149104691755
 30
0.0
 10
727.0932718726897
 20
709.149104691755
 30
0.0
 10
727.0932718726897
 20
709.149104691755
 30
0.0
 10
726.9397587919983
 20
709.149104691755
 30
0.0
 10
726.8145530878927
 20
709.0238989876475
 30
0.0
 10
726.8145530878927
 20
708.8703859069561
 30
0.0
 10
726.8145530878927
 20
708.8703859069561
 30
0.0
 10
726.8145530878927
 20
708.7163284536442
 30
0.0
 10
726.9397587919983
 20
708.5911227495349
 30
0.0
 10
727.0932718726897
 20
708.5911227495349
 30
0.0
 10
727.0932718726897
 20
708.5911227495349
 30
0.0
 10
727.2473293260035
 20
708.5911227495349
 30
0.0
 10
727.3725350301127
 20
708.7163284536442
 30
0.0
 10
727.3725350301127
 20
708.8703859069561
 30
0.0
 10
727.3725350301127
 20
708.8703859069561
 30
0.0
 10
727.3725350301127
 20
708.8703859069561
 30
0.0
 10
727.0932718726897
 20
708.8703859069561
 30
0.0
 10
727.0932718726897
 20
708.8703859069561
 30
0.0
  0
SPLINE
  5
6B6
330
1F
100
AcDbEntity
  8
≥ﬂ¥ÁòÀ◊¢
370
     9
100
AcDbSpline
210
0.0
220
0.0
230
0.0
 70
    24
 71
     3
 72
     8
 73
     4
 74
     0
 42
0.000000001
 43
0.0000000001
 40
0.0
 40
0.0
 40
0.0
 40
0.0
 40
1.0
 40
1.0
 40
1.0
 40
1.0
 10
727.7911575799326
 20
709.5682716142024
 30
0.0
 10
727.7911575799326
 20
709.5682716142024
 30
0.0
 10
731.2892960781744
 20
713.0664101124462
 30
0.0
 10
731.2892960781744
 20
713.0664101124462
 30
0.0
  0
SPLINE
  5
6B7
330
1F
100
AcDbEntity
  8
≥ﬂ¥ÁòÀ◊¢
370
     9
100
AcDbSpline
210
0.0
220
0.0
230
1.0
 70
    11
 71
     3
 72
    28
 73
    24
 74
     0
 42
0.000000001
 43
0.0000000001
 40
0.0
 40
0.0
 40
0.0
 40
0.0
 40
0.1428571428571428
 40
0.1428571428571428
 40
0.1428571428571428
 40
0.1428571528571428
 40
0.2857142857142857
 40
0.2857142857142857
 40
0.2857142857142857
 40
0.2857142957142857
 40
0.428571428571429
 40
0.428571428571429
 40
0.428571428571429
 40
0.4285714385714289
 40
0.5714285714285714
 40
0.5714285714285714
 40
0.5714285714285714
 40
0.5714285814285715
 40
0.7142857142857145
 40
0.7142857142857145
 40
0.7142857142857145
 40
0.7142857242857146
 40
1.0
 40
1.0
 40
1.0
 40
1.0
 10
731.988814903313
 20
713.7653845649443
 30
0.0
 10
731.988814903313
 20
713.7653845649443
 30
0.0
 10
732.2675336880955
 20
713.7653845649443
 30
0.0
 10
732.2675336880955
 20
713.7653845649443
 30
0.0
 10
732.2675336880955
 20
713.7653845649443
 30
0.0
 10
732.2675336880955
 20
713.918897645634
 30
0.0
 10
732.1423279840045
 20
714.0446477223689
 30
0.0
 10
731.988814903313
 20
714.0446477223689
 30
0.0
 10
731.988814903313
 20
714.0446477223689
 30
0.0
 10
731.8347574499884
 20
714.0446477223689
 30
0.0
 10
731.709551745879
 20
713.918897645634
 30
0.0
 10
731.709551745879
 20
713.7653845649443
 30
0.0
 10
731.709551745879
 20
713.7653845649443
 30
0.0
 10
731.709551745879
 20
713.6118714842564
 30
0.0
 10
731.8347574499884
 20
713.4861214075232
 30
0.0
 10
731.988814903313
 20
713.4861214075232
 30
0.0
 10
731.988814903313
 20
713.4861214075232
 30
0.0
 10
732.1423279840045
 20
713.4861214075232
 30
0.0
 10
732.2675336880955
 20
713.6118714842564
 30
0.0
 10
732.2675336880955
 20
713.7653845649443
 30
0.0
 10
732.2675336880955
 20
713.7653845649443
 30
0.0
 10
732.2675336880955
 20
713.7653845649443
 30
0.0
 10
731.988814903313
 20
713.7653845649443
 30
0.0
 10
731.988814903313
 20
713.7653845649443
 30
0.0
  0
SPLINE
  5
6B8
330
1F
100
AcDbEntity
  8
≥ﬂ¥ÁòÀ◊¢
370
     9
100
AcDbSpline
210
0.0
220
0.0
230
0.0
 70
    24
 71
     3
 72
     8
 73
     4
 74
     0
 42
0.000000001
 43
0.0000000001
 40
0.0
 40
0.0
 40
0.0
 40
0.0
 40
1.0
 40
1.0
 40
1.0
 40
1.0
 10
732.6888781010556
 20
714.4659921353238
 30
0.0
 10
732.6888781010556
 20
714.4659921353238
 30
0.0
 10
733.3720657473882
 20
715.1491797816492
 30
0.0
 10
733.3720657473882
 20
715.1491797816492
 30
0.0
  0
SPLINE
  5
6B9
330
1F
100
AcDbEntity
  8
≥ﬂ¥ÁòÀ◊¢
370
     9
100
AcDbSpline
210
0.0
220
0.0
230
0.0
 70
    24
 71
     3
 72
     8
 73
     4
 74
     0
 42
0.000000001
 43
0.0000000001
 40
0.0
 40
0.0
 40
0.0
 40
0.0
 40
1.0
 40
1.0
 40
1.0
 40
1.0
 10
723.6593693443855
 20
702.6367749602693
 30
0.0
 10
723.6593693443855
 20
702.6367749602693
 30
0.0
 10
725.3425695057037
 20
704.3221526120837
 30
0.0
 10
725.3425695057037
 20
704.3221526120837
 30
0.0
  0
SPLINE
  5
6BA
330
1F
100
AcDbEntity
  8
≥ﬂ¥ÁòÀ◊¢
370
     9
100
AcDbSpline
210
0.0
220
0.0
230
1.0
 70
    11
 71
     3
 72
    28
 73
    24
 74
     0
 42
0.000000001
 43
0.0000000001
 40
0.0
 40
0.0
 40
0.0
 40
0.0
 40
0.1428571428571428
 40
0.1428571428571428
 40
0.1428571428571428
 40
0.1428571528571428
 40
0.2857142857142857
 40
0.2857142857142857
 40
0.2857142857142857
 40
0.2857142957142857
 40
0.428571428571429
 40
0.428571428571429
 40
0.428571428571429
 40
0.4285714385714289
 40
0.5714285714285714
 40
0.5714285714285714
 40
0.5714285714285714
 40
0.5714285814285715
 40
0.7142857142857145
 40
0.7142857142857145
 40
0.7142857142857145
 40
0.7142857242857146
 40
1.0
 40
1.0
 40
1.0
 40
1.0
 10
726.0415439581801
 20
705.0216714372096
 30
0.0
 10
726.0415439581801
 20
705.0216714372096
 30
0.0
 10
726.320807115603
 20
705.0216714372096
 30
0.0
 10
726.320807115603
 20
705.0216714372096
 30
0.0
 10
726.320807115603
 20
705.0216714372096
 30
0.0
 10
726.320807115603
 20
705.1751845178992
 30
0.0
 10
726.1956014115011
 20
705.3009345946307
 30
0.0
 10
726.0415439581801
 20
705.3009345946307
 30
0.0
 10
726.0415439581801
 20
705.3009345946307
 30
0.0
 10
725.8880308774995
 20
705.3009345946307
 30
0.0
 10
725.7628251733937
 20
705.1751845178992
 30
0.0
 10
725.7628251733937
 20
705.0216714372096
 30
0.0
 10
725.7628251733937
 20
705.0216714372096
 30
0.0
 10
725.7628251733937
 20
704.8676139838922
 30
0.0
 10
725.8880308774995
 20
704.7424082797866
 30
0.0
 10
726.0415439581801
 20
704.7424082797866
 30
0.0
 10
726.0415439581801
 20
704.7424082797866
 30
0.0
 10
726.1956014115011
 20
704.7424082797866
 30
0.0
 10
726.320807115603
 20
704.8676139838922
 30
0.0
 10
726.320807115603
 20
705.0216714372096
 30
0.0
 10
726.320807115603
 20
705.0216714372096
 30
0.0
 10
726.320807115603
 20
705.0216714372096
 30
0.0
 10
726.0415439581801
 20
705.0216714372096
 30
0.0
 10
726.0415439581801
 20
705.0216714372096
 30
0.0
  0
SPLINE
  5
6BB
330
1F
100
AcDbEntity
  8
≥ﬂ¥ÁòÀ◊¢
370
     9
100
AcDbSpline
210
0.0
220
0.0
230
0.0
 70
    24
 71
     3
 72
     8
 73
     4
 74
     0
 42
0.000000001
 43
0.0000000001
 40
0.0
 40
0.0
 40
0.0
 40
0.0
 40
1.0
 40
1.0
 40
1.0
 40
1.0
 10
726.7421515285668
 20
705.7195571444541
 30
0.0
 10
726.7421515285668
 20
705.7195571444541
 30
0.0
 10
730.070445767319
 20
709.0505732463467
 30
0.0
 10
730.070445767319
 20
709.0505732463467
 30
0.0
  0
SPLINE
  5
6BC
330
1F
100
AcDbEntity
  8
≥ﬂ¥ÁòÀ◊¢
370
     9
100
AcDbSpline
210
0.0
220
0.0
230
0.0
 70
    24
 71
     3
 72
     8
 73
     4
 74
     0
 42
0.000000001
 43
0.0000000001
 40
0.0
 40
0.0
 40
0.0
 40
0.0
 40
1.0
 40
1.0
 40
1.0
 40
1.0
 10
732.5348206477382
 20
711.5144037541401
 30
0.0
 10
732.5348206477382
 20
711.5144037541401
 30
0.0
 10
735.1380105479353
 20
714.1154161638211
 30
0.0
 10
735.1380105479353
 20
714.1154161638211
 30
0.0
  0
SPLINE
  5
6BD
330
1F
100
AcDbEntity
  8
≥ﬂ¥ÁòÀ◊¢
370
     9
100
AcDbSpline
210
0.0
220
0.0
230
1.0
 70
    11
 71
     3
 72
    28
 73
    24
 74
     0
 42
0.000000001
 43
0.0000000001
 40
0.0
 40
0.0
 40
0.0
 40
0.0
 40
0.1428571428571428
 40
0.1428571428571428
 40
0.1428571428571428
 40
0.1428571528571428
 40
0.2857142857142857
 40
0.2857142857142857
 40
0.2857142857142857
 40
0.2857142957142857
 40
0.428571428571429
 40
0.428571428571429
 40
0.428571428571429
 40
0.4285714385714289
 40
0.5714285714285714
 40
0.5714285714285714
 40
0.5714285714285714
 40
0.5714285814285715
 40
0.7142857142857145
 40
0.7142857142857145
 40
0.7142857142857145
 40
0.7142857242857146
 40
1.0
 40
1.0
 40
1.0
 40
1.0
 10
735.83698500043
 20
714.8171124794504
 30
0.0
 10
735.83698500043
 20
714.8171124794504
 30
0.0
 10
736.116248157853
 20
714.8171124794504
 30
0.0
 10
736.116248157853
 20
714.8171124794504
 30
0.0
 10
736.116248157853
 20
714.8171124794504
 30
0.0
 10
736.116248157853
 20
714.9706255601419
 30
0.0
 10
735.99104245374
 20
715.0963756368732
 30
0.0
 10
735.83698500043
 20
715.0963756368732
 30
0.0
 10
735.83698500043
 20
715.0963756368732
 30
0.0
 10
735.6834719197421
 20
715.0963756368732
 30
0.0
 10
735.5582662156256
 20
714.9706255601419
 30
0.0
 10
735.5582662156256
 20
714.8171124794504
 30
0.0
 10
735.5582662156256
 20
714.8171124794504
 30
0.0
 10
735.5582662156256
 20
714.6630550261328
 30
0.0
 10
735.6834719197421
 20
714.5378493220274
 30
0.0
 10
735.83698500043
 20
714.5378493220274
 30
0.0
 10
735.83698500043
 20
714.5378493220274
 30
0.0
 10
735.99104245374
 20
714.5378493220274
 30
0.0
 10
736.116248157853
 20
714.6630550261328
 30
0.0
 10
736.116248157853
 20
714.8171124794504
 30
0.0
 10
736.116248157853
 20
714.8171124794504
 30
0.0
 10
736.116248157853
 20
714.8171124794504
 30
0.0
 10
735.83698500043
 20
714.8171124794504
 30
0.0
 10
735.83698500043
 20
714.8171124794504
 30
0.0
  0
SPLINE
  5
6BE
330
1F
100
AcDbEntity
  8
≥ﬂ¥ÁòÀ◊¢
370
     9
100
AcDbSpline
210
0.0
220
0.0
230
0.0
 70
    24
 71
     3
 72
     8
 73
     4
 74
     0
 42
0.000000001
 43
0.0000000001
 40
0.0
 40
0.0
 40
0.0
 40
0.0
 40
1.0
 40
1.0
 40
1.0
 40
1.0
 10
726.4563558996186
 20
702.6367749602693
 30
0.0
 10
726.4563558996186
 20
702.6367749602693
 30
0.0
 10
729.1912839754358
 20
705.3717030360846
 30
0.0
 10
729.1912839754358
 20
705.3717030360846
 30
0.0
  0
SPLINE
  5
6BF
330
1F
100
AcDbEntity
  8
≥ﬂ¥ÁòÀ◊¢
370
     9
100
AcDbSpline
210
0.0
220
0.0
230
1.0
 70
    11
 71
     3
 72
    28
 73
    24
 74
     0
 42
0.000000001
 43
0.0000000001
 40
0.0
 40
0.0
 40
0.0
 40
0.0
 40
0.1428571428571428
 40
0.1428571428571428
 40
0.1428571428571428
 40
0.1428571528571428
 40
0.2857142857142857
 40
0.2857142857142857
 40
0.2857142857142857
 40
0.2857142957142857
 40
0.428571428571429
 40
0.428571428571429
 40
0.428571428571429
 40
0.4285714385714289
 40
0.5714285714285714
 40
0.5714285714285714
 40
0.5714285714285714
 40
0.5714285814285715
 40
0.7142857142857145
 40
0.7142857142857145
 40
0.7142857142857145
 40
0.7142857242857146
 40
1.0
 40
1.0
 40
1.0
 40
1.0
 10
729.8902584279411
 20
706.0706774885808
 30
0.0
 10
729.8902584279411
 20
706.0706774885808
 30
0.0
 10
730.1695215853531
 20
706.0706774885808
 30
0.0
 10
730.1695215853531
 20
706.0706774885808
 30
0.0
 10
730.1695215853531
 20
706.0706774885808
 30
0.0
 10
730.1695215853531
 20
706.2247349418945
 30
0.0
 10
730.0443158812655
 20
706.3499406460055
 30
0.0
 10
729.8902584279411
 20
706.3499406460055
 30
0.0
 10
729.8902584279411
 20
706.3499406460055
 30
0.0
 10
729.7367453472424
 20
706.3499406460055
 30
0.0
 10
729.6115396431331
 20
706.2247349418945
 30
0.0
 10
729.6115396431331
 20
706.0706774885808
 30
0.0
 10
729.6115396431331
 20
706.0706774885808
 30
0.0
 10
729.6115396431331
 20
705.9171644078928
 30
0.0
 10
729.7367453472424
 20
705.7919587037837
 30
0.0
 10
729.8902584279411
 20
705.7919587037837
 30
0.0
 10
729.8902584279411
 20
705.7919587037837
 30
0.0
 10
730.0443158812655
 20
705.7919587037837
 30
0.0
 10
730.1695215853531
 20
705.9171644078928
 30
0.0
 10
730.1695215853531
 20
706.0706774885808
 30
0.0
 10
730.1695215853531
 20
706.0706774885808
 30
0.0
 10
730.1695215853531
 20
706.0706774885808
 30
0.0
 10
729.8902584279411
 20
706.0706774885808
 30
0.0
 10
729.8902584279411
 20
706.0706774885808
 30
0.0
  0
SPLINE
  5
6C0
330
1F
100
AcDbEntity
  8
≥ﬂ¥ÁòÀ◊¢
370
     9
100
AcDbSpline
210
0.0
220
0.0
230
1.0
 70
    11
 71
     3
 72
    28
 73
    24
 74
     0
 42
0.000000001
 43
0.0000000001
 40
0.0
 40
0.0
 40
0.0
 40
0.0
 40
0.1428571428571428
 40
0.1428571428571428
 40
0.1428571428571428
 40
0.1428571528571428
 40
0.2857142857142857
 40
0.2857142857142857
 40
0.2857142857142857
 40
0.2857142957142857
 40
0.428571428571429
 40
0.428571428571429
 40
0.428571428571429
 40
0.4285714385714289
 40
0.5714285714285714
 40
0.5714285714285714
 40
0.5714285714285714
 40
0.5714285814285715
 40
0.7142857142857145
 40
0.7142857142857145
 40
0.7142857142857145
 40
0.7142857242857146
 40
1.0
 40
1.0
 40
1.0
 40
1.0
 10
729.2560643180068
 20
702.637319332895
 30
0.0
 10
729.2560643180068
 20
702.637319332895
 30
0.0
 10
729.535327475426
 20
702.637319332895
 30
0.0
 10
729.535327475426
 20
702.637319332895
 30
0.0
 10
729.535327475426
 20
702.637319332895
 30
0.0
 10
729.535327475426
 20
702.7908324135847
 30
0.0
 10
729.4101217713166
 20
702.9165824903198
 30
0.0
 10
729.2560643180068
 20
702.9165824903198
 30
0.0
 10
729.2560643180068
 20
702.9165824903198
 30
0.0
 10
729.1025512373042
 20
702.9165824903198
 30
0.0
 10
728.9773455331912
 20
702.7908324135847
 30
0.0
 10
728.9773455331912
 20
702.637319332895
 30
0.0
 10
728.9773455331912
 20
702.637319332895
 30
0.0
 10
728.9773455331912
 20
702.4838062522055
 30
0.0
 10
729.1025512373042
 20
702.3580561754721
 30
0.0
 10
729.2560643180068
 20
702.3580561754721
 30
0.0
 10
729.2560643180068
 20
702.3580561754721
 30
0.0
 10
729.4101217713166
 20
702.3580561754721
 30
0.0
 10
729.535327475426
 20
702.4838062522055
 30
0.0
 10
729.535327475426
 20
702.637319332895
 30
0.0
 10
729.535327475426
 20
702.637319332895
 30
0.0
 10
729.535327475426
 20
702.637319332895
 30
0.0
 10
729.2560643180068
 20
702.637319332895
 30
0.0
 10
729.2560643180068
 20
702.637319332895
 30
0.0
  0
SPLINE
  5
6C1
330
1F
100
AcDbEntity
  8
≥ﬂ¥ÁòÀ◊¢
370
     9
100
AcDbSpline
210
0.0
220
0.0
230
0.0
 70
    24
 71
     3
 72
     8
 73
     4
 74
     0
 42
0.000000001
 43
0.0000000001
 40
0.0
 40
0.0
 40
0.0
 40
0.0
 40
1.0
 40
1.0
 40
1.0
 40
1.0
 10
729.5413155743107
 20
702.9225705892099
 30
0.0
 10
729.5413155743107
 20
702.9225705892099
 30
0.0
 10
730.070445767319
 20
703.4533339001033
 30
0.0
 10
730.070445767319
 20
703.4533339001033
 30
0.0
  0
SPLINE
  5
6C2
330
1F
100
AcDbEntity
  8
≥ﬂ¥ÁòÀ◊¢
370
     9
100
AcDbSpline
210
0.0
220
0.0
230
0.0
 70
    24
 71
     3
 72
     8
 73
     4
 74
     0
 42
0.000000001
 43
0.0000000001
 40
0.0
 40
0.0
 40
0.0
 40
0.0
 40
1.0
 40
1.0
 40
1.0
 40
1.0
 10
734.0775726713935
 20
710.257991732046
 30
0.0
 10
734.0775726713935
 20
710.257991732046
 30
0.0
 10
734.0890044965552
 20
710.2667016940745
 30
0.0
 10
734.0890044965552
 20
710.2667016940745
 30
0.0
  0
SPLINE
  5
6C3
330
1F
100
AcDbEntity
  8
≥ﬂ¥ÁòÀ◊¢
370
     9
100
AcDbSpline
210
0.0
220
0.0
230
1.0
 70
    11
 71
     3
 72
    28
 73
    24
 74
     0
 42
0.000000001
 43
0.0000000001
 40
0.0
 40
0.0
 40
0.0
 40
0.0
 40
0.1428571428571428
 40
0.1428571428571428
 40
0.1428571428571428
 40
0.1428571528571428
 40
0.2857142857142857
 40
0.2857142857142857
 40
0.2857142857142857
 40
0.2857142957142857
 40
0.428571428571429
 40
0.428571428571429
 40
0.428571428571429
 40
0.4285714385714289
 40
0.5714285714285714
 40
0.5714285714285714
 40
0.5714285714285714
 40
0.5714285814285715
 40
0.7142857142857145
 40
0.7142857142857145
 40
0.7142857142857145
 40
0.7142857242857146
 40
1.0
 40
1.0
 40
1.0
 40
1.0
 10
734.7879789490463
 20
710.9683980097037
 30
0.0
 10
734.7879789490463
 20
710.9683980097037
 30
0.0
 10
735.0672421064688
 20
710.9683980097037
 30
0.0
 10
735.0672421064688
 20
710.9683980097037
 30
0.0
 10
735.0672421064688
 20
710.9683980097037
 30
0.0
 10
735.0672421064688
 20
711.1224554630174
 30
0.0
 10
734.9420364023742
 20
711.2476611671251
 30
0.0
 10
734.7879789490463
 20
711.2476611671251
 30
0.0
 10
734.7879789490463
 20
711.2476611671251
 30
0.0
 10
734.6344658683618
 20
711.2476611671251
 30
0.0
 10
734.5092601642633
 20
711.1224554630174
 30
0.0
 10
734.5092601642633
 20
710.9683980097037
 30
0.0
 10
734.5092601642633
 20
710.9683980097037
 30
0.0
 10
734.5092601642633
 20
710.8148849290143
 30
0.0
 10
734.6344658683618
 20
710.6896792249067
 30
0.0
 10
734.7879789490463
 20
710.6896792249067
 30
0.0
 10
734.7879789490463
 20
710.6896792249067
 30
0.0
 10
734.9420364023742
 20
710.6896792249067
 30
0.0
 10
735.0672421064688
 20
710.8148849290143
 30
0.0
 10
735.0672421064688
 20
710.9683980097037
 30
0.0
 10
735.0672421064688
 20
710.9683980097037
 30
0.0
 10
735.0672421064688
 20
710.9683980097037
 30
0.0
 10
734.7879789490463
 20
710.9683980097037
 30
0.0
 10
734.7879789490463
 20
710.9683980097037
 30
0.0
  0
SPLINE
  5
6C4
330
1F
100
AcDbEntity
  8
≥ﬂ¥ÁòÀ◊¢
370
     9
100
AcDbSpline
210
0.0
220
0.0
230
0.0
 70
    24
 71
     3
 72
     8
 73
     4
 74
     0
 42
0.000000001
 43
0.0000000001
 40
0.0
 40
0.0
 40
0.0
 40
0.0
 40
1.0
 40
1.0
 40
1.0
 40
1.0
 10
735.4880421467957
 20
711.6662837169465
 30
0.0
 10
735.4880421467957
 20
711.6662837169465
 30
0.0
 10
738.9682163483692
 20
715.1491797816492
 30
0.0
 10
738.9682163483692
 20
715.1491797816492
 30
0.0
  0
SPLINE
  5
6C5
330
1F
100
AcDbEntity
  8
≥ﬂ¥ÁòÀ◊¢
370
     9
100
AcDbSpline
210
0.0
220
0.0
230
1.0
 70
    11
 71
     3
 72
    28
 73
    24
 74
     0
 42
0.000000001
 43
0.0000000001
 40
0.0
 40
0.0
 40
0.0
 40
0.0
 40
0.1428571428571428
 40
0.1428571428571428
 40
0.1428571428571428
 40
0.1428571528571428
 40
0.2857142857142857
 40
0.2857142857142857
 40
0.2857142857142857
 40
0.2857142957142857
 40
0.428571428571429
 40
0.428571428571429
 40
0.428571428571429
 40
0.4285714385714289
 40
0.5714285714285714
 40
0.5714285714285714
 40
0.5714285714285714
 40
0.5714285814285715
 40
0.7142857142857145
 40
0.7142857142857145
 40
0.7142857142857145
 40
0.7142857242857146
 40
1.0
 40
1.0
 40
1.0
 40
1.0
 10
734.0781170440268
 20
707.4588276862965
 30
0.0
 10
734.0781170440268
 20
707.4588276862965
 30
0.0
 10
734.3573802014494
 20
707.4588276862965
 30
0.0
 10
734.3573802014494
 20
707.4588276862965
 30
0.0
 10
734.3573802014494
 20
707.4588276862965
 30
0.0
 10
734.3573802014494
 20
707.6128851396138
 30
0.0
 10
734.2316301247143
 20
707.7380908437231
 30
0.0
 10
734.0781170440268
 20
707.7380908437231
 30
0.0
 10
734.0781170440268
 20
707.7380908437231
 30
0.0
 10
733.924059590702
 20
707.7380908437231
 30
0.0
 10
733.7988538866037
 20
707.6128851396138
 30
0.0
 10
733.7988538866037
 20
707.4588276862965
 30
0.0
 10
733.7988538866037
 20
707.4588276862965
 30
0.0
 10
733.7988538866037
 20
707.3053146056105
 30
0.0
 10
733.924059590702
 20
707.1801089015031
 30
0.0
 10
734.0781170440268
 20
707.1801089015031
 30
0.0
 10
734.0781170440268
 20
707.1801089015031
 30
0.0
 10
734.2316301247143
 20
707.1801089015031
 30
0.0
 10
734.3573802014494
 20
707.3053146056105
 30
0.0
 10
734.3573802014494
 20
707.4588276862965
 30
0.0
 10
734.3573802014494
 20
707.4588276862965
 30
0.0
 10
734.3573802014494
 20
707.4588276862965
 30
0.0
 10
734.0781170440268
 20
707.4588276862965
 30
0.0
 10
734.0781170440268
 20
707.4588276862965
 30
0.0
  0
SPLINE
  5
6C6
330
1F
100
AcDbEntity
  8
≥ﬂ¥ÁòÀ◊¢
370
     9
100
AcDbSpline
210
0.0
220
0.0
230
0.0
 70
    24
 71
     3
 72
     8
 73
     4
 74
     0
 42
0.000000001
 43
0.0000000001
 40
0.0
 40
0.0
 40
0.0
 40
0.0
 40
1.0
 40
1.0
 40
1.0
 40
1.0
 10
734.4368586049303
 20
707.818113619826
 30
0.0
 10
734.4368586049303
 20
707.818113619826
 30
0.0
 10
737.9349971031723
 20
711.318429608579
 30
0.0
 10
737.9349971031723
 20
711.318429608579
 30
0.0
  0
SPLINE
  5
6C7
330
1F
100
AcDbEntity
  8
≥ﬂ¥ÁòÀ◊¢
370
     9
100
AcDbSpline
210
0.0
220
0.0
230
1.0
 70
    11
 71
     3
 72
    28
 73
    24
 74
     0
 42
0.000000001
 43
0.0000000001
 40
0.0
 40
0.0
 40
0.0
 40
0.0
 40
0.1428571428571428
 40
0.1428571428571428
 40
0.1428571428571428
 40
0.1428571528571428
 40
0.2857142857142857
 40
0.2857142857142857
 40
0.2857142857142857
 40
0.2857142957142857
 40
0.428571428571429
 40
0.428571428571429
 40
0.428571428571429
 40
0.4285714385714289
 40
0.5714285714285714
 40
0.5714285714285714
 40
0.5714285714285714
 40
0.5714285814285715
 40
0.7142857142857145
 40
0.7142857142857145
 40
0.7142857142857145
 40
0.7142857242857146
 40
1.0
 40
1.0
 40
1.0
 40
1.0
 10
738.6366934187996
 20
712.0174040610733
 30
0.0
 10
738.6366934187996
 20
712.0174040610733
 30
0.0
 10
738.9159565762227
 20
712.0174040610733
 30
0.0
 10
738.9159565762227
 20
712.0174040610733
 30
0.0
 10
738.9159565762227
 20
712.0174040610733
 30
0.0
 10
738.9159565762227
 20
712.1714615143907
 30
0.0
 10
738.7902064994912
 20
712.2966672184981
 30
0.0
 10
738.6366934187996
 20
712.2966672184981
 30
0.0
 10
738.6366934187996
 20
712.2966672184981
 30
0.0
 10
738.482635965486
 20
712.2966672184981
 30
0.0
 10
738.3574302613767
 20
712.1714615143907
 30
0.0
 10
738.3574302613767
 20
712.0174040610733
 30
0.0
 10
738.3574302613767
 20
712.0174040610733
 30
0.0
 10
738.3574302613767
 20
711.8638909803872
 30
0.0
 10
738.482635965486
 20
711.7386852762797
 30
0.0
 10
738.6366934187996
 20
711.7386852762797
 30
0.0
 10
738.6366934187996
 20
711.7386852762797
 30
0.0
 10
738.7902064994912
 20
711.7386852762797
 30
0.0
 10
738.9159565762227
 20
711.8638909803872
 30
0.0
 10
738.9159565762227
 20
712.0174040610733
 30
0.0
 10
738.9159565762227
 20
712.0174040610733
 30
0.0
 10
738.9159565762227
 20
712.0174040610733
 30
0.0
 10
738.6366934187996
 20
712.0174040610733
 30
0.0
 10
738.6366934187996
 20
712.0174040610733
 30
0.0
  0
SPLINE
  5
6C8
330
1F
100
AcDbEntity
  8
≥ﬂ¥ÁòÀ◊¢
370
     9
100
AcDbSpline
210
0.0
220
0.0
230
0.0
 70
    24
 71
     3
 72
     8
 73
     4
 74
     0
 42
0.000000001
 43
0.0000000001
 40
0.0
 40
0.0
 40
0.0
 40
0.0
 40
1.0
 40
1.0
 40
1.0
 40
1.0
 10
739.3345791260461
 20
712.7158341409454
 30
0.0
 10
739.3345791260461
 20
712.7158341409454
 30
0.0
 10
741.7673803941203
 20
715.1491797816492
 30
0.0
 10
741.7673803941203
 20
715.1491797816492
 30
0.0
  0
SPLINE
  5
6C9
330
1F
100
AcDbEntity
  8
≥ﬂ¥ÁòÀ◊¢
370
     9
100
AcDbSpline
210
0.0
220
0.0
230
0.0
 70
    24
 71
     3
 72
     8
 73
     4
 74
     0
 42
0.000000001
 43
0.0000000001
 40
0.0
 40
0.0
 40
0.0
 40
0.0
 40
1.0
 40
1.0
 40
1.0
 40
1.0
 10
734.0775726713935
 20
704.6612967584281
 30
0.0
 10
734.0775726713935
 20
704.6612967584281
 30
0.0
 10
736.8859910518173
 20
707.4697151388287
 30
0.0
 10
736.8859910518173
 20
707.4697151388287
 30
0.0
  0
SPLINE
  5
6CA
330
1F
100
AcDbEntity
  8
≥ﬂ¥ÁòÀ◊¢
370
     9
100
AcDbSpline
210
0.0
220
0.0
230
1.0
 70
    11
 71
     3
 72
    28
 73
    24
 74
     0
 42
0.000000001
 43
0.0000000001
 40
0.0
 40
0.0
 40
0.0
 40
0.0
 40
0.1428571428571428
 40
0.1428571428571428
 40
0.1428571428571428
 40
0.1428571528571428
 40
0.2857142857142857
 40
0.2857142857142857
 40
0.2857142857142857
 40
0.2857142957142857
 40
0.428571428571429
 40
0.428571428571429
 40
0.428571428571429
 40
0.4285714385714289
 40
0.5714285714285714
 40
0.5714285714285714
 40
0.5714285714285714
 40
0.5714285814285715
 40
0.7142857142857145
 40
0.7142857142857145
 40
0.7142857142857145
 40
0.7142857242857146
 40
1.0
 40
1.0
 40
1.0
 40
1.0
 10
737.5849655042972
 20
708.1692339639543
 30
0.0
 10
737.5849655042972
 20
708.1692339639543
 30
0.0
 10
737.8642286617203
 20
708.1692339639543
 30
0.0
 10
737.8642286617203
 20
708.1692339639543
 30
0.0
 10
737.8642286617203
 20
708.1692339639543
 30
0.0
 10
737.8642286617203
 20
708.3227470446421
 30
0.0
 10
737.7384785849852
 20
708.4479527487497
 30
0.0
 10
737.5849655042972
 20
708.4479527487497
 30
0.0
 10
737.5849655042972
 20
708.4479527487497
 30
0.0
 10
737.4314524236096
 20
708.4479527487497
 30
0.0
 10
737.3057023468742
 20
708.3227470446421
 30
0.0
 10
737.3057023468742
 20
708.1692339639543
 30
0.0
 10
737.3057023468742
 20
708.1692339639543
 30
0.0
 10
737.3057023468742
 20
708.0151765106387
 30
0.0
 10
737.4314524236096
 20
707.8899708065334
 30
0.0
 10
737.5849655042972
 20
707.8899708065334
 30
0.0
 10
737.5849655042972
 20
707.8899708065334
 30
0.0
 10
737.7384785849852
 20
707.8899708065334
 30
0.0
 10
737.8642286617203
 20
708.0151765106387
 30
0.0
 10
737.8642286617203
 20
708.1692339639543
 30
0.0
 10
737.8642286617203
 20
708.1692339639543
 30
0.0
 10
737.8642286617203
 20
708.1692339639543
 30
0.0
 10
737.5849655042972
 20
708.1692339639543
 30
0.0
 10
737.5849655042972
 20
708.1692339639543
 30
0.0
  0
SPLINE
  5
6CB
330
1F
100
AcDbEntity
  8
≥ﬂ¥ÁòÀ◊¢
370
     9
100
AcDbSpline
210
0.0
220
0.0
230
0.0
 70
    24
 71
     3
 72
     8
 73
     4
 74
     0
 42
0.000000001
 43
0.0000000001
 40
0.0
 40
0.0
 40
0.0
 40
0.0
 40
1.0
 40
1.0
 40
1.0
 40
1.0
 10
738.2855730746878
 20
708.8692971617025
 30
0.0
 10
738.2855730746878
 20
708.8692971617025
 30
0.0
 10
741.7837115729296
 20
712.3674356599482
 30
0.0
 10
741.7837115729296
 20
712.3674356599482
 30
0.0
  0
SPLINE
  5
6CC
330
1F
100
AcDbEntity
  8
≥ﬂ¥ÁòÀ◊¢
370
     9
100
AcDbSpline
210
0.0
220
0.0
230
1.0
 70
    11
 71
     3
 72
    28
 73
    24
 74
     0
 42
0.000000001
 43
0.0000000001
 40
0.0
 40
0.0
 40
0.0
 40
0.0
 40
0.1428571428571428
 40
0.1428571428571428
 40
0.1428571428571428
 40
0.1428571528571428
 40
0.2857142857142857
 40
0.2857142857142857
 40
0.2857142857142857
 40
0.2857142957142857
 40
0.428571428571429
 40
0.428571428571429
 40
0.428571428571429
 40
0.4285714385714289
 40
0.5714285714285714
 40
0.5714285714285714
 40
0.5714285714285714
 40
0.5714285814285715
 40
0.7142857142857145
 40
0.7142857142857145
 40
0.7142857142857145
 40
0.7142857242857146
 40
1.0
 40
1.0
 40
1.0
 40
1.0
 10
742.482686025413
 20
713.0669544850737
 30
0.0
 10
742.482686025413
 20
713.0669544850737
 30
0.0
 10
742.7619491828397
 20
713.0669544850737
 30
0.0
 10
742.7619491828397
 20
713.0669544850737
 30
0.0
 10
742.7619491828397
 20
713.0669544850737
 30
0.0
 10
742.7619491828397
 20
713.2204675657654
 30
0.0
 10
742.6361991061047
 20
713.3456732698711
 30
0.0
 10
742.482686025413
 20
713.3456732698711
 30
0.0
 10
742.482686025413
 20
713.3456732698711
 30
0.0
 10
742.3291729447181
 20
713.3456732698711
 30
0.0
 10
742.2034228679939
 20
713.2204675657654
 30
0.0
 10
742.2034228679939
 20
713.0669544850737
 30
0.0
 10
742.2034228679939
 20
713.0669544850737
 30
0.0
 10
742.2034228679939
 20
712.9128970317602
 30
0.0
 10
742.3291729447181
 20
712.7876913276527
 30
0.0
 10
742.482686025413
 20
712.7876913276527
 30
0.0
 10
742.482686025413
 20
712.7876913276527
 30
0.0
 10
742.6361991061047
 20
712.7876913276527
 30
0.0
 10
742.7619491828397
 20
712.9128970317602
 30
0.0
 10
742.7619491828397
 20
713.0669544850737
 30
0.0
 10
742.7619491828397
 20
713.0669544850737
 30
0.0
 10
742.7619491828397
 20
713.0669544850737
 30
0.0
 10
742.482686025413
 20
713.0669544850737
 30
0.0
 10
742.482686025413
 20
713.0669544850737
 30
0.0
  0
SPLINE
  5
6CD
330
1F
100
AcDbEntity
  8
≥ﬂ¥ÁòÀ◊¢
370
     9
100
AcDbSpline
210
0.0
220
0.0
230
0.0
 70
    24
 71
     3
 72
     8
 73
     4
 74
     0
 42
0.000000001
 43
0.0000000001
 40
0.0
 40
0.0
 40
0.0
 40
0.0
 40
1.0
 40
1.0
 40
1.0
 40
1.0
 10
743.183293595796
 20
713.7648401923168
 30
0.0
 10
743.183293595796
 20
713.7648401923168
 30
0.0
 10
744.5643669493683
 20
715.1491797816492
 30
0.0
 10
744.5643669493683
 20
715.1491797816492
 30
0.0
  0
SPLINE
  5
6CE
330
1F
100
AcDbEntity
  8
≥ﬂ¥ÁòÀ◊¢
370
     9
100
AcDbSpline
210
0.0
220
0.0
230
0.0
 70
    24
 71
     3
 72
     8
 73
     4
 74
     0
 42
0.000000001
 43
0.0000000001
 40
0.0
 40
0.0
 40
0.0
 40
0.0
 40
1.0
 40
1.0
 40
1.0
 40
1.0
 10
734.8522149189838
 20
702.6367749602693
 30
0.0
 10
734.8522149189838
 20
702.6367749602693
 30
0.0
 10
735.8364406277968
 20
703.621545041708
 30
0.0
 10
735.8364406277968
 20
703.621545041708
 30
0.0
  0
SPLINE
  5
6CF
330
1F
100
AcDbEntity
  8
≥ﬂ¥ÁòÀ◊¢
370
     9
100
AcDbSpline
210
0.0
220
0.0
230
1.0
 70
    11
 71
     3
 72
    28
 73
    24
 74
     0
 42
0.000000001
 43
0.0000000001
 40
0.0
 40
0.0
 40
0.0
 40
0.0
 40
0.1428571428571428
 40
0.1428571428571428
 40
0.1428571428571428
 40
0.1428571528571428
 40
0.2857142857142857
 40
0.2857142857142857
 40
0.2857142857142857
 40
0.2857142957142857
 40
0.428571428571429
 40
0.428571428571429
 40
0.428571428571429
 40
0.4285714385714289
 40
0.5714285714285714
 40
0.5714285714285714
 40
0.5714285714285714
 40
0.5714285814285715
 40
0.7142857142857145
 40
0.7142857142857145
 40
0.7142857142857145
 40
0.7142857242857146
 40
1.0
 40
1.0
 40
1.0
 40
1.0
 10
736.5381369434206
 20
704.3232413573393
 30
0.0
 10
736.5381369434206
 20
704.3232413573393
 30
0.0
 10
736.8174001008545
 20
704.3232413573393
 30
0.0
 10
736.8174001008545
 20
704.3232413573393
 30
0.0
 10
736.8174001008545
 20
704.3232413573393
 30
0.0
 10
736.8174001008545
 20
704.4767544380269
 30
0.0
 10
736.6921943967525
 20
704.6019601421362
 30
0.0
 10
736.5381369434206
 20
704.6019601421362
 30
0.0
 10
736.5381369434206
 20
704.6019601421362
 30
0.0
 10
736.3846238627403
 20
704.6019601421362
 30
0.0
 10
736.2594181586417
 20
704.4767544380269
 30
0.0
 10
736.2594181586417
 20
704.3232413573393
 30
0.0
 10
736.2594181586417
 20
704.3232413573393
 30
0.0
 10
736.2594181586417
 20
704.1691839040237
 30
0.0
 10
736.3846238627403
 20
704.0439781999142
 30
0.0
 10
736.5381369434206
 20
704.0439781999142
 30
0.0
 10
736.5381369434206
 20
704.0439781999142
 30
0.0
 10
736.6921943967525
 20
704.0439781999142
 30
0.0
 10
736.8174001008545
 20
704.1691839040237
 30
0.0
 10
736.8174001008545
 20
704.3232413573393
 30
0.0
 10
736.8174001008545
 20
704.3232413573393
 30
0.0
 10
736.8174001008545
 20
704.3232413573393
 30
0.0
 10
736.5381369434206
 20
704.3232413573393
 30
0.0
 10
736.5381369434206
 20
704.3232413573393
 30
0.0
  0
SPLINE
  5
6D0
330
1F
100
AcDbEntity
  8
≥ﬂ¥ÁòÀ◊¢
370
     9
100
AcDbSpline
210
0.0
220
0.0
230
0.0
 70
    24
 71
     3
 72
     8
 73
     4
 74
     0
 42
0.000000001
 43
0.0000000001
 40
0.0
 40
0.0
 40
0.0
 40
0.0
 40
1.0
 40
1.0
 40
1.0
 40
1.0
 10
737.2365670233001
 20
705.0211270645838
 30
0.0
 10
737.2365670233001
 20
705.0211270645838
 30
0.0
 10
740.7341611489197
 20
708.5192655628294
 30
0.0
 10
740.7341611489197
 20
708.5192655628294
 30
0.0
  0
SPLINE
  5
6D1
330
1F
100
AcDbEntity
  8
≥ﬂ¥ÁòÀ◊¢
370
     9
100
AcDbSpline
210
0.0
220
0.0
230
1.0
 70
    11
 71
     3
 72
    28
 73
    24
 74
     0
 42
0.000000001
 43
0.0000000001
 40
0.0
 40
0.0
 40
0.0
 40
0.0
 40
0.1428571428571428
 40
0.1428571428571428
 40
0.1428571428571428
 40
0.1428571528571428
 40
0.2857142857142857
 40
0.2857142857142857
 40
0.2857142857142857
 40
0.2857142957142857
 40
0.428571428571429
 40
0.428571428571429
 40
0.428571428571429
 40
0.4285714385714289
 40
0.5714285714285714
 40
0.5714285714285714
 40
0.5714285714285714
 40
0.5714285814285715
 40
0.7142857142857145
 40
0.7142857142857145
 40
0.7142857142857145
 40
0.7142857242857146
 40
1.0
 40
1.0
 40
1.0
 40
1.0
 10
741.4336799740547
 20
709.2209618784607
 30
0.0
 10
741.4336799740547
 20
709.2209618784607
 30
0.0
 10
741.7123987588337
 20
709.2209618784607
 30
0.0
 10
741.7123987588337
 20
709.2209618784607
 30
0.0
 10
741.7123987588337
 20
709.2209618784607
 30
0.0
 10
741.7123987588337
 20
709.3744749591466
 30
0.0
 10
741.587193054739
 20
709.4996806632539
 30
0.0
 10
741.4336799740547
 20
709.4996806632539
 30
0.0
 10
741.4336799740547
 20
709.4996806632539
 30
0.0
 10
741.2796225207373
 20
709.4996806632539
 30
0.0
 10
741.1544168166317
 20
709.3744749591466
 30
0.0
 10
741.1544168166317
 20
709.2209618784607
 30
0.0
 10
741.1544168166317
 20
709.2209618784607
 30
0.0
 10
741.1544168166317
 20
709.0669044251447
 30
0.0
 10
741.2796225207373
 20
708.9416987210357
 30
0.0
 10
741.4336799740547
 20
708.9416987210357
 30
0.0
 10
741.4336799740547
 20
708.9416987210357
 30
0.0
 10
741.587193054739
 20
708.9416987210357
 30
0.0
 10
741.7123987588337
 20
709.0669044251447
 30
0.0
 10
741.7123987588337
 20
709.2209618784607
 30
0.0
 10
741.7123987588337
 20
709.2209618784607
 30
0.0
 10
741.7123987588337
 20
709.2209618784607
 30
0.0
 10
741.4336799740547
 20
709.2209618784607
 30
0.0
 10
741.4336799740547
 20
709.2209618784607
 30
0.0
  0
SPLINE
  5
6D2
330
1F
100
AcDbEntity
  8
≥ﬂ¥ÁòÀ◊¢
370
     9
100
AcDbSpline
210
0.0
220
0.0
230
0.0
 70
    24
 71
     3
 72
     8
 73
     4
 74
     0
 42
0.000000001
 43
0.0000000001
 40
0.0
 40
0.0
 40
0.0
 40
0.0
 40
1.0
 40
1.0
 40
1.0
 40
1.0
 10
742.1342875444195
 20
709.9188475857032
 30
0.0
 10
742.1342875444195
 20
709.9188475857032
 30
0.0
 10
745.6318816700392
 20
713.4142642208177
 30
0.0
 10
745.6318816700392
 20
713.4142642208177
 30
0.0
  0
SPLINE
  5
6D3
330
1F
100
AcDbEntity
  8
≥ﬂ¥ÁòÀ◊¢
370
     9
100
AcDbSpline
210
0.0
220
0.0
230
1.0
 70
    11
 71
     3
 72
    28
 73
    24
 74
     0
 42
0.000000001
 43
0.0000000001
 40
0.0
 40
0.0
 40
0.0
 40
0.0
 40
0.1428571428571428
 40
0.1428571428571428
 40
0.1428571428571428
 40
0.1428571528571428
 40
0.2857142857142857
 40
0.2857142857142857
 40
0.2857142857142857
 40
0.2857142957142857
 40
0.428571428571429
 40
0.428571428571429
 40
0.428571428571429
 40
0.4285714385714289
 40
0.5714285714285714
 40
0.5714285714285714
 40
0.5714285714285714
 40
0.5714285814285715
 40
0.7142857142857145
 40
0.7142857142857145
 40
0.7142857142857145
 40
0.7142857242857146
 40
1.0
 40
1.0
 40
1.0
 40
1.0
 10
746.3314004951669
 20
714.115960536447
 30
0.0
 10
746.3314004951669
 20
714.115960536447
 30
0.0
 10
746.6101192799677
 20
714.115960536447
 30
0.0
 10
746.6101192799677
 20
714.115960536447
 30
0.0
 10
746.6101192799677
 20
714.115960536447
 30
0.0
 10
746.6101192799677
 20
714.2694736171367
 30
0.0
 10
746.4849135758547
 20
714.3952236938701
 30
0.0
 10
746.3314004951669
 20
714.3952236938701
 30
0.0
 10
746.3314004951669
 20
714.3952236938701
 30
0.0
 10
746.1773430418424
 20
714.3952236938701
 30
0.0
 10
746.0521373377438
 20
714.2694736171367
 30
0.0
 10
746.0521373377438
 20
714.115960536447
 30
0.0
 10
746.0521373377438
 20
714.115960536447
 30
0.0
 10
746.0521373377438
 20
713.9619030831332
 30
0.0
 10
746.1773430418424
 20
713.8366973790222
 30
0.0
 10
746.3314004951669
 20
713.8366973790222
 30
0.0
 10
746.3314004951669
 20
713.8366973790222
 30
0.0
 10
746.4849135758547
 20
713.8366973790222
 30
0.0
 10
746.6101192799677
 20
713.9619030831332
 30
0.0
 10
746.6101192799677
 20
714.115960536447
 30
0.0
 10
746.6101192799677
 20
714.115960536447
 30
0.0
 10
746.6101192799677
 20
714.115960536447
 30
0.0
 10
746.3314004951669
 20
714.115960536447
 30
0.0
 10
746.3314004951669
 20
714.115960536447
 30
0.0
  0
SPLINE
  5
6D4
330
1F
100
AcDbEntity
  8
≥ﬂ¥ÁòÀ◊¢
370
     9
100
AcDbSpline
210
0.0
220
0.0
230
0.0
 70
    24
 71
     3
 72
     8
 73
     4
 74
     0
 42
0.000000001
 43
0.0000000001
 40
0.0
 40
0.0
 40
0.0
 40
0.0
 40
1.0
 40
1.0
 40
1.0
 40
1.0
 10
747.0320080655389
 20
714.8165681068245
 30
0.0
 10
747.0320080655389
 20
714.8165681068245
 30
0.0
 10
747.3640753677307
 20
715.1491797816492
 30
0.0
 10
747.3640753677307
 20
715.1491797816492
 30
0.0
  0
SPLINE
  5
6D5
330
1F
100
AcDbEntity
  8
≥ﬂ¥ÁòÀ◊¢
370
     9
100
AcDbSpline
210
0.0
220
0.0
230
0.0
 70
    24
 71
     3
 72
     8
 73
     4
 74
     0
 42
0.000000001
 43
0.0000000001
 40
0.0
 40
0.0
 40
0.0
 40
0.0
 40
1.0
 40
1.0
 40
1.0
 40
1.0
 10
737.6513789647348
 20
702.6367749602693
 30
0.0
 10
737.6513789647348
 20
702.6367749602693
 30
0.0
 10
739.6851550975543
 20
704.6705510930792
 30
0.0
 10
739.6851550975543
 20
704.6705510930792
 30
0.0
  0
SPLINE
  5
6D6
330
1F
100
AcDbEntity
  8
≥ﬂ¥ÁòÀ◊¢
370
     9
100
AcDbSpline
210
0.0
220
0.0
230
1.0
 70
    11
 71
     3
 72
    28
 73
    24
 74
     0
 42
0.000000001
 43
0.0000000001
 40
0.0
 40
0.0
 40
0.0
 40
0.0
 40
0.1428571428571428
 40
0.1428571428571428
 40
0.1428571428571428
 40
0.1428571528571428
 40
0.2857142857142857
 40
0.2857142857142857
 40
0.2857142857142857
 40
0.2857142957142857
 40
0.428571428571429
 40
0.428571428571429
 40
0.428571428571429
 40
0.4285714385714289
 40
0.5714285714285714
 40
0.5714285714285714
 40
0.5714285714285714
 40
0.5714285814285715
 40
0.7142857142857145
 40
0.7142857142857145
 40
0.7142857142857145
 40
0.7142857242857146
 40
1.0
 40
1.0
 40
1.0
 40
1.0
 10
740.3841295500414
 20
705.3722474087122
 30
0.0
 10
740.3841295500414
 20
705.3722474087122
 30
0.0
 10
740.663392707468
 20
705.3722474087122
 30
0.0
 10
740.663392707468
 20
705.3722474087122
 30
0.0
 10
740.663392707468
 20
705.3722474087122
 30
0.0
 10
740.663392707468
 20
705.5257604893982
 30
0.0
 10
740.5381870033587
 20
705.6509661935075
 30
0.0
 10
740.3841295500414
 20
705.6509661935075
 30
0.0
 10
740.3841295500414
 20
705.6509661935075
 30
0.0
 10
740.2306164693571
 20
705.6509661935075
 30
0.0
 10
740.1054107652406
 20
705.5257604893982
 30
0.0
 10
740.1054107652406
 20
705.3722474087122
 30
0.0
 10
740.1054107652406
 20
705.3722474087122
 30
0.0
 10
740.1054107652406
 20
705.2181899553967
 30
0.0
 10
740.2306164693571
 20
705.0929842512892
 30
0.0
 10
740.3841295500414
 20
705.0929842512892
 30
0.0
 10
740.3841295500414
 20
705.0929842512892
 30
0.0
 10
740.5381870033587
 20
705.0929842512892
 30
0.0
 10
740.663392707468
 20
705.2181899553967
 30
0.0
 10
740.663392707468
 20
705.3722474087122
 30
0.0
 10
740.663392707468
 20
705.3722474087122
 30
0.0
 10
740.663392707468
 20
705.3722474087122
 30
0.0
 10
740.3841295500414
 20
705.3722474087122
 30
0.0
 10
740.3841295500414
 20
705.3722474087122
 30
0.0
  0
SPLINE
  5
6D7
330
1F
100
AcDbEntity
  8
≥ﬂ¥ÁòÀ◊¢
370
     9
100
AcDbSpline
210
0.0
220
0.0
230
0.0
 70
    24
 71
     3
 72
     8
 73
     4
 74
     0
 42
0.000000001
 43
0.0000000001
 40
0.0
 40
0.0
 40
0.0
 40
0.0
 40
1.0
 40
1.0
 40
1.0
 40
1.0
 10
741.0847371204206
 20
706.0701331159568
 30
0.0
 10
741.0847371204206
 20
706.0701331159568
 30
0.0
 10
744.5828756186625
 20
709.5682716142024
 30
0.0
 10
744.5828756186625
 20
709.5682716142024
 30
0.0
  0
SPLINE
  5
6D8
330
1F
100
AcDbEntity
  8
≥ﬂ¥ÁòÀ◊¢
370
     9
100
AcDbSpline
210
0.0
220
0.0
230
1.0
 70
    11
 71
     3
 72
    28
 73
    24
 74
     0
 42
0.000000001
 43
0.0000000001
 40
0.0
 40
0.0
 40
0.0
 40
0.0
 40
0.1428571428571428
 40
0.1428571428571428
 40
0.1428571428571428
 40
0.1428571528571428
 40
0.2857142857142857
 40
0.2857142857142857
 40
0.2857142857142857
 40
0.2857142957142857
 40
0.428571428571429
 40
0.428571428571429
 40
0.428571428571429
 40
0.4285714385714289
 40
0.5714285714285714
 40
0.5714285714285714
 40
0.5714285714285714
 40
0.5714285814285715
 40
0.7142857142857145
 40
0.7142857142857145
 40
0.7142857142857145
 40
0.7142857242857146
 40
1.0
 40
1.0
 40
1.0
 40
1.0
 10
745.2818500711645
 20
710.2672460666988
 30
0.0
 10
745.2818500711645
 20
710.2672460666988
 30
0.0
 10
745.5611132285874
 20
710.2672460666988
 30
0.0
 10
745.5611132285874
 20
710.2672460666988
 30
0.0
 10
745.5611132285874
 20
710.2672460666988
 30
0.0
 10
745.5611132285874
 20
710.4213035200141
 30
0.0
 10
745.4359075244743
 20
710.5465092241217
 30
0.0
 10
745.2818500711645
 20
710.5465092241217
 30
0.0
 10
745.2818500711645
 20
710.5465092241217
 30
0.0
 10
745.1283369904766
 20
710.5465092241217
 30
0.0
 10
745.0031312863671
 20
710.4213035200141
 30
0.0
 10
745.0031312863671
 20
710.2672460666988
 30
0.0
 10
745.0031312863671
 20
710.2672460666988
 30
0.0
 10
745.0031312863671
 20
710.1137329860127
 30
0.0
 10
745.1283369904766
 20
709.9885272819014
 30
0.0
 10
745.2818500711645
 20
709.9885272819014
 30
0.0
 10
745.2818500711645
 20
709.9885272819014
 30
0.0
 10
745.4359075244743
 20
709.9885272819014
 30
0.0
 10
745.5611132285874
 20
710.1137329860127
 30
0.0
 10
745.5611132285874
 20
710.2672460666988
 30
0.0
 10
745.5611132285874
 20
710.2672460666988
 30
0.0
 10
745.5611132285874
 20
710.2672460666988
 30
0.0
 10
745.2818500711645
 20
710.2672460666988
 30
0.0
 10
745.2818500711645
 20
710.2672460666988
 30
0.0
  0
SPLINE
  5
6D9
330
1F
100
AcDbEntity
  8
≥ﬂ¥ÁòÀ◊¢
370
     9
100
AcDbSpline
210
0.0
220
0.0
230
0.0
 70
    24
 71
     3
 72
     8
 73
     4
 74
     0
 42
0.000000001
 43
0.0000000001
 40
0.0
 40
0.0
 40
0.0
 40
0.0
 40
1.0
 40
1.0
 40
1.0
 40
1.0
 10
745.9802801510367
 20
710.9678536370762
 30
0.0
 10
745.9802801510367
 20
710.9678536370762
 30
0.0
 10
749.4778742766562
 20
714.4659921353238
 30
0.0
 10
749.4778742766562
 20
714.4659921353238
 30
0.0
  0
SPLINE
  5
6DA
330
1F
100
AcDbEntity
  8
≥ﬂ¥ÁòÀ◊¢
370
     9
100
AcDbSpline
210
0.0
220
0.0
230
1.0
 70
    11
 71
     3
 72
    28
 73
    24
 74
     0
 42
0.000000001
 43
0.0000000001
 40
0.0
 40
0.0
 40
0.0
 40
0.0
 40
0.1428571428571428
 40
0.1428571428571428
 40
0.1428571428571428
 40
0.1428571528571428
 40
0.2857142857142857
 40
0.2857142857142857
 40
0.2857142857142857
 40
0.2857142957142857
 40
0.428571428571429
 40
0.428571428571429
 40
0.428571428571429
 40
0.4285714385714289
 40
0.5714285714285714
 40
0.5714285714285714
 40
0.5714285714285714
 40
0.5714285814285715
 40
0.7142857142857145
 40
0.7142857142857145
 40
0.7142857142857145
 40
0.7142857242857146
 40
1.0
 40
1.0
 40
1.0
 40
1.0
 10
750.1637837861116
 20
715.1497241542752
 30
0.0
 10
750.1637837861116
 20
715.1497241542752
 30
0.0
 10
750.4430469435345
 20
715.1497241542752
 30
0.0
 10
750.4430469435345
 20
715.1497241542752
 30
0.0
 10
750.4430469435345
 20
715.1497241542752
 30
0.0
 10
750.4430469435345
 20
715.3037816075888
 30
0.0
 10
750.3178412394252
 20
715.4289873116982
 30
0.0
 10
750.1637837861116
 20
715.4289873116982
 30
0.0
 10
750.1637837861116
 20
715.4289873116982
 30
0.0
 10
750.0102707054201
 20
715.4289873116982
 30
0.0
 10
749.8850650013252
 20
715.3037816075888
 30
0.0
 10
749.8850650013252
 20
715.1497241542752
 30
0.0
 10
749.8850650013252
 20
715.1497241542752
 30
0.0
 10
749.8850650013252
 20
714.9962110735875
 30
0.0
 10
750.0102707054201
 20
714.87100536948
 30
0.0
 10
750.1637837861116
 20
714.87100536948
 30
0.0
 10
750.1637837861116
 20
714.87100536948
 30
0.0
 10
750.3178412394252
 20
714.87100536948
 30
0.0
 10
750.4430469435345
 20
714.9962110735875
 30
0.0
 10
750.4430469435345
 20
715.1497241542752
 30
0.0
 10
750.4430469435345
 20
715.1497241542752
 30
0.0
 10
750.4430469435345
 20
715.1497241542752
 30
0.0
 10
750.1637837861116
 20
715.1497241542752
 30
0.0
 10
750.1637837861116
 20
715.1497241542752
 30
0.0
  0
SPLINE
  5
6DB
330
1F
100
AcDbEntity
  8
≥ﬂ¥ÁòÀ◊¢
370
     9
100
AcDbSpline
210
0.0
220
0.0
230
0.0
 70
    24
 71
     3
 72
     8
 73
     4
 74
     0
 42
0.000000001
 43
0.0000000001
 40
0.0
 40
0.0
 40
0.0
 40
0.0
 40
1.0
 40
1.0
 40
1.0
 40
1.0
 10
740.4483655199791
 20
702.6367749602693
 30
0.0
 10
740.4483655199791
 20
702.6367749602693
 30
0.0
 10
743.5311477041531
 20
705.7195571444541
 30
0.0
 10
743.5311477041531
 20
705.7195571444541
 30
0.0
  0
SPLINE
  5
6DC
330
1F
100
AcDbEntity
  8
≥ﬂ¥ÁòÀ◊¢
370
     9
100
AcDbSpline
210
0.0
220
0.0
230
1.0
 70
    11
 71
     3
 72
    28
 73
    24
 74
     0
 42
0.000000001
 43
0.0000000001
 40
0.0
 40
0.0
 40
0.0
 40
0.0
 40
0.1428571428571428
 40
0.1428571428571428
 40
0.1428571428571428
 40
0.1428571528571428
 40
0.2857142857142857
 40
0.2857142857142857
 40
0.2857142857142857
 40
0.2857142957142857
 40
0.428571428571429
 40
0.428571428571429
 40
0.428571428571429
 40
0.4285714385714289
 40
0.5714285714285714
 40
0.5714285714285714
 40
0.5714285714285714
 40
0.5714285814285715
 40
0.7142857142857145
 40
0.7142857142857145
 40
0.7142857142857145
 40
0.7142857242857146
 40
1.0
 40
1.0
 40
1.0
 40
1.0
 10
744.2328440197877
 20
706.4212534600852
 30
0.0
 10
744.2328440197877
 20
706.4212534600852
 30
0.0
 10
744.5121071772107
 20
706.4212534600852
 30
0.0
 10
744.5121071772107
 20
706.4212534600852
 30
0.0
 10
744.5121071772107
 20
706.4212534600852
 30
0.0
 10
744.5121071772107
 20
706.5753109133988
 30
0.0
 10
744.3869014731088
 20
706.7005166175082
 30
0.0
 10
744.2328440197877
 20
706.7005166175082
 30
0.0
 10
744.2328440197877
 20
706.7005166175082
 30
0.0
 10
744.0793309391072
 20
706.7005166175082
 30
0.0
 10
743.9541252350017
 20
706.5753109133988
 30
0.0
 10
743.9541252350017
 20
706.4212534600852
 30
0.0
 10
743.9541252350017
 20
706.4212534600852
 30
0.0
 10
743.9541252350017
 20
706.2677403793974
 30
0.0
 10
744.0793309391072
 20
706.1425346752883
 30
0.0
 10
744.2328440197877
 20
706.1425346752883
 30
0.0
 10
744.2328440197877
 20
706.1425346752883
 30
0.0
 10
744.3869014731088
 20
706.1425346752883
 30
0.0
 10
744.5121071772107
 20
706.2677403793974
 30
0.0
 10
744.5121071772107
 20
706.4212534600852
 30
0.0
 10
744.5121071772107
 20
706.4212534600852
 30
0.0
 10
744.5121071772107
 20
706.4212534600852
 30
0.0
 10
744.2328440197877
 20
706.4212534600852
 30
0.0
 10
744.2328440197877
 20
706.4212534600852
 30
0.0
  0
SPLINE
  5
6DD
330
1F
100
AcDbEntity
  8
≥ﬂ¥ÁòÀ◊¢
370
     9
100
AcDbSpline
210
0.0
220
0.0
230
0.0
 70
    24
 71
     3
 72
     8
 73
     4
 74
     0
 42
0.000000001
 43
0.0000000001
 40
0.0
 40
0.0
 40
0.0
 40
0.0
 40
1.0
 40
1.0
 40
1.0
 40
1.0
 10
744.9307297270341
 20
707.1191391673277
 30
0.0
 10
744.9307297270341
 20
707.1191391673277
 30
0.0
 10
748.4288682252906
 20
710.6172776655736
 30
0.0
 10
748.4288682252906
 20
710.6172776655736
 30
0.0
  0
SPLINE
  5
6DE
330
1F
100
AcDbEntity
  8
≥ﬂ¥ÁòÀ◊¢
370
     9
100
AcDbSpline
210
0.0
220
0.0
230
1.0
 70
    11
 71
     3
 72
    28
 73
    24
 74
     0
 42
0.000000001
 43
0.0000000001
 40
0.0
 40
0.0
 40
0.0
 40
0.0
 40
0.1428571428571428
 40
0.1428571428571428
 40
0.1428571428571428
 40
0.1428571528571428
 40
0.2857142857142857
 40
0.2857142857142857
 40
0.2857142857142857
 40
0.2857142957142857
 40
0.428571428571429
 40
0.428571428571429
 40
0.428571428571429
 40
0.4285714385714289
 40
0.5714285714285714
 40
0.5714285714285714
 40
0.5714285714285714
 40
0.5714285814285715
 40
0.7142857142857145
 40
0.7142857142857145
 40
0.7142857142857145
 40
0.7142857242857146
 40
1.0
 40
1.0
 40
1.0
 40
1.0
 10
749.1305645409182
 20
711.3189739812046
 30
0.0
 10
749.1305645409182
 20
711.3189739812046
 30
0.0
 10
749.4098276983375
 20
711.3189739812046
 30
0.0
 10
749.4098276983375
 20
711.3189739812046
 30
0.0
 10
749.4098276983375
 20
711.3189739812046
 30
0.0
 10
749.4098276983375
 20
711.4730314345202
 30
0.0
 10
749.2846219942284
 20
711.5982371386259
 30
0.0
 10
749.1305645409182
 20
711.5982371386259
 30
0.0
 10
749.1305645409182
 20
711.5982371386259
 30
0.0
 10
748.9770514602374
 20
711.5982371386259
 30
0.0
 10
748.8518457561139
 20
711.4730314345202
 30
0.0
 10
748.8518457561139
 20
711.3189739812046
 30
0.0
 10
748.8518457561139
 20
711.3189739812046
 30
0.0
 10
748.8518457561139
 20
711.1654609005167
 30
0.0
 10
748.9770514602374
 20
711.0402551964076
 30
0.0
 10
749.1305645409182
 20
711.0402551964076
 30
0.0
 10
749.1305645409182
 20
711.0402551964076
 30
0.0
 10
749.2846219942284
 20
711.0402551964076
 30
0.0
 10
749.4098276983375
 20
711.1654609005167
 30
0.0
 10
749.4098276983375
 20
711.3189739812046
 30
0.0
 10
749.4098276983375
 20
711.3189739812046
 30
0.0
 10
749.4098276983375
 20
711.3189739812046
 30
0.0
 10
749.1305645409182
 20
711.3189739812046
 30
0.0
 10
749.1305645409182
 20
711.3189739812046
 30
0.0
  0
SPLINE
  5
6DF
330
1F
100
AcDbEntity
  8
≥ﬂ¥ÁòÀ◊¢
370
     9
100
AcDbSpline
210
0.0
220
0.0
230
0.0
 70
    24
 71
     3
 72
     8
 73
     4
 74
     0
 42
0.000000001
 43
0.0000000001
 40
0.0
 40
0.0
 40
0.0
 40
0.0
 40
1.0
 40
1.0
 40
1.0
 40
1.0
 10
749.8284502481571
 20
712.0168596884492
 30
0.0
 10
749.8284502481571
 20
712.0168596884492
 30
0.0
 10
752.9602259687297
 20
715.1491797816492
 30
0.0
 10
752.9602259687297
 20
715.1491797816492
 30
0.0
  0
SPLINE
  5
6E0
330
1F
100
AcDbEntity
  8
≥ﬂ¥ÁòÀ◊¢
370
     9
100
AcDbSpline
210
0.0
220
0.0
230
1.0
 70
    11
 71
     3
 72
    28
 73
    24
 74
     0
 42
0.000000001
 43
0.0000000001
 40
0.0
 40
0.0
 40
0.0
 40
0.0
 40
0.1428571428571428
 40
0.1428571428571428
 40
0.1428571428571428
 40
0.1428571528571428
 40
0.2857142857142857
 40
0.2857142857142857
 40
0.2857142857142857
 40
0.2857142957142857
 40
0.428571428571429
 40
0.428571428571429
 40
0.428571428571429
 40
0.4285714385714289
 40
0.5714285714285714
 40
0.5714285714285714
 40
0.5714285714285714
 40
0.5714285814285715
 40
0.7142857142857145
 40
0.7142857142857145
 40
0.7142857142857145
 40
0.7142857242857146
 40
1.0
 40
1.0
 40
1.0
 40
1.0
 10
743.2480739383525
 20
702.637319332895
 30
0.0
 10
743.2480739383525
 20
702.637319332895
 30
0.0
 10
743.5273370957753
 20
702.637319332895
 30
0.0
 10
743.5273370957753
 20
702.637319332895
 30
0.0
 10
743.5273370957753
 20
702.637319332895
 30
0.0
 10
743.5273370957753
 20
702.7908324135847
 30
0.0
 10
743.4021313916661
 20
702.9165824903198
 30
0.0
 10
743.2480739383525
 20
702.9165824903198
 30
0.0
 10
743.2480739383525
 20
702.9165824903198
 30
0.0
 10
743.0945608576648
 20
702.9165824903198
 30
0.0
 10
742.9693551535554
 20
702.7908324135847
 30
0.0
 10
742.9693551535554
 20
702.637319332895
 30
0.0
 10
742.9693551535554
 20
702.637319332895
 30
0.0
 10
742.9693551535554
 20
702.4838062522055
 30
0.0
 10
743.0945608576648
 20
702.3580561754721
 30
0.0
 10
743.2480739383525
 20
702.3580561754721
 30
0.0
 10
743.2480739383525
 20
702.3580561754721
 30
0.0
 10
743.4021313916661
 20
702.3580561754721
 30
0.0
 10
743.5273370957753
 20
702.4838062522055
 30
0.0
 10
743.5273370957753
 20
702.637319332895
 30
0.0
 10
743.5273370957753
 20
702.637319332895
 30
0.0
 10
743.5273370957753
 20
702.637319332895
 30
0.0
 10
743.2480739383525
 20
702.637319332895
 30
0.0
 10
743.2480739383525
 20
702.637319332895
 30
0.0
  0
SPLINE
  5
6E1
330
1F
100
AcDbEntity
  8
≥ﬂ¥ÁòÀ◊¢
370
     9
100
AcDbSpline
210
0.0
220
0.0
230
0.0
 70
    24
 71
     3
 72
     8
 73
     4
 74
     0
 42
0.000000001
 43
0.0000000001
 40
0.0
 40
0.0
 40
0.0
 40
0.0
 40
1.0
 40
1.0
 40
1.0
 40
1.0
 10
743.8817236756611
 20
703.2731465607127
 30
0.0
 10
743.8817236756611
 20
703.2731465607127
 30
0.0
 10
747.3798621739105
 20
706.7712850589599
 30
0.0
 10
747.3798621739105
 20
706.7712850589599
 30
0.0
  0
SPLINE
  5
6E2
330
1F
100
AcDbEntity
  8
≥ﬂ¥ÁòÀ◊¢
370
     9
100
AcDbSpline
210
0.0
220
0.0
230
1.0
 70
    11
 71
     3
 72
    28
 73
    24
 74
     0
 42
0.000000001
 43
0.0000000001
 40
0.0
 40
0.0
 40
0.0
 40
0.0
 40
0.1428571428571428
 40
0.1428571428571428
 40
0.1428571428571428
 40
0.1428571528571428
 40
0.2857142857142857
 40
0.2857142857142857
 40
0.2857142857142857
 40
0.2857142957142857
 40
0.428571428571429
 40
0.428571428571429
 40
0.428571428571429
 40
0.4285714385714289
 40
0.5714285714285714
 40
0.5714285714285714
 40
0.5714285714285714
 40
0.5714285814285715
 40
0.7142857142857145
 40
0.7142857142857145
 40
0.7142857142857145
 40
0.7142857242857146
 40
1.0
 40
1.0
 40
1.0
 40
1.0
 10
748.0815584895416
 20
707.4702595114565
 30
0.0
 10
748.0815584895416
 20
707.4702595114565
 30
0.0
 10
748.3608216469646
 20
707.4702595114565
 30
0.0
 10
748.3608216469646
 20
707.4702595114565
 30
0.0
 10
748.3608216469646
 20
707.4702595114565
 30
0.0
 10
748.3608216469646
 20
707.6243169647717
 30
0.0
 10
748.2350715702368
 20
707.7495226688776
 30
0.0
 10
748.0815584895416
 20
707.7495226688776
 30
0.0
 10
748.0815584895416
 20
707.7495226688776
 30
0.0
 10
747.9275010362315
 20
707.7495226688776
 30
0.0
 10
747.8022953321257
 20
707.6243169647717
 30
0.0
 10
747.8022953321257
 20
707.4702595114565
 30
0.0
 10
747.8022953321257
 20
707.4702595114565
 30
0.0
 10
747.8022953321257
 20
707.3167464307686
 30
0.0
 10
747.9275010362315
 20
707.1915407266612
 30
0.0
 10
748.0815584895416
 20
707.1915407266612
 30
0.0
 10
748.0815584895416
 20
707.1915407266612
 30
0.0
 10
748.2350715702368
 20
707.1915407266612
 30
0.0
 10
748.3608216469646
 20
707.3167464307686
 30
0.0
 10
748.3608216469646
 20
707.4702595114565
 30
0.0
 10
748.3608216469646
 20
707.4702595114565
 30
0.0
 10
748.3608216469646
 20
707.4702595114565
 30
0.0
 10
748.0815584895416
 20
707.4702595114565
 30
0.0
 10
748.0815584895416
 20
707.4702595114565
 30
0.0
  0
SPLINE
  5
6E3
330
1F
100
AcDbEntity
  8
≥ﬂ¥ÁòÀ◊¢
370
     9
100
AcDbSpline
210
0.0
220
0.0
230
0.0
 70
    24
 71
     3
 72
     8
 73
     4
 74
     0
 42
0.000000001
 43
0.0000000001
 40
0.0
 40
0.0
 40
0.0
 40
0.0
 40
1.0
 40
1.0
 40
1.0
 40
1.0
 10
748.7794441967877
 20
708.1686895913267
 30
0.0
 10
748.7794441967877
 20
708.1686895913267
 30
0.0
 10
752.2775826950264
 20
711.6662837169465
 30
0.0
 10
752.2775826950264
 20
711.6662837169465
 30
0.0
  0
SPLINE
  5
6E4
330
1F
100
AcDbEntity
  8
≥ﬂ¥ÁòÀ◊¢
370
     9
100
AcDbSpline
210
0.0
220
0.0
230
1.0
 70
    11
 71
     3
 72
    28
 73
    24
 74
     0
 42
0.000000001
 43
0.0000000001
 40
0.0
 40
0.0
 40
0.0
 40
0.0
 40
0.1428571428571428
 40
0.1428571428571428
 40
0.1428571428571428
 40
0.1428571528571428
 40
0.2857142857142857
 40
0.2857142857142857
 40
0.2857142857142857
 40
0.2857142957142857
 40
0.428571428571429
 40
0.428571428571429
 40
0.428571428571429
 40
0.4285714385714289
 40
0.5714285714285714
 40
0.5714285714285714
 40
0.5714285714285714
 40
0.5714285814285715
 40
0.7142857142857145
 40
0.7142857142857145
 40
0.7142857142857145
 40
0.7142857242857146
 40
1.0
 40
1.0
 40
1.0
 40
1.0
 10
752.9792790106537
 20
712.3679800325779
 30
0.0
 10
752.9792790106537
 20
712.3679800325779
 30
0.0
 10
753.2585421680768
 20
712.3679800325779
 30
0.0
 10
753.2585421680768
 20
712.3679800325779
 30
0.0
 10
753.2585421680768
 20
712.3679800325779
 30
0.0
 10
753.2585421680768
 20
712.5220374858932
 30
0.0
 10
753.1327920913452
 20
712.6472431900007
 30
0.0
 10
752.9792790106537
 20
712.6472431900007
 30
0.0
 10
752.9792790106537
 20
712.6472431900007
 30
0.0
 10
752.8252215573619
 20
712.6472431900007
 30
0.0
 10
752.700015853238
 20
712.5220374858932
 30
0.0
 10
752.700015853238
 20
712.3679800325779
 30
0.0
 10
752.700015853238
 20
712.3679800325779
 30
0.0
 10
752.700015853238
 20
712.2144669518863
 30
0.0
 10
752.8252215573619
 20
712.0892612477806
 30
0.0
 10
752.9792790106537
 20
712.0892612477806
 30
0.0
 10
752.9792790106537
 20
712.0892612477806
 30
0.0
 10
753.1327920913452
 20
712.0892612477806
 30
0.0
 10
753.2585421680768
 20
712.2144669518863
 30
0.0
 10
753.2585421680768
 20
712.3679800325779
 30
0.0
 10
753.2585421680768
 20
712.3679800325779
 30
0.0
 10
753.2585421680768
 20
712.3679800325779
 30
0.0
 10
752.9792790106537
 20
712.3679800325779
 30
0.0
 10
752.9792790106537
 20
712.3679800325779
 30
0.0
  0
SPLINE
  5
6E5
330
1F
100
AcDbEntity
  8
≥ﬂ¥ÁòÀ◊¢
370
     9
100
AcDbSpline
210
0.0
220
0.0
230
0.0
 70
    24
 71
     3
 72
     8
 73
     4
 74
     0
 42
0.000000001
 43
0.0000000001
 40
0.0
 40
0.0
 40
0.0
 40
0.0
 40
1.0
 40
1.0
 40
1.0
 40
1.0
 10
753.6771647179221
 20
713.0664101124462
 30
0.0
 10
753.6771647179221
 20
713.0664101124462
 30
0.0
 10
755.7599343871104
 20
715.1491797816492
 30
0.0
 10
755.7599343871104
 20
715.1491797816492
 30
0.0
  0
SPLINE
  5
6E6
330
1F
100
AcDbEntity
  8
≥ﬂ¥ÁòÀ◊¢
370
     9
100
AcDbSpline
210
0.0
220
0.0
230
0.0
 70
    24
 71
     3
 72
     8
 73
     4
 74
     0
 42
0.000000001
 43
0.0000000001
 40
0.0
 40
0.0
 40
0.0
 40
0.0
 40
1.0
 40
1.0
 40
1.0
 40
1.0
 10
746.0445161209669
 20
702.6367749602693
 30
0.0
 10
746.0445161209669
 20
702.6367749602693
 30
0.0
 10
746.3308561225337
 20
702.9225705892099
 30
0.0
 10
746.3308561225337
 20
702.9225705892099
 30
0.0
  0
SPLINE
  5
6E7
330
1F
100
AcDbEntity
  8
≥ﬂ¥ÁòÀ◊¢
370
     9
100
AcDbSpline
210
0.0
220
0.0
230
1.0
 70
    11
 71
     3
 72
    28
 73
    24
 74
     0
 42
0.000000001
 43
0.0000000001
 40
0.0
 40
0.0
 40
0.0
 40
0.0
 40
0.1428571428571428
 40
0.1428571428571428
 40
0.1428571428571428
 40
0.1428571528571428
 40
0.2857142857142857
 40
0.2857142857142857
 40
0.2857142857142857
 40
0.2857142957142857
 40
0.428571428571429
 40
0.428571428571429
 40
0.428571428571429
 40
0.4285714385714289
 40
0.5714285714285714
 40
0.5714285714285714
 40
0.5714285714285714
 40
0.5714285814285715
 40
0.7142857142857145
 40
0.7142857142857145
 40
0.7142857142857145
 40
0.7142857242857146
 40
1.0
 40
1.0
 40
1.0
 40
1.0
 10
747.0325524381686
 20
703.6220894143376
 30
0.0
 10
747.0325524381686
 20
703.6220894143376
 30
0.0
 10
747.3112712229622
 20
703.6220894143376
 30
0.0
 10
747.3112712229622
 20
703.6220894143376
 30
0.0
 10
747.3112712229622
 20
703.6220894143376
 30
0.0
 10
747.3112712229622
 20
703.7756024950218
 30
0.0
 10
747.1860655188565
 20
703.9008081991311
 30
0.0
 10
747.0325524381686
 20
703.9008081991311
 30
0.0
 10
747.0325524381686
 20
703.9008081991311
 30
0.0
 10
746.8784949848622
 20
703.9008081991311
 30
0.0
 10
746.7532892807456
 20
703.7756024950218
 30
0.0
 10
746.7532892807456
 20
703.6220894143376
 30
0.0
 10
746.7532892807456
 20
703.6220894143376
 30
0.0
 10
746.7532892807456
 20
703.4680319610202
 30
0.0
 10
746.8784949848622
 20
703.342826256911
 30
0.0
 10
747.0325524381686
 20
703.342826256911
 30
0.0
 10
747.0325524381686
 20
703.342826256911
 30
0.0
 10
747.1860655188565
 20
703.342826256911
 30
0.0
 10
747.3112712229622
 20
703.4680319610202
 30
0.0
 10
747.3112712229622
 20
703.6220894143376
 30
0.0
 10
747.3112712229622
 20
703.6220894143376
 30
0.0
 10
747.3112712229622
 20
703.6220894143376
 30
0.0
 10
747.0325524381686
 20
703.6220894143376
 30
0.0
 10
747.0325524381686
 20
703.6220894143376
 30
0.0
  0
SPLINE
  5
6E8
330
1F
100
AcDbEntity
  8
≥ﬂ¥ÁòÀ◊¢
370
     9
100
AcDbSpline
210
0.0
220
0.0
230
0.0
 70
    24
 71
     3
 72
     8
 73
     4
 74
     0
 42
0.000000001
 43
0.0000000001
 40
0.0
 40
0.0
 40
0.0
 40
0.0
 40
1.0
 40
1.0
 40
1.0
 40
1.0
 10
747.7304381454185
 20
704.3221526120837
 30
0.0
 10
747.7304381454185
 20
704.3221526120837
 30
0.0
 10
751.2285766436606
 20
707.818113619826
 30
0.0
 10
751.2285766436606
 20
707.818113619826
 30
0.0
  0
SPLINE
  5
6E9
330
1F
100
AcDbEntity
  8
≥ﬂ¥ÁòÀ◊¢
370
     9
100
AcDbSpline
210
0.0
220
0.0
230
1.0
 70
    11
 71
     3
 72
    28
 73
    24
 74
     0
 42
0.000000001
 43
0.0000000001
 40
0.0
 40
0.0
 40
0.0
 40
0.0
 40
0.1428571428571428
 40
0.1428571428571428
 40
0.1428571428571428
 40
0.1428571528571428
 40
0.2857142857142857
 40
0.2857142857142857
 40
0.2857142857142857
 40
0.2857142957142857
 40
0.428571428571429
 40
0.428571428571429
 40
0.428571428571429
 40
0.4285714385714289
 40
0.5714285714285714
 40
0.5714285714285714
 40
0.5714285714285714
 40
0.5714285814285715
 40
0.7142857142857145
 40
0.7142857142857145
 40
0.7142857142857145
 40
0.7142857242857146
 40
1.0
 40
1.0
 40
1.0
 40
1.0
 10
751.9275510961549
 20
708.5198099354553
 30
0.0
 10
751.9275510961549
 20
708.5198099354553
 30
0.0
 10
752.206814253578
 20
708.5198099354553
 30
0.0
 10
752.206814253578
 20
708.5198099354553
 30
0.0
 10
752.206814253578
 20
708.5198099354553
 30
0.0
 10
752.206814253578
 20
708.6733230161431
 30
0.0
 10
752.0810641768463
 20
708.7985287202524
 30
0.0
 10
751.9275510961549
 20
708.7985287202524
 30
0.0
 10
751.9275510961549
 20
708.7985287202524
 30
0.0
 10
751.7740380154672
 20
708.7985287202524
 30
0.0
 10
751.6482879387321
 20
708.6733230161431
 30
0.0
 10
751.6482879387321
 20
708.5198099354553
 30
0.0
 10
751.6482879387321
 20
708.5198099354553
 30
0.0
 10
751.6482879387321
 20
708.3657524821397
 30
0.0
 10
751.7740380154672
 20
708.2405467780305
 30
0.0
 10
751.9275510961549
 20
708.2405467780305
 30
0.0
 10
751.9275510961549
 20
708.2405467780305
 30
0.0
 10
752.0810641768463
 20
708.2405467780305
 30
0.0
 10
752.206814253578
 20
708.3657524821397
 30
0.0
 10
752.206814253578
 20
708.5198099354553
 30
0.0
 10
752.206814253578
 20
708.5198099354553
 30
0.0
 10
752.206814253578
 20
708.5198099354553
 30
0.0
 10
751.9275510961549
 20
708.5198099354553
 30
0.0
 10
751.9275510961549
 20
708.5198099354553
 30
0.0
  0
SPLINE
  5
6EA
330
1F
100
AcDbEntity
  8
≥ﬂ¥ÁòÀ◊¢
370
     9
100
AcDbSpline
210
0.0
220
0.0
230
0.0
 70
    24
 71
     3
 72
     8
 73
     4
 74
     0
 42
0.000000001
 43
0.0000000001
 40
0.0
 40
0.0
 40
0.0
 40
0.0
 40
1.0
 40
1.0
 40
1.0
 40
1.0
 10
752.6281586665417
 20
709.219873133207
 30
0.0
 10
752.6281586665417
 20
709.219873133207
 30
0.0
 10
756.1262971647801
 20
712.7158341409454
 30
0.0
 10
756.1262971647801
 20
712.7158341409454
 30
0.0
  0
SPLINE
  5
6EB
330
1F
100
AcDbEntity
  8
≥ﬂ¥ÁòÀ◊¢
370
     9
100
AcDbSpline
210
0.0
220
0.0
230
1.0
 70
    11
 71
     3
 72
    28
 73
    24
 74
     0
 42
0.000000001
 43
0.0000000001
 40
0.0
 40
0.0
 40
0.0
 40
0.0
 40
0.1428571428571428
 40
0.1428571428571428
 40
0.1428571428571428
 40
0.1428571528571428
 40
0.2857142857142857
 40
0.2857142857142857
 40
0.2857142857142857
 40
0.2857142957142857
 40
0.428571428571429
 40
0.428571428571429
 40
0.428571428571429
 40
0.4285714385714289
 40
0.5714285714285714
 40
0.5714285714285714
 40
0.5714285714285714
 40
0.5714285814285715
 40
0.7142857142857145
 40
0.7142857142857145
 40
0.7142857142857145
 40
0.7142857242857146
 40
1.0
 40
1.0
 40
1.0
 40
1.0
 10
756.8252716172743
 20
713.4148085934453
 30
0.0
 10
756.8252716172743
 20
713.4148085934453
 30
0.0
 10
757.1045347746975
 20
713.4148085934453
 30
0.0
 10
757.1045347746975
 20
713.4148085934453
 30
0.0
 10
757.1045347746975
 20
713.4148085934453
 30
0.0
 10
757.1045347746975
 20
713.5683216741313
 30
0.0
 10
756.9787846979767
 20
713.6940717508647
 30
0.0
 10
756.8252716172743
 20
713.6940717508647
 30
0.0
 10
756.8252716172743
 20
713.6940717508647
 30
0.0
 10
756.6717585365867
 20
713.6940717508647
 30
0.0
 10
756.5460084598696
 20
713.5683216741313
 30
0.0
 10
756.5460084598696
 20
713.4148085934453
 30
0.0
 10
756.5460084598696
 20
713.4148085934453
 30
0.0
 10
756.5460084598696
 20
713.2612955127557
 30
0.0
 10
756.6717585365867
 20
713.1355454360186
 30
0.0
 10
756.8252716172743
 20
713.1355454360186
 30
0.0
 10
756.8252716172743
 20
713.1355454360186
 30
0.0
 10
756.9787846979767
 20
713.1355454360186
 30
0.0
 10
757.1045347746975
 20
713.2612955127557
 30
0.0
 10
757.1045347746975
 20
713.4148085934453
 30
0.0
 10
757.1045347746975
 20
713.4148085934453
 30
0.0
 10
757.1045347746975
 20
713.4148085934453
 30
0.0
 10
756.8252716172743
 20
713.4148085934453
 30
0.0
 10
756.8252716172743
 20
713.4148085934453
 30
0.0
  0
SPLINE
  5
6EC
330
1F
100
AcDbEntity
  8
≥ﬂ¥ÁòÀ◊¢
370
     9
100
AcDbSpline
210
0.0
220
0.0
230
0.0
 70
    24
 71
     3
 72
     8
 73
     4
 74
     0
 42
0.000000001
 43
0.0000000001
 40
0.0
 40
0.0
 40
0.0
 40
0.0
 40
1.0
 40
1.0
 40
1.0
 40
1.0
 10
757.5231573245209
 20
714.1154161638211
 30
0.0
 10
757.5231573245209
 20
714.1154161638211
 30
0.0
 10
758.5574653149841
 20
715.1491797816492
 30
0.0
 10
758.5574653149841
 20
715.1491797816492
 30
0.0
  0
SPLINE
  5
6ED
330
1F
100
AcDbEntity
  8
≥ﬂ¥ÁòÀ◊¢
370
     9
100
AcDbSpline
210
0.0
220
0.0
230
0.0
 70
    24
 71
     3
 72
     8
 73
     4
 74
     0
 42
0.000000001
 43
0.0000000001
 40
0.0
 40
0.0
 40
0.0
 40
0.0
 40
1.0
 40
1.0
 40
1.0
 40
1.0
 10
748.8442245393515
 20
702.6367749602693
 30
0.0
 10
748.8442245393515
 20
702.6367749602693
 30
0.0
 10
750.1790262196507
 20
703.971576640583
 30
0.0
 10
750.1790262196507
 20
703.971576640583
 30
0.0
  0
SPLINE
  5
6EE
330
1F
100
AcDbEntity
  8
≥ﬂ¥ÁòÀ◊¢
370
     9
100
AcDbSpline
210
0.0
220
0.0
230
1.0
 70
    11
 71
     3
 72
    28
 73
    24
 74
     0
 42
0.000000001
 43
0.0000000001
 40
0.0
 40
0.0
 40
0.0
 40
0.0
 40
0.1428571428571428
 40
0.1428571428571428
 40
0.1428571428571428
 40
0.1428571528571428
 40
0.2857142857142857
 40
0.2857142857142857
 40
0.2857142857142857
 40
0.2857142957142857
 40
0.428571428571429
 40
0.428571428571429
 40
0.428571428571429
 40
0.4285714385714289
 40
0.5714285714285714
 40
0.5714285714285714
 40
0.5714285714285714
 40
0.5714285814285715
 40
0.7142857142857145
 40
0.7142857142857145
 40
0.7142857142857145
 40
0.7142857242857146
 40
1.0
 40
1.0
 40
1.0
 40
1.0
 10
750.8785450447784
 20
704.6710954657068
 30
0.0
 10
750.8785450447784
 20
704.6710954657068
 30
0.0
 10
751.1572638295791
 20
704.6710954657068
 30
0.0
 10
751.1572638295791
 20
704.6710954657068
 30
0.0
 10
751.1572638295791
 20
704.6710954657068
 30
0.0
 10
751.1572638295791
 20
704.8246085463968
 30
0.0
 10
751.0320581254808
 20
704.95035862313
 30
0.0
 10
750.8785450447784
 20
704.95035862313
 30
0.0
 10
750.8785450447784
 20
704.95035862313
 30
0.0
 10
750.7244875914682
 20
704.95035862313
 30
0.0
 10
750.5992818873552
 20
704.8246085463968
 30
0.0
 10
750.5992818873552
 20
704.6710954657068
 30
0.0
 10
750.5992818873552
 20
704.6710954657068
 30
0.0
 10
750.5992818873552
 20
704.5170380123932
 30
0.0
 10
750.7244875914682
 20
704.3918323082841
 30
0.0
 10
750.8785450447784
 20
704.3918323082841
 30
0.0
 10
750.8785450447784
 20
704.3918323082841
 30
0.0
 10
751.0320581254808
 20
704.3918323082841
 30
0.0
 10
751.1572638295791
 20
704.5170380123932
 30
0.0
 10
751.1572638295791
 20
704.6710954657068
 30
0.0
 10
751.1572638295791
 20
704.6710954657068
 30
0.0
 10
751.1572638295791
 20
704.6710954657068
 30
0.0
 10
750.8785450447784
 20
704.6710954657068
 30
0.0
 10
750.8785450447784
 20
704.6710954657068
 30
0.0
  0
SPLINE
  5
6EF
330
1F
100
AcDbEntity
  8
≥ﬂ¥ÁòÀ◊¢
370
     9
100
AcDbSpline
210
0.0
220
0.0
230
0.0
 70
    24
 71
     3
 72
     8
 73
     4
 74
     0
 42
0.000000001
 43
0.0000000001
 40
0.0
 40
0.0
 40
0.0
 40
0.0
 40
1.0
 40
1.0
 40
1.0
 40
1.0
 10
751.576430752032
 20
705.3717030360846
 30
0.0
 10
751.576430752032
 20
705.3717030360846
 30
0.0
 10
755.074569250274
 20
708.8692971617025
 30
0.0
 10
755.074569250274
 20
708.8692971617025
 30
0.0
  0
SPLINE
  5
6F0
330
1F
100
AcDbEntity
  8
≥ﬂ¥ÁòÀ◊¢
370
     9
100
AcDbSpline
210
0.0
220
0.0
230
1.0
 70
    11
 71
     3
 72
    28
 73
    24
 74
     0
 42
0.000000001
 43
0.0000000001
 40
0.0
 40
0.0
 40
0.0
 40
0.0
 40
0.1428571428571428
 40
0.1428571428571428
 40
0.1428571428571428
 40
0.1428571528571428
 40
0.2857142857142857
 40
0.2857142857142857
 40
0.2857142857142857
 40
0.2857142957142857
 40
0.428571428571429
 40
0.428571428571429
 40
0.428571428571429
 40
0.4285714385714289
 40
0.5714285714285714
 40
0.5714285714285714
 40
0.5714285714285714
 40
0.5714285814285715
 40
0.7142857142857145
 40
0.7142857142857145
 40
0.7142857142857145
 40
0.7142857242857146
 40
1.0
 40
1.0
 40
1.0
 40
1.0
 10
755.7762655659051
 20
709.5688159868265
 30
0.0
 10
755.7762655659051
 20
709.5688159868265
 30
0.0
 10
756.0549843506986
 20
709.5688159868265
 30
0.0
 10
756.0549843506986
 20
709.5688159868265
 30
0.0
 10
756.0549843506986
 20
709.5688159868265
 30
0.0
 10
756.0549843506986
 20
709.7223290675161
 30
0.0
 10
755.929778646593
 20
709.8480791442494
 30
0.0
 10
755.7762655659051
 20
709.8480791442494
 30
0.0
 10
755.7762655659051
 20
709.8480791442494
 30
0.0
 10
755.6222081125842
 20
709.8480791442494
 30
0.0
 10
755.4970024084822
 20
709.7223290675161
 30
0.0
 10
755.4970024084822
 20
709.5688159868265
 30
0.0
 10
755.4970024084822
 20
709.5688159868265
 30
0.0
 10
755.4970024084822
 20
709.4147585335128
 30
0.0
 10
755.6222081125842
 20
709.2895528294052
 30
0.0
 10
755.7762655659051
 20
709.2895528294052
 30
0.0
 10
755.7762655659051
 20
709.2895528294052
 30
0.0
 10
755.929778646593
 20
709.2895528294052
 30
0.0
 10
756.0549843506986
 20
709.4147585335128
 30
0.0
 10
756.0549843506986
 20
709.5688159868265
 30
0.0
 10
756.0549843506986
 20
709.5688159868265
 30
0.0
 10
756.0549843506986
 20
709.5688159868265
 30
0.0
 10
755.7762655659051
 20
709.5688159868265
 30
0.0
 10
755.7762655659051
 20
709.5688159868265
 30
0.0
  0
SPLINE
  5
6F1
330
1F
100
AcDbEntity
  8
≥ﬂ¥ÁòÀ◊¢
370
     9
100
AcDbSpline
210
0.0
220
0.0
230
0.0
 70
    24
 71
     3
 72
     8
 73
     4
 74
     0
 42
0.000000001
 43
0.0000000001
 40
0.0
 40
0.0
 40
0.0
 40
0.0
 40
1.0
 40
1.0
 40
1.0
 40
1.0
 10
756.4741512731442
 20
710.2667016940745
 30
0.0
 10
756.4741512731442
 20
710.2667016940745
 30
0.0
 10
759.9722897713863
 20
713.7648401923168
 30
0.0
 10
759.9722897713863
 20
713.7648401923168
 30
0.0
  0
SPLINE
  5
6F2
330
1F
100
AcDbEntity
  8
≥ﬂ¥ÁòÀ◊¢
370
     9
100
AcDbSpline
210
0.0
220
0.0
230
1.0
 70
    11
 71
     3
 72
    28
 73
    24
 74
     0
 42
0.000000001
 43
0.0000000001
 40
0.0
 40
0.0
 40
0.0
 40
0.0
 40
0.1428571428571428
 40
0.1428571428571428
 40
0.1428571428571428
 40
0.1428571528571428
 40
0.2857142857142857
 40
0.2857142857142857
 40
0.2857142857142857
 40
0.2857142957142857
 40
0.428571428571429
 40
0.428571428571429
 40
0.428571428571429
 40
0.4285714385714289
 40
0.5714285714285714
 40
0.5714285714285714
 40
0.5714285714285714
 40
0.5714285814285715
 40
0.7142857142857145
 40
0.7142857142857145
 40
0.7142857142857145
 40
0.7142857242857146
 40
1.0
 40
1.0
 40
1.0
 40
1.0
 10
760.6739860870247
 20
714.4665365079496
 30
0.0
 10
760.6739860870247
 20
714.4665365079496
 30
0.0
 10
760.9527048718217
 20
714.4665365079496
 30
0.0
 10
760.9527048718217
 20
714.4665365079496
 30
0.0
 10
760.9527048718217
 20
714.4665365079496
 30
0.0
 10
760.9527048718217
 20
714.6200495886374
 30
0.0
 10
760.8274991677125
 20
714.7457996653725
 30
0.0
 10
760.6739860870247
 20
714.7457996653725
 30
0.0
 10
760.6739860870247
 20
714.7457996653725
 30
0.0
 10
760.5199286337144
 20
714.7457996653725
 30
0.0
 10
760.3947229296017
 20
714.6200495886374
 30
0.0
 10
760.3947229296017
 20
714.4665365079496
 30
0.0
 10
760.3947229296017
 20
714.4665365079496
 30
0.0
 10
760.3947229296017
 20
714.3124790546339
 30
0.0
 10
760.5199286337144
 20
714.1872733505246
 30
0.0
 10
760.6739860870247
 20
714.1872733505246
 30
0.0
 10
760.6739860870247
 20
714.1872733505246
 30
0.0
 10
760.8274991677125
 20
714.1872733505246
 30
0.0
 10
760.9527048718217
 20
714.3124790546339
 30
0.0
 10
760.9527048718217
 20
714.4665365079496
 30
0.0
 10
760.9527048718217
 20
714.4665365079496
 30
0.0
 10
760.9527048718217
 20
714.4665365079496
 30
0.0
 10
760.6739860870247
 20
714.4665365079496
 30
0.0
 10
760.6739860870247
 20
714.4665365079496
 30
0.0
  0
SPLINE
  5
6F3
330
1F
100
AcDbEntity
  8
≥ﬂ¥ÁòÀ◊¢
370
     9
100
AcDbSpline
210
0.0
220
0.0
230
0.0
 70
    24
 71
     3
 72
     8
 73
     4
 74
     0
 42
0.000000001
 43
0.0000000001
 40
0.0
 40
0.0
 40
0.0
 40
0.0
 40
1.0
 40
1.0
 40
1.0
 40
1.0
 10
751.6406667219769
 20
702.6367749602693
 30
0.0
 10
751.6406667219769
 20
702.6367749602693
 30
0.0
 10
754.0250188262715
 20
705.0211270645838
 30
0.0
 10
754.0250188262715
 20
705.0211270645838
 30
0.0
  0
SPLINE
  5
6F4
330
1F
100
AcDbEntity
  8
≥ﬂ¥ÁòÀ◊¢
370
     9
100
AcDbSpline
210
0.0
220
0.0
230
1.0
 70
    11
 71
     3
 72
    28
 73
    24
 74
     0
 42
0.000000001
 43
0.0000000001
 40
0.0
 40
0.0
 40
0.0
 40
0.0
 40
0.1428571428571428
 40
0.1428571428571428
 40
0.1428571428571428
 40
0.1428571528571428
 40
0.2857142857142857
 40
0.2857142857142857
 40
0.2857142857142857
 40
0.2857142957142857
 40
0.428571428571429
 40
0.428571428571429
 40
0.428571428571429
 40
0.4285714385714289
 40
0.5714285714285714
 40
0.5714285714285714
 40
0.5714285714285714
 40
0.5714285814285715
 40
0.7142857142857145
 40
0.7142857142857145
 40
0.7142857142857145
 40
0.7142857242857146
 40
1.0
 40
1.0
 40
1.0
 40
1.0
 10
754.7267151418954
 20
705.7201015170798
 30
0.0
 10
754.7267151418954
 20
705.7201015170798
 30
0.0
 10
755.00597829934
 20
705.7201015170798
 30
0.0
 10
755.00597829934
 20
705.7201015170798
 30
0.0
 10
755.00597829934
 20
705.7201015170798
 30
0.0
 10
755.00597829934
 20
705.8741589703958
 30
0.0
 10
754.8807725952164
 20
705.999364674503
 30
0.0
 10
754.7267151418954
 20
705.999364674503
 30
0.0
 10
754.7267151418954
 20
705.999364674503
 30
0.0
 10
754.5732020612294
 20
705.999364674503
 30
0.0
 10
754.4479963571165
 20
705.8741589703958
 30
0.0
 10
754.4479963571165
 20
705.7201015170798
 30
0.0
 10
754.4479963571165
 20
705.7201015170798
 30
0.0
 10
754.4479963571165
 20
705.5665884363921
 30
0.0
 10
754.5732020612294
 20
705.4413827322847
 30
0.0
 10
754.7267151418954
 20
705.4413827322847
 30
0.0
 10
754.7267151418954
 20
705.4413827322847
 30
0.0
 10
754.8807725952164
 20
705.4413827322847
 30
0.0
 10
755.00597829934
 20
705.5665884363921
 30
0.0
 10
755.00597829934
 20
705.7201015170798
 30
0.0
 10
755.00597829934
 20
705.7201015170798
 30
0.0
 10
755.00597829934
 20
705.7201015170798
 30
0.0
 10
754.7267151418954
 20
705.7201015170798
 30
0.0
 10
754.7267151418954
 20
705.7201015170798
 30
0.0
  0
SPLINE
  5
6F5
330
1F
100
AcDbEntity
  8
≥ﬂ¥ÁòÀ◊¢
370
     9
100
AcDbSpline
210
0.0
220
0.0
230
0.0
 70
    24
 71
     3
 72
     8
 73
     4
 74
     0
 42
0.000000001
 43
0.0000000001
 40
0.0
 40
0.0
 40
0.0
 40
0.0
 40
1.0
 40
1.0
 40
1.0
 40
1.0
 10
755.4251452217747
 20
706.4207090874557
 30
0.0
 10
755.4251452217747
 20
706.4207090874557
 30
0.0
 10
758.9227393473982
 20
709.9188475857032
 30
0.0
 10
758.9227393473982
 20
709.9188475857032
 30
0.0
  0
SPLINE
  5
6F6
330
1F
100
AcDbEntity
  8
≥ﬂ¥ÁòÀ◊¢
370
     9
100
AcDbSpline
210
0.0
220
0.0
230
1.0
 70
    11
 71
     3
 72
    28
 73
    24
 74
     0
 42
0.000000001
 43
0.0000000001
 40
0.0
 40
0.0
 40
0.0
 40
0.0
 40
0.1428571428571428
 40
0.1428571428571428
 40
0.1428571428571428
 40
0.1428571528571428
 40
0.2857142857142857
 40
0.2857142857142857
 40
0.2857142857142857
 40
0.2857142957142857
 40
0.428571428571429
 40
0.428571428571429
 40
0.428571428571429
 40
0.4285714385714289
 40
0.5714285714285714
 40
0.5714285714285714
 40
0.5714285714285714
 40
0.5714285814285715
 40
0.7142857142857145
 40
0.7142857142857145
 40
0.7142857142857145
 40
0.7142857242857146
 40
1.0
 40
1.0
 40
1.0
 40
1.0
 10
759.6222581725112
 20
710.6178220381995
 30
0.0
 10
759.6222581725112
 20
710.6178220381995
 30
0.0
 10
759.9009769573227
 20
710.6178220381995
 30
0.0
 10
759.9009769573227
 20
710.6178220381995
 30
0.0
 10
759.9009769573227
 20
710.6178220381995
 30
0.0
 10
759.9009769573227
 20
710.7718794915187
 30
0.0
 10
759.7757712532028
 20
710.8970851956224
 30
0.0
 10
759.6222581725112
 20
710.8970851956224
 30
0.0
 10
759.6222581725112
 20
710.8970851956224
 30
0.0
 10
759.4682007192192
 20
710.8970851956224
 30
0.0
 10
759.3429950150956
 20
710.7718794915187
 30
0.0
 10
759.3429950150956
 20
710.6178220381995
 30
0.0
 10
759.3429950150956
 20
710.6178220381995
 30
0.0
 10
759.3429950150956
 20
710.4643089575114
 30
0.0
 10
759.4682007192192
 20
710.3391032534042
 30
0.0
 10
759.6222581725112
 20
710.3391032534042
 30
0.0
 10
759.6222581725112
 20
710.3391032534042
 30
0.0
 10
759.7757712532028
 20
710.3391032534042
 30
0.0
 10
759.9009769573227
 20
710.4643089575114
 30
0.0
 10
759.9009769573227
 20
710.6178220381995
 30
0.0
 10
759.9009769573227
 20
710.6178220381995
 30
0.0
 10
759.9009769573227
 20
710.6178220381995
 30
0.0
 10
759.6222581725112
 20
710.6178220381995
 30
0.0
 10
759.6222581725112
 20
710.6178220381995
 30
0.0
  0
SPLINE
  5
6F7
330
1F
100
AcDbEntity
  8
≥ﬂ¥ÁòÀ◊¢
370
     9
100
AcDbSpline
210
0.0
220
0.0
230
0.0
 70
    24
 71
     3
 72
     8
 73
     4
 74
     0
 42
0.000000001
 43
0.0000000001
 40
0.0
 40
0.0
 40
0.0
 40
0.0
 40
1.0
 40
1.0
 40
1.0
 40
1.0
 10
760.322865742898
 20
711.318429608579
 30
0.0
 10
760.322865742898
 20
711.318429608579
 30
0.0
 10
763.8204598685067
 20
714.8165681068245
 30
0.0
 10
763.8204598685067
 20
714.8165681068245
 30
0.0
  0
SPLINE
  5
6F8
330
1F
100
AcDbEntity
  8
≥ﬂ¥ÁòÀ◊¢
370
     9
100
AcDbSpline
210
0.0
220
0.0
230
1.0
 70
    11
 71
     3
 72
    28
 73
    24
 74
     0
 42
0.000000001
 43
0.0000000001
 40
0.0
 40
0.0
 40
0.0
 40
0.0
 40
0.1428571428571428
 40
0.1428571428571428
 40
0.1428571428571428
 40
0.1428571528571428
 40
0.2857142857142857
 40
0.2857142857142857
 40
0.2857142857142857
 40
0.2857142957142857
 40
0.428571428571429
 40
0.428571428571429
 40
0.428571428571429
 40
0.4285714385714289
 40
0.5714285714285714
 40
0.5714285714285714
 40
0.5714285714285714
 40
0.5714285814285715
 40
0.7142857142857145
 40
0.7142857142857145
 40
0.7142857142857145
 40
0.7142857242857146
 40
1.0
 40
1.0
 40
1.0
 40
1.0
 10
763.9326006295767
 20
714.9265313773873
 30
0.0
 10
763.9326006295767
 20
714.9265313773873
 30
0.0
 10
764.2118637870106
 20
714.9265313773873
 30
0.0
 10
764.2118637870106
 20
714.9265313773873
 30
0.0
 10
764.2118637870106
 20
714.9265313773873
 30
0.0
 10
764.2118637870106
 20
715.0800444580769
 30
0.0
 10
764.0866580829013
 20
715.2057945348119
 30
0.0
 10
763.9326006295767
 20
715.2057945348119
 30
0.0
 10
763.9326006295767
 20
715.2057945348119
 30
0.0
 10
763.7790875489106
 20
715.2057945348119
 30
0.0
 10
763.6538818447903
 20
715.0800444580769
 30
0.0
 10
763.6538818447903
 20
714.9265313773873
 30
0.0
 10
763.6538818447903
 20
714.9265313773873
 30
0.0
 10
763.6538818447903
 20
714.7730182966991
 30
0.0
 10
763.7790875489106
 20
714.6472682199643
 30
0.0
 10
763.9326006295767
 20
714.6472682199643
 30
0.0
 10
763.9326006295767
 20
714.6472682199643
 30
0.0
 10
764.0866580829013
 20
714.6472682199643
 30
0.0
 10
764.2118637870106
 20
714.7730182966991
 30
0.0
 10
764.2118637870106
 20
714.9265313773873
 30
0.0
 10
764.2118637870106
 20
714.9265313773873
 30
0.0
 10
764.2118637870106
 20
714.9265313773873
 30
0.0
 10
763.9326006295767
 20
714.9265313773873
 30
0.0
 10
763.9326006295767
 20
714.9265313773873
 30
0.0
  0
SPLINE
  5
6F9
330
1F
100
AcDbEntity
  8
≥ﬂ¥ÁòÀ◊¢
370
     9
100
AcDbSpline
210
0.0
220
0.0
230
0.0
 70
    24
 71
     3
 72
     8
 73
     4
 74
     0
 42
0.000000001
 43
0.0000000001
 40
0.0
 40
0.0
 40
0.0
 40
0.0
 40
1.0
 40
1.0
 40
1.0
 40
1.0
 10
754.4403751403433
 20
702.6367749602693
 30
0.0
 10
754.4403751403433
 20
702.6367749602693
 30
0.0
 10
757.8737332960289
 20
706.0701331159568
 30
0.0
 10
757.8737332960289
 20
706.0701331159568
 30
0.0
  0
SPLINE
  5
6FA
330
1F
100
AcDbEntity
  8
≥ﬂ¥ÁòÀ◊¢
370
     9
100
AcDbSpline
210
0.0
220
0.0
230
1.0
 70
    11
 71
     3
 72
    28
 73
    24
 74
     0
 42
0.000000001
 43
0.0000000001
 40
0.0
 40
0.0
 40
0.0
 40
0.0
 40
0.1428571428571428
 40
0.1428571428571428
 40
0.1428571428571428
 40
0.1428571528571428
 40
0.2857142857142857
 40
0.2857142857142857
 40
0.2857142857142857
 40
0.2857142957142857
 40
0.428571428571429
 40
0.428571428571429
 40
0.428571428571429
 40
0.4285714385714289
 40
0.5714285714285714
 40
0.5714285714285714
 40
0.5714285714285714
 40
0.5714285814285715
 40
0.7142857142857145
 40
0.7142857142857145
 40
0.7142857142857145
 40
0.7142857242857146
 40
1.0
 40
1.0
 40
1.0
 40
1.0
 10
758.5754296116526
 20
706.7718294315858
 30
0.0
 10
758.5754296116526
 20
706.7718294315858
 30
0.0
 10
758.8546927690758
 20
706.7718294315858
 30
0.0
 10
758.8546927690758
 20
706.7718294315858
 30
0.0
 10
758.8546927690758
 20
706.7718294315858
 30
0.0
 10
758.8546927690758
 20
706.9258868848997
 30
0.0
 10
758.7294870649774
 20
707.0510925890072
 30
0.0
 10
758.5754296116526
 20
707.0510925890072
 30
0.0
 10
758.5754296116526
 20
707.0510925890072
 30
0.0
 10
758.4219165309648
 20
707.0510925890072
 30
0.0
 10
758.2967108268518
 20
706.9258868848997
 30
0.0
 10
758.2967108268518
 20
706.7718294315858
 30
0.0
 10
758.2967108268518
 20
706.7718294315858
 30
0.0
 10
758.2967108268518
 20
706.6183163508943
 30
0.0
 10
758.4219165309648
 20
706.4925662741613
 30
0.0
 10
758.5754296116526
 20
706.4925662741613
 30
0.0
 10
758.5754296116526
 20
706.4925662741613
 30
0.0
 10
758.7294870649774
 20
706.4925662741613
 30
0.0
 10
758.8546927690758
 20
706.6183163508943
 30
0.0
 10
758.8546927690758
 20
706.7718294315858
 30
0.0
 10
758.8546927690758
 20
706.7718294315858
 30
0.0
 10
758.8546927690758
 20
706.7718294315858
 30
0.0
 10
758.5754296116526
 20
706.7718294315858
 30
0.0
 10
758.5754296116526
 20
706.7718294315858
 30
0.0
  0
SPLINE
  5
6FB
330
1F
100
AcDbEntity
  8
≥ﬂ¥ÁòÀ◊¢
370
     9
100
AcDbSpline
210
0.0
220
0.0
230
0.0
 70
    24
 71
     3
 72
     8
 73
     4
 74
     0
 42
0.000000001
 43
0.0000000001
 40
0.0
 40
0.0
 40
0.0
 40
0.0
 40
1.0
 40
1.0
 40
1.0
 40
1.0
 10
759.2733153188954
 20
707.4697151388287
 30
0.0
 10
759.2733153188954
 20
707.4697151388287
 30
0.0
 10
762.7714538171411
 20
710.9678536370762
 30
0.0
 10
762.7714538171411
 20
710.9678536370762
 30
0.0
  0
SPLINE
  5
6FC
330
1F
100
AcDbEntity
  8
≥ﬂ¥ÁòÀ◊¢
370
     9
100
AcDbSpline
210
0.0
220
0.0
230
1.0
 70
    11
 71
     3
 72
    28
 73
    24
 74
     0
 42
0.000000001
 43
0.0000000001
 40
0.0
 40
0.0
 40
0.0
 40
0.0
 40
0.1428571428571428
 40
0.1428571428571428
 40
0.1428571428571428
 40
0.1428571528571428
 40
0.2857142857142857
 40
0.2857142857142857
 40
0.2857142857142857
 40
0.2857142957142857
 40
0.428571428571429
 40
0.428571428571429
 40
0.428571428571429
 40
0.4285714385714289
 40
0.5714285714285714
 40
0.5714285714285714
 40
0.5714285714285714
 40
0.5714285814285715
 40
0.7142857142857145
 40
0.7142857142857145
 40
0.7142857142857145
 40
0.7142857242857146
 40
1.0
 40
1.0
 40
1.0
 40
1.0
 10
763.470972642265
 20
711.6668280895743
 30
0.0
 10
763.470972642265
 20
711.6668280895743
 30
0.0
 10
763.7496914270549
 20
711.6668280895743
 30
0.0
 10
763.7496914270549
 20
711.6668280895743
 30
0.0
 10
763.7496914270549
 20
711.6668280895743
 30
0.0
 10
763.7496914270549
 20
711.8208855428897
 30
0.0
 10
763.6244857229566
 20
711.9460912469953
 30
0.0
 10
763.470972642265
 20
711.9460912469953
 30
0.0
 10
763.470972642265
 20
711.9460912469953
 30
0.0
 10
763.3169151889513
 20
711.9460912469953
 30
0.0
 10
763.191709484842
 20
711.8208855428897
 30
0.0
 10
763.191709484842
 20
711.6668280895743
 30
0.0
 10
763.191709484842
 20
711.6668280895743
 30
0.0
 10
763.191709484842
 20
711.5133150088827
 30
0.0
 10
763.3169151889513
 20
711.3881093047772
 30
0.0
 10
763.470972642265
 20
711.3881093047772
 30
0.0
 10
763.470972642265
 20
711.3881093047772
 30
0.0
 10
763.6244857229566
 20
711.3881093047772
 30
0.0
 10
763.7496914270549
 20
711.5133150088827
 30
0.0
 10
763.7496914270549
 20
711.6668280895743
 30
0.0
 10
763.7496914270549
 20
711.6668280895743
 30
0.0
 10
763.7496914270549
 20
711.6668280895743
 30
0.0
 10
763.470972642265
 20
711.6668280895743
 30
0.0
 10
763.470972642265
 20
711.6668280895743
 30
0.0
  0
SPLINE
  5
6FD
330
1F
100
AcDbEntity
  8
≥ﬂ¥ÁòÀ◊¢
370
     9
100
AcDbSpline
210
0.0
220
0.0
230
0.0
 70
    24
 71
     3
 72
     8
 73
     4
 74
     0
 42
0.000000001
 43
0.0000000001
 40
0.0
 40
0.0
 40
0.0
 40
0.0
 40
1.0
 40
1.0
 40
1.0
 40
1.0
 10
764.1710358400148
 20
712.3674356599482
 30
0.0
 10
764.1710358400148
 20
712.3674356599482
 30
0.0
 10
765.1198773280948
 20
713.3162771480371
 30
0.0
 10
765.1198773280948
 20
713.3162771480371
 30
0.0
  0
SPLINE
  5
6FE
330
1F
100
AcDbEntity
  8
≥ﬂ¥ÁòÀ◊¢
370
     9
100
AcDbSpline
210
0.0
220
0.0
230
1.0
 70
    11
 71
     3
 72
    28
 73
    24
 74
     0
 42
0.000000001
 43
0.0000000001
 40
0.0
 40
0.0
 40
0.0
 40
0.0
 40
0.1428571428571428
 40
0.1428571428571428
 40
0.1428571428571428
 40
0.1428571528571428
 40
0.2857142857142857
 40
0.2857142857142857
 40
0.2857142857142857
 40
0.2857142957142857
 40
0.428571428571429
 40
0.428571428571429
 40
0.428571428571429
 40
0.4285714385714289
 40
0.5714285714285714
 40
0.5714285714285714
 40
0.5714285714285714
 40
0.5714285814285715
 40
0.7142857142857145
 40
0.7142857142857145
 40
0.7142857142857145
 40
0.7142857242857146
 40
1.0
 40
1.0
 40
1.0
 40
1.0
 10
757.5237016971467
 20
702.9231149618377
 30
0.0
 10
757.5237016971467
 20
702.9231149618377
 30
0.0
 10
757.802964854566
 20
702.9231149618377
 30
0.0
 10
757.802964854566
 20
702.9231149618377
 30
0.0
 10
757.802964854566
 20
702.9231149618377
 30
0.0
 10
757.802964854566
 20
703.0771724151532
 30
0.0
 10
757.6777591504605
 20
703.2023781192607
 30
0.0
 10
757.5237016971467
 20
703.2023781192607
 30
0.0
 10
757.5237016971467
 20
703.2023781192607
 30
0.0
 10
757.3701886164589
 20
703.2023781192607
 30
0.0
 10
757.244982912346
 20
703.0771724151532
 30
0.0
 10
757.244982912346
 20
702.9231149618377
 30
0.0
 10
757.244982912346
 20
702.9231149618377
 30
0.0
 10
757.244982912346
 20
702.769601881148
 30
0.0
 10
757.3701886164589
 20
702.6443961770425
 30
0.0
 10
757.5237016971467
 20
702.6443961770425
 30
0.0
 10
757.5237016971467
 20
702.6443961770425
 30
0.0
 10
757.6777591504605
 20
702.6443961770425
 30
0.0
 10
757.802964854566
 20
702.769601881148
 30
0.0
 10
757.802964854566
 20
702.9231149618377
 30
0.0
 10
757.802964854566
 20
702.9231149618377
 30
0.0
 10
757.802964854566
 20
702.9231149618377
 30
0.0
 10
757.5237016971467
 20
702.9231149618377
 30
0.0
 10
757.5237016971467
 20
702.9231149618377
 30
0.0
  0
SPLINE
  5
6FF
330
1F
100
AcDbEntity
  8
≥ﬂ¥ÁòÀ◊¢
370
     9
100
AcDbSpline
210
0.0
220
0.0
230
0.0
 70
    24
 71
     3
 72
     8
 73
     4
 74
     0
 42
0.000000001
 43
0.0000000001
 40
0.0
 40
0.0
 40
0.0
 40
0.0
 40
1.0
 40
1.0
 40
1.0
 40
1.0
 10
758.2243092675187
 20
703.621545041708
 30
0.0
 10
758.2243092675187
 20
703.621545041708
 30
0.0
 10
761.7224477657607
 20
707.1191391673277
 30
0.0
 10
761.7224477657607
 20
707.1191391673277
 30
0.0
  0
SPLINE
  5
700
330
1F
100
AcDbEntity
  8
≥ﬂ¥ÁòÀ◊¢
370
     9
100
AcDbSpline
210
0.0
220
0.0
230
1.0
 70
    11
 71
     3
 72
    28
 73
    24
 74
     0
 42
0.000000001
 43
0.0000000001
 40
0.0
 40
0.0
 40
0.0
 40
0.0
 40
0.1428571428571428
 40
0.1428571428571428
 40
0.1428571428571428
 40
0.1428571528571428
 40
0.2857142857142857
 40
0.2857142857142857
 40
0.2857142857142857
 40
0.2857142957142857
 40
0.428571428571429
 40
0.428571428571429
 40
0.428571428571429
 40
0.4285714385714289
 40
0.5714285714285714
 40
0.5714285714285714
 40
0.5714285714285714
 40
0.5714285814285715
 40
0.7142857142857145
 40
0.7142857142857145
 40
0.7142857142857145
 40
0.7142857242857146
 40
1.0
 40
1.0
 40
1.0
 40
1.0
 10
762.4214222182772
 20
707.81865799245
 30
0.0
 10
762.4214222182772
 20
707.81865799245
 30
0.0
 10
762.7006853756927
 20
707.81865799245
 30
0.0
 10
762.7006853756927
 20
707.81865799245
 30
0.0
 10
762.7006853756927
 20
707.81865799245
 30
0.0
 10
762.7006853756927
 20
707.9721710731416
 30
0.0
 10
762.5754796715836
 20
708.0973767772507
 30
0.0
 10
762.4214222182772
 20
708.0973767772507
 30
0.0
 10
762.4214222182772
 20
708.0973767772507
 30
0.0
 10
762.2679091375854
 20
708.0973767772507
 30
0.0
 10
762.1427034334727
 20
707.9721710731416
 30
0.0
 10
762.1427034334727
 20
707.81865799245
 30
0.0
 10
762.1427034334727
 20
707.81865799245
 30
0.0
 10
762.1427034334727
 20
707.6646005391381
 30
0.0
 10
762.2679091375854
 20
707.5393948350287
 30
0.0
 10
762.4214222182772
 20
707.5393948350287
 30
0.0
 10
762.4214222182772
 20
707.5393948350287
 30
0.0
 10
762.5754796715836
 20
707.5393948350287
 30
0.0
 10
762.7006853756927
 20
707.6646005391381
 30
0.0
 10
762.7006853756927
 20
707.81865799245
 30
0.0
 10
762.7006853756927
 20
707.81865799245
 30
0.0
 10
762.7006853756927
 20
707.81865799245
 30
0.0
 10
762.4214222182772
 20
707.81865799245
 30
0.0
 10
762.4214222182772
 20
707.81865799245
 30
0.0
  0
SPLINE
  5
701
330
1F
100
AcDbEntity
  8
≥ﬂ¥ÁòÀ◊¢
370
     9
100
AcDbSpline
210
0.0
220
0.0
230
0.0
 70
    24
 71
     3
 72
     8
 73
     4
 74
     0
 42
0.000000001
 43
0.0000000001
 40
0.0
 40
0.0
 40
0.0
 40
0.0
 40
1.0
 40
1.0
 40
1.0
 40
1.0
 10
763.1193079255125
 20
708.5192655628294
 30
0.0
 10
763.1193079255125
 20
708.5192655628294
 30
0.0
 10
765.1895570243022
 20
710.5884259163672
 30
0.0
 10
765.1895570243022
 20
710.5884259163672
 30
0.0
  0
SPLINE
  5
702
330
1F
100
AcDbEntity
  8
≥ﬂ¥ÁòÀ◊¢
370
     9
100
AcDbSpline
210
0.0
220
0.0
230
0.0
 70
    24
 71
     3
 72
     8
 73
     4
 74
     0
 42
0.000000001
 43
0.0000000001
 40
0.0
 40
0.0
 40
0.0
 40
0.0
 40
1.0
 40
1.0
 40
1.0
 40
1.0
 10
760.0365257413312
 20
702.6367749602693
 30
0.0
 10
760.0365257413312
 20
702.6367749602693
 30
0.0
 10
760.6734417143988
 20
703.2731465607127
 30
0.0
 10
760.6734417143988
 20
703.2731465607127
 30
0.0
  0
SPLINE
  5
703
330
1F
100
AcDbEntity
  8
≥ﬂ¥ÁòÀ◊¢
370
     9
100
AcDbSpline
210
0.0
220
0.0
230
1.0
 70
    11
 71
     3
 72
    28
 73
    24
 74
     0
 42
0.000000001
 43
0.0000000001
 40
0.0
 40
0.0
 40
0.0
 40
0.0
 40
0.1428571428571428
 40
0.1428571428571428
 40
0.1428571428571428
 40
0.1428571528571428
 40
0.2857142857142857
 40
0.2857142857142857
 40
0.2857142857142857
 40
0.2857142957142857
 40
0.428571428571429
 40
0.428571428571429
 40
0.428571428571429
 40
0.4285714385714289
 40
0.5714285714285714
 40
0.5714285714285714
 40
0.5714285714285714
 40
0.5714285814285715
 40
0.7142857142857145
 40
0.7142857142857145
 40
0.7142857142857145
 40
0.7142857242857146
 40
1.0
 40
1.0
 40
1.0
 40
1.0
 10
761.372416166886
 20
703.9726653858348
 30
0.0
 10
761.372416166886
 20
703.9726653858348
 30
0.0
 10
761.6516793243197
 20
703.9726653858348
 30
0.0
 10
761.6516793243197
 20
703.9726653858348
 30
0.0
 10
761.6516793243197
 20
703.9726653858348
 30
0.0
 10
761.6516793243197
 20
704.1261784665262
 30
0.0
 10
761.5264736202179
 20
704.2513841706319
 30
0.0
 10
761.372416166886
 20
704.2513841706319
 30
0.0
 10
761.372416166886
 20
704.2513841706319
 30
0.0
 10
761.2189030862055
 20
704.2513841706319
 30
0.0
 10
761.0931530094632
 20
704.1261784665262
 30
0.0
 10
761.0931530094632
 20
703.9726653858348
 30
0.0
 10
761.0931530094632
 20
703.9726653858348
 30
0.0
 10
761.0931530094632
 20
703.818607932521
 30
0.0
 10
761.2189030862055
 20
703.6934022284155
 30
0.0
 10
761.372416166886
 20
703.6934022284155
 30
0.0
 10
761.372416166886
 20
703.6934022284155
 30
0.0
 10
761.5264736202179
 20
703.6934022284155
 30
0.0
 10
761.6516793243197
 20
703.818607932521
 30
0.0
 10
761.6516793243197
 20
703.9726653858348
 30
0.0
 10
761.6516793243197
 20
703.9726653858348
 30
0.0
 10
761.6516793243197
 20
703.9726653858348
 30
0.0
 10
761.372416166886
 20
703.9726653858348
 30
0.0
 10
761.372416166886
 20
703.9726653858348
 30
0.0
  0
SPLINE
  5
704
330
1F
100
AcDbEntity
  8
≥ﬂ¥ÁòÀ◊¢
370
     9
100
AcDbSpline
210
0.0
220
0.0
230
0.0
 70
    24
 71
     3
 72
     8
 73
     4
 74
     0
 42
0.000000001
 43
0.0000000001
 40
0.0
 40
0.0
 40
0.0
 40
0.0
 40
1.0
 40
1.0
 40
1.0
 40
1.0
 10
762.0730237372835
 20
704.6705510930792
 30
0.0
 10
762.0730237372835
 20
704.6705510930792
 30
0.0
 10
765.1895570243022
 20
707.7887174979919
 30
0.0
 10
765.1895570243022
 20
707.7887174979919
 30
0.0
  0
SPLINE
  5
705
330
1F
100
AcDbEntity
  8
≥ﬂ¥ÁòÀ◊¢
370
     9
100
AcDbSpline
210
0.0
220
0.0
230
0.0
 70
    24
 71
     3
 72
     8
 73
     4
 74
     0
 42
0.000000001
 43
0.0000000001
 40
0.0
 40
0.0
 40
0.0
 40
0.0
 40
1.0
 40
1.0
 40
1.0
 40
1.0
 10
762.8362341596937
 20
702.6367749602693
 30
0.0
 10
762.8362341596937
 20
702.6367749602693
 30
0.0
 10
764.5216118115302
 20
704.3221526120837
 30
0.0
 10
764.5216118115302
 20
704.3221526120837
 30
0.0
  0
SPLINE
  5
706
330
1F
100
AcDbEntity
  8
≥ﬂ¥ÁòÀ◊¢
370
     9
100
AcDbSpline
210
0.0
220
0.0
230
1.0
 70
    11
 71
     3
 72
    28
 73
    24
 74
     0
 42
0.000000001
 43
0.0000000001
 40
0.0
 40
0.0
 40
0.0
 40
0.0
 40
0.1428571428571428
 40
0.1428571428571428
 40
0.1428571428571428
 40
0.1428571528571428
 40
0.2857142857142857
 40
0.2857142857142857
 40
0.2857142857142857
 40
0.2857142957142857
 40
0.428571428571429
 40
0.428571428571429
 40
0.428571428571429
 40
0.4285714385714289
 40
0.5714285714285714
 40
0.5714285714285714
 40
0.5714285714285714
 40
0.5714285814285715
 40
0.7142857142857145
 40
0.7142857142857145
 40
0.7142857142857145
 40
0.7142857242857146
 40
1.0
 40
1.0
 40
1.0
 40
1.0
 10
765.1901013969315
 20
704.9922753153737
 30
0.0
 10
765.1901013969315
 20
704.9922753153737
 30
0.0
 10
765.4688201817251
 20
704.9922753153737
 30
0.0
 10
765.4688201817251
 20
704.9922753153737
 30
0.0
 10
765.4688201817251
 20
704.9922753153737
 30
0.0
 10
765.4688201817251
 20
705.1463327686913
 30
0.0
 10
765.3436144776158
 20
705.2715384728004
 30
0.0
 10
765.1901013969315
 20
705.2715384728004
 30
0.0
 10
765.1901013969315
 20
705.2715384728004
 30
0.0
 10
765.0360439436107
 20
705.2715384728004
 30
0.0
 10
764.9108382395121
 20
705.1463327686913
 30
0.0
 10
764.9108382395121
 20
704.9922753153737
 30
0.0
 10
764.9108382395121
 20
704.9922753153737
 30
0.0
 10
764.9108382395121
 20
704.838762234686
 30
0.0
 10
765.0360439436107
 20
704.7135565305786
 30
0.0
 10
765.1901013969315
 20
704.7135565305786
 30
0.0
 10
765.1901013969315
 20
704.7135565305786
 30
0.0
 10
765.3436144776158
 20
704.7135565305786
 30
0.0
 10
765.4688201817251
 20
704.838762234686
 30
0.0
 10
765.4688201817251
 20
704.9922753153737
 30
0.0
 10
765.4688201817251
 20
704.9922753153737
 30
0.0
 10
765.4688201817251
 20
704.9922753153737
 30
0.0
 10
765.1901013969315
 20
704.9922753153737
 30
0.0
 10
765.1901013969315
 20
704.9922753153737
 30
0.0
  0
SPLINE
  5
707
330
1F
100
AcDbEntity
  8
≥ﬂ¥ÁòÀ◊¢
370
     9
100
AcDbSpline
210
0.0
220
0.0
230
0.0
 70
    24
 71
     3
 72
     8
 73
     4
 74
     0
 42
0.000000001
 43
0.0000000001
 40
0.0
 40
0.0
 40
0.0
 40
0.0
 40
1.0
 40
1.0
 40
1.0
 40
1.0
 10
730.7492784326483
 20
702.4516882672418
 30
0.0
 10
730.7492784326483
 20
702.4516882672418
 30
0.0
 10
730.9365426161737
 20
702.6389524507745
 30
0.0
 10
730.9365426161737
 20
702.6389524507745
 30
0.0
  0
SPLINE
  5
708
330
1F
100
AcDbEntity
  8
≥ﬂ¥ÁòÀ◊¢
370
     9
100
AcDbSpline
210
0.0
220
0.0
230
0.0
 70
    24
 71
     3
 72
     8
 73
     4
 74
     0
 42
0.000000001
 43
0.0000000001
 40
0.0
 40
0.0
 40
0.0
 40
0.0
 40
1.0
 40
1.0
 40
1.0
 40
1.0
 10
731.2223382451109
 20
699.5676020917495
 30
0.0
 10
731.2223382451109
 20
699.5676020917495
 30
0.0
 10
733.1848015638487
 20
701.5273435473503
 30
0.0
 10
733.1848015638487
 20
701.5273435473503
 30
0.0
  0
SPLINE
  5
709
330
1F
100
AcDbEntity
  8
≥ﬂ¥ÁòÀ◊¢
370
     9
100
AcDbSpline
210
0.0
220
0.0
230
0.0
 70
    24
 71
     3
 72
     8
 73
     4
 74
     0
 42
0.000000001
 43
0.0000000001
 40
0.0
 40
0.0
 40
0.0
 40
0.0
 40
1.0
 40
1.0
 40
1.0
 40
1.0
 10
730.7492784326483
 20
701.3313694017893
 30
0.0
 10
730.7492784326483
 20
701.3313694017893
 30
0.0
 10
732.0552283637432
 20
702.6389524507745
 30
0.0
 10
732.0552283637432
 20
702.6389524507745
 30
0.0
  0
SPLINE
  5
70A
330
1F
100
AcDbEntity
  8
≥ﬂ¥ÁòÀ◊¢
370
     9
100
AcDbSpline
210
0.0
220
0.0
230
0.0
 70
    24
 71
     3
 72
     8
 73
     4
 74
     0
 42
0.000000001
 43
0.0000000001
 40
0.0
 40
0.0
 40
0.0
 40
0.0
 40
1.0
 40
1.0
 40
1.0
 40
1.0
 10
732.2849536121492
 20
699.5093542207074
 30
0.0
 10
732.2849536121492
 20
699.5093542207074
 30
0.0
 10
733.1848015638487
 20
700.4092021724014
 30
0.0
 10
733.1848015638487
 20
700.4092021724014
 30
0.0
  0
SPLINE
  5
70B
330
1F
100
AcDbEntity
  8
≥ﬂ¥ÁòÀ◊¢
370
     9
100
AcDbSpline
210
0.0
220
0.0
230
0.0
 70
    24
 71
     3
 72
     8
 73
     4
 74
     0
 42
0.000000001
 43
0.0000000001
 40
0.0
 40
0.0
 40
0.0
 40
0.0
 40
1.0
 40
1.0
 40
1.0
 40
1.0
 10
731.5217431897242
 20
709.9406224907657
 30
0.0
 10
731.5217431897242
 20
709.9406224907657
 30
0.0
 10
732.03018722292
 20
710.4501552692222
 30
0.0
 10
732.03018722292
 20
710.4501552692222
 30
0.0
  0
SPLINE
  5
70C
330
1F
100
AcDbEntity
  8
≥ﬂ¥ÁòÀ◊¢
370
     9
100
AcDbSpline
210
0.0
220
0.0
230
0.0
 70
    24
 71
     3
 72
     8
 73
     4
 74
     0
 42
0.000000001
 43
0.0000000001
 40
0.0
 40
0.0
 40
0.0
 40
0.0
 40
1.0
 40
1.0
 40
1.0
 40
1.0
 10
730.7492784326483
 20
705.8115561183427
 30
0.0
 10
730.7492784326483
 20
705.8115561183427
 30
0.0
 10
733.1820797007265
 20
708.2443573864169
 30
0.0
 10
733.1820797007265
 20
708.2443573864169
 30
0.0
  0
SPLINE
  5
70D
330
1F
100
AcDbEntity
  8
≥ﬂ¥ÁòÀ◊¢
370
     9
100
AcDbSpline
210
0.0
220
0.0
230
0.0
 70
    24
 71
     3
 72
     8
 73
     4
 74
     0
 42
0.000000001
 43
0.0000000001
 40
0.0
 40
0.0
 40
0.0
 40
0.0
 40
1.0
 40
1.0
 40
1.0
 40
1.0
 10
730.934365125663
 20
702.6389524507745
 30
0.0
 10
730.934365125663
 20
702.6389524507745
 30
0.0
 10
733.1820797007265
 20
704.8866670258251
 30
0.0
 10
733.1820797007265
 20
704.8866670258251
 30
0.0
  0
SPLINE
  5
70E
330
1F
100
AcDbEntity
  8
≥ﬂ¥ÁòÀ◊¢
370
     9
100
AcDbSpline
210
0.0
220
0.0
230
0.0
 70
    24
 71
     3
 72
     8
 73
     4
 74
     0
 42
0.000000001
 43
0.0000000001
 40
0.0
 40
0.0
 40
0.0
 40
0.0
 40
1.0
 40
1.0
 40
1.0
 40
1.0
 10
730.7492784326483
 20
708.0483832408597
 30
0.0
 10
730.7492784326483
 20
708.0483832408597
 30
0.0
 10
732.4950814459979
 20
709.7936418815939
 30
0.0
 10
732.4950814459979
 20
709.7936418815939
 30
0.0
  0
SPLINE
  5
70F
330
1F
100
AcDbEntity
  8
≥ﬂ¥ÁòÀ◊¢
370
     9
100
AcDbSpline
210
0.0
220
0.0
230
0.0
 70
    24
 71
     3
 72
     8
 73
     4
 74
     0
 42
0.000000001
 43
0.0000000001
 40
0.0
 40
0.0
 40
0.0
 40
0.0
 40
1.0
 40
1.0
 40
1.0
 40
1.0
 10
730.7492784326483
 20
704.6906928802642
 30
0.0
 10
730.7492784326483
 20
704.6906928802642
 30
0.0
 10
733.1820797007265
 20
707.1234941483386
 30
0.0
 10
733.1820797007265
 20
707.1234941483386
 30
0.0
  0
SPLINE
  5
710
330
1F
100
AcDbEntity
  8
≥ﬂ¥ÁòÀ◊¢
370
     9
100
AcDbSpline
210
0.0
220
0.0
230
0.0
 70
    24
 71
     3
 72
     8
 73
     4
 74
     0
 42
0.000000001
 43
0.0000000001
 40
0.0
 40
0.0
 40
0.0
 40
0.0
 40
1.0
 40
1.0
 40
1.0
 40
1.0
 10
732.0552283637432
 20
702.6389524507745
 30
0.0
 10
732.0552283637432
 20
702.6389524507745
 30
0.0
 10
733.1820797007265
 20
703.7663481603727
 30
0.0
 10
733.1820797007265
 20
703.7663481603727
 30
0.0
  0
SPLINE
  5
711
330
1F
100
AcDbEntity
  8
≥ﬂ¥ÁòÀ◊¢
370
     9
100
AcDbSpline
210
0.0
220
0.0
230
0.0
 70
    24
 71
     3
 72
     8
 73
     4
 74
     0
 42
0.000000001
 43
0.0000000001
 40
0.0
 40
0.0
 40
0.0
 40
0.0
 40
1.0
 40
1.0
 40
1.0
 40
1.0
 10
730.7492784326483
 20
699.0945422792726
 30
0.0
 10
730.7492784326483
 20
699.0945422792726
 30
0.0
 10
731.2223382451109
 20
699.5676020917495
 30
0.0
 10
731.2223382451109
 20
699.5676020917495
 30
0.0
  0
SPLINE
  5
712
330
1F
100
AcDbEntity
  8
≥ﬂ¥ÁòÀ◊¢
370
     9
100
AcDbSpline
210
0.0
220
0.0
230
0.0
 70
    24
 71
     3
 72
     8
 73
     4
 74
     0
 42
0.000000001
 43
0.0000000001
 40
0.0
 40
0.0
 40
0.0
 40
0.0
 40
1.0
 40
1.0
 40
1.0
 40
1.0
 10
732.7378716374433
 20
697.7254451234845
 30
0.0
 10
732.7378716374433
 20
697.7254451234845
 30
0.0
 10
733.1848015638487
 20
698.1696531867534
 30
0.0
 10
733.1848015638487
 20
698.1696531867534
 30
0.0
  0
SPLINE
  5
713
330
1F
100
AcDbEntity
  8
≥ﬂ¥ÁòÀ◊¢
370
     9
100
AcDbSpline
210
0.0
220
0.0
230
0.0
 70
    24
 71
     3
 72
     8
 73
     4
 74
     0
 42
0.000000001
 43
0.0000000001
 40
0.0
 40
0.0
 40
0.0
 40
0.0
 40
1.0
 40
1.0
 40
1.0
 40
1.0
 10
730.7492784326483
 20
697.9736790411956
 30
0.0
 10
730.7492784326483
 20
697.9736790411956
 30
0.0
 10
732.2849536121492
 20
699.5093542207074
 30
0.0
 10
732.2849536121492
 20
699.5093542207074
 30
0.0
  0
SPLINE
  5
714
330
1F
100
AcDbEntity
  8
≥ﬂ¥ÁòÀ◊¢
370
     9
100
AcDbSpline
210
0.0
220
0.0
230
0.0
 70
    24
 71
     3
 72
     8
 73
     4
 74
     0
 42
0.000000001
 43
0.0000000001
 40
0.0
 40
0.0
 40
0.0
 40
0.0
 40
1.0
 40
1.0
 40
1.0
 40
1.0
 10
728.7155022998367
 20
697.0607661464605
 30
0.0
 10
728.7155022998367
 20
697.0607661464605
 30
0.0
 10
729.4678252697258
 20
697.8130891163606
 30
0.0
 10
729.4678252697258
 20
697.8130891163606
 30
0.0
  0
SPLINE
  5
715
330
1F
100
AcDbEntity
  8
≥ﬂ¥ÁòÀ◊¢
370
     9
100
AcDbSpline
210
0.0
220
0.0
230
0.0
 70
    24
 71
     3
 72
     8
 73
     4
 74
     0
 42
0.000000001
 43
0.0000000001
 40
0.0
 40
0.0
 40
0.0
 40
0.0
 40
1.0
 40
1.0
 40
1.0
 40
1.0
 10
729.5614573614901
 20
696.785857970052
 30
0.0
 10
729.5614573614901
 20
696.785857970052
 30
0.0
 10
730.5255412831163
 20
697.7526637548129
 30
0.0
 10
730.5255412831163
 20
697.7526637548129
 30
0.0
  0
SPLINE
  5
716
330
1F
100
AcDbEntity
  8
≥ﬂ¥ÁòÀ◊¢
370
     9
100
AcDbSpline
210
0.0
220
0.0
230
0.0
 70
    24
 71
     3
 72
     8
 73
     4
 74
     0
 42
0.000000001
 43
0.0000000001
 40
0.0
 40
0.0
 40
0.0
 40
0.0
 40
1.0
 40
1.0
 40
1.0
 40
1.0
 10
731.6779781335416
 20
696.6655516195811
 30
0.0
 10
731.6779781335416
 20
696.6655516195811
 30
0.0
 10
732.6420620551787
 20
697.6301799138387
 30
0.0
 10
732.6420620551787
 20
697.6301799138387
 30
0.0
  0
SPLINE
  5
717
330
1F
100
AcDbEntity
  8
≥ﬂ¥ÁòÀ◊¢
370
     9
100
AcDbSpline
210
0.0
220
0.0
230
0.0
 70
    24
 71
     3
 72
     8
 73
     4
 74
     0
 42
0.000000001
 43
0.0000000001
 40
0.0
 40
0.0
 40
0.0
 40
0.0
 40
1.0
 40
1.0
 40
1.0
 40
1.0
 10
732.7356941469397
 20
696.6029487675299
 30
0.0
 10
732.7356941469397
 20
696.6029487675299
 30
0.0
 10
733.1848015638487
 20
697.0515118118097
 30
0.0
 10
733.1848015638487
 20
697.0515118118097
 30
0.0
  0
SPLINE
  5
718
330
1F
100
AcDbEntity
  8
≥ﬂ¥ÁòÀ◊¢
370
     9
100
AcDbSpline
210
0.0
220
0.0
230
0.0
 70
    24
 71
     3
 72
     8
 73
     4
 74
     0
 42
0.000000001
 43
0.0000000001
 40
0.0
 40
0.0
 40
0.0
 40
0.0
 40
1.0
 40
1.0
 40
1.0
 40
1.0
 10
734.8500374284802
 20
696.4804649265521
 30
0.0
 10
734.8500374284802
 20
696.4804649265521
 30
0.0
 10
735.4640897512352
 20
697.0939728766832
 30
0.0
 10
735.4640897512352
 20
697.0939728766832
 30
0.0
  0
SPLINE
  5
719
330
1F
100
AcDbEntity
  8
≥ﬂ¥ÁòÀ◊¢
370
     9
100
AcDbSpline
210
0.0
220
0.0
230
0.0
 70
    24
 71
     3
 72
     8
 73
     4
 74
     0
 42
0.000000001
 43
0.0000000001
 40
0.0
 40
0.0
 40
0.0
 40
0.0
 40
1.0
 40
1.0
 40
1.0
 40
1.0
 10
733.1820797007265
 20
697.0515118118097
 30
0.0
 10
733.1820797007265
 20
697.0515118118097
 30
0.0
 10
733.6976005780623
 20
697.567577061784
 30
0.0
 10
733.6976005780623
 20
697.567577061784
 30
0.0
  0
SPLINE
  5
71A
330
1F
100
AcDbEntity
  8
≥ﬂ¥ÁòÀ◊¢
370
     9
100
AcDbSpline
210
0.0
220
0.0
230
0.0
 70
    24
 71
     3
 72
     8
 73
     4
 74
     0
 42
0.000000001
 43
0.0000000001
 40
0.0
 40
0.0
 40
0.0
 40
0.0
 40
1.0
 40
1.0
 40
1.0
 40
1.0
 10
730.2800292285454
 20
695.2681470872127
 30
0.0
 10
730.2800292285454
 20
695.2681470872127
 30
0.0
 10
731.4722052807036
 20
696.460323139369
 30
0.0
 10
731.4722052807036
 20
696.460323139369
 30
0.0
  0
SPLINE
  5
71B
330
1F
100
AcDbEntity
  8
≥ﬂ¥ÁòÀ◊¢
370
     9
100
AcDbSpline
210
0.0
220
0.0
230
0.0
 70
    24
 71
     3
 72
     8
 73
     4
 74
     0
 42
0.000000001
 43
0.0000000001
 40
0.0
 40
0.0
 40
0.0
 40
0.0
 40
1.0
 40
1.0
 40
1.0
 40
1.0
 10
733.6888906160482
 20
695.3193181141091
 30
0.0
 10
733.6888906160482
 20
695.3193181141091
 30
0.0
 10
733.8805097805842
 20
695.511481651282
 30
0.0
 10
733.8805097805842
 20
695.511481651282
 30
0.0
  0
SPLINE
  5
71C
330
1F
100
AcDbEntity
  8
≥ﬂ¥ÁòÀ◊¢
370
     9
100
AcDbSpline
210
0.0
220
0.0
230
0.0
 70
    24
 71
     3
 72
     8
 73
     4
 74
     0
 42
0.000000001
 43
0.0000000001
 40
0.0
 40
0.0
 40
0.0
 40
0.0
 40
1.0
 40
1.0
 40
1.0
 40
1.0
 10
731.0149322743954
 20
694.8838200128655
 30
0.0
 10
731.0149322743954
 20
694.8838200128655
 30
0.0
 10
732.5930685187802
 20
696.460323139369
 30
0.0
 10
732.5930685187802
 20
696.460323139369
 30
0.0
  0
SPLINE
  5
71D
330
1F
100
AcDbEntity
  8
≥ﬂ¥ÁòÀ◊¢
370
     9
100
AcDbSpline
210
0.0
220
0.0
230
1.0
 70
    11
 71
     3
 72
    16
 73
    12
 74
     0
 42
0.000000001
 43
0.0000000001
 40
0.0
 40
0.0
 40
0.0
 40
0.0
 40
0.25
 40
0.25
 40
0.25
 40
0.25000001
 40
0.5
 40
0.5
 40
0.5
 40
0.5000000100000001
 40
1.0
 40
1.0
 40
1.0
 40
1.0
 10
739.859354338051
 20
701.4761725204522
 30
0.0
 10
739.859354338051
 20
701.4761725204522
 30
0.0
 10
738.1581898800638
 20
702.6389524507745
 30
0.0
 10
738.1581898800638
 20
702.6389524507745
 30
0.0
 10
738.1581898800638
 20
702.6389524507745
 30
0.0
 10
738.1581898800638
 20
702.6389524507745
 30
0.0
 10
739.859354338051
 20
702.6389524507745
 30
0.0
 10
739.859354338051
 20
702.6389524507745
 30
0.0
 10
739.859354338051
 20
702.6389524507745
 30
0.0
 10
739.859354338051
 20
702.6389524507745
 30
0.0
 10
739.859354338051
 20
701.4761725204522
 30
0.0
 10
739.859354338051
 20
701.4761725204522
 30
0.0
  0
SPLINE
  5
71E
330
1F
100
AcDbEntity
  8
≥ﬂ¥ÁòÀ◊¢
370
     9
100
AcDbSpline
210
0.0
220
0.0
230
1.0
 70
    11
 71
     3
 72
    16
 73
    12
 74
     0
 42
0.000000001
 43
0.0000000001
 40
0.0
 40
0.0
 40
0.0
 40
0.0
 40
0.25
 40
0.25
 40
0.25
 40
0.25000001
 40
0.5
 40
0.5
 40
0.5
 40
0.5000000100000001
 40
1.0
 40
1.0
 40
1.0
 40
1.0
 10
739.859354338051
 20
701.4761725204522
 30
0.0
 10
739.859354338051
 20
701.4761725204522
 30
0.0
 10
739.859354338051
 20
702.6389524507745
 30
0.0
 10
739.859354338051
 20
702.6389524507745
 30
0.0
 10
739.859354338051
 20
702.6389524507745
 30
0.0
 10
739.859354338051
 20
702.6389524507745
 30
0.0
 10
753.820334718689
 20
701.4761725204522
 30
0.0
 10
753.820334718689
 20
701.4761725204522
 30
0.0
 10
753.820334718689
 20
701.4761725204522
 30
0.0
 10
753.820334718689
 20
701.4761725204522
 30
0.0
 10
739.859354338051
 20
701.4761725204522
 30
0.0
 10
739.859354338051
 20
701.4761725204522
 30
0.0
  0
SPLINE
  5
71F
330
1F
100
AcDbEntity
  8
≥ﬂ¥ÁòÀ◊¢
370
     9
100
AcDbSpline
210
0.0
220
0.0
230
1.0
 70
    11
 71
     3
 72
    16
 73
    12
 74
     0
 42
0.000000001
 43
0.0000000001
 40
0.0
 40
0.0
 40
0.0
 40
0.0
 40
0.25
 40
0.25
 40
0.25
 40
0.25000001
 40
0.5
 40
0.5
 40
0.5
 40
0.5000000100000001
 40
1.0
 40
1.0
 40
1.0
 40
1.0
 10
753.820334718689
 20
701.4761725204522
 30
0.0
 10
753.820334718689
 20
701.4761725204522
 30
0.0
 10
739.859354338051
 20
702.6389524507745
 30
0.0
 10
739.859354338051
 20
702.6389524507745
 30
0.0
 10
739.859354338051
 20
702.6389524507745
 30
0.0
 10
739.859354338051
 20
702.6389524507745
 30
0.0
 10
753.820334718689
 20
702.6389524507745
 30
0.0
 10
753.820334718689
 20
702.6389524507745
 30
0.0
 10
753.820334718689
 20
702.6389524507745
 30
0.0
 10
753.820334718689
 20
702.6389524507745
 30
0.0
 10
753.820334718689
 20
701.4761725204522
 30
0.0
 10
753.820334718689
 20
701.4761725204522
 30
0.0
  0
SPLINE
  5
720
330
1F
100
AcDbEntity
  8
≥ﬂ¥ÁòÀ◊¢
370
     9
100
AcDbSpline
210
0.0
220
0.0
230
1.0
 70
    11
 71
     3
 72
    16
 73
    12
 74
     0
 42
0.000000001
 43
0.0000000001
 40
0.0
 40
0.0
 40
0.0
 40
0.0
 40
0.25
 40
0.25
 40
0.25
 40
0.25000001
 40
0.5
 40
0.5
 40
0.5
 40
0.5000000100000001
 40
1.0
 40
1.0
 40
1.0
 40
1.0
 10
753.820334718689
 20
701.4761725204522
 30
0.0
 10
753.820334718689
 20
701.4761725204522
 30
0.0
 10
753.820334718689
 20
702.6389524507745
 30
0.0
 10
753.820334718689
 20
702.6389524507745
 30
0.0
 10
753.820334718689
 20
702.6389524507745
 30
0.0
 10
753.820334718689
 20
702.6389524507745
 30
0.0
 10
755.831247201188
 20
701.1969093630291
 30
0.0
 10
755.831247201188
 20
701.1969093630291
 30
0.0
 10
755.831247201188
 20
701.1969093630291
 30
0.0
 10
755.831247201188
 20
701.1969093630291
 30
0.0
 10
753.820334718689
 20
701.4761725204522
 30
0.0
 10
753.820334718689
 20
701.4761725204522
 30
0.0
  0
SPLINE
  5
721
330
1F
100
AcDbEntity
  8
≥ﬂ¥ÁòÀ◊¢
370
     9
100
AcDbSpline
210
0.0
220
0.0
230
1.0
 70
    11
 71
     3
 72
    16
 73
    12
 74
     0
 42
0.000000001
 43
0.0000000001
 40
0.0
 40
0.0
 40
0.0
 40
0.0
 40
0.25
 40
0.25
 40
0.25
 40
0.25000001
 40
0.5
 40
0.5
 40
0.5
 40
0.5000000100000001
 40
1.0
 40
1.0
 40
1.0
 40
1.0
 10
755.831247201188
 20
701.1969093630291
 30
0.0
 10
755.831247201188
 20
701.1969093630291
 30
0.0
 10
753.820334718689
 20
702.6389524507745
 30
0.0
 10
753.820334718689
 20
702.6389524507745
 30
0.0
 10
753.820334718689
 20
702.6389524507745
 30
0.0
 10
753.820334718689
 20
702.6389524507745
 30
0.0
 10
755.831247201188
 20
702.6389524507745
 30
0.0
 10
755.831247201188
 20
702.6389524507745
 30
0.0
 10
755.831247201188
 20
702.6389524507745
 30
0.0
 10
755.831247201188
 20
702.6389524507745
 30
0.0
 10
755.831247201188
 20
701.1969093630291
 30
0.0
 10
755.831247201188
 20
701.1969093630291
 30
0.0
  0
SPLINE
  5
722
330
1F
100
AcDbEntity
  8
≥ﬂ¥ÁòÀ◊¢
370
     9
100
AcDbSpline
210
0.0
220
0.0
230
1.0
 70
    11
 71
     3
 72
    16
 73
    12
 74
     0
 42
0.000000001
 43
0.0000000001
 40
0.0
 40
0.0
 40
0.0
 40
0.0
 40
0.25
 40
0.25
 40
0.25
 40
0.25000001
 40
0.5
 40
0.5
 40
0.5
 40
0.5000000100000001
 40
1.0
 40
1.0
 40
1.0
 40
1.0
 10
755.831247201188
 20
701.1969093630291
 30
0.0
 10
755.831247201188
 20
701.1969093630291
 30
0.0
 10
755.831247201188
 20
702.6389524507745
 30
0.0
 10
755.831247201188
 20
702.6389524507745
 30
0.0
 10
755.831247201188
 20
702.6389524507745
 30
0.0
 10
755.831247201188
 20
702.6389524507745
 30
0.0
 10
757.6908240934924
 20
700.3847054042092
 30
0.0
 10
757.6908240934924
 20
700.3847054042092
 30
0.0
 10
757.6908240934924
 20
700.3847054042092
 30
0.0
 10
757.6908240934924
 20
700.3847054042092
 30
0.0
 10
755.831247201188
 20
701.1969093630291
 30
0.0
 10
755.831247201188
 20
701.1969093630291
 30
0.0
  0
SPLINE
  5
723
330
1F
100
AcDbEntity
  8
≥ﬂ¥ÁòÀ◊¢
370
     9
100
AcDbSpline
210
0.0
220
0.0
230
1.0
 70
    11
 71
     3
 72
    16
 73
    12
 74
     0
 42
0.000000001
 43
0.0000000001
 40
0.0
 40
0.0
 40
0.0
 40
0.0
 40
0.25
 40
0.25
 40
0.25
 40
0.25000001
 40
0.5
 40
0.5
 40
0.5
 40
0.5000000100000001
 40
1.0
 40
1.0
 40
1.0
 40
1.0
 10
757.6908240934924
 20
700.3847054042092
 30
0.0
 10
757.6908240934924
 20
700.3847054042092
 30
0.0
 10
755.831247201188
 20
702.6389524507745
 30
0.0
 10
755.831247201188
 20
702.6389524507745
 30
0.0
 10
755.831247201188
 20
702.6389524507745
 30
0.0
 10
755.831247201188
 20
702.6389524507745
 30
0.0
 10
757.6908240934924
 20
702.6389524507745
 30
0.0
 10
757.6908240934924
 20
702.6389524507745
 30
0.0
 10
757.6908240934924
 20
702.6389524507745
 30
0.0
 10
757.6908240934924
 20
702.6389524507745
 30
0.0
 10
757.6908240934924
 20
700.3847054042092
 30
0.0
 10
757.6908240934924
 20
700.3847054042092
 30
0.0
  0
SPLINE
  5
724
330
1F
100
AcDbEntity
  8
≥ﬂ¥ÁòÀ◊¢
370
     9
100
AcDbSpline
210
0.0
220
0.0
230
1.0
 70
    11
 71
     3
 72
    16
 73
    12
 74
     0
 42
0.000000001
 43
0.0000000001
 40
0.0
 40
0.0
 40
0.0
 40
0.0
 40
0.25
 40
0.25
 40
0.25
 40
0.25000001
 40
0.5
 40
0.5
 40
0.5
 40
0.5000000100000001
 40
1.0
 40
1.0
 40
1.0
 40
1.0
 10
757.6908240934924
 20
700.3847054042092
 30
0.0
 10
757.6908240934924
 20
700.3847054042092
 30
0.0
 10
757.6908240934924
 20
702.6389524507745
 30
0.0
 10
757.6908240934924
 20
702.6389524507745
 30
0.0
 10
757.6908240934924
 20
702.6389524507745
 30
0.0
 10
757.6908240934924
 20
702.6389524507745
 30
0.0
 10
759.2602503758634
 20
699.098897260285
 30
0.0
 10
759.2602503758634
 20
699.098897260285
 30
0.0
 10
759.2602503758634
 20
699.098897260285
 30
0.0
 10
759.2602503758634
 20
699.098897260285
 30
0.0
 10
757.6908240934924
 20
700.3847054042092
 30
0.0
 10
757.6908240934924
 20
700.3847054042092
 30
0.0
  0
SPLINE
  5
725
330
1F
100
AcDbEntity
  8
≥ﬂ¥ÁòÀ◊¢
370
     9
100
AcDbSpline
210
0.0
220
0.0
230
1.0
 70
    11
 71
     3
 72
    16
 73
    12
 74
     0
 42
0.000000001
 43
0.0000000001
 40
0.0
 40
0.0
 40
0.0
 40
0.0
 40
0.25
 40
0.25
 40
0.25
 40
0.25000001
 40
0.5
 40
0.5
 40
0.5
 40
0.5000000100000001
 40
1.0
 40
1.0
 40
1.0
 40
1.0
 10
759.2602503758634
 20
699.098897260285
 30
0.0
 10
759.2602503758634
 20
699.098897260285
 30
0.0
 10
757.6908240934924
 20
702.6389524507745
 30
0.0
 10
757.6908240934924
 20
702.6389524507745
 30
0.0
 10
757.6908240934924
 20
702.6389524507745
 30
0.0
 10
757.6908240934924
 20
702.6389524507745
 30
0.0
 10
759.2602503758634
 20
702.6389524507745
 30
0.0
 10
759.2602503758634
 20
702.6389524507745
 30
0.0
 10
759.2602503758634
 20
702.6389524507745
 30
0.0
 10
759.2602503758634
 20
702.6389524507745
 30
0.0
 10
759.2602503758634
 20
699.098897260285
 30
0.0
 10
759.2602503758634
 20
699.098897260285
 30
0.0
  0
SPLINE
  5
726
330
1F
100
AcDbEntity
  8
≥ﬂ¥ÁòÀ◊¢
370
     9
100
AcDbSpline
210
0.0
220
0.0
230
1.0
 70
    11
 71
     3
 72
    16
 73
    12
 74
     0
 42
0.000000001
 43
0.0000000001
 40
0.0
 40
0.0
 40
0.0
 40
0.0
 40
0.25
 40
0.25
 40
0.25
 40
0.25000001
 40
0.5
 40
0.5
 40
0.5
 40
0.5000000100000001
 40
1.0
 40
1.0
 40
1.0
 40
1.0
 10
759.2602503758634
 20
699.098897260285
 30
0.0
 10
759.2602503758634
 20
699.098897260285
 30
0.0
 10
759.2602503758634
 20
702.6389524507745
 30
0.0
 10
759.2602503758634
 20
702.6389524507745
 30
0.0
 10
759.2602503758634
 20
702.6389524507745
 30
0.0
 10
759.2602503758634
 20
702.6389524507745
 30
0.0
 10
760.423030306191
 20
697.4331170230236
 30
0.0
 10
760.423030306191
 20
697.4331170230236
 30
0.0
 10
760.423030306191
 20
697.4331170230236
 30
0.0
 10
760.423030306191
 20
697.4331170230236
 30
0.0
 10
759.2602503758634
 20
699.098897260285
 30
0.0
 10
759.2602503758634
 20
699.098897260285
 30
0.0
  0
SPLINE
  5
727
330
1F
100
AcDbEntity
  8
≥ﬂ¥ÁòÀ◊¢
370
     9
100
AcDbSpline
210
0.0
220
0.0
230
1.0
 70
    11
 71
     3
 72
    16
 73
    12
 74
     0
 42
0.000000001
 43
0.0000000001
 40
0.0
 40
0.0
 40
0.0
 40
0.0
 40
0.25
 40
0.25
 40
0.25
 40
0.25000001
 40
0.5
 40
0.5
 40
0.5
 40
0.5000000100000001
 40
1.0
 40
1.0
 40
1.0
 40
1.0
 10
760.423030306191
 20
697.4331170230236
 30
0.0
 10
760.423030306191
 20
697.4331170230236
 30
0.0
 10
759.2602503758634
 20
702.6389524507745
 30
0.0
 10
759.2602503758634
 20
702.6389524507745
 30
0.0
 10
759.2602503758634
 20
702.6389524507745
 30
0.0
 10
759.2602503758634
 20
702.6389524507745
 30
0.0
 10
760.423030306191
 20
702.6389524507745
 30
0.0
 10
760.423030306191
 20
702.6389524507745
 30
0.0
 10
760.423030306191
 20
702.6389524507745
 30
0.0
 10
760.423030306191
 20
702.6389524507745
 30
0.0
 10
760.423030306191
 20
697.4331170230236
 30
0.0
 10
760.423030306191
 20
697.4331170230236
 30
0.0
  0
SPLINE
  5
728
330
1F
100
AcDbEntity
  8
≥ﬂ¥ÁòÀ◊¢
370
     9
100
AcDbSpline
210
0.0
220
0.0
230
1.0
 70
    11
 71
     3
 72
    16
 73
    12
 74
     0
 42
0.000000001
 43
0.0000000001
 40
0.0
 40
0.0
 40
0.0
 40
0.0
 40
0.25
 40
0.25
 40
0.25
 40
0.25000001
 40
0.5
 40
0.5
 40
0.5
 40
0.5000000100000001
 40
1.0
 40
1.0
 40
1.0
 40
1.0
 10
760.423030306191
 20
697.4331170230236
 30
0.0
 10
760.423030306191
 20
697.4331170230236
 30
0.0
 10
760.423030306191
 20
702.6389524507745
 30
0.0
 10
760.423030306191
 20
702.6389524507745
 30
0.0
 10
760.423030306191
 20
702.6389524507745
 30
0.0
 10
760.423030306191
 20
702.6389524507745
 30
0.0
 10
761.0882536558334
 20
695.5158366322963
 30
0.0
 10
761.0882536558334
 20
695.5158366322963
 30
0.0
 10
761.0882536558334
 20
695.5158366322963
 30
0.0
 10
761.0882536558334
 20
695.5158366322963
 30
0.0
 10
760.423030306191
 20
697.4331170230236
 30
0.0
 10
760.423030306191
 20
697.4331170230236
 30
0.0
  0
SPLINE
  5
729
330
1F
100
AcDbEntity
  8
≥ﬂ¥ÁòÀ◊¢
370
     9
100
AcDbSpline
210
0.0
220
0.0
230
1.0
 70
    11
 71
     3
 72
    16
 73
    12
 74
     0
 42
0.000000001
 43
0.0000000001
 40
0.0
 40
0.0
 40
0.0
 40
0.0
 40
0.25
 40
0.25
 40
0.25
 40
0.25000001
 40
0.5
 40
0.5
 40
0.5
 40
0.5000000100000001
 40
1.0
 40
1.0
 40
1.0
 40
1.0
 10
761.0882536558334
 20
695.5158366322963
 30
0.0
 10
761.0882536558334
 20
695.5158366322963
 30
0.0
 10
760.423030306191
 20
702.6389524507745
 30
0.0
 10
760.423030306191
 20
702.6389524507745
 30
0.0
 10
760.423030306191
 20
702.6389524507745
 30
0.0
 10
760.423030306191
 20
702.6389524507745
 30
0.0
 10
761.0882536558334
 20
702.6389524507745
 30
0.0
 10
761.0882536558334
 20
702.6389524507745
 30
0.0
 10
761.0882536558334
 20
702.6389524507745
 30
0.0
 10
761.0882536558334
 20
702.6389524507745
 30
0.0
 10
761.0882536558334
 20
695.5158366322963
 30
0.0
 10
761.0882536558334
 20
695.5158366322963
 30
0.0
  0
SPLINE
  5
72A
330
1F
100
AcDbEntity
  8
≥ﬂ¥ÁòÀ◊¢
370
     9
100
AcDbSpline
210
0.0
220
0.0
230
1.0
 70
    11
 71
     3
 72
    16
 73
    12
 74
     0
 42
0.000000001
 43
0.0000000001
 40
0.0
 40
0.0
 40
0.0
 40
0.0
 40
0.25
 40
0.25
 40
0.25
 40
0.25000001
 40
0.5
 40
0.5
 40
0.5
 40
0.5000000100000001
 40
1.0
 40
1.0
 40
1.0
 40
1.0
 10
761.0882536558334
 20
695.5158366322963
 30
0.0
 10
761.0882536558334
 20
695.5158366322963
 30
0.0
 10
761.0882536558334
 20
702.6389524507745
 30
0.0
 10
761.0882536558334
 20
702.6389524507745
 30
0.0
 10
761.0882536558334
 20
702.6389524507745
 30
0.0
 10
761.0882536558334
 20
702.6389524507745
 30
0.0
 10
761.8672508844419
 20
698.1990493085893
 30
0.0
 10
761.8672508844419
 20
698.1990493085893
 30
0.0
 10
761.8672508844419
 20
698.1990493085893
 30
0.0
 10
761.8672508844419
 20
698.1990493085893
 30
0.0
 10
761.0882536558334
 20
695.5158366322963
 30
0.0
 10
761.0882536558334
 20
695.5158366322963
 30
0.0
  0
SPLINE
  5
72B
330
1F
100
AcDbEntity
  8
≥ﬂ¥ÁòÀ◊¢
370
     9
100
AcDbSpline
210
0.0
220
0.0
230
1.0
 70
    11
 71
     3
 72
    16
 73
    12
 74
     0
 42
0.000000001
 43
0.0000000001
 40
0.0
 40
0.0
 40
0.0
 40
0.0
 40
0.25
 40
0.25
 40
0.25
 40
0.25000001
 40
0.5
 40
0.5
 40
0.5
 40
0.5000000100000001
 40
1.0
 40
1.0
 40
1.0
 40
1.0
 10
761.8672508844419
 20
698.1990493085893
 30
0.0
 10
761.8672508844419
 20
698.1990493085893
 30
0.0
 10
761.0882536558334
 20
702.6389524507745
 30
0.0
 10
761.0882536558334
 20
702.6389524507745
 30
0.0
 10
761.0882536558334
 20
702.6389524507745
 30
0.0
 10
761.0882536558334
 20
702.6389524507745
 30
0.0
 10
761.8672508844419
 20
702.6389524507745
 30
0.0
 10
761.8672508844419
 20
702.6389524507745
 30
0.0
 10
761.8672508844419
 20
702.6389524507745
 30
0.0
 10
761.8672508844419
 20
702.6389524507745
 30
0.0
 10
761.8672508844419
 20
698.1990493085893
 30
0.0
 10
761.8672508844419
 20
698.1990493085893
 30
0.0
  0
SPLINE
  5
72C
330
1F
100
AcDbEntity
  8
≥ﬂ¥ÁòÀ◊¢
370
     9
100
AcDbSpline
210
0.0
220
0.0
230
1.0
 70
    11
 71
     3
 72
    16
 73
    12
 74
     0
 42
0.000000001
 43
0.0000000001
 40
0.0
 40
0.0
 40
0.0
 40
0.0
 40
0.25
 40
0.25
 40
0.25
 40
0.25000001
 40
0.5
 40
0.5
 40
0.5
 40
0.5000000100000001
 40
1.0
 40
1.0
 40
1.0
 40
1.0
 10
761.8672508844419
 20
698.1990493085893
 30
0.0
 10
761.8672508844419
 20
698.1990493085893
 30
0.0
 10
761.8672508844419
 20
702.6389524507745
 30
0.0
 10
761.8672508844419
 20
702.6389524507745
 30
0.0
 10
761.8672508844419
 20
702.6389524507745
 30
0.0
 10
761.8672508844419
 20
702.6389524507745
 30
0.0
 10
763.2624779263047
 20
700.6187856336278
 30
0.0
 10
763.2624779263047
 20
700.6187856336278
 30
0.0
 10
763.2624779263047
 20
700.6187856336278
 30
0.0
 10
763.2624779263047
 20
700.6187856336278
 30
0.0
 10
761.8672508844419
 20
698.1990493085893
 30
0.0
 10
761.8672508844419
 20
698.1990493085893
 30
0.0
  0
SPLINE
  5
72D
330
1F
100
AcDbEntity
  8
≥ﬂ¥ÁòÀ◊¢
370
     9
100
AcDbSpline
210
0.0
220
0.0
230
1.0
 70
    11
 71
     3
 72
    16
 73
    12
 74
     0
 42
0.000000001
 43
0.0000000001
 40
0.0
 40
0.0
 40
0.0
 40
0.0
 40
0.25
 40
0.25
 40
0.25
 40
0.25000001
 40
0.5
 40
0.5
 40
0.5
 40
0.5000000100000001
 40
1.0
 40
1.0
 40
1.0
 40
1.0
 10
763.2624779263047
 20
700.6187856336278
 30
0.0
 10
763.2624779263047
 20
700.6187856336278
 30
0.0
 10
761.8672508844419
 20
702.6389524507745
 30
0.0
 10
761.8672508844419
 20
702.6389524507745
 30
0.0
 10
761.8672508844419
 20
702.6389524507745
 30
0.0
 10
761.8672508844419
 20
702.6389524507745
 30
0.0
 10
763.2624779263047
 20
702.6389524507745
 30
0.0
 10
763.2624779263047
 20
702.6389524507745
 30
0.0
 10
763.2624779263047
 20
702.6389524507745
 30
0.0
 10
763.2624779263047
 20
702.6389524507745
 30
0.0
 10
763.2624779263047
 20
700.6187856336278
 30
0.0
 10
763.2624779263047
 20
700.6187856336278
 30
0.0
  0
SPLINE
  5
72E
330
1F
100
AcDbEntity
  8
≥ﬂ¥ÁòÀ◊¢
370
     9
100
AcDbSpline
210
0.0
220
0.0
230
1.0
 70
    11
 71
     3
 72
    16
 73
    12
 74
     0
 42
0.000000001
 43
0.0000000001
 40
0.0
 40
0.0
 40
0.0
 40
0.0
 40
0.25
 40
0.25
 40
0.25
 40
0.25000001
 40
0.5
 40
0.5
 40
0.5
 40
0.5000000100000001
 40
1.0
 40
1.0
 40
1.0
 40
1.0
 10
763.2624779263047
 20
700.6187856336278
 30
0.0
 10
763.2624779263047
 20
700.6187856336278
 30
0.0
 10
763.2624779263047
 20
702.6389524507745
 30
0.0
 10
763.2624779263047
 20
702.6389524507745
 30
0.0
 10
763.2624779263047
 20
702.6389524507745
 30
0.0
 10
763.2624779263047
 20
702.6389524507745
 30
0.0
 10
765.1911901421762
 20
702.6389524507745
 30
0.0
 10
765.1911901421762
 20
702.6389524507745
 30
0.0
 10
765.1911901421762
 20
702.6389524507745
 30
0.0
 10
765.1911901421762
 20
702.6389524507745
 30
0.0
 10
763.2624779263047
 20
700.6187856336278
 30
0.0
 10
763.2624779263047
 20
700.6187856336278
 30
0.0
  0
SPLINE
  5
72F
330
1F
100
AcDbEntity
  8
≥ﬂ¥ÁòÀ◊¢
370
     9
100
AcDbSpline
210
0.0
220
0.0
230
1.0
 70
    11
 71
     3
 72
    16
 73
    12
 74
     0
 42
0.000000001
 43
0.0000000001
 40
0.0
 40
0.0
 40
0.0
 40
0.0
 40
0.25
 40
0.25
 40
0.25
 40
0.25000001
 40
0.5
 40
0.5
 40
0.5
 40
0.5000000100000001
 40
1.0
 40
1.0
 40
1.0
 40
1.0
 10
761.2314236566153
 20
687.7383849166967
 30
0.0
 10
761.2314236566153
 20
687.7383849166967
 30
0.0
 10
758.0299682398425
 20
688.232130888981
 30
0.0
 10
758.0299682398425
 20
688.232130888981
 30
0.0
 10
758.0299682398425
 20
688.232130888981
 30
0.0
 10
758.0299682398425
 20
688.232130888981
 30
0.0
 10
758.0299682398425
 20
687.2451833170368
 30
0.0
 10
758.0299682398425
 20
687.2451833170368
 30
0.0
 10
758.0299682398425
 20
687.2451833170368
 30
0.0
 10
758.0299682398425
 20
687.2451833170368
 30
0.0
 10
761.2314236566153
 20
687.7383849166967
 30
0.0
 10
761.2314236566153
 20
687.7383849166967
 30
0.0
  0
SPLINE
  5
730
330
1F
100
AcDbEntity
  8
≥ﬂ¥ÁòÀ◊¢
370
     9
100
AcDbSpline
210
0.0
220
0.0
230
1.0
 70
    11
 71
     3
 72
    16
 73
    12
 74
     0
 42
0.000000001
 43
0.0000000001
 40
0.0
 40
0.0
 40
0.0
 40
0.0
 40
0.25
 40
0.25
 40
0.25
 40
0.25000001
 40
0.5
 40
0.5
 40
0.5
 40
0.5000000100000001
 40
1.0
 40
1.0
 40
1.0
 40
1.0
 10
765.1895570243022
 20
687.7383849166967
 30
0.0
 10
765.1895570243022
 20
687.7383849166967
 30
0.0
 10
768.3899236958267
 20
687.2451833170368
 30
0.0
 10
768.3899236958267
 20
687.2451833170368
 30
0.0
 10
768.3899236958267
 20
687.2451833170368
 30
0.0
 10
768.3899236958267
 20
687.2451833170368
 30
0.0
 10
768.3899236958267
 20
688.232130888981
 30
0.0
 10
768.3899236958267
 20
688.232130888981
 30
0.0
 10
768.3899236958267
 20
688.232130888981
 30
0.0
 10
768.3899236958267
 20
688.232130888981
 30
0.0
 10
765.1895570243022
 20
687.7383849166967
 30
0.0
 10
765.1895570243022
 20
687.7383849166967
 30
0.0
  0
SPLINE
  5
731
330
1F
100
AcDbEntity
  8
≥ﬂ¥ÁòÀ◊¢
370
     9
100
AcDbSpline
210
0.0
220
0.0
230
0.0
 70
    24
 71
     3
 72
     8
 73
     4
 74
     0
 42
0.000000001
 43
0.0000000001
 40
0.0
 40
0.0
 40
0.0
 40
0.0
 40
1.0
 40
1.0
 40
1.0
 40
1.0
 10
748.9313241595872
 20
686.9038616801887
 30
0.0
 10
748.9313241595872
 20
686.9038616801887
 30
0.0
 10
751.9765446325463
 20
686.9038616801887
 30
0.0
 10
751.9765446325463
 20
686.9038616801887
 30
0.0
  0
SPLINE
  5
732
330
1F
100
AcDbEntity
  8
≥ﬂ¥ÁòÀ◊¢
370
     9
100
AcDbSpline
210
0.0
220
0.0
230
0.0
 70
    24
 71
     3
 72
     8
 73
     4
 74
     0
 42
0.000000001
 43
0.0000000001
 40
0.0
 40
0.0
 40
0.0
 40
0.0
 40
1.0
 40
1.0
 40
1.0
 40
1.0
 10
765.1895570243022
 20
701.0521062443663
 30
0.0
 10
765.1895570243022
 20
701.0521062443663
 30
0.0
 10
765.1895570243022
 20
683.7802515490117
 30
0.0
 10
765.1895570243022
 20
683.7802515490117
 30
0.0
  0
SPLINE
  5
733
330
1F
100
AcDbEntity
  8
≥ﬂ¥ÁòÀ◊¢
370
     9
100
AcDbSpline
210
0.0
220
0.0
230
0.0
 70
    24
 71
     3
 72
     8
 73
     4
 74
     0
 42
0.000000001
 43
0.0000000001
 40
0.0
 40
0.0
 40
0.0
 40
0.0
 40
1.0
 40
1.0
 40
1.0
 40
1.0
 10
761.2314236566153
 20
687.7383849166967
 30
0.0
 10
761.2314236566153
 20
687.7383849166967
 30
0.0
 10
754.8802282226048
 20
687.7383849166967
 30
0.0
 10
754.8802282226048
 20
687.7383849166967
 30
0.0
  0
SPLINE
  5
734
330
1F
100
AcDbEntity
  8
≥ﬂ¥ÁòÀ◊¢
370
     9
100
AcDbSpline
210
0.0
220
0.0
230
0.0
 70
    24
 71
     3
 72
     8
 73
     4
 74
     0
 42
0.000000001
 43
0.0000000001
 40
0.0
 40
0.0
 40
0.0
 40
0.0
 40
1.0
 40
1.0
 40
1.0
 40
1.0
 10
765.1895570243022
 20
687.7383849166967
 30
0.0
 10
765.1895570243022
 20
687.7383849166967
 30
0.0
 10
771.3458670580211
 20
687.7383849166967
 30
0.0
 10
771.3458670580211
 20
687.7383849166967
 30
0.0
  0
TEXT
  5
735
330
1F
100
AcDbEntity
  8
≥ﬂ¥ÁòÀ◊¢
370
     9
100
AcDbText
 10
748.87828129241
 20
687.5670834762119
 30
0.0
 40
3.375066734834542
  1
1
  7
0
100
AcDbText
  0
TEXT
  5
736
330
1F
100
AcDbEntity
  8
≥ﬂ¥ÁòÀ◊¢
370
     9
100
AcDbText
 10
748.887656543632
 20
682.8461757151277
 30
0.0
 40
3.375066734834542
  1
4
  7
0
100
AcDbText
  0
TEXT
  5
737
330
1F
100
AcDbEntity
  8
≥ﬂ¥ÁòÀ◊¢
370
     9
100
AcDbText
 10
752.1439260937214
 20
687.8287100882268
 30
0.0
 40
1.70497506637211
  1
"
 41
1.979076343072556
  7
0
100
AcDbText
  0
MTEXT
  5
738
330
1F
100
AcDbEntity
  8
≥ﬂ¥ÁòÀ◊¢
100
AcDbMText
 10
709.3902558522906
 20
727.7874379613828
 30
0.0
 40
6.532471518667092
 41
53.62186730363465
 71
     1
 72
     5
  1
{\fTahoma|b0|i0|c163|p34;1/4" Conceal}
 73
     1
 44
1.0
1001
ACAD
1000
MTEXTBEGIN
1070
    73
1070
     1
1070
    44
1040
1.0
1070
    74
1070
     0
1000
MTEXTEND
  0
MTEXT
  5
739
330
1F
100
AcDbEntity
  8
≥ﬂ¥ÁòÀ◊¢
100
AcDbMText
 10
708.5152144906848
 20
739.5079888357182
 30
0.0
 40
6.532471518667092
 41
57.18484743947557
 71
     1
 72
     5
  1
{\fTahoma|b0|i0|c163|p34; }
 73
     1
 44
1.0
1001
ACAD
1000
MTEXTBEGIN
1070
    73
1070
     1
1070
    44
1040
1.0
1070
    74
1070
     0
1000
MTEXTEND
  0
MTEXT
  5
73A
330
1F
100
AcDbEntity
  8
≥ﬂ¥ÁòÀ◊¢
100
AcDbMText
 10
708.4522343548512
 20
729.7089172272888
 30
0.0
 40
6.532471518667092
 41
59.7478275753092
 71
     1
 72
     5
  1
{\fTahoma|b0|i0|c163|p34; }
 73
     1
 44
1.0
1001
ACAD
1000
MTEXTBEGIN
1070
    73
1070
     1
1070
    44
1040
1.0
1070
    74
1070
     0
1000
MTEXTEND
  0
LEADER
  5
73B
330
1F
100
AcDbEntity
  8
≥ﬂ¥ÁòÀ◊¢
 62
     1
 48
5.0
100
AcDbLeader
  3
DIMSTYLE_1
 74
     0
 76
     3
 10
668.5573725636558
 20
670.1018726134503
 30
0.0
 10
693.9787872311454
 20
721.9212397170309
 30
0.0
 10
704.6079370820398
 20
721.9212397170309
 30
0.0
211
0.0
221
0.0
231
0.0
  0
SPLINE
  5
73C
330
1F
100
AcDbEntity
  8
ºöåçæÄ
100
AcDbSpline
210
0.0
220
0.0
230
1.0
 70
     8
 71
     3
 72
    12
 73
     8
 74
     0
 42
0.000000001
 43
0.0000000001
 40
0.0
 40
0.0
 40
0.0
 40
0.0
 40
0.3333333333333333
 40
0.3333333333333333
 40
0.3333333333333333
 40
0.3333333433333333
 40
1.0
 40
1.0
 40
1.0
 40
1.0
 10
1221.140491605646
 20
679.6059357253348
 30
0.0
 10
1221.140491605646
 20
680.0359531188428
 30
0.0
 10
1220.968822911684
 20
680.4482116819388
 30
0.0
 10
1220.665231477517
 20
680.7522259453913
 30
0.0
 10
1220.665231477517
 20
680.7522259453913
 30
0.0
 10
1220.359948726186
 20
681.0566630381405
 30
0.0
 10
1219.948958650985
 20
681.2287545614022
 30
0.0
 10
1219.517249940302
 20
681.2287545614022
 30
0.0
  0
SPLINE
  5
73D
330
1F
100
AcDbEntity
  8
ºöåçæÄ
100
AcDbSpline
210
0.0
220
0.0
230
1.0
 70
     8
 71
     3
 72
    16
 73
    12
 74
     0
 42
0.000000001
 43
0.0000000001
 40
0.0
 40
0.0
 40
0.0
 40
0.0
 40
0.25
 40
0.25
 40
0.25
 40
0.25000001
 40
0.5
 40
0.5
 40
0.5
 40
0.5000000100000001
 40
1.0
 40
1.0
 40
1.0
 40
1.0
 10
1193.28703459496
 20
666.7109107009715
 30
0.0
 10
1193.497180754811
 20
666.1608097875492
 30
0.0
 10
1193.922969855365
 20
665.7206444909485
 30
0.0
 10
1194.464191353586
 20
665.4918938420927
 30
0.0
 10
1194.464191353586
 20
665.4918938420927
 30
0.0
 10
1195.005412851799
 20
665.2631431932356
 30
0.0
 10
1195.615978354483
 20
665.2631431932356
 30
0.0
 10
1196.158468340586
 20
665.4918938420927
 30
0.0
 10
1196.158468340586
 20
665.4918938420927
 30
0.0
 10
1196.69926700951
 20
665.7206444909485
 30
0.0
 10
1197.124210451479
 20
666.1608097875492
 30
0.0
 10
1197.33435661133
 20
666.7109107009715
 30
0.0
  0
SPLINE
  5
73E
330
1F
100
AcDbEntity
  8
ºöåçæÄ
100
AcDbSpline
210
0.0
220
0.0
230
1.0
 70
     8
 71
     3
 72
    12
 73
     8
 74
     0
 42
0.000000001
 43
0.0000000001
 40
0.0
 40
0.0
 40
0.0
 40
0.0
 40
0.3333333333333333
 40
0.3333333333333333
 40
0.3333333333333333
 40
0.3333333433333333
 40
1.0
 40
1.0
 40
1.0
 40
1.0
 10
1219.926971527614
 20
664.8487704836612
 30
0.0
 10
1219.926971527614
 20
666.0745526112682
 30
0.0
 10
1219.439449349932
 20
667.2500180527118
 30
0.0
 10
1218.572226464877
 20
668.1185094256367
 30
0.0
 10
1218.572226464877
 20
668.1185094256367
 30
0.0
 10
1217.705426409146
 20
668.9857323106739
 30
0.0
 10
1216.529960967692
 20
669.4711403418883
 30
0.0
 10
1215.302487522921
 20
669.4711403418883
 30
0.0
  0
SPLINE
  5
73F
330
1F
100
AcDbEntity
  8
ºöåçæÄ
100
AcDbSpline
210
0.0
220
0.0
230
1.0
 70
     8
 71
     3
 72
    12
 73
     8
 74
     0
 42
0.000000001
 43
0.0000000001
 40
0.0
 40
0.0
 40
0.0
 40
0.0
 40
0.3333333333333333
 40
0.3333333333333333
 40
0.3333333333333333
 40
0.3333333433333333
 40
1.0
 40
1.0
 40
1.0
 40
1.0
 10
1221.060576868801
 20
664.8487704836612
 30
0.0
 10
1221.060576868801
 20
666.3760298989479
 30
0.0
 10
1220.453816829785
 20
667.8394420906173
 30
0.0
 10
1219.375602126301
 20
668.9197709405785
 30
0.0
 10
1219.375602126301
 20
668.9197709405785
 30
0.0
 10
1218.295273276341
 20
669.9979856440609
 30
0.0
 10
1216.829746938199
 20
670.6051685123772
 30
0.0
 10
1215.303756010803
 20
670.6051685123772
 30
0.0
  0
SPLINE
  5
740
330
1F
100
AcDbEntity
  8
ºöåçæÄ
100
AcDbSpline
210
0.0
220
0.0
230
0.0
 70
    24
 71
     3
 72
     8
 73
     4
 74
     0
 42
0.000000001
 43
0.0000000001
 40
0.0
 40
0.0
 40
0.0
 40
0.0
 40
1.0
 40
1.0
 40
1.0
 40
1.0
 10
1180.3366189329
 20
669.8956609545533
 30
0.0
 10
1180.3366189329
 20
669.8956609545533
 30
0.0
 10
1179.043184118008
 20
671.2394124555999
 30
0.0
 10
1179.043184118008
 20
671.2394124555999
 30
0.0
  0
SPLINE
  5
741
330
1F
100
AcDbEntity
  8
ºöåçæÄ
100
AcDbSpline
210
0.0
220
0.0
230
0.0
 70
    24
 71
     3
 72
     8
 73
     4
 74
     0
 42
0.000000001
 43
0.0000000001
 40
0.0
 40
0.0
 40
0.0
 40
0.0
 40
1.0
 40
1.0
 40
1.0
 40
1.0
 10
1195.322534823416
 20
677.6655720883614
 30
0.0
 10
1195.322534823416
 20
677.6655720883614
 30
0.0
 10
1196.279820348403
 20
676.3078672205635
 30
0.0
 10
1196.279820348403
 20
676.3078672205635
 30
0.0
  0
SPLINE
  5
742
330
1F
100
AcDbEntity
  8
ºöåçæÄ
100
AcDbSpline
210
0.0
220
0.0
230
0.0
 70
    24
 71
     3
 72
     8
 73
     4
 74
     0
 42
0.000000001
 43
0.0000000001
 40
0.0
 40
0.0
 40
0.0
 40
0.0
 40
1.0
 40
1.0
 40
1.0
 40
1.0
 10
1179.044875435186
 20
671.2381439677142
 30
0.0
 10
1179.044875435186
 20
671.2381439677142
 30
0.0
 10
1178.002601221827
 20
670.2339243909432
 30
0.0
 10
1178.002601221827
 20
670.2339243909432
 30
0.0
  0
SPLINE
  5
743
330
1F
100
AcDbEntity
  8
ºöåçæÄ
100
AcDbSpline
210
0.0
220
0.0
230
0.0
 70
    24
 71
     3
 72
     8
 73
     4
 74
     0
 42
0.000000001
 43
0.0000000001
 40
0.0
 40
0.0
 40
0.0
 40
0.0
 40
1.0
 40
1.0
 40
1.0
 40
1.0
 10
1210.858128798082
 20
668.2605800689185
 30
0.0
 10
1210.858128798082
 20
668.2605800689185
 30
0.0
 10
1212.153254930145
 20
669.5075036613002
 30
0.0
 10
1212.153254930145
 20
669.5075036613002
 30
0.0
  0
SPLINE
  5
744
330
1F
100
AcDbEntity
  8
ºöåçæÄ
100
AcDbSpline
210
0.0
220
0.0
230
0.0
 70
    24
 71
     3
 72
     8
 73
     4
 74
     0
 42
0.000000001
 43
0.0000000001
 40
0.0
 40
0.0
 40
0.0
 40
0.0
 40
1.0
 40
1.0
 40
1.0
 40
1.0
 10
1196.279820348403
 20
676.3078672205635
 30
0.0
 10
1196.279820348403
 20
676.3078672205635
 30
0.0
 10
1196.279820348403
 20
666.7109107009715
 30
0.0
 10
1196.279820348403
 20
666.7109107009715
 30
0.0
  0
SPLINE
  5
745
330
1F
100
AcDbEntity
  8
ºöåçæÄ
100
AcDbSpline
210
0.0
220
0.0
230
0.0
 70
    24
 71
     3
 72
     8
 73
     4
 74
     0
 42
0.000000001
 43
0.0000000001
 40
0.0
 40
0.0
 40
0.0
 40
0.0
 40
1.0
 40
1.0
 40
1.0
 40
1.0
 10
1193.862928095409
 20
678.4021407210936
 30
0.0
 10
1193.862928095409
 20
678.4021407210936
 30
0.0
 10
1193.862928095409
 20
671.5083318875282
 30
0.0
 10
1193.862928095409
 20
671.5083318875282
 30
0.0
  0
SPLINE
  5
746
330
1F
100
AcDbEntity
  8
ºöåçæÄ
100
AcDbSpline
210
0.0
220
0.0
230
0.0
 70
    24
 71
     3
 72
     8
 73
     4
 74
     0
 42
0.000000001
 43
0.0000000001
 40
0.0
 40
0.0
 40
0.0
 40
0.0
 40
1.0
 40
1.0
 40
1.0
 40
1.0
 10
1213.200603095062
 20
668.4149127617699
 30
0.0
 10
1213.200603095062
 20
668.4149127617699
 30
0.0
 10
1211.507171766655
 20
666.7853286569758
 30
0.0
 10
1211.507171766655
 20
666.7853286569758
 30
0.0
  0
SPLINE
  5
747
330
1F
100
AcDbEntity
  8
ºöåçæÄ
100
AcDbSpline
210
0.0
220
0.0
230
0.0
 70
    24
 71
     3
 72
     8
 73
     4
 74
     0
 42
0.000000001
 43
0.0000000001
 40
0.0
 40
0.0
 40
0.0
 40
0.0
 40
1.0
 40
1.0
 40
1.0
 40
1.0
 10
1219.517249940302
 20
681.2253719270379
 30
0.0
 10
1219.517249940302
 20
681.2253719270379
 30
0.0
 10
1175.743847125338
 20
681.2253719270379
 30
0.0
 10
1175.743847125338
 20
681.2253719270379
 30
0.0
  0
SPLINE
  5
748
330
1F
100
AcDbEntity
  8
ºöåçæÄ
100
AcDbSpline
210
0.0
220
0.0
230
0.0
 70
    24
 71
     3
 72
     8
 73
     4
 74
     0
 42
0.000000001
 43
0.0000000001
 40
0.0
 40
0.0
 40
0.0
 40
0.0
 40
1.0
 40
1.0
 40
1.0
 40
1.0
 10
1193.507328657911
 20
669.1886903725047
 30
0.0
 10
1193.507328657911
 20
669.1886903725047
 30
0.0
 10
1193.507328657911
 20
667.8326768218891
 30
0.0
 10
1193.507328657911
 20
667.8326768218891
 30
0.0
  0
SPLINE
  5
749
330
1F
100
AcDbEntity
  8
ºöåçæÄ
100
AcDbSpline
210
0.0
220
0.0
230
0.0
 70
    24
 71
     3
 72
     8
 73
     4
 74
     0
 42
0.000000001
 43
0.0000000001
 40
0.0
 40
0.0
 40
0.0
 40
0.0
 40
1.0
 40
1.0
 40
1.0
 40
1.0
 10
1198.067542609705
 20
667.4876481167763
 30
0.0
 10
1198.067542609705
 20
667.4876481167763
 30
0.0
 10
1198.02229987508
 20
666.6965345049235
 30
0.0
 10
1198.02229987508
 20
666.6965345049235
 30
0.0
  0
SPLINE
  5
74A
330
1F
100
AcDbEntity
  8
ºöåçæÄ
100
AcDbSpline
210
0.0
220
0.0
230
0.0
 70
    24
 71
     3
 72
     8
 73
     4
 74
     0
 42
0.000000001
 43
0.0000000001
 40
0.0
 40
0.0
 40
0.0
 40
0.0
 40
1.0
 40
1.0
 40
1.0
 40
1.0
 10
1178.000909904634
 20
670.2339243909432
 30
0.0
 10
1178.000909904634
 20
670.2339243909432
 30
0.0
 10
1179.528592149215
 20
668.6474688742861
 30
0.0
 10
1179.528592149215
 20
668.6474688742861
 30
0.0
  0
SPLINE
  5
74B
330
1F
100
AcDbEntity
  8
ºöåçæÄ
100
AcDbSpline
210
0.0
220
0.0
230
0.0
 70
    24
 71
     3
 72
     8
 73
     4
 74
     0
 42
0.000000001
 43
0.0000000001
 40
0.0
 40
0.0
 40
0.0
 40
0.0
 40
1.0
 40
1.0
 40
1.0
 40
1.0
 10
1201.464130340323
 20
669.4711403418883
 30
0.0
 10
1201.464130340323
 20
669.4711403418883
 30
0.0
 10
1201.464130340323
 20
670.6051685123772
 30
0.0
 10
1201.464130340323
 20
670.6051685123772
 30
0.0
  0
SPLINE
  5
74C
330
1F
100
AcDbEntity
  8
ºöåçæÄ
100
AcDbSpline
210
0.0
220
0.0
230
0.0
 70
    24
 71
     3
 72
     8
 73
     4
 74
     0
 42
0.000000001
 43
0.0000000001
 40
0.0
 40
0.0
 40
0.0
 40
0.0
 40
1.0
 40
1.0
 40
1.0
 40
1.0
 10
1180.334927615707
 20
669.8943924666661
 30
0.0
 10
1180.334927615707
 20
669.8943924666661
 30
0.0
 10
1210.8568603102
 20
668.2593115810329
 30
0.0
 10
1210.8568603102
 20
668.2593115810329
 30
0.0
  0
SPLINE
  5
74D
330
1F
100
AcDbEntity
  8
ºöåçæÄ
100
AcDbSpline
210
0.0
220
0.0
230
0.0
 70
    24
 71
     3
 72
     8
 73
     4
 74
     0
 42
0.000000001
 43
0.0000000001
 40
0.0
 40
0.0
 40
0.0
 40
0.0
 40
1.0
 40
1.0
 40
1.0
 40
1.0
 10
1192.843486664006
 20
667.7908167216361
 30
0.0
 10
1192.843486664006
 20
667.7908167216361
 30
0.0
 10
1198.067542609705
 20
667.4876481167763
 30
0.0
 10
1198.067542609705
 20
667.4876481167763
 30
0.0
  0
SPLINE
  5
74E
330
1F
100
AcDbEntity
  8
ºöåçæÄ
100
AcDbSpline
210
0.0
220
0.0
230
0.0
 70
    24
 71
     3
 72
     8
 73
     4
 74
     0
 42
0.000000001
 43
0.0000000001
 40
0.0
 40
0.0
 40
0.0
 40
0.0
 40
1.0
 40
1.0
 40
1.0
 40
1.0
 10
1221.138377459171
 20
671.5083318875282
 30
0.0
 10
1221.138377459171
 20
671.5083318875282
 30
0.0
 10
1221.138377459171
 20
679.6038215788562
 30
0.0
 10
1221.138377459171
 20
679.6038215788562
 30
0.0
  0
SPLINE
  5
74F
330
1F
100
AcDbEntity
  8
ºöåçæÄ
100
AcDbSpline
210
0.0
220
0.0
230
0.0
 70
    24
 71
     3
 72
     8
 73
     4
 74
     0
 42
0.000000001
 43
0.0000000001
 40
0.0
 40
0.0
 40
0.0
 40
0.0
 40
1.0
 40
1.0
 40
1.0
 40
1.0
 10
1215.291916790532
 20
669.4711403418883
 30
0.0
 10
1215.291916790532
 20
669.4711403418883
 30
0.0
 10
1201.462439023137
 20
669.4711403418883
 30
0.0
 10
1201.462439023137
 20
669.4711403418883
 30
0.0
  0
SPLINE
  5
750
330
1F
100
AcDbEntity
  8
ºöåçæÄ
100
AcDbSpline
210
0.0
220
0.0
230
0.0
 70
    24
 71
     3
 72
     8
 73
     4
 74
     0
 42
0.000000001
 43
0.0000000001
 40
0.0
 40
0.0
 40
0.0
 40
0.0
 40
1.0
 40
1.0
 40
1.0
 40
1.0
 10
1219.924857381132
 20
655.235746450841
 30
0.0
 10
1219.924857381132
 20
655.235746450841
 30
0.0
 10
1219.924857381132
 20
664.8487704836612
 30
0.0
 10
1219.924857381132
 20
664.8487704836612
 30
0.0
  0
SPLINE
  5
751
330
1F
100
AcDbEntity
  8
ºöåçæÄ
100
AcDbSpline
210
0.0
220
0.0
230
0.0
 70
    24
 71
     3
 72
     8
 73
     4
 74
     0
 42
0.000000001
 43
0.0000000001
 40
0.0
 40
0.0
 40
0.0
 40
0.0
 40
1.0
 40
1.0
 40
1.0
 40
1.0
 10
1193.285343277782
 20
666.7109107009715
 30
0.0
 10
1193.285343277782
 20
666.7109107009715
 30
0.0
 10
1197.332242464862
 20
666.7109107009715
 30
0.0
 10
1197.332242464862
 20
666.7109107009715
 30
0.0
  0
SPLINE
  5
752
330
1F
100
AcDbEntity
  8
ºöåçæÄ
100
AcDbSpline
210
0.0
220
0.0
230
0.0
 70
    24
 71
     3
 72
     8
 73
     4
 74
     0
 42
0.000000001
 43
0.0000000001
 40
0.0
 40
0.0
 40
0.0
 40
0.0
 40
1.0
 40
1.0
 40
1.0
 40
1.0
 10
1198.020608557902
 20
666.6986486514039
 30
0.0
 10
1198.020608557902
 20
666.6986486514039
 30
0.0
 10
1192.796129782914
 20
667.0018172562637
 30
0.0
 10
1192.796129782914
 20
667.0018172562637
 30
0.0
  0
SPLINE
  5
753
330
1F
100
AcDbEntity
  8
ºöåçæÄ
100
AcDbSpline
210
0.0
220
0.0
230
0.0
 70
    24
 71
     3
 72
     8
 73
     4
 74
     0
 42
0.000000001
 43
0.0000000001
 40
0.0
 40
0.0
 40
0.0
 40
0.0
 40
1.0
 40
1.0
 40
1.0
 40
1.0
 10
1221.067764966826
 20
655.235746450841
 30
0.0
 10
1221.067764966826
 20
655.235746450841
 30
0.0
 10
1219.93373679635
 20
655.235746450841
 30
0.0
 10
1219.93373679635
 20
655.235746450841
 30
0.0
  0
SPLINE
  5
754
330
1F
100
AcDbEntity
  8
ºöåçæÄ
100
AcDbSpline
210
0.0
220
0.0
230
0.0
 70
    24
 71
     3
 72
     8
 73
     4
 74
     0
 42
0.000000001
 43
0.0000000001
 40
0.0
 40
0.0
 40
0.0
 40
0.0
 40
1.0
 40
1.0
 40
1.0
 40
1.0
 10
1221.058885551615
 20
664.8487704836612
 30
0.0
 10
1221.058885551615
 20
664.8487704836612
 30
0.0
 10
1221.058885551615
 20
655.235746450841
 30
0.0
 10
1221.058885551615
 20
655.235746450841
 30
0.0
  0
SPLINE
  5
755
330
1F
100
AcDbEntity
  8
ºöåçæÄ
100
AcDbSpline
210
0.0
220
0.0
230
0.0
 70
    24
 71
     3
 72
     8
 73
     4
 74
     0
 42
0.000000001
 43
0.0000000001
 40
0.0
 40
0.0
 40
0.0
 40
0.0
 40
1.0
 40
1.0
 40
1.0
 40
1.0
 10
1211.505057620166
 20
666.7870199741577
 30
0.0
 10
1211.505057620166
 20
666.7870199741577
 30
0.0
 10
1179.526900832029
 20
668.6495830207627
 30
0.0
 10
1179.526900832029
 20
668.6495830207627
 30
0.0
  0
SPLINE
  5
756
330
1F
100
AcDbEntity
  8
ºöåçæÄ
100
AcDbSpline
210
0.0
220
0.0
230
0.0
 70
    24
 71
     3
 72
     8
 73
     4
 74
     0
 42
0.000000001
 43
0.0000000001
 40
0.0
 40
0.0
 40
0.0
 40
0.0
 40
1.0
 40
1.0
 40
1.0
 40
1.0
 10
1176.471536342881
 20
671.5104460340066
 30
0.0
 10
1176.471536342881
 20
671.5104460340066
 30
0.0
 10
1221.138377459171
 20
671.5104460340066
 30
0.0
 10
1221.138377459171
 20
671.5104460340066
 30
0.0
  0
SPLINE
  5
757
330
1F
100
AcDbEntity
  8
ºöåçæÄ
100
AcDbSpline
210
0.0
220
0.0
230
0.0
 70
    24
 71
     3
 72
     8
 73
     4
 74
     0
 42
0.000000001
 43
0.0000000001
 40
0.0
 40
0.0
 40
0.0
 40
0.0
 40
1.0
 40
1.0
 40
1.0
 40
1.0
 10
1194.385967933927
 20
676.3095585377437
 30
0.0
 10
1194.385967933927
 20
676.3095585377437
 30
0.0
 10
1195.319152189052
 20
677.6672634055436
 30
0.0
 10
1195.319152189052
 20
677.6672634055436
 30
0.0
  0
SPLINE
  5
758
330
1F
100
AcDbEntity
  8
ºöåçæÄ
100
AcDbSpline
210
0.0
220
0.0
230
0.0
 70
    24
 71
     3
 72
     8
 73
     4
 74
     0
 42
0.000000001
 43
0.0000000001
 40
0.0
 40
0.0
 40
0.0
 40
0.0
 40
1.0
 40
1.0
 40
1.0
 40
1.0
 10
1201.462439023137
 20
670.6068598295575
 30
0.0
 10
1201.462439023137
 20
670.6068598295575
 30
0.0
 10
1215.291916790532
 20
670.6068598295575
 30
0.0
 10
1215.291916790532
 20
670.6068598295575
 30
0.0
  0
SPLINE
  5
759
330
1F
100
AcDbEntity
  8
ºöåçæÄ
100
AcDbSpline
210
0.0
220
0.0
230
0.0
 70
    24
 71
     3
 72
     8
 73
     4
 74
     0
 42
0.000000001
 43
0.0000000001
 40
0.0
 40
0.0
 40
0.0
 40
0.0
 40
1.0
 40
1.0
 40
1.0
 40
1.0
 10
1194.385967933927
 20
676.3095585377437
 30
0.0
 10
1194.385967933927
 20
676.3095585377437
 30
0.0
 10
1194.385967933927
 20
666.7126020181519
 30
0.0
 10
1194.385967933927
 20
666.7126020181519
 30
0.0
  0
SPLINE
  5
75A
330
1F
100
AcDbEntity
  8
ºöåçæÄ
100
AcDbSpline
210
0.0
220
0.0
230
0.0
 70
    24
 71
     3
 72
     8
 73
     4
 74
     0
 42
0.000000001
 43
0.0000000001
 40
0.0
 40
0.0
 40
0.0
 40
0.0
 40
1.0
 40
1.0
 40
1.0
 40
1.0
 10
1196.973260392985
 20
678.4042548675702
 30
0.0
 10
1196.973260392985
 20
678.4042548675702
 30
0.0
 10
1193.860813948934
 20
678.4042548675702
 30
0.0
 10
1193.860813948934
 20
678.4042548675702
 30
0.0
  0
SPLINE
  5
75B
330
1F
100
AcDbEntity
  8
ºöåçæÄ
100
AcDbSpline
210
0.0
220
0.0
230
0.0
 70
    24
 71
     3
 72
     8
 73
     4
 74
     0
 42
0.000000001
 43
0.0000000001
 40
0.0
 40
0.0
 40
0.0
 40
0.0
 40
1.0
 40
1.0
 40
1.0
 40
1.0
 10
1212.151986442256
 20
669.5075036613002
 30
0.0
 10
1212.151986442256
 20
669.5075036613002
 30
0.0
 10
1213.200603095062
 20
668.4170269082482
 30
0.0
 10
1213.200603095062
 20
668.4170269082482
 30
0.0
  0
SPLINE
  5
75C
330
1F
100
AcDbEntity
  8
ºöåçæÄ
100
AcDbSpline
210
0.0
220
0.0
230
0.0
 70
    24
 71
     3
 72
     8
 73
     4
 74
     0
 42
0.000000001
 43
0.0000000001
 40
0.0
 40
0.0
 40
0.0
 40
0.0
 40
1.0
 40
1.0
 40
1.0
 40
1.0
 10
1192.844755151888
 20
667.7941993560023
 30
0.0
 10
1192.844755151888
 20
667.7941993560023
 30
0.0
 10
1192.799512417264
 20
667.0039314027421
 30
0.0
 10
1192.799512417264
 20
667.0039314027421
 30
0.0
  0
SPLINE
  5
75D
330
1F
100
AcDbEntity
  8
ºöåçæÄ
100
AcDbSpline
210
0.0
220
0.0
230
0.0
 70
    24
 71
     3
 72
     8
 73
     4
 74
     0
 42
0.000000001
 43
0.0000000001
 40
0.0
 40
0.0
 40
0.0
 40
0.0
 40
1.0
 40
1.0
 40
1.0
 40
1.0
 10
1196.973260392985
 20
671.5104460340066
 30
0.0
 10
1196.973260392985
 20
671.5104460340066
 30
0.0
 10
1196.973260392985
 20
678.4042548675702
 30
0.0
 10
1196.973260392985
 20
678.4042548675702
 30
0.0
  0
SPLINE
  5
75E
330
1F
100
AcDbEntity
  8
ºöåçæÄ
100
AcDbSpline
210
0.0
220
0.0
230
0.0
 70
    24
 71
     3
 72
     8
 73
     4
 74
     0
 42
0.000000001
 43
0.0000000001
 40
0.0
 40
0.0
 40
0.0
 40
0.0
 40
1.0
 40
1.0
 40
1.0
 40
1.0
 10
1197.309409682905
 20
668.9874236278542
 30
0.0
 10
1197.309409682905
 20
668.9874236278542
 30
0.0
 10
1197.309409682905
 20
667.614496905419
 30
0.0
 10
1197.309409682905
 20
667.614496905419
 30
0.0
  0
SPLINE
  5
75F
330
1F
100
AcDbEntity
  8
ºöåçæÄ
100
AcDbSpline
210
0.0
220
0.0
230
0.0
 70
    24
 71
     3
 72
     8
 73
     4
 74
     0
 42
0.000000001
 43
0.0000000001
 40
0.0
 40
0.0
 40
0.0
 40
0.0
 40
1.0
 40
1.0
 40
1.0
 40
1.0
 10
1201.464130340323
 20
670.6068598295575
 30
0.0
 10
1201.464130340323
 20
670.6068598295575
 30
0.0
 10
1200.143211621228
 20
671.5104460340066
 30
0.0
 10
1200.143211621228
 20
671.5104460340066
 30
0.0
  0
SPLINE
  5
760
330
1F
100
AcDbEntity
  8
ºöåçæÄ
100
AcDbSpline
210
0.0
220
0.0
230
1.0
 70
     8
 71
     3
 72
    12
 73
     8
 74
     0
 42
0.000000001
 43
0.0000000001
 40
0.0
 40
0.0
 40
0.0
 40
0.0
 40
0.3333333333333333
 40
0.3333333333333333
 40
0.3333333333333333
 40
0.3333333433333333
 40
1.0
 40
1.0
 40
1.0
 40
1.0
 10
1176.473650489342
 20
671.5104460340066
 30
0.0
 10
1175.377676955458
 20
673.6203642184688
 30
0.0
 10
1176.53580639578
 20
675.3594611107934
 30
0.0
 10
1176.851659879515
 20
677.4000352907957
 30
0.0
 10
1176.851659879515
 20
677.4000352907957
 30
0.0
 10
1177.068148478797
 20
678.8012915760305
 30
0.0
 10
1176.885909052446
 20
680.3458869924313
 30
0.0
 10
1175.743847125338
 20
681.2266404149255
 30
0.0
  0
SPLINE
  5
761
330
1F
100
AcDbEntity
  8
ºöåçæÄ
100
AcDbSpline
210
0.0
220
0.0
230
1.0
 70
    11
 71
     3
 72
    28
 73
    24
 74
     0
 42
0.000000001
 43
0.0000000001
 40
0.0
 40
0.0
 40
0.0
 40
0.0
 40
0.1428571428571428
 40
0.1428571428571428
 40
0.1428571428571428
 40
0.1428571528571428
 40
0.2857142857142857
 40
0.2857142857142857
 40
0.2857142857142857
 40
0.2857142957142857
 40
0.428571428571429
 40
0.428571428571429
 40
0.428571428571429
 40
0.4285714385714289
 40
0.5714285714285714
 40
0.5714285714285714
 40
0.5714285714285714
 40
0.5714285814285715
 40
0.7142857142857145
 40
0.7142857142857145
 40
0.7142857142857145
 40
0.7142857242857146
 40
1.0
 40
1.0
 40
1.0
 40
1.0
 10
1176.247859645559
 20
680.6118466192915
 30
0.0
 10
1176.247859645559
 20
680.6118466192915
 30
0.0
 10
1176.464771074145
 20
680.6118466192915
 30
0.0
 10
1176.464771074145
 20
680.6118466192915
 30
0.0
 10
1176.464771074145
 20
680.6118466192915
 30
0.0
 10
1176.464771074145
 20
680.7315073099131
 30
0.0
 10
1176.367520336197
 20
680.8287580478742
 30
0.0
 10
1176.247859645559
 20
680.8287580478742
 30
0.0
 10
1176.247859645559
 20
680.8287580478742
 30
0.0
 10
1176.128621784232
 20
680.8287580478742
 30
0.0
 10
1176.031371046277
 20
680.7315073099131
 30
0.0
 10
1176.031371046277
 20
680.6118466192915
 30
0.0
 10
1176.031371046277
 20
680.6118466192915
 30
0.0
 10
1176.031371046277
 20
680.4926087579648
 30
0.0
 10
1176.128621784232
 20
680.3953580200037
 30
0.0
 10
1176.247859645559
 20
680.3953580200037
 30
0.0
 10
1176.247859645559
 20
680.3953580200037
 30
0.0
 10
1176.367520336197
 20
680.3953580200037
 30
0.0
 10
1176.464771074145
 20
680.4926087579648
 30
0.0
 10
1176.464771074145
 20
680.6118466192915
 30
0.0
 10
1176.464771074145
 20
680.6118466192915
 30
0.0
 10
1176.464771074145
 20
680.6118466192915
 30
0.0
 10
1176.247859645559
 20
680.6118466192915
 30
0.0
 10
1176.247859645559
 20
680.6118466192915
 30
0.0
  0
SPLINE
  5
762
330
1F
100
AcDbEntity
  8
ºöåçæÄ
100
AcDbSpline
210
0.0
220
0.0
230
0.0
 70
    24
 71
     3
 72
     8
 73
     4
 74
     0
 42
0.000000001
 43
0.0000000001
 40
0.0
 40
0.0
 40
0.0
 40
0.0
 40
1.0
 40
1.0
 40
1.0
 40
1.0
 10
1176.607264546726
 20
680.9704058618613
 30
0.0
 10
1176.607264546726
 20
680.9704058618613
 30
0.0
 10
1176.865190416972
 20
681.2287545614022
 30
0.0
 10
1176.865190416972
 20
681.2287545614022
 30
0.0
  0
SPLINE
  5
763
330
1F
100
AcDbEntity
  8
ºöåçæÄ
100
AcDbSpline
210
0.0
220
0.0
230
0.0
 70
    24
 71
     3
 72
     8
 73
     4
 74
     0
 42
0.000000001
 43
0.0000000001
 40
0.0
 40
0.0
 40
0.0
 40
0.0
 40
1.0
 40
1.0
 40
1.0
 40
1.0
 10
1176.884217735261
 20
679.0735936423212
 30
0.0
 10
1176.884217735261
 20
679.0735936423212
 30
0.0
 10
1178.507459400626
 20
680.6981037955708
 30
0.0
 10
1178.507459400626
 20
680.6981037955708
 30
0.0
  0
SPLINE
  5
764
330
1F
100
AcDbEntity
  8
ºöåçæÄ
100
AcDbSpline
210
0.0
220
0.0
230
1.0
 70
    11
 71
     3
 72
    28
 73
    24
 74
     0
 42
0.000000001
 43
0.0000000001
 40
0.0
 40
0.0
 40
0.0
 40
0.0
 40
0.1428571428571428
 40
0.1428571428571428
 40
0.1428571428571428
 40
0.1428571528571428
 40
0.2857142857142857
 40
0.2857142857142857
 40
0.2857142857142857
 40
0.2857142957142857
 40
0.428571428571429
 40
0.428571428571429
 40
0.428571428571429
 40
0.4285714385714289
 40
0.5714285714285714
 40
0.5714285714285714
 40
0.5714285714285714
 40
0.5714285814285715
 40
0.7142857142857145
 40
0.7142857142857145
 40
0.7142857142857145
 40
0.7142857242857146
 40
1.0
 40
1.0
 40
1.0
 40
1.0
 10
1179.037687337161
 20
681.2291773906969
 30
0.0
 10
1179.037687337161
 20
681.2291773906969
 30
0.0
 10
1179.25459876574
 20
681.2291773906969
 30
0.0
 10
1179.25459876574
 20
681.2291773906969
 30
0.0
 10
1179.25459876574
 20
681.2291773906969
 30
0.0
 10
1179.25459876574
 20
681.3488380813184
 30
0.0
 10
1179.156925198488
 20
681.4460888192813
 30
0.0
 10
1179.037687337161
 20
681.4460888192813
 30
0.0
 10
1179.037687337161
 20
681.4460888192813
 30
0.0
 10
1178.918026646538
 20
681.4460888192813
 30
0.0
 10
1178.82077590859
 20
681.3488380813184
 30
0.0
 10
1178.82077590859
 20
681.2291773906969
 30
0.0
 10
1178.82077590859
 20
681.2291773906969
 30
0.0
 10
1178.82077590859
 20
681.1099395293719
 30
0.0
 10
1178.918026646538
 20
681.0126887914107
 30
0.0
 10
1179.037687337161
 20
681.0126887914107
 30
0.0
 10
1179.037687337161
 20
681.0126887914107
 30
0.0
 10
1179.156925198488
 20
681.0126887914107
 30
0.0
 10
1179.25459876574
 20
681.1099395293719
 30
0.0
 10
1179.25459876574
 20
681.2291773906969
 30
0.0
 10
1179.25459876574
 20
681.2291773906969
 30
0.0
 10
1179.25459876574
 20
681.2291773906969
 30
0.0
 10
1179.037687337161
 20
681.2291773906969
 30
0.0
 10
1179.037687337161
 20
681.2291773906969
 30
0.0
  0
SPLINE
  5
765
330
1F
100
AcDbEntity
  8
ºöåçæÄ
100
AcDbSpline
210
0.0
220
0.0
230
0.0
 70
    24
 71
     3
 72
     8
 73
     4
 74
     0
 42
0.000000001
 43
0.0000000001
 40
0.0
 40
0.0
 40
0.0
 40
0.0
 40
1.0
 40
1.0
 40
1.0
 40
1.0
 10
1176.702401138206
 20
676.7188572957734
 30
0.0
 10
1176.702401138206
 20
676.7188572957734
 30
0.0
 10
1177.692244518931
 20
677.7087006765017
 30
0.0
 10
1177.692244518931
 20
677.7087006765017
 30
0.0
  0
SPLINE
  5
766
330
1F
100
AcDbEntity
  8
ºöåçæÄ
100
AcDbSpline
210
0.0
220
0.0
230
1.0
 70
    11
 71
     3
 72
    28
 73
    24
 74
     0
 42
0.000000001
 43
0.0000000001
 40
0.0
 40
0.0
 40
0.0
 40
0.0
 40
0.1428571428571428
 40
0.1428571428571428
 40
0.1428571428571428
 40
0.1428571528571428
 40
0.2857142857142857
 40
0.2857142857142857
 40
0.2857142857142857
 40
0.2857142957142857
 40
0.428571428571429
 40
0.428571428571429
 40
0.428571428571429
 40
0.4285714385714289
 40
0.5714285714285714
 40
0.5714285714285714
 40
0.5714285714285714
 40
0.5714285814285715
 40
0.7142857142857145
 40
0.7142857142857145
 40
0.7142857142857145
 40
0.7142857242857146
 40
1.0
 40
1.0
 40
1.0
 40
1.0
 10
1178.236848651516
 20
678.2537276383797
 30
0.0
 10
1178.236848651516
 20
678.2537276383797
 30
0.0
 10
1178.453760080102
 20
678.2537276383797
 30
0.0
 10
1178.453760080102
 20
678.2537276383797
 30
0.0
 10
1178.453760080102
 20
678.2537276383797
 30
0.0
 10
1178.453760080102
 20
678.3733883290011
 30
0.0
 10
1178.356509342139
 20
678.4706390669604
 30
0.0
 10
1178.236848651516
 20
678.4706390669604
 30
0.0
 10
1178.236848651516
 20
678.4706390669604
 30
0.0
 10
1178.117610790196
 20
678.4706390669604
 30
0.0
 10
1178.020360052226
 20
678.3733883290011
 30
0.0
 10
1178.020360052226
 20
678.2537276383797
 30
0.0
 10
1178.020360052226
 20
678.2537276383797
 30
0.0
 10
1178.020360052226
 20
678.1344897770527
 30
0.0
 10
1178.117610790196
 20
678.0368162097971
 30
0.0
 10
1178.236848651516
 20
678.0368162097971
 30
0.0
 10
1178.236848651516
 20
678.0368162097971
 30
0.0
 10
1178.356509342139
 20
678.0368162097971
 30
0.0
 10
1178.453760080102
 20
678.1344897770527
 30
0.0
 10
1178.453760080102
 20
678.2537276383797
 30
0.0
 10
1178.453760080102
 20
678.2537276383797
 30
0.0
 10
1178.453760080102
 20
678.2537276383797
 30
0.0
 10
1178.236848651516
 20
678.2537276383797
 30
0.0
 10
1178.236848651516
 20
678.2537276383797
 30
0.0
  0
SPLINE
  5
767
330
1F
100
AcDbEntity
  8
ºöåçæÄ
100
AcDbSpline
210
0.0
220
0.0
230
0.0
 70
    24
 71
     3
 72
     8
 73
     4
 74
     0
 42
0.000000001
 43
0.0000000001
 40
0.0
 40
0.0
 40
0.0
 40
0.0
 40
1.0
 40
1.0
 40
1.0
 40
1.0
 10
1178.779761466915
 20
678.7957947951896
 30
0.0
 10
1178.779761466915
 20
678.7957947951896
 30
0.0
 10
1181.211875574544
 20
681.2287545614022
 30
0.0
 10
1181.211875574544
 20
681.2287545614022
 30
0.0
  0
SPLINE
  5
768
330
1F
100
AcDbEntity
  8
ºöåçæÄ
100
AcDbSpline
210
0.0
220
0.0
230
0.0
 70
    24
 71
     3
 72
     8
 73
     4
 74
     0
 42
0.000000001
 43
0.0000000001
 40
0.0
 40
0.0
 40
0.0
 40
0.0
 40
1.0
 40
1.0
 40
1.0
 40
1.0
 10
1176.057163633294
 20
673.9011228706718
 30
0.0
 10
1176.057163633294
 20
673.9011228706718
 30
0.0
 10
1176.877452466539
 20
674.7214117039098
 30
0.0
 10
1176.877452466539
 20
674.7214117039098
 30
0.0
  0
SPLINE
  5
769
330
1F
100
AcDbEntity
  8
ºöåçæÄ
100
AcDbSpline
210
0.0
220
0.0
230
1.0
 70
    11
 71
     3
 72
    28
 73
    24
 74
     0
 42
0.000000001
 43
0.0000000001
 40
0.0
 40
0.0
 40
0.0
 40
0.0
 40
0.1428571428571428
 40
0.1428571428571428
 40
0.1428571428571428
 40
0.1428571528571428
 40
0.2857142857142857
 40
0.2857142857142857
 40
0.2857142857142857
 40
0.2857142957142857
 40
0.428571428571429
 40
0.428571428571429
 40
0.428571428571429
 40
0.4285714385714289
 40
0.5714285714285714
 40
0.5714285714285714
 40
0.5714285714285714
 40
0.5714285814285715
 40
0.7142857142857145
 40
0.7142857142857145
 40
0.7142857142857145
 40
0.7142857242857146
 40
1.0
 40
1.0
 40
1.0
 40
1.0
 10
1177.419942452642
 20
675.2643245193088
 30
0.0
 10
1177.419942452642
 20
675.2643245193088
 30
0.0
 10
1177.636853881228
 20
675.2643245193088
 30
0.0
 10
1177.636853881228
 20
675.2643245193088
 30
0.0
 10
1177.636853881228
 20
675.2643245193088
 30
0.0
 10
1177.636853881228
 20
675.3839852099322
 30
0.0
 10
1177.539603143265
 20
675.4812359478916
 30
0.0
 10
1177.419942452642
 20
675.4812359478916
 30
0.0
 10
1177.419942452642
 20
675.4812359478916
 30
0.0
 10
1177.300704591323
 20
675.4812359478916
 30
0.0
 10
1177.20345385336
 20
675.3839852099322
 30
0.0
 10
1177.20345385336
 20
675.2643245193088
 30
0.0
 10
1177.20345385336
 20
675.2643245193088
 30
0.0
 10
1177.20345385336
 20
675.145086657984
 30
0.0
 10
1177.300704591323
 20
675.0478359200227
 30
0.0
 10
1177.419942452642
 20
675.0478359200227
 30
0.0
 10
1177.419942452642
 20
675.0478359200227
 30
0.0
 10
1177.539603143265
 20
675.0478359200227
 30
0.0
 10
1177.636853881228
 20
675.145086657984
 30
0.0
 10
1177.636853881228
 20
675.2643245193088
 30
0.0
 10
1177.636853881228
 20
675.2643245193088
 30
0.0
 10
1177.636853881228
 20
675.2643245193088
 30
0.0
 10
1177.419942452642
 20
675.2643245193088
 30
0.0
 10
1177.419942452642
 20
675.2643245193088
 30
0.0
  0
SPLINE
  5
76A
330
1F
100
AcDbEntity
  8
ºöåçæÄ
100
AcDbSpline
210
0.0
220
0.0
230
0.0
 70
    24
 71
     3
 72
     8
 73
     4
 74
     0
 42
0.000000001
 43
0.0000000001
 40
0.0
 40
0.0
 40
0.0
 40
0.0
 40
1.0
 40
1.0
 40
1.0
 40
1.0
 10
1177.964546585227
 20
675.8063916761207
 30
0.0
 10
1177.964546585227
 20
675.8063916761207
 30
0.0
 10
1180.681647638001
 20
678.523492728897
 30
0.0
 10
1180.681647638001
 20
678.523492728897
 30
0.0
  0
SPLINE
  5
76B
330
1F
100
AcDbEntity
  8
ºöåçæÄ
100
AcDbSpline
210
0.0
220
0.0
230
1.0
 70
    11
 71
     3
 72
    28
 73
    24
 74
     0
 42
0.000000001
 43
0.0000000001
 40
0.0
 40
0.0
 40
0.0
 40
0.0
 40
0.1428571428571428
 40
0.1428571428571428
 40
0.1428571428571428
 40
0.1428571528571428
 40
0.2857142857142857
 40
0.2857142857142857
 40
0.2857142857142857
 40
0.2857142957142857
 40
0.428571428571429
 40
0.428571428571429
 40
0.428571428571429
 40
0.4285714385714289
 40
0.5714285714285714
 40
0.5714285714285714
 40
0.5714285714285714
 40
0.5714285814285715
 40
0.7142857142857145
 40
0.7142857142857145
 40
0.7142857142857145
 40
0.7142857242857146
 40
1.0
 40
1.0
 40
1.0
 40
1.0
 10
1181.224137624112
 20
679.0685196907767
 30
0.0
 10
1181.224137624112
 20
679.0685196907767
 30
0.0
 10
1181.44104905269
 20
679.0685196907767
 30
0.0
 10
1181.44104905269
 20
679.0685196907767
 30
0.0
 10
1181.44104905269
 20
679.0685196907767
 30
0.0
 10
1181.44104905269
 20
679.1881803813981
 30
0.0
 10
1181.343798314728
 20
679.2854311193592
 30
0.0
 10
1181.224137624112
 20
679.2854311193592
 30
0.0
 10
1181.224137624112
 20
679.2854311193592
 30
0.0
 10
1181.104899762785
 20
679.2854311193592
 30
0.0
 10
1181.007649024822
 20
679.1881803813981
 30
0.0
 10
1181.007649024822
 20
679.0685196907767
 30
0.0
 10
1181.007649024822
 20
679.0685196907767
 30
0.0
 10
1181.007649024822
 20
678.9492818294498
 30
0.0
 10
1181.104899762785
 20
678.8520310914886
 30
0.0
 10
1181.224137624112
 20
678.8520310914886
 30
0.0
 10
1181.224137624112
 20
678.8520310914886
 30
0.0
 10
1181.343798314728
 20
678.8520310914886
 30
0.0
 10
1181.44104905269
 20
678.9492818294498
 30
0.0
 10
1181.44104905269
 20
679.0685196907767
 30
0.0
 10
1181.44104905269
 20
679.0685196907767
 30
0.0
 10
1181.44104905269
 20
679.0685196907767
 30
0.0
 10
1181.224137624112
 20
679.0685196907767
 30
0.0
 10
1181.224137624112
 20
679.0685196907767
 30
0.0
  0
SPLINE
  5
76C
330
1F
100
AcDbEntity
  8
ºöåçæÄ
100
AcDbSpline
210
0.0
220
0.0
230
0.0
 70
    24
 71
     3
 72
     8
 73
     4
 74
     0
 42
0.000000001
 43
0.0000000001
 40
0.0
 40
0.0
 40
0.0
 40
0.0
 40
1.0
 40
1.0
 40
1.0
 40
1.0
 10
1181.768741756689
 20
679.6105868475867
 30
0.0
 10
1181.768741756689
 20
679.6105868475867
 30
0.0
 10
1183.386486641216
 20
681.2287545614022
 30
0.0
 10
1183.386486641216
 20
681.2287545614022
 30
0.0
  0
SPLINE
  5
76D
330
1F
100
AcDbEntity
  8
ºöåçæÄ
100
AcDbSpline
210
0.0
220
0.0
230
1.0
 70
    11
 71
     3
 72
    28
 73
    24
 74
     0
 42
0.000000001
 43
0.0000000001
 40
0.0
 40
0.0
 40
0.0
 40
0.0
 40
0.1428571428571428
 40
0.1428571428571428
 40
0.1428571428571428
 40
0.1428571528571428
 40
0.2857142857142857
 40
0.2857142857142857
 40
0.2857142857142857
 40
0.2857142957142857
 40
0.428571428571429
 40
0.428571428571429
 40
0.428571428571429
 40
0.4285714385714289
 40
0.5714285714285714
 40
0.5714285714285714
 40
0.5714285714285714
 40
0.5714285814285715
 40
0.7142857142857145
 40
0.7142857142857145
 40
0.7142857142857145
 40
0.7142857242857146
 40
1.0
 40
1.0
 40
1.0
 40
1.0
 10
1176.607264546726
 20
672.2753442295367
 30
0.0
 10
1176.607264546726
 20
672.2753442295367
 30
0.0
 10
1176.823753146015
 20
672.2753442295367
 30
0.0
 10
1176.823753146015
 20
672.2753442295367
 30
0.0
 10
1176.823753146015
 20
672.2753442295367
 30
0.0
 10
1176.823753146015
 20
672.3945820908617
 30
0.0
 10
1176.726502408052
 20
672.4918328288228
 30
0.0
 10
1176.607264546726
 20
672.4918328288228
 30
0.0
 10
1176.607264546726
 20
672.4918328288228
 30
0.0
 10
1176.487603856109
 20
672.4918328288228
 30
0.0
 10
1176.390353118146
 20
672.3945820908617
 30
0.0
 10
1176.390353118146
 20
672.2753442295367
 30
0.0
 10
1176.390353118146
 20
672.2753442295367
 30
0.0
 10
1176.390353118146
 20
672.1556835389152
 30
0.0
 10
1176.487603856109
 20
672.0584328009522
 30
0.0
 10
1176.607264546726
 20
672.0584328009522
 30
0.0
 10
1176.607264546726
 20
672.0584328009522
 30
0.0
 10
1176.726502408052
 20
672.0584328009522
 30
0.0
 10
1176.823753146015
 20
672.1556835389152
 30
0.0
 10
1176.823753146015
 20
672.2753442295367
 30
0.0
 10
1176.823753146015
 20
672.2753442295367
 30
0.0
 10
1176.823753146015
 20
672.2753442295367
 30
0.0
 10
1176.607264546726
 20
672.2753442295367
 30
0.0
 10
1176.607264546726
 20
672.2753442295367
 30
0.0
  0
SPLINE
  5
76E
330
1F
100
AcDbEntity
  8
ºöåçæÄ
100
AcDbSpline
210
0.0
220
0.0
230
0.0
 70
    24
 71
     3
 72
     8
 73
     4
 74
     0
 42
0.000000001
 43
0.0000000001
 40
0.0
 40
0.0
 40
0.0
 40
0.0
 40
1.0
 40
1.0
 40
1.0
 40
1.0
 10
1177.149754532828
 20
672.8191027035267
 30
0.0
 10
1177.149754532828
 20
672.8191027035267
 30
0.0
 10
1179.86685558561
 20
675.5340896098282
 30
0.0
 10
1179.86685558561
 20
675.5340896098282
 30
0.0
  0
SPLINE
  5
76F
330
1F
100
AcDbEntity
  8
ºöåçæÄ
100
AcDbSpline
210
0.0
220
0.0
230
1.0
 70
    11
 71
     3
 72
    28
 73
    24
 74
     0
 42
0.000000001
 43
0.0000000001
 40
0.0
 40
0.0
 40
0.0
 40
0.0
 40
0.1428571428571428
 40
0.1428571428571428
 40
0.1428571428571428
 40
0.1428571528571428
 40
0.2857142857142857
 40
0.2857142857142857
 40
0.2857142857142857
 40
0.2857142957142857
 40
0.428571428571429
 40
0.428571428571429
 40
0.428571428571429
 40
0.4285714385714289
 40
0.5714285714285714
 40
0.5714285714285714
 40
0.5714285714285714
 40
0.5714285814285715
 40
0.7142857142857145
 40
0.7142857142857145
 40
0.7142857142857145
 40
0.7142857242857146
 40
1.0
 40
1.0
 40
1.0
 40
1.0
 10
1180.409345571713
 20
676.0795394010025
 30
0.0
 10
1180.409345571713
 20
676.0795394010025
 30
0.0
 10
1180.626257000292
 20
676.0795394010025
 30
0.0
 10
1180.626257000292
 20
676.0795394010025
 30
0.0
 10
1180.626257000292
 20
676.0795394010025
 30
0.0
 10
1180.626257000292
 20
676.1987772623292
 30
0.0
 10
1180.529006262336
 20
676.2960280002902
 30
0.0
 10
1180.409345571713
 20
676.2960280002902
 30
0.0
 10
1180.409345571713
 20
676.2960280002902
 30
0.0
 10
1180.290107710386
 20
676.2960280002902
 30
0.0
 10
1180.192856972438
 20
676.1987772623292
 30
0.0
 10
1180.192856972438
 20
676.0795394010025
 30
0.0
 10
1180.192856972438
 20
676.0795394010025
 30
0.0
 10
1180.192856972438
 20
675.9598787103792
 30
0.0
 10
1180.290107710386
 20
675.8626279724198
 30
0.0
 10
1180.409345571713
 20
675.8626279724198
 30
0.0
 10
1180.409345571713
 20
675.8626279724198
 30
0.0
 10
1180.529006262336
 20
675.8626279724198
 30
0.0
 10
1180.626257000292
 20
675.9598787103792
 30
0.0
 10
1180.626257000292
 20
676.0795394010025
 30
0.0
 10
1180.626257000292
 20
676.0795394010025
 30
0.0
 10
1180.626257000292
 20
676.0795394010025
 30
0.0
 10
1180.409345571713
 20
676.0795394010025
 30
0.0
 10
1180.409345571713
 20
676.0795394010025
 30
0.0
  0
SPLINE
  5
770
330
1F
100
AcDbEntity
  8
ºöåçæÄ
100
AcDbSpline
210
0.0
220
0.0
230
0.0
 70
    24
 71
     3
 72
     8
 73
     4
 74
     0
 42
0.000000001
 43
0.0000000001
 40
0.0
 40
0.0
 40
0.0
 40
0.0
 40
1.0
 40
1.0
 40
1.0
 40
1.0
 10
1180.953949704298
 20
676.6232978749947
 30
0.0
 10
1180.953949704298
 20
676.6232978749947
 30
0.0
 10
1183.671050757072
 20
679.338284781296
 30
0.0
 10
1183.671050757072
 20
679.338284781296
 30
0.0
  0
SPLINE
  5
771
330
1F
100
AcDbEntity
  8
ºöåçæÄ
100
AcDbSpline
210
0.0
220
0.0
230
1.0
 70
    11
 71
     3
 72
    28
 73
    24
 74
     0
 42
0.000000001
 43
0.0000000001
 40
0.0
 40
0.0
 40
0.0
 40
0.0
 40
0.1428571428571428
 40
0.1428571428571428
 40
0.1428571428571428
 40
0.1428571528571428
 40
0.2857142857142857
 40
0.2857142857142857
 40
0.2857142857142857
 40
0.2857142957142857
 40
0.428571428571429
 40
0.428571428571429
 40
0.428571428571429
 40
0.4285714385714289
 40
0.5714285714285714
 40
0.5714285714285714
 40
0.5714285714285714
 40
0.5714285814285715
 40
0.7142857142857145
 40
0.7142857142857145
 40
0.7142857142857145
 40
0.7142857242857146
 40
1.0
 40
1.0
 40
1.0
 40
1.0
 10
1184.213540743189
 20
679.8820432552862
 30
0.0
 10
1184.213540743189
 20
679.8820432552862
 30
0.0
 10
1184.430452171769
 20
679.8820432552862
 30
0.0
 10
1184.430452171769
 20
679.8820432552862
 30
0.0
 10
1184.430452171769
 20
679.8820432552862
 30
0.0
 10
1184.430452171769
 20
680.0017039459077
 30
0.0
 10
1184.333201433791
 20
680.0989546838706
 30
0.0
 10
1184.213540743189
 20
680.0989546838706
 30
0.0
 10
1184.213540743189
 20
680.0989546838706
 30
0.0
 10
1184.094302881848
 20
680.0989546838706
 30
0.0
 10
1183.997052143892
 20
680.0017039459077
 30
0.0
 10
1183.997052143892
 20
679.8820432552862
 30
0.0
 10
1183.997052143892
 20
679.8820432552862
 30
0.0
 10
1183.997052143892
 20
679.7628053939592
 30
0.0
 10
1184.094302881848
 20
679.6651318267017
 30
0.0
 10
1184.213540743189
 20
679.6651318267017
 30
0.0
 10
1184.213540743189
 20
679.6651318267017
 30
0.0
 10
1184.333201433791
 20
679.6651318267017
 30
0.0
 10
1184.430452171769
 20
679.7628053939592
 30
0.0
 10
1184.430452171769
 20
679.8820432552862
 30
0.0
 10
1184.430452171769
 20
679.8820432552862
 30
0.0
 10
1184.430452171769
 20
679.8820432552862
 30
0.0
 10
1184.213540743189
 20
679.8820432552862
 30
0.0
 10
1184.213540743189
 20
679.8820432552862
 30
0.0
  0
SPLINE
  5
772
330
1F
100
AcDbEntity
  8
ºöåçæÄ
100
AcDbSpline
210
0.0
220
0.0
230
0.0
 70
    24
 71
     3
 72
     8
 73
     4
 74
     0
 42
0.000000001
 43
0.0000000001
 40
0.0
 40
0.0
 40
0.0
 40
0.0
 40
1.0
 40
1.0
 40
1.0
 40
1.0
 10
1184.756453558581
 20
680.4258017292765
 30
0.0
 10
1184.756453558581
 20
680.4258017292765
 30
0.0
 10
1185.558983561405
 20
681.2287545614022
 30
0.0
 10
1185.558983561405
 20
681.2287545614022
 30
0.0
  0
SPLINE
  5
773
330
1F
100
AcDbEntity
  8
ºöåçæÄ
100
AcDbSpline
210
0.0
220
0.0
230
0.0
 70
    24
 71
     3
 72
     8
 73
     4
 74
     0
 42
0.000000001
 43
0.0000000001
 40
0.0
 40
0.0
 40
0.0
 40
0.0
 40
1.0
 40
1.0
 40
1.0
 40
1.0
 10
1178.014863271387
 20
671.5104460340066
 30
0.0
 10
1178.014863271387
 20
671.5104460340066
 30
0.0
 10
1179.052063533218
 20
672.5468006372363
 30
0.0
 10
1179.052063533218
 20
672.5468006372363
 30
0.0
  0
SPLINE
  5
774
330
1F
100
AcDbEntity
  8
ºöåçæÄ
100
AcDbSpline
210
0.0
220
0.0
230
1.0
 70
    11
 71
     3
 72
    28
 73
    24
 74
     0
 42
0.000000001
 43
0.0000000001
 40
0.0
 40
0.0
 40
0.0
 40
0.0
 40
0.1428571428571428
 40
0.1428571428571428
 40
0.1428571428571428
 40
0.1428571528571428
 40
0.2857142857142857
 40
0.2857142857142857
 40
0.2857142857142857
 40
0.2857142957142857
 40
0.428571428571429
 40
0.428571428571429
 40
0.428571428571429
 40
0.4285714385714289
 40
0.5714285714285714
 40
0.5714285714285714
 40
0.5714285714285714
 40
0.5714285814285715
 40
0.7142857142857145
 40
0.7142857142857145
 40
0.7142857142857145
 40
0.7142857242857146
 40
1.0
 40
1.0
 40
1.0
 40
1.0
 10
1179.594553519321
 20
673.0901362819337
 30
0.0
 10
1179.594553519321
 20
673.0901362819337
 30
0.0
 10
1179.8114649479
 20
673.0901362819337
 30
0.0
 10
1179.8114649479
 20
673.0901362819337
 30
0.0
 10
1179.8114649479
 20
673.0901362819337
 30
0.0
 10
1179.8114649479
 20
673.2093741432569
 30
0.0
 10
1179.713791380641
 20
673.3066248812198
 30
0.0
 10
1179.594553519321
 20
673.3066248812198
 30
0.0
 10
1179.594553519321
 20
673.3066248812198
 30
0.0
 10
1179.474892828691
 20
673.3066248812198
 30
0.0
 10
1179.377642090735
 20
673.2093741432569
 30
0.0
 10
1179.377642090735
 20
673.0901362819337
 30
0.0
 10
1179.377642090735
 20
673.0901362819337
 30
0.0
 10
1179.377642090735
 20
672.9704755913102
 30
0.0
 10
1179.474892828691
 20
672.8732248533511
 30
0.0
 10
1179.594553519321
 20
672.8732248533511
 30
0.0
 10
1179.594553519321
 20
672.8732248533511
 30
0.0
 10
1179.713791380641
 20
672.8732248533511
 30
0.0
 10
1179.8114649479
 20
672.9704755913102
 30
0.0
 10
1179.8114649479
 20
673.0901362819337
 30
0.0
 10
1179.8114649479
 20
673.0901362819337
 30
0.0
 10
1179.8114649479
 20
673.0901362819337
 30
0.0
 10
1179.594553519321
 20
673.0901362819337
 30
0.0
 10
1179.594553519321
 20
673.0901362819337
 30
0.0
  0
SPLINE
  5
775
330
1F
100
AcDbEntity
  8
ºöåçæÄ
100
AcDbSpline
210
0.0
220
0.0
230
0.0
 70
    24
 71
     3
 72
     8
 73
     4
 74
     0
 42
0.000000001
 43
0.0000000001
 40
0.0
 40
0.0
 40
0.0
 40
0.0
 40
1.0
 40
1.0
 40
1.0
 40
1.0
 10
1180.137043505424
 20
673.6343175852202
 30
0.0
 10
1180.137043505424
 20
673.6343175852202
 30
0.0
 10
1182.856258704673
 20
676.3509958087037
 30
0.0
 10
1182.856258704673
 20
676.3509958087037
 30
0.0
  0
SPLINE
  5
776
330
1F
100
AcDbEntity
  8
ºöåçæÄ
100
AcDbSpline
210
0.0
220
0.0
230
1.0
 70
    11
 71
     3
 72
    28
 73
    24
 74
     0
 42
0.000000001
 43
0.0000000001
 40
0.0
 40
0.0
 40
0.0
 40
0.0
 40
0.1428571428571428
 40
0.1428571428571428
 40
0.1428571428571428
 40
0.1428571528571428
 40
0.2857142857142857
 40
0.2857142857142857
 40
0.2857142857142857
 40
0.2857142957142857
 40
0.428571428571429
 40
0.428571428571429
 40
0.428571428571429
 40
0.4285714385714289
 40
0.5714285714285714
 40
0.5714285714285714
 40
0.5714285714285714
 40
0.5714285814285715
 40
0.7142857142857145
 40
0.7142857142857145
 40
0.7142857142857145
 40
0.7142857242857146
 40
1.0
 40
1.0
 40
1.0
 40
1.0
 10
1183.398748690783
 20
676.8943314533995
 30
0.0
 10
1183.398748690783
 20
676.8943314533995
 30
0.0
 10
1183.615660119362
 20
676.8943314533995
 30
0.0
 10
1183.615660119362
 20
676.8943314533995
 30
0.0
 10
1183.615660119362
 20
676.8943314533995
 30
0.0
 10
1183.615660119362
 20
677.0135693147262
 30
0.0
 10
1183.517986552103
 20
677.1108200526856
 30
0.0
 10
1183.398748690783
 20
677.1108200526856
 30
0.0
 10
1183.398748690783
 20
677.1108200526856
 30
0.0
 10
1183.27908800016
 20
677.1108200526856
 30
0.0
 10
1183.181837262197
 20
677.0135693147262
 30
0.0
 10
1183.181837262197
 20
676.8943314533995
 30
0.0
 10
1183.181837262197
 20
676.8943314533995
 30
0.0
 10
1183.181837262197
 20
676.7746707627763
 30
0.0
 10
1183.27908800016
 20
676.677420024817
 30
0.0
 10
1183.398748690783
 20
676.677420024817
 30
0.0
 10
1183.398748690783
 20
676.677420024817
 30
0.0
 10
1183.517986552103
 20
676.677420024817
 30
0.0
 10
1183.615660119362
 20
676.7746707627763
 30
0.0
 10
1183.615660119362
 20
676.8943314533995
 30
0.0
 10
1183.615660119362
 20
676.8943314533995
 30
0.0
 10
1183.615660119362
 20
676.8943314533995
 30
0.0
 10
1183.398748690783
 20
676.8943314533995
 30
0.0
 10
1183.398748690783
 20
676.8943314533995
 30
0.0
  0
SPLINE
  5
777
330
1F
100
AcDbEntity
  8
ºöåçæÄ
100
AcDbSpline
210
0.0
220
0.0
230
0.0
 70
    24
 71
     3
 72
     8
 73
     4
 74
     0
 42
0.000000001
 43
0.0000000001
 40
0.0
 40
0.0
 40
0.0
 40
0.0
 40
1.0
 40
1.0
 40
1.0
 40
1.0
 10
1183.941238676886
 20
677.4363986102075
 30
0.0
 10
1183.941238676886
 20
677.4363986102075
 30
0.0
 10
1186.658339729661
 20
680.1539224922802
 30
0.0
 10
1186.658339729661
 20
680.1539224922802
 30
0.0
  0
SPLINE
  5
778
330
1F
100
AcDbEntity
  8
ºöåçæÄ
100
AcDbSpline
210
0.0
220
0.0
230
1.0
 70
    11
 71
     3
 72
    28
 73
    24
 74
     0
 42
0.000000001
 43
0.0000000001
 40
0.0
 40
0.0
 40
0.0
 40
0.0
 40
0.1428571428571428
 40
0.1428571428571428
 40
0.1428571428571428
 40
0.1428571528571428
 40
0.2857142857142857
 40
0.2857142857142857
 40
0.2857142857142857
 40
0.2857142957142857
 40
0.428571428571429
 40
0.428571428571429
 40
0.428571428571429
 40
0.4285714385714289
 40
0.5714285714285714
 40
0.5714285714285714
 40
0.5714285714285714
 40
0.5714285814285715
 40
0.7142857142857145
 40
0.7142857142857145
 40
0.7142857142857145
 40
0.7142857242857146
 40
1.0
 40
1.0
 40
1.0
 40
1.0
 10
1187.202943862246
 20
680.6985266248654
 30
0.0
 10
1187.202943862246
 20
680.6985266248654
 30
0.0
 10
1187.419855290832
 20
680.6985266248654
 30
0.0
 10
1187.419855290832
 20
680.6985266248654
 30
0.0
 10
1187.419855290832
 20
680.6985266248654
 30
0.0
 10
1187.419855290832
 20
680.8177644861922
 30
0.0
 10
1187.322181723565
 20
680.9150152241515
 30
0.0
 10
1187.202943862246
 20
680.9150152241515
 30
0.0
 10
1187.202943862246
 20
680.9150152241515
 30
0.0
 10
1187.083283171622
 20
680.9150152241515
 30
0.0
 10
1186.986032433667
 20
680.8177644861922
 30
0.0
 10
1186.986032433667
 20
680.6985266248654
 30
0.0
 10
1186.986032433667
 20
680.6985266248654
 30
0.0
 10
1186.986032433667
 20
680.5788659342421
 30
0.0
 10
1187.083283171622
 20
680.4816151962827
 30
0.0
 10
1187.202943862246
 20
680.4816151962827
 30
0.0
 10
1187.202943862246
 20
680.4816151962827
 30
0.0
 10
1187.322181723565
 20
680.4816151962827
 30
0.0
 10
1187.419855290832
 20
680.5788659342421
 30
0.0
 10
1187.419855290832
 20
680.6985266248654
 30
0.0
 10
1187.419855290832
 20
680.6985266248654
 30
0.0
 10
1187.419855290832
 20
680.6985266248654
 30
0.0
 10
1187.202943862246
 20
680.6985266248654
 30
0.0
 10
1187.202943862246
 20
680.6985266248654
 30
0.0
  0
SPLINE
  5
779
330
1F
100
AcDbEntity
  8
ºöåçæÄ
100
AcDbSpline
210
0.0
220
0.0
230
0.0
 70
    24
 71
     3
 72
     8
 73
     4
 74
     0
 42
0.000000001
 43
0.0000000001
 40
0.0
 40
0.0
 40
0.0
 40
0.0
 40
1.0
 40
1.0
 40
1.0
 40
1.0
 10
1180.187360191584
 20
671.5104460340066
 30
0.0
 10
1180.187360191584
 20
671.5104460340066
 30
0.0
 10
1182.0393525058
 20
673.3620155189298
 30
0.0
 10
1182.0393525058
 20
673.3620155189298
 30
0.0
  0
SPLINE
  5
77A
330
1F
100
AcDbEntity
  8
ºöåçæÄ
100
AcDbSpline
210
0.0
220
0.0
230
1.0
 70
    11
 71
     3
 72
    28
 73
    24
 74
     0
 42
0.000000001
 43
0.0000000001
 40
0.0
 40
0.0
 40
0.0
 40
0.0
 40
0.1428571428571428
 40
0.1428571428571428
 40
0.1428571428571428
 40
0.1428571528571428
 40
0.2857142857142857
 40
0.2857142857142857
 40
0.2857142857142857
 40
0.2857142957142857
 40
0.428571428571429
 40
0.428571428571429
 40
0.428571428571429
 40
0.4285714385714289
 40
0.5714285714285714
 40
0.5714285714285714
 40
0.5714285714285714
 40
0.5714285814285715
 40
0.7142857142857145
 40
0.7142857142857145
 40
0.7142857142857145
 40
0.7142857242857146
 40
1.0
 40
1.0
 40
1.0
 40
1.0
 10
1182.583956638377
 20
673.9049283343288
 30
0.0
 10
1182.583956638377
 20
673.9049283343288
 30
0.0
 10
1182.800445237674
 20
673.9049283343288
 30
0.0
 10
1182.800445237674
 20
673.9049283343288
 30
0.0
 10
1182.800445237674
 20
673.9049283343288
 30
0.0
 10
1182.800445237674
 20
674.0245890249521
 30
0.0
 10
1182.703194499711
 20
674.1218397629133
 30
0.0
 10
1182.583956638377
 20
674.1218397629133
 30
0.0
 10
1182.583956638377
 20
674.1218397629133
 30
0.0
 10
1182.464295947768
 20
674.1218397629133
 30
0.0
 10
1182.367045209806
 20
674.0245890249521
 30
0.0
 10
1182.367045209806
 20
673.9049283343288
 30
0.0
 10
1182.367045209806
 20
673.9049283343288
 30
0.0
 10
1182.367045209806
 20
673.7856904730038
 30
0.0
 10
1182.464295947768
 20
673.6884397350427
 30
0.0
 10
1182.583956638377
 20
673.6884397350427
 30
0.0
 10
1182.583956638377
 20
673.6884397350427
 30
0.0
 10
1182.703194499711
 20
673.6884397350427
 30
0.0
 10
1182.800445237674
 20
673.7856904730038
 30
0.0
 10
1182.800445237674
 20
673.9049283343288
 30
0.0
 10
1182.800445237674
 20
673.9049283343288
 30
0.0
 10
1182.800445237674
 20
673.9049283343288
 30
0.0
 10
1182.583956638377
 20
673.9049283343288
 30
0.0
 10
1182.583956638377
 20
673.9049283343288
 30
0.0
  0
SPLINE
  5
77B
330
1F
100
AcDbEntity
  8
ºöåçæÄ
100
AcDbSpline
210
0.0
220
0.0
230
0.0
 70
    24
 71
     3
 72
     8
 73
     4
 74
     0
 42
0.000000001
 43
0.0000000001
 40
0.0
 40
0.0
 40
0.0
 40
0.0
 40
1.0
 40
1.0
 40
1.0
 40
1.0
 10
1183.126446624487
 20
674.4491096376172
 30
0.0
 10
1183.126446624487
 20
674.4491096376172
 30
0.0
 10
1185.843547677269
 20
677.1662106903938
 30
0.0
 10
1185.843547677269
 20
677.1662106903938
 30
0.0
  0
SPLINE
  5
77C
330
1F
100
AcDbEntity
  8
ºöåçæÄ
100
AcDbSpline
210
0.0
220
0.0
230
1.0
 70
    11
 71
     3
 72
    28
 73
    24
 74
     0
 42
0.000000001
 43
0.0000000001
 40
0.0
 40
0.0
 40
0.0
 40
0.0
 40
0.1428571428571428
 40
0.1428571428571428
 40
0.1428571428571428
 40
0.1428571528571428
 40
0.2857142857142857
 40
0.2857142857142857
 40
0.2857142857142857
 40
0.2857142957142857
 40
0.428571428571429
 40
0.428571428571429
 40
0.428571428571429
 40
0.4285714385714289
 40
0.5714285714285714
 40
0.5714285714285714
 40
0.5714285714285714
 40
0.5714285814285715
 40
0.7142857142857145
 40
0.7142857142857145
 40
0.7142857142857145
 40
0.7142857242857146
 40
1.0
 40
1.0
 40
1.0
 40
1.0
 10
1186.386037663372
 20
677.7091235057967
 30
0.0
 10
1186.386037663372
 20
677.7091235057967
 30
0.0
 10
1186.602949091951
 20
677.7091235057967
 30
0.0
 10
1186.602949091951
 20
677.7091235057967
 30
0.0
 10
1186.602949091951
 20
677.7091235057967
 30
0.0
 10
1186.602949091951
 20
677.828784196418
 30
0.0
 10
1186.505698353995
 20
677.9260349343791
 30
0.0
 10
1186.386037663372
 20
677.9260349343791
 30
0.0
 10
1186.386037663372
 20
677.9260349343791
 30
0.0
 10
1186.266799802038
 20
677.9260349343791
 30
0.0
 10
1186.169126234793
 20
677.828784196418
 30
0.0
 10
1186.169126234793
 20
677.7091235057967
 30
0.0
 10
1186.169126234793
 20
677.7091235057967
 30
0.0
 10
1186.169126234793
 20
677.5898856444698
 30
0.0
 10
1186.266799802038
 20
677.4926349065086
 30
0.0
 10
1186.386037663372
 20
677.4926349065086
 30
0.0
 10
1186.386037663372
 20
677.4926349065086
 30
0.0
 10
1186.505698353995
 20
677.4926349065086
 30
0.0
 10
1186.602949091951
 20
677.5898856444698
 30
0.0
 10
1186.602949091951
 20
677.7091235057967
 30
0.0
 10
1186.602949091951
 20
677.7091235057967
 30
0.0
 10
1186.602949091951
 20
677.7091235057967
 30
0.0
 10
1186.386037663372
 20
677.7091235057967
 30
0.0
 10
1186.386037663372
 20
677.7091235057967
 30
0.0
  0
SPLINE
  5
77D
330
1F
100
AcDbEntity
  8
ºöåçæÄ
100
AcDbSpline
210
0.0
220
0.0
230
0.0
 70
    24
 71
     3
 72
     8
 73
     4
 74
     0
 42
0.000000001
 43
0.0000000001
 40
0.0
 40
0.0
 40
0.0
 40
0.0
 40
1.0
 40
1.0
 40
1.0
 40
1.0
 10
1186.930641795964
 20
678.2533048090832
 30
0.0
 10
1186.930641795964
 20
678.2533048090832
 30
0.0
 10
1189.647742848731
 20
680.9704058618613
 30
0.0
 10
1189.647742848731
 20
680.9704058618613
 30
0.0
  0
SPLINE
  5
77E
330
1F
100
AcDbEntity
  8
ºöåçæÄ
100
AcDbSpline
210
0.0
220
0.0
230
1.0
 70
    11
 71
     3
 72
    28
 73
    24
 74
     0
 42
0.000000001
 43
0.0000000001
 40
0.0
 40
0.0
 40
0.0
 40
0.0
 40
0.1428571428571428
 40
0.1428571428571428
 40
0.1428571428571428
 40
0.1428571528571428
 40
0.2857142857142857
 40
0.2857142857142857
 40
0.2857142857142857
 40
0.2857142957142857
 40
0.428571428571429
 40
0.428571428571429
 40
0.428571428571429
 40
0.4285714385714289
 40
0.5714285714285714
 40
0.5714285714285714
 40
0.5714285714285714
 40
0.5714285814285715
 40
0.7142857142857145
 40
0.7142857142857145
 40
0.7142857142857145
 40
0.7142857242857146
 40
1.0
 40
1.0
 40
1.0
 40
1.0
 10
1189.906091548281
 20
681.2291773906969
 30
0.0
 10
1189.906091548281
 20
681.2291773906969
 30
0.0
 10
1190.12300297686
 20
681.2291773906969
 30
0.0
 10
1190.12300297686
 20
681.2291773906969
 30
0.0
 10
1190.12300297686
 20
681.2291773906969
 30
0.0
 10
1190.12300297686
 20
681.3488380813184
 30
0.0
 10
1190.025752238905
 20
681.4460888192813
 30
0.0
 10
1189.906091548281
 20
681.4460888192813
 30
0.0
 10
1189.906091548281
 20
681.4460888192813
 30
0.0
 10
1189.786853686947
 20
681.4460888192813
 30
0.0
 10
1189.689602948984
 20
681.3488380813184
 30
0.0
 10
1189.689602948984
 20
681.2291773906969
 30
0.0
 10
1189.689602948984
 20
681.2291773906969
 30
0.0
 10
1189.689602948984
 20
681.1099395293719
 30
0.0
 10
1189.786853686947
 20
681.0126887914107
 30
0.0
 10
1189.906091548281
 20
681.0126887914107
 30
0.0
 10
1189.906091548281
 20
681.0126887914107
 30
0.0
 10
1190.025752238905
 20
681.0126887914107
 30
0.0
 10
1190.12300297686
 20
681.1099395293719
 30
0.0
 10
1190.12300297686
 20
681.2291773906969
 30
0.0
 10
1190.12300297686
 20
681.2291773906969
 30
0.0
 10
1190.12300297686
 20
681.2291773906969
 30
0.0
 10
1189.906091548281
 20
681.2291773906969
 30
0.0
 10
1189.906091548281
 20
681.2291773906969
 30
0.0
  0
SPLINE
  5
77F
330
1F
100
AcDbEntity
  8
ºöåçæÄ
100
AcDbSpline
210
0.0
220
0.0
230
0.0
 70
    24
 71
     3
 72
     8
 73
     4
 74
     0
 42
0.000000001
 43
0.0000000001
 40
0.0
 40
0.0
 40
0.0
 40
0.0
 40
1.0
 40
1.0
 40
1.0
 40
1.0
 10
1182.361548428952
 20
671.5104460340066
 30
0.0
 10
1182.361548428952
 20
671.5104460340066
 30
0.0
 10
1185.028332795574
 20
674.1768075713247
 30
0.0
 10
1185.028332795574
 20
674.1768075713247
 30
0.0
  0
SPLINE
  5
780
330
1F
100
AcDbEntity
  8
ºöåçæÄ
100
AcDbSpline
210
0.0
220
0.0
230
1.0
 70
    11
 71
     3
 72
    28
 73
    24
 74
     0
 42
0.000000001
 43
0.0000000001
 40
0.0
 40
0.0
 40
0.0
 40
0.0
 40
0.1428571428571428
 40
0.1428571428571428
 40
0.1428571428571428
 40
0.1428571528571428
 40
0.2857142857142857
 40
0.2857142857142857
 40
0.2857142857142857
 40
0.2857142957142857
 40
0.428571428571429
 40
0.428571428571429
 40
0.428571428571429
 40
0.4285714385714289
 40
0.5714285714285714
 40
0.5714285714285714
 40
0.5714285714285714
 40
0.5714285814285715
 40
0.7142857142857145
 40
0.7142857142857145
 40
0.7142857142857145
 40
0.7142857242857146
 40
1.0
 40
1.0
 40
1.0
 40
1.0
 10
1185.572936928159
 20
674.7218345332027
 30
0.0
 10
1185.572936928159
 20
674.7218345332027
 30
0.0
 10
1185.789848356752
 20
674.7218345332027
 30
0.0
 10
1185.789848356752
 20
674.7218345332027
 30
0.0
 10
1185.789848356752
 20
674.7218345332027
 30
0.0
 10
1185.789848356752
 20
674.8410723945295
 30
0.0
 10
1185.692597618782
 20
674.9387459617889
 30
0.0
 10
1185.572936928159
 20
674.9387459617889
 30
0.0
 10
1185.572936928159
 20
674.9387459617889
 30
0.0
 10
1185.453699066832
 20
674.9387459617889
 30
0.0
 10
1185.356448328862
 20
674.8410723945295
 30
0.0
 10
1185.356448328862
 20
674.7218345332027
 30
0.0
 10
1185.356448328862
 20
674.7218345332027
 30
0.0
 10
1185.356448328862
 20
674.6025966718775
 30
0.0
 10
1185.453699066832
 20
674.504923104622
 30
0.0
 10
1185.572936928159
 20
674.504923104622
 30
0.0
 10
1185.572936928159
 20
674.504923104622
 30
0.0
 10
1185.692597618782
 20
674.504923104622
 30
0.0
 10
1185.789848356752
 20
674.6025966718775
 30
0.0
 10
1185.789848356752
 20
674.7218345332027
 30
0.0
 10
1185.789848356752
 20
674.7218345332027
 30
0.0
 10
1185.789848356752
 20
674.7218345332027
 30
0.0
 10
1185.572936928159
 20
674.7218345332027
 30
0.0
 10
1185.572936928159
 20
674.7218345332027
 30
0.0
  0
SPLINE
  5
781
330
1F
100
AcDbEntity
  8
ºöåçæÄ
100
AcDbSpline
210
0.0
220
0.0
230
0.0
 70
    24
 71
     3
 72
     8
 73
     4
 74
     0
 42
0.000000001
 43
0.0000000001
 40
0.0
 40
0.0
 40
0.0
 40
0.0
 40
1.0
 40
1.0
 40
1.0
 40
1.0
 10
1186.115849743558
 20
675.2639016900142
 30
0.0
 10
1186.115849743558
 20
675.2639016900142
 30
0.0
 10
1188.832527967043
 20
677.9810027427926
 30
0.0
 10
1188.832527967043
 20
677.9810027427926
 30
0.0
  0
SPLINE
  5
782
330
1F
100
AcDbEntity
  8
ºöåçæÄ
100
AcDbSpline
210
0.0
220
0.0
230
1.0
 70
    11
 71
     3
 72
    28
 73
    24
 74
     0
 42
0.000000001
 43
0.0000000001
 40
0.0
 40
0.0
 40
0.0
 40
0.0
 40
0.1428571428571428
 40
0.1428571428571428
 40
0.1428571428571428
 40
0.1428571528571428
 40
0.2857142857142857
 40
0.2857142857142857
 40
0.2857142857142857
 40
0.2857142957142857
 40
0.428571428571429
 40
0.428571428571429
 40
0.428571428571429
 40
0.4285714385714289
 40
0.5714285714285714
 40
0.5714285714285714
 40
0.5714285714285714
 40
0.5714285814285715
 40
0.7142857142857145
 40
0.7142857142857145
 40
0.7142857142857145
 40
0.7142857242857146
 40
1.0
 40
1.0
 40
1.0
 40
1.0
 10
1189.375440782442
 20
678.5239155581917
 30
0.0
 10
1189.375440782442
 20
678.5239155581917
 30
0.0
 10
1189.591929381725
 20
678.5239155581917
 30
0.0
 10
1189.591929381725
 20
678.5239155581917
 30
0.0
 10
1189.591929381725
 20
678.5239155581917
 30
0.0
 10
1189.591929381725
 20
678.6435762488148
 30
0.0
 10
1189.494678643769
 20
678.7408269867761
 30
0.0
 10
1189.375440782442
 20
678.7408269867761
 30
0.0
 10
1189.375440782442
 20
678.7408269867761
 30
0.0
 10
1189.255780091834
 20
678.7408269867761
 30
0.0
 10
1189.158529353856
 20
678.6435762488148
 30
0.0
 10
1189.158529353856
 20
678.5239155581917
 30
0.0
 10
1189.158529353856
 20
678.5239155581917
 30
0.0
 10
1189.158529353856
 20
678.4046776968668
 30
0.0
 10
1189.255780091834
 20
678.3074269589075
 30
0.0
 10
1189.375440782442
 20
678.3074269589075
 30
0.0
 10
1189.375440782442
 20
678.3074269589075
 30
0.0
 10
1189.494678643769
 20
678.3074269589075
 30
0.0
 10
1189.591929381725
 20
678.4046776968668
 30
0.0
 10
1189.591929381725
 20
678.5239155581917
 30
0.0
 10
1189.591929381725
 20
678.5239155581917
 30
0.0
 10
1189.591929381725
 20
678.5239155581917
 30
0.0
 10
1189.375440782442
 20
678.5239155581917
 30
0.0
 10
1189.375440782442
 20
678.5239155581917
 30
0.0
  0
SPLINE
  5
783
330
1F
100
AcDbEntity
  8
ºöåçæÄ
100
AcDbSpline
210
0.0
220
0.0
230
0.0
 70
    24
 71
     3
 72
     8
 73
     4
 74
     0
 42
0.000000001
 43
0.0000000001
 40
0.0
 40
0.0
 40
0.0
 40
0.0
 40
1.0
 40
1.0
 40
1.0
 40
1.0
 10
1189.920044915028
 20
679.0680968614782
 30
0.0
 10
1189.920044915028
 20
679.0680968614782
 30
0.0
 10
1192.079856956353
 20
681.2287545614022
 30
0.0
 10
1192.079856956353
 20
681.2287545614022
 30
0.0
  0
SPLINE
  5
784
330
1F
100
AcDbEntity
  8
ºöåçæÄ
100
AcDbSpline
210
0.0
220
0.0
230
1.0
 70
    11
 71
     3
 72
    28
 73
    24
 74
     0
 42
0.000000001
 43
0.0000000001
 40
0.0
 40
0.0
 40
0.0
 40
0.0
 40
0.1428571428571428
 40
0.1428571428571428
 40
0.1428571428571428
 40
0.1428571528571428
 40
0.2857142857142857
 40
0.2857142857142857
 40
0.2857142857142857
 40
0.2857142957142857
 40
0.428571428571429
 40
0.428571428571429
 40
0.428571428571429
 40
0.4285714385714289
 40
0.5714285714285714
 40
0.5714285714285714
 40
0.5714285714285714
 40
0.5714285814285715
 40
0.7142857142857145
 40
0.7142857142857145
 40
0.7142857142857145
 40
0.7142857242857146
 40
1.0
 40
1.0
 40
1.0
 40
1.0
 10
1184.756453558581
 20
671.7324314141357
 30
0.0
 10
1184.756453558581
 20
671.7324314141357
 30
0.0
 10
1184.972942157871
 20
671.7324314141357
 30
0.0
 10
1184.972942157871
 20
671.7324314141357
 30
0.0
 10
1184.972942157871
 20
671.7324314141357
 30
0.0
 10
1184.972942157871
 20
671.8520921047552
 30
0.0
 10
1184.875691419908
 20
671.9493428427162
 30
0.0
 10
1184.756453558581
 20
671.9493428427162
 30
0.0
 10
1184.756453558581
 20
671.9493428427162
 30
0.0
 10
1184.636792867958
 20
671.9493428427162
 30
0.0
 10
1184.539542129995
 20
671.8520921047552
 30
0.0
 10
1184.539542129995
 20
671.7324314141357
 30
0.0
 10
1184.539542129995
 20
671.7324314141357
 30
0.0
 10
1184.539542129995
 20
671.6131935528087
 30
0.0
 10
1184.636792867958
 20
671.5159428148476
 30
0.0
 10
1184.756453558581
 20
671.5159428148476
 30
0.0
 10
1184.756453558581
 20
671.5159428148476
 30
0.0
 10
1184.875691419908
 20
671.5159428148476
 30
0.0
 10
1184.972942157871
 20
671.6131935528087
 30
0.0
 10
1184.972942157871
 20
671.7324314141357
 30
0.0
 10
1184.972942157871
 20
671.7324314141357
 30
0.0
 10
1184.972942157871
 20
671.7324314141357
 30
0.0
 10
1184.756453558581
 20
671.7324314141357
 30
0.0
 10
1184.756453558581
 20
671.7324314141357
 30
0.0
  0
SPLINE
  5
785
330
1F
100
AcDbEntity
  8
ºöåçæÄ
100
AcDbSpline
210
0.0
220
0.0
230
0.0
 70
    24
 71
     3
 72
     8
 73
     4
 74
     0
 42
0.000000001
 43
0.0000000001
 40
0.0
 40
0.0
 40
0.0
 40
0.0
 40
1.0
 40
1.0
 40
1.0
 40
1.0
 10
1185.30063486187
 20
672.2744985709437
 30
0.0
 10
1185.30063486187
 20
672.2744985709437
 30
0.0
 10
1188.017735914644
 20
674.9915996237238
 30
0.0
 10
1188.017735914644
 20
674.9915996237238
 30
0.0
  0
SPLINE
  5
786
330
1F
100
AcDbEntity
  8
ºöåçæÄ
100
AcDbSpline
210
0.0
220
0.0
230
1.0
 70
    11
 71
     3
 72
    28
 73
    24
 74
     0
 42
0.000000001
 43
0.0000000001
 40
0.0
 40
0.0
 40
0.0
 40
0.0
 40
0.1428571428571428
 40
0.1428571428571428
 40
0.1428571428571428
 40
0.1428571528571428
 40
0.2857142857142857
 40
0.2857142857142857
 40
0.2857142857142857
 40
0.2857142957142857
 40
0.428571428571429
 40
0.428571428571429
 40
0.428571428571429
 40
0.4285714385714289
 40
0.5714285714285714
 40
0.5714285714285714
 40
0.5714285714285714
 40
0.5714285814285715
 40
0.7142857142857145
 40
0.7142857142857145
 40
0.7142857142857145
 40
0.7142857242857146
 40
1.0
 40
1.0
 40
1.0
 40
1.0
 10
1188.560648730051
 20
675.5353580977157
 30
0.0
 10
1188.560648730051
 20
675.5353580977157
 30
0.0
 10
1188.777137329333
 20
675.5353580977157
 30
0.0
 10
1188.777137329333
 20
675.5353580977157
 30
0.0
 10
1188.777137329333
 20
675.5353580977157
 30
0.0
 10
1188.777137329333
 20
675.6545959590408
 30
0.0
 10
1188.67988659137
 20
675.7518466970017
 30
0.0
 10
1188.560648730051
 20
675.7518466970017
 30
0.0
 10
1188.560648730051
 20
675.7518466970017
 30
0.0
 10
1188.440988039419
 20
675.7518466970017
 30
0.0
 10
1188.343737301465
 20
675.6545959590408
 30
0.0
 10
1188.343737301465
 20
675.5353580977157
 30
0.0
 10
1188.343737301465
 20
675.5353580977157
 30
0.0
 10
1188.343737301465
 20
675.4156974070926
 30
0.0
 10
1188.440988039419
 20
675.3184466691297
 30
0.0
 10
1188.560648730051
 20
675.3184466691297
 30
0.0
 10
1188.560648730051
 20
675.3184466691297
 30
0.0
 10
1188.67988659137
 20
675.3184466691297
 30
0.0
 10
1188.777137329333
 20
675.4156974070926
 30
0.0
 10
1188.777137329333
 20
675.5353580977157
 30
0.0
 10
1188.777137329333
 20
675.5353580977157
 30
0.0
 10
1188.777137329333
 20
675.5353580977157
 30
0.0
 10
1188.560648730051
 20
675.5353580977157
 30
0.0
 10
1188.560648730051
 20
675.5353580977157
 30
0.0
  0
SPLINE
  5
787
330
1F
100
AcDbEntity
  8
ºöåçæÄ
100
AcDbSpline
210
0.0
220
0.0
230
0.0
 70
    24
 71
     3
 72
     8
 73
     4
 74
     0
 42
0.000000001
 43
0.0000000001
 40
0.0
 40
0.0
 40
0.0
 40
0.0
 40
1.0
 40
1.0
 40
1.0
 40
1.0
 10
1189.103138716154
 20
676.0786937424095
 30
0.0
 10
1189.103138716154
 20
676.0786937424095
 30
0.0
 10
1191.821931086107
 20
678.7957947951896
 30
0.0
 10
1191.821931086107
 20
678.7957947951896
 30
0.0
  0
SPLINE
  5
788
330
1F
100
AcDbEntity
  8
ºöåçæÄ
100
AcDbSpline
210
0.0
220
0.0
230
1.0
 70
    11
 71
     3
 72
    28
 73
    24
 74
     0
 42
0.000000001
 43
0.0000000001
 40
0.0
 40
0.0
 40
0.0
 40
0.0
 40
0.1428571428571428
 40
0.1428571428571428
 40
0.1428571428571428
 40
0.1428571528571428
 40
0.2857142857142857
 40
0.2857142857142857
 40
0.2857142857142857
 40
0.2857142957142857
 40
0.428571428571429
 40
0.428571428571429
 40
0.428571428571429
 40
0.4285714385714289
 40
0.5714285714285714
 40
0.5714285714285714
 40
0.5714285714285714
 40
0.5714285814285715
 40
0.7142857142857145
 40
0.7142857142857145
 40
0.7142857142857145
 40
0.7142857242857146
 40
1.0
 40
1.0
 40
1.0
 40
1.0
 10
1192.364843901513
 20
679.3391304398852
 30
0.0
 10
1192.364843901513
 20
679.3391304398852
 30
0.0
 10
1192.581332500796
 20
679.3391304398852
 30
0.0
 10
1192.581332500796
 20
679.3391304398852
 30
0.0
 10
1192.581332500796
 20
679.3391304398852
 30
0.0
 10
1192.581332500796
 20
679.4583683012103
 30
0.0
 10
1192.484081762847
 20
679.5556190391712
 30
0.0
 10
1192.364843901513
 20
679.5556190391712
 30
0.0
 10
1192.364843901513
 20
679.5556190391712
 30
0.0
 10
1192.24518321089
 20
679.5556190391712
 30
0.0
 10
1192.147932472927
 20
679.4583683012103
 30
0.0
 10
1192.147932472927
 20
679.3391304398852
 30
0.0
 10
1192.147932472927
 20
679.3391304398852
 30
0.0
 10
1192.147932472927
 20
679.2194697492638
 30
0.0
 10
1192.24518321089
 20
679.1222190113026
 30
0.0
 10
1192.364843901513
 20
679.1222190113026
 30
0.0
 10
1192.364843901513
 20
679.1222190113026
 30
0.0
 10
1192.484081762847
 20
679.1222190113026
 30
0.0
 10
1192.581332500796
 20
679.2194697492638
 30
0.0
 10
1192.581332500796
 20
679.3391304398852
 30
0.0
 10
1192.581332500796
 20
679.3391304398852
 30
0.0
 10
1192.581332500796
 20
679.3391304398852
 30
0.0
 10
1192.364843901513
 20
679.3391304398852
 30
0.0
 10
1192.364843901513
 20
679.3391304398852
 30
0.0
  0
SPLINE
  5
789
330
1F
100
AcDbEntity
  8
ºöåçæÄ
100
AcDbSpline
210
0.0
220
0.0
230
0.0
 70
    24
 71
     3
 72
     8
 73
     4
 74
     0
 42
0.000000001
 43
0.0000000001
 40
0.0
 40
0.0
 40
0.0
 40
0.0
 40
1.0
 40
1.0
 40
1.0
 40
1.0
 10
1192.907333887616
 20
679.8816204259916
 30
0.0
 10
1192.907333887616
 20
679.8816204259916
 30
0.0
 10
1194.252776705846
 20
681.2287545614022
 30
0.0
 10
1194.252776705846
 20
681.2287545614022
 30
0.0
  0
SPLINE
  5
78A
330
1F
100
AcDbEntity
  8
ºöåçæÄ
100
AcDbSpline
210
0.0
220
0.0
230
0.0
 70
    24
 71
     3
 72
     8
 73
     4
 74
     0
 42
0.000000001
 43
0.0000000001
 40
0.0
 40
0.0
 40
0.0
 40
0.0
 40
1.0
 40
1.0
 40
1.0
 40
1.0
 10
1186.708656415828
 20
671.5104460340066
 30
0.0
 10
1186.708656415828
 20
671.5104460340066
 30
0.0
 10
1187.202943862246
 20
672.0043106511317
 30
0.0
 10
1187.202943862246
 20
672.0043106511317
 30
0.0
  0
SPLINE
  5
78B
330
1F
100
AcDbEntity
  8
ºöåçæÄ
100
AcDbSpline
210
0.0
220
0.0
230
1.0
 70
    11
 71
     3
 72
    28
 73
    24
 74
     0
 42
0.000000001
 43
0.0000000001
 40
0.0
 40
0.0
 40
0.0
 40
0.0
 40
0.1428571428571428
 40
0.1428571428571428
 40
0.1428571428571428
 40
0.1428571528571428
 40
0.2857142857142857
 40
0.2857142857142857
 40
0.2857142857142857
 40
0.2857142957142857
 40
0.428571428571429
 40
0.428571428571429
 40
0.428571428571429
 40
0.4285714385714289
 40
0.5714285714285714
 40
0.5714285714285714
 40
0.5714285714285714
 40
0.5714285814285715
 40
0.7142857142857145
 40
0.7142857142857145
 40
0.7142857142857145
 40
0.7142857242857146
 40
1.0
 40
1.0
 40
1.0
 40
1.0
 10
1187.745433848347
 20
672.5476462958272
 30
0.0
 10
1187.745433848347
 20
672.5476462958272
 30
0.0
 10
1187.962345276934
 20
672.5476462958272
 30
0.0
 10
1187.962345276934
 20
672.5476462958272
 30
0.0
 10
1187.962345276934
 20
672.5476462958272
 30
0.0
 10
1187.962345276934
 20
672.6668841571522
 30
0.0
 10
1187.865094538979
 20
672.7641348951152
 30
0.0
 10
1187.745433848347
 20
672.7641348951152
 30
0.0
 10
1187.745433848347
 20
672.7641348951152
 30
0.0
 10
1187.626195987029
 20
672.7641348951152
 30
0.0
 10
1187.528945249066
 20
672.6668841571522
 30
0.0
 10
1187.528945249066
 20
672.5476462958272
 30
0.0
 10
1187.528945249066
 20
672.5476462958272
 30
0.0
 10
1187.528945249066
 20
672.427985605204
 30
0.0
 10
1187.626195987029
 20
672.3307348672427
 30
0.0
 10
1187.745433848347
 20
672.3307348672427
 30
0.0
 10
1187.745433848347
 20
672.3307348672427
 30
0.0
 10
1187.865094538979
 20
672.3307348672427
 30
0.0
 10
1187.962345276934
 20
672.427985605204
 30
0.0
 10
1187.962345276934
 20
672.5476462958272
 30
0.0
 10
1187.962345276934
 20
672.5476462958272
 30
0.0
 10
1187.962345276934
 20
672.5476462958272
 30
0.0
 10
1187.745433848347
 20
672.5476462958272
 30
0.0
 10
1187.745433848347
 20
672.5476462958272
 30
0.0
  0
SPLINE
  5
78C
330
1F
100
AcDbEntity
  8
ºöåçæÄ
100
AcDbSpline
210
0.0
220
0.0
230
0.0
 70
    24
 71
     3
 72
     8
 73
     4
 74
     0
 42
0.000000001
 43
0.0000000001
 40
0.0
 40
0.0
 40
0.0
 40
0.0
 40
1.0
 40
1.0
 40
1.0
 40
1.0
 10
1188.288346663755
 20
673.0897134526372
 30
0.0
 10
1188.288346663755
 20
673.0897134526372
 30
0.0
 10
1191.005024887233
 20
675.8063916761207
 30
0.0
 10
1191.005024887233
 20
675.8063916761207
 30
0.0
  0
SPLINE
  5
78D
330
1F
100
AcDbEntity
  8
ºöåçæÄ
100
AcDbSpline
210
0.0
220
0.0
230
1.0
 70
    11
 71
     3
 72
    28
 73
    24
 74
     0
 42
0.000000001
 43
0.0000000001
 40
0.0
 40
0.0
 40
0.0
 40
0.0
 40
0.1428571428571428
 40
0.1428571428571428
 40
0.1428571428571428
 40
0.1428571528571428
 40
0.2857142857142857
 40
0.2857142857142857
 40
0.2857142857142857
 40
0.2857142957142857
 40
0.428571428571429
 40
0.428571428571429
 40
0.428571428571429
 40
0.4285714385714289
 40
0.5714285714285714
 40
0.5714285714285714
 40
0.5714285714285714
 40
0.5714285814285715
 40
0.7142857142857145
 40
0.7142857142857145
 40
0.7142857142857145
 40
0.7142857242857146
 40
1.0
 40
1.0
 40
1.0
 40
1.0
 10
1191.549629019825
 20
676.3518414672931
 30
0.0
 10
1191.549629019825
 20
676.3518414672931
 30
0.0
 10
1191.766540448404
 20
676.3518414672931
 30
0.0
 10
1191.766540448404
 20
676.3518414672931
 30
0.0
 10
1191.766540448404
 20
676.3518414672931
 30
0.0
 10
1191.766540448404
 20
676.47107932862
 30
0.0
 10
1191.669289710441
 20
676.5683300665811
 30
0.0
 10
1191.549629019825
 20
676.5683300665811
 30
0.0
 10
1191.549629019825
 20
676.5683300665811
 30
0.0
 10
1191.430391158484
 20
676.5683300665811
 30
0.0
 10
1191.333140420535
 20
676.47107932862
 30
0.0
 10
1191.333140420535
 20
676.3518414672931
 30
0.0
 10
1191.333140420535
 20
676.3518414672931
 30
0.0
 10
1191.333140420535
 20
676.2321807766717
 30
0.0
 10
1191.430391158484
 20
676.1349300387106
 30
0.0
 10
1191.549629019825
 20
676.1349300387106
 30
0.0
 10
1191.549629019825
 20
676.1349300387106
 30
0.0
 10
1191.669289710441
 20
676.1349300387106
 30
0.0
 10
1191.766540448404
 20
676.2321807766717
 30
0.0
 10
1191.766540448404
 20
676.3518414672931
 30
0.0
 10
1191.766540448404
 20
676.3518414672931
 30
0.0
 10
1191.766540448404
 20
676.3518414672931
 30
0.0
 10
1191.549629019825
 20
676.3518414672931
 30
0.0
 10
1191.549629019825
 20
676.3518414672931
 30
0.0
  0
SPLINE
  5
78E
330
1F
100
AcDbEntity
  8
ºöåçæÄ
100
AcDbSpline
210
0.0
220
0.0
230
0.0
 70
    24
 71
     3
 72
     8
 73
     4
 74
     0
 42
0.000000001
 43
0.0000000001
 40
0.0
 40
0.0
 40
0.0
 40
0.0
 40
1.0
 40
1.0
 40
1.0
 40
1.0
 10
1192.092541835217
 20
676.8939086241031
 30
0.0
 10
1192.092541835217
 20
676.8939086241031
 30
0.0
 10
1194.80922005871
 20
679.6105868475867
 30
0.0
 10
1194.80922005871
 20
679.6105868475867
 30
0.0
  0
SPLINE
  5
78F
330
1F
100
AcDbEntity
  8
ºöåçæÄ
100
AcDbSpline
210
0.0
220
0.0
230
1.0
 70
    11
 71
     3
 72
    28
 73
    24
 74
     0
 42
0.000000001
 43
0.0000000001
 40
0.0
 40
0.0
 40
0.0
 40
0.0
 40
0.1428571428571428
 40
0.1428571428571428
 40
0.1428571428571428
 40
0.1428571528571428
 40
0.2857142857142857
 40
0.2857142857142857
 40
0.2857142857142857
 40
0.2857142957142857
 40
0.428571428571429
 40
0.428571428571429
 40
0.428571428571429
 40
0.4285714385714289
 40
0.5714285714285714
 40
0.5714285714285714
 40
0.5714285714285714
 40
0.5714285814285715
 40
0.7142857142857145
 40
0.7142857142857145
 40
0.7142857142857145
 40
0.7142857242857146
 40
1.0
 40
1.0
 40
1.0
 40
1.0
 10
1195.352132874101
 20
680.1543453215787
 30
0.0
 10
1195.352132874101
 20
680.1543453215787
 30
0.0
 10
1195.568621473391
 20
680.1543453215787
 30
0.0
 10
1195.568621473391
 20
680.1543453215787
 30
0.0
 10
1195.568621473391
 20
680.1543453215787
 30
0.0
 10
1195.568621473391
 20
680.2740060122
 30
0.0
 10
1195.471370735428
 20
680.3712567501612
 30
0.0
 10
1195.352132874101
 20
680.3712567501612
 30
0.0
 10
1195.352132874101
 20
680.3712567501612
 30
0.0
 10
1195.232472183478
 20
680.3712567501612
 30
0.0
 10
1195.135221445523
 20
680.2740060122
 30
0.0
 10
1195.135221445523
 20
680.1543453215787
 30
0.0
 10
1195.135221445523
 20
680.1543453215787
 30
0.0
 10
1195.135221445523
 20
680.0351074602501
 30
0.0
 10
1195.232472183478
 20
679.9374338929943
 30
0.0
 10
1195.352132874101
 20
679.9374338929943
 30
0.0
 10
1195.352132874101
 20
679.9374338929943
 30
0.0
 10
1195.471370735428
 20
679.9374338929943
 30
0.0
 10
1195.568621473391
 20
680.0351074602501
 30
0.0
 10
1195.568621473391
 20
680.1543453215787
 30
0.0
 10
1195.568621473391
 20
680.1543453215787
 30
0.0
 10
1195.568621473391
 20
680.1543453215787
 30
0.0
 10
1195.352132874101
 20
680.1543453215787
 30
0.0
 10
1195.352132874101
 20
680.1543453215787
 30
0.0
  0
SPLINE
  5
790
330
1F
100
AcDbEntity
  8
ºöåçæÄ
100
AcDbSpline
210
0.0
220
0.0
230
0.0
 70
    24
 71
     3
 72
     8
 73
     4
 74
     0
 42
0.000000001
 43
0.0000000001
 40
0.0
 40
0.0
 40
0.0
 40
0.0
 40
1.0
 40
1.0
 40
1.0
 40
1.0
 10
1195.896737006694
 20
680.6981037955708
 30
0.0
 10
1195.896737006694
 20
680.6981037955708
 30
0.0
 10
1196.427387772518
 20
681.2287545614022
 30
0.0
 10
1196.427387772518
 20
681.2287545614022
 30
0.0
  0
SPLINE
  5
791
330
1F
100
AcDbEntity
  8
ºöåçæÄ
100
AcDbSpline
210
0.0
220
0.0
230
0.0
 70
    24
 71
     3
 72
     8
 73
     4
 74
     0
 42
0.000000001
 43
0.0000000001
 40
0.0
 40
0.0
 40
0.0
 40
0.0
 40
1.0
 40
1.0
 40
1.0
 40
1.0
 10
1188.882844653203
 20
671.5104460340066
 30
0.0
 10
1188.882844653203
 20
671.5104460340066
 30
0.0
 10
1190.190232834841
 20
672.8191027035267
 30
0.0
 10
1190.190232834841
 20
672.8191027035267
 30
0.0
  0
SPLINE
  5
792
330
1F
100
AcDbEntity
  8
ºöåçæÄ
100
AcDbSpline
210
0.0
220
0.0
230
1.0
 70
    11
 71
     3
 72
    28
 73
    24
 74
     0
 42
0.000000001
 43
0.0000000001
 40
0.0
 40
0.0
 40
0.0
 40
0.0
 40
0.1428571428571428
 40
0.1428571428571428
 40
0.1428571428571428
 40
0.1428571528571428
 40
0.2857142857142857
 40
0.2857142857142857
 40
0.2857142857142857
 40
0.2857142957142857
 40
0.428571428571429
 40
0.428571428571429
 40
0.428571428571429
 40
0.4285714385714289
 40
0.5714285714285714
 40
0.5714285714285714
 40
0.5714285714285714
 40
0.5714285814285715
 40
0.7142857142857145
 40
0.7142857142857145
 40
0.7142857142857145
 40
0.7142857242857146
 40
1.0
 40
1.0
 40
1.0
 40
1.0
 10
1190.732722820944
 20
673.3624383482244
 30
0.0
 10
1190.732722820944
 20
673.3624383482244
 30
0.0
 10
1190.949634249538
 20
673.3624383482244
 30
0.0
 10
1190.949634249538
 20
673.3624383482244
 30
0.0
 10
1190.949634249538
 20
673.3624383482244
 30
0.0
 10
1190.949634249538
 20
673.4816762095512
 30
0.0
 10
1190.852383511566
 20
673.5789269475122
 30
0.0
 10
1190.732722820944
 20
673.5789269475122
 30
0.0
 10
1190.732722820944
 20
673.5789269475122
 30
0.0
 10
1190.613484959617
 20
673.5789269475122
 30
0.0
 10
1190.516234221654
 20
673.4816762095512
 30
0.0
 10
1190.516234221654
 20
673.3624383482244
 30
0.0
 10
1190.516234221654
 20
673.3624383482244
 30
0.0
 10
1190.516234221654
 20
673.2427776576027
 30
0.0
 10
1190.613484959617
 20
673.1455269196417
 30
0.0
 10
1190.732722820944
 20
673.1455269196417
 30
0.0
 10
1190.732722820944
 20
673.1455269196417
 30
0.0
 10
1190.852383511566
 20
673.1455269196417
 30
0.0
 10
1190.949634249538
 20
673.2427776576027
 30
0.0
 10
1190.949634249538
 20
673.3624383482244
 30
0.0
 10
1190.949634249538
 20
673.3624383482244
 30
0.0
 10
1190.949634249538
 20
673.3624383482244
 30
0.0
 10
1190.732722820944
 20
673.3624383482244
 30
0.0
 10
1190.732722820944
 20
673.3624383482244
 30
0.0
  0
SPLINE
  5
793
330
1F
100
AcDbEntity
  8
ºöåçæÄ
100
AcDbSpline
210
0.0
220
0.0
230
0.0
 70
    24
 71
     3
 72
     8
 73
     4
 74
     0
 42
0.000000001
 43
0.0000000001
 40
0.0
 40
0.0
 40
0.0
 40
0.0
 40
1.0
 40
1.0
 40
1.0
 40
1.0
 10
1191.277326953529
 20
673.9045055050342
 30
0.0
 10
1191.277326953529
 20
673.9045055050342
 30
0.0
 10
1193.862928095409
 20
676.4917979640983
 30
0.0
 10
1193.862928095409
 20
676.4917979640983
 30
0.0
  0
SPLINE
  5
794
330
1F
100
AcDbEntity
  8
ºöåçæÄ
100
AcDbSpline
210
0.0
220
0.0
230
0.0
 70
    24
 71
     3
 72
     8
 73
     4
 74
     0
 42
0.000000001
 43
0.0000000001
 40
0.0
 40
0.0
 40
0.0
 40
0.0
 40
1.0
 40
1.0
 40
1.0
 40
1.0
 10
1195.77707631607
 20
678.4042548675702
 30
0.0
 10
1195.77707631607
 20
678.4042548675702
 30
0.0
 10
1197.798623177773
 20
680.4258017292765
 30
0.0
 10
1197.798623177773
 20
680.4258017292765
 30
0.0
  0
SPLINE
  5
795
330
1F
100
AcDbEntity
  8
ºöåçæÄ
100
AcDbSpline
210
0.0
220
0.0
230
1.0
 70
    11
 71
     3
 72
    28
 73
    24
 74
     0
 42
0.000000001
 43
0.0000000001
 40
0.0
 40
0.0
 40
0.0
 40
0.0
 40
0.1428571428571428
 40
0.1428571428571428
 40
0.1428571428571428
 40
0.1428571528571428
 40
0.2857142857142857
 40
0.2857142857142857
 40
0.2857142857142857
 40
0.2857142957142857
 40
0.428571428571429
 40
0.428571428571429
 40
0.428571428571429
 40
0.4285714385714289
 40
0.5714285714285714
 40
0.5714285714285714
 40
0.5714285714285714
 40
0.5714285814285715
 40
0.7142857142857145
 40
0.7142857142857145
 40
0.7142857142857145
 40
0.7142857242857146
 40
1.0
 40
1.0
 40
1.0
 40
1.0
 10
1198.341113163876
 20
680.9708286911577
 30
0.0
 10
1198.341113163876
 20
680.9708286911577
 30
0.0
 10
1198.558024592455
 20
680.9708286911577
 30
0.0
 10
1198.558024592455
 20
680.9708286911577
 30
0.0
 10
1198.558024592455
 20
680.9708286911577
 30
0.0
 10
1198.558024592455
 20
681.0900665524829
 30
0.0
 10
1198.460773854506
 20
681.1873172904437
 30
0.0
 10
1198.341113163876
 20
681.1873172904437
 30
0.0
 10
1198.341113163876
 20
681.1873172904437
 30
0.0
 10
1198.221875302556
 20
681.1873172904437
 30
0.0
 10
1198.124624564593
 20
681.0900665524829
 30
0.0
 10
1198.124624564593
 20
680.9708286911577
 30
0.0
 10
1198.124624564593
 20
680.9708286911577
 30
0.0
 10
1198.124624564593
 20
680.8511680005343
 30
0.0
 10
1198.221875302556
 20
680.7539172625716
 30
0.0
 10
1198.341113163876
 20
680.7539172625716
 30
0.0
 10
1198.341113163876
 20
680.7539172625716
 30
0.0
 10
1198.460773854506
 20
680.7539172625716
 30
0.0
 10
1198.558024592455
 20
680.8511680005343
 30
0.0
 10
1198.558024592455
 20
680.9708286911577
 30
0.0
 10
1198.558024592455
 20
680.9708286911577
 30
0.0
 10
1198.558024592455
 20
680.9708286911577
 30
0.0
 10
1198.341113163876
 20
680.9708286911577
 30
0.0
 10
1198.341113163876
 20
680.9708286911577
 30
0.0
  0
SPLINE
  5
796
330
1F
100
AcDbEntity
  8
ºöåçæÄ
100
AcDbSpline
210
0.0
220
0.0
230
0.0
 70
    24
 71
     3
 72
     8
 73
     4
 74
     0
 42
0.000000001
 43
0.0000000001
 40
0.0
 40
0.0
 40
0.0
 40
0.0
 40
1.0
 40
1.0
 40
1.0
 40
1.0
 10
1191.055764402697
 20
671.5104460340066
 30
0.0
 10
1191.055764402697
 20
671.5104460340066
 30
0.0
 10
1193.179635953919
 20
673.6343175852202
 30
0.0
 10
1193.179635953919
 20
673.6343175852202
 30
0.0
  0
SPLINE
  5
797
330
1F
100
AcDbEntity
  8
ºöåçæÄ
100
AcDbSpline
210
0.0
220
0.0
230
1.0
 70
    11
 71
     3
 72
    28
 73
    24
 74
     0
 42
0.000000001
 43
0.0000000001
 40
0.0
 40
0.0
 40
0.0
 40
0.0
 40
0.1428571428571428
 40
0.1428571428571428
 40
0.1428571428571428
 40
0.1428571528571428
 40
0.2857142857142857
 40
0.2857142857142857
 40
0.2857142857142857
 40
0.2857142957142857
 40
0.428571428571429
 40
0.428571428571429
 40
0.428571428571429
 40
0.4285714385714289
 40
0.5714285714285714
 40
0.5714285714285714
 40
0.5714285714285714
 40
0.5714285814285715
 40
0.7142857142857145
 40
0.7142857142857145
 40
0.7142857142857145
 40
0.7142857242857146
 40
1.0
 40
1.0
 40
1.0
 40
1.0
 10
1193.722125940015
 20
674.1772304006197
 30
0.0
 10
1193.722125940015
 20
674.1772304006197
 30
0.0
 10
1193.939037368593
 20
674.1772304006197
 30
0.0
 10
1193.939037368593
 20
674.1772304006197
 30
0.0
 10
1193.939037368593
 20
674.1772304006197
 30
0.0
 10
1193.939037368593
 20
674.2968910912427
 30
0.0
 10
1193.841786630638
 20
674.3941418292036
 30
0.0
 10
1193.722125940015
 20
674.3941418292036
 30
0.0
 10
1193.722125940015
 20
674.3941418292036
 30
0.0
 10
1193.602888078688
 20
674.3941418292036
 30
0.0
 10
1193.505214511429
 20
674.2968910912427
 30
0.0
 10
1193.505214511429
 20
674.1772304006197
 30
0.0
 10
1193.505214511429
 20
674.1772304006197
 30
0.0
 10
1193.505214511429
 20
674.0579925392945
 30
0.0
 10
1193.602888078688
 20
673.9603189720387
 30
0.0
 10
1193.722125940015
 20
673.9603189720387
 30
0.0
 10
1193.722125940015
 20
673.9603189720387
 30
0.0
 10
1193.841786630638
 20
673.9603189720387
 30
0.0
 10
1193.939037368593
 20
674.0579925392945
 30
0.0
 10
1193.939037368593
 20
674.1772304006197
 30
0.0
 10
1193.939037368593
 20
674.1772304006197
 30
0.0
 10
1193.939037368593
 20
674.1772304006197
 30
0.0
 10
1193.722125940015
 20
674.1772304006197
 30
0.0
 10
1193.722125940015
 20
674.1772304006197
 30
0.0
  0
SPLINE
  5
798
330
1F
100
AcDbEntity
  8
ºöåçæÄ
100
AcDbSpline
210
0.0
220
0.0
230
1.0
 70
    11
 71
     3
 72
    28
 73
    24
 74
     0
 42
0.000000001
 43
0.0000000001
 40
0.0
 40
0.0
 40
0.0
 40
0.0
 40
0.1428571428571428
 40
0.1428571428571428
 40
0.1428571428571428
 40
0.1428571528571428
 40
0.2857142857142857
 40
0.2857142857142857
 40
0.2857142857142857
 40
0.2857142957142857
 40
0.428571428571429
 40
0.428571428571429
 40
0.428571428571429
 40
0.4285714385714289
 40
0.5714285714285714
 40
0.5714285714285714
 40
0.5714285714285714
 40
0.5714285814285715
 40
0.7142857142857145
 40
0.7142857142857145
 40
0.7142857142857145
 40
0.7142857242857146
 40
1.0
 40
1.0
 40
1.0
 40
1.0
 10
1193.229529810776
 20
671.5108688633014
 30
0.0
 10
1193.229529810776
 20
671.5108688633014
 30
0.0
 10
1193.446441239362
 20
671.5108688633014
 30
0.0
 10
1193.446441239362
 20
671.5108688633014
 30
0.0
 10
1193.446441239362
 20
671.5108688633014
 30
0.0
 10
1193.446441239362
 20
671.6305295539227
 30
0.0
 10
1193.349190501406
 20
671.727780291884
 30
0.0
 10
1193.229529810776
 20
671.727780291884
 30
0.0
 10
1193.229529810776
 20
671.727780291884
 30
0.0
 10
1193.110291949449
 20
671.727780291884
 30
0.0
 10
1193.013041211486
 20
671.6305295539227
 30
0.0
 10
1193.013041211486
 20
671.5108688633014
 30
0.0
 10
1193.013041211486
 20
671.5108688633014
 30
0.0
 10
1193.013041211486
 20
671.3916310019746
 30
0.0
 10
1193.110291949449
 20
671.2939574347171
 30
0.0
 10
1193.229529810776
 20
671.2939574347171
 30
0.0
 10
1193.229529810776
 20
671.2939574347171
 30
0.0
 10
1193.349190501406
 20
671.2939574347171
 30
0.0
 10
1193.446441239362
 20
671.3916310019746
 30
0.0
 10
1193.446441239362
 20
671.5108688633014
 30
0.0
 10
1193.446441239362
 20
671.5108688633014
 30
0.0
 10
1193.446441239362
 20
671.5108688633014
 30
0.0
 10
1193.229529810776
 20
671.5108688633014
 30
0.0
 10
1193.229529810776
 20
671.5108688633014
 30
0.0
  0
SPLINE
  5
799
330
1F
100
AcDbEntity
  8
ºöåçæÄ
100
AcDbSpline
210
0.0
220
0.0
230
0.0
 70
    24
 71
     3
 72
     8
 73
     4
 74
     0
 42
0.000000001
 43
0.0000000001
 40
0.0
 40
0.0
 40
0.0
 40
0.0
 40
1.0
 40
1.0
 40
1.0
 40
1.0
 10
1193.451938020201
 20
671.7320085848392
 30
0.0
 10
1193.451938020201
 20
671.7320085848392
 30
0.0
 10
1193.862928095409
 20
672.145112806526
 30
0.0
 10
1193.862928095409
 20
672.145112806526
 30
0.0
  0
SPLINE
  5
79A
330
1F
100
AcDbEntity
  8
ºöåçæÄ
100
AcDbSpline
210
0.0
220
0.0
230
0.0
 70
    24
 71
     3
 72
     8
 73
     4
 74
     0
 42
0.000000001
 43
0.0000000001
 40
0.0
 40
0.0
 40
0.0
 40
0.0
 40
1.0
 40
1.0
 40
1.0
 40
1.0
 10
1196.974951710171
 20
677.429633341481
 30
0.0
 10
1196.974951710171
 20
677.429633341481
 30
0.0
 10
1196.983831125381
 20
677.4363986102075
 30
0.0
 10
1196.983831125381
 20
677.4363986102075
 30
0.0
  0
SPLINE
  5
79B
330
1F
100
AcDbEntity
  8
ºöåçæÄ
100
AcDbSpline
210
0.0
220
0.0
230
1.0
 70
    11
 71
     3
 72
    28
 73
    24
 74
     0
 42
0.000000001
 43
0.0000000001
 40
0.0
 40
0.0
 40
0.0
 40
0.0
 40
0.1428571428571428
 40
0.1428571428571428
 40
0.1428571428571428
 40
0.1428571528571428
 40
0.2857142857142857
 40
0.2857142857142857
 40
0.2857142857142857
 40
0.2857142957142857
 40
0.428571428571429
 40
0.428571428571429
 40
0.428571428571429
 40
0.4285714385714289
 40
0.5714285714285714
 40
0.5714285714285714
 40
0.5714285714285714
 40
0.5714285814285715
 40
0.7142857142857145
 40
0.7142857142857145
 40
0.7142857142857145
 40
0.7142857242857146
 40
1.0
 40
1.0
 40
1.0
 40
1.0
 10
1197.526321111477
 20
677.9814255720872
 30
0.0
 10
1197.526321111477
 20
677.9814255720872
 30
0.0
 10
1197.743232540063
 20
677.9814255720872
 30
0.0
 10
1197.743232540063
 20
677.9814255720872
 30
0.0
 10
1197.743232540063
 20
677.9814255720872
 30
0.0
 10
1197.743232540063
 20
678.1010862627105
 30
0.0
 10
1197.645981802107
 20
678.1983370006697
 30
0.0
 10
1197.526321111477
 20
678.1983370006697
 30
0.0
 10
1197.526321111477
 20
678.1983370006697
 30
0.0
 10
1197.407083250157
 20
678.1983370006697
 30
0.0
 10
1197.309409682905
 20
678.1010862627105
 30
0.0
 10
1197.309409682905
 20
677.9814255720872
 30
0.0
 10
1197.309409682905
 20
677.9814255720872
 30
0.0
 10
1197.309409682905
 20
677.8621877107602
 30
0.0
 10
1197.407083250157
 20
677.7645141435047
 30
0.0
 10
1197.526321111477
 20
677.7645141435047
 30
0.0
 10
1197.526321111477
 20
677.7645141435047
 30
0.0
 10
1197.645981802107
 20
677.7645141435047
 30
0.0
 10
1197.743232540063
 20
677.8621877107602
 30
0.0
 10
1197.743232540063
 20
677.9814255720872
 30
0.0
 10
1197.743232540063
 20
677.9814255720872
 30
0.0
 10
1197.743232540063
 20
677.9814255720872
 30
0.0
 10
1197.526321111477
 20
677.9814255720872
 30
0.0
 10
1197.526321111477
 20
677.9814255720872
 30
0.0
  0
SPLINE
  5
79C
330
1F
100
AcDbEntity
  8
ºöåçæÄ
100
AcDbSpline
210
0.0
220
0.0
230
0.0
 70
    24
 71
     3
 72
     8
 73
     4
 74
     0
 42
0.000000001
 43
0.0000000001
 40
0.0
 40
0.0
 40
0.0
 40
0.0
 40
1.0
 40
1.0
 40
1.0
 40
1.0
 10
1198.070925244062
 20
678.523492728897
 30
0.0
 10
1198.070925244062
 20
678.523492728897
 30
0.0
 10
1200.77407293009
 20
681.2287545614022
 30
0.0
 10
1200.77407293009
 20
681.2287545614022
 30
0.0
  0
SPLINE
  5
79D
330
1F
100
AcDbEntity
  8
ºöåçæÄ
100
AcDbSpline
210
0.0
220
0.0
230
1.0
 70
    11
 71
     3
 72
    28
 73
    24
 74
     0
 42
0.000000001
 43
0.0000000001
 40
0.0
 40
0.0
 40
0.0
 40
0.0
 40
0.1428571428571428
 40
0.1428571428571428
 40
0.1428571428571428
 40
0.1428571528571428
 40
0.2857142857142857
 40
0.2857142857142857
 40
0.2857142857142857
 40
0.2857142957142857
 40
0.428571428571429
 40
0.428571428571429
 40
0.428571428571429
 40
0.4285714385714289
 40
0.5714285714285714
 40
0.5714285714285714
 40
0.5714285714285714
 40
0.5714285814285715
 40
0.7142857142857145
 40
0.7142857142857145
 40
0.7142857142857145
 40
0.7142857242857146
 40
1.0
 40
1.0
 40
1.0
 40
1.0
 10
1196.974951710171
 20
675.2562907626947
 30
0.0
 10
1196.974951710171
 20
675.2562907626947
 30
0.0
 10
1197.191440309468
 20
675.2562907626947
 30
0.0
 10
1197.191440309468
 20
675.2562907626947
 30
0.0
 10
1197.191440309468
 20
675.2562907626947
 30
0.0
 10
1197.191440309468
 20
675.3755286240217
 30
0.0
 10
1197.09418957149
 20
675.4727793619846
 30
0.0
 10
1196.974951710171
 20
675.4727793619846
 30
0.0
 10
1196.974951710171
 20
675.4727793619846
 30
0.0
 10
1196.855291019548
 20
675.4727793619846
 30
0.0
 10
1196.758040281592
 20
675.3755286240217
 30
0.0
 10
1196.758040281592
 20
675.2562907626947
 30
0.0
 10
1196.758040281592
 20
675.2562907626947
 30
0.0
 10
1196.758040281592
 20
675.1366300720753
 30
0.0
 10
1196.855291019548
 20
675.0393793341124
 30
0.0
 10
1196.974951710171
 20
675.0393793341124
 30
0.0
 10
1196.974951710171
 20
675.0393793341124
 30
0.0
 10
1197.09418957149
 20
675.0393793341124
 30
0.0
 10
1197.191440309468
 20
675.1366300720753
 30
0.0
 10
1197.191440309468
 20
675.2562907626947
 30
0.0
 10
1197.191440309468
 20
675.2562907626947
 30
0.0
 10
1197.191440309468
 20
675.2562907626947
 30
0.0
 10
1196.974951710171
 20
675.2562907626947
 30
0.0
 10
1196.974951710171
 20
675.2562907626947
 30
0.0
  0
SPLINE
  5
79E
330
1F
100
AcDbEntity
  8
ºöåçæÄ
100
AcDbSpline
210
0.0
220
0.0
230
0.0
 70
    24
 71
     3
 72
     8
 73
     4
 74
     0
 42
0.000000001
 43
0.0000000001
 40
0.0
 40
0.0
 40
0.0
 40
0.0
 40
1.0
 40
1.0
 40
1.0
 40
1.0
 10
1197.254019045188
 20
675.5349352684175
 30
0.0
 10
1197.254019045188
 20
675.5349352684175
 30
0.0
 10
1199.971120097963
 20
678.2533048090832
 30
0.0
 10
1199.971120097963
 20
678.2533048090832
 30
0.0
  0
SPLINE
  5
79F
330
1F
100
AcDbEntity
  8
ºöåçæÄ
100
AcDbSpline
210
0.0
220
0.0
230
1.0
 70
    11
 71
     3
 72
    28
 73
    24
 74
     0
 42
0.000000001
 43
0.0000000001
 40
0.0
 40
0.0
 40
0.0
 40
0.0
 40
0.1428571428571428
 40
0.1428571428571428
 40
0.1428571428571428
 40
0.1428571528571428
 40
0.2857142857142857
 40
0.2857142857142857
 40
0.2857142857142857
 40
0.2857142957142857
 40
0.428571428571429
 40
0.428571428571429
 40
0.428571428571429
 40
0.4285714385714289
 40
0.5714285714285714
 40
0.5714285714285714
 40
0.5714285714285714
 40
0.5714285814285715
 40
0.7142857142857145
 40
0.7142857142857145
 40
0.7142857142857145
 40
0.7142857242857146
 40
1.0
 40
1.0
 40
1.0
 40
1.0
 10
1200.515724230547
 20
678.7962176244842
 30
0.0
 10
1200.515724230547
 20
678.7962176244842
 30
0.0
 10
1200.732212829837
 20
678.7962176244842
 30
0.0
 10
1200.732212829837
 20
678.7962176244842
 30
0.0
 10
1200.732212829837
 20
678.7962176244842
 30
0.0
 10
1200.732212829837
 20
678.9158783151057
 30
0.0
 10
1200.634962091874
 20
679.0131290530667
 30
0.0
 10
1200.515724230547
 20
679.0131290530667
 30
0.0
 10
1200.515724230547
 20
679.0131290530667
 30
0.0
 10
1200.396063539939
 20
679.0131290530667
 30
0.0
 10
1200.298812801969
 20
678.9158783151057
 30
0.0
 10
1200.298812801969
 20
678.7962176244842
 30
0.0
 10
1200.298812801969
 20
678.7962176244842
 30
0.0
 10
1200.298812801969
 20
678.6769797631572
 30
0.0
 10
1200.396063539939
 20
678.5797290251962
 30
0.0
 10
1200.515724230547
 20
678.5797290251962
 30
0.0
 10
1200.515724230547
 20
678.5797290251962
 30
0.0
 10
1200.634962091874
 20
678.5797290251962
 30
0.0
 10
1200.732212829837
 20
678.6769797631572
 30
0.0
 10
1200.732212829837
 20
678.7962176244842
 30
0.0
 10
1200.732212829837
 20
678.7962176244842
 30
0.0
 10
1200.732212829837
 20
678.7962176244842
 30
0.0
 10
1200.515724230547
 20
678.7962176244842
 30
0.0
 10
1200.515724230547
 20
678.7962176244842
 30
0.0
  0
SPLINE
  5
7A0
330
1F
100
AcDbEntity
  8
ºöåçæÄ
100
AcDbSpline
210
0.0
220
0.0
230
0.0
 70
    24
 71
     3
 72
     8
 73
     4
 74
     0
 42
0.000000001
 43
0.0000000001
 40
0.0
 40
0.0
 40
0.0
 40
0.0
 40
1.0
 40
1.0
 40
1.0
 40
1.0
 10
1201.05821421665
 20
679.338284781296
 30
0.0
 10
1201.05821421665
 20
679.338284781296
 30
0.0
 10
1202.948683996762
 20
681.2287545614022
 30
0.0
 10
1202.948683996762
 20
681.2287545614022
 30
0.0
  0
SPLINE
  5
7A1
330
1F
100
AcDbEntity
  8
ºöåçæÄ
100
AcDbSpline
210
0.0
220
0.0
230
0.0
 70
    24
 71
     3
 72
     8
 73
     4
 74
     0
 42
0.000000001
 43
0.0000000001
 40
0.0
 40
0.0
 40
0.0
 40
0.0
 40
1.0
 40
1.0
 40
1.0
 40
1.0
 10
1196.974951710171
 20
673.082525354614
 30
0.0
 10
1196.974951710171
 20
673.082525354614
 30
0.0
 10
1199.156328045571
 20
675.2639016900142
 30
0.0
 10
1199.156328045571
 20
675.2639016900142
 30
0.0
  0
SPLINE
  5
7A2
330
1F
100
AcDbEntity
  8
ºöåçæÄ
100
AcDbSpline
210
0.0
220
0.0
230
1.0
 70
    11
 71
     3
 72
    28
 73
    24
 74
     0
 42
0.000000001
 43
0.0000000001
 40
0.0
 40
0.0
 40
0.0
 40
0.0
 40
0.1428571428571428
 40
0.1428571428571428
 40
0.1428571428571428
 40
0.1428571528571428
 40
0.2857142857142857
 40
0.2857142857142857
 40
0.2857142857142857
 40
0.2857142957142857
 40
0.428571428571429
 40
0.428571428571429
 40
0.428571428571429
 40
0.4285714385714289
 40
0.5714285714285714
 40
0.5714285714285714
 40
0.5714285714285714
 40
0.5714285814285715
 40
0.7142857142857145
 40
0.7142857142857145
 40
0.7142857142857145
 40
0.7142857242857146
 40
1.0
 40
1.0
 40
1.0
 40
1.0
 10
1199.698818031674
 20
675.8072373347117
 30
0.0
 10
1199.698818031674
 20
675.8072373347117
 30
0.0
 10
1199.915729460252
 20
675.8072373347117
 30
0.0
 10
1199.915729460252
 20
675.8072373347117
 30
0.0
 10
1199.915729460252
 20
675.8072373347117
 30
0.0
 10
1199.915729460252
 20
675.9264751960369
 30
0.0
 10
1199.818055893
 20
676.0237259339977
 30
0.0
 10
1199.698818031674
 20
676.0237259339977
 30
0.0
 10
1199.698818031674
 20
676.0237259339977
 30
0.0
 10
1199.579157341065
 20
676.0237259339977
 30
0.0
 10
1199.481906603095
 20
675.9264751960369
 30
0.0
 10
1199.481906603095
 20
675.8072373347117
 30
0.0
 10
1199.481906603095
 20
675.8072373347117
 30
0.0
 10
1199.481906603095
 20
675.6875766440903
 30
0.0
 10
1199.579157341065
 20
675.5903259061255
 30
0.0
 10
1199.698818031674
 20
675.5903259061255
 30
0.0
 10
1199.698818031674
 20
675.5903259061255
 30
0.0
 10
1199.818055893
 20
675.5903259061255
 30
0.0
 10
1199.915729460252
 20
675.6875766440903
 30
0.0
 10
1199.915729460252
 20
675.8072373347117
 30
0.0
 10
1199.915729460252
 20
675.8072373347117
 30
0.0
 10
1199.915729460252
 20
675.8072373347117
 30
0.0
 10
1199.698818031674
 20
675.8072373347117
 30
0.0
 10
1199.698818031674
 20
675.8072373347117
 30
0.0
  0
SPLINE
  5
7A3
330
1F
100
AcDbEntity
  8
ºöåçæÄ
100
AcDbSpline
210
0.0
220
0.0
230
0.0
 70
    24
 71
     3
 72
     8
 73
     4
 74
     0
 42
0.000000001
 43
0.0000000001
 40
0.0
 40
0.0
 40
0.0
 40
0.0
 40
1.0
 40
1.0
 40
1.0
 40
1.0
 10
1200.243422164259
 20
676.3509958087037
 30
0.0
 10
1200.243422164259
 20
676.3509958087037
 30
0.0
 10
1202.960523217041
 20
679.0680968614782
 30
0.0
 10
1202.960523217041
 20
679.0680968614782
 30
0.0
  0
SPLINE
  5
7A4
330
1F
100
AcDbEntity
  8
ºöåçæÄ
100
AcDbSpline
210
0.0
220
0.0
230
1.0
 70
    11
 71
     3
 72
    28
 73
    24
 74
     0
 42
0.000000001
 43
0.0000000001
 40
0.0
 40
0.0
 40
0.0
 40
0.0
 40
0.1428571428571428
 40
0.1428571428571428
 40
0.1428571428571428
 40
0.1428571528571428
 40
0.2857142857142857
 40
0.2857142857142857
 40
0.2857142857142857
 40
0.2857142957142857
 40
0.428571428571429
 40
0.428571428571429
 40
0.428571428571429
 40
0.4285714385714289
 40
0.5714285714285714
 40
0.5714285714285714
 40
0.5714285714285714
 40
0.5714285814285715
 40
0.7142857142857145
 40
0.7142857142857145
 40
0.7142857142857145
 40
0.7142857242857146
 40
1.0
 40
1.0
 40
1.0
 40
1.0
 10
1203.503013203151
 20
679.6114325061758
 30
0.0
 10
1203.503013203151
 20
679.6114325061758
 30
0.0
 10
1203.719924631737
 20
679.6114325061758
 30
0.0
 10
1203.719924631737
 20
679.6114325061758
 30
0.0
 10
1203.719924631737
 20
679.6114325061758
 30
0.0
 10
1203.719924631737
 20
679.7306703675027
 30
0.0
 10
1203.62225106447
 20
679.8279211054656
 30
0.0
 10
1203.503013203151
 20
679.8279211054656
 30
0.0
 10
1203.503013203151
 20
679.8279211054656
 30
0.0
 10
1203.383352512513
 20
679.8279211054656
 30
0.0
 10
1203.286101774557
 20
679.7306703675027
 30
0.0
 10
1203.286101774557
 20
679.6114325061758
 30
0.0
 10
1203.286101774557
 20
679.6114325061758
 30
0.0
 10
1203.286101774557
 20
679.4917718155543
 30
0.0
 10
1203.383352512513
 20
679.3945210775932
 30
0.0
 10
1203.503013203151
 20
679.3945210775932
 30
0.0
 10
1203.503013203151
 20
679.3945210775932
 30
0.0
 10
1203.62225106447
 20
679.3945210775932
 30
0.0
 10
1203.719924631737
 20
679.4917718155543
 30
0.0
 10
1203.719924631737
 20
679.6114325061758
 30
0.0
 10
1203.719924631737
 20
679.6114325061758
 30
0.0
 10
1203.719924631737
 20
679.6114325061758
 30
0.0
 10
1203.503013203151
 20
679.6114325061758
 30
0.0
 10
1203.503013203151
 20
679.6114325061758
 30
0.0
  0
SPLINE
  5
7A5
330
1F
100
AcDbEntity
  8
ºöåçæÄ
100
AcDbSpline
210
0.0
220
0.0
230
0.0
 70
    24
 71
     3
 72
     8
 73
     4
 74
     0
 42
0.000000001
 43
0.0000000001
 40
0.0
 40
0.0
 40
0.0
 40
0.0
 40
1.0
 40
1.0
 40
1.0
 40
1.0
 10
1204.047617335721
 20
680.1539224922802
 30
0.0
 10
1204.047617335721
 20
680.1539224922802
 30
0.0
 10
1205.121180916966
 20
681.2287545614022
 30
0.0
 10
1205.121180916966
 20
681.2287545614022
 30
0.0
  0
SPLINE
  5
7A6
330
1F
100
AcDbEntity
  8
ºöåçæÄ
100
AcDbSpline
210
0.0
220
0.0
230
0.0
 70
    24
 71
     3
 72
     8
 73
     4
 74
     0
 42
0.000000001
 43
0.0000000001
 40
0.0
 40
0.0
 40
0.0
 40
0.0
 40
1.0
 40
1.0
 40
1.0
 40
1.0
 10
1197.576637797637
 20
671.5104460340066
 30
0.0
 10
1197.576637797637
 20
671.5104460340066
 30
0.0
 10
1198.341113163876
 20
672.2744985709437
 30
0.0
 10
1198.341113163876
 20
672.2744985709437
 30
0.0
  0
SPLINE
  5
7A7
330
1F
100
AcDbEntity
  8
ºöåçæÄ
100
AcDbSpline
210
0.0
220
0.0
230
1.0
 70
    11
 71
     3
 72
    28
 73
    24
 74
     0
 42
0.000000001
 43
0.0000000001
 40
0.0
 40
0.0
 40
0.0
 40
0.0
 40
0.1428571428571428
 40
0.1428571428571428
 40
0.1428571428571428
 40
0.1428571528571428
 40
0.2857142857142857
 40
0.2857142857142857
 40
0.2857142857142857
 40
0.2857142957142857
 40
0.428571428571429
 40
0.428571428571429
 40
0.428571428571429
 40
0.4285714385714289
 40
0.5714285714285714
 40
0.5714285714285714
 40
0.5714285714285714
 40
0.5714285814285715
 40
0.7142857142857145
 40
0.7142857142857145
 40
0.7142857142857145
 40
0.7142857242857146
 40
1.0
 40
1.0
 40
1.0
 40
1.0
 10
1198.885717296461
 20
672.8199483621197
 30
0.0
 10
1198.885717296461
 20
672.8199483621197
 30
0.0
 10
1199.102628725039
 20
672.8199483621197
 30
0.0
 10
1199.102628725039
 20
672.8199483621197
 30
0.0
 10
1199.102628725039
 20
672.8199483621197
 30
0.0
 10
1199.102628725039
 20
672.9391862234447
 30
0.0
 10
1199.005377987084
 20
673.0364369614059
 30
0.0
 10
1198.885717296461
 20
673.0364369614059
 30
0.0
 10
1198.885717296461
 20
673.0364369614059
 30
0.0
 10
1198.766479435134
 20
673.0364369614059
 30
0.0
 10
1198.669228697171
 20
672.9391862234447
 30
0.0
 10
1198.669228697171
 20
672.8199483621197
 30
0.0
 10
1198.669228697171
 20
672.8199483621197
 30
0.0
 10
1198.669228697171
 20
672.7002876714982
 30
0.0
 10
1198.766479435134
 20
672.6030369335371
 30
0.0
 10
1198.885717296461
 20
672.6030369335371
 30
0.0
 10
1198.885717296461
 20
672.6030369335371
 30
0.0
 10
1199.005377987084
 20
672.6030369335371
 30
0.0
 10
1199.102628725039
 20
672.7002876714982
 30
0.0
 10
1199.102628725039
 20
672.8199483621197
 30
0.0
 10
1199.102628725039
 20
672.8199483621197
 30
0.0
 10
1199.102628725039
 20
672.8199483621197
 30
0.0
 10
1198.885717296461
 20
672.8199483621197
 30
0.0
 10
1198.885717296461
 20
672.8199483621197
 30
0.0
  0
SPLINE
  5
7A8
330
1F
100
AcDbEntity
  8
ºöåçæÄ
100
AcDbSpline
210
0.0
220
0.0
230
0.0
 70
    24
 71
     3
 72
     8
 73
     4
 74
     0
 42
0.000000001
 43
0.0000000001
 40
0.0
 40
0.0
 40
0.0
 40
0.0
 40
1.0
 40
1.0
 40
1.0
 40
1.0
 10
1199.42863011186
 20
673.3620155189298
 30
0.0
 10
1199.42863011186
 20
673.3620155189298
 30
0.0
 10
1202.145308335345
 20
676.0786937424095
 30
0.0
 10
1202.145308335345
 20
676.0786937424095
 30
0.0
  0
SPLINE
  5
7A9
330
1F
100
AcDbEntity
  8
ºöåçæÄ
100
AcDbSpline
210
0.0
220
0.0
230
1.0
 70
    11
 71
     3
 72
    28
 73
    24
 74
     0
 42
0.000000001
 43
0.0000000001
 40
0.0
 40
0.0
 40
0.0
 40
0.0
 40
0.1428571428571428
 40
0.1428571428571428
 40
0.1428571428571428
 40
0.1428571528571428
 40
0.2857142857142857
 40
0.2857142857142857
 40
0.2857142857142857
 40
0.2857142957142857
 40
0.428571428571429
 40
0.428571428571429
 40
0.428571428571429
 40
0.4285714385714289
 40
0.5714285714285714
 40
0.5714285714285714
 40
0.5714285714285714
 40
0.5714285814285715
 40
0.7142857142857145
 40
0.7142857142857145
 40
0.7142857142857145
 40
0.7142857242857146
 40
1.0
 40
1.0
 40
1.0
 40
1.0
 10
1202.688221150744
 20
676.6241435335837
 30
0.0
 10
1202.688221150744
 20
676.6241435335837
 30
0.0
 10
1202.904709750041
 20
676.6241435335837
 30
0.0
 10
1202.904709750041
 20
676.6241435335837
 30
0.0
 10
1202.904709750041
 20
676.6241435335837
 30
0.0
 10
1202.904709750041
 20
676.7433813949125
 30
0.0
 10
1202.807459012064
 20
676.8406321328735
 30
0.0
 10
1202.688221150744
 20
676.8406321328735
 30
0.0
 10
1202.688221150744
 20
676.8406321328735
 30
0.0
 10
1202.568560460121
 20
676.8406321328735
 30
0.0
 10
1202.471309722158
 20
676.7433813949125
 30
0.0
 10
1202.471309722158
 20
676.6241435335837
 30
0.0
 10
1202.471309722158
 20
676.6241435335837
 30
0.0
 10
1202.471309722158
 20
676.5044828429624
 30
0.0
 10
1202.568560460121
 20
676.4072321050031
 30
0.0
 10
1202.688221150744
 20
676.4072321050031
 30
0.0
 10
1202.688221150744
 20
676.4072321050031
 30
0.0
 10
1202.807459012064
 20
676.4072321050031
 30
0.0
 10
1202.904709750041
 20
676.5044828429624
 30
0.0
 10
1202.904709750041
 20
676.6241435335837
 30
0.0
 10
1202.904709750041
 20
676.6241435335837
 30
0.0
 10
1202.904709750041
 20
676.6241435335837
 30
0.0
 10
1202.688221150744
 20
676.6241435335837
 30
0.0
 10
1202.688221150744
 20
676.6241435335837
 30
0.0
  0
SPLINE
  5
7AA
330
1F
100
AcDbEntity
  8
ºöåçæÄ
100
AcDbSpline
210
0.0
220
0.0
230
0.0
 70
    24
 71
     3
 72
     8
 73
     4
 74
     0
 42
0.000000001
 43
0.0000000001
 40
0.0
 40
0.0
 40
0.0
 40
0.0
 40
1.0
 40
1.0
 40
1.0
 40
1.0
 10
1203.232825283329
 20
677.1662106903938
 30
0.0
 10
1203.232825283329
 20
677.1662106903938
 30
0.0
 10
1205.949503506807
 20
679.8816204259916
 30
0.0
 10
1205.949503506807
 20
679.8816204259916
 30
0.0
  0
SPLINE
  5
7AB
330
1F
100
AcDbEntity
  8
ºöåçæÄ
100
AcDbSpline
210
0.0
220
0.0
230
1.0
 70
    11
 71
     3
 72
    28
 73
    24
 74
     0
 42
0.000000001
 43
0.0000000001
 40
0.0
 40
0.0
 40
0.0
 40
0.0
 40
0.1428571428571428
 40
0.1428571428571428
 40
0.1428571428571428
 40
0.1428571528571428
 40
0.2857142857142857
 40
0.2857142857142857
 40
0.2857142857142857
 40
0.2857142957142857
 40
0.428571428571429
 40
0.428571428571429
 40
0.428571428571429
 40
0.4285714385714289
 40
0.5714285714285714
 40
0.5714285714285714
 40
0.5714285714285714
 40
0.5714285814285715
 40
0.7142857142857145
 40
0.7142857142857145
 40
0.7142857142857145
 40
0.7142857242857146
 40
1.0
 40
1.0
 40
1.0
 40
1.0
 10
1206.492416322207
 20
680.4262245585747
 30
0.0
 10
1206.492416322207
 20
680.4262245585747
 30
0.0
 10
1206.708904921504
 20
680.4262245585747
 30
0.0
 10
1206.708904921504
 20
680.4262245585747
 30
0.0
 10
1206.708904921504
 20
680.4262245585747
 30
0.0
 10
1206.708904921504
 20
680.5454624198997
 30
0.0
 10
1206.611654183533
 20
680.6431359871552
 30
0.0
 10
1206.492416322207
 20
680.6431359871552
 30
0.0
 10
1206.492416322207
 20
680.6431359871552
 30
0.0
 10
1206.372755631591
 20
680.6431359871552
 30
0.0
 10
1206.275504893635
 20
680.5454624198997
 30
0.0
 10
1206.275504893635
 20
680.4262245585747
 30
0.0
 10
1206.275504893635
 20
680.4262245585747
 30
0.0
 10
1206.275504893635
 20
680.3065638679533
 30
0.0
 10
1206.372755631591
 20
680.2093131299922
 30
0.0
 10
1206.492416322207
 20
680.2093131299922
 30
0.0
 10
1206.492416322207
 20
680.2093131299922
 30
0.0
 10
1206.611654183533
 20
680.2093131299922
 30
0.0
 10
1206.708904921504
 20
680.3065638679533
 30
0.0
 10
1206.708904921504
 20
680.4262245585747
 30
0.0
 10
1206.708904921504
 20
680.4262245585747
 30
0.0
 10
1206.708904921504
 20
680.4262245585747
 30
0.0
 10
1206.492416322207
 20
680.4262245585747
 30
0.0
 10
1206.492416322207
 20
680.4262245585747
 30
0.0
  0
SPLINE
  5
7AC
330
1F
100
AcDbEntity
  8
ºöåçæÄ
100
AcDbSpline
210
0.0
220
0.0
230
0.0
 70
    24
 71
     3
 72
     8
 73
     4
 74
     0
 42
0.000000001
 43
0.0000000001
 40
0.0
 40
0.0
 40
0.0
 40
0.0
 40
1.0
 40
1.0
 40
1.0
 40
1.0
 10
1207.037020454791
 20
680.9704058618613
 30
0.0
 10
1207.037020454791
 20
680.9704058618613
 30
0.0
 10
1207.295369154341
 20
681.2287545614022
 30
0.0
 10
1207.295369154341
 20
681.2287545614022
 30
0.0
  0
SPLINE
  5
7AD
330
1F
100
AcDbEntity
  8
ºöåçæÄ
100
AcDbSpline
210
0.0
220
0.0
230
0.0
 70
    24
 71
     3
 72
     8
 73
     4
 74
     0
 42
0.000000001
 43
0.0000000001
 40
0.0
 40
0.0
 40
0.0
 40
0.0
 40
1.0
 40
1.0
 40
1.0
 40
1.0
 10
1199.750826035019
 20
671.5104460340066
 30
0.0
 10
1199.750826035019
 20
671.5104460340066
 30
0.0
 10
1201.330516282954
 20
673.0897134526372
 30
0.0
 10
1201.330516282954
 20
673.0897134526372
 30
0.0
  0
SPLINE
  5
7AE
330
1F
100
AcDbEntity
  8
ºöåçæÄ
100
AcDbSpline
210
0.0
220
0.0
230
1.0
 70
    11
 71
     3
 72
    28
 73
    24
 74
     0
 42
0.000000001
 43
0.0000000001
 40
0.0
 40
0.0
 40
0.0
 40
0.0
 40
0.1428571428571428
 40
0.1428571428571428
 40
0.1428571428571428
 40
0.1428571528571428
 40
0.2857142857142857
 40
0.2857142857142857
 40
0.2857142857142857
 40
0.2857142957142857
 40
0.428571428571429
 40
0.428571428571429
 40
0.428571428571429
 40
0.4285714385714289
 40
0.5714285714285714
 40
0.5714285714285714
 40
0.5714285714285714
 40
0.5714285814285715
 40
0.7142857142857145
 40
0.7142857142857145
 40
0.7142857142857145
 40
0.7142857242857146
 40
1.0
 40
1.0
 40
1.0
 40
1.0
 10
1201.873006269064
 20
673.6347404145167
 30
0.0
 10
1201.873006269064
 20
673.6347404145167
 30
0.0
 10
1202.089917697635
 20
673.6347404145167
 30
0.0
 10
1202.089917697635
 20
673.6347404145167
 30
0.0
 10
1202.089917697635
 20
673.6347404145167
 30
0.0
 10
1202.089917697635
 20
673.7539782758418
 30
0.0
 10
1201.992666959672
 20
673.8512290138027
 30
0.0
 10
1201.873006269064
 20
673.8512290138027
 30
0.0
 10
1201.873006269064
 20
673.8512290138027
 30
0.0
 10
1201.753768407729
 20
673.8512290138027
 30
0.0
 10
1201.656517669767
 20
673.7539782758418
 30
0.0
 10
1201.656517669767
 20
673.6347404145167
 30
0.0
 10
1201.656517669767
 20
673.6347404145167
 30
0.0
 10
1201.656517669767
 20
673.5150797238937
 30
0.0
 10
1201.753768407729
 20
673.4178289859324
 30
0.0
 10
1201.873006269064
 20
673.4178289859324
 30
0.0
 10
1201.873006269064
 20
673.4178289859324
 30
0.0
 10
1201.992666959672
 20
673.4178289859324
 30
0.0
 10
1202.089917697635
 20
673.5150797238937
 30
0.0
 10
1202.089917697635
 20
673.6347404145167
 30
0.0
 10
1202.089917697635
 20
673.6347404145167
 30
0.0
 10
1202.089917697635
 20
673.6347404145167
 30
0.0
 10
1201.873006269064
 20
673.6347404145167
 30
0.0
 10
1201.873006269064
 20
673.6347404145167
 30
0.0
  0
SPLINE
  5
7AF
330
1F
100
AcDbEntity
  8
ºöåçæÄ
100
AcDbSpline
210
0.0
220
0.0
230
0.0
 70
    24
 71
     3
 72
     8
 73
     4
 74
     0
 42
0.000000001
 43
0.0000000001
 40
0.0
 40
0.0
 40
0.0
 40
0.0
 40
1.0
 40
1.0
 40
1.0
 40
1.0
 10
1202.417610401634
 20
674.1768075713247
 30
0.0
 10
1202.417610401634
 20
674.1768075713247
 30
0.0
 10
1205.134711454409
 20
676.8939086241031
 30
0.0
 10
1205.134711454409
 20
676.8939086241031
 30
0.0
  0
SPLINE
  5
7B0
330
1F
100
AcDbEntity
  8
ºöåçæÄ
100
AcDbSpline
210
0.0
220
0.0
230
1.0
 70
    11
 71
     3
 72
    28
 73
    24
 74
     0
 42
0.000000001
 43
0.0000000001
 40
0.0
 40
0.0
 40
0.0
 40
0.0
 40
0.1428571428571428
 40
0.1428571428571428
 40
0.1428571428571428
 40
0.1428571528571428
 40
0.2857142857142857
 40
0.2857142857142857
 40
0.2857142857142857
 40
0.2857142957142857
 40
0.428571428571429
 40
0.428571428571429
 40
0.428571428571429
 40
0.4285714385714289
 40
0.5714285714285714
 40
0.5714285714285714
 40
0.5714285714285714
 40
0.5714285814285715
 40
0.7142857142857145
 40
0.7142857142857145
 40
0.7142857142857145
 40
0.7142857242857146
 40
1.0
 40
1.0
 40
1.0
 40
1.0
 10
1205.677201440519
 20
677.4368214395058
 30
0.0
 10
1205.677201440519
 20
677.4368214395058
 30
0.0
 10
1205.894112869105
 20
677.4368214395058
 30
0.0
 10
1205.894112869105
 20
677.4368214395058
 30
0.0
 10
1205.894112869105
 20
677.4368214395058
 30
0.0
 10
1205.894112869105
 20
677.5564821301253
 30
0.0
 10
1205.796862131142
 20
677.6537328680882
 30
0.0
 10
1205.677201440519
 20
677.6537328680882
 30
0.0
 10
1205.677201440519
 20
677.6537328680882
 30
0.0
 10
1205.557963579192
 20
677.6537328680882
 30
0.0
 10
1205.460712841236
 20
677.5564821301253
 30
0.0
 10
1205.460712841236
 20
677.4368214395058
 30
0.0
 10
1205.460712841236
 20
677.4368214395058
 30
0.0
 10
1205.460712841236
 20
677.3175835781772
 30
0.0
 10
1205.557963579192
 20
677.220332840218
 30
0.0
 10
1205.677201440519
 20
677.220332840218
 30
0.0
 10
1205.677201440519
 20
677.220332840218
 30
0.0
 10
1205.796862131142
 20
677.220332840218
 30
0.0
 10
1205.894112869105
 20
677.3175835781772
 30
0.0
 10
1205.894112869105
 20
677.4368214395058
 30
0.0
 10
1205.894112869105
 20
677.4368214395058
 30
0.0
 10
1205.894112869105
 20
677.4368214395058
 30
0.0
 10
1205.677201440519
 20
677.4368214395058
 30
0.0
 10
1205.677201440519
 20
677.4368214395058
 30
0.0
  0
SPLINE
  5
7B1
330
1F
100
AcDbEntity
  8
ºöåçæÄ
100
AcDbSpline
210
0.0
220
0.0
230
0.0
 70
    24
 71
     3
 72
     8
 73
     4
 74
     0
 42
0.000000001
 43
0.0000000001
 40
0.0
 40
0.0
 40
0.0
 40
0.0
 40
1.0
 40
1.0
 40
1.0
 40
1.0
 10
1206.220114255925
 20
677.9810027427926
 30
0.0
 10
1206.220114255925
 20
677.9810027427926
 30
0.0
 10
1208.936792479396
 20
680.6981037955708
 30
0.0
 10
1208.936792479396
 20
680.6981037955708
 30
0.0
  0
SPLINE
  5
7B2
330
1F
100
AcDbEntity
  8
ºöåçæÄ
100
AcDbSpline
210
0.0
220
0.0
230
1.0
 70
    11
 71
     3
 72
    28
 73
    24
 74
     0
 42
0.000000001
 43
0.0000000001
 40
0.0
 40
0.0
 40
0.0
 40
0.0
 40
0.1428571428571428
 40
0.1428571428571428
 40
0.1428571428571428
 40
0.1428571528571428
 40
0.2857142857142857
 40
0.2857142857142857
 40
0.2857142857142857
 40
0.2857142957142857
 40
0.428571428571429
 40
0.428571428571429
 40
0.428571428571429
 40
0.4285714385714289
 40
0.5714285714285714
 40
0.5714285714285714
 40
0.5714285714285714
 40
0.5714285814285715
 40
0.7142857142857145
 40
0.7142857142857145
 40
0.7142857142857145
 40
0.7142857242857146
 40
1.0
 40
1.0
 40
1.0
 40
1.0
 10
1209.469557391717
 20
681.2291773906969
 30
0.0
 10
1209.469557391717
 20
681.2291773906969
 30
0.0
 10
1209.686468820296
 20
681.2291773906969
 30
0.0
 10
1209.686468820296
 20
681.2291773906969
 30
0.0
 10
1209.686468820296
 20
681.2291773906969
 30
0.0
 10
1209.686468820296
 20
681.3488380813184
 30
0.0
 10
1209.589218082333
 20
681.4460888192813
 30
0.0
 10
1209.469557391717
 20
681.4460888192813
 30
0.0
 10
1209.469557391717
 20
681.4460888192813
 30
0.0
 10
1209.350319530383
 20
681.4460888192813
 30
0.0
 10
1209.25306879242
 20
681.3488380813184
 30
0.0
 10
1209.25306879242
 20
681.2291773906969
 30
0.0
 10
1209.25306879242
 20
681.2291773906969
 30
0.0
 10
1209.25306879242
 20
681.1099395293719
 30
0.0
 10
1209.350319530383
 20
681.0126887914107
 30
0.0
 10
1209.469557391717
 20
681.0126887914107
 30
0.0
 10
1209.469557391717
 20
681.0126887914107
 30
0.0
 10
1209.589218082333
 20
681.0126887914107
 30
0.0
 10
1209.686468820296
 20
681.1099395293719
 30
0.0
 10
1209.686468820296
 20
681.2291773906969
 30
0.0
 10
1209.686468820296
 20
681.2291773906969
 30
0.0
 10
1209.686468820296
 20
681.2291773906969
 30
0.0
 10
1209.469557391717
 20
681.2291773906969
 30
0.0
 10
1209.469557391717
 20
681.2291773906969
 30
0.0
  0
SPLINE
  5
7B3
330
1F
100
AcDbEntity
  8
ºöåçæÄ
100
AcDbSpline
210
0.0
220
0.0
230
0.0
 70
    24
 71
     3
 72
     8
 73
     4
 74
     0
 42
0.000000001
 43
0.0000000001
 40
0.0
 40
0.0
 40
0.0
 40
0.0
 40
1.0
 40
1.0
 40
1.0
 40
1.0
 10
1201.923745784513
 20
671.5104460340066
 30
0.0
 10
1201.923745784513
 20
671.5104460340066
 30
0.0
 10
1204.317805255542
 20
673.9045055050342
 30
0.0
 10
1204.317805255542
 20
673.9045055050342
 30
0.0
  0
SPLINE
  5
7B4
330
1F
100
AcDbEntity
  8
ºöåçæÄ
100
AcDbSpline
210
0.0
220
0.0
230
1.0
 70
    11
 71
     3
 72
    28
 73
    24
 74
     0
 42
0.000000001
 43
0.0000000001
 40
0.0
 40
0.0
 40
0.0
 40
0.0
 40
0.1428571428571428
 40
0.1428571428571428
 40
0.1428571428571428
 40
0.1428571528571428
 40
0.2857142857142857
 40
0.2857142857142857
 40
0.2857142857142857
 40
0.2857142957142857
 40
0.428571428571429
 40
0.428571428571429
 40
0.428571428571429
 40
0.4285714385714289
 40
0.5714285714285714
 40
0.5714285714285714
 40
0.5714285714285714
 40
0.5714285814285715
 40
0.7142857142857145
 40
0.7142857142857145
 40
0.7142857142857145
 40
0.7142857242857146
 40
1.0
 40
1.0
 40
1.0
 40
1.0
 10
1204.86240938812
 20
674.4495324669137
 30
0.0
 10
1204.86240938812
 20
674.4495324669137
 30
0.0
 10
1205.079320816713
 20
674.4495324669137
 30
0.0
 10
1205.079320816713
 20
674.4495324669137
 30
0.0
 10
1205.079320816713
 20
674.4495324669137
 30
0.0
 10
1205.079320816713
 20
674.5691931575334
 30
0.0
 10
1204.982070078743
 20
674.6664438954962
 30
0.0
 10
1204.86240938812
 20
674.6664438954962
 30
0.0
 10
1204.86240938812
 20
674.6664438954962
 30
0.0
 10
1204.743171526807
 20
674.6664438954962
 30
0.0
 10
1204.645497959541
 20
674.5691931575334
 30
0.0
 10
1204.645497959541
 20
674.4495324669137
 30
0.0
 10
1204.645497959541
 20
674.4495324669137
 30
0.0
 10
1204.645497959541
 20
674.3302946055868
 30
0.0
 10
1204.743171526807
 20
674.2326210383277
 30
0.0
 10
1204.86240938812
 20
674.2326210383277
 30
0.0
 10
1204.86240938812
 20
674.2326210383277
 30
0.0
 10
1204.982070078743
 20
674.2326210383277
 30
0.0
 10
1205.079320816713
 20
674.3302946055868
 30
0.0
 10
1205.079320816713
 20
674.4495324669137
 30
0.0
 10
1205.079320816713
 20
674.4495324669137
 30
0.0
 10
1205.079320816713
 20
674.4495324669137
 30
0.0
 10
1204.86240938812
 20
674.4495324669137
 30
0.0
 10
1204.86240938812
 20
674.4495324669137
 30
0.0
  0
SPLINE
  5
7B5
330
1F
100
AcDbEntity
  8
ºöåçæÄ
100
AcDbSpline
210
0.0
220
0.0
230
0.0
 70
    24
 71
     3
 72
     8
 73
     4
 74
     0
 42
0.000000001
 43
0.0000000001
 40
0.0
 40
0.0
 40
0.0
 40
0.0
 40
1.0
 40
1.0
 40
1.0
 40
1.0
 10
1205.407013520705
 20
674.9915996237238
 30
0.0
 10
1205.407013520705
 20
674.9915996237238
 30
0.0
 10
1208.122000427004
 20
677.7087006765017
 30
0.0
 10
1208.122000427004
 20
677.7087006765017
 30
0.0
  0
SPLINE
  5
7B6
330
1F
100
AcDbEntity
  8
ºöåçæÄ
100
AcDbSpline
210
0.0
220
0.0
230
1.0
 70
    11
 71
     3
 72
    28
 73
    24
 74
     0
 42
0.000000001
 43
0.0000000001
 40
0.0
 40
0.0
 40
0.0
 40
0.0
 40
0.1428571428571428
 40
0.1428571428571428
 40
0.1428571428571428
 40
0.1428571528571428
 40
0.2857142857142857
 40
0.2857142857142857
 40
0.2857142857142857
 40
0.2857142957142857
 40
0.428571428571429
 40
0.428571428571429
 40
0.428571428571429
 40
0.4285714385714289
 40
0.5714285714285714
 40
0.5714285714285714
 40
0.5714285714285714
 40
0.5714285814285715
 40
0.7142857142857145
 40
0.7142857142857145
 40
0.7142857142857145
 40
0.7142857242857146
 40
1.0
 40
1.0
 40
1.0
 40
1.0
 10
1208.666604559589
 20
678.2537276383797
 30
0.0
 10
1208.666604559589
 20
678.2537276383797
 30
0.0
 10
1208.883515988175
 20
678.2537276383797
 30
0.0
 10
1208.883515988175
 20
678.2537276383797
 30
0.0
 10
1208.883515988175
 20
678.2537276383797
 30
0.0
 10
1208.883515988175
 20
678.3733883290011
 30
0.0
 10
1208.786265250205
 20
678.4706390669604
 30
0.0
 10
1208.666604559589
 20
678.4706390669604
 30
0.0
 10
1208.666604559589
 20
678.4706390669604
 30
0.0
 10
1208.547366698262
 20
678.4706390669604
 30
0.0
 10
1208.449693131003
 20
678.3733883290011
 30
0.0
 10
1208.449693131003
 20
678.2537276383797
 30
0.0
 10
1208.449693131003
 20
678.2537276383797
 30
0.0
 10
1208.449693131003
 20
678.1344897770527
 30
0.0
 10
1208.547366698262
 20
678.0368162097971
 30
0.0
 10
1208.666604559589
 20
678.0368162097971
 30
0.0
 10
1208.666604559589
 20
678.0368162097971
 30
0.0
 10
1208.786265250205
 20
678.0368162097971
 30
0.0
 10
1208.883515988175
 20
678.1344897770527
 30
0.0
 10
1208.883515988175
 20
678.2537276383797
 30
0.0
 10
1208.883515988175
 20
678.2537276383797
 30
0.0
 10
1208.883515988175
 20
678.2537276383797
 30
0.0
 10
1208.666604559589
 20
678.2537276383797
 30
0.0
 10
1208.666604559589
 20
678.2537276383797
 30
0.0
  0
SPLINE
  5
7B7
330
1F
100
AcDbEntity
  8
ºöåçæÄ
100
AcDbSpline
210
0.0
220
0.0
230
0.0
 70
    24
 71
     3
 72
     8
 73
     4
 74
     0
 42
0.000000001
 43
0.0000000001
 40
0.0
 40
0.0
 40
0.0
 40
0.0
 40
1.0
 40
1.0
 40
1.0
 40
1.0
 10
1209.209094545699
 20
678.7957947951896
 30
0.0
 10
1209.209094545699
 20
678.7957947951896
 30
0.0
 10
1211.642054311899
 20
681.2287545614022
 30
0.0
 10
1211.642054311899
 20
681.2287545614022
 30
0.0
  0
SPLINE
  5
7B8
330
1F
100
AcDbEntity
  8
ºöåçæÄ
100
AcDbSpline
210
0.0
220
0.0
230
1.0
 70
    11
 71
     3
 72
    28
 73
    24
 74
     0
 42
0.000000001
 43
0.0000000001
 40
0.0
 40
0.0
 40
0.0
 40
0.0
 40
0.1428571428571428
 40
0.1428571428571428
 40
0.1428571428571428
 40
0.1428571528571428
 40
0.2857142857142857
 40
0.2857142857142857
 40
0.2857142857142857
 40
0.2857142957142857
 40
0.428571428571429
 40
0.428571428571429
 40
0.428571428571429
 40
0.4285714385714289
 40
0.5714285714285714
 40
0.5714285714285714
 40
0.5714285714285714
 40
0.5714285814285715
 40
0.7142857142857145
 40
0.7142857142857145
 40
0.7142857142857145
 40
0.7142857242857146
 40
1.0
 40
1.0
 40
1.0
 40
1.0
 10
1204.097511192592
 20
671.5108688633014
 30
0.0
 10
1204.097511192592
 20
671.5108688633014
 30
0.0
 10
1204.314422621171
 20
671.5108688633014
 30
0.0
 10
1204.314422621171
 20
671.5108688633014
 30
0.0
 10
1204.314422621171
 20
671.5108688633014
 30
0.0
 10
1204.314422621171
 20
671.6305295539227
 30
0.0
 10
1204.217171883215
 20
671.727780291884
 30
0.0
 10
1204.097511192592
 20
671.727780291884
 30
0.0
 10
1204.097511192592
 20
671.727780291884
 30
0.0
 10
1203.978273331272
 20
671.727780291884
 30
0.0
 10
1203.881022593302
 20
671.6305295539227
 30
0.0
 10
1203.881022593302
 20
671.5108688633014
 30
0.0
 10
1203.881022593302
 20
671.5108688633014
 30
0.0
 10
1203.881022593302
 20
671.3916310019746
 30
0.0
 10
1203.978273331272
 20
671.2939574347171
 30
0.0
 10
1204.097511192592
 20
671.2939574347171
 30
0.0
 10
1204.097511192592
 20
671.2939574347171
 30
0.0
 10
1204.217171883215
 20
671.2939574347171
 30
0.0
 10
1204.314422621171
 20
671.3916310019746
 30
0.0
 10
1204.314422621171
 20
671.5108688633014
 30
0.0
 10
1204.314422621171
 20
671.5108688633014
 30
0.0
 10
1204.314422621171
 20
671.5108688633014
 30
0.0
 10
1204.097511192592
 20
671.5108688633014
 30
0.0
 10
1204.097511192592
 20
671.5108688633014
 30
0.0
  0
SPLINE
  5
7B9
330
1F
100
AcDbEntity
  8
ºöåçæÄ
100
AcDbSpline
210
0.0
220
0.0
230
0.0
 70
    24
 71
     3
 72
     8
 73
     4
 74
     0
 42
0.000000001
 43
0.0000000001
 40
0.0
 40
0.0
 40
0.0
 40
0.0
 40
1.0
 40
1.0
 40
1.0
 40
1.0
 10
1204.590107321831
 20
672.0043106511317
 30
0.0
 10
1204.590107321831
 20
672.0043106511317
 30
0.0
 10
1207.307208374613
 20
674.7214117039098
 30
0.0
 10
1207.307208374613
 20
674.7214117039098
 30
0.0
  0
SPLINE
  5
7BA
330
1F
100
AcDbEntity
  8
ºöåçæÄ
100
AcDbSpline
210
0.0
220
0.0
230
1.0
 70
    11
 71
     3
 72
    28
 73
    24
 74
     0
 42
0.000000001
 43
0.0000000001
 40
0.0
 40
0.0
 40
0.0
 40
0.0
 40
0.1428571428571428
 40
0.1428571428571428
 40
0.1428571428571428
 40
0.1428571528571428
 40
0.2857142857142857
 40
0.2857142857142857
 40
0.2857142857142857
 40
0.2857142957142857
 40
0.428571428571429
 40
0.428571428571429
 40
0.428571428571429
 40
0.4285714385714289
 40
0.5714285714285714
 40
0.5714285714285714
 40
0.5714285714285714
 40
0.5714285814285715
 40
0.7142857142857145
 40
0.7142857142857145
 40
0.7142857142857145
 40
0.7142857242857146
 40
1.0
 40
1.0
 40
1.0
 40
1.0
 10
1207.85181250719
 20
675.2643245193088
 30
0.0
 10
1207.85181250719
 20
675.2643245193088
 30
0.0
 10
1208.068301106487
 20
675.2643245193088
 30
0.0
 10
1208.068301106487
 20
675.2643245193088
 30
0.0
 10
1208.068301106487
 20
675.2643245193088
 30
0.0
 10
1208.068301106487
 20
675.3839852099322
 30
0.0
 10
1207.971050368525
 20
675.4812359478916
 30
0.0
 10
1207.85181250719
 20
675.4812359478916
 30
0.0
 10
1207.85181250719
 20
675.4812359478916
 30
0.0
 10
1207.732151816567
 20
675.4812359478916
 30
0.0
 10
1207.634901078604
 20
675.3839852099322
 30
0.0
 10
1207.634901078604
 20
675.2643245193088
 30
0.0
 10
1207.634901078604
 20
675.2643245193088
 30
0.0
 10
1207.634901078604
 20
675.145086657984
 30
0.0
 10
1207.732151816567
 20
675.0478359200227
 30
0.0
 10
1207.85181250719
 20
675.0478359200227
 30
0.0
 10
1207.85181250719
 20
675.0478359200227
 30
0.0
 10
1207.971050368525
 20
675.0478359200227
 30
0.0
 10
1208.068301106487
 20
675.145086657984
 30
0.0
 10
1208.068301106487
 20
675.2643245193088
 30
0.0
 10
1208.068301106487
 20
675.2643245193088
 30
0.0
 10
1208.068301106487
 20
675.2643245193088
 30
0.0
 10
1207.85181250719
 20
675.2643245193088
 30
0.0
 10
1207.85181250719
 20
675.2643245193088
 30
0.0
  0
SPLINE
  5
7BB
330
1F
100
AcDbEntity
  8
ºöåçæÄ
100
AcDbSpline
210
0.0
220
0.0
230
0.0
 70
    24
 71
     3
 72
     8
 73
     4
 74
     0
 42
0.000000001
 43
0.0000000001
 40
0.0
 40
0.0
 40
0.0
 40
0.0
 40
1.0
 40
1.0
 40
1.0
 40
1.0
 10
1208.394302493301
 20
675.8063916761207
 30
0.0
 10
1208.394302493301
 20
675.8063916761207
 30
0.0
 10
1211.111403546075
 20
678.523492728897
 30
0.0
 10
1211.111403546075
 20
678.523492728897
 30
0.0
  0
SPLINE
  5
7BC
330
1F
100
AcDbEntity
  8
ºöåçæÄ
100
AcDbSpline
210
0.0
220
0.0
230
1.0
 70
    11
 71
     3
 72
    28
 73
    24
 74
     0
 42
0.000000001
 43
0.0000000001
 40
0.0
 40
0.0
 40
0.0
 40
0.0
 40
0.1428571428571428
 40
0.1428571428571428
 40
0.1428571428571428
 40
0.1428571528571428
 40
0.2857142857142857
 40
0.2857142857142857
 40
0.2857142857142857
 40
0.2857142957142857
 40
0.428571428571429
 40
0.428571428571429
 40
0.428571428571429
 40
0.4285714385714289
 40
0.5714285714285714
 40
0.5714285714285714
 40
0.5714285714285714
 40
0.5714285814285715
 40
0.7142857142857145
 40
0.7142857142857145
 40
0.7142857142857145
 40
0.7142857242857146
 40
1.0
 40
1.0
 40
1.0
 40
1.0
 10
1211.656007678653
 20
679.0685196907767
 30
0.0
 10
1211.656007678653
 20
679.0685196907767
 30
0.0
 10
1211.87249627795
 20
679.0685196907767
 30
0.0
 10
1211.87249627795
 20
679.0685196907767
 30
0.0
 10
1211.87249627795
 20
679.0685196907767
 30
0.0
 10
1211.87249627795
 20
679.1881803813981
 30
0.0
 10
1211.775245539979
 20
679.2854311193592
 30
0.0
 10
1211.656007678653
 20
679.2854311193592
 30
0.0
 10
1211.656007678653
 20
679.2854311193592
 30
0.0
 10
1211.536346988037
 20
679.2854311193592
 30
0.0
 10
1211.439096250081
 20
679.1881803813981
 30
0.0
 10
1211.439096250081
 20
679.0685196907767
 30
0.0
 10
1211.439096250081
 20
679.0685196907767
 30
0.0
 10
1211.439096250081
 20
678.9492818294498
 30
0.0
 10
1211.536346988037
 20
678.8520310914886
 30
0.0
 10
1211.656007678653
 20
678.8520310914886
 30
0.0
 10
1211.656007678653
 20
678.8520310914886
 30
0.0
 10
1211.775245539979
 20
678.8520310914886
 30
0.0
 10
1211.87249627795
 20
678.9492818294498
 30
0.0
 10
1211.87249627795
 20
679.0685196907767
 30
0.0
 10
1211.87249627795
 20
679.0685196907767
 30
0.0
 10
1211.87249627795
 20
679.0685196907767
 30
0.0
 10
1211.656007678653
 20
679.0685196907767
 30
0.0
 10
1211.656007678653
 20
679.0685196907767
 30
0.0
  0
SPLINE
  5
7BD
330
1F
100
AcDbEntity
  8
ºöåçæÄ
100
AcDbSpline
210
0.0
220
0.0
230
0.0
 70
    24
 71
     3
 72
     8
 73
     4
 74
     0
 42
0.000000001
 43
0.0000000001
 40
0.0
 40
0.0
 40
0.0
 40
0.0
 40
1.0
 40
1.0
 40
1.0
 40
1.0
 10
1212.198497664763
 20
679.6105868475867
 30
0.0
 10
1212.198497664763
 20
679.6105868475867
 30
0.0
 10
1213.816665378578
 20
681.2287545614022
 30
0.0
 10
1213.816665378578
 20
681.2287545614022
 30
0.0
  0
SPLINE
  5
7BE
330
1F
100
AcDbEntity
  8
ºöåçæÄ
100
AcDbSpline
210
0.0
220
0.0
230
0.0
 70
    24
 71
     3
 72
     8
 73
     4
 74
     0
 42
0.000000001
 43
0.0000000001
 40
0.0
 40
0.0
 40
0.0
 40
0.0
 40
1.0
 40
1.0
 40
1.0
 40
1.0
 10
1206.270430942085
 20
671.5104460340066
 30
0.0
 10
1206.270430942085
 20
671.5104460340066
 30
0.0
 10
1206.492416322207
 20
671.7320085848392
 30
0.0
 10
1206.492416322207
 20
671.7320085848392
 30
0.0
  0
SPLINE
  5
7BF
330
1F
100
AcDbEntity
  8
ºöåçæÄ
100
AcDbSpline
210
0.0
220
0.0
230
1.0
 70
    11
 71
     3
 72
    28
 73
    24
 74
     0
 42
0.000000001
 43
0.0000000001
 40
0.0
 40
0.0
 40
0.0
 40
0.0
 40
0.1428571428571428
 40
0.1428571428571428
 40
0.1428571428571428
 40
0.1428571528571428
 40
0.2857142857142857
 40
0.2857142857142857
 40
0.2857142857142857
 40
0.2857142957142857
 40
0.428571428571429
 40
0.428571428571429
 40
0.428571428571429
 40
0.4285714385714289
 40
0.5714285714285714
 40
0.5714285714285714
 40
0.5714285714285714
 40
0.5714285814285715
 40
0.7142857142857145
 40
0.7142857142857145
 40
0.7142857142857145
 40
0.7142857242857146
 40
1.0
 40
1.0
 40
1.0
 40
1.0
 10
1207.037020454791
 20
672.2753442295367
 30
0.0
 10
1207.037020454791
 20
672.2753442295367
 30
0.0
 10
1207.253509054081
 20
672.2753442295367
 30
0.0
 10
1207.253509054081
 20
672.2753442295367
 30
0.0
 10
1207.253509054081
 20
672.2753442295367
 30
0.0
 10
1207.253509054081
 20
672.3945820908617
 30
0.0
 10
1207.156258316118
 20
672.4918328288228
 30
0.0
 10
1207.037020454791
 20
672.4918328288228
 30
0.0
 10
1207.037020454791
 20
672.4918328288228
 30
0.0
 10
1206.917359764168
 20
672.4918328288228
 30
0.0
 10
1206.820109026213
 20
672.3945820908617
 30
0.0
 10
1206.820109026213
 20
672.2753442295367
 30
0.0
 10
1206.820109026213
 20
672.2753442295367
 30
0.0
 10
1206.820109026213
 20
672.1556835389152
 30
0.0
 10
1206.917359764168
 20
672.0584328009522
 30
0.0
 10
1207.037020454791
 20
672.0584328009522
 30
0.0
 10
1207.037020454791
 20
672.0584328009522
 30
0.0
 10
1207.156258316118
 20
672.0584328009522
 30
0.0
 10
1207.253509054081
 20
672.1556835389152
 30
0.0
 10
1207.253509054081
 20
672.2753442295367
 30
0.0
 10
1207.253509054081
 20
672.2753442295367
 30
0.0
 10
1207.253509054081
 20
672.2753442295367
 30
0.0
 10
1207.037020454791
 20
672.2753442295367
 30
0.0
 10
1207.037020454791
 20
672.2753442295367
 30
0.0
  0
SPLINE
  5
7C0
330
1F
100
AcDbEntity
  8
ºöåçæÄ
100
AcDbSpline
210
0.0
220
0.0
230
0.0
 70
    24
 71
     3
 72
     8
 73
     4
 74
     0
 42
0.000000001
 43
0.0000000001
 40
0.0
 40
0.0
 40
0.0
 40
0.0
 40
1.0
 40
1.0
 40
1.0
 40
1.0
 10
1207.579510440909
 20
672.8191027035267
 30
0.0
 10
1207.579510440909
 20
672.8191027035267
 30
0.0
 10
1210.296611493691
 20
675.5349352684175
 30
0.0
 10
1210.296611493691
 20
675.5349352684175
 30
0.0
  0
SPLINE
  5
7C1
330
1F
100
AcDbEntity
  8
ºöåçæÄ
100
AcDbSpline
210
0.0
220
0.0
230
1.0
 70
    11
 71
     3
 72
    28
 73
    24
 74
     0
 42
0.000000001
 43
0.0000000001
 40
0.0
 40
0.0
 40
0.0
 40
0.0
 40
0.1428571428571428
 40
0.1428571428571428
 40
0.1428571428571428
 40
0.1428571528571428
 40
0.2857142857142857
 40
0.2857142857142857
 40
0.2857142857142857
 40
0.2857142957142857
 40
0.428571428571429
 40
0.428571428571429
 40
0.428571428571429
 40
0.4285714385714289
 40
0.5714285714285714
 40
0.5714285714285714
 40
0.5714285714285714
 40
0.5714285814285715
 40
0.7142857142857145
 40
0.7142857142857145
 40
0.7142857142857145
 40
0.7142857242857146
 40
1.0
 40
1.0
 40
1.0
 40
1.0
 10
1210.839101479786
 20
676.0795394010025
 30
0.0
 10
1210.839101479786
 20
676.0795394010025
 30
0.0
 10
1211.056012908372
 20
676.0795394010025
 30
0.0
 10
1211.056012908372
 20
676.0795394010025
 30
0.0
 10
1211.056012908372
 20
676.0795394010025
 30
0.0
 10
1211.056012908372
 20
676.1987772623292
 30
0.0
 10
1210.958339341106
 20
676.2960280002902
 30
0.0
 10
1210.839101479786
 20
676.2960280002902
 30
0.0
 10
1210.839101479786
 20
676.2960280002902
 30
0.0
 10
1210.719440789163
 20
676.2960280002902
 30
0.0
 10
1210.6221900512
 20
676.1987772623292
 30
0.0
 10
1210.6221900512
 20
676.0795394010025
 30
0.0
 10
1210.6221900512
 20
676.0795394010025
 30
0.0
 10
1210.6221900512
 20
675.9598787103792
 30
0.0
 10
1210.719440789163
 20
675.8626279724198
 30
0.0
 10
1210.839101479786
 20
675.8626279724198
 30
0.0
 10
1210.839101479786
 20
675.8626279724198
 30
0.0
 10
1210.958339341106
 20
675.8626279724198
 30
0.0
 10
1211.056012908372
 20
675.9598787103792
 30
0.0
 10
1211.056012908372
 20
676.0795394010025
 30
0.0
 10
1211.056012908372
 20
676.0795394010025
 30
0.0
 10
1211.056012908372
 20
676.0795394010025
 30
0.0
 10
1210.839101479786
 20
676.0795394010025
 30
0.0
 10
1210.839101479786
 20
676.0795394010025
 30
0.0
  0
SPLINE
  5
7C2
330
1F
100
AcDbEntity
  8
ºöåçæÄ
100
AcDbSpline
210
0.0
220
0.0
230
0.0
 70
    24
 71
     3
 72
     8
 73
     4
 74
     0
 42
0.000000001
 43
0.0000000001
 40
0.0
 40
0.0
 40
0.0
 40
0.0
 40
1.0
 40
1.0
 40
1.0
 40
1.0
 10
1211.383705612371
 20
676.6232978749947
 30
0.0
 10
1211.383705612371
 20
676.6232978749947
 30
0.0
 10
1214.100806665138
 20
679.338284781296
 30
0.0
 10
1214.100806665138
 20
679.338284781296
 30
0.0
  0
SPLINE
  5
7C3
330
1F
100
AcDbEntity
  8
ºöåçæÄ
100
AcDbSpline
210
0.0
220
0.0
230
1.0
 70
    11
 71
     3
 72
    28
 73
    24
 74
     0
 42
0.000000001
 43
0.0000000001
 40
0.0
 40
0.0
 40
0.0
 40
0.0
 40
0.1428571428571428
 40
0.1428571428571428
 40
0.1428571428571428
 40
0.1428571528571428
 40
0.2857142857142857
 40
0.2857142857142857
 40
0.2857142857142857
 40
0.2857142957142857
 40
0.428571428571429
 40
0.428571428571429
 40
0.428571428571429
 40
0.4285714385714289
 40
0.5714285714285714
 40
0.5714285714285714
 40
0.5714285714285714
 40
0.5714285814285715
 40
0.7142857142857145
 40
0.7142857142857145
 40
0.7142857142857145
 40
0.7142857242857146
 40
1.0
 40
1.0
 40
1.0
 40
1.0
 10
1214.643296651248
 20
679.8820432552862
 30
0.0
 10
1214.643296651248
 20
679.8820432552862
 30
0.0
 10
1214.860208079834
 20
679.8820432552862
 30
0.0
 10
1214.860208079834
 20
679.8820432552862
 30
0.0
 10
1214.860208079834
 20
679.8820432552862
 30
0.0
 10
1214.860208079834
 20
680.0017039459077
 30
0.0
 10
1214.762534512575
 20
680.0989546838706
 30
0.0
 10
1214.643296651248
 20
680.0989546838706
 30
0.0
 10
1214.643296651248
 20
680.0989546838706
 30
0.0
 10
1214.523635960625
 20
680.0989546838706
 30
0.0
 10
1214.426385222662
 20
680.0017039459077
 30
0.0
 10
1214.426385222662
 20
679.8820432552862
 30
0.0
 10
1214.426385222662
 20
679.8820432552862
 30
0.0
 10
1214.426385222662
 20
679.7628053939592
 30
0.0
 10
1214.523635960625
 20
679.6651318267017
 30
0.0
 10
1214.643296651248
 20
679.6651318267017
 30
0.0
 10
1214.643296651248
 20
679.6651318267017
 30
0.0
 10
1214.762534512575
 20
679.6651318267017
 30
0.0
 10
1214.860208079834
 20
679.7628053939592
 30
0.0
 10
1214.860208079834
 20
679.8820432552862
 30
0.0
 10
1214.860208079834
 20
679.8820432552862
 30
0.0
 10
1214.860208079834
 20
679.8820432552862
 30
0.0
 10
1214.643296651248
 20
679.8820432552862
 30
0.0
 10
1214.643296651248
 20
679.8820432552862
 30
0.0
  0
SPLINE
  5
7C4
330
1F
100
AcDbEntity
  8
ºöåçæÄ
100
AcDbSpline
210
0.0
220
0.0
230
0.0
 70
    24
 71
     3
 72
     8
 73
     4
 74
     0
 42
0.000000001
 43
0.0000000001
 40
0.0
 40
0.0
 40
0.0
 40
0.0
 40
1.0
 40
1.0
 40
1.0
 40
1.0
 10
1215.186209466662
 20
680.4258017292765
 30
0.0
 10
1215.186209466662
 20
680.4258017292765
 30
0.0
 10
1215.989162298775
 20
681.2287545614022
 30
0.0
 10
1215.989162298775
 20
681.2287545614022
 30
0.0
  0
SPLINE
  5
7C5
330
1F
100
AcDbEntity
  8
ºöåçæÄ
100
AcDbSpline
210
0.0
220
0.0
230
0.0
 70
    24
 71
     3
 72
     8
 73
     4
 74
     0
 42
0.000000001
 43
0.0000000001
 40
0.0
 40
0.0
 40
0.0
 40
0.0
 40
1.0
 40
1.0
 40
1.0
 40
1.0
 10
1208.445042008757
 20
671.5104460340066
 30
0.0
 10
1208.445042008757
 20
671.5104460340066
 30
0.0
 10
1209.481396611988
 20
672.5468006372363
 30
0.0
 10
1209.481396611988
 20
672.5468006372363
 30
0.0
  0
SPLINE
  5
7C6
330
1F
100
AcDbEntity
  8
ºöåçæÄ
100
AcDbSpline
210
0.0
220
0.0
230
1.0
 70
    11
 71
     3
 72
    28
 73
    24
 74
     0
 42
0.000000001
 43
0.0000000001
 40
0.0
 40
0.0
 40
0.0
 40
0.0
 40
0.1428571428571428
 40
0.1428571428571428
 40
0.1428571428571428
 40
0.1428571528571428
 40
0.2857142857142857
 40
0.2857142857142857
 40
0.2857142857142857
 40
0.2857142957142857
 40
0.428571428571429
 40
0.428571428571429
 40
0.428571428571429
 40
0.4285714385714289
 40
0.5714285714285714
 40
0.5714285714285714
 40
0.5714285714285714
 40
0.5714285814285715
 40
0.7142857142857145
 40
0.7142857142857145
 40
0.7142857142857145
 40
0.7142857242857146
 40
1.0
 40
1.0
 40
1.0
 40
1.0
 10
1210.02430942738
 20
673.0901362819337
 30
0.0
 10
1210.02430942738
 20
673.0901362819337
 30
0.0
 10
1210.240798026677
 20
673.0901362819337
 30
0.0
 10
1210.240798026677
 20
673.0901362819337
 30
0.0
 10
1210.240798026677
 20
673.0901362819337
 30
0.0
 10
1210.240798026677
 20
673.2093741432569
 30
0.0
 10
1210.143547288707
 20
673.3066248812198
 30
0.0
 10
1210.02430942738
 20
673.3066248812198
 30
0.0
 10
1210.02430942738
 20
673.3066248812198
 30
0.0
 10
1209.904648736771
 20
673.3066248812198
 30
0.0
 10
1209.807397998794
 20
673.2093741432569
 30
0.0
 10
1209.807397998794
 20
673.0901362819337
 30
0.0
 10
1209.807397998794
 20
673.0901362819337
 30
0.0
 10
1209.807397998794
 20
672.9704755913102
 30
0.0
 10
1209.904648736771
 20
672.8732248533511
 30
0.0
 10
1210.02430942738
 20
672.8732248533511
 30
0.0
 10
1210.02430942738
 20
672.8732248533511
 30
0.0
 10
1210.143547288707
 20
672.8732248533511
 30
0.0
 10
1210.240798026677
 20
672.9704755913102
 30
0.0
 10
1210.240798026677
 20
673.0901362819337
 30
0.0
 10
1210.240798026677
 20
673.0901362819337
 30
0.0
 10
1210.240798026677
 20
673.0901362819337
 30
0.0
 10
1210.02430942738
 20
673.0901362819337
 30
0.0
 10
1210.02430942738
 20
673.0901362819337
 30
0.0
  0
SPLINE
  5
7C7
330
1F
100
AcDbEntity
  8
ºöåçæÄ
100
AcDbSpline
210
0.0
220
0.0
230
0.0
 70
    24
 71
     3
 72
     8
 73
     4
 74
     0
 42
0.000000001
 43
0.0000000001
 40
0.0
 40
0.0
 40
0.0
 40
0.0
 40
1.0
 40
1.0
 40
1.0
 40
1.0
 10
1210.567222242787
 20
673.6343175852202
 30
0.0
 10
1210.567222242787
 20
673.6343175852202
 30
0.0
 10
1213.284323295561
 20
676.3509958087037
 30
0.0
 10
1213.284323295561
 20
676.3509958087037
 30
0.0
  0
SPLINE
  5
7C8
330
1F
100
AcDbEntity
  8
ºöåçæÄ
100
AcDbSpline
210
0.0
220
0.0
230
1.0
 70
    11
 71
     3
 72
    28
 73
    24
 74
     0
 42
0.000000001
 43
0.0000000001
 40
0.0
 40
0.0
 40
0.0
 40
0.0
 40
0.1428571428571428
 40
0.1428571428571428
 40
0.1428571428571428
 40
0.1428571528571428
 40
0.2857142857142857
 40
0.2857142857142857
 40
0.2857142857142857
 40
0.2857142957142857
 40
0.428571428571429
 40
0.428571428571429
 40
0.428571428571429
 40
0.4285714385714289
 40
0.5714285714285714
 40
0.5714285714285714
 40
0.5714285714285714
 40
0.5714285814285715
 40
0.7142857142857145
 40
0.7142857142857145
 40
0.7142857142857145
 40
0.7142857242857146
 40
1.0
 40
1.0
 40
1.0
 40
1.0
 10
1213.828504598857
 20
676.8943314533995
 30
0.0
 10
1213.828504598857
 20
676.8943314533995
 30
0.0
 10
1214.044993198146
 20
676.8943314533995
 30
0.0
 10
1214.044993198146
 20
676.8943314533995
 30
0.0
 10
1214.044993198146
 20
676.8943314533995
 30
0.0
 10
1214.044993198146
 20
677.0135693147262
 30
0.0
 10
1213.947742460176
 20
677.1108200526856
 30
0.0
 10
1213.828504598857
 20
677.1108200526856
 30
0.0
 10
1213.828504598857
 20
677.1108200526856
 30
0.0
 10
1213.708843908241
 20
677.1108200526856
 30
0.0
 10
1213.611593170263
 20
677.0135693147262
 30
0.0
 10
1213.611593170263
 20
676.8943314533995
 30
0.0
 10
1213.611593170263
 20
676.8943314533995
 30
0.0
 10
1213.611593170263
 20
676.7746707627763
 30
0.0
 10
1213.708843908241
 20
676.677420024817
 30
0.0
 10
1213.828504598857
 20
676.677420024817
 30
0.0
 10
1213.828504598857
 20
676.677420024817
 30
0.0
 10
1213.947742460176
 20
676.677420024817
 30
0.0
 10
1214.044993198146
 20
676.7746707627763
 30
0.0
 10
1214.044993198146
 20
676.8943314533995
 30
0.0
 10
1214.044993198146
 20
676.8943314533995
 30
0.0
 10
1214.044993198146
 20
676.8943314533995
 30
0.0
 10
1213.828504598857
 20
676.8943314533995
 30
0.0
 10
1213.828504598857
 20
676.8943314533995
 30
0.0
  0
SPLINE
  5
7C9
330
1F
100
AcDbEntity
  8
ºöåçæÄ
100
AcDbSpline
210
0.0
220
0.0
230
0.0
 70
    24
 71
     3
 72
     8
 73
     4
 74
     0
 42
0.000000001
 43
0.0000000001
 40
0.0
 40
0.0
 40
0.0
 40
0.0
 40
1.0
 40
1.0
 40
1.0
 40
1.0
 10
1214.371417414256
 20
677.4363986102075
 30
0.0
 10
1214.371417414256
 20
677.4363986102075
 30
0.0
 10
1217.08851846703
 20
680.1539224922802
 30
0.0
 10
1217.08851846703
 20
680.1539224922802
 30
0.0
  0
SPLINE
  5
7CA
330
1F
100
AcDbEntity
  8
ºöåçæÄ
100
AcDbSpline
210
0.0
220
0.0
230
1.0
 70
    11
 71
     3
 72
    28
 73
    24
 74
     0
 42
0.000000001
 43
0.0000000001
 40
0.0
 40
0.0
 40
0.0
 40
0.0
 40
0.1428571428571428
 40
0.1428571428571428
 40
0.1428571428571428
 40
0.1428571528571428
 40
0.2857142857142857
 40
0.2857142857142857
 40
0.2857142857142857
 40
0.2857142957142857
 40
0.428571428571429
 40
0.428571428571429
 40
0.428571428571429
 40
0.4285714385714289
 40
0.5714285714285714
 40
0.5714285714285714
 40
0.5714285714285714
 40
0.5714285814285715
 40
0.7142857142857145
 40
0.7142857142857145
 40
0.7142857142857145
 40
0.7142857242857146
 40
1.0
 40
1.0
 40
1.0
 40
1.0
 10
1217.632699770326
 20
680.6985266248654
 30
0.0
 10
1217.632699770326
 20
680.6985266248654
 30
0.0
 10
1217.849188369601
 20
680.6985266248654
 30
0.0
 10
1217.849188369601
 20
680.6985266248654
 30
0.0
 10
1217.849188369601
 20
680.6985266248654
 30
0.0
 10
1217.849188369601
 20
680.8177644861922
 30
0.0
 10
1217.751937631646
 20
680.9150152241515
 30
0.0
 10
1217.632699770326
 20
680.9150152241515
 30
0.0
 10
1217.632699770326
 20
680.9150152241515
 30
0.0
 10
1217.513039079688
 20
680.9150152241515
 30
0.0
 10
1217.415788341733
 20
680.8177644861922
 30
0.0
 10
1217.415788341733
 20
680.6985266248654
 30
0.0
 10
1217.415788341733
 20
680.6985266248654
 30
0.0
 10
1217.415788341733
 20
680.5788659342421
 30
0.0
 10
1217.513039079688
 20
680.4816151962827
 30
0.0
 10
1217.632699770326
 20
680.4816151962827
 30
0.0
 10
1217.632699770326
 20
680.4816151962827
 30
0.0
 10
1217.751937631646
 20
680.4816151962827
 30
0.0
 10
1217.849188369601
 20
680.5788659342421
 30
0.0
 10
1217.849188369601
 20
680.6985266248654
 30
0.0
 10
1217.849188369601
 20
680.6985266248654
 30
0.0
 10
1217.849188369601
 20
680.6985266248654
 30
0.0
 10
1217.632699770326
 20
680.6985266248654
 30
0.0
 10
1217.632699770326
 20
680.6985266248654
 30
0.0
  0
SPLINE
  5
7CB
330
1F
100
AcDbEntity
  8
ºöåçæÄ
100
AcDbSpline
210
0.0
220
0.0
230
0.0
 70
    24
 71
     3
 72
     8
 73
     4
 74
     0
 42
0.000000001
 43
0.0000000001
 40
0.0
 40
0.0
 40
0.0
 40
0.0
 40
1.0
 40
1.0
 40
1.0
 40
1.0
 10
1210.618807416836
 20
671.5104460340066
 30
0.0
 10
1210.618807416836
 20
671.5104460340066
 30
0.0
 10
1212.469531243162
 20
673.3620155189298
 30
0.0
 10
1212.469531243162
 20
673.3620155189298
 30
0.0
  0
SPLINE
  5
7CC
330
1F
100
AcDbEntity
  8
ºöåçæÄ
100
AcDbSpline
210
0.0
220
0.0
230
1.0
 70
    11
 71
     3
 72
    28
 73
    24
 74
     0
 42
0.000000001
 43
0.0000000001
 40
0.0
 40
0.0
 40
0.0
 40
0.0
 40
0.1428571428571428
 40
0.1428571428571428
 40
0.1428571428571428
 40
0.1428571528571428
 40
0.2857142857142857
 40
0.2857142857142857
 40
0.2857142857142857
 40
0.2857142957142857
 40
0.428571428571429
 40
0.428571428571429
 40
0.428571428571429
 40
0.4285714385714289
 40
0.5714285714285714
 40
0.5714285714285714
 40
0.5714285714285714
 40
0.5714285814285715
 40
0.7142857142857145
 40
0.7142857142857145
 40
0.7142857142857145
 40
0.7142857242857146
 40
1.0
 40
1.0
 40
1.0
 40
1.0
 10
1213.013289717154
 20
673.9049283343288
 30
0.0
 10
1213.013289717154
 20
673.9049283343288
 30
0.0
 10
1213.230201145733
 20
673.9049283343288
 30
0.0
 10
1213.230201145733
 20
673.9049283343288
 30
0.0
 10
1213.230201145733
 20
673.9049283343288
 30
0.0
 10
1213.230201145733
 20
674.0245890249521
 30
0.0
 10
1213.132950407785
 20
674.1218397629133
 30
0.0
 10
1213.013289717154
 20
674.1218397629133
 30
0.0
 10
1213.013289717154
 20
674.1218397629133
 30
0.0
 10
1212.894051855835
 20
674.1218397629133
 30
0.0
 10
1212.796801117872
 20
674.0245890249521
 30
0.0
 10
1212.796801117872
 20
673.9049283343288
 30
0.0
 10
1212.796801117872
 20
673.9049283343288
 30
0.0
 10
1212.796801117872
 20
673.7856904730038
 30
0.0
 10
1212.894051855835
 20
673.6884397350427
 30
0.0
 10
1213.013289717154
 20
673.6884397350427
 30
0.0
 10
1213.013289717154
 20
673.6884397350427
 30
0.0
 10
1213.132950407785
 20
673.6884397350427
 30
0.0
 10
1213.230201145733
 20
673.7856904730038
 30
0.0
 10
1213.230201145733
 20
673.9049283343288
 30
0.0
 10
1213.230201145733
 20
673.9049283343288
 30
0.0
 10
1213.230201145733
 20
673.9049283343288
 30
0.0
 10
1213.013289717154
 20
673.9049283343288
 30
0.0
 10
1213.013289717154
 20
673.9049283343288
 30
0.0
  0
SPLINE
  5
7CD
330
1F
100
AcDbEntity
  8
ºöåçæÄ
100
AcDbSpline
210
0.0
220
0.0
230
0.0
 70
    24
 71
     3
 72
     8
 73
     4
 74
     0
 42
0.000000001
 43
0.0000000001
 40
0.0
 40
0.0
 40
0.0
 40
0.0
 40
1.0
 40
1.0
 40
1.0
 40
1.0
 10
1213.556202532568
 20
674.4491096376172
 30
0.0
 10
1213.556202532568
 20
674.4491096376172
 30
0.0
 10
1216.273726414639
 20
677.1662106903938
 30
0.0
 10
1216.273726414639
 20
677.1662106903938
 30
0.0
  0
SPLINE
  5
7CE
330
1F
100
AcDbEntity
  8
ºöåçæÄ
100
AcDbSpline
210
0.0
220
0.0
230
1.0
 70
    11
 71
     3
 72
    28
 73
    24
 74
     0
 42
0.000000001
 43
0.0000000001
 40
0.0
 40
0.0
 40
0.0
 40
0.0
 40
0.1428571428571428
 40
0.1428571428571428
 40
0.1428571428571428
 40
0.1428571528571428
 40
0.2857142857142857
 40
0.2857142857142857
 40
0.2857142857142857
 40
0.2857142957142857
 40
0.428571428571429
 40
0.428571428571429
 40
0.428571428571429
 40
0.4285714385714289
 40
0.5714285714285714
 40
0.5714285714285714
 40
0.5714285714285714
 40
0.5714285814285715
 40
0.7142857142857145
 40
0.7142857142857145
 40
0.7142857142857145
 40
0.7142857242857146
 40
1.0
 40
1.0
 40
1.0
 40
1.0
 10
1216.817484888631
 20
677.7091235057967
 30
0.0
 10
1216.817484888631
 20
677.7091235057967
 30
0.0
 10
1217.034396317217
 20
677.7091235057967
 30
0.0
 10
1217.034396317217
 20
677.7091235057967
 30
0.0
 10
1217.034396317217
 20
677.7091235057967
 30
0.0
 10
1217.034396317217
 20
677.828784196418
 30
0.0
 10
1216.93714557924
 20
677.9260349343791
 30
0.0
 10
1216.817484888631
 20
677.9260349343791
 30
0.0
 10
1216.817484888631
 20
677.9260349343791
 30
0.0
 10
1216.698247027297
 20
677.9260349343791
 30
0.0
 10
1216.600996289334
 20
677.828784196418
 30
0.0
 10
1216.600996289334
 20
677.7091235057967
 30
0.0
 10
1216.600996289334
 20
677.7091235057967
 30
0.0
 10
1216.600996289334
 20
677.5898856444698
 30
0.0
 10
1216.698247027297
 20
677.4926349065086
 30
0.0
 10
1216.817484888631
 20
677.4926349065086
 30
0.0
 10
1216.817484888631
 20
677.4926349065086
 30
0.0
 10
1216.93714557924
 20
677.4926349065086
 30
0.0
 10
1217.034396317217
 20
677.5898856444698
 30
0.0
 10
1217.034396317217
 20
677.7091235057967
 30
0.0
 10
1217.034396317217
 20
677.7091235057967
 30
0.0
 10
1217.034396317217
 20
677.7091235057967
 30
0.0
 10
1216.817484888631
 20
677.7091235057967
 30
0.0
 10
1216.817484888631
 20
677.7091235057967
 30
0.0
  0
SPLINE
  5
7CF
330
1F
100
AcDbEntity
  8
ºöåçæÄ
100
AcDbSpline
210
0.0
220
0.0
230
0.0
 70
    24
 71
     3
 72
     8
 73
     4
 74
     0
 42
0.000000001
 43
0.0000000001
 40
0.0
 40
0.0
 40
0.0
 40
0.0
 40
1.0
 40
1.0
 40
1.0
 40
1.0
 10
1217.36039770403
 20
678.2533048090832
 30
0.0
 10
1217.36039770403
 20
678.2533048090832
 30
0.0
 10
1220.077075927508
 20
680.9704058618613
 30
0.0
 10
1220.077075927508
 20
680.9704058618613
 30
0.0
  0
SPLINE
  5
7D0
330
1F
100
AcDbEntity
  8
ºöåçæÄ
100
AcDbSpline
210
0.0
220
0.0
230
1.0
 70
    11
 71
     3
 72
    28
 73
    24
 74
     0
 42
0.000000001
 43
0.0000000001
 40
0.0
 40
0.0
 40
0.0
 40
0.0
 40
0.1428571428571428
 40
0.1428571428571428
 40
0.1428571428571428
 40
0.1428571528571428
 40
0.2857142857142857
 40
0.2857142857142857
 40
0.2857142857142857
 40
0.2857142957142857
 40
0.428571428571429
 40
0.428571428571429
 40
0.428571428571429
 40
0.4285714385714289
 40
0.5714285714285714
 40
0.5714285714285714
 40
0.5714285714285714
 40
0.5714285814285715
 40
0.7142857142857145
 40
0.7142857142857145
 40
0.7142857142857145
 40
0.7142857242857146
 40
1.0
 40
1.0
 40
1.0
 40
1.0
 10
1220.164178762378
 20
681.0558173795492
 30
0.0
 10
1220.164178762378
 20
681.0558173795492
 30
0.0
 10
1220.381090190964
 20
681.0558173795492
 30
0.0
 10
1220.381090190964
 20
681.0558173795492
 30
0.0
 10
1220.381090190964
 20
681.0558173795492
 30
0.0
 10
1220.381090190964
 20
681.1750552408762
 30
0.0
 10
1220.283839452994
 20
681.272728808132
 30
0.0
 10
1220.164178762378
 20
681.272728808132
 30
0.0
 10
1220.164178762378
 20
681.272728808132
 30
0.0
 10
1220.044940901052
 20
681.272728808132
 30
0.0
 10
1219.947690163089
 20
681.1750552408762
 30
0.0
 10
1219.947690163089
 20
681.0558173795492
 30
0.0
 10
1219.947690163089
 20
681.0558173795492
 30
0.0
 10
1219.947690163089
 20
680.9361566889261
 30
0.0
 10
1220.044940901052
 20
680.8389059509667
 30
0.0
 10
1220.164178762378
 20
680.8389059509667
 30
0.0
 10
1220.164178762378
 20
680.8389059509667
 30
0.0
 10
1220.283839452994
 20
680.8389059509667
 30
0.0
 10
1220.381090190964
 20
680.9361566889261
 30
0.0
 10
1220.381090190964
 20
681.0558173795492
 30
0.0
 10
1220.381090190964
 20
681.0558173795492
 30
0.0
 10
1220.381090190964
 20
681.0558173795492
 30
0.0
 10
1220.164178762378
 20
681.0558173795492
 30
0.0
 10
1220.164178762378
 20
681.0558173795492
 30
0.0
  0
SPLINE
  5
7D1
330
1F
100
AcDbEntity
  8
ºöåçæÄ
100
AcDbSpline
210
0.0
220
0.0
230
0.0
 70
    24
 71
     3
 72
     8
 73
     4
 74
     0
 42
0.000000001
 43
0.0000000001
 40
0.0
 40
0.0
 40
0.0
 40
0.0
 40
1.0
 40
1.0
 40
1.0
 40
1.0
 10
1212.791727166329
 20
671.5104460340066
 30
0.0
 10
1212.791727166329
 20
671.5104460340066
 30
0.0
 10
1215.45808870364
 20
674.1768075713247
 30
0.0
 10
1215.45808870364
 20
674.1768075713247
 30
0.0
  0
SPLINE
  5
7D2
330
1F
100
AcDbEntity
  8
ºöåçæÄ
100
AcDbSpline
210
0.0
220
0.0
230
1.0
 70
    11
 71
     3
 72
    28
 73
    24
 74
     0
 42
0.000000001
 43
0.0000000001
 40
0.0
 40
0.0
 40
0.0
 40
0.0
 40
0.1428571428571428
 40
0.1428571428571428
 40
0.1428571428571428
 40
0.1428571528571428
 40
0.2857142857142857
 40
0.2857142857142857
 40
0.2857142857142857
 40
0.2857142957142857
 40
0.428571428571429
 40
0.428571428571429
 40
0.428571428571429
 40
0.4285714385714289
 40
0.5714285714285714
 40
0.5714285714285714
 40
0.5714285714285714
 40
0.5714285814285715
 40
0.7142857142857145
 40
0.7142857142857145
 40
0.7142857142857145
 40
0.7142857242857146
 40
1.0
 40
1.0
 40
1.0
 40
1.0
 10
1216.002692836239
 20
674.7218345332027
 30
0.0
 10
1216.002692836239
 20
674.7218345332027
 30
0.0
 10
1216.219604264811
 20
674.7218345332027
 30
0.0
 10
1216.219604264811
 20
674.7218345332027
 30
0.0
 10
1216.219604264811
 20
674.7218345332027
 30
0.0
 10
1216.219604264811
 20
674.8410723945295
 30
0.0
 10
1216.122353526848
 20
674.9387459617889
 30
0.0
 10
1216.002692836239
 20
674.9387459617889
 30
0.0
 10
1216.002692836239
 20
674.9387459617889
 30
0.0
 10
1215.883454974905
 20
674.9387459617889
 30
0.0
 10
1215.786204236942
 20
674.8410723945295
 30
0.0
 10
1215.786204236942
 20
674.7218345332027
 30
0.0
 10
1215.786204236942
 20
674.7218345332027
 30
0.0
 10
1215.786204236942
 20
674.6025966718775
 30
0.0
 10
1215.883454974905
 20
674.504923104622
 30
0.0
 10
1216.002692836239
 20
674.504923104622
 30
0.0
 10
1216.002692836239
 20
674.504923104622
 30
0.0
 10
1216.122353526848
 20
674.504923104622
 30
0.0
 10
1216.219604264811
 20
674.6025966718775
 30
0.0
 10
1216.219604264811
 20
674.7218345332027
 30
0.0
 10
1216.219604264811
 20
674.7218345332027
 30
0.0
 10
1216.219604264811
 20
674.7218345332027
 30
0.0
 10
1216.002692836239
 20
674.7218345332027
 30
0.0
 10
1216.002692836239
 20
674.7218345332027
 30
0.0
  0
SPLINE
  5
7D3
330
1F
100
AcDbEntity
  8
ºöåçæÄ
100
AcDbSpline
210
0.0
220
0.0
230
0.0
 70
    24
 71
     3
 72
     8
 73
     4
 74
     0
 42
0.000000001
 43
0.0000000001
 40
0.0
 40
0.0
 40
0.0
 40
0.0
 40
1.0
 40
1.0
 40
1.0
 40
1.0
 10
1216.545182822342
 20
675.2639016900142
 30
0.0
 10
1216.545182822342
 20
675.2639016900142
 30
0.0
 10
1219.262283875117
 20
677.9810027427926
 30
0.0
 10
1219.262283875117
 20
677.9810027427926
 30
0.0
  0
SPLINE
  5
7D4
330
1F
100
AcDbEntity
  8
ºöåçæÄ
100
AcDbSpline
210
0.0
220
0.0
230
1.0
 70
    11
 71
     3
 72
    28
 73
    24
 74
     0
 42
0.000000001
 43
0.0000000001
 40
0.0
 40
0.0
 40
0.0
 40
0.0
 40
0.1428571428571428
 40
0.1428571428571428
 40
0.1428571428571428
 40
0.1428571528571428
 40
0.2857142857142857
 40
0.2857142857142857
 40
0.2857142857142857
 40
0.2857142957142857
 40
0.428571428571429
 40
0.428571428571429
 40
0.428571428571429
 40
0.4285714385714289
 40
0.5714285714285714
 40
0.5714285714285714
 40
0.5714285714285714
 40
0.5714285814285715
 40
0.7142857142857145
 40
0.7142857142857145
 40
0.7142857142857145
 40
0.7142857242857146
 40
1.0
 40
1.0
 40
1.0
 40
1.0
 10
1219.805619519805
 20
678.5239155581917
 30
0.0
 10
1219.805619519805
 20
678.5239155581917
 30
0.0
 10
1220.022108119102
 20
678.5239155581917
 30
0.0
 10
1220.022108119102
 20
678.5239155581917
 30
0.0
 10
1220.022108119102
 20
678.5239155581917
 30
0.0
 10
1220.022108119102
 20
678.6435762488148
 30
0.0
 10
1219.924857381132
 20
678.7408269867761
 30
0.0
 10
1219.805619519805
 20
678.7408269867761
 30
0.0
 10
1219.805619519805
 20
678.7408269867761
 30
0.0
 10
1219.685958829182
 20
678.7408269867761
 30
0.0
 10
1219.588708091226
 20
678.6435762488148
 30
0.0
 10
1219.588708091226
 20
678.5239155581917
 30
0.0
 10
1219.588708091226
 20
678.5239155581917
 30
0.0
 10
1219.588708091226
 20
678.4046776968668
 30
0.0
 10
1219.685958829182
 20
678.3074269589075
 30
0.0
 10
1219.805619519805
 20
678.3074269589075
 30
0.0
 10
1219.805619519805
 20
678.3074269589075
 30
0.0
 10
1219.924857381132
 20
678.3074269589075
 30
0.0
 10
1220.022108119102
 20
678.4046776968668
 30
0.0
 10
1220.022108119102
 20
678.5239155581917
 30
0.0
 10
1220.022108119102
 20
678.5239155581917
 30
0.0
 10
1220.022108119102
 20
678.5239155581917
 30
0.0
 10
1219.805619519805
 20
678.5239155581917
 30
0.0
 10
1219.805619519805
 20
678.5239155581917
 30
0.0
  0
SPLINE
  5
7D5
330
1F
100
AcDbEntity
  8
ºöåçæÄ
100
AcDbSpline
210
0.0
220
0.0
230
0.0
 70
    24
 71
     3
 72
     8
 73
     4
 74
     0
 42
0.000000001
 43
0.0000000001
 40
0.0
 40
0.0
 40
0.0
 40
0.0
 40
1.0
 40
1.0
 40
1.0
 40
1.0
 10
1220.349377993797
 20
679.0680968614782
 30
0.0
 10
1220.349377993797
 20
679.0680968614782
 30
0.0
 10
1221.086792285122
 20
679.8050883235069
 30
0.0
 10
1221.086792285122
 20
679.8050883235069
 30
0.0
  0
SPLINE
  5
7D6
330
1F
100
AcDbEntity
  8
ºöåçæÄ
100
AcDbSpline
210
0.0
220
0.0
230
1.0
 70
    11
 71
     3
 72
    28
 73
    24
 74
     0
 42
0.000000001
 43
0.0000000001
 40
0.0
 40
0.0
 40
0.0
 40
0.0
 40
0.1428571428571428
 40
0.1428571428571428
 40
0.1428571428571428
 40
0.1428571528571428
 40
0.2857142857142857
 40
0.2857142857142857
 40
0.2857142857142857
 40
0.2857142957142857
 40
0.428571428571429
 40
0.428571428571429
 40
0.428571428571429
 40
0.4285714385714289
 40
0.5714285714285714
 40
0.5714285714285714
 40
0.5714285714285714
 40
0.5714285814285715
 40
0.7142857142857145
 40
0.7142857142857145
 40
0.7142857142857145
 40
0.7142857242857146
 40
1.0
 40
1.0
 40
1.0
 40
1.0
 10
1215.186209466662
 20
671.7324314141357
 30
0.0
 10
1215.186209466662
 20
671.7324314141357
 30
0.0
 10
1215.403120895241
 20
671.7324314141357
 30
0.0
 10
1215.403120895241
 20
671.7324314141357
 30
0.0
 10
1215.403120895241
 20
671.7324314141357
 30
0.0
 10
1215.403120895241
 20
671.8520921047552
 30
0.0
 10
1215.305870157263
 20
671.9493428427162
 30
0.0
 10
1215.186209466662
 20
671.9493428427162
 30
0.0
 10
1215.186209466662
 20
671.9493428427162
 30
0.0
 10
1215.066971605321
 20
671.9493428427162
 30
0.0
 10
1214.969720867358
 20
671.8520921047552
 30
0.0
 10
1214.969720867358
 20
671.7324314141357
 30
0.0
 10
1214.969720867358
 20
671.7324314141357
 30
0.0
 10
1214.969720867358
 20
671.6131935528087
 30
0.0
 10
1215.066971605321
 20
671.5159428148476
 30
0.0
 10
1215.186209466662
 20
671.5159428148476
 30
0.0
 10
1215.186209466662
 20
671.5159428148476
 30
0.0
 10
1215.305870157263
 20
671.5159428148476
 30
0.0
 10
1215.403120895241
 20
671.6131935528087
 30
0.0
 10
1215.403120895241
 20
671.7324314141357
 30
0.0
 10
1215.403120895241
 20
671.7324314141357
 30
0.0
 10
1215.403120895241
 20
671.7324314141357
 30
0.0
 10
1215.186209466662
 20
671.7324314141357
 30
0.0
 10
1215.186209466662
 20
671.7324314141357
 30
0.0
  0
SPLINE
  5
7D7
330
1F
100
AcDbEntity
  8
ºöåçæÄ
100
AcDbSpline
210
0.0
220
0.0
230
0.0
 70
    24
 71
     3
 72
     8
 73
     4
 74
     0
 42
0.000000001
 43
0.0000000001
 40
0.0
 40
0.0
 40
0.0
 40
0.0
 40
1.0
 40
1.0
 40
1.0
 40
1.0
 10
1215.730390769936
 20
672.2744985709437
 30
0.0
 10
1215.730390769936
 20
672.2744985709437
 30
0.0
 10
1218.447491822718
 20
674.9915996237238
 30
0.0
 10
1218.447491822718
 20
674.9915996237238
 30
0.0
  0
SPLINE
  5
7D8
330
1F
100
AcDbEntity
  8
ºöåçæÄ
100
AcDbSpline
210
0.0
220
0.0
230
1.0
 70
    11
 71
     3
 72
    28
 73
    24
 74
     0
 42
0.000000001
 43
0.0000000001
 40
0.0
 40
0.0
 40
0.0
 40
0.0
 40
0.1428571428571428
 40
0.1428571428571428
 40
0.1428571428571428
 40
0.1428571528571428
 40
0.2857142857142857
 40
0.2857142857142857
 40
0.2857142857142857
 40
0.2857142957142857
 40
0.428571428571429
 40
0.428571428571429
 40
0.428571428571429
 40
0.4285714385714289
 40
0.5714285714285714
 40
0.5714285714285714
 40
0.5714285714285714
 40
0.5714285814285715
 40
0.7142857142857145
 40
0.7142857142857145
 40
0.7142857142857145
 40
0.7142857242857146
 40
1.0
 40
1.0
 40
1.0
 40
1.0
 10
1218.990404638124
 20
675.5353580977157
 30
0.0
 10
1218.990404638124
 20
675.5353580977157
 30
0.0
 10
1219.207316066703
 20
675.5353580977157
 30
0.0
 10
1219.207316066703
 20
675.5353580977157
 30
0.0
 10
1219.207316066703
 20
675.5353580977157
 30
0.0
 10
1219.207316066703
 20
675.6545959590408
 30
0.0
 10
1219.110065328733
 20
675.7518466970017
 30
0.0
 10
1218.990404638124
 20
675.7518466970017
 30
0.0
 10
1218.990404638124
 20
675.7518466970017
 30
0.0
 10
1218.87116677679
 20
675.7518466970017
 30
0.0
 10
1218.773916038842
 20
675.6545959590408
 30
0.0
 10
1218.773916038842
 20
675.5353580977157
 30
0.0
 10
1218.773916038842
 20
675.5353580977157
 30
0.0
 10
1218.773916038842
 20
675.4156974070926
 30
0.0
 10
1218.87116677679
 20
675.3184466691297
 30
0.0
 10
1218.990404638124
 20
675.3184466691297
 30
0.0
 10
1218.990404638124
 20
675.3184466691297
 30
0.0
 10
1219.110065328733
 20
675.3184466691297
 30
0.0
 10
1219.207316066703
 20
675.4156974070926
 30
0.0
 10
1219.207316066703
 20
675.5353580977157
 30
0.0
 10
1219.207316066703
 20
675.5353580977157
 30
0.0
 10
1219.207316066703
 20
675.5353580977157
 30
0.0
 10
1218.990404638124
 20
675.5353580977157
 30
0.0
 10
1218.990404638124
 20
675.5353580977157
 30
0.0
  0
SPLINE
  5
7D9
330
1F
100
AcDbEntity
  8
ºöåçæÄ
100
AcDbSpline
210
0.0
220
0.0
230
0.0
 70
    24
 71
     3
 72
     8
 73
     4
 74
     0
 42
0.000000001
 43
0.0000000001
 40
0.0
 40
0.0
 40
0.0
 40
0.0
 40
1.0
 40
1.0
 40
1.0
 40
1.0
 10
1219.533317453516
 20
676.0786937424095
 30
0.0
 10
1219.533317453516
 20
676.0786937424095
 30
0.0
 10
1221.140491605646
 20
677.6858678945451
 30
0.0
 10
1221.140491605646
 20
677.6858678945451
 30
0.0
  0
SPLINE
  5
7DA
330
1F
100
AcDbEntity
  8
ºöåçæÄ
100
AcDbSpline
210
0.0
220
0.0
230
0.0
 70
    24
 71
     3
 72
     8
 73
     4
 74
     0
 42
0.000000001
 43
0.0000000001
 40
0.0
 40
0.0
 40
0.0
 40
0.0
 40
1.0
 40
1.0
 40
1.0
 40
1.0
 10
1217.138412323901
 20
671.5104460340066
 30
0.0
 10
1217.138412323901
 20
671.5104460340066
 30
0.0
 10
1217.632699770326
 20
672.0043106511317
 30
0.0
 10
1217.632699770326
 20
672.0043106511317
 30
0.0
  0
SPLINE
  5
7DB
330
1F
100
AcDbEntity
  8
ºöåçæÄ
100
AcDbSpline
210
0.0
220
0.0
230
1.0
 70
    11
 71
     3
 72
    28
 73
    24
 74
     0
 42
0.000000001
 43
0.0000000001
 40
0.0
 40
0.0
 40
0.0
 40
0.0
 40
0.1428571428571428
 40
0.1428571428571428
 40
0.1428571428571428
 40
0.1428571528571428
 40
0.2857142857142857
 40
0.2857142857142857
 40
0.2857142857142857
 40
0.2857142957142857
 40
0.428571428571429
 40
0.428571428571429
 40
0.428571428571429
 40
0.4285714385714289
 40
0.5714285714285714
 40
0.5714285714285714
 40
0.5714285714285714
 40
0.5714285814285715
 40
0.7142857142857145
 40
0.7142857142857145
 40
0.7142857142857145
 40
0.7142857242857146
 40
1.0
 40
1.0
 40
1.0
 40
1.0
 10
1218.175189756436
 20
672.5476462958272
 30
0.0
 10
1218.175189756436
 20
672.5476462958272
 30
0.0
 10
1218.392101185008
 20
672.5476462958272
 30
0.0
 10
1218.392101185008
 20
672.5476462958272
 30
0.0
 10
1218.392101185008
 20
672.5476462958272
 30
0.0
 10
1218.392101185008
 20
672.6668841571522
 30
0.0
 10
1218.294427617756
 20
672.7641348951152
 30
0.0
 10
1218.175189756436
 20
672.7641348951152
 30
0.0
 10
1218.175189756436
 20
672.7641348951152
 30
0.0
 10
1218.055529065798
 20
672.7641348951152
 30
0.0
 10
1217.95827832785
 20
672.6668841571522
 30
0.0
 10
1217.95827832785
 20
672.5476462958272
 30
0.0
 10
1217.95827832785
 20
672.5476462958272
 30
0.0
 10
1217.95827832785
 20
672.427985605204
 30
0.0
 10
1218.055529065798
 20
672.3307348672427
 30
0.0
 10
1218.175189756436
 20
672.3307348672427
 30
0.0
 10
1218.175189756436
 20
672.3307348672427
 30
0.0
 10
1218.294427617756
 20
672.3307348672427
 30
0.0
 10
1218.392101185008
 20
672.427985605204
 30
0.0
 10
1218.392101185008
 20
672.5476462958272
 30
0.0
 10
1218.392101185008
 20
672.5476462958272
 30
0.0
 10
1218.392101185008
 20
672.5476462958272
 30
0.0
 10
1218.175189756436
 20
672.5476462958272
 30
0.0
 10
1218.175189756436
 20
672.5476462958272
 30
0.0
  0
SPLINE
  5
7DC
330
1F
100
AcDbEntity
  8
ºöåçæÄ
100
AcDbSpline
210
0.0
220
0.0
230
0.0
 70
    24
 71
     3
 72
     8
 73
     4
 74
     0
 42
0.000000001
 43
0.0000000001
 40
0.0
 40
0.0
 40
0.0
 40
0.0
 40
1.0
 40
1.0
 40
1.0
 40
1.0
 10
1218.719793889007
 20
673.0897134526372
 30
0.0
 10
1218.719793889007
 20
673.0897134526372
 30
0.0
 10
1221.140491605646
 20
675.5121024864624
 30
0.0
 10
1221.140491605646
 20
675.5121024864624
 30
0.0
  0
SPLINE
  5
7DD
330
1F
100
AcDbEntity
  8
ºöåçæÄ
100
AcDbSpline
210
0.0
220
0.0
230
0.0
 70
    24
 71
     3
 72
     8
 73
     4
 74
     0
 42
0.000000001
 43
0.0000000001
 40
0.0
 40
0.0
 40
0.0
 40
0.0
 40
1.0
 40
1.0
 40
1.0
 40
1.0
 10
1219.313023390573
 20
671.5104460340066
 30
0.0
 10
1219.313023390573
 20
671.5104460340066
 30
0.0
 10
1220.6216800601
 20
672.8191027035267
 30
0.0
 10
1220.6216800601
 20
672.8191027035267
 30
0.0
  0
SPLINE
  5
7DE
330
1F
100
AcDbEntity
  8
ºöåçæÄ
100
AcDbSpline
210
0.0
220
0.0
230
1.0
 70
     8
 71
     3
 72
    12
 73
     8
 74
     0
 42
0.000000001
 43
0.0000000001
 40
0.2865565477446615
 40
0.2865565477446615
 40
0.2865565477446615
 40
0.2865565477446615
 40
0.428571428571429
 40
0.428571428571429
 40
0.428571428571429
 40
0.4285714385714289
 40
0.5705863093981077
 40
0.5705863093981077
 40
0.5705863093981077
 40
0.5705863093981077
 10
1221.138377459171
 20
673.5565068686325
 30
0.0
 10
1221.019687547105
 20
673.5553694674059
 30
0.0
 10
1220.923580177067
 20
673.4585607572977
 30
0.0
 10
1220.923580177067
 20
673.3396055662693
 30
0.0
 10
1220.923580177067
 20
673.3396055662693
 30
0.0
 10
1220.923580177067
 20
673.2210707116032
 30
0.0
 10
1221.019687547105
 20
673.1242644797262
 30
0.0
 10
1221.138377459171
 20
673.1231270931117
 30
0.0
  0
SPLINE
  5
7DF
330
1F
100
AcDbEntity
  8
ºöåçæÄ
100
AcDbSpline
210
0.0
220
0.0
230
0.0
 70
    24
 71
     3
 72
     8
 73
     4
 74
     0
 42
0.000000001
 43
0.0000000001
 40
0.0
 40
0.0
 40
0.0
 40
0.0
 40
1.0
 40
1.0
 40
1.0
 40
1.0
 10
1194.388082080401
 20
671.3645699270642
 30
0.0
 10
1194.388082080401
 20
671.3645699270642
 30
0.0
 10
1194.533535358042
 20
671.5104460340066
 30
0.0
 10
1194.533535358042
 20
671.5104460340066
 30
0.0
  0
SPLINE
  5
7E0
330
1F
100
AcDbEntity
  8
ºöåçæÄ
100
AcDbSpline
210
0.0
220
0.0
230
0.0
 70
    24
 71
     3
 72
     8
 73
     4
 74
     0
 42
0.000000001
 43
0.0000000001
 40
0.0
 40
0.0
 40
0.0
 40
0.0
 40
1.0
 40
1.0
 40
1.0
 40
1.0
 10
1194.755943567467
 20
669.123997490297
 30
0.0
 10
1194.755943567467
 20
669.123997490297
 30
0.0
 10
1196.279820348403
 20
670.6470286126282
 30
0.0
 10
1196.279820348403
 20
670.6470286126282
 30
0.0
  0
SPLINE
  5
7E1
330
1F
100
AcDbEntity
  8
ºöåçæÄ
100
AcDbSpline
210
0.0
220
0.0
230
0.0
 70
    24
 71
     3
 72
     8
 73
     4
 74
     0
 42
0.000000001
 43
0.0000000001
 40
0.0
 40
0.0
 40
0.0
 40
0.0
 40
1.0
 40
1.0
 40
1.0
 40
1.0
 10
1194.388082080401
 20
670.4939644076645
 30
0.0
 10
1194.388082080401
 20
670.4939644076645
 30
0.0
 10
1195.402449560276
 20
671.5104460340066
 30
0.0
 10
1195.402449560276
 20
671.5104460340066
 30
0.0
  0
SPLINE
  5
7E2
330
1F
100
AcDbEntity
  8
ºöåçæÄ
100
AcDbSpline
210
0.0
220
0.0
230
0.0
 70
    24
 71
     3
 72
     8
 73
     4
 74
     0
 42
0.000000001
 43
0.0000000001
 40
0.0
 40
0.0
 40
0.0
 40
0.0
 40
1.0
 40
1.0
 40
1.0
 40
1.0
 10
1195.580883522952
 20
669.0796004142709
 30
0.0
 10
1195.580883522952
 20
669.0796004142709
 30
0.0
 10
1196.279820348403
 20
669.7776915811142
 30
0.0
 10
1196.279820348403
 20
669.7776915811142
 30
0.0
  0
SPLINE
  5
7E3
330
1F
100
AcDbEntity
  8
ºöåçæÄ
100
AcDbSpline
210
0.0
220
0.0
230
0.0
 70
    24
 71
     3
 72
     8
 73
     4
 74
     0
 42
0.000000001
 43
0.0000000001
 40
0.0
 40
0.0
 40
0.0
 40
0.0
 40
1.0
 40
1.0
 40
1.0
 40
1.0
 10
1194.988076850696
 20
677.1818553743274
 30
0.0
 10
1194.988076850696
 20
677.1818553743274
 30
0.0
 10
1195.383422241973
 20
677.576777936311
 30
0.0
 10
1195.383422241973
 20
677.576777936311
 30
0.0
  0
SPLINE
  5
7E4
330
1F
100
AcDbEntity
  8
ºöåçæÄ
100
AcDbSpline
210
0.0
220
0.0
230
0.0
 70
    24
 71
     3
 72
     8
 73
     4
 74
     0
 42
0.000000001
 43
0.0000000001
 40
0.0
 40
0.0
 40
0.0
 40
0.0
 40
1.0
 40
1.0
 40
1.0
 40
1.0
 10
1194.388082080401
 20
673.9742723387886
 30
0.0
 10
1194.388082080401
 20
673.9742723387886
 30
0.0
 10
1196.278129031217
 20
675.8638964603037
 30
0.0
 10
1196.278129031217
 20
675.8638964603037
 30
0.0
  0
SPLINE
  5
7E5
330
1F
100
AcDbEntity
  8
ºöåçæÄ
100
AcDbSpline
210
0.0
220
0.0
230
0.0
 70
    24
 71
     3
 72
     8
 73
     4
 74
     0
 42
0.000000001
 43
0.0000000001
 40
0.0
 40
0.0
 40
0.0
 40
0.0
 40
1.0
 40
1.0
 40
1.0
 40
1.0
 10
1194.53226687016
 20
671.5104460340066
 30
0.0
 10
1194.53226687016
 20
671.5104460340066
 30
0.0
 10
1196.278129031217
 20
673.2563081950579
 30
0.0
 10
1196.278129031217
 20
673.2563081950579
 30
0.0
  0
SPLINE
  5
7E6
330
1F
100
AcDbEntity
  8
ºöåçæÄ
100
AcDbSpline
210
0.0
220
0.0
230
0.0
 70
    24
 71
     3
 72
     8
 73
     4
 74
     0
 42
0.000000001
 43
0.0000000001
 40
0.0
 40
0.0
 40
0.0
 40
0.0
 40
1.0
 40
1.0
 40
1.0
 40
1.0
 10
1194.388082080401
 20
675.7112550846365
 30
0.0
 10
1194.388082080401
 20
675.7112550846365
 30
0.0
 10
1195.744095631014
 20
677.0672686352524
 30
0.0
 10
1195.744095631014
 20
677.0672686352524
 30
0.0
  0
SPLINE
  5
7E7
330
1F
100
AcDbEntity
  8
ºöåçæÄ
100
AcDbSpline
210
0.0
220
0.0
230
0.0
 70
    24
 71
     3
 72
     8
 73
     4
 74
     0
 42
0.000000001
 43
0.0000000001
 40
0.0
 40
0.0
 40
0.0
 40
0.0
 40
1.0
 40
1.0
 40
1.0
 40
1.0
 10
1194.388082080401
 20
673.1036668193889
 30
0.0
 10
1194.388082080401
 20
673.1036668193889
 30
0.0
 10
1196.278129031217
 20
674.9937137702005
 30
0.0
 10
1196.278129031217
 20
674.9937137702005
 30
0.0
  0
SPLINE
  5
7E8
330
1F
100
AcDbEntity
  8
ºöåçæÄ
100
AcDbSpline
210
0.0
220
0.0
230
0.0
 70
    24
 71
     3
 72
     8
 73
     4
 74
     0
 42
0.000000001
 43
0.0000000001
 40
0.0
 40
0.0
 40
0.0
 40
0.0
 40
1.0
 40
1.0
 40
1.0
 40
1.0
 10
1195.402449560276
 20
671.5104460340066
 30
0.0
 10
1195.402449560276
 20
671.5104460340066
 30
0.0
 10
1196.278129031217
 20
672.3857026756583
 30
0.0
 10
1196.278129031217
 20
672.3857026756583
 30
0.0
  0
SPLINE
  5
7E9
330
1F
100
AcDbEntity
  8
ºöåçæÄ
100
AcDbSpline
210
0.0
220
0.0
230
0.0
 70
    24
 71
     3
 72
     8
 73
     4
 74
     0
 42
0.000000001
 43
0.0000000001
 40
0.0
 40
0.0
 40
0.0
 40
0.0
 40
1.0
 40
1.0
 40
1.0
 40
1.0
 10
1194.388082080401
 20
668.7565588325219
 30
0.0
 10
1194.388082080401
 20
668.7565588325219
 30
0.0
 10
1194.755943567467
 20
669.123997490297
 30
0.0
 10
1194.755943567467
 20
669.123997490297
 30
0.0
  0
SPLINE
  5
7EA
330
1F
100
AcDbEntity
  8
ºöåçæÄ
100
AcDbSpline
210
0.0
220
0.0
230
0.0
 70
    24
 71
     3
 72
     8
 73
     4
 74
     0
 42
0.000000001
 43
0.0000000001
 40
0.0
 40
0.0
 40
0.0
 40
0.0
 40
1.0
 40
1.0
 40
1.0
 40
1.0
 10
1195.9331003261
 20
667.6939888129695
 30
0.0
 10
1195.9331003261
 20
667.6939888129695
 30
0.0
 10
1196.279820348403
 20
668.039017518086
 30
0.0
 10
1196.279820348403
 20
668.039017518086
 30
0.0
  0
SPLINE
  5
7EB
330
1F
100
AcDbEntity
  8
ºöåçæÄ
100
AcDbSpline
210
0.0
220
0.0
230
0.0
 70
    24
 71
     3
 72
     8
 73
     4
 74
     0
 42
0.000000001
 43
0.0000000001
 40
0.0
 40
0.0
 40
0.0
 40
0.0
 40
1.0
 40
1.0
 40
1.0
 40
1.0
 10
1194.388082080401
 20
667.8859533131222
 30
0.0
 10
1194.388082080401
 20
667.8859533131222
 30
0.0
 10
1195.580883522952
 20
669.0796004142709
 30
0.0
 10
1195.580883522952
 20
669.0796004142709
 30
0.0
  0
SPLINE
  5
7EC
330
1F
100
AcDbEntity
  8
ºöåçæÄ
100
AcDbSpline
210
0.0
220
0.0
230
0.0
 70
    24
 71
     3
 72
     8
 73
     4
 74
     0
 42
0.000000001
 43
0.0000000001
 40
0.0
 40
0.0
 40
0.0
 40
0.0
 40
1.0
 40
1.0
 40
1.0
 40
1.0
 10
1192.808391832475
 20
667.1772914138878
 30
0.0
 10
1192.808391832475
 20
667.1772914138878
 30
0.0
 10
1193.392741918837
 20
667.7612186709526
 30
0.0
 10
1193.392741918837
 20
667.7612186709526
 30
0.0
  0
SPLINE
  5
7ED
330
1F
100
AcDbEntity
  8
ºöåçæÄ
100
AcDbSpline
210
0.0
220
0.0
230
0.0
 70
    24
 71
     3
 72
     8
 73
     4
 74
     0
 42
0.000000001
 43
0.0000000001
 40
0.0
 40
0.0
 40
0.0
 40
0.0
 40
1.0
 40
1.0
 40
1.0
 40
1.0
 10
1193.465468557658
 20
666.9641854489659
 30
0.0
 10
1193.465468557658
 20
666.9641854489659
 30
0.0
 10
1194.214722069254
 20
667.7147074484497
 30
0.0
 10
1194.214722069254
 20
667.7147074484497
 30
0.0
  0
SPLINE
  5
7EE
330
1F
100
AcDbEntity
  8
ºöåçæÄ
100
AcDbSpline
210
0.0
220
0.0
230
0.0
 70
    24
 71
     3
 72
     8
 73
     4
 74
     0
 42
0.000000001
 43
0.0000000001
 40
0.0
 40
0.0
 40
0.0
 40
0.0
 40
1.0
 40
1.0
 40
1.0
 40
1.0
 10
1195.109006029209
 20
666.8703173453693
 30
0.0
 10
1195.109006029209
 20
666.8703173453693
 30
0.0
 10
1195.85825954079
 20
667.6191480276705
 30
0.0
 10
1195.85825954079
 20
667.6191480276705
 30
0.0
  0
SPLINE
  5
7EF
330
1F
100
AcDbEntity
  8
ºöåçæÄ
100
AcDbSpline
210
0.0
220
0.0
230
0.0
 70
    24
 71
     3
 72
     8
 73
     4
 74
     0
 42
0.000000001
 43
0.0000000001
 40
0.0
 40
0.0
 40
0.0
 40
0.0
 40
1.0
 40
1.0
 40
1.0
 40
1.0
 10
1195.931409008915
 20
666.8216919763857
 30
0.0
 10
1195.931409008915
 20
666.8216919763857
 30
0.0
 10
1196.279820348403
 20
667.1705261451631
 30
0.0
 10
1196.279820348403
 20
667.1705261451631
 30
0.0
  0
SPLINE
  5
7F0
330
1F
100
AcDbEntity
  8
ºöåçæÄ
100
AcDbSpline
210
0.0
220
0.0
230
0.0
 70
    24
 71
     3
 72
     8
 73
     4
 74
     0
 42
0.000000001
 43
0.0000000001
 40
0.0
 40
0.0
 40
0.0
 40
0.0
 40
1.0
 40
1.0
 40
1.0
 40
1.0
 10
1197.574946480458
 20
666.7261325556087
 30
0.0
 10
1197.574946480458
 20
666.7261325556087
 30
0.0
 10
1198.051897925766
 20
667.203506830209
 30
0.0
 10
1198.051897925766
 20
667.203506830209
 30
0.0
  0
SPLINE
  5
7F1
330
1F
100
AcDbEntity
  8
ºöåçæÄ
100
AcDbSpline
210
0.0
220
0.0
230
0.0
 70
    24
 71
     3
 72
     8
 73
     4
 74
     0
 42
0.000000001
 43
0.0000000001
 40
0.0
 40
0.0
 40
0.0
 40
0.0
 40
1.0
 40
1.0
 40
1.0
 40
1.0
 10
1196.279820348403
 20
667.1705261451631
 30
0.0
 10
1196.279820348403
 20
667.1705261451631
 30
0.0
 10
1196.680662520511
 20
667.5705226586892
 30
0.0
 10
1196.680662520511
 20
667.5705226586892
 30
0.0
  0
SPLINE
  5
7F2
330
1F
100
AcDbEntity
  8
ºöåçæÄ
100
AcDbSpline
210
0.0
220
0.0
230
0.0
 70
    24
 71
     3
 72
     8
 73
     4
 74
     0
 42
0.000000001
 43
0.0000000001
 40
0.0
 40
0.0
 40
0.0
 40
0.0
 40
1.0
 40
1.0
 40
1.0
 40
1.0
 10
1194.025717374182
 20
665.7849145438619
 30
0.0
 10
1194.025717374182
 20
665.7849145438619
 30
0.0
 10
1194.951290701986
 20
666.7109107009715
 30
0.0
 10
1194.951290701986
 20
666.7109107009715
 30
0.0
  0
SPLINE
  5
7F3
330
1F
100
AcDbEntity
  8
ºöåçæÄ
100
AcDbSpline
210
0.0
220
0.0
230
0.0
 70
    24
 71
     3
 72
     8
 73
     4
 74
     0
 42
0.000000001
 43
0.0000000001
 40
0.0
 40
0.0
 40
0.0
 40
0.0
 40
1.0
 40
1.0
 40
1.0
 40
1.0
 10
1196.673474422486
 20
665.8246604976381
 30
0.0
 10
1196.673474422486
 20
665.8246604976381
 30
0.0
 10
1196.822733163787
 20
665.9734964096482
 30
0.0
 10
1196.822733163787
 20
665.9734964096482
 30
0.0
  0
SPLINE
  5
7F4
330
1F
100
AcDbEntity
  8
ºöåçæÄ
100
AcDbSpline
210
0.0
220
0.0
230
0.0
 70
    24
 71
     3
 72
     8
 73
     4
 74
     0
 42
0.000000001
 43
0.0000000001
 40
0.0
 40
0.0
 40
0.0
 40
0.0
 40
1.0
 40
1.0
 40
1.0
 40
1.0
 10
1194.596114093791
 20
665.4863970612517
 30
0.0
 10
1194.596114093791
 20
665.4863970612517
 30
0.0
 10
1195.821896221384
 20
666.7109107009715
 30
0.0
 10
1195.821896221384
 20
666.7109107009715
 30
0.0
  0
SPLINE
  5
7F5
330
1F
100
AcDbEntity
  8
ºöåçæÄ
100
AcDbSpline
210
0.0
220
0.0
230
1.0
 70
     8
 71
     3
 72
    48
 73
    44
 74
     0
 42
0.000000001
 43
0.0000000001
 40
0.0
 40
0.0
 40
0.0
 40
0.0
 40
0.0833333333333333
 40
0.0833333333333333
 40
0.0833333333333333
 40
0.0833333433333333
 40
0.1666666666666666
 40
0.1666666666666666
 40
0.1666666666666666
 40
0.1666666766666666
 40
0.25
 40
0.25
 40
0.25
 40
0.25000001
 40
0.3333333333333333
 40
0.3333333333333333
 40
0.3333333333333333
 40
0.3333333433333333
 40
0.4166666666666667
 40
0.4166666666666667
 40
0.4166666666666667
 40
0.4166666766666669
 40
0.5
 40
0.5
 40
0.5
 40
0.5000000100000001
 40
0.5833333333333334
 40
0.5833333333333334
 40
0.5833333333333334
 40
0.5833333433333335
 40
0.6666666666666666
 40
0.6666666666666666
 40
0.6666666666666666
 40
0.6666666766666669
 40
0.75
 40
0.75
 40
0.75
 40
0.7500000100000001
 40
0.8333333333333332
 40
0.8333333333333332
 40
0.8333333333333332
 40
0.8333333433333331
 40
1.0
 40
1.0
 40
1.0
 40
1.0
 10
1221.013642816998
 20
671.5983945274663
 30
0.0
 10
1221.013642816998
 20
671.5983945274663
 30
0.0
 10
1221.013642816998
 20
665.6496091693067
 30
0.0
 10
1221.013642816998
 20
665.6496091693067
 30
0.0
 10
1221.013642816998
 20
665.6496091693067
 30
0.0
 10
1221.013642816998
 20
665.6496091693067
 30
0.0
 10
1220.330773504805
 20
671.2723931406493
 30
0.0
 10
1220.330773504805
 20
671.2723931406493
 30
0.0
 10
1220.330773504805
 20
671.2723931406493
 30
0.0
 10
1220.330773504805
 20
671.2723931406493
 30
0.0
 10
1219.872849377793
 20
668.6043402861456
 30
0.0
 10
1219.872849377793
 20
668.6043402861456
 30
0.0
 10
1219.872849377793
 20
668.6043402861456
 30
0.0
 10
1219.872849377793
 20
668.6043402861456
 30
0.0
 10
1219.701180683824
 20
671.4356052487061
 30
0.0
 10
1219.701180683824
 20
671.4356052487061
 30
0.0
 10
1219.701180683824
 20
671.4356052487061
 30
0.0
 10
1219.701180683824
 20
671.4356052487061
 30
0.0
 10
1219.319788659294
 20
669.0500023635872
 30
0.0
 10
1219.319788659294
 20
669.0500023635872
 30
0.0
 10
1219.319788659294
 20
669.0500023635872
 30
0.0
 10
1219.319788659294
 20
669.0500023635872
 30
0.0
 10
1219.073702009334
 20
671.2723931406493
 30
0.0
 10
1219.073702009334
 20
671.2723931406493
 30
0.0
 10
1219.073702009334
 20
671.2723931406493
 30
0.0
 10
1219.073702009334
 20
671.2723931406493
 30
0.0
 10
1218.444109188353
 20
669.7814970447731
 30
0.0
 10
1218.444109188353
 20
669.7814970447731
 30
0.0
 10
1218.444109188353
 20
669.7814970447731
 30
0.0
 10
1218.444109188353
 20
669.7814970447731
 30
0.0
 10
1218.052146431441
 20
671.4060071980208
 30
0.0
 10
1218.052146431441
 20
671.4060071980208
 30
0.0
 10
1218.052146431441
 20
671.4060071980208
 30
0.0
 10
1218.052146431441
 20
671.4060071980208
 30
0.0
 10
1217.409023073019
 20
670.2635224416249
 30
0.0
 10
1217.409023073019
 20
670.2635224416249
 30
0.0
 10
1217.409023073019
 20
670.2635224416249
 30
0.0
 10
1217.409023073019
 20
670.2635224416249
 30
0.0
 10
1217.069491148734
 20
671.4960698379587
 30
0.0
 10
1217.069491148734
 20
671.4960698379587
 30
0.0
 10
1217.069491148734
 20
671.4960698379587
 30
0.0
 10
1217.069491148734
 20
671.4960698379587
 30
0.0
 10
1216.301210318842
 20
670.639840514607
 30
0.0
 10
1216.301210318842
 20
670.639840514607
 30
0.0
  0
MTEXT
  5
7F6
330
1F
100
AcDbEntity
  8
ºöåçæÄ
100
AcDbMText
 10
1172.170467072682
 20
692.7395164709379
 30
0.0
 40
5.073951545803653
 41
79.34836011962763
 71
     1
 72
     5
  1
{\fTahoma|b0|i0|c0|p34;Flush mount cut}
 73
     1
 44
1.0
1001
ACAD
1000
MTEXTBEGIN
1070
    73
1070
     1
1070
    44
1040
1.0
1070
    74
1070
     0
1000
MTEXTEND
  0
MTEXT
  5
7F7
330
1F
100
AcDbEntity
  8
ºöåçæÄ
100
AcDbMText
 10
1165.603397726435
 20
699.4839228517292
 30
0.0
 40
5.073951545803653
 41
93.89155411942192
 71
     1
 72
     5
  1
{\fTahoma|b0|i0|c0|p34; }
 73
     1
 44
1.0
1001
ACAD
1000
MTEXTBEGIN
1070
    73
1070
     1
1070
    44
1040
1.0
1070
    74
1070
     0
1000
MTEXTEND
  0
MTEXT
  5
7F8
330
1F
100
AcDbEntity
  8
ºöåçæÄ
100
AcDbMText
 10
1165.603397726435
 20
692.4361903673002
 30
0.0
 40
5.073951545803653
 41
104.468410648933
 71
     1
 72
     5
  1
{\fTahoma|b0|i0|c0|p34; }
 73
     1
 44
1.0
1001
ACAD
1000
MTEXTBEGIN
1070
    73
1070
     1
1070
    44
1040
1.0
1070
    74
1070
     0
1000
MTEXTEND
  0
LEADER
  5
7F9
330
1F
100
AcDbEntity
  8
≥ﬂ¥ÁòÀ◊¢
100
AcDbLeader
  3
5-1
 74
     0
 76
     3
 10
1268.837832478993
 20
622.7501544115827
 30
0.0
 10
1237.380482429723
 20
684.7106996883872
 30
0.0
 10
1232.520377619007
 20
684.7106996883872
 30
0.0
211
0.0
221
0.0
231
0.0
  0
SPLINE
  5
7FA
330
1F
100
AcDbEntity
  8
ºöåçæÄ
100
AcDbSpline
210
0.0
220
0.0
230
1.0
 70
     8
 71
     3
 72
    12
 73
     8
 74
     0
 42
0.000000001
 43
0.0000000001
 40
0.0
 40
0.0
 40
0.0
 40
0.0
 40
0.3333333333333333
 40
0.3333333333333333
 40
0.3333333333333333
 40
0.3333333433333333
 40
1.0
 40
1.0
 40
1.0
 40
1.0
 10
1235.954823258103
 20
927.6975568036077
 30
0.0
 10
1235.954823258103
 20
929.2465283820224
 30
0.0
 10
1235.338484771807
 20
930.7320824956102
 30
0.0
 10
1234.244929862692
 20
931.8272228413519
 30
0.0
 10
1234.244929862692
 20
931.8272228413519
 30
0.0
 10
1233.149393157796
 20
932.9231559054063
 30
0.0
 10
1231.662649966742
 20
933.5375125959242
 30
0.0
 10
1231.724463170382
 20
933.5375125959242
 30
0.0
  0
SPLINE
  5
7FB
330
1F
100
AcDbEntity
  8
ºöåçæÄ
100
AcDbSpline
210
0.0
220
0.0
230
1.0
 70
     8
 71
     3
 72
    12
 73
     8
 74
     0
 42
0.000000001
 43
0.0000000001
 40
0.0
 40
0.0
 40
0.0
 40
0.0
 40
0.3333333333333333
 40
0.3333333333333333
 40
0.3333333333333333
 40
0.3333333433333333
 40
1.0
 40
1.0
 40
1.0
 40
1.0
 10
1231.408961282864
 20
942.3029953125702
 30
0.0
 10
1231.408961282864
 20
942.7401794607273
 30
0.0
 10
1231.235355972897
 20
943.1599238060558
 30
0.0
 10
1230.926592191014
 20
943.4686875879346
 30
0.0
 10
1230.926592191014
 20
943.4686875879346
 30
0.0
 10
1230.61743204998
 20
943.7774513698157
 30
0.0
 10
1230.198084063823
 20
943.9510566797805
 30
0.0
 10
1229.760899915653
 20
943.9510566797805
 30
0.0
  0
SPLINE
  5
7FC
330
1F
100
AcDbEntity
  8
ºöåçæÄ
100
AcDbSpline
210
0.0
220
0.0
230
1.0
 70
     8
 71
     3
 72
    16
 73
    12
 74
     0
 42
0.000000001
 43
0.0000000001
 40
0.0
 40
0.0
 40
0.0
 40
0.0
 40
0.25
 40
0.25
 40
0.25
 40
0.25000001
 40
0.5
 40
0.5
 40
0.5
 40
0.5000000100000001
 40
1.0
 40
1.0
 40
1.0
 40
1.0
 10
1208.197376437633
 20
929.4803802835748
 30
0.0
 10
1208.412203099734
 20
928.9230993114003
 30
0.0
 10
1208.842649142253
 20
928.4760061843668
 30
0.0
 10
1209.392002931318
 20
928.242154282813
 30
0.0
 10
1209.392002931318
 20
928.242154282813
 30
0.0
 10
1209.94175307955
 20
928.0098878178836
 30
0.0
 10
1210.562055157398
 20
928.0098878178836
 30
0.0
 10
1211.113390742236
 20
928.242154282813
 30
0.0
 10
1211.113390742236
 20
928.242154282813
 30
0.0
 10
1211.662744531309
 20
928.4760061843668
 30
0.0
 10
1212.093190573828
 20
928.9230993114003
 30
0.0
 10
1212.308017235936
 20
929.4803802835748
 30
0.0
  0
SPLINE
  5
7FD
330
1F
100
AcDbEntity
  8
ºöåçæÄ
100
AcDbSpline
210
0.0
220
0.0
230
1.0
 70
     8
 71
     3
 72
    12
 73
     8
 74
     0
 42
0.000000001
 43
0.0000000001
 40
0.0
 40
0.0
 40
0.0
 40
0.0
 40
0.3333333333333333
 40
0.3333333333333333
 40
0.3333333333333333
 40
0.3333333433333333
 40
1.0
 40
1.0
 40
1.0
 40
1.0
 10
1234.804192630635
 20
927.6975568036077
 30
0.0
 10
1234.804192630635
 20
928.9421245508478
 30
0.0
 10
1234.309932764135
 20
930.1355619670765
 30
0.0
 10
1233.430808157954
 20
931.0146865732482
 30
0.0
 10
1233.430808157954
 20
931.0146865732482
 30
0.0
 10
1232.549701756014
 20
931.8942075385772
 30
0.0
 10
1231.356660698943
 20
932.3880710459219
 30
0.0
 10
1230.113678388322
 20
932.3880710459219
 30
0.0
  0
SPLINE
  5
7FE
330
1F
100
AcDbEntity
  8
ºöåçæÄ
100
AcDbSpline
210
0.0
220
0.0
230
0.0
 70
    24
 71
     3
 72
     8
 73
     4
 74
     0
 42
0.000000001
 43
0.0000000001
 40
0.0
 40
0.0
 40
0.0
 40
0.0
 40
1.0
 40
1.0
 40
1.0
 40
1.0
 10
1229.759314479032
 20
943.9510566797805
 30
0.0
 10
1229.759314479032
 20
943.9510566797805
 30
0.0
 10
1190.367556201333
 20
943.9510566797805
 30
0.0
 10
1190.367556201333
 20
943.9510566797805
 30
0.0
  0
SPLINE
  5
7FF
330
1F
100
AcDbEntity
  8
ºöåçæÄ
100
AcDbSpline
210
0.0
220
0.0
230
0.0
 70
    24
 71
     3
 72
     8
 73
     4
 74
     0
 42
0.000000001
 43
0.0000000001
 40
0.0
 40
0.0
 40
0.0
 40
0.0
 40
1.0
 40
1.0
 40
1.0
 40
1.0
 10
1191.110333258128
 20
934.0805246385103
 30
0.0
 10
1191.110333258128
 20
934.0805246385103
 30
0.0
 10
1231.407375846243
 20
934.0805246385103
 30
0.0
 10
1231.407375846243
 20
934.0805246385103
 30
0.0
  0
SPLINE
  5
800
330
1F
100
AcDbEntity
  8
ºöåçæÄ
100
AcDbSpline
210
0.0
220
0.0
230
0.0
 70
    24
 71
     3
 72
     8
 73
     4
 74
     0
 42
0.000000001
 43
0.0000000001
 40
0.0
 40
0.0
 40
0.0
 40
0.0
 40
1.0
 40
1.0
 40
1.0
 40
1.0
 10
1217.744479408279
 20
933.5390980325431
 30
0.0
 10
1217.744479408279
 20
933.5390980325431
 30
0.0
 10
1230.114867465784
 20
933.5375125959242
 30
0.0
 10
1230.114867465784
 20
933.5375125959242
 30
0.0
  0
SPLINE
  5
801
330
1F
100
AcDbEntity
  8
ºöåçæÄ
100
AcDbSpline
210
0.0
220
0.0
230
0.0
 70
    24
 71
     3
 72
     8
 73
     4
 74
     0
 42
0.000000001
 43
0.0000000001
 40
0.0
 40
0.0
 40
0.0
 40
0.0
 40
1.0
 40
1.0
 40
1.0
 40
1.0
 10
1235.953237821489
 20
927.6975568036077
 30
0.0
 10
1235.953237821489
 20
927.6975568036077
 30
0.0
 10
1235.953237821489
 20
917.9387980440957
 30
0.0
 10
1235.953237821489
 20
917.9387980440957
 30
0.0
  0
SPLINE
  5
802
330
1F
100
AcDbEntity
  8
ºöåçæÄ
100
AcDbSpline
210
0.0
220
0.0
230
0.0
 70
    24
 71
     3
 72
     8
 73
     4
 74
     0
 42
0.000000001
 43
0.0000000001
 40
0.0
 40
0.0
 40
0.0
 40
0.0
 40
1.0
 40
1.0
 40
1.0
 40
1.0
 10
1236.014175341576
 20
917.9387980440957
 30
0.0
 10
1236.014175341576
 20
917.9387980440957
 30
0.0
 10
1234.865130150715
 20
917.9387980440957
 30
0.0
 10
1234.865130150715
 20
917.9387980440957
 30
0.0
  0
SPLINE
  5
803
330
1F
100
AcDbEntity
  8
ºöåçæÄ
100
AcDbSpline
210
0.0
220
0.0
230
0.0
 70
    24
 71
     3
 72
     8
 73
     4
 74
     0
 42
0.000000001
 43
0.0000000001
 40
0.0
 40
0.0
 40
0.0
 40
0.0
 40
1.0
 40
1.0
 40
1.0
 40
1.0
 10
1234.802210834862
 20
917.9387980440957
 30
0.0
 10
1234.802210834862
 20
917.9387980440957
 30
0.0
 10
1234.802210834862
 20
927.6975568036077
 30
0.0
 10
1234.802210834862
 20
927.6975568036077
 30
0.0
  0
SPLINE
  5
804
330
1F
100
AcDbEntity
  8
ºöåçæÄ
100
AcDbSpline
210
0.0
220
0.0
230
0.0
 70
    24
 71
     3
 72
     8
 73
     4
 74
     0
 42
0.000000001
 43
0.0000000001
 40
0.0
 40
0.0
 40
0.0
 40
0.0
 40
1.0
 40
1.0
 40
1.0
 40
1.0
 10
1230.113678388322
 20
932.3880710459219
 30
0.0
 10
1230.113678388322
 20
932.3880710459219
 30
0.0
 10
1217.743290330817
 20
932.3880710459219
 30
0.0
 10
1217.743290330817
 20
932.3880710459219
 30
0.0
  0
SPLINE
  5
805
330
1F
100
AcDbEntity
  8
ºöåçæÄ
100
AcDbSpline
210
0.0
220
0.0
230
0.0
 70
    24
 71
     3
 72
     8
 73
     4
 74
     0
 42
0.000000001
 43
0.0000000001
 40
0.0
 40
0.0
 40
0.0
 40
0.0
 40
1.0
 40
1.0
 40
1.0
 40
1.0
 10
1217.743290330817
 20
932.3880710459219
 30
0.0
 10
1217.743290330817
 20
932.3880710459219
 30
0.0
 10
1217.743290330817
 20
933.5375125959242
 30
0.0
 10
1217.743290330817
 20
933.5375125959242
 30
0.0
  0
SPLINE
  5
806
330
1F
100
AcDbEntity
  8
ºöåçæÄ
100
AcDbSpline
210
0.0
220
0.0
230
0.0
 70
    24
 71
     3
 72
     8
 73
     4
 74
     0
 42
0.000000001
 43
0.0000000001
 40
0.0
 40
0.0
 40
0.0
 40
0.0
 40
1.0
 40
1.0
 40
1.0
 40
1.0
 10
1226.042258321827
 20
931.0555115662307
 30
0.0
 10
1226.042258321827
 20
931.0555115662307
 30
0.0
 10
1227.357377998679
 20
932.3218790670095
 30
0.0
 10
1227.357377998679
 20
932.3218790670095
 30
0.0
  0
SPLINE
  5
807
330
1F
100
AcDbEntity
  8
ºöåçæÄ
100
AcDbSpline
210
0.0
220
0.0
230
0.0
 70
    24
 71
     3
 72
     8
 73
     4
 74
     0
 42
0.000000001
 43
0.0000000001
 40
0.0
 40
0.0
 40
0.0
 40
0.0
 40
1.0
 40
1.0
 40
1.0
 40
1.0
 10
1227.357377998679
 20
932.3218790670095
 30
0.0
 10
1227.357377998679
 20
932.3218790670095
 30
0.0
 10
1228.421602330333
 20
931.2144515874541
 30
0.0
 10
1228.421602330333
 20
931.2144515874541
 30
0.0
  0
SPLINE
  5
808
330
1F
100
AcDbEntity
  8
ºöåçæÄ
100
AcDbSpline
210
0.0
220
0.0
230
0.0
 70
    24
 71
     3
 72
     8
 73
     4
 74
     0
 42
0.000000001
 43
0.0000000001
 40
0.0
 40
0.0
 40
0.0
 40
0.0
 40
1.0
 40
1.0
 40
1.0
 40
1.0
 10
1228.421602330333
 20
931.2144515874541
 30
0.0
 10
1228.421602330333
 20
931.2144515874541
 30
0.0
 10
1226.700610878567
 20
929.5588593962973
 30
0.0
 10
1226.700610878567
 20
929.5588593962973
 30
0.0
  0
SPLINE
  5
809
330
1F
100
AcDbEntity
  8
ºöåçæÄ
100
AcDbSpline
210
0.0
220
0.0
230
0.0
 70
    24
 71
     3
 72
     8
 73
     4
 74
     0
 42
0.000000001
 43
0.0000000001
 40
0.0
 40
0.0
 40
0.0
 40
0.0
 40
1.0
 40
1.0
 40
1.0
 40
1.0
 10
1195.041819718291
 20
932.7166527855611
 30
0.0
 10
1195.041819718291
 20
932.7166527855611
 30
0.0
 10
1193.728681837197
 20
934.0805246385103
 30
0.0
 10
1193.728681837197
 20
934.0805246385103
 30
0.0
  0
SPLINE
  5
80A
330
1F
100
AcDbEntity
  8
ºöåçæÄ
100
AcDbSpline
210
0.0
220
0.0
230
0.0
 70
    24
 71
     3
 72
     8
 73
     4
 74
     0
 42
0.000000001
 43
0.0000000001
 40
0.0
 40
0.0
 40
0.0
 40
0.0
 40
1.0
 40
1.0
 40
1.0
 40
1.0
 10
1193.728681837197
 20
934.0805246385103
 30
0.0
 10
1193.728681837197
 20
934.0805246385103
 30
0.0
 10
1192.670402892882
 20
933.0610888914058
 30
0.0
 10
1192.670402892882
 20
933.0610888914058
 30
0.0
  0
SPLINE
  5
80B
330
1F
100
AcDbEntity
  8
ºöåçæÄ
100
AcDbSpline
210
0.0
220
0.0
230
0.0
 70
    24
 71
     3
 72
     8
 73
     4
 74
     0
 42
0.000000001
 43
0.0000000001
 40
0.0
 40
0.0
 40
0.0
 40
0.0
 40
1.0
 40
1.0
 40
1.0
 40
1.0
 10
1192.670402892882
 20
933.0610888914058
 30
0.0
 10
1192.670402892882
 20
933.0610888914058
 30
0.0
 10
1194.222545344545
 20
931.4486998481614
 30
0.0
 10
1194.222545344545
 20
931.4486998481614
 30
0.0
  0
SPLINE
  5
80C
330
1F
100
AcDbEntity
  8
ºöåçæÄ
100
AcDbSpline
210
0.0
220
0.0
230
0.0
 70
    24
 71
     3
 72
     8
 73
     4
 74
     0
 42
0.000000001
 43
0.0000000001
 40
0.0
 40
0.0
 40
0.0
 40
0.0
 40
1.0
 40
1.0
 40
1.0
 40
1.0
 10
1195.041819718291
 20
932.7166527855611
 30
0.0
 10
1195.041819718291
 20
932.7166527855611
 30
0.0
 10
1226.040276526054
 20
931.0555115662307
 30
0.0
 10
1226.040276526054
 20
931.0555115662307
 30
0.0
  0
SPLINE
  5
80D
330
1F
100
AcDbEntity
  8
ºöåçæÄ
100
AcDbSpline
210
0.0
220
0.0
230
0.0
 70
    24
 71
     3
 72
     8
 73
     4
 74
     0
 42
0.000000001
 43
0.0000000001
 40
0.0
 40
0.0
 40
0.0
 40
0.0
 40
1.0
 40
1.0
 40
1.0
 40
1.0
 10
1226.700610878567
 20
929.5588593962973
 30
0.0
 10
1226.700610878567
 20
929.5588593962973
 30
0.0
 10
1194.220959907931
 20
931.4486998481614
 30
0.0
 10
1194.220959907931
 20
931.4486998481614
 30
0.0
  0
SPLINE
  5
80E
330
1F
100
AcDbEntity
  8
ºöåçæÄ
100
AcDbSpline
210
0.0
220
0.0
230
0.0
 70
    24
 71
     3
 72
     8
 73
     4
 74
     0
 42
0.000000001
 43
0.0000000001
 40
0.0
 40
0.0
 40
0.0
 40
0.0
 40
1.0
 40
1.0
 40
1.0
 40
1.0
 10
1212.282253890839
 20
931.7931359540075
 30
0.0
 10
1212.282253890839
 20
931.7931359540075
 30
0.0
 10
1212.282253890839
 20
930.3987444461096
 30
0.0
 10
1212.282253890839
 20
930.3987444461096
 30
0.0
  0
SPLINE
  5
80F
330
1F
100
AcDbEntity
  8
ºöåçæÄ
100
AcDbSpline
210
0.0
220
0.0
230
0.0
 70
    24
 71
     3
 72
     8
 73
     4
 74
     0
 42
0.000000001
 43
0.0000000001
 40
0.0
 40
0.0
 40
0.0
 40
0.0
 40
1.0
 40
1.0
 40
1.0
 40
1.0
 10
1208.42013028284
 20
931.9996390738532
 30
0.0
 10
1208.42013028284
 20
931.9996390738532
 30
0.0
 10
1208.42013028284
 20
930.6230837279365
 30
0.0
 10
1208.42013028284
 20
930.6230837279365
 30
0.0
  0
SPLINE
  5
810
330
1F
100
AcDbEntity
  8
ºöåçæÄ
100
AcDbSpline
210
0.0
220
0.0
230
0.0
 70
    24
 71
     3
 72
     8
 73
     4
 74
     0
 42
0.000000001
 43
0.0000000001
 40
0.0
 40
0.0
 40
0.0
 40
0.0
 40
1.0
 40
1.0
 40
1.0
 40
1.0
 10
1208.195791001012
 20
929.4803802835748
 30
0.0
 10
1208.195791001012
 20
929.4803802835748
 30
0.0
 10
1212.306431799307
 20
929.4803802835748
 30
0.0
 10
1212.306431799307
 20
929.4803802835748
 30
0.0
  0
SPLINE
  5
811
330
1F
100
AcDbEntity
  8
ºöåçæÄ
100
AcDbSpline
210
0.0
220
0.0
230
0.0
 70
    24
 71
     3
 72
     8
 73
     4
 74
     0
 42
0.000000001
 43
0.0000000001
 40
0.0
 40
0.0
 40
0.0
 40
0.0
 40
1.0
 40
1.0
 40
1.0
 40
1.0
 10
1209.314316536906
 20
939.2296264233634
 30
0.0
 10
1209.314316536906
 20
939.2296264233634
 30
0.0
 10
1209.314316536906
 20
929.4803802835748
 30
0.0
 10
1209.314316536906
 20
929.4803802835748
 30
0.0
  0
SPLINE
  5
812
330
1F
100
AcDbEntity
  8
ºöåçæÄ
100
AcDbSpline
210
0.0
220
0.0
230
0.0
 70
    24
 71
     3
 72
     8
 73
     4
 74
     0
 42
0.000000001
 43
0.0000000001
 40
0.0
 40
0.0
 40
0.0
 40
0.0
 40
1.0
 40
1.0
 40
1.0
 40
1.0
 10
1211.233487566252
 20
939.2296264233634
 30
0.0
 10
1211.233487566252
 20
939.2296264233634
 30
0.0
 10
1211.233487566252
 20
929.4803802835748
 30
0.0
 10
1211.233487566252
 20
929.4803802835748
 30
0.0
  0
SPLINE
  5
813
330
1F
100
AcDbEntity
  8
ºöåçæÄ
100
AcDbSpline
210
0.0
220
0.0
230
0.0
 70
    24
 71
     3
 72
     8
 73
     4
 74
     0
 42
0.000000001
 43
0.0000000001
 40
0.0
 40
0.0
 40
0.0
 40
0.0
 40
1.0
 40
1.0
 40
1.0
 40
1.0
 10
1207.745923359888
 20
930.5806732983352
 30
0.0
 10
1207.745923359888
 20
930.5806732983352
 30
0.0
 10
1213.050794292717
 20
930.2719095164526
 30
0.0
 10
1213.050794292717
 20
930.2719095164526
 30
0.0
  0
SPLINE
  5
814
330
1F
100
AcDbEntity
  8
ºöåçæÄ
100
AcDbSpline
210
0.0
220
0.0
230
0.0
 70
    24
 71
     3
 72
     8
 73
     4
 74
     0
 42
0.000000001
 43
0.0000000001
 40
0.0
 40
0.0
 40
0.0
 40
0.0
 40
1.0
 40
1.0
 40
1.0
 40
1.0
 10
1209.314316536906
 20
939.2296264233634
 30
0.0
 10
1209.314316536906
 20
939.2296264233634
 30
0.0
 10
1210.262011276932
 20
940.6073708467417
 30
0.0
 10
1210.262011276932
 20
940.6073708467417
 30
0.0
  0
SPLINE
  5
815
330
1F
100
AcDbEntity
  8
ºöåçæÄ
100
AcDbSpline
210
0.0
220
0.0
230
0.0
 70
    24
 71
     3
 72
     8
 73
     4
 74
     0
 42
0.000000001
 43
0.0000000001
 40
0.0
 40
0.0
 40
0.0
 40
0.0
 40
1.0
 40
1.0
 40
1.0
 40
1.0
 10
1210.262011276932
 20
940.6073708467417
 30
0.0
 10
1210.262011276932
 20
940.6073708467417
 30
0.0
 10
1211.233487566252
 20
939.2296264233634
 30
0.0
 10
1211.233487566252
 20
939.2296264233634
 30
0.0
  0
SPLINE
  5
816
330
1F
100
AcDbEntity
  8
ºöåçæÄ
100
AcDbSpline
210
0.0
220
0.0
230
0.0
 70
    24
 71
     3
 72
     8
 73
     4
 74
     0
 42
0.000000001
 43
0.0000000001
 40
0.0
 40
0.0
 40
0.0
 40
0.0
 40
1.0
 40
1.0
 40
1.0
 40
1.0
 10
1213.003627553265
 20
929.4688858680714
 30
0.0
 10
1213.003627553265
 20
929.4688858680714
 30
0.0
 10
1207.698360261277
 20
929.7780460091077
 30
0.0
 10
1207.698360261277
 20
929.7780460091077
 30
0.0
  0
SPLINE
  5
817
330
1F
100
AcDbEntity
  8
ºöåçæÄ
100
AcDbSpline
210
0.0
220
0.0
230
0.0
 70
    24
 71
     3
 72
     8
 73
     4
 74
     0
 42
0.000000001
 43
0.0000000001
 40
0.0
 40
0.0
 40
0.0
 40
0.0
 40
1.0
 40
1.0
 40
1.0
 40
1.0
 10
1213.050794292717
 20
930.2719095164526
 30
0.0
 10
1213.050794292717
 20
930.2719095164526
 30
0.0
 10
1213.003627553265
 20
929.4688858680714
 30
0.0
 10
1213.003627553265
 20
929.4688858680714
 30
0.0
  0
SPLINE
  5
818
330
1F
100
AcDbEntity
  8
ºöåçæÄ
100
AcDbSpline
210
0.0
220
0.0
230
0.0
 70
    24
 71
     3
 72
     8
 73
     4
 74
     0
 42
0.000000001
 43
0.0000000001
 40
0.0
 40
0.0
 40
0.0
 40
0.0
 40
1.0
 40
1.0
 40
1.0
 40
1.0
 10
1207.745923359888
 20
930.5806732983352
 30
0.0
 10
1207.745923359888
 20
930.5806732983352
 30
0.0
 10
1207.698360261277
 20
929.7780460091077
 30
0.0
 10
1207.698360261277
 20
929.7780460091077
 30
0.0
  0
SPLINE
  5
819
330
1F
100
AcDbEntity
  8
ºöåçæÄ
100
AcDbSpline
210
0.0
220
0.0
230
0.0
 70
    24
 71
     3
 72
     8
 73
     4
 74
     0
 42
0.000000001
 43
0.0000000001
 40
0.0
 40
0.0
 40
0.0
 40
0.0
 40
1.0
 40
1.0
 40
1.0
 40
1.0
 10
1211.931079679353
 20
934.0805246385103
 30
0.0
 10
1211.931079679353
 20
934.0805246385103
 30
0.0
 10
1211.931079679353
 20
941.0822091146387
 30
0.0
 10
1211.931079679353
 20
941.0822091146387
 30
0.0
  0
SPLINE
  5
81A
330
1F
100
AcDbEntity
  8
ºöåçæÄ
100
AcDbSpline
210
0.0
220
0.0
230
0.0
 70
    24
 71
     3
 72
     8
 73
     4
 74
     0
 42
0.000000001
 43
0.0000000001
 40
0.0
 40
0.0
 40
0.0
 40
0.0
 40
1.0
 40
1.0
 40
1.0
 40
1.0
 10
1211.931079679353
 20
941.0822091146387
 30
0.0
 10
1211.931079679353
 20
941.0822091146387
 30
0.0
 10
1208.769719057697
 20
941.0822091146387
 30
0.0
 10
1208.769719057697
 20
941.0822091146387
 30
0.0
  0
SPLINE
  5
81B
330
1F
100
AcDbEntity
  8
ºöåçæÄ
100
AcDbSpline
210
0.0
220
0.0
230
0.0
 70
    24
 71
     3
 72
     8
 73
     4
 74
     0
 42
0.000000001
 43
0.0000000001
 40
0.0
 40
0.0
 40
0.0
 40
0.0
 40
1.0
 40
1.0
 40
1.0
 40
1.0
 10
1208.769719057697
 20
941.0822091146387
 30
0.0
 10
1208.769719057697
 20
941.0822091146387
 30
0.0
 10
1208.769719057697
 20
934.0805246385103
 30
0.0
 10
1208.769719057697
 20
934.0805246385103
 30
0.0
  0
SPLINE
  5
81C
330
1F
100
AcDbEntity
  8
ºöåçæÄ
100
AcDbSpline
210
0.0
220
0.0
230
0.0
 70
    24
 71
     3
 72
     8
 73
     4
 74
     0
 42
0.000000001
 43
0.0000000001
 40
0.0
 40
0.0
 40
0.0
 40
0.0
 40
1.0
 40
1.0
 40
1.0
 40
1.0
 10
1231.405790409629
 20
934.0805246385103
 30
0.0
 10
1231.405790409629
 20
934.0805246385103
 30
0.0
 10
1231.405790409629
 20
942.3029953125702
 30
0.0
 10
1231.405790409629
 20
942.3029953125702
 30
0.0
  0
SPLINE
  5
81D
330
1F
100
AcDbEntity
  8
ºöåçæÄ
100
AcDbSpline
210
0.0
220
0.0
230
0.0
 70
    24
 71
     3
 72
     8
 73
     4
 74
     0
 42
0.000000001
 43
0.0000000001
 40
0.0
 40
0.0
 40
0.0
 40
0.0
 40
1.0
 40
1.0
 40
1.0
 40
1.0
 10
1216.618423048431
 20
934.0805246385103
 30
0.0
 10
1216.618423048431
 20
934.0805246385103
 30
0.0
 10
1217.741308535037
 20
932.9635845392335
 30
0.0
 10
1217.741308535037
 20
932.9635845392335
 30
0.0
  0
SPLINE
  5
81E
330
1F
100
AcDbEntity
  8
ºöåçæÄ
100
AcDbSpline
210
0.0
220
0.0
230
0.0
 70
    24
 71
     3
 72
     8
 73
     4
 74
     0
 42
0.000000001
 43
0.0000000001
 40
0.0
 40
0.0
 40
0.0
 40
0.0
 40
1.0
 40
1.0
 40
1.0
 40
1.0
 10
1231.405790409629
 20
934.0805246385103
 30
0.0
 10
1231.405790409629
 20
934.0805246385103
 30
0.0
 10
1231.724463170382
 20
933.5375125959242
 30
0.0
 10
1231.724463170382
 20
933.5375125959242
 30
0.0
  0
SPLINE
  5
81F
330
1F
100
AcDbEntity
  8
ºöåçæÄ
100
AcDbSpline
210
0.0
220
0.0
230
1.0
 70
     8
 71
     3
 72
    12
 73
     8
 74
     0
 42
0.000000001
 43
0.0000000001
 40
0.0
 40
0.0
 40
0.0
 40
0.0
 40
0.3333333333333333
 40
0.3333333333333333
 40
0.3333333333333333
 40
0.3333333433333333
 40
1.0
 40
1.0
 40
1.0
 40
1.0
 10
1191.107162384886
 20
934.0805246385103
 30
0.0
 10
1189.993393158848
 20
936.2240349496847
 30
0.0
 10
1191.170183490557
 20
937.9890222676699
 30
0.0
 10
1191.490441687939
 20
940.0635660858448
 30
0.0
 10
1191.490441687939
 20
940.0635660858448
 30
0.0
 10
1191.710024659895
 20
941.4853063754497
 30
0.0
 10
1191.526114011899
 20
943.0544922707799
 30
0.0
 10
1190.36557440556
 20
943.9490748840059
 30
0.0
  0
SPLINE
  5
820
330
1F
100
AcDbEntity
  8
ºöåçæÄ
100
AcDbSpline
210
0.0
220
0.0
230
1.0
 70
    11
 71
     3
 72
    28
 73
    24
 74
     0
 42
0.000000001
 43
0.0000000001
 40
0.0
 40
0.0
 40
0.0
 40
0.0
 40
0.1428571428571428
 40
0.1428571428571428
 40
0.1428571428571428
 40
0.1428571528571428
 40
0.2857142857142857
 40
0.2857142857142857
 40
0.2857142857142857
 40
0.2857142957142857
 40
0.428571428571429
 40
0.428571428571429
 40
0.428571428571429
 40
0.4285714385714289
 40
0.5714285714285714
 40
0.5714285714285714
 40
0.5714285714285714
 40
0.5714285814285715
 40
0.7142857142857145
 40
0.7142857142857145
 40
0.7142857142857145
 40
0.7142857242857146
 40
1.0
 40
1.0
 40
1.0
 40
1.0
 10
1191.065148314442
 20
943.0925427496774
 30
0.0
 10
1191.065148314442
 20
943.0925427496774
 30
0.0
 10
1191.268480561043
 20
943.0925427496774
 30
0.0
 10
1191.268480561043
 20
943.0925427496774
 30
0.0
 10
1191.268480561043
 20
943.0925427496774
 30
0.0
 10
1191.268480561043
 20
943.204712390591
 30
0.0
 10
1191.176921596207
 20
943.2958749962788
 30
0.0
 10
1191.065148314442
 20
943.2958749962788
 30
0.0
 10
1191.065148314442
 20
943.2958749962788
 30
0.0
 10
1190.952978673524
 20
943.2958749962788
 30
0.0
 10
1190.86181606784
 20
943.204712390591
 30
0.0
 10
1190.86181606784
 20
943.0925427496774
 30
0.0
 10
1190.86181606784
 20
943.0925427496774
 30
0.0
 10
1190.86181606784
 20
942.980769467919
 30
0.0
 10
1190.952978673524
 20
942.8896068622277
 30
0.0
 10
1191.065148314442
 20
942.8896068622277
 30
0.0
 10
1191.065148314442
 20
942.8896068622277
 30
0.0
 10
1191.176921596207
 20
942.8896068622277
 30
0.0
 10
1191.268480561043
 20
942.980769467919
 30
0.0
 10
1191.268480561043
 20
943.0925427496774
 30
0.0
 10
1191.268480561043
 20
943.0925427496774
 30
0.0
 10
1191.268480561043
 20
943.0925427496774
 30
0.0
 10
1191.065148314442
 20
943.0925427496774
 30
0.0
 10
1191.065148314442
 20
943.0925427496774
 30
0.0
  0
SPLINE
  5
821
330
1F
100
AcDbEntity
  8
ºöåçæÄ
100
AcDbSpline
210
0.0
220
0.0
230
0.0
 70
    24
 71
     3
 72
     8
 73
     4
 74
     0
 42
0.000000001
 43
0.0000000001
 40
0.0
 40
0.0
 40
0.0
 40
0.0
 40
1.0
 40
1.0
 40
1.0
 40
1.0
 10
1191.22408833566
 20
943.2522754892133
 30
0.0
 10
1191.22408833566
 20
943.2522754892133
 30
0.0
 10
1191.922869526231
 20
943.9510566797805
 30
0.0
 10
1191.922869526231
 20
943.9510566797805
 30
0.0
  0
SPLINE
  5
822
330
1F
100
AcDbEntity
  8
ºöåçæÄ
100
AcDbSpline
210
0.0
220
0.0
230
0.0
 70
    24
 71
     3
 72
     8
 73
     4
 74
     0
 42
0.000000001
 43
0.0000000001
 40
0.0
 40
0.0
 40
0.0
 40
0.0
 40
1.0
 40
1.0
 40
1.0
 40
1.0
 10
1191.530870321762
 20
941.3521296993119
 30
0.0
 10
1191.530870321762
 20
941.3521296993119
 30
0.0
 10
1193.155150139663
 20
942.9756167988982
 30
0.0
 10
1193.155150139663
 20
942.9756167988982
 30
0.0
  0
SPLINE
  5
823
330
1F
100
AcDbEntity
  8
ºöåçæÄ
100
AcDbSpline
210
0.0
220
0.0
230
1.0
 70
    11
 71
     3
 72
    28
 73
    24
 74
     0
 42
0.000000001
 43
0.0000000001
 40
0.0
 40
0.0
 40
0.0
 40
0.0
 40
0.1428571428571428
 40
0.1428571428571428
 40
0.1428571428571428
 40
0.1428571528571428
 40
0.2857142857142857
 40
0.2857142857142857
 40
0.2857142857142857
 40
0.2857142957142857
 40
0.428571428571429
 40
0.428571428571429
 40
0.428571428571429
 40
0.4285714385714289
 40
0.5714285714285714
 40
0.5714285714285714
 40
0.5714285714285714
 40
0.5714285814285715
 40
0.7142857142857145
 40
0.7142857142857145
 40
0.7142857142857145
 40
0.7142857242857146
 40
1.0
 40
1.0
 40
1.0
 40
1.0
 10
1193.707674801985
 20
943.5285378203669
 30
0.0
 10
1193.707674801985
 20
943.5285378203669
 30
0.0
 10
1193.911007048586
 20
943.5285378203669
 30
0.0
 10
1193.911007048586
 20
943.5285378203669
 30
0.0
 10
1193.911007048586
 20
943.5285378203669
 30
0.0
 10
1193.911007048586
 20
943.6403111021252
 30
0.0
 10
1193.819844442895
 20
943.7318700669701
 30
0.0
 10
1193.707674801985
 20
943.7318700669701
 30
0.0
 10
1193.707674801985
 20
943.7318700669701
 30
0.0
 10
1193.595901520219
 20
943.7318700669701
 30
0.0
 10
1193.504738914521
 20
943.6403111021252
 30
0.0
 10
1193.504738914521
 20
943.5285378203669
 30
0.0
 10
1193.504738914521
 20
943.5285378203669
 30
0.0
 10
1193.504738914521
 20
943.4167645386066
 30
0.0
 10
1193.595901520219
 20
943.3252055737618
 30
0.0
 10
1193.707674801985
 20
943.3252055737618
 30
0.0
 10
1193.707674801985
 20
943.3252055737618
 30
0.0
 10
1193.819844442895
 20
943.3252055737618
 30
0.0
 10
1193.911007048586
 20
943.4167645386066
 30
0.0
 10
1193.911007048586
 20
943.5285378203669
 30
0.0
 10
1193.911007048586
 20
943.5285378203669
 30
0.0
 10
1193.911007048586
 20
943.5285378203669
 30
0.0
 10
1193.707674801985
 20
943.5285378203669
 30
0.0
 10
1193.707674801985
 20
943.5285378203669
 30
0.0
  0
SPLINE
  5
824
330
1F
100
AcDbEntity
  8
ºöåçæÄ
100
AcDbSpline
210
0.0
220
0.0
230
0.0
 70
    24
 71
     3
 72
     8
 73
     4
 74
     0
 42
0.000000001
 43
0.0000000001
 40
0.0
 40
0.0
 40
0.0
 40
0.0
 40
1.0
 40
1.0
 40
1.0
 40
1.0
 10
1191.220917462425
 20
938.8344563456543
 30
0.0
 10
1191.220917462425
 20
938.8344563456543
 30
0.0
 10
1192.327552223661
 20
939.9395056702768
 30
0.0
 10
1192.327552223661
 20
939.9395056702768
 30
0.0
  0
SPLINE
  5
825
330
1F
100
AcDbEntity
  8
ºöåçæÄ
100
AcDbSpline
210
0.0
220
0.0
230
1.0
 70
    11
 71
     3
 72
    28
 73
    24
 74
     0
 42
0.000000001
 43
0.0000000001
 40
0.0
 40
0.0
 40
0.0
 40
0.0
 40
0.1428571428571428
 40
0.1428571428571428
 40
0.1428571428571428
 40
0.1428571528571428
 40
0.2857142857142857
 40
0.2857142857142857
 40
0.2857142857142857
 40
0.2857142957142857
 40
0.428571428571429
 40
0.428571428571429
 40
0.428571428571429
 40
0.4285714385714289
 40
0.5714285714285714
 40
0.5714285714285714
 40
0.5714285714285714
 40
0.5714285814285715
 40
0.7142857142857145
 40
0.7142857142857145
 40
0.7142857142857145
 40
0.7142857242857146
 40
1.0
 40
1.0
 40
1.0
 40
1.0
 10
1192.880869604286
 20
940.4924266917412
 30
0.0
 10
1192.880869604286
 20
940.4924266917412
 30
0.0
 10
1193.08420185088
 20
940.4924266917412
 30
0.0
 10
1193.08420185088
 20
940.4924266917412
 30
0.0
 10
1193.08420185088
 20
940.4924266917412
 30
0.0
 10
1193.08420185088
 20
940.6041999735013
 30
0.0
 10
1192.992642886037
 20
940.6953625791906
 30
0.0
 10
1192.880869604286
 20
940.6953625791906
 30
0.0
 10
1192.880869604286
 20
940.6953625791906
 30
0.0
 10
1192.768699963383
 20
940.6953625791906
 30
0.0
 10
1192.677537357685
 20
940.6041999735013
 30
0.0
 10
1192.677537357685
 20
940.4924266917412
 30
0.0
 10
1192.677537357685
 20
940.4924266917412
 30
0.0
 10
1192.677537357685
 20
940.3802570508293
 30
0.0
 10
1192.768699963383
 20
940.289094445138
 30
0.0
 10
1192.880869604286
 20
940.289094445138
 30
0.0
 10
1192.880869604286
 20
940.289094445138
 30
0.0
 10
1192.992642886037
 20
940.289094445138
 30
0.0
 10
1193.08420185088
 20
940.3802570508293
 30
0.0
 10
1193.08420185088
 20
940.4924266917412
 30
0.0
 10
1193.08420185088
 20
940.4924266917412
 30
0.0
 10
1193.08420185088
 20
940.4924266917412
 30
0.0
 10
1192.880869604286
 20
940.4924266917412
 30
0.0
 10
1192.880869604286
 20
940.4924266917412
 30
0.0
  0
SPLINE
  5
826
330
1F
100
AcDbEntity
  8
ºöåçæÄ
100
AcDbSpline
210
0.0
220
0.0
230
0.0
 70
    24
 71
     3
 72
     8
 73
     4
 74
     0
 42
0.000000001
 43
0.0000000001
 40
0.0
 40
0.0
 40
0.0
 40
0.0
 40
1.0
 40
1.0
 40
1.0
 40
1.0
 10
1193.431016111662
 20
941.0445549948967
 30
0.0
 10
1193.431016111662
 20
941.0445549948967
 30
0.0
 10
1196.191261268289
 20
943.804403792367
 30
0.0
 10
1196.191261268289
 20
943.804403792367
 30
0.0
  0
SPLINE
  5
827
330
1F
100
AcDbEntity
  8
ºöåçæÄ
100
AcDbSpline
210
0.0
220
0.0
230
1.0
 70
    11
 71
     3
 72
    28
 73
    24
 74
     0
 42
0.000000001
 43
0.0000000001
 40
0.0
 40
0.0
 40
0.0
 40
0.0
 40
0.1428571428571428
 40
0.1428571428571428
 40
0.1428571428571428
 40
0.1428571528571428
 40
0.2857142857142857
 40
0.2857142857142857
 40
0.2857142857142857
 40
0.2857142957142857
 40
0.428571428571429
 40
0.428571428571429
 40
0.428571428571429
 40
0.4285714385714289
 40
0.5714285714285714
 40
0.5714285714285714
 40
0.5714285714285714
 40
0.5714285814285715
 40
0.7142857142857145
 40
0.7142857142857145
 40
0.7142857142857145
 40
0.7142857242857146
 40
1.0
 40
1.0
 40
1.0
 40
1.0
 10
1196.337517796545
 20
943.9510566797805
 30
0.0
 10
1196.337517796545
 20
943.9510566797805
 30
0.0
 10
1196.540850043154
 20
943.9510566797805
 30
0.0
 10
1196.540850043154
 20
943.9510566797805
 30
0.0
 10
1196.540850043154
 20
943.9510566797805
 30
0.0
 10
1196.540850043154
 20
944.0628299615386
 30
0.0
 10
1196.449687437462
 20
944.1543889263853
 30
0.0
 10
1196.337517796545
 20
944.1543889263853
 30
0.0
 10
1196.337517796545
 20
944.1543889263853
 30
0.0
 10
1196.225744514794
 20
944.1543889263853
 30
0.0
 10
1196.134581909103
 20
944.0628299615386
 30
0.0
 10
1196.134581909103
 20
943.9510566797805
 30
0.0
 10
1196.134581909103
 20
943.9510566797805
 30
0.0
 10
1196.134581909103
 20
943.8388870388667
 30
0.0
 10
1196.225744514794
 20
943.7477244331793
 30
0.0
 10
1196.337517796545
 20
943.7477244331793
 30
0.0
 10
1196.337517796545
 20
943.7477244331793
 30
0.0
 10
1196.449687437462
 20
943.7477244331793
 30
0.0
 10
1196.540850043154
 20
943.8388870388667
 30
0.0
 10
1196.540850043154
 20
943.9510566797805
 30
0.0
 10
1196.540850043154
 20
943.9510566797805
 30
0.0
 10
1196.540850043154
 20
943.9510566797805
 30
0.0
 10
1196.337517796545
 20
943.9510566797805
 30
0.0
 10
1196.337517796545
 20
943.9510566797805
 30
0.0
  0
SPLINE
  5
828
330
1F
100
AcDbEntity
  8
ºöåçæÄ
100
AcDbSpline
210
0.0
220
0.0
230
0.0
 70
    24
 71
     3
 72
     8
 73
     4
 74
     0
 42
0.000000001
 43
0.0000000001
 40
0.0
 40
0.0
 40
0.0
 40
0.0
 40
1.0
 40
1.0
 40
1.0
 40
1.0
 10
1190.68067993392
 20
936.0861019636855
 30
0.0
 10
1190.68067993392
 20
936.0861019636855
 30
0.0
 10
1191.499954307665
 20
936.9049799782739
 30
0.0
 10
1191.499954307665
 20
936.9049799782739
 30
0.0
  0
SPLINE
  5
829
330
1F
100
AcDbEntity
  8
ºöåçæÄ
100
AcDbSpline
210
0.0
220
0.0
230
1.0
 70
    11
 71
     3
 72
    28
 73
    24
 74
     0
 42
0.000000001
 43
0.0000000001
 40
0.0
 40
0.0
 40
0.0
 40
0.0
 40
0.1428571428571428
 40
0.1428571428571428
 40
0.1428571428571428
 40
0.1428571528571428
 40
0.2857142857142857
 40
0.2857142857142857
 40
0.2857142857142857
 40
0.2857142957142857
 40
0.428571428571429
 40
0.428571428571429
 40
0.428571428571429
 40
0.4285714385714289
 40
0.5714285714285714
 40
0.5714285714285714
 40
0.5714285714285714
 40
0.5714285814285715
 40
0.7142857142857145
 40
0.7142857142857145
 40
0.7142857142857145
 40
0.7142857242857146
 40
1.0
 40
1.0
 40
1.0
 40
1.0
 10
1192.053271688291
 20
937.4575046405812
 30
0.0
 10
1192.053271688291
 20
937.4575046405812
 30
0.0
 10
1192.256603934885
 20
937.4575046405812
 30
0.0
 10
1192.256603934885
 20
937.4575046405812
 30
0.0
 10
1192.256603934885
 20
937.4575046405812
 30
0.0
 10
1192.256603934885
 20
937.5692779223415
 30
0.0
 10
1192.165441329201
 20
937.6608368871863
 30
0.0
 10
1192.053271688291
 20
937.6608368871863
 30
0.0
 10
1192.053271688291
 20
937.6608368871863
 30
0.0
 10
1191.941498406532
 20
937.6608368871863
 30
0.0
 10
1191.850335800834
 20
937.5692779223415
 30
0.0
 10
1191.850335800834
 20
937.4575046405812
 30
0.0
 10
1191.850335800834
 20
937.4575046405812
 30
0.0
 10
1191.850335800834
 20
937.3457313588247
 30
0.0
 10
1191.941498406532
 20
937.25417239398
 30
0.0
 10
1192.053271688291
 20
937.25417239398
 30
0.0
 10
1192.053271688291
 20
937.25417239398
 30
0.0
 10
1192.165441329201
 20
937.25417239398
 30
0.0
 10
1192.256603934885
 20
937.3457313588247
 30
0.0
 10
1192.256603934885
 20
937.4575046405812
 30
0.0
 10
1192.256603934885
 20
937.4575046405812
 30
0.0
 10
1192.256603934885
 20
937.4575046405812
 30
0.0
 10
1192.053271688291
 20
937.4575046405812
 30
0.0
 10
1192.053271688291
 20
937.4575046405812
 30
0.0
  0
SPLINE
  5
82A
330
1F
100
AcDbEntity
  8
ºöåçæÄ
100
AcDbSpline
210
0.0
220
0.0
230
0.0
 70
    24
 71
     3
 72
     8
 73
     4
 74
     0
 42
0.000000001
 43
0.0000000001
 40
0.0
 40
0.0
 40
0.0
 40
0.0
 40
1.0
 40
1.0
 40
1.0
 40
1.0
 10
1192.603814554818
 20
938.0084438662747
 30
0.0
 10
1192.603814554818
 20
938.0084438662747
 30
0.0
 10
1195.361681556506
 20
940.7686890228985
 30
0.0
 10
1195.361681556506
 20
940.7686890228985
 30
0.0
  0
SPLINE
  5
82B
330
1F
100
AcDbEntity
  8
ºöåçæÄ
100
AcDbSpline
210
0.0
220
0.0
230
1.0
 70
    11
 71
     3
 72
    28
 73
    24
 74
     0
 42
0.000000001
 43
0.0000000001
 40
0.0
 40
0.0
 40
0.0
 40
0.0
 40
0.1428571428571428
 40
0.1428571428571428
 40
0.1428571428571428
 40
0.1428571528571428
 40
0.2857142857142857
 40
0.2857142857142857
 40
0.2857142857142857
 40
0.2857142957142857
 40
0.428571428571429
 40
0.428571428571429
 40
0.428571428571429
 40
0.4285714385714289
 40
0.5714285714285714
 40
0.5714285714285714
 40
0.5714285714285714
 40
0.5714285814285715
 40
0.7142857142857145
 40
0.7142857142857145
 40
0.7142857142857145
 40
0.7142857242857146
 40
1.0
 40
1.0
 40
1.0
 40
1.0
 10
1195.915395296291
 20
941.3196282485884
 30
0.0
 10
1195.915395296291
 20
941.3196282485884
 30
0.0
 10
1196.11833118374
 20
941.3196282485884
 30
0.0
 10
1196.11833118374
 20
941.3196282485884
 30
0.0
 10
1196.11833118374
 20
941.3196282485884
 30
0.0
 10
1196.11833118374
 20
941.4314015303466
 30
0.0
 10
1196.027168578049
 20
941.5229604951898
 30
0.0
 10
1195.915395296291
 20
941.5229604951898
 30
0.0
 10
1195.915395296291
 20
941.5229604951898
 30
0.0
 10
1195.803225655373
 20
941.5229604951898
 30
0.0
 10
1195.712063049682
 20
941.4314015303466
 30
0.0
 10
1195.712063049682
 20
941.3196282485884
 30
0.0
 10
1195.712063049682
 20
941.3196282485884
 30
0.0
 10
1195.712063049682
 20
941.2074586076748
 30
0.0
 10
1195.803225655373
 20
941.1166923611387
 30
0.0
 10
1195.915395296291
 20
941.1166923611387
 30
0.0
 10
1195.915395296291
 20
941.1166923611387
 30
0.0
 10
1196.027168578049
 20
941.1166923611387
 30
0.0
 10
1196.11833118374
 20
941.2074586076748
 30
0.0
 10
1196.11833118374
 20
941.3196282485884
 30
0.0
 10
1196.11833118374
 20
941.3196282485884
 30
0.0
 10
1196.11833118374
 20
941.3196282485884
 30
0.0
 10
1195.915395296291
 20
941.3196282485884
 30
0.0
 10
1195.915395296291
 20
941.3196282485884
 30
0.0
  0
SPLINE
  5
82C
330
1F
100
AcDbEntity
  8
ºöåçæÄ
100
AcDbSpline
210
0.0
220
0.0
230
0.0
 70
    24
 71
     3
 72
     8
 73
     4
 74
     0
 42
0.000000001
 43
0.0000000001
 40
0.0
 40
0.0
 40
0.0
 40
0.0
 40
1.0
 40
1.0
 40
1.0
 40
1.0
 10
1196.467127240287
 20
941.8721529108976
 30
0.0
 10
1196.467127240287
 20
941.8721529108976
 30
0.0
 10
1198.546031009168
 20
943.9510566797805
 30
0.0
 10
1198.546031009168
 20
943.9510566797805
 30
0.0
  0
SPLINE
  5
82D
330
1F
100
AcDbEntity
  8
ºöåçæÄ
100
AcDbSpline
210
0.0
220
0.0
230
1.0
 70
    11
 71
     3
 72
    28
 73
    24
 74
     0
 42
0.000000001
 43
0.0000000001
 40
0.0
 40
0.0
 40
0.0
 40
0.0
 40
0.1428571428571428
 40
0.1428571428571428
 40
0.1428571428571428
 40
0.1428571528571428
 40
0.2857142857142857
 40
0.2857142857142857
 40
0.2857142857142857
 40
0.2857142957142857
 40
0.428571428571429
 40
0.428571428571429
 40
0.428571428571429
 40
0.4285714385714289
 40
0.5714285714285714
 40
0.5714285714285714
 40
0.5714285714285714
 40
0.5714285814285715
 40
0.7142857142857145
 40
0.7142857142857145
 40
0.7142857142857145
 40
0.7142857242857146
 40
1.0
 40
1.0
 40
1.0
 40
1.0
 10
1191.224484694819
 20
934.4217898711146
 30
0.0
 10
1191.224484694819
 20
934.4217898711146
 30
0.0
 10
1191.427816941427
 20
934.4217898711146
 30
0.0
 10
1191.427816941427
 20
934.4217898711146
 30
0.0
 10
1191.427816941427
 20
934.4217898711146
 30
0.0
 10
1191.427816941427
 20
934.533563152873
 30
0.0
 10
1191.336654335729
 20
934.6251221177196
 30
0.0
 10
1191.224484694819
 20
934.6251221177196
 30
0.0
 10
1191.224484694819
 20
934.6251221177196
 30
0.0
 10
1191.11271141306
 20
934.6251221177196
 30
0.0
 10
1191.02115244821
 20
934.533563152873
 30
0.0
 10
1191.02115244821
 20
934.4217898711146
 30
0.0
 10
1191.02115244821
 20
934.4217898711146
 30
0.0
 10
1191.02115244821
 20
934.3096202301993
 30
0.0
 10
1191.11271141306
 20
934.2184576245095
 30
0.0
 10
1191.224484694819
 20
934.2184576245095
 30
0.0
 10
1191.224484694819
 20
934.2184576245095
 30
0.0
 10
1191.336654335729
 20
934.2184576245095
 30
0.0
 10
1191.427816941427
 20
934.3096202301993
 30
0.0
 10
1191.427816941427
 20
934.4217898711146
 30
0.0
 10
1191.427816941427
 20
934.4217898711146
 30
0.0
 10
1191.427816941427
 20
934.4217898711146
 30
0.0
 10
1191.224484694819
 20
934.4217898711146
 30
0.0
 10
1191.224484694819
 20
934.4217898711146
 30
0.0
  0
SPLINE
  5
82E
330
1F
100
AcDbEntity
  8
ºöåçæÄ
100
AcDbSpline
210
0.0
220
0.0
230
0.0
 70
    24
 71
     3
 72
     8
 73
     4
 74
     0
 42
0.000000001
 43
0.0000000001
 40
0.0
 40
0.0
 40
0.0
 40
0.0
 40
1.0
 40
1.0
 40
1.0
 40
1.0
 10
1191.776612997967
 20
934.9743145334256
 30
0.0
 10
1191.776612997967
 20
934.9743145334256
 30
0.0
 10
1194.534876358829
 20
937.7325778942728
 30
0.0
 10
1194.534876358829
 20
937.7325778942728
 30
0.0
  0
SPLINE
  5
82F
330
1F
100
AcDbEntity
  8
ºöåçæÄ
100
AcDbSpline
210
0.0
220
0.0
230
1.0
 70
    11
 71
     3
 72
    28
 73
    24
 74
     0
 42
0.000000001
 43
0.0000000001
 40
0.0
 40
0.0
 40
0.0
 40
0.0
 40
0.1428571428571428
 40
0.1428571428571428
 40
0.1428571428571428
 40
0.1428571528571428
 40
0.2857142857142857
 40
0.2857142857142857
 40
0.2857142857142857
 40
0.2857142957142857
 40
0.428571428571429
 40
0.428571428571429
 40
0.428571428571429
 40
0.4285714385714289
 40
0.5714285714285714
 40
0.5714285714285714
 40
0.5714285714285714
 40
0.5714285814285715
 40
0.7142857142857145
 40
0.7142857142857145
 40
0.7142857142857145
 40
0.7142857242857146
 40
1.0
 40
1.0
 40
1.0
 40
1.0
 10
1195.087797380288
 20
938.2851025565839
 30
0.0
 10
1195.087797380288
 20
938.2851025565839
 30
0.0
 10
1195.290733267745
 20
938.2851025565839
 30
0.0
 10
1195.290733267745
 20
938.2851025565839
 30
0.0
 10
1195.290733267745
 20
938.2851025565839
 30
0.0
 10
1195.290733267745
 20
938.3968758383424
 30
0.0
 10
1195.199570662053
 20
938.4880384440316
 30
0.0
 10
1195.087797380288
 20
938.4880384440316
 30
0.0
 10
1195.087797380288
 20
938.4880384440316
 30
0.0
 10
1194.975627739371
 20
938.4880384440316
 30
0.0
 10
1194.884465133679
 20
938.3968758383424
 30
0.0
 10
1194.884465133679
 20
938.2851025565839
 30
0.0
 10
1194.884465133679
 20
938.2851025565839
 30
0.0
 10
1194.884465133679
 20
938.1729329156698
 30
0.0
 10
1194.975627739371
 20
938.0817703099806
 30
0.0
 10
1195.087797380288
 20
938.0817703099806
 30
0.0
 10
1195.087797380288
 20
938.0817703099806
 30
0.0
 10
1195.199570662053
 20
938.0817703099806
 30
0.0
 10
1195.290733267745
 20
938.1729329156698
 30
0.0
 10
1195.290733267745
 20
938.2851025565839
 30
0.0
 10
1195.290733267745
 20
938.2851025565839
 30
0.0
 10
1195.290733267745
 20
938.2851025565839
 30
0.0
 10
1195.087797380288
 20
938.2851025565839
 30
0.0
 10
1195.087797380288
 20
938.2851025565839
 30
0.0
  0
SPLINE
  5
830
330
1F
100
AcDbEntity
  8
ºöåçæÄ
100
AcDbSpline
210
0.0
220
0.0
230
0.0
 70
    24
 71
     3
 72
     8
 73
     4
 74
     0
 42
0.000000001
 43
0.0000000001
 40
0.0
 40
0.0
 40
0.0
 40
0.0
 40
1.0
 40
1.0
 40
1.0
 40
1.0
 10
1195.638340246823
 20
938.8360417822736
 30
0.0
 10
1195.638340246823
 20
938.8360417822736
 30
0.0
 10
1198.398189044291
 20
941.595890579742
 30
0.0
 10
1198.398189044291
 20
941.595890579742
 30
0.0
  0
SPLINE
  5
831
330
1F
100
AcDbEntity
  8
ºöåçæÄ
100
AcDbSpline
210
0.0
220
0.0
230
1.0
 70
    11
 71
     3
 72
    28
 73
    24
 74
     0
 42
0.000000001
 43
0.0000000001
 40
0.0
 40
0.0
 40
0.0
 40
0.0
 40
0.1428571428571428
 40
0.1428571428571428
 40
0.1428571428571428
 40
0.1428571528571428
 40
0.2857142857142857
 40
0.2857142857142857
 40
0.2857142857142857
 40
0.2857142957142857
 40
0.428571428571429
 40
0.428571428571429
 40
0.428571428571429
 40
0.4285714385714289
 40
0.5714285714285714
 40
0.5714285714285714
 40
0.5714285714285714
 40
0.5714285814285715
 40
0.7142857142857145
 40
0.7142857142857145
 40
0.7142857142857145
 40
0.7142857242857146
 40
1.0
 40
1.0
 40
1.0
 40
1.0
 10
1198.951506424909
 20
942.1492079603655
 30
0.0
 10
1198.951506424909
 20
942.1492079603655
 30
0.0
 10
1199.154442312366
 20
942.1492079603655
 30
0.0
 10
1199.154442312366
 20
942.1492079603655
 30
0.0
 10
1199.154442312366
 20
942.1492079603655
 30
0.0
 10
1199.154442312366
 20
942.2605848829686
 30
0.0
 10
1199.063279706667
 20
942.3521438478134
 30
0.0
 10
1198.951506424909
 20
942.3521438478134
 30
0.0
 10
1198.951506424909
 20
942.3521438478134
 30
0.0
 10
1198.839336783999
 20
942.3521438478134
 30
0.0
 10
1198.748174178315
 20
942.2605848829686
 30
0.0
 10
1198.748174178315
 20
942.1492079603655
 30
0.0
 10
1198.748174178315
 20
942.1492079603655
 30
0.0
 10
1198.748174178315
 20
942.0366419602947
 30
0.0
 10
1198.839336783999
 20
941.9454793546051
 30
0.0
 10
1198.951506424909
 20
941.9454793546051
 30
0.0
 10
1198.951506424909
 20
941.9454793546051
 30
0.0
 10
1199.063279706667
 20
941.9454793546051
 30
0.0
 10
1199.154442312366
 20
942.0366419602947
 30
0.0
 10
1199.154442312366
 20
942.1492079603655
 30
0.0
 10
1199.154442312366
 20
942.1492079603655
 30
0.0
 10
1199.154442312366
 20
942.1492079603655
 30
0.0
 10
1198.951506424909
 20
942.1492079603655
 30
0.0
 10
1198.951506424909
 20
942.1492079603655
 30
0.0
  0
SPLINE
  5
832
330
1F
100
AcDbEntity
  8
ºöåçæÄ
100
AcDbSpline
210
0.0
220
0.0
230
0.0
 70
    24
 71
     3
 72
     8
 73
     4
 74
     0
 42
0.000000001
 43
0.0000000001
 40
0.0
 40
0.0
 40
0.0
 40
0.0
 40
1.0
 40
1.0
 40
1.0
 40
1.0
 10
1199.503238368913
 20
942.6997508269002
 30
0.0
 10
1199.503238368913
 20
942.6997508269002
 30
0.0
 10
1200.753355144329
 20
943.9510566797805
 30
0.0
 10
1200.753355144329
 20
943.9510566797805
 30
0.0
  0
SPLINE
  5
833
330
1F
100
AcDbEntity
  8
ºöåçæÄ
100
AcDbSpline
210
0.0
220
0.0
230
0.0
 70
    24
 71
     3
 72
     8
 73
     4
 74
     0
 42
0.000000001
 43
0.0000000001
 40
0.0
 40
0.0
 40
0.0
 40
0.0
 40
1.0
 40
1.0
 40
1.0
 40
1.0
 10
1193.090147238213
 20
934.0805246385103
 30
0.0
 10
1193.090147238213
 20
934.0805246385103
 30
0.0
 10
1193.707278442819
 20
934.6976558431148
 30
0.0
 10
1193.707278442819
 20
934.6976558431148
 30
0.0
  0
SPLINE
  5
834
330
1F
100
AcDbEntity
  8
ºöåçæÄ
100
AcDbSpline
210
0.0
220
0.0
230
1.0
 70
    11
 71
     3
 72
    28
 73
    24
 74
     0
 42
0.000000001
 43
0.0000000001
 40
0.0
 40
0.0
 40
0.0
 40
0.0
 40
0.1428571428571428
 40
0.1428571428571428
 40
0.1428571428571428
 40
0.1428571528571428
 40
0.2857142857142857
 40
0.2857142857142857
 40
0.2857142857142857
 40
0.2857142957142857
 40
0.428571428571429
 40
0.428571428571429
 40
0.428571428571429
 40
0.4285714385714289
 40
0.5714285714285714
 40
0.5714285714285714
 40
0.5714285714285714
 40
0.5714285814285715
 40
0.7142857142857145
 40
0.7142857142857145
 40
0.7142857142857145
 40
0.7142857242857146
 40
1.0
 40
1.0
 40
1.0
 40
1.0
 10
1194.259010386823
 20
935.2485950688047
 30
0.0
 10
1194.259010386823
 20
935.2485950688047
 30
0.0
 10
1194.461946274273
 20
935.2485950688047
 30
0.0
 10
1194.461946274273
 20
935.2485950688047
 30
0.0
 10
1194.461946274273
 20
935.2485950688047
 30
0.0
 10
1194.461946274273
 20
935.3607647097183
 30
0.0
 10
1194.370783668589
 20
935.451927315408
 30
0.0
 10
1194.259010386823
 20
935.451927315408
 30
0.0
 10
1194.259010386823
 20
935.451927315408
 30
0.0
 10
1194.146840745906
 20
935.451927315408
 30
0.0
 10
1194.055678140229
 20
935.3607647097183
 30
0.0
 10
1194.055678140229
 20
935.2485950688047
 30
0.0
 10
1194.055678140229
 20
935.2485950688047
 30
0.0
 10
1194.055678140229
 20
935.1368217870483
 30
0.0
 10
1194.146840745906
 20
935.0456591813568
 30
0.0
 10
1194.259010386823
 20
935.0456591813568
 30
0.0
 10
1194.259010386823
 20
935.0456591813568
 30
0.0
 10
1194.370783668589
 20
935.0456591813568
 30
0.0
 10
1194.461946274273
 20
935.1368217870483
 30
0.0
 10
1194.461946274273
 20
935.2485950688047
 30
0.0
 10
1194.461946274273
 20
935.2485950688047
 30
0.0
 10
1194.461946274273
 20
935.2485950688047
 30
0.0
 10
1194.259010386823
 20
935.2485950688047
 30
0.0
 10
1194.259010386823
 20
935.2485950688047
 30
0.0
  0
SPLINE
  5
835
330
1F
100
AcDbEntity
  8
ºöåçæÄ
100
AcDbSpline
210
0.0
220
0.0
230
0.0
 70
    24
 71
     3
 72
     8
 73
     4
 74
     0
 42
0.000000001
 43
0.0000000001
 40
0.0
 40
0.0
 40
0.0
 40
0.0
 40
1.0
 40
1.0
 40
1.0
 40
1.0
 10
1194.811138689986
 20
935.8015160902713
 30
0.0
 10
1194.811138689986
 20
935.8015160902713
 30
0.0
 10
1197.570987487447
 20
938.5613648877393
 30
0.0
 10
1197.570987487447
 20
938.5613648877393
 30
0.0
  0
SPLINE
  5
836
330
1F
100
AcDbEntity
  8
ºöåçæÄ
100
AcDbSpline
210
0.0
220
0.0
230
1.0
 70
    11
 71
     3
 72
    28
 73
    24
 74
     0
 42
0.000000001
 43
0.0000000001
 40
0.0
 40
0.0
 40
0.0
 40
0.0
 40
0.1428571428571428
 40
0.1428571428571428
 40
0.1428571428571428
 40
0.1428571528571428
 40
0.2857142857142857
 40
0.2857142857142857
 40
0.2857142857142857
 40
0.2857142957142857
 40
0.428571428571429
 40
0.428571428571429
 40
0.428571428571429
 40
0.4285714385714289
 40
0.5714285714285714
 40
0.5714285714285714
 40
0.5714285714285714
 40
0.5714285814285715
 40
0.7142857142857145
 40
0.7142857142857145
 40
0.7142857142857145
 40
0.7142857242857146
 40
1.0
 40
1.0
 40
1.0
 40
1.0
 10
1198.123908508914
 20
939.1123041134292
 30
0.0
 10
1198.123908508914
 20
939.1123041134292
 30
0.0
 10
1198.327240755522
 20
939.1123041134292
 30
0.0
 10
1198.327240755522
 20
939.1123041134292
 30
0.0
 10
1198.327240755522
 20
939.1123041134292
 30
0.0
 10
1198.327240755522
 20
939.2244737543448
 30
0.0
 10
1198.236078149831
 20
939.3156363600359
 30
0.0
 10
1198.123908508914
 20
939.3156363600359
 30
0.0
 10
1198.123908508914
 20
939.3156363600359
 30
0.0
 10
1198.012135227155
 20
939.3156363600359
 30
0.0
 10
1197.920576262312
 20
939.2244737543448
 30
0.0
 10
1197.920576262312
 20
939.1123041134292
 30
0.0
 10
1197.920576262312
 20
939.1123041134292
 30
0.0
 10
1197.920576262312
 20
939.0005308316704
 30
0.0
 10
1198.012135227155
 20
938.9093682259813
 30
0.0
 10
1198.123908508914
 20
938.9093682259813
 30
0.0
 10
1198.123908508914
 20
938.9093682259813
 30
0.0
 10
1198.236078149831
 20
938.9093682259813
 30
0.0
 10
1198.327240755522
 20
939.0005308316704
 30
0.0
 10
1198.327240755522
 20
939.1123041134292
 30
0.0
 10
1198.327240755522
 20
939.1123041134292
 30
0.0
 10
1198.327240755522
 20
939.1123041134292
 30
0.0
 10
1198.123908508914
 20
939.1123041134292
 30
0.0
 10
1198.123908508914
 20
939.1123041134292
 30
0.0
  0
SPLINE
  5
837
330
1F
100
AcDbEntity
  8
ºöåçæÄ
100
AcDbSpline
210
0.0
220
0.0
230
0.0
 70
    24
 71
     3
 72
     8
 73
     4
 74
     0
 42
0.000000001
 43
0.0000000001
 40
0.0
 40
0.0
 40
0.0
 40
0.0
 40
1.0
 40
1.0
 40
1.0
 40
1.0
 10
1198.674451375448
 20
939.6648287757422
 30
0.0
 10
1198.674451375448
 20
939.6648287757422
 30
0.0
 10
1201.434300172916
 20
942.4246775732104
 30
0.0
 10
1201.434300172916
 20
942.4246775732104
 30
0.0
  0
SPLINE
  5
838
330
1F
100
AcDbEntity
  8
ºöåçæÄ
100
AcDbSpline
210
0.0
220
0.0
230
1.0
 70
    11
 71
     3
 72
    28
 73
    24
 74
     0
 42
0.000000001
 43
0.0000000001
 40
0.0
 40
0.0
 40
0.0
 40
0.0
 40
0.1428571428571428
 40
0.1428571428571428
 40
0.1428571428571428
 40
0.1428571528571428
 40
0.2857142857142857
 40
0.2857142857142857
 40
0.2857142857142857
 40
0.2857142957142857
 40
0.428571428571429
 40
0.428571428571429
 40
0.428571428571429
 40
0.4285714385714289
 40
0.5714285714285714
 40
0.5714285714285714
 40
0.5714285714285714
 40
0.5714285814285715
 40
0.7142857142857145
 40
0.7142857142857145
 40
0.7142857142857145
 40
0.7142857242857146
 40
1.0
 40
1.0
 40
1.0
 40
1.0
 10
1201.985635757762
 20
942.9756167988982
 30
0.0
 10
1201.985635757762
 20
942.9756167988982
 30
0.0
 10
1202.188968004363
 20
942.9756167988982
 30
0.0
 10
1202.188968004363
 20
942.9756167988982
 30
0.0
 10
1202.188968004363
 20
942.9756167988982
 30
0.0
 10
1202.188968004363
 20
943.0877864398139
 30
0.0
 10
1202.097805398672
 20
943.1789490455015
 30
0.0
 10
1201.985635757762
 20
943.1789490455015
 30
0.0
 10
1201.985635757762
 20
943.1789490455015
 30
0.0
 10
1201.873862476011
 20
943.1789490455015
 30
0.0
 10
1201.782699870312
 20
943.0877864398139
 30
0.0
 10
1201.782699870312
 20
942.9756167988982
 30
0.0
 10
1201.782699870312
 20
942.9756167988982
 30
0.0
 10
1201.782699870312
 20
942.863843517142
 30
0.0
 10
1201.873862476011
 20
942.7722845522954
 30
0.0
 10
1201.985635757762
 20
942.7722845522954
 30
0.0
 10
1201.985635757762
 20
942.7722845522954
 30
0.0
 10
1202.097805398672
 20
942.7722845522954
 30
0.0
 10
1202.188968004363
 20
942.863843517142
 30
0.0
 10
1202.188968004363
 20
942.9756167988982
 30
0.0
 10
1202.188968004363
 20
942.9756167988982
 30
0.0
 10
1202.188968004363
 20
942.9756167988982
 30
0.0
 10
1201.985635757762
 20
942.9756167988982
 30
0.0
 10
1201.985635757762
 20
942.9756167988982
 30
0.0
  0
SPLINE
  5
839
330
1F
100
AcDbEntity
  8
ºöåçæÄ
100
AcDbSpline
210
0.0
220
0.0
230
0.0
 70
    24
 71
     3
 72
     8
 73
     4
 74
     0
 42
0.000000001
 43
0.0000000001
 40
0.0
 40
0.0
 40
0.0
 40
0.0
 40
1.0
 40
1.0
 40
1.0
 40
1.0
 10
1202.538160420069
 20
943.5285378203669
 30
0.0
 10
1202.538160420069
 20
943.5285378203669
 30
0.0
 10
1202.96067927949
 20
943.9510566797805
 30
0.0
 10
1202.96067927949
 20
943.9510566797805
 30
0.0
  0
SPLINE
  5
83A
330
1F
100
AcDbEntity
  8
ºöåçæÄ
100
AcDbSpline
210
0.0
220
0.0
230
0.0
 70
    24
 71
     3
 72
     8
 73
     4
 74
     0
 42
0.000000001
 43
0.0000000001
 40
0.0
 40
0.0
 40
0.0
 40
0.0
 40
1.0
 40
1.0
 40
1.0
 40
1.0
 10
1195.297075014222
 20
934.0805246385103
 30
0.0
 10
1195.297075014222
 20
934.0805246385103
 30
0.0
 10
1196.743785930596
 20
935.5252537591155
 30
0.0
 10
1196.743785930596
 20
935.5252537591155
 30
0.0
  0
SPLINE
  5
83B
330
1F
100
AcDbEntity
  8
ºöåçæÄ
100
AcDbSpline
210
0.0
220
0.0
230
1.0
 70
    11
 71
     3
 72
    28
 73
    24
 74
     0
 42
0.000000001
 43
0.0000000001
 40
0.0
 40
0.0
 40
0.0
 40
0.0
 40
0.1428571428571428
 40
0.1428571428571428
 40
0.1428571428571428
 40
0.1428571528571428
 40
0.2857142857142857
 40
0.2857142857142857
 40
0.2857142857142857
 40
0.2857142957142857
 40
0.428571428571429
 40
0.428571428571429
 40
0.428571428571429
 40
0.4285714385714289
 40
0.5714285714285714
 40
0.5714285714285714
 40
0.5714285714285714
 40
0.5714285814285715
 40
0.7142857142857145
 40
0.7142857142857145
 40
0.7142857142857145
 40
0.7142857242857146
 40
1.0
 40
1.0
 40
1.0
 40
1.0
 10
1197.295121515449
 20
936.0777784214247
 30
0.0
 10
1197.295121515449
 20
936.0777784214247
 30
0.0
 10
1197.498453762043
 20
936.0777784214247
 30
0.0
 10
1197.498453762043
 20
936.0777784214247
 30
0.0
 10
1197.498453762043
 20
936.0777784214247
 30
0.0
 10
1197.498453762043
 20
936.189551703185
 30
0.0
 10
1197.406894797207
 20
936.2807143088764
 30
0.0
 10
1197.295121515449
 20
936.2807143088764
 30
0.0
 10
1197.295121515449
 20
936.2807143088764
 30
0.0
 10
1197.182951874539
 20
936.2807143088764
 30
0.0
 10
1197.09178926884
 20
936.189551703185
 30
0.0
 10
1197.09178926884
 20
936.0777784214247
 30
0.0
 10
1197.09178926884
 20
936.0777784214247
 30
0.0
 10
1197.09178926884
 20
935.9656087805126
 30
0.0
 10
1197.182951874539
 20
935.8744461748234
 30
0.0
 10
1197.295121515449
 20
935.8744461748234
 30
0.0
 10
1197.295121515449
 20
935.8744461748234
 30
0.0
 10
1197.406894797207
 20
935.8744461748234
 30
0.0
 10
1197.498453762043
 20
935.9656087805126
 30
0.0
 10
1197.498453762043
 20
936.0777784214247
 30
0.0
 10
1197.498453762043
 20
936.0777784214247
 30
0.0
 10
1197.498453762043
 20
936.0777784214247
 30
0.0
 10
1197.295121515449
 20
936.0777784214247
 30
0.0
 10
1197.295121515449
 20
936.0777784214247
 30
0.0
  0
SPLINE
  5
83C
330
1F
100
AcDbEntity
  8
ºöåçæÄ
100
AcDbSpline
210
0.0
220
0.0
230
0.0
 70
    24
 71
     3
 72
     8
 73
     4
 74
     0
 42
0.000000001
 43
0.0000000001
 40
0.0
 40
0.0
 40
0.0
 40
0.0
 40
1.0
 40
1.0
 40
1.0
 40
1.0
 10
1197.846853459446
 20
936.6287176471166
 30
0.0
 10
1197.846853459446
 20
936.6287176471166
 30
0.0
 10
1200.607098616066
 20
939.3885664445848
 30
0.0
 10
1200.607098616066
 20
939.3885664445848
 30
0.0
  0
SPLINE
  5
83D
330
1F
100
AcDbEntity
  8
ºöåçæÄ
100
AcDbSpline
210
0.0
220
0.0
230
1.0
 70
    11
 71
     3
 72
    28
 73
    24
 74
     0
 42
0.000000001
 43
0.0000000001
 40
0.0
 40
0.0
 40
0.0
 40
0.0
 40
0.1428571428571428
 40
0.1428571428571428
 40
0.1428571428571428
 40
0.1428571528571428
 40
0.2857142857142857
 40
0.2857142857142857
 40
0.2857142857142857
 40
0.2857142957142857
 40
0.428571428571429
 40
0.428571428571429
 40
0.428571428571429
 40
0.4285714385714289
 40
0.5714285714285714
 40
0.5714285714285714
 40
0.5714285714285714
 40
0.5714285814285715
 40
0.7142857142857145
 40
0.7142857142857145
 40
0.7142857142857145
 40
0.7142857242857146
 40
1.0
 40
1.0
 40
1.0
 40
1.0
 10
1201.158434200918
 20
939.9395056702768
 30
0.0
 10
1201.158434200918
 20
939.9395056702768
 30
0.0
 10
1201.36137008836
 20
939.9395056702768
 30
0.0
 10
1201.36137008836
 20
939.9395056702768
 30
0.0
 10
1201.36137008836
 20
939.9395056702768
 30
0.0
 10
1201.36137008836
 20
940.051278952035
 30
0.0
 10
1201.270207482676
 20
940.1424415577242
 30
0.0
 10
1201.158434200918
 20
940.1424415577242
 30
0.0
 10
1201.158434200918
 20
940.1424415577242
 30
0.0
 10
1201.046264560008
 20
940.1424415577242
 30
0.0
 10
1200.955101954309
 20
940.051278952035
 30
0.0
 10
1200.955101954309
 20
939.9395056702768
 30
0.0
 10
1200.955101954309
 20
939.9395056702768
 30
0.0
 10
1200.955101954309
 20
939.8273360293613
 30
0.0
 10
1201.046264560008
 20
939.7361734236715
 30
0.0
 10
1201.158434200918
 20
939.7361734236715
 30
0.0
 10
1201.158434200918
 20
939.7361734236715
 30
0.0
 10
1201.270207482676
 20
939.7361734236715
 30
0.0
 10
1201.36137008836
 20
939.8273360293613
 30
0.0
 10
1201.36137008836
 20
939.9395056702768
 30
0.0
 10
1201.36137008836
 20
939.9395056702768
 30
0.0
 10
1201.36137008836
 20
939.9395056702768
 30
0.0
 10
1201.158434200918
 20
939.9395056702768
 30
0.0
 10
1201.158434200918
 20
939.9395056702768
 30
0.0
  0
SPLINE
  5
83E
330
1F
100
AcDbEntity
  8
ºöåçæÄ
100
AcDbSpline
210
0.0
220
0.0
230
0.0
 70
    24
 71
     3
 72
     8
 73
     4
 74
     0
 42
0.000000001
 43
0.0000000001
 40
0.0
 40
0.0
 40
0.0
 40
0.0
 40
1.0
 40
1.0
 40
1.0
 40
1.0
 10
1201.708977067453
 20
940.4924266917412
 30
0.0
 10
1201.708977067453
 20
940.4924266917412
 30
0.0
 10
1204.469222224073
 20
943.2522754892133
 30
0.0
 10
1204.469222224073
 20
943.2522754892133
 30
0.0
  0
SPLINE
  5
83F
330
1F
100
AcDbEntity
  8
ºöåçæÄ
100
AcDbSpline
210
0.0
220
0.0
230
1.0
 70
    11
 71
     3
 72
    28
 73
    24
 74
     0
 42
0.000000001
 43
0.0000000001
 40
0.0
 40
0.0
 40
0.0
 40
0.0
 40
0.1428571428571428
 40
0.1428571428571428
 40
0.1428571428571428
 40
0.1428571528571428
 40
0.2857142857142857
 40
0.2857142857142857
 40
0.2857142857142857
 40
0.2857142957142857
 40
0.428571428571429
 40
0.428571428571429
 40
0.428571428571429
 40
0.4285714385714289
 40
0.5714285714285714
 40
0.5714285714285714
 40
0.5714285714285714
 40
0.5714285814285715
 40
0.7142857142857145
 40
0.7142857142857145
 40
0.7142857142857145
 40
0.7142857242857146
 40
1.0
 40
1.0
 40
1.0
 40
1.0
 10
1205.022143245539
 20
943.804403792367
 30
0.0
 10
1205.022143245539
 20
943.804403792367
 30
0.0
 10
1205.225079132989
 20
943.804403792367
 30
0.0
 10
1205.225079132989
 20
943.804403792367
 30
0.0
 10
1205.225079132989
 20
943.804403792367
 30
0.0
 10
1205.225079132989
 20
943.9165734332823
 30
0.0
 10
1205.133916527297
 20
944.0077360389702
 30
0.0
 10
1205.022143245539
 20
944.0077360389702
 30
0.0
 10
1205.022143245539
 20
944.0077360389702
 30
0.0
 10
1204.909973604629
 20
944.0077360389702
 30
0.0
 10
1204.818810998945
 20
943.9165734332823
 30
0.0
 10
1204.818810998945
 20
943.804403792367
 30
0.0
 10
1204.818810998945
 20
943.804403792367
 30
0.0
 10
1204.818810998945
 20
943.6926305106068
 30
0.0
 10
1204.909973604629
 20
943.6014679049193
 30
0.0
 10
1205.022143245539
 20
943.6014679049193
 30
0.0
 10
1205.022143245539
 20
943.6014679049193
 30
0.0
 10
1205.133916527297
 20
943.6014679049193
 30
0.0
 10
1205.225079132989
 20
943.6926305106068
 30
0.0
 10
1205.225079132989
 20
943.804403792367
 30
0.0
 10
1205.225079132989
 20
943.804403792367
 30
0.0
 10
1205.225079132989
 20
943.804403792367
 30
0.0
 10
1205.022143245539
 20
943.804403792367
 30
0.0
 10
1205.022143245539
 20
943.804403792367
 30
0.0
  0
SPLINE
  5
840
330
1F
100
AcDbEntity
  8
ºöåçæÄ
100
AcDbSpline
210
0.0
220
0.0
230
0.0
 70
    24
 71
     3
 72
     8
 73
     4
 74
     0
 42
0.000000001
 43
0.0000000001
 40
0.0
 40
0.0
 40
0.0
 40
0.0
 40
1.0
 40
1.0
 40
1.0
 40
1.0
 10
1197.505984585989
 20
934.0805246385103
 30
0.0
 10
1197.505984585989
 20
934.0805246385103
 30
0.0
 10
1199.777915263442
 20
936.3540407525803
 30
0.0
 10
1199.777915263442
 20
936.3540407525803
 30
0.0
  0
SPLINE
  5
841
330
1F
100
AcDbEntity
  8
ºöåçæÄ
100
AcDbSpline
210
0.0
220
0.0
230
1.0
 70
    11
 71
     3
 72
    28
 73
    24
 74
     0
 42
0.000000001
 43
0.0000000001
 40
0.0
 40
0.0
 40
0.0
 40
0.0
 40
0.1428571428571428
 40
0.1428571428571428
 40
0.1428571428571428
 40
0.1428571528571428
 40
0.2857142857142857
 40
0.2857142857142857
 40
0.2857142857142857
 40
0.2857142957142857
 40
0.428571428571429
 40
0.428571428571429
 40
0.428571428571429
 40
0.4285714385714289
 40
0.5714285714285714
 40
0.5714285714285714
 40
0.5714285714285714
 40
0.5714285814285715
 40
0.7142857142857145
 40
0.7142857142857145
 40
0.7142857142857145
 40
0.7142857242857146
 40
1.0
 40
1.0
 40
1.0
 40
1.0
 10
1200.331232644067
 20
936.9049799782739
 30
0.0
 10
1200.331232644067
 20
936.9049799782739
 30
0.0
 10
1200.534564890676
 20
936.9049799782739
 30
0.0
 10
1200.534564890676
 20
936.9049799782739
 30
0.0
 10
1200.534564890676
 20
936.9049799782739
 30
0.0
 10
1200.534564890676
 20
937.0171496191838
 30
0.0
 10
1200.443402284985
 20
937.1083122248752
 30
0.0
 10
1200.331232644067
 20
937.1083122248752
 30
0.0
 10
1200.331232644067
 20
937.1083122248752
 30
0.0
 10
1200.219459362309
 20
937.1083122248752
 30
0.0
 10
1200.128296756618
 20
937.0171496191838
 30
0.0
 10
1200.128296756618
 20
936.9049799782739
 30
0.0
 10
1200.128296756618
 20
936.9049799782739
 30
0.0
 10
1200.128296756618
 20
936.7932066965137
 30
0.0
 10
1200.219459362309
 20
936.7020440908225
 30
0.0
 10
1200.331232644067
 20
936.7020440908225
 30
0.0
 10
1200.331232644067
 20
936.7020440908225
 30
0.0
 10
1200.443402284985
 20
936.7020440908225
 30
0.0
 10
1200.534564890676
 20
936.7932066965137
 30
0.0
 10
1200.534564890676
 20
936.9049799782739
 30
0.0
 10
1200.534564890676
 20
936.9049799782739
 30
0.0
 10
1200.534564890676
 20
936.9049799782739
 30
0.0
 10
1200.331232644067
 20
936.9049799782739
 30
0.0
 10
1200.331232644067
 20
936.9049799782739
 30
0.0
  0
SPLINE
  5
842
330
1F
100
AcDbEntity
  8
ºöåçæÄ
100
AcDbSpline
210
0.0
220
0.0
230
0.0
 70
    24
 71
     3
 72
     8
 73
     4
 74
     0
 42
0.000000001
 43
0.0000000001
 40
0.0
 40
0.0
 40
0.0
 40
0.0
 40
1.0
 40
1.0
 40
1.0
 40
1.0
 10
1200.881775510602
 20
937.4575046405812
 30
0.0
 10
1200.881775510602
 20
937.4575046405812
 30
0.0
 10
1203.641624308077
 20
940.2157680014321
 30
0.0
 10
1203.641624308077
 20
940.2157680014321
 30
0.0
  0
SPLINE
  5
843
330
1F
100
AcDbEntity
  8
ºöåçæÄ
100
AcDbSpline
210
0.0
220
0.0
230
1.0
 70
    11
 71
     3
 72
    28
 73
    24
 74
     0
 42
0.000000001
 43
0.0000000001
 40
0.0
 40
0.0
 40
0.0
 40
0.0
 40
0.1428571428571428
 40
0.1428571428571428
 40
0.1428571428571428
 40
0.1428571528571428
 40
0.2857142857142857
 40
0.2857142857142857
 40
0.2857142857142857
 40
0.2857142957142857
 40
0.428571428571429
 40
0.428571428571429
 40
0.428571428571429
 40
0.4285714385714289
 40
0.5714285714285714
 40
0.5714285714285714
 40
0.5714285714285714
 40
0.5714285814285715
 40
0.7142857142857145
 40
0.7142857142857145
 40
0.7142857142857145
 40
0.7142857242857146
 40
1.0
 40
1.0
 40
1.0
 40
1.0
 10
1204.194545329544
 20
940.7686890228985
 30
0.0
 10
1204.194545329544
 20
940.7686890228985
 30
0.0
 10
1204.397877576145
 20
940.7686890228985
 30
0.0
 10
1204.397877576145
 20
940.7686890228985
 30
0.0
 10
1204.397877576145
 20
940.7686890228985
 30
0.0
 10
1204.397877576145
 20
940.8808586638119
 30
0.0
 10
1204.306318611302
 20
940.9720212695017
 30
0.0
 10
1204.194545329544
 20
940.9720212695017
 30
0.0
 10
1204.194545329544
 20
940.9720212695017
 30
0.0
 10
1204.082375688626
 20
940.9720212695017
 30
0.0
 10
1203.991213082942
 20
940.8808586638119
 30
0.0
 10
1203.991213082942
 20
940.7686890228985
 30
0.0
 10
1203.991213082942
 20
940.7686890228985
 30
0.0
 10
1203.991213082942
 20
940.6569157411382
 30
0.0
 10
1204.082375688626
 20
940.5657531354487
 30
0.0
 10
1204.194545329544
 20
940.5657531354487
 30
0.0
 10
1204.194545329544
 20
940.5657531354487
 30
0.0
 10
1204.306318611302
 20
940.5657531354487
 30
0.0
 10
1204.397877576145
 20
940.6569157411382
 30
0.0
 10
1204.397877576145
 20
940.7686890228985
 30
0.0
 10
1204.397877576145
 20
940.7686890228985
 30
0.0
 10
1204.397877576145
 20
940.7686890228985
 30
0.0
 10
1204.194545329544
 20
940.7686890228985
 30
0.0
 10
1204.194545329544
 20
940.7686890228985
 30
0.0
  0
SPLINE
  5
844
330
1F
100
AcDbEntity
  8
ºöåçæÄ
100
AcDbSpline
210
0.0
220
0.0
230
0.0
 70
    24
 71
     3
 72
     8
 73
     4
 74
     0
 42
0.000000001
 43
0.0000000001
 40
0.0
 40
0.0
 40
0.0
 40
0.0
 40
1.0
 40
1.0
 40
1.0
 40
1.0
 10
1204.745088196078
 20
941.3196282485884
 30
0.0
 10
1204.745088196078
 20
941.3196282485884
 30
0.0
 10
1207.374931190646
 20
943.9510566797805
 30
0.0
 10
1207.374931190646
 20
943.9510566797805
 30
0.0
  0
SPLINE
  5
845
330
1F
100
AcDbEntity
  8
ºöåçæÄ
100
AcDbSpline
210
0.0
220
0.0
230
1.0
 70
    11
 71
     3
 72
    28
 73
    24
 74
     0
 42
0.000000001
 43
0.0000000001
 40
0.0
 40
0.0
 40
0.0
 40
0.0
 40
0.1428571428571428
 40
0.1428571428571428
 40
0.1428571428571428
 40
0.1428571528571428
 40
0.2857142857142857
 40
0.2857142857142857
 40
0.2857142857142857
 40
0.2857142957142857
 40
0.428571428571429
 40
0.428571428571429
 40
0.428571428571429
 40
0.4285714385714289
 40
0.5714285714285714
 40
0.5714285714285714
 40
0.5714285714285714
 40
0.5714285814285715
 40
0.7142857142857145
 40
0.7142857142857145
 40
0.7142857142857145
 40
0.7142857242857146
 40
1.0
 40
1.0
 40
1.0
 40
1.0
 10
1199.713308721158
 20
934.0805246385103
 30
0.0
 10
1199.713308721158
 20
934.0805246385103
 30
0.0
 10
1199.916640967759
 20
934.0805246385103
 30
0.0
 10
1199.916640967759
 20
934.0805246385103
 30
0.0
 10
1199.916640967759
 20
934.0805246385103
 30
0.0
 10
1199.916640967759
 20
934.1922979202687
 30
0.0
 10
1199.825478362068
 20
934.2834605259582
 30
0.0
 10
1199.713308721158
 20
934.2834605259582
 30
0.0
 10
1199.713308721158
 20
934.2834605259582
 30
0.0
 10
1199.601535439406
 20
934.2834605259582
 30
0.0
 10
1199.510372833701
 20
934.1922979202687
 30
0.0
 10
1199.510372833701
 20
934.0805246385103
 30
0.0
 10
1199.510372833701
 20
934.0805246385103
 30
0.0
 10
1199.510372833701
 20
933.9683549975967
 30
0.0
 10
1199.601535439406
 20
933.8771923919072
 30
0.0
 10
1199.713308721158
 20
933.8771923919072
 30
0.0
 10
1199.713308721158
 20
933.8771923919072
 30
0.0
 10
1199.825478362068
 20
933.8771923919072
 30
0.0
 10
1199.916640967759
 20
933.9683549975967
 30
0.0
 10
1199.916640967759
 20
934.0805246385103
 30
0.0
 10
1199.916640967759
 20
934.0805246385103
 30
0.0
 10
1199.916640967759
 20
934.0805246385103
 30
0.0
 10
1199.713308721158
 20
934.0805246385103
 30
0.0
 10
1199.713308721158
 20
934.0805246385103
 30
0.0
  0
SPLINE
  5
846
330
1F
100
AcDbEntity
  8
ºöåçæÄ
100
AcDbSpline
210
0.0
220
0.0
230
0.0
 70
    24
 71
     3
 72
     8
 73
     4
 74
     0
 42
0.000000001
 43
0.0000000001
 40
0.0
 40
0.0
 40
0.0
 40
0.0
 40
1.0
 40
1.0
 40
1.0
 40
1.0
 10
1200.054573953766
 20
934.4217898711146
 30
0.0
 10
1200.054573953766
 20
934.4217898711146
 30
0.0
 10
1202.814026392082
 20
937.1816386685827
 30
0.0
 10
1202.814026392082
 20
937.1816386685827
 30
0.0
  0
SPLINE
  5
847
330
1F
100
AcDbEntity
  8
ºöåçæÄ
100
AcDbSpline
210
0.0
220
0.0
230
1.0
 70
    11
 71
     3
 72
    28
 73
    24
 74
     0
 42
0.000000001
 43
0.0000000001
 40
0.0
 40
0.0
 40
0.0
 40
0.0
 40
0.1428571428571428
 40
0.1428571428571428
 40
0.1428571428571428
 40
0.1428571528571428
 40
0.2857142857142857
 40
0.2857142857142857
 40
0.2857142857142857
 40
0.2857142957142857
 40
0.428571428571429
 40
0.428571428571429
 40
0.428571428571429
 40
0.4285714385714289
 40
0.5714285714285714
 40
0.5714285714285714
 40
0.5714285714285714
 40
0.5714285814285715
 40
0.7142857142857145
 40
0.7142857142857145
 40
0.7142857142857145
 40
0.7142857242857146
 40
1.0
 40
1.0
 40
1.0
 40
1.0
 10
1203.365758336079
 20
937.7325778942728
 30
0.0
 10
1203.365758336079
 20
937.7325778942728
 30
0.0
 10
1203.568694223514
 20
937.7325778942728
 30
0.0
 10
1203.568694223514
 20
937.7325778942728
 30
0.0
 10
1203.568694223514
 20
937.7325778942728
 30
0.0
 10
1203.568694223514
 20
937.8443511760311
 30
0.0
 10
1203.47753161783
 20
937.935910140878
 30
0.0
 10
1203.365758336079
 20
937.935910140878
 30
0.0
 10
1203.365758336079
 20
937.935910140878
 30
0.0
 10
1203.253588695169
 20
937.935910140878
 30
0.0
 10
1203.162426089463
 20
937.8443511760311
 30
0.0
 10
1203.162426089463
 20
937.7325778942728
 30
0.0
 10
1203.162426089463
 20
937.7325778942728
 30
0.0
 10
1203.162426089463
 20
937.6204082533591
 30
0.0
 10
1203.253588695169
 20
937.5292456476696
 30
0.0
 10
1203.365758336079
 20
937.5292456476696
 30
0.0
 10
1203.365758336079
 20
937.5292456476696
 30
0.0
 10
1203.47753161783
 20
937.5292456476696
 30
0.0
 10
1203.568694223514
 20
937.6204082533591
 30
0.0
 10
1203.568694223514
 20
937.7325778942728
 30
0.0
 10
1203.568694223514
 20
937.7325778942728
 30
0.0
 10
1203.568694223514
 20
937.7325778942728
 30
0.0
 10
1203.365758336079
 20
937.7325778942728
 30
0.0
 10
1203.365758336079
 20
937.7325778942728
 30
0.0
  0
SPLINE
  5
848
330
1F
100
AcDbEntity
  8
ºöåçæÄ
100
AcDbSpline
210
0.0
220
0.0
230
0.0
 70
    24
 71
     3
 72
     8
 73
     4
 74
     0
 42
0.000000001
 43
0.0000000001
 40
0.0
 40
0.0
 40
0.0
 40
0.0
 40
1.0
 40
1.0
 40
1.0
 40
1.0
 10
1203.91788663922
 20
938.2851025565839
 30
0.0
 10
1203.91788663922
 20
938.2851025565839
 30
0.0
 10
1206.677735436696
 20
941.0445549948967
 30
0.0
 10
1206.677735436696
 20
941.0445549948967
 30
0.0
  0
SPLINE
  5
849
330
1F
100
AcDbEntity
  8
ºöåçæÄ
100
AcDbSpline
210
0.0
220
0.0
230
1.0
 70
    11
 71
     3
 72
    28
 73
    24
 74
     0
 42
0.000000001
 43
0.0000000001
 40
0.0
 40
0.0
 40
0.0
 40
0.0
 40
0.1428571428571428
 40
0.1428571428571428
 40
0.1428571428571428
 40
0.1428571528571428
 40
0.2857142857142857
 40
0.2857142857142857
 40
0.2857142857142857
 40
0.2857142957142857
 40
0.428571428571429
 40
0.428571428571429
 40
0.428571428571429
 40
0.4285714385714289
 40
0.5714285714285714
 40
0.5714285714285714
 40
0.5714285714285714
 40
0.5714285814285715
 40
0.7142857142857145
 40
0.7142857142857145
 40
0.7142857142857145
 40
0.7142857242857146
 40
1.0
 40
1.0
 40
1.0
 40
1.0
 10
1207.229467380693
 20
941.595890579742
 30
0.0
 10
1207.229467380693
 20
941.595890579742
 30
0.0
 10
1207.432403268157
 20
941.595890579742
 30
0.0
 10
1207.432403268157
 20
941.595890579742
 30
0.0
 10
1207.432403268157
 20
941.595890579742
 30
0.0
 10
1207.432403268157
 20
941.7076638615023
 30
0.0
 10
1207.341240662451
 20
941.7988264671915
 30
0.0
 10
1207.229467380693
 20
941.7988264671915
 30
0.0
 10
1207.229467380693
 20
941.7988264671915
 30
0.0
 10
1207.117297739797
 20
941.7988264671915
 30
0.0
 10
1207.026135134098
 20
941.7076638615023
 30
0.0
 10
1207.026135134098
 20
941.595890579742
 30
0.0
 10
1207.026135134098
 20
941.595890579742
 30
0.0
 10
1207.026135134098
 20
941.4837209388302
 30
0.0
 10
1207.117297739797
 20
941.3925583331407
 30
0.0
 10
1207.229467380693
 20
941.3925583331407
 30
0.0
 10
1207.229467380693
 20
941.3925583331407
 30
0.0
 10
1207.341240662451
 20
941.3925583331407
 30
0.0
 10
1207.432403268157
 20
941.4837209388302
 30
0.0
 10
1207.432403268157
 20
941.595890579742
 30
0.0
 10
1207.432403268157
 20
941.595890579742
 30
0.0
 10
1207.432403268157
 20
941.595890579742
 30
0.0
 10
1207.229467380693
 20
941.595890579742
 30
0.0
 10
1207.229467380693
 20
941.595890579742
 30
0.0
  0
SPLINE
  5
84A
330
1F
100
AcDbEntity
  8
ºöåçæÄ
100
AcDbSpline
210
0.0
220
0.0
230
0.0
 70
    24
 71
     3
 72
     8
 73
     4
 74
     0
 42
0.000000001
 43
0.0000000001
 40
0.0
 40
0.0
 40
0.0
 40
0.0
 40
1.0
 40
1.0
 40
1.0
 40
1.0
 10
1207.781199324697
 20
942.1492079603655
 30
0.0
 10
1207.781199324697
 20
942.1492079603655
 30
0.0
 10
1209.583840762435
 20
943.9510566797805
 30
0.0
 10
1209.583840762435
 20
943.9510566797805
 30
0.0
  0
SPLINE
  5
84B
330
1F
100
AcDbEntity
  8
ºöåçæÄ
100
AcDbSpline
210
0.0
220
0.0
230
0.0
 70
    24
 71
     3
 72
     8
 73
     4
 74
     0
 42
0.000000001
 43
0.0000000001
 40
0.0
 40
0.0
 40
0.0
 40
0.0
 40
1.0
 40
1.0
 40
1.0
 40
1.0
 10
1201.920236497167
 20
934.0805246385103
 30
0.0
 10
1201.920236497167
 20
934.0805246385103
 30
0.0
 10
1201.985239398603
 20
934.1451311808036
 30
0.0
 10
1201.985239398603
 20
934.1451311808036
 30
0.0
  0
SPLINE
  5
84C
330
1F
100
AcDbEntity
  8
ºöåçæÄ
100
AcDbSpline
210
0.0
220
0.0
230
1.0
 70
    11
 71
     3
 72
    28
 73
    24
 74
     0
 42
0.000000001
 43
0.0000000001
 40
0.0
 40
0.0
 40
0.0
 40
0.0
 40
0.1428571428571428
 40
0.1428571428571428
 40
0.1428571428571428
 40
0.1428571528571428
 40
0.2857142857142857
 40
0.2857142857142857
 40
0.2857142857142857
 40
0.2857142957142857
 40
0.428571428571429
 40
0.428571428571429
 40
0.428571428571429
 40
0.4285714385714289
 40
0.5714285714285714
 40
0.5714285714285714
 40
0.5714285714285714
 40
0.5714285814285715
 40
0.7142857142857145
 40
0.7142857142857145
 40
0.7142857142857145
 40
0.7142857242857146
 40
1.0
 40
1.0
 40
1.0
 40
1.0
 10
1202.538556779221
 20
934.6976558431148
 30
0.0
 10
1202.538556779221
 20
934.6976558431148
 30
0.0
 10
1202.741889025822
 20
934.6976558431148
 30
0.0
 10
1202.741889025822
 20
934.6976558431148
 30
0.0
 10
1202.741889025822
 20
934.6976558431148
 30
0.0
 10
1202.741889025822
 20
934.8098254840284
 30
0.0
 10
1202.650726420145
 20
934.9009880897179
 30
0.0
 10
1202.538556779221
 20
934.9009880897179
 30
0.0
 10
1202.538556779221
 20
934.9009880897179
 30
0.0
 10
1202.42678349747
 20
934.9009880897179
 30
0.0
 10
1202.335620891786
 20
934.8098254840284
 30
0.0
 10
1202.335620891786
 20
934.6976558431148
 30
0.0
 10
1202.335620891786
 20
934.6976558431148
 30
0.0
 10
1202.335620891786
 20
934.5858825613547
 30
0.0
 10
1202.42678349747
 20
934.4947199556669
 30
0.0
 10
1202.538556779221
 20
934.4947199556669
 30
0.0
 10
1202.538556779221
 20
934.4947199556669
 30
0.0
 10
1202.650726420145
 20
934.4947199556669
 30
0.0
 10
1202.741889025822
 20
934.5858825613547
 30
0.0
 10
1202.741889025822
 20
934.6976558431148
 30
0.0
 10
1202.741889025822
 20
934.6976558431148
 30
0.0
 10
1202.741889025822
 20
934.6976558431148
 30
0.0
 10
1202.538556779221
 20
934.6976558431148
 30
0.0
 10
1202.538556779221
 20
934.6976558431148
 30
0.0
  0
SPLINE
  5
84D
330
1F
100
AcDbEntity
  8
ºöåçæÄ
100
AcDbSpline
210
0.0
220
0.0
230
0.0
 70
    24
 71
     3
 72
     8
 73
     4
 74
     0
 42
0.000000001
 43
0.0000000001
 40
0.0
 40
0.0
 40
0.0
 40
0.0
 40
1.0
 40
1.0
 40
1.0
 40
1.0
 10
1203.088703286611
 20
935.2485950688047
 30
0.0
 10
1203.088703286611
 20
935.2485950688047
 30
0.0
 10
1205.850533879852
 20
938.0084438662747
 30
0.0
 10
1205.850533879852
 20
938.0084438662747
 30
0.0
  0
SPLINE
  5
84E
330
1F
100
AcDbEntity
  8
ºöåçæÄ
100
AcDbSpline
210
0.0
220
0.0
230
1.0
 70
    11
 71
     3
 72
    28
 73
    24
 74
     0
 42
0.000000001
 43
0.0000000001
 40
0.0
 40
0.0
 40
0.0
 40
0.0
 40
0.1428571428571428
 40
0.1428571428571428
 40
0.1428571428571428
 40
0.1428571528571428
 40
0.2857142857142857
 40
0.2857142857142857
 40
0.2857142857142857
 40
0.2857142957142857
 40
0.428571428571429
 40
0.428571428571429
 40
0.428571428571429
 40
0.4285714385714289
 40
0.5714285714285714
 40
0.5714285714285714
 40
0.5714285714285714
 40
0.5714285814285715
 40
0.7142857142857145
 40
0.7142857142857145
 40
0.7142857142857145
 40
0.7142857242857146
 40
1.0
 40
1.0
 40
1.0
 40
1.0
 10
1206.401869464697
 20
938.5613648877393
 30
0.0
 10
1206.401869464697
 20
938.5613648877393
 30
0.0
 10
1206.605201711299
 20
938.5613648877393
 30
0.0
 10
1206.605201711299
 20
938.5613648877393
 30
0.0
 10
1206.605201711299
 20
938.5613648877393
 30
0.0
 10
1206.605201711299
 20
938.6735345286549
 30
0.0
 10
1206.513642746456
 20
938.7646971343423
 30
0.0
 10
1206.401869464697
 20
938.7646971343423
 30
0.0
 10
1206.401869464697
 20
938.7646971343423
 30
0.0
 10
1206.290096182946
 20
938.7646971343423
 30
0.0
 10
1206.198537218096
 20
938.6735345286549
 30
0.0
 10
1206.198537218096
 20
938.5613648877393
 30
0.0
 10
1206.198537218096
 20
938.5613648877393
 30
0.0
 10
1206.198537218096
 20
938.449591605981
 30
0.0
 10
1206.290096182946
 20
938.3580326411363
 30
0.0
 10
1206.401869464697
 20
938.3580326411363
 30
0.0
 10
1206.401869464697
 20
938.3580326411363
 30
0.0
 10
1206.513642746456
 20
938.3580326411363
 30
0.0
 10
1206.605201711299
 20
938.449591605981
 30
0.0
 10
1206.605201711299
 20
938.5613648877393
 30
0.0
 10
1206.605201711299
 20
938.5613648877393
 30
0.0
 10
1206.605201711299
 20
938.5613648877393
 30
0.0
 10
1206.401869464697
 20
938.5613648877393
 30
0.0
 10
1206.401869464697
 20
938.5613648877393
 30
0.0
  0
SPLINE
  5
84F
330
1F
100
AcDbEntity
  8
ºöåçæÄ
100
AcDbSpline
210
0.0
220
0.0
230
0.0
 70
    24
 71
     3
 72
     8
 73
     4
 74
     0
 42
0.000000001
 43
0.0000000001
 40
0.0
 40
0.0
 40
0.0
 40
0.0
 40
1.0
 40
1.0
 40
1.0
 40
1.0
 10
1206.954394127005
 20
939.1123041134292
 30
0.0
 10
1206.954394127005
 20
939.1123041134292
 30
0.0
 10
1208.768133621076
 20
940.9264399666561
 30
0.0
 10
1208.768133621076
 20
940.9264399666561
 30
0.0
  0
SPLINE
  5
850
330
1F
100
AcDbEntity
  8
ºöåçæÄ
100
AcDbSpline
210
0.0
220
0.0
230
0.0
 70
    24
 71
     3
 72
     8
 73
     4
 74
     0
 42
0.000000001
 43
0.0000000001
 40
0.0
 40
0.0
 40
0.0
 40
0.0
 40
1.0
 40
1.0
 40
1.0
 40
1.0
 10
1204.127560632313
 20
934.0805246385103
 30
0.0
 10
1204.127560632313
 20
934.0805246385103
 30
0.0
 10
1205.021350527236
 20
934.9743145334256
 30
0.0
 10
1205.021350527236
 20
934.9743145334256
 30
0.0
  0
SPLINE
  5
851
330
1F
100
AcDbEntity
  8
ºöåçæÄ
100
AcDbSpline
210
0.0
220
0.0
230
1.0
 70
    11
 71
     3
 72
    28
 73
    24
 74
     0
 42
0.000000001
 43
0.0000000001
 40
0.0
 40
0.0
 40
0.0
 40
0.0
 40
0.1428571428571428
 40
0.1428571428571428
 40
0.1428571428571428
 40
0.1428571528571428
 40
0.2857142857142857
 40
0.2857142857142857
 40
0.2857142857142857
 40
0.2857142957142857
 40
0.428571428571429
 40
0.428571428571429
 40
0.428571428571429
 40
0.4285714385714289
 40
0.5714285714285714
 40
0.5714285714285714
 40
0.5714285714285714
 40
0.5714285814285715
 40
0.7142857142857145
 40
0.7142857142857145
 40
0.7142857142857145
 40
0.7142857242857146
 40
1.0
 40
1.0
 40
1.0
 40
1.0
 10
1205.574271548702
 20
935.5252537591155
 30
0.0
 10
1205.574271548702
 20
935.5252537591155
 30
0.0
 10
1205.777603795296
 20
935.5252537591155
 30
0.0
 10
1205.777603795296
 20
935.5252537591155
 30
0.0
 10
1205.777603795296
 20
935.5252537591155
 30
0.0
 10
1205.777603795296
 20
935.637027040874
 30
0.0
 10
1205.686441189612
 20
935.7285860057203
 30
0.0
 10
1205.574271548702
 20
935.7285860057203
 30
0.0
 10
1205.574271548702
 20
935.7285860057203
 30
0.0
 10
1205.462498266937
 20
935.7285860057203
 30
0.0
 10
1205.371335661245
 20
935.637027040874
 30
0.0
 10
1205.371335661245
 20
935.5252537591155
 30
0.0
 10
1205.371335661245
 20
935.5252537591155
 30
0.0
 10
1205.371335661245
 20
935.4130841182021
 30
0.0
 10
1205.462498266937
 20
935.3219215125106
 30
0.0
 10
1205.574271548702
 20
935.3219215125106
 30
0.0
 10
1205.574271548702
 20
935.3219215125106
 30
0.0
 10
1205.686441189612
 20
935.3219215125106
 30
0.0
 10
1205.777603795296
 20
935.4130841182021
 30
0.0
 10
1205.777603795296
 20
935.5252537591155
 30
0.0
 10
1205.777603795296
 20
935.5252537591155
 30
0.0
 10
1205.777603795296
 20
935.5252537591155
 30
0.0
 10
1205.574271548702
 20
935.5252537591155
 30
0.0
 10
1205.574271548702
 20
935.5252537591155
 30
0.0
  0
SPLINE
  5
852
330
1F
100
AcDbEntity
  8
ºöåçæÄ
100
AcDbSpline
210
0.0
220
0.0
230
0.0
 70
    24
 71
     3
 72
     8
 73
     4
 74
     0
 42
0.000000001
 43
0.0000000001
 40
0.0
 40
0.0
 40
0.0
 40
0.0
 40
1.0
 40
1.0
 40
1.0
 40
1.0
 10
1206.124814415229
 20
936.0777784214247
 30
0.0
 10
1206.124814415229
 20
936.0777784214247
 30
0.0
 10
1208.768133621076
 20
938.7191158314987
 30
0.0
 10
1208.768133621076
 20
938.7191158314987
 30
0.0
  0
SPLINE
  5
853
330
1F
100
AcDbEntity
  8
ºöåçæÄ
100
AcDbSpline
210
0.0
220
0.0
230
0.0
 70
    24
 71
     3
 72
     8
 73
     4
 74
     0
 42
0.000000001
 43
0.0000000001
 40
0.0
 40
0.0
 40
0.0
 40
0.0
 40
1.0
 40
1.0
 40
1.0
 40
1.0
 10
1208.923902769066
 20
941.0822091146387
 30
0.0
 10
1208.923902769066
 20
941.0822091146387
 30
0.0
 10
1209.712261128707
 20
941.8721529108976
 30
0.0
 10
1209.712261128707
 20
941.8721529108976
 30
0.0
  0
SPLINE
  5
854
330
1F
100
AcDbEntity
  8
ºöåçæÄ
100
AcDbSpline
210
0.0
220
0.0
230
1.0
 70
    11
 71
     3
 72
    28
 73
    24
 74
     0
 42
0.000000001
 43
0.0000000001
 40
0.0
 40
0.0
 40
0.0
 40
0.0
 40
0.1428571428571428
 40
0.1428571428571428
 40
0.1428571428571428
 40
0.1428571528571428
 40
0.2857142857142857
 40
0.2857142857142857
 40
0.2857142857142857
 40
0.2857142957142857
 40
0.428571428571429
 40
0.428571428571429
 40
0.428571428571429
 40
0.4285714385714289
 40
0.5714285714285714
 40
0.5714285714285714
 40
0.5714285714285714
 40
0.5714285814285715
 40
0.7142857142857145
 40
0.7142857142857145
 40
0.7142857142857145
 40
0.7142857242857146
 40
1.0
 40
1.0
 40
1.0
 40
1.0
 10
1210.265182150167
 20
942.4246775732104
 30
0.0
 10
1210.265182150167
 20
942.4246775732104
 30
0.0
 10
1210.468118037616
 20
942.4246775732104
 30
0.0
 10
1210.468118037616
 20
942.4246775732104
 30
0.0
 10
1210.468118037616
 20
942.4246775732104
 30
0.0
 10
1210.468118037616
 20
942.536450854967
 30
0.0
 10
1210.376955431918
 20
942.6276134606602
 30
0.0
 10
1210.265182150167
 20
942.6276134606602
 30
0.0
 10
1210.265182150167
 20
942.6276134606602
 30
0.0
 10
1210.153012509256
 20
942.6276134606602
 30
0.0
 10
1210.061849903565
 20
942.536450854967
 30
0.0
 10
1210.061849903565
 20
942.4246775732104
 30
0.0
 10
1210.061849903565
 20
942.4246775732104
 30
0.0
 10
1210.061849903565
 20
942.3125079322968
 30
0.0
 10
1210.153012509256
 20
942.2213453266056
 30
0.0
 10
1210.265182150167
 20
942.2213453266056
 30
0.0
 10
1210.265182150167
 20
942.2213453266056
 30
0.0
 10
1210.376955431918
 20
942.2213453266056
 30
0.0
 10
1210.468118037616
 20
942.3125079322968
 30
0.0
 10
1210.468118037616
 20
942.4246775732104
 30
0.0
 10
1210.468118037616
 20
942.4246775732104
 30
0.0
 10
1210.468118037616
 20
942.4246775732104
 30
0.0
 10
1210.265182150167
 20
942.4246775732104
 30
0.0
 10
1210.265182150167
 20
942.4246775732104
 30
0.0
  0
SPLINE
  5
855
330
1F
100
AcDbEntity
  8
ºöåçæÄ
100
AcDbSpline
210
0.0
220
0.0
230
0.0
 70
    24
 71
     3
 72
     8
 73
     4
 74
     0
 42
0.000000001
 43
0.0000000001
 40
0.0
 40
0.0
 40
0.0
 40
0.0
 40
1.0
 40
1.0
 40
1.0
 40
1.0
 10
1210.81612137586
 20
942.9756167988982
 30
0.0
 10
1210.81612137586
 20
942.9756167988982
 30
0.0
 10
1211.791164897588
 20
943.9510566797805
 30
0.0
 10
1211.791164897588
 20
943.9510566797805
 30
0.0
  0
SPLINE
  5
856
330
1F
100
AcDbEntity
  8
ºöåçæÄ
100
AcDbSpline
210
0.0
220
0.0
230
0.0
 70
    24
 71
     3
 72
     8
 73
     4
 74
     0
 42
0.000000001
 43
0.0000000001
 40
0.0
 40
0.0
 40
0.0
 40
0.0
 40
1.0
 40
1.0
 40
1.0
 40
1.0
 10
1211.13122690422
 20
941.0822091146387
 30
0.0
 10
1211.13122690422
 20
941.0822091146387
 30
0.0
 10
1212.748372257326
 20
942.6997508269002
 30
0.0
 10
1212.748372257326
 20
942.6997508269002
 30
0.0
  0
SPLINE
  5
857
330
1F
100
AcDbEntity
  8
ºöåçæÄ
100
AcDbSpline
210
0.0
220
0.0
230
1.0
 70
    11
 71
     3
 72
    28
 73
    24
 74
     0
 42
0.000000001
 43
0.0000000001
 40
0.0
 40
0.0
 40
0.0
 40
0.0
 40
0.1428571428571428
 40
0.1428571428571428
 40
0.1428571428571428
 40
0.1428571528571428
 40
0.2857142857142857
 40
0.2857142857142857
 40
0.2857142857142857
 40
0.2857142957142857
 40
0.428571428571429
 40
0.428571428571429
 40
0.428571428571429
 40
0.4285714385714289
 40
0.5714285714285714
 40
0.5714285714285714
 40
0.5714285714285714
 40
0.5714285814285715
 40
0.7142857142857145
 40
0.7142857142857145
 40
0.7142857142857145
 40
0.7142857242857146
 40
1.0
 40
1.0
 40
1.0
 40
1.0
 10
1213.301293278785
 20
943.2522754892133
 30
0.0
 10
1213.301293278785
 20
943.2522754892133
 30
0.0
 10
1213.504625525408
 20
943.2522754892133
 30
0.0
 10
1213.504625525408
 20
943.2522754892133
 30
0.0
 10
1213.504625525408
 20
943.2522754892133
 30
0.0
 10
1213.504625525408
 20
943.3640487709675
 30
0.0
 10
1213.413066560551
 20
943.4552113766587
 30
0.0
 10
1213.301293278785
 20
943.4552113766587
 30
0.0
 10
1213.301293278785
 20
943.4552113766587
 30
0.0
 10
1213.189123637882
 20
943.4552113766587
 30
0.0
 10
1213.097961032191
 20
943.3640487709675
 30
0.0
 10
1213.097961032191
 20
943.2522754892133
 30
0.0
 10
1213.097961032191
 20
943.2522754892133
 30
0.0
 10
1213.097961032191
 20
943.1401058482975
 30
0.0
 10
1213.189123637882
 20
943.0489432426062
 30
0.0
 10
1213.301293278785
 20
943.0489432426062
 30
0.0
 10
1213.301293278785
 20
943.0489432426062
 30
0.0
 10
1213.413066560551
 20
943.0489432426062
 30
0.0
 10
1213.504625525408
 20
943.1401058482975
 30
0.0
 10
1213.504625525408
 20
943.2522754892133
 30
0.0
 10
1213.504625525408
 20
943.2522754892133
 30
0.0
 10
1213.504625525408
 20
943.2522754892133
 30
0.0
 10
1213.301293278785
 20
943.2522754892133
 30
0.0
 10
1213.301293278785
 20
943.2522754892133
 30
0.0
  0
SPLINE
  5
858
330
1F
100
AcDbEntity
  8
ºöåçæÄ
100
AcDbSpline
210
0.0
220
0.0
230
0.0
 70
    24
 71
     3
 72
     8
 73
     4
 74
     0
 42
0.000000001
 43
0.0000000001
 40
0.0
 40
0.0
 40
0.0
 40
0.0
 40
1.0
 40
1.0
 40
1.0
 40
1.0
 10
1213.85183614532
 20
943.804403792367
 30
0.0
 10
1213.85183614532
 20
943.804403792367
 30
0.0
 10
1213.998489032742
 20
943.9510566797805
 30
0.0
 10
1213.998489032742
 20
943.9510566797805
 30
0.0
  0
SPLINE
  5
859
330
1F
100
AcDbEntity
  8
ºöåçæÄ
100
AcDbSpline
210
0.0
220
0.0
230
0.0
 70
    24
 71
     3
 72
     8
 73
     4
 74
     0
 42
0.000000001
 43
0.0000000001
 40
0.0
 40
0.0
 40
0.0
 40
0.0
 40
1.0
 40
1.0
 40
1.0
 40
1.0
 10
1206.336470204102
 20
934.0805246385103
 30
0.0
 10
1206.336470204102
 20
934.0805246385103
 30
0.0
 10
1208.057858015013
 20
935.8015160902713
 30
0.0
 10
1208.057858015013
 20
935.8015160902713
 30
0.0
  0
SPLINE
  5
85A
330
1F
100
AcDbEntity
  8
ºöåçæÄ
100
AcDbSpline
210
0.0
220
0.0
230
1.0
 70
    11
 71
     3
 72
    28
 73
    24
 74
     0
 42
0.000000001
 43
0.0000000001
 40
0.0
 40
0.0
 40
0.0
 40
0.0
 40
0.1428571428571428
 40
0.1428571428571428
 40
0.1428571428571428
 40
0.1428571528571428
 40
0.2857142857142857
 40
0.2857142857142857
 40
0.2857142857142857
 40
0.2857142957142857
 40
0.428571428571429
 40
0.428571428571429
 40
0.428571428571429
 40
0.4285714385714289
 40
0.5714285714285714
 40
0.5714285714285714
 40
0.5714285714285714
 40
0.5714285814285715
 40
0.7142857142857145
 40
0.7142857142857145
 40
0.7142857142857145
 40
0.7142857242857146
 40
1.0
 40
1.0
 40
1.0
 40
1.0
 10
1208.609193599851
 20
936.3540407525803
 30
0.0
 10
1208.609193599851
 20
936.3540407525803
 30
0.0
 10
1208.812525846459
 20
936.3540407525803
 30
0.0
 10
1208.812525846459
 20
936.3540407525803
 30
0.0
 10
1208.812525846459
 20
936.3540407525803
 30
0.0
 10
1208.812525846459
 20
936.4662103934957
 30
0.0
 10
1208.721363240768
 20
936.5573729991851
 30
0.0
 10
1208.609193599851
 20
936.5573729991851
 30
0.0
 10
1208.609193599851
 20
936.5573729991851
 30
0.0
 10
1208.4974203181
 20
936.5573729991851
 30
0.0
 10
1208.405861353257
 20
936.4662103934957
 30
0.0
 10
1208.405861353257
 20
936.3540407525803
 30
0.0
 10
1208.405861353257
 20
936.3540407525803
 30
0.0
 10
1208.405861353257
 20
936.2422674708238
 30
0.0
 10
1208.4974203181
 20
936.1507085059788
 30
0.0
 10
1208.609193599851
 20
936.1507085059788
 30
0.0
 10
1208.609193599851
 20
936.1507085059788
 30
0.0
 10
1208.721363240768
 20
936.1507085059788
 30
0.0
 10
1208.812525846459
 20
936.2422674708238
 30
0.0
 10
1208.812525846459
 20
936.3540407525803
 30
0.0
 10
1208.812525846459
 20
936.3540407525803
 30
0.0
 10
1208.812525846459
 20
936.3540407525803
 30
0.0
 10
1208.609193599851
 20
936.3540407525803
 30
0.0
 10
1208.609193599851
 20
936.3540407525803
 30
0.0
  0
SPLINE
  5
85B
330
1F
100
AcDbEntity
  8
ºöåçæÄ
100
AcDbSpline
210
0.0
220
0.0
230
0.0
 70
    24
 71
     3
 72
     8
 73
     4
 74
     0
 42
0.000000001
 43
0.0000000001
 40
0.0
 40
0.0
 40
0.0
 40
0.0
 40
1.0
 40
1.0
 40
1.0
 40
1.0
 10
1208.543794339249
 20
934.0805246385103
 30
0.0
 10
1208.543794339249
 20
934.0805246385103
 30
0.0
 10
1208.768133621076
 20
934.3028821245633
 30
0.0
 10
1208.768133621076
 20
934.3028821245633
 30
0.0
  0
SPLINE
  5
85C
330
1F
100
AcDbEntity
  8
ºöåçæÄ
100
AcDbSpline
210
0.0
220
0.0
230
1.0
 70
    11
 71
     3
 72
    28
 73
    24
 74
     0
 42
0.000000001
 43
0.0000000001
 40
0.0
 40
0.0
 40
0.0
 40
0.0
 40
0.1428571428571428
 40
0.1428571428571428
 40
0.1428571428571428
 40
0.1428571528571428
 40
0.2857142857142857
 40
0.2857142857142857
 40
0.2857142857142857
 40
0.2857142957142857
 40
0.428571428571429
 40
0.428571428571429
 40
0.428571428571429
 40
0.4285714385714289
 40
0.5714285714285714
 40
0.5714285714285714
 40
0.5714285714285714
 40
0.5714285814285715
 40
0.7142857142857145
 40
0.7142857142857145
 40
0.7142857142857145
 40
0.7142857242857146
 40
1.0
 40
1.0
 40
1.0
 40
1.0
 10
1212.472109926169
 20
940.2157680014321
 30
0.0
 10
1212.472109926169
 20
940.2157680014321
 30
0.0
 10
1212.675045813618
 20
940.2157680014321
 30
0.0
 10
1212.675045813618
 20
940.2157680014321
 30
0.0
 10
1212.675045813618
 20
940.2157680014321
 30
0.0
 10
1212.675045813618
 20
940.3279376423455
 30
0.0
 10
1212.583883207927
 20
940.4191002480352
 30
0.0
 10
1212.472109926169
 20
940.4191002480352
 30
0.0
 10
1212.472109926169
 20
940.4191002480352
 30
0.0
 10
1212.359940285251
 20
940.4191002480352
 30
0.0
 10
1212.26877767956
 20
940.3279376423455
 30
0.0
 10
1212.26877767956
 20
940.2157680014321
 30
0.0
 10
1212.26877767956
 20
940.2157680014321
 30
0.0
 10
1212.26877767956
 20
940.103994719672
 30
0.0
 10
1212.359940285251
 20
940.0128321139824
 30
0.0
 10
1212.472109926169
 20
940.0128321139824
 30
0.0
 10
1212.472109926169
 20
940.0128321139824
 30
0.0
 10
1212.583883207927
 20
940.0128321139824
 30
0.0
 10
1212.675045813618
 20
940.103994719672
 30
0.0
 10
1212.675045813618
 20
940.2157680014321
 30
0.0
 10
1212.675045813618
 20
940.2157680014321
 30
0.0
 10
1212.675045813618
 20
940.2157680014321
 30
0.0
 10
1212.472109926169
 20
940.2157680014321
 30
0.0
 10
1212.472109926169
 20
940.2157680014321
 30
0.0
  0
SPLINE
  5
85D
330
1F
100
AcDbEntity
  8
ºöåçæÄ
100
AcDbSpline
210
0.0
220
0.0
230
0.0
 70
    24
 71
     3
 72
     8
 73
     4
 74
     0
 42
0.000000001
 43
0.0000000001
 40
0.0
 40
0.0
 40
0.0
 40
0.0
 40
1.0
 40
1.0
 40
1.0
 40
1.0
 10
1213.025030947642
 20
940.7686890228985
 30
0.0
 10
1213.025030947642
 20
940.7686890228985
 30
0.0
 10
1215.782897949338
 20
943.5285378203669
 30
0.0
 10
1215.782897949338
 20
943.5285378203669
 30
0.0
  0
SPLINE
  5
85E
330
1F
100
AcDbEntity
  8
ºöåçæÄ
100
AcDbSpline
210
0.0
220
0.0
230
1.0
 70
    11
 71
     3
 72
    28
 73
    24
 74
     0
 42
0.000000001
 43
0.0000000001
 40
0.0
 40
0.0
 40
0.0
 40
0.0
 40
0.1428571428571428
 40
0.1428571428571428
 40
0.1428571428571428
 40
0.1428571528571428
 40
0.2857142857142857
 40
0.2857142857142857
 40
0.2857142857142857
 40
0.2857142957142857
 40
0.428571428571429
 40
0.428571428571429
 40
0.428571428571429
 40
0.4285714385714289
 40
0.5714285714285714
 40
0.5714285714285714
 40
0.5714285714285714
 40
0.5714285814285715
 40
0.7142857142857145
 40
0.7142857142857145
 40
0.7142857142857145
 40
0.7142857242857146
 40
1.0
 40
1.0
 40
1.0
 40
1.0
 10
1216.205813167903
 20
943.9510566797805
 30
0.0
 10
1216.205813167903
 20
943.9510566797805
 30
0.0
 10
1216.408749055345
 20
943.9510566797805
 30
0.0
 10
1216.408749055345
 20
943.9510566797805
 30
0.0
 10
1216.408749055345
 20
943.9510566797805
 30
0.0
 10
1216.408749055345
 20
944.0628299615386
 30
0.0
 10
1216.317586449654
 20
944.1543889263853
 30
0.0
 10
1216.205813167903
 20
944.1543889263853
 30
0.0
 10
1216.205813167903
 20
944.1543889263853
 30
0.0
 10
1216.093643526986
 20
944.1543889263853
 30
0.0
 10
1216.002480921302
 20
944.0628299615386
 30
0.0
 10
1216.002480921302
 20
943.9510566797805
 30
0.0
 10
1216.002480921302
 20
943.9510566797805
 30
0.0
 10
1216.002480921302
 20
943.8388870388667
 30
0.0
 10
1216.093643526986
 20
943.7477244331793
 30
0.0
 10
1216.205813167903
 20
943.7477244331793
 30
0.0
 10
1216.205813167903
 20
943.7477244331793
 30
0.0
 10
1216.317586449654
 20
943.7477244331793
 30
0.0
 10
1216.408749055345
 20
943.8388870388667
 30
0.0
 10
1216.408749055345
 20
943.9510566797805
 30
0.0
 10
1216.408749055345
 20
943.9510566797805
 30
0.0
 10
1216.408749055345
 20
943.9510566797805
 30
0.0
 10
1216.205813167903
 20
943.9510566797805
 30
0.0
 10
1216.205813167903
 20
943.9510566797805
 30
0.0
  0
SPLINE
  5
85F
330
1F
100
AcDbEntity
  8
ºöåçæÄ
100
AcDbSpline
210
0.0
220
0.0
230
1.0
 70
    11
 71
     3
 72
    28
 73
    24
 74
     0
 42
0.000000001
 43
0.0000000001
 40
0.0
 40
0.0
 40
0.0
 40
0.0
 40
0.1428571428571428
 40
0.1428571428571428
 40
0.1428571428571428
 40
0.1428571528571428
 40
0.2857142857142857
 40
0.2857142857142857
 40
0.2857142857142857
 40
0.2857142957142857
 40
0.428571428571429
 40
0.428571428571429
 40
0.428571428571429
 40
0.4285714385714289
 40
0.5714285714285714
 40
0.5714285714285714
 40
0.5714285714285714
 40
0.5714285814285715
 40
0.7142857142857145
 40
0.7142857142857145
 40
0.7142857142857145
 40
0.7142857242857146
 40
1.0
 40
1.0
 40
1.0
 40
1.0
 10
1211.927908806118
 20
937.4642427462207
 30
0.0
 10
1211.927908806118
 20
937.4642427462207
 30
0.0
 10
1212.130844693568
 20
937.4642427462207
 30
0.0
 10
1212.130844693568
 20
937.4642427462207
 30
0.0
 10
1212.130844693568
 20
937.4642427462207
 30
0.0
 10
1212.130844693568
 20
937.5764123871347
 30
0.0
 10
1212.039682087884
 20
937.667574992826
 30
0.0
 10
1211.927908806118
 20
937.667574992826
 30
0.0
 10
1211.927908806118
 20
937.667574992826
 30
0.0
 10
1211.815739165201
 20
937.667574992826
 30
0.0
 10
1211.72457655951
 20
937.5764123871347
 30
0.0
 10
1211.72457655951
 20
937.4642427462207
 30
0.0
 10
1211.72457655951
 20
937.4642427462207
 30
0.0
 10
1211.72457655951
 20
937.3524694644626
 30
0.0
 10
1211.815739165201
 20
937.261306858773
 30
0.0
 10
1211.927908806118
 20
937.261306858773
 30
0.0
 10
1211.927908806118
 20
937.261306858773
 30
0.0
 10
1212.039682087884
 20
937.261306858773
 30
0.0
 10
1212.130844693568
 20
937.3524694644626
 30
0.0
 10
1212.130844693568
 20
937.4642427462207
 30
0.0
 10
1212.130844693568
 20
937.4642427462207
 30
0.0
 10
1212.130844693568
 20
937.4642427462207
 30
0.0
 10
1211.927908806118
 20
937.4642427462207
 30
0.0
 10
1211.927908806118
 20
937.4642427462207
 30
0.0
  0
SPLINE
  5
860
330
1F
100
AcDbEntity
  8
ºöåçæÄ
100
AcDbSpline
210
0.0
220
0.0
230
0.0
 70
    24
 71
     3
 72
     8
 73
     4
 74
     0
 42
0.000000001
 43
0.0000000001
 40
0.0
 40
0.0
 40
0.0
 40
0.0
 40
1.0
 40
1.0
 40
1.0
 40
1.0
 10
1212.195847595011
 20
937.7325778942728
 30
0.0
 10
1212.195847595011
 20
937.7325778942728
 30
0.0
 10
1214.955696392479
 20
940.4924266917412
 30
0.0
 10
1214.955696392479
 20
940.4924266917412
 30
0.0
  0
SPLINE
  5
861
330
1F
100
AcDbEntity
  8
ºöåçæÄ
100
AcDbSpline
210
0.0
220
0.0
230
1.0
 70
    11
 71
     3
 72
    28
 73
    24
 74
     0
 42
0.000000001
 43
0.0000000001
 40
0.0
 40
0.0
 40
0.0
 40
0.0
 40
0.1428571428571428
 40
0.1428571428571428
 40
0.1428571428571428
 40
0.1428571528571428
 40
0.2857142857142857
 40
0.2857142857142857
 40
0.2857142857142857
 40
0.2857142957142857
 40
0.428571428571429
 40
0.428571428571429
 40
0.428571428571429
 40
0.4285714385714289
 40
0.5714285714285714
 40
0.5714285714285714
 40
0.5714285714285714
 40
0.5714285814285715
 40
0.7142857142857145
 40
0.7142857142857145
 40
0.7142857142857145
 40
0.7142857242857146
 40
1.0
 40
1.0
 40
1.0
 40
1.0
 10
1215.508221054794
 20
941.0445549948967
 30
0.0
 10
1215.508221054794
 20
941.0445549948967
 30
0.0
 10
1215.711156942244
 20
941.0445549948967
 30
0.0
 10
1215.711156942244
 20
941.0445549948967
 30
0.0
 10
1215.711156942244
 20
941.0445549948967
 30
0.0
 10
1215.711156942244
 20
941.1567246358123
 30
0.0
 10
1215.619994336553
 20
941.2478872415018
 30
0.0
 10
1215.508221054794
 20
941.2478872415018
 30
0.0
 10
1215.508221054794
 20
941.2478872415018
 30
0.0
 10
1215.396051413877
 20
941.2478872415018
 30
0.0
 10
1215.304888808193
 20
941.1567246358123
 30
0.0
 10
1215.304888808193
 20
941.0445549948967
 30
0.0
 10
1215.304888808193
 20
941.0445549948967
 30
0.0
 10
1215.304888808193
 20
940.9327817131384
 30
0.0
 10
1215.396051413877
 20
940.8416191074506
 30
0.0
 10
1215.508221054794
 20
940.8416191074506
 30
0.0
 10
1215.508221054794
 20
940.8416191074506
 30
0.0
 10
1215.619994336553
 20
940.8416191074506
 30
0.0
 10
1215.711156942244
 20
940.9327817131384
 30
0.0
 10
1215.711156942244
 20
941.0445549948967
 30
0.0
 10
1215.711156942244
 20
941.0445549948967
 30
0.0
 10
1215.711156942244
 20
941.0445549948967
 30
0.0
 10
1215.508221054794
 20
941.0445549948967
 30
0.0
 10
1215.508221054794
 20
941.0445549948967
 30
0.0
  0
SPLINE
  5
862
330
1F
100
AcDbEntity
  8
ºöåçæÄ
100
AcDbSpline
210
0.0
220
0.0
230
0.0
 70
    24
 71
     3
 72
     8
 73
     4
 74
     0
 42
0.000000001
 43
0.0000000001
 40
0.0
 40
0.0
 40
0.0
 40
0.0
 40
1.0
 40
1.0
 40
1.0
 40
1.0
 10
1216.059160280488
 20
941.595890579742
 30
0.0
 10
1216.059160280488
 20
941.595890579742
 30
0.0
 10
1218.414326380526
 20
943.9510566797805
 30
0.0
 10
1218.414326380526
 20
943.9510566797805
 30
0.0
  0
SPLINE
  5
863
330
1F
100
AcDbEntity
  8
ºöåçæÄ
100
AcDbSpline
210
0.0
220
0.0
230
0.0
 70
    24
 71
     3
 72
     8
 73
     4
 74
     0
 42
0.000000001
 43
0.0000000001
 40
0.0
 40
0.0
 40
0.0
 40
0.0
 40
1.0
 40
1.0
 40
1.0
 40
1.0
 10
1211.927908806118
 20
935.2569186110637
 30
0.0
 10
1211.927908806118
 20
935.2569186110637
 30
0.0
 10
1214.128098476484
 20
937.4575046405812
 30
0.0
 10
1214.128098476484
 20
937.4575046405812
 30
0.0
  0
SPLINE
  5
864
330
1F
100
AcDbEntity
  8
ºöåçæÄ
100
AcDbSpline
210
0.0
220
0.0
230
1.0
 70
    11
 71
     3
 72
    28
 73
    24
 74
     0
 42
0.000000001
 43
0.0000000001
 40
0.0
 40
0.0
 40
0.0
 40
0.0
 40
0.1428571428571428
 40
0.1428571428571428
 40
0.1428571428571428
 40
0.1428571528571428
 40
0.2857142857142857
 40
0.2857142857142857
 40
0.2857142857142857
 40
0.2857142957142857
 40
0.428571428571429
 40
0.428571428571429
 40
0.428571428571429
 40
0.4285714385714289
 40
0.5714285714285714
 40
0.5714285714285714
 40
0.5714285714285714
 40
0.5714285814285715
 40
0.7142857142857145
 40
0.7142857142857145
 40
0.7142857142857145
 40
0.7142857242857146
 40
1.0
 40
1.0
 40
1.0
 40
1.0
 10
1214.67943406133
 20
938.0084438662747
 30
0.0
 10
1214.67943406133
 20
938.0084438662747
 30
0.0
 10
1214.882369948772
 20
938.0084438662747
 30
0.0
 10
1214.882369948772
 20
938.0084438662747
 30
0.0
 10
1214.882369948772
 20
938.0084438662747
 30
0.0
 10
1214.882369948772
 20
938.1206135071867
 30
0.0
 10
1214.791207343095
 20
938.211776112878
 30
0.0
 10
1214.67943406133
 20
938.211776112878
 30
0.0
 10
1214.67943406133
 20
938.211776112878
 30
0.0
 10
1214.567264420412
 20
938.211776112878
 30
0.0
 10
1214.476101814721
 20
938.1206135071867
 30
0.0
 10
1214.476101814721
 20
938.0084438662747
 30
0.0
 10
1214.476101814721
 20
938.0084438662747
 30
0.0
 10
1214.476101814721
 20
937.8966705845147
 30
0.0
 10
1214.567264420412
 20
937.8055079788252
 30
0.0
 10
1214.67943406133
 20
937.8055079788252
 30
0.0
 10
1214.67943406133
 20
937.8055079788252
 30
0.0
 10
1214.791207343095
 20
937.8055079788252
 30
0.0
 10
1214.882369948772
 20
937.8966705845147
 30
0.0
 10
1214.882369948772
 20
938.0084438662747
 30
0.0
 10
1214.882369948772
 20
938.0084438662747
 30
0.0
 10
1214.882369948772
 20
938.0084438662747
 30
0.0
 10
1214.67943406133
 20
938.0084438662747
 30
0.0
 10
1214.67943406133
 20
938.0084438662747
 30
0.0
  0
SPLINE
  5
865
330
1F
100
AcDbEntity
  8
ºöåçæÄ
100
AcDbSpline
210
0.0
220
0.0
230
0.0
 70
    24
 71
     3
 72
     8
 73
     4
 74
     0
 42
0.000000001
 43
0.0000000001
 40
0.0
 40
0.0
 40
0.0
 40
0.0
 40
1.0
 40
1.0
 40
1.0
 40
1.0
 10
1215.232355082796
 20
938.5613648877393
 30
0.0
 10
1215.232355082796
 20
938.5613648877393
 30
0.0
 10
1217.991807521105
 20
941.3196282485884
 30
0.0
 10
1217.991807521105
 20
941.3196282485884
 30
0.0
  0
SPLINE
  5
866
330
1F
100
AcDbEntity
  8
ºöåçæÄ
100
AcDbSpline
210
0.0
220
0.0
230
1.0
 70
    11
 71
     3
 72
    28
 73
    24
 74
     0
 42
0.000000001
 43
0.0000000001
 40
0.0
 40
0.0
 40
0.0
 40
0.0
 40
0.1428571428571428
 40
0.1428571428571428
 40
0.1428571428571428
 40
0.1428571528571428
 40
0.2857142857142857
 40
0.2857142857142857
 40
0.2857142857142857
 40
0.2857142957142857
 40
0.428571428571429
 40
0.428571428571429
 40
0.428571428571429
 40
0.4285714385714289
 40
0.5714285714285714
 40
0.5714285714285714
 40
0.5714285714285714
 40
0.5714285814285715
 40
0.7142857142857145
 40
0.7142857142857145
 40
0.7142857142857145
 40
0.7142857242857146
 40
1.0
 40
1.0
 40
1.0
 40
1.0
 10
1218.54314310595
 20
941.8721529108976
 30
0.0
 10
1218.54314310595
 20
941.8721529108976
 30
0.0
 10
1218.746078993407
 20
941.8721529108976
 30
0.0
 10
1218.746078993407
 20
941.8721529108976
 30
0.0
 10
1218.746078993407
 20
941.8721529108976
 30
0.0
 10
1218.746078993407
 20
941.984322551813
 30
0.0
 10
1218.654916387716
 20
942.0754851575026
 30
0.0
 10
1218.54314310595
 20
942.0754851575026
 30
0.0
 10
1218.54314310595
 20
942.0754851575026
 30
0.0
 10
1218.43097346504
 20
942.0754851575026
 30
0.0
 10
1218.339810859349
 20
941.984322551813
 30
0.0
 10
1218.339810859349
 20
941.8721529108976
 30
0.0
 10
1218.339810859349
 20
941.8721529108976
 30
0.0
 10
1218.339810859349
 20
941.7603796291412
 30
0.0
 10
1218.43097346504
 20
941.6692170234496
 30
0.0
 10
1218.54314310595
 20
941.6692170234496
 30
0.0
 10
1218.54314310595
 20
941.6692170234496
 30
0.0
 10
1218.654916387716
 20
941.6692170234496
 30
0.0
 10
1218.746078993407
 20
941.7603796291412
 30
0.0
 10
1218.746078993407
 20
941.8721529108976
 30
0.0
 10
1218.746078993407
 20
941.8721529108976
 30
0.0
 10
1218.746078993407
 20
941.8721529108976
 30
0.0
 10
1218.54314310595
 20
941.8721529108976
 30
0.0
 10
1218.54314310595
 20
941.8721529108976
 30
0.0
  0
SPLINE
  5
867
330
1F
100
AcDbEntity
  8
ºöåçæÄ
100
AcDbSpline
210
0.0
220
0.0
230
0.0
 70
    24
 71
     3
 72
     8
 73
     4
 74
     0
 42
0.000000001
 43
0.0000000001
 40
0.0
 40
0.0
 40
0.0
 40
0.0
 40
1.0
 40
1.0
 40
1.0
 40
1.0
 10
1219.095271409113
 20
942.4246775732104
 30
0.0
 10
1219.095271409113
 20
942.4246775732104
 30
0.0
 10
1220.62165051568
 20
943.9510566797805
 30
0.0
 10
1220.62165051568
 20
943.9510566797805
 30
0.0
  0
SPLINE
  5
868
330
1F
100
AcDbEntity
  8
ºöåçæÄ
100
AcDbSpline
210
0.0
220
0.0
230
0.0
 70
    24
 71
     3
 72
     8
 73
     4
 74
     0
 42
0.000000001
 43
0.0000000001
 40
0.0
 40
0.0
 40
0.0
 40
0.0
 40
1.0
 40
1.0
 40
1.0
 40
1.0
 10
1212.958046250412
 20
934.0805246385103
 30
0.0
 10
1212.958046250412
 20
934.0805246385103
 30
0.0
 10
1213.301293278785
 20
934.4217898711146
 30
0.0
 10
1213.301293278785
 20
934.4217898711146
 30
0.0
  0
SPLINE
  5
869
330
1F
100
AcDbEntity
  8
ºöåçæÄ
100
AcDbSpline
210
0.0
220
0.0
230
1.0
 70
    11
 71
     3
 72
    28
 73
    24
 74
     0
 42
0.000000001
 43
0.0000000001
 40
0.0
 40
0.0
 40
0.0
 40
0.0
 40
0.1428571428571428
 40
0.1428571428571428
 40
0.1428571428571428
 40
0.1428571528571428
 40
0.2857142857142857
 40
0.2857142857142857
 40
0.2857142857142857
 40
0.2857142957142857
 40
0.428571428571429
 40
0.428571428571429
 40
0.428571428571429
 40
0.4285714385714289
 40
0.5714285714285714
 40
0.5714285714285714
 40
0.5714285714285714
 40
0.5714285814285715
 40
0.7142857142857145
 40
0.7142857142857145
 40
0.7142857142857145
 40
0.7142857242857146
 40
1.0
 40
1.0
 40
1.0
 40
1.0
 10
1213.85183614532
 20
934.9743145334256
 30
0.0
 10
1213.85183614532
 20
934.9743145334256
 30
0.0
 10
1214.055168391928
 20
934.9743145334256
 30
0.0
 10
1214.055168391928
 20
934.9743145334256
 30
0.0
 10
1214.055168391928
 20
934.9743145334256
 30
0.0
 10
1214.055168391928
 20
935.086087815184
 30
0.0
 10
1213.963609427085
 20
935.1772504208735
 30
0.0
 10
1213.85183614532
 20
935.1772504208735
 30
0.0
 10
1213.85183614532
 20
935.1772504208735
 30
0.0
 10
1213.740062863561
 20
935.1772504208735
 30
0.0
 10
1213.648503898726
 20
935.086087815184
 30
0.0
 10
1213.648503898726
 20
934.9743145334256
 30
0.0
 10
1213.648503898726
 20
934.9743145334256
 30
0.0
 10
1213.648503898726
 20
934.862144892512
 30
0.0
 10
1213.740062863561
 20
934.7709822868207
 30
0.0
 10
1213.85183614532
 20
934.7709822868207
 30
0.0
 10
1213.85183614532
 20
934.7709822868207
 30
0.0
 10
1213.963609427085
 20
934.7709822868207
 30
0.0
 10
1214.055168391928
 20
934.862144892512
 30
0.0
 10
1214.055168391928
 20
934.9743145334256
 30
0.0
 10
1214.055168391928
 20
934.9743145334256
 30
0.0
 10
1214.055168391928
 20
934.9743145334256
 30
0.0
 10
1213.85183614532
 20
934.9743145334256
 30
0.0
 10
1213.85183614532
 20
934.9743145334256
 30
0.0
  0
SPLINE
  5
86A
330
1F
100
AcDbEntity
  8
ºöåçæÄ
100
AcDbSpline
210
0.0
220
0.0
230
0.0
 70
    24
 71
     3
 72
     8
 73
     4
 74
     0
 42
0.000000001
 43
0.0000000001
 40
0.0
 40
0.0
 40
0.0
 40
0.0
 40
1.0
 40
1.0
 40
1.0
 40
1.0
 10
1214.404757166801
 20
935.5252537591155
 30
0.0
 10
1214.404757166801
 20
935.5252537591155
 30
0.0
 10
1217.16302052764
 20
938.2851025565839
 30
0.0
 10
1217.16302052764
 20
938.2851025565839
 30
0.0
  0
SPLINE
  5
86B
330
1F
100
AcDbEntity
  8
ºöåçæÄ
100
AcDbSpline
210
0.0
220
0.0
230
1.0
 70
    11
 71
     3
 72
    28
 73
    24
 74
     0
 42
0.000000001
 43
0.0000000001
 40
0.0
 40
0.0
 40
0.0
 40
0.0
 40
0.1428571428571428
 40
0.1428571428571428
 40
0.1428571428571428
 40
0.1428571528571428
 40
0.2857142857142857
 40
0.2857142857142857
 40
0.2857142857142857
 40
0.2857142957142857
 40
0.428571428571429
 40
0.428571428571429
 40
0.428571428571429
 40
0.4285714385714289
 40
0.5714285714285714
 40
0.5714285714285714
 40
0.5714285714285714
 40
0.5714285814285715
 40
0.7142857142857145
 40
0.7142857142857145
 40
0.7142857142857145
 40
0.7142857242857146
 40
1.0
 40
1.0
 40
1.0
 40
1.0
 10
1217.715545189955
 20
938.8360417822736
 30
0.0
 10
1217.715545189955
 20
938.8360417822736
 30
0.0
 10
1217.918877436549
 20
938.8360417822736
 30
0.0
 10
1217.918877436549
 20
938.8360417822736
 30
0.0
 10
1217.918877436549
 20
938.8360417822736
 30
0.0
 10
1217.918877436549
 20
938.9478150640339
 30
0.0
 10
1217.827318471713
 20
939.039374028877
 30
0.0
 10
1217.715545189955
 20
939.039374028877
 30
0.0
 10
1217.715545189955
 20
939.039374028877
 30
0.0
 10
1217.603375549038
 20
939.039374028877
 30
0.0
 10
1217.512212943346
 20
938.9478150640339
 30
0.0
 10
1217.512212943346
 20
938.8360417822736
 30
0.0
 10
1217.512212943346
 20
938.8360417822736
 30
0.0
 10
1217.512212943346
 20
938.7238721413602
 30
0.0
 10
1217.603375549038
 20
938.6327095356707
 30
0.0
 10
1217.715545189955
 20
938.6327095356707
 30
0.0
 10
1217.715545189955
 20
938.6327095356707
 30
0.0
 10
1217.827318471713
 20
938.6327095356707
 30
0.0
 10
1217.918877436549
 20
938.7238721413602
 30
0.0
 10
1217.918877436549
 20
938.8360417822736
 30
0.0
 10
1217.918877436549
 20
938.8360417822736
 30
0.0
 10
1217.918877436549
 20
938.8360417822736
 30
0.0
 10
1217.715545189955
 20
938.8360417822736
 30
0.0
 10
1217.715545189955
 20
938.8360417822736
 30
0.0
  0
SPLINE
  5
86C
330
1F
100
AcDbEntity
  8
ºöåçæÄ
100
AcDbSpline
210
0.0
220
0.0
230
0.0
 70
    24
 71
     3
 72
     8
 73
     4
 74
     0
 42
0.000000001
 43
0.0000000001
 40
0.0
 40
0.0
 40
0.0
 40
0.0
 40
1.0
 40
1.0
 40
1.0
 40
1.0
 10
1218.268069852255
 20
939.3885664445848
 30
0.0
 10
1218.268069852255
 20
939.3885664445848
 30
0.0
 10
1221.028315008882
 20
942.1492079603655
 30
0.0
 10
1221.028315008882
 20
942.1492079603655
 30
0.0
  0
SPLINE
  5
86D
330
1F
100
AcDbEntity
  8
ºöåçæÄ
100
AcDbSpline
210
0.0
220
0.0
230
1.0
 70
    11
 71
     3
 72
    28
 73
    24
 74
     0
 42
0.000000001
 43
0.0000000001
 40
0.0
 40
0.0
 40
0.0
 40
0.0
 40
0.1428571428571428
 40
0.1428571428571428
 40
0.1428571428571428
 40
0.1428571528571428
 40
0.2857142857142857
 40
0.2857142857142857
 40
0.2857142857142857
 40
0.2857142957142857
 40
0.428571428571429
 40
0.428571428571429
 40
0.428571428571429
 40
0.4285714385714289
 40
0.5714285714285714
 40
0.5714285714285714
 40
0.5714285714285714
 40
0.5714285814285715
 40
0.7142857142857145
 40
0.7142857142857145
 40
0.7142857142857145
 40
0.7142857242857146
 40
1.0
 40
1.0
 40
1.0
 40
1.0
 10
1221.578857875424
 20
942.6997508269002
 30
0.0
 10
1221.578857875424
 20
942.6997508269002
 30
0.0
 10
1221.781793762867
 20
942.6997508269002
 30
0.0
 10
1221.781793762867
 20
942.6997508269002
 30
0.0
 10
1221.781793762867
 20
942.6997508269002
 30
0.0
 10
1221.781793762867
 20
942.8115241086585
 30
0.0
 10
1221.690631157183
 20
942.9026867143479
 30
0.0
 10
1221.578857875424
 20
942.9026867143479
 30
0.0
 10
1221.578857875424
 20
942.9026867143479
 30
0.0
 10
1221.466688234507
 20
942.9026867143479
 30
0.0
 10
1221.375525628823
 20
942.8115241086585
 30
0.0
 10
1221.375525628823
 20
942.6997508269002
 30
0.0
 10
1221.375525628823
 20
942.6997508269002
 30
0.0
 10
1221.375525628823
 20
942.5875811859866
 30
0.0
 10
1221.466688234507
 20
942.4964185802968
 30
0.0
 10
1221.578857875424
 20
942.4964185802968
 30
0.0
 10
1221.578857875424
 20
942.4964185802968
 30
0.0
 10
1221.690631157183
 20
942.4964185802968
 30
0.0
 10
1221.781793762867
 20
942.5875811859866
 30
0.0
 10
1221.781793762867
 20
942.6997508269002
 30
0.0
 10
1221.781793762867
 20
942.6997508269002
 30
0.0
 10
1221.781793762867
 20
942.6997508269002
 30
0.0
 10
1221.578857875424
 20
942.6997508269002
 30
0.0
 10
1221.578857875424
 20
942.6997508269002
 30
0.0
  0
SPLINE
  5
86E
330
1F
100
AcDbEntity
  8
ºöåçæÄ
100
AcDbSpline
210
0.0
220
0.0
230
0.0
 70
    24
 71
     3
 72
     8
 73
     4
 74
     0
 42
0.000000001
 43
0.0000000001
 40
0.0
 40
0.0
 40
0.0
 40
0.0
 40
1.0
 40
1.0
 40
1.0
 40
1.0
 10
1222.131778896891
 20
943.2522754892133
 30
0.0
 10
1222.131778896891
 20
943.2522754892133
 30
0.0
 10
1222.828578291682
 20
943.9510566797805
 30
0.0
 10
1222.828578291682
 20
943.9510566797805
 30
0.0
  0
SPLINE
  5
86F
330
1F
100
AcDbEntity
  8
ºöåçæÄ
100
AcDbSpline
210
0.0
220
0.0
230
0.0
 70
    24
 71
     3
 72
     8
 73
     4
 74
     0
 42
0.000000001
 43
0.0000000001
 40
0.0
 40
0.0
 40
0.0
 40
0.0
 40
1.0
 40
1.0
 40
1.0
 40
1.0
 10
1215.166955822194
 20
934.0805246385103
 30
0.0
 10
1215.166955822194
 20
934.0805246385103
 30
0.0
 10
1216.33581897079
 20
935.2485950688047
 30
0.0
 10
1216.33581897079
 20
935.2485950688047
 30
0.0
  0
SPLINE
  5
870
330
1F
100
AcDbEntity
  8
ºöåçæÄ
100
AcDbSpline
210
0.0
220
0.0
230
1.0
 70
    11
 71
     3
 72
    28
 73
    24
 74
     0
 42
0.000000001
 43
0.0000000001
 40
0.0
 40
0.0
 40
0.0
 40
0.0
 40
0.1428571428571428
 40
0.1428571428571428
 40
0.1428571428571428
 40
0.1428571528571428
 40
0.2857142857142857
 40
0.2857142857142857
 40
0.2857142857142857
 40
0.2857142957142857
 40
0.428571428571429
 40
0.428571428571429
 40
0.428571428571429
 40
0.4285714385714289
 40
0.5714285714285714
 40
0.5714285714285714
 40
0.5714285714285714
 40
0.5714285814285715
 40
0.7142857142857145
 40
0.7142857142857145
 40
0.7142857142857145
 40
0.7142857242857146
 40
1.0
 40
1.0
 40
1.0
 40
1.0
 10
1216.88675819649
 20
935.8015160902713
 30
0.0
 10
1216.88675819649
 20
935.8015160902713
 30
0.0
 10
1217.089694083933
 20
935.8015160902713
 30
0.0
 10
1217.089694083933
 20
935.8015160902713
 30
0.0
 10
1217.089694083933
 20
935.8015160902713
 30
0.0
 10
1217.089694083933
 20
935.9136857311826
 30
0.0
 10
1216.998531478241
 20
936.0048483368743
 30
0.0
 10
1216.88675819649
 20
936.0048483368743
 30
0.0
 10
1216.88675819649
 20
936.0048483368743
 30
0.0
 10
1216.774588555573
 20
936.0048483368743
 30
0.0
 10
1216.683425949882
 20
935.9136857311826
 30
0.0
 10
1216.683425949882
 20
935.8015160902713
 30
0.0
 10
1216.683425949882
 20
935.8015160902713
 30
0.0
 10
1216.683425949882
 20
935.6897428085105
 30
0.0
 10
1216.774588555573
 20
935.5985802028232
 30
0.0
 10
1216.88675819649
 20
935.5985802028232
 30
0.0
 10
1216.88675819649
 20
935.5985802028232
 30
0.0
 10
1216.998531478241
 20
935.5985802028232
 30
0.0
 10
1217.089694083933
 20
935.6897428085105
 30
0.0
 10
1217.089694083933
 20
935.8015160902713
 30
0.0
 10
1217.089694083933
 20
935.8015160902713
 30
0.0
 10
1217.089694083933
 20
935.8015160902713
 30
0.0
 10
1216.88675819649
 20
935.8015160902713
 30
0.0
 10
1216.88675819649
 20
935.8015160902713
 30
0.0
  0
SPLINE
  5
871
330
1F
100
AcDbEntity
  8
ºöåçæÄ
100
AcDbSpline
210
0.0
220
0.0
230
0.0
 70
    24
 71
     3
 72
     8
 73
     4
 74
     0
 42
0.000000001
 43
0.0000000001
 40
0.0
 40
0.0
 40
0.0
 40
0.0
 40
1.0
 40
1.0
 40
1.0
 40
1.0
 10
1217.43928285879
 20
936.3540407525803
 30
0.0
 10
1217.43928285879
 20
936.3540407525803
 30
0.0
 10
1220.198735297107
 20
939.1123041134292
 30
0.0
 10
1220.198735297107
 20
939.1123041134292
 30
0.0
  0
SPLINE
  5
872
330
1F
100
AcDbEntity
  8
ºöåçæÄ
100
AcDbSpline
210
0.0
220
0.0
230
1.0
 70
    11
 71
     3
 72
    28
 73
    24
 74
     0
 42
0.000000001
 43
0.0000000001
 40
0.0
 40
0.0
 40
0.0
 40
0.0
 40
0.1428571428571428
 40
0.1428571428571428
 40
0.1428571428571428
 40
0.1428571528571428
 40
0.2857142857142857
 40
0.2857142857142857
 40
0.2857142857142857
 40
0.2857142957142857
 40
0.428571428571429
 40
0.428571428571429
 40
0.428571428571429
 40
0.4285714385714289
 40
0.5714285714285714
 40
0.5714285714285714
 40
0.5714285714285714
 40
0.5714285814285715
 40
0.7142857142857145
 40
0.7142857142857145
 40
0.7142857142857145
 40
0.7142857242857146
 40
1.0
 40
1.0
 40
1.0
 40
1.0
 10
1220.751656318573
 20
939.6648287757422
 30
0.0
 10
1220.751656318573
 20
939.6648287757422
 30
0.0
 10
1220.954988565189
 20
939.6648287757422
 30
0.0
 10
1220.954988565189
 20
939.6648287757422
 30
0.0
 10
1220.954988565189
 20
939.6648287757422
 30
0.0
 10
1220.954988565189
 20
939.776998416654
 30
0.0
 10
1220.863825959491
 20
939.8681610223436
 30
0.0
 10
1220.751656318573
 20
939.8681610223436
 30
0.0
 10
1220.751656318573
 20
939.8681610223436
 30
0.0
 10
1220.639883036815
 20
939.8681610223436
 30
0.0
 10
1220.548720431131
 20
939.776998416654
 30
0.0
 10
1220.548720431131
 20
939.6648287757422
 30
0.0
 10
1220.548720431131
 20
939.6648287757422
 30
0.0
 10
1220.548720431131
 20
939.5530554939799
 30
0.0
 10
1220.639883036815
 20
939.4614965291372
 30
0.0
 10
1220.751656318573
 20
939.4614965291372
 30
0.0
 10
1220.751656318573
 20
939.4614965291372
 30
0.0
 10
1220.863825959491
 20
939.4614965291372
 30
0.0
 10
1220.954988565189
 20
939.5530554939799
 30
0.0
 10
1220.954988565189
 20
939.6648287757422
 30
0.0
 10
1220.954988565189
 20
939.6648287757422
 30
0.0
 10
1220.954988565189
 20
939.6648287757422
 30
0.0
 10
1220.751656318573
 20
939.6648287757422
 30
0.0
 10
1220.751656318573
 20
939.6648287757422
 30
0.0
  0
SPLINE
  5
873
330
1F
100
AcDbEntity
  8
ºöåçæÄ
100
AcDbSpline
210
0.0
220
0.0
230
0.0
 70
    24
 71
     3
 72
     8
 73
     4
 74
     0
 42
0.000000001
 43
0.0000000001
 40
0.0
 40
0.0
 40
0.0
 40
0.0
 40
1.0
 40
1.0
 40
1.0
 40
1.0
 10
1221.302595544267
 20
940.2157680014321
 30
0.0
 10
1221.302595544267
 20
940.2157680014321
 30
0.0
 10
1224.062444341743
 20
942.9756167988982
 30
0.0
 10
1224.062444341743
 20
942.9756167988982
 30
0.0
  0
SPLINE
  5
874
330
1F
100
AcDbEntity
  8
ºöåçæÄ
100
AcDbSpline
210
0.0
220
0.0
230
1.0
 70
    11
 71
     3
 72
    28
 73
    24
 74
     0
 42
0.000000001
 43
0.0000000001
 40
0.0
 40
0.0
 40
0.0
 40
0.0
 40
0.1428571428571428
 40
0.1428571428571428
 40
0.1428571428571428
 40
0.1428571528571428
 40
0.2857142857142857
 40
0.2857142857142857
 40
0.2857142857142857
 40
0.2857142957142857
 40
0.428571428571429
 40
0.428571428571429
 40
0.428571428571429
 40
0.4285714385714289
 40
0.5714285714285714
 40
0.5714285714285714
 40
0.5714285714285714
 40
0.5714285814285715
 40
0.7142857142857145
 40
0.7142857142857145
 40
0.7142857142857145
 40
0.7142857242857146
 40
1.0
 40
1.0
 40
1.0
 40
1.0
 10
1224.613383567422
 20
943.5285378203669
 30
0.0
 10
1224.613383567422
 20
943.5285378203669
 30
0.0
 10
1224.81671581403
 20
943.5285378203669
 30
0.0
 10
1224.81671581403
 20
943.5285378203669
 30
0.0
 10
1224.81671581403
 20
943.5285378203669
 30
0.0
 10
1224.81671581403
 20
943.6403111021252
 30
0.0
 10
1224.725553208332
 20
943.7318700669701
 30
0.0
 10
1224.613383567422
 20
943.7318700669701
 30
0.0
 10
1224.613383567422
 20
943.7318700669701
 30
0.0
 10
1224.501610285671
 20
943.7318700669701
 30
0.0
 10
1224.410447679979
 20
943.6403111021252
 30
0.0
 10
1224.410447679979
 20
943.5285378203669
 30
0.0
 10
1224.410447679979
 20
943.5285378203669
 30
0.0
 10
1224.410447679979
 20
943.4167645386066
 30
0.0
 10
1224.501610285671
 20
943.3252055737618
 30
0.0
 10
1224.613383567422
 20
943.3252055737618
 30
0.0
 10
1224.613383567422
 20
943.3252055737618
 30
0.0
 10
1224.725553208332
 20
943.3252055737618
 30
0.0
 10
1224.81671581403
 20
943.4167645386066
 30
0.0
 10
1224.81671581403
 20
943.5285378203669
 30
0.0
 10
1224.81671581403
 20
943.5285378203669
 30
0.0
 10
1224.81671581403
 20
943.5285378203669
 30
0.0
 10
1224.613383567422
 20
943.5285378203669
 30
0.0
 10
1224.613383567422
 20
943.5285378203669
 30
0.0
  0
SPLINE
  5
875
330
1F
100
AcDbEntity
  8
ºöåçæÄ
100
AcDbSpline
210
0.0
220
0.0
230
0.0
 70
    24
 71
     3
 72
     8
 73
     4
 74
     0
 42
0.000000001
 43
0.0000000001
 40
0.0
 40
0.0
 40
0.0
 40
0.0
 40
1.0
 40
1.0
 40
1.0
 40
1.0
 10
1217.374279957347
 20
934.0805246385103
 30
0.0
 10
1217.374279957347
 20
934.0805246385103
 30
0.0
 10
1219.371930099415
 20
936.0777784214247
 30
0.0
 10
1219.371930099415
 20
936.0777784214247
 30
0.0
  0
SPLINE
  5
876
330
1F
100
AcDbEntity
  8
ºöåçæÄ
100
AcDbSpline
210
0.0
220
0.0
230
1.0
 70
    11
 71
     3
 72
    28
 73
    24
 74
     0
 42
0.000000001
 43
0.0000000001
 40
0.0
 40
0.0
 40
0.0
 40
0.0
 40
0.1428571428571428
 40
0.1428571428571428
 40
0.1428571428571428
 40
0.1428571528571428
 40
0.2857142857142857
 40
0.2857142857142857
 40
0.2857142857142857
 40
0.2857142957142857
 40
0.428571428571429
 40
0.428571428571429
 40
0.428571428571429
 40
0.4285714385714289
 40
0.5714285714285714
 40
0.5714285714285714
 40
0.5714285714285714
 40
0.5714285814285715
 40
0.7142857142857145
 40
0.7142857142857145
 40
0.7142857142857145
 40
0.7142857242857146
 40
1.0
 40
1.0
 40
1.0
 40
1.0
 10
1219.922869325109
 20
936.6287176471166
 30
0.0
 10
1219.922869325109
 20
936.6287176471166
 30
0.0
 10
1220.12620157171
 20
936.6287176471166
 30
0.0
 10
1220.12620157171
 20
936.6287176471166
 30
0.0
 10
1220.12620157171
 20
936.6287176471166
 30
0.0
 10
1220.12620157171
 20
936.7404909288747
 30
0.0
 10
1220.034642606874
 20
936.8316535345661
 30
0.0
 10
1219.922869325109
 20
936.8316535345661
 30
0.0
 10
1219.922869325109
 20
936.8316535345661
 30
0.0
 10
1219.81109604335
 20
936.8316535345661
 30
0.0
 10
1219.719537078515
 20
936.7404909288747
 30
0.0
 10
1219.719537078515
 20
936.6287176471166
 30
0.0
 10
1219.719537078515
 20
936.6287176471166
 30
0.0
 10
1219.719537078515
 20
936.516548006203
 30
0.0
 10
1219.81109604335
 20
936.4253854005115
 30
0.0
 10
1219.922869325109
 20
936.4253854005115
 30
0.0
 10
1219.922869325109
 20
936.4253854005115
 30
0.0
 10
1220.034642606874
 20
936.4253854005115
 30
0.0
 10
1220.12620157171
 20
936.516548006203
 30
0.0
 10
1220.12620157171
 20
936.6287176471166
 30
0.0
 10
1220.12620157171
 20
936.6287176471166
 30
0.0
 10
1220.12620157171
 20
936.6287176471166
 30
0.0
 10
1219.922869325109
 20
936.6287176471166
 30
0.0
 10
1219.922869325109
 20
936.6287176471166
 30
0.0
  0
SPLINE
  5
877
330
1F
100
AcDbEntity
  8
ºöåçæÄ
100
AcDbSpline
210
0.0
220
0.0
230
0.0
 70
    24
 71
     3
 72
     8
 73
     4
 74
     0
 42
0.000000001
 43
0.0000000001
 40
0.0
 40
0.0
 40
0.0
 40
0.0
 40
1.0
 40
1.0
 40
1.0
 40
1.0
 10
1220.475393987423
 20
937.1816386685827
 30
0.0
 10
1220.475393987423
 20
937.1816386685827
 30
0.0
 10
1223.233657348278
 20
939.9395056702768
 30
0.0
 10
1223.233657348278
 20
939.9395056702768
 30
0.0
  0
SPLINE
  5
878
330
1F
100
AcDbEntity
  8
ºöåçæÄ
100
AcDbSpline
210
0.0
220
0.0
230
1.0
 70
    11
 71
     3
 72
    28
 73
    24
 74
     0
 42
0.000000001
 43
0.0000000001
 40
0.0
 40
0.0
 40
0.0
 40
0.0
 40
0.1428571428571428
 40
0.1428571428571428
 40
0.1428571428571428
 40
0.1428571528571428
 40
0.2857142857142857
 40
0.2857142857142857
 40
0.2857142857142857
 40
0.2857142957142857
 40
0.428571428571429
 40
0.428571428571429
 40
0.428571428571429
 40
0.4285714385714289
 40
0.5714285714285714
 40
0.5714285714285714
 40
0.5714285714285714
 40
0.5714285814285715
 40
0.7142857142857145
 40
0.7142857142857145
 40
0.7142857142857145
 40
0.7142857242857146
 40
1.0
 40
1.0
 40
1.0
 40
1.0
 10
1223.786182010585
 20
940.4924266917412
 30
0.0
 10
1223.786182010585
 20
940.4924266917412
 30
0.0
 10
1223.989117898035
 20
940.4924266917412
 30
0.0
 10
1223.989117898035
 20
940.4924266917412
 30
0.0
 10
1223.989117898035
 20
940.4924266917412
 30
0.0
 10
1223.989117898035
 20
940.6041999735013
 30
0.0
 10
1223.897955292329
 20
940.6953625791906
 30
0.0
 10
1223.786182010585
 20
940.6953625791906
 30
0.0
 10
1223.786182010585
 20
940.6953625791906
 30
0.0
 10
1223.674012369668
 20
940.6953625791906
 30
0.0
 10
1223.582849763984
 20
940.6041999735013
 30
0.0
 10
1223.582849763984
 20
940.4924266917412
 30
0.0
 10
1223.582849763984
 20
940.4924266917412
 30
0.0
 10
1223.582849763984
 20
940.3802570508293
 30
0.0
 10
1223.674012369668
 20
940.289094445138
 30
0.0
 10
1223.786182010585
 20
940.289094445138
 30
0.0
 10
1223.786182010585
 20
940.289094445138
 30
0.0
 10
1223.897955292329
 20
940.289094445138
 30
0.0
 10
1223.989117898035
 20
940.3802570508293
 30
0.0
 10
1223.989117898035
 20
940.4924266917412
 30
0.0
 10
1223.989117898035
 20
940.4924266917412
 30
0.0
 10
1223.989117898035
 20
940.4924266917412
 30
0.0
 10
1223.786182010585
 20
940.4924266917412
 30
0.0
 10
1223.786182010585
 20
940.4924266917412
 30
0.0
  0
SPLINE
  5
879
330
1F
100
AcDbEntity
  8
ºöåçæÄ
100
AcDbSpline
210
0.0
220
0.0
230
0.0
 70
    24
 71
     3
 72
     8
 73
     4
 74
     0
 42
0.000000001
 43
0.0000000001
 40
0.0
 40
0.0
 40
0.0
 40
0.0
 40
1.0
 40
1.0
 40
1.0
 40
1.0
 10
1224.339103032044
 20
941.0445549948967
 30
0.0
 10
1224.339103032044
 20
941.0445549948967
 30
0.0
 10
1227.098555470361
 20
943.804403792367
 30
0.0
 10
1227.098555470361
 20
943.804403792367
 30
0.0
  0
SPLINE
  5
87A
330
1F
100
AcDbEntity
  8
ºöåçæÄ
100
AcDbSpline
210
0.0
220
0.0
230
1.0
 70
    11
 71
     3
 72
    28
 73
    24
 74
     0
 42
0.000000001
 43
0.0000000001
 40
0.0
 40
0.0
 40
0.0
 40
0.0
 40
0.1428571428571428
 40
0.1428571428571428
 40
0.1428571428571428
 40
0.1428571528571428
 40
0.2857142857142857
 40
0.2857142857142857
 40
0.2857142857142857
 40
0.2857142957142857
 40
0.428571428571429
 40
0.428571428571429
 40
0.428571428571429
 40
0.4285714385714289
 40
0.5714285714285714
 40
0.5714285714285714
 40
0.5714285714285714
 40
0.5714285814285715
 40
0.7142857142857145
 40
0.7142857142857145
 40
0.7142857142857145
 40
0.7142857242857146
 40
1.0
 40
1.0
 40
1.0
 40
1.0
 10
1227.244811998617
 20
943.9510566797805
 30
0.0
 10
1227.244811998617
 20
943.9510566797805
 30
0.0
 10
1227.448144245226
 20
943.9510566797805
 30
0.0
 10
1227.448144245226
 20
943.9510566797805
 30
0.0
 10
1227.448144245226
 20
943.9510566797805
 30
0.0
 10
1227.448144245226
 20
944.0628299615386
 30
0.0
 10
1227.356585280376
 20
944.1543889263853
 30
0.0
 10
1227.244811998617
 20
944.1543889263853
 30
0.0
 10
1227.244811998617
 20
944.1543889263853
 30
0.0
 10
1227.132642357707
 20
944.1543889263853
 30
0.0
 10
1227.041479752009
 20
944.0628299615386
 30
0.0
 10
1227.041479752009
 20
943.9510566797805
 30
0.0
 10
1227.041479752009
 20
943.9510566797805
 30
0.0
 10
1227.041479752009
 20
943.8388870388667
 30
0.0
 10
1227.132642357707
 20
943.7477244331793
 30
0.0
 10
1227.244811998617
 20
943.7477244331793
 30
0.0
 10
1227.244811998617
 20
943.7477244331793
 30
0.0
 10
1227.356585280376
 20
943.7477244331793
 30
0.0
 10
1227.448144245226
 20
943.8388870388667
 30
0.0
 10
1227.448144245226
 20
943.9510566797805
 30
0.0
 10
1227.448144245226
 20
943.9510566797805
 30
0.0
 10
1227.448144245226
 20
943.9510566797805
 30
0.0
 10
1227.244811998617
 20
943.9510566797805
 30
0.0
 10
1227.244811998617
 20
943.9510566797805
 30
0.0
  0
SPLINE
  5
87B
330
1F
100
AcDbEntity
  8
ºöåçæÄ
100
AcDbSpline
210
0.0
220
0.0
230
1.0
 70
     8
 71
     3
 72
    16
 73
    12
 74
     0
 42
0.000000001
 43
0.0000000001
 40
0.070163275988506
 40
0.070163275988506
 40
0.070163275988506
 40
0.070163275988506
 40
0.1428571428571428
 40
0.1428571428571428
 40
0.1428571428571428
 40
0.1428571528571428
 40
0.2857142857142857
 40
0.2857142857142857
 40
0.2857142857142857
 40
0.2857142957142857
 40
0.428571428571429
 40
0.428571428571429
 40
0.428571428571429
 40
0.428571428571429
 10
1219.680376192776
 20
934.0805246385103
 30
0.0
 10
1219.731992671276
 20
934.0805246385103
 30
0.0
 10
1219.784539979958
 20
934.0805246385103
 30
0.0
 10
1219.784539979951
 20
934.0805246385103
 30
0.0
 10
1219.784539979951
 20
934.0805246385103
 30
0.0
 10
1219.784539979951
 20
934.1922979202687
 30
0.0
 10
1219.693377374259
 20
934.2834605259582
 30
0.0
 10
1219.581604092515
 20
934.2834605259582
 30
0.0
 10
1219.581604092515
 20
934.2834605259582
 30
0.0
 10
1219.469434451584
 20
934.2834605259582
 30
0.0
 10
1219.378271845907
 20
934.1922979202687
 30
0.0
 10
1219.378271845907
 20
934.0805246385103
 30
0.0
  0
SPLINE
  5
87C
330
1F
100
AcDbEntity
  8
ºöåçæÄ
100
AcDbSpline
210
0.0
220
0.0
230
0.0
 70
    24
 71
     3
 72
     8
 73
     4
 74
     0
 42
0.000000001
 43
0.0000000001
 40
0.0
 40
0.0
 40
0.0
 40
0.0
 40
1.0
 40
1.0
 40
1.0
 40
1.0
 10
1219.647796071421
 20
934.1451311808036
 30
0.0
 10
1219.647796071421
 20
934.1451311808036
 30
0.0
 10
1222.406059432268
 20
936.9049799782739
 30
0.0
 10
1222.406059432268
 20
936.9049799782739
 30
0.0
  0
SPLINE
  5
87D
330
1F
100
AcDbEntity
  8
ºöåçæÄ
100
AcDbSpline
210
0.0
220
0.0
230
1.0
 70
    11
 71
     3
 72
    28
 73
    24
 74
     0
 42
0.000000001
 43
0.0000000001
 40
0.0
 40
0.0
 40
0.0
 40
0.0
 40
0.1428571428571428
 40
0.1428571428571428
 40
0.1428571428571428
 40
0.1428571528571428
 40
0.2857142857142857
 40
0.2857142857142857
 40
0.2857142857142857
 40
0.2857142957142857
 40
0.428571428571429
 40
0.428571428571429
 40
0.428571428571429
 40
0.4285714385714289
 40
0.5714285714285714
 40
0.5714285714285714
 40
0.5714285714285714
 40
0.5714285814285715
 40
0.7142857142857145
 40
0.7142857142857145
 40
0.7142857142857145
 40
0.7142857242857146
 40
1.0
 40
1.0
 40
1.0
 40
1.0
 10
1222.958980453727
 20
937.4575046405812
 30
0.0
 10
1222.958980453727
 20
937.4575046405812
 30
0.0
 10
1223.162312700343
 20
937.4575046405812
 30
0.0
 10
1223.162312700343
 20
937.4575046405812
 30
0.0
 10
1223.162312700343
 20
937.4575046405812
 30
0.0
 10
1223.162312700343
 20
937.5692779223415
 30
0.0
 10
1223.071150094652
 20
937.6608368871863
 30
0.0
 10
1222.958980453727
 20
937.6608368871863
 30
0.0
 10
1222.958980453727
 20
937.6608368871863
 30
0.0
 10
1222.847207171976
 20
937.6608368871863
 30
0.0
 10
1222.756044566285
 20
937.5692779223415
 30
0.0
 10
1222.756044566285
 20
937.4575046405812
 30
0.0
 10
1222.756044566285
 20
937.4575046405812
 30
0.0
 10
1222.756044566285
 20
937.3457313588247
 30
0.0
 10
1222.847207171976
 20
937.25417239398
 30
0.0
 10
1222.958980453727
 20
937.25417239398
 30
0.0
 10
1222.958980453727
 20
937.25417239398
 30
0.0
 10
1223.071150094652
 20
937.25417239398
 30
0.0
 10
1223.162312700343
 20
937.3457313588247
 30
0.0
 10
1223.162312700343
 20
937.4575046405812
 30
0.0
 10
1223.162312700343
 20
937.4575046405812
 30
0.0
 10
1223.162312700343
 20
937.4575046405812
 30
0.0
 10
1222.958980453727
 20
937.4575046405812
 30
0.0
 10
1222.958980453727
 20
937.4575046405812
 30
0.0
  0
SPLINE
  5
87E
330
1F
100
AcDbEntity
  8
ºöåçæÄ
100
AcDbSpline
210
0.0
220
0.0
230
0.0
 70
    24
 71
     3
 72
     8
 73
     4
 74
     0
 42
0.000000001
 43
0.0000000001
 40
0.0
 40
0.0
 40
0.0
 40
0.0
 40
1.0
 40
1.0
 40
1.0
 40
1.0
 10
1223.509523320276
 20
938.0084438662747
 30
0.0
 10
1223.509523320276
 20
938.0084438662747
 30
0.0
 10
1226.269768476896
 20
940.7686890228985
 30
0.0
 10
1226.269768476896
 20
940.7686890228985
 30
0.0
  0
SPLINE
  5
87F
330
1F
100
AcDbEntity
  8
ºöåçæÄ
100
AcDbSpline
210
0.0
220
0.0
230
1.0
 70
    11
 71
     3
 72
    28
 73
    24
 74
     0
 42
0.000000001
 43
0.0000000001
 40
0.0
 40
0.0
 40
0.0
 40
0.0
 40
0.1428571428571428
 40
0.1428571428571428
 40
0.1428571428571428
 40
0.1428571528571428
 40
0.2857142857142857
 40
0.2857142857142857
 40
0.2857142857142857
 40
0.2857142957142857
 40
0.428571428571429
 40
0.428571428571429
 40
0.428571428571429
 40
0.4285714385714289
 40
0.5714285714285714
 40
0.5714285714285714
 40
0.5714285714285714
 40
0.5714285814285715
 40
0.7142857142857145
 40
0.7142857142857145
 40
0.7142857142857145
 40
0.7142857242857146
 40
1.0
 40
1.0
 40
1.0
 40
1.0
 10
1226.822293139204
 20
941.3196282485884
 30
0.0
 10
1226.822293139204
 20
941.3196282485884
 30
0.0
 10
1227.025625385812
 20
941.3196282485884
 30
0.0
 10
1227.025625385812
 20
941.3196282485884
 30
0.0
 10
1227.025625385812
 20
941.3196282485884
 30
0.0
 10
1227.025625385812
 20
941.4314015303466
 30
0.0
 10
1226.934066420969
 20
941.5229604951898
 30
0.0
 10
1226.822293139204
 20
941.5229604951898
 30
0.0
 10
1226.822293139204
 20
941.5229604951898
 30
0.0
 10
1226.710519857453
 20
941.5229604951898
 30
0.0
 10
1226.618960892602
 20
941.4314015303466
 30
0.0
 10
1226.618960892602
 20
941.3196282485884
 30
0.0
 10
1226.618960892602
 20
941.3196282485884
 30
0.0
 10
1226.618960892602
 20
941.2074586076748
 30
0.0
 10
1226.710519857453
 20
941.1166923611387
 30
0.0
 10
1226.822293139204
 20
941.1166923611387
 30
0.0
 10
1226.822293139204
 20
941.1166923611387
 30
0.0
 10
1226.934066420969
 20
941.1166923611387
 30
0.0
 10
1227.025625385812
 20
941.2074586076748
 30
0.0
 10
1227.025625385812
 20
941.3196282485884
 30
0.0
 10
1227.025625385812
 20
941.3196282485884
 30
0.0
 10
1227.025625385812
 20
941.3196282485884
 30
0.0
 10
1226.822293139204
 20
941.3196282485884
 30
0.0
 10
1226.822293139204
 20
941.3196282485884
 30
0.0
  0
SPLINE
  5
880
330
1F
100
AcDbEntity
  8
ºöåçæÄ
100
AcDbSpline
210
0.0
220
0.0
230
0.0
 70
    24
 71
     3
 72
     8
 73
     4
 74
     0
 42
0.000000001
 43
0.0000000001
 40
0.0
 40
0.0
 40
0.0
 40
0.0
 40
1.0
 40
1.0
 40
1.0
 40
1.0
 10
1227.375214160663
 20
941.8721529108976
 30
0.0
 10
1227.375214160663
 20
941.8721529108976
 30
0.0
 10
1229.452136133778
 20
943.9510566797805
 30
0.0
 10
1229.452136133778
 20
943.9510566797805
 30
0.0
  0
SPLINE
  5
881
330
1F
100
AcDbEntity
  8
ºöåçæÄ
100
AcDbSpline
210
0.0
220
0.0
230
1.0
 70
    11
 71
     3
 72
    28
 73
    24
 74
     0
 42
0.000000001
 43
0.0000000001
 40
0.0
 40
0.0
 40
0.0
 40
0.0
 40
0.1428571428571428
 40
0.1428571428571428
 40
0.1428571428571428
 40
0.1428571528571428
 40
0.2857142857142857
 40
0.2857142857142857
 40
0.2857142857142857
 40
0.2857142957142857
 40
0.428571428571429
 40
0.428571428571429
 40
0.428571428571429
 40
0.4285714385714289
 40
0.5714285714285714
 40
0.5714285714285714
 40
0.5714285714285714
 40
0.5714285814285715
 40
0.7142857142857145
 40
0.7142857142857145
 40
0.7142857142857145
 40
0.7142857242857146
 40
1.0
 40
1.0
 40
1.0
 40
1.0
 10
1222.131778896891
 20
934.4217898711146
 30
0.0
 10
1222.131778896891
 20
934.4217898711146
 30
0.0
 10
1222.334714784333
 20
934.4217898711146
 30
0.0
 10
1222.334714784333
 20
934.4217898711146
 30
0.0
 10
1222.334714784333
 20
934.4217898711146
 30
0.0
 10
1222.334714784333
 20
934.533563152873
 30
0.0
 10
1222.243552178649
 20
934.6251221177196
 30
0.0
 10
1222.131778896891
 20
934.6251221177196
 30
0.0
 10
1222.131778896891
 20
934.6251221177196
 30
0.0
 10
1222.019609255973
 20
934.6251221177196
 30
0.0
 10
1221.928446650282
 20
934.533563152873
 30
0.0
 10
1221.928446650282
 20
934.4217898711146
 30
0.0
 10
1221.928446650282
 20
934.4217898711146
 30
0.0
 10
1221.928446650282
 20
934.3096202301993
 30
0.0
 10
1222.019609255973
 20
934.2184576245095
 30
0.0
 10
1222.131778896891
 20
934.2184576245095
 30
0.0
 10
1222.131778896891
 20
934.2184576245095
 30
0.0
 10
1222.243552178649
 20
934.2184576245095
 30
0.0
 10
1222.334714784333
 20
934.3096202301993
 30
0.0
 10
1222.334714784333
 20
934.4217898711146
 30
0.0
 10
1222.334714784333
 20
934.4217898711146
 30
0.0
 10
1222.334714784333
 20
934.4217898711146
 30
0.0
 10
1222.131778896891
 20
934.4217898711146
 30
0.0
 10
1222.131778896891
 20
934.4217898711146
 30
0.0
  0
SPLINE
  5
882
330
1F
100
AcDbEntity
  8
ºöåçæÄ
100
AcDbSpline
210
0.0
220
0.0
230
0.0
 70
    24
 71
     3
 72
     8
 73
     4
 74
     0
 42
0.000000001
 43
0.0000000001
 40
0.0
 40
0.0
 40
0.0
 40
0.0
 40
1.0
 40
1.0
 40
1.0
 40
1.0
 10
1222.682718122584
 20
934.9743145334256
 30
0.0
 10
1222.682718122584
 20
934.9743145334256
 30
0.0
 10
1225.442566920045
 20
937.7325778942728
 30
0.0
 10
1225.442566920045
 20
937.7325778942728
 30
0.0
  0
SPLINE
  5
883
330
1F
100
AcDbEntity
  8
ºöåçæÄ
100
AcDbSpline
210
0.0
220
0.0
230
1.0
 70
    11
 71
     3
 72
    28
 73
    24
 74
     0
 42
0.000000001
 43
0.0000000001
 40
0.0
 40
0.0
 40
0.0
 40
0.0
 40
0.1428571428571428
 40
0.1428571428571428
 40
0.1428571428571428
 40
0.1428571528571428
 40
0.2857142857142857
 40
0.2857142857142857
 40
0.2857142857142857
 40
0.2857142957142857
 40
0.428571428571429
 40
0.428571428571429
 40
0.428571428571429
 40
0.4285714385714289
 40
0.5714285714285714
 40
0.5714285714285714
 40
0.5714285714285714
 40
0.5714285814285715
 40
0.7142857142857145
 40
0.7142857142857145
 40
0.7142857142857145
 40
0.7142857242857146
 40
1.0
 40
1.0
 40
1.0
 40
1.0
 10
1225.993506145732
 20
938.2851025565839
 30
0.0
 10
1225.993506145732
 20
938.2851025565839
 30
0.0
 10
1226.196442033189
 20
938.2851025565839
 30
0.0
 10
1226.196442033189
 20
938.2851025565839
 30
0.0
 10
1226.196442033189
 20
938.2851025565839
 30
0.0
 10
1226.196442033189
 20
938.3968758383424
 30
0.0
 10
1226.105279427497
 20
938.4880384440316
 30
0.0
 10
1225.993506145732
 20
938.4880384440316
 30
0.0
 10
1225.993506145732
 20
938.4880384440316
 30
0.0
 10
1225.881336504822
 20
938.4880384440316
 30
0.0
 10
1225.790173899137
 20
938.3968758383424
 30
0.0
 10
1225.790173899137
 20
938.2851025565839
 30
0.0
 10
1225.790173899137
 20
938.2851025565839
 30
0.0
 10
1225.790173899137
 20
938.1729329156698
 30
0.0
 10
1225.881336504822
 20
938.0817703099806
 30
0.0
 10
1225.993506145732
 20
938.0817703099806
 30
0.0
 10
1225.993506145732
 20
938.0817703099806
 30
0.0
 10
1226.105279427497
 20
938.0817703099806
 30
0.0
 10
1226.196442033189
 20
938.1729329156698
 30
0.0
 10
1226.196442033189
 20
938.2851025565839
 30
0.0
 10
1226.196442033189
 20
938.2851025565839
 30
0.0
 10
1226.196442033189
 20
938.2851025565839
 30
0.0
 10
1225.993506145732
 20
938.2851025565839
 30
0.0
 10
1225.993506145732
 20
938.2851025565839
 30
0.0
  0
SPLINE
  5
884
330
1F
100
AcDbEntity
  8
ºöåçæÄ
100
AcDbSpline
210
0.0
220
0.0
230
0.0
 70
    24
 71
     3
 72
     8
 73
     4
 74
     0
 42
0.000000001
 43
0.0000000001
 40
0.0
 40
0.0
 40
0.0
 40
0.0
 40
1.0
 40
1.0
 40
1.0
 40
1.0
 10
1226.546030808046
 20
938.8360417822736
 30
0.0
 10
1226.546030808046
 20
938.8360417822736
 30
0.0
 10
1229.306275964674
 20
941.595890579742
 30
0.0
 10
1229.306275964674
 20
941.595890579742
 30
0.0
  0
SPLINE
  5
885
330
1F
100
AcDbEntity
  8
ºöåçæÄ
100
AcDbSpline
210
0.0
220
0.0
230
1.0
 70
    11
 71
     3
 72
    28
 73
    24
 74
     0
 42
0.000000001
 43
0.0000000001
 40
0.0
 40
0.0
 40
0.0
 40
0.0
 40
0.1428571428571428
 40
0.1428571428571428
 40
0.1428571428571428
 40
0.1428571528571428
 40
0.2857142857142857
 40
0.2857142857142857
 40
0.2857142857142857
 40
0.2857142957142857
 40
0.428571428571429
 40
0.428571428571429
 40
0.428571428571429
 40
0.4285714385714289
 40
0.5714285714285714
 40
0.5714285714285714
 40
0.5714285714285714
 40
0.5714285814285715
 40
0.7142857142857145
 40
0.7142857142857145
 40
0.7142857142857145
 40
0.7142857242857146
 40
1.0
 40
1.0
 40
1.0
 40
1.0
 10
1229.856818831208
 20
942.1492079603655
 30
0.0
 10
1229.856818831208
 20
942.1492079603655
 30
0.0
 10
1230.059754718658
 20
942.1492079603655
 30
0.0
 10
1230.059754718658
 20
942.1492079603655
 30
0.0
 10
1230.059754718658
 20
942.1492079603655
 30
0.0
 10
1230.059754718658
 20
942.2605848829686
 30
0.0
 10
1229.968592112974
 20
942.3521438478134
 30
0.0
 10
1229.856818831208
 20
942.3521438478134
 30
0.0
 10
1229.856818831208
 20
942.3521438478134
 30
0.0
 10
1229.744649190291
 20
942.3521438478134
 30
0.0
 10
1229.653486584607
 20
942.2605848829686
 30
0.0
 10
1229.653486584607
 20
942.1492079603655
 30
0.0
 10
1229.653486584607
 20
942.1492079603655
 30
0.0
 10
1229.653486584607
 20
942.0366419602947
 30
0.0
 10
1229.744649190291
 20
941.9454793546051
 30
0.0
 10
1229.856818831208
 20
941.9454793546051
 30
0.0
 10
1229.856818831208
 20
941.9454793546051
 30
0.0
 10
1229.968592112974
 20
941.9454793546051
 30
0.0
 10
1230.059754718658
 20
942.0366419602947
 30
0.0
 10
1230.059754718658
 20
942.1492079603655
 30
0.0
 10
1230.059754718658
 20
942.1492079603655
 30
0.0
 10
1230.059754718658
 20
942.1492079603655
 30
0.0
 10
1229.856818831208
 20
942.1492079603655
 30
0.0
 10
1229.856818831208
 20
942.1492079603655
 30
0.0
  0
SPLINE
  5
886
330
1F
100
AcDbEntity
  8
ºöåçæÄ
100
AcDbSpline
210
0.0
220
0.0
230
0.0
 70
    24
 71
     3
 72
     8
 73
     4
 74
     0
 42
0.000000001
 43
0.0000000001
 40
0.0
 40
0.0
 40
0.0
 40
0.0
 40
1.0
 40
1.0
 40
1.0
 40
1.0
 10
1230.409343493516
 20
942.6997508269002
 30
0.0
 10
1230.409343493516
 20
942.6997508269002
 30
0.0
 10
1231.009431254463
 20
943.3010276652954
 30
0.0
 10
1231.009431254463
 20
943.3010276652954
 30
0.0
  0
SPLINE
  5
887
330
1F
100
AcDbEntity
  8
ºöåçæÄ
100
AcDbSpline
210
0.0
220
0.0
230
0.0
 70
    24
 71
     3
 72
     8
 73
     4
 74
     0
 42
0.000000001
 43
0.0000000001
 40
0.0
 40
0.0
 40
0.0
 40
0.0
 40
1.0
 40
1.0
 40
1.0
 40
1.0
 10
1223.997441440285
 20
934.0805246385103
 30
0.0
 10
1223.997441440285
 20
934.0805246385103
 30
0.0
 10
1224.613383567422
 20
934.6976558431148
 30
0.0
 10
1224.613383567422
 20
934.6976558431148
 30
0.0
  0
SPLINE
  5
888
330
1F
100
AcDbEntity
  8
ºöåçæÄ
100
AcDbSpline
210
0.0
220
0.0
230
1.0
 70
    11
 71
     3
 72
    28
 73
    24
 74
     0
 42
0.000000001
 43
0.0000000001
 40
0.0
 40
0.0
 40
0.0
 40
0.0
 40
0.1428571428571428
 40
0.1428571428571428
 40
0.1428571428571428
 40
0.1428571528571428
 40
0.2857142857142857
 40
0.2857142857142857
 40
0.2857142857142857
 40
0.2857142957142857
 40
0.428571428571429
 40
0.428571428571429
 40
0.428571428571429
 40
0.4285714385714289
 40
0.5714285714285714
 40
0.5714285714285714
 40
0.5714285714285714
 40
0.5714285814285715
 40
0.7142857142857145
 40
0.7142857142857145
 40
0.7142857142857145
 40
0.7142857242857146
 40
1.0
 40
1.0
 40
1.0
 40
1.0
 10
1225.165908229736
 20
935.2485950688047
 30
0.0
 10
1225.165908229736
 20
935.2485950688047
 30
0.0
 10
1225.369240476338
 20
935.2485950688047
 30
0.0
 10
1225.369240476338
 20
935.2485950688047
 30
0.0
 10
1225.369240476338
 20
935.2485950688047
 30
0.0
 10
1225.369240476338
 20
935.3607647097183
 30
0.0
 10
1225.278077870646
 20
935.451927315408
 30
0.0
 10
1225.165908229736
 20
935.451927315408
 30
0.0
 10
1225.165908229736
 20
935.451927315408
 30
0.0
 10
1225.054134947978
 20
935.451927315408
 30
0.0
 10
1224.962972342287
 20
935.3607647097183
 30
0.0
 10
1224.962972342287
 20
935.2485950688047
 30
0.0
 10
1224.962972342287
 20
935.2485950688047
 30
0.0
 10
1224.962972342287
 20
935.1368217870483
 30
0.0
 10
1225.054134947978
 20
935.0456591813568
 30
0.0
 10
1225.165908229736
 20
935.0456591813568
 30
0.0
 10
1225.165908229736
 20
935.0456591813568
 30
0.0
 10
1225.278077870646
 20
935.0456591813568
 30
0.0
 10
1225.369240476338
 20
935.1368217870483
 30
0.0
 10
1225.369240476338
 20
935.2485950688047
 30
0.0
 10
1225.369240476338
 20
935.2485950688047
 30
0.0
 10
1225.369240476338
 20
935.2485950688047
 30
0.0
 10
1225.165908229736
 20
935.2485950688047
 30
0.0
 10
1225.165908229736
 20
935.2485950688047
 30
0.0
  0
SPLINE
  5
889
330
1F
100
AcDbEntity
  8
ºöåçæÄ
100
AcDbSpline
210
0.0
220
0.0
230
0.0
 70
    24
 71
     3
 72
     8
 73
     4
 74
     0
 42
0.000000001
 43
0.0000000001
 40
0.0
 40
0.0
 40
0.0
 40
0.0
 40
1.0
 40
1.0
 40
1.0
 40
1.0
 10
1225.718829251203
 20
935.8015160902713
 30
0.0
 10
1225.718829251203
 20
935.8015160902713
 30
0.0
 10
1228.478678048678
 20
938.5613648877393
 30
0.0
 10
1228.478678048678
 20
938.5613648877393
 30
0.0
  0
SPLINE
  5
88A
330
1F
100
AcDbEntity
  8
ºöåçæÄ
100
AcDbSpline
210
0.0
220
0.0
230
1.0
 70
    11
 71
     3
 72
    28
 73
    24
 74
     0
 42
0.000000001
 43
0.0000000001
 40
0.0
 40
0.0
 40
0.0
 40
0.0
 40
0.1428571428571428
 40
0.1428571428571428
 40
0.1428571428571428
 40
0.1428571528571428
 40
0.2857142857142857
 40
0.2857142857142857
 40
0.2857142857142857
 40
0.2857142957142857
 40
0.428571428571429
 40
0.428571428571429
 40
0.428571428571429
 40
0.4285714385714289
 40
0.5714285714285714
 40
0.5714285714285714
 40
0.5714285714285714
 40
0.5714285814285715
 40
0.7142857142857145
 40
0.7142857142857145
 40
0.7142857142857145
 40
0.7142857242857146
 40
1.0
 40
1.0
 40
1.0
 40
1.0
 10
1229.029617274364
 20
939.1123041134292
 30
0.0
 10
1229.029617274364
 20
939.1123041134292
 30
0.0
 10
1229.232949520966
 20
939.1123041134292
 30
0.0
 10
1229.232949520966
 20
939.1123041134292
 30
0.0
 10
1229.232949520966
 20
939.1123041134292
 30
0.0
 10
1229.232949520966
 20
939.2244737543448
 30
0.0
 10
1229.141786915274
 20
939.3156363600359
 30
0.0
 10
1229.029617274364
 20
939.3156363600359
 30
0.0
 10
1229.029617274364
 20
939.3156363600359
 30
0.0
 10
1228.917843992606
 20
939.3156363600359
 30
0.0
 10
1228.82628502777
 20
939.2244737543448
 30
0.0
 10
1228.82628502777
 20
939.1123041134292
 30
0.0
 10
1228.82628502777
 20
939.1123041134292
 30
0.0
 10
1228.82628502777
 20
939.0005308316704
 30
0.0
 10
1228.917843992606
 20
938.9093682259813
 30
0.0
 10
1229.029617274364
 20
938.9093682259813
 30
0.0
 10
1229.029617274364
 20
938.9093682259813
 30
0.0
 10
1229.141786915274
 20
938.9093682259813
 30
0.0
 10
1229.232949520966
 20
939.0005308316704
 30
0.0
 10
1229.232949520966
 20
939.1123041134292
 30
0.0
 10
1229.232949520966
 20
939.1123041134292
 30
0.0
 10
1229.232949520966
 20
939.1123041134292
 30
0.0
 10
1229.029617274364
 20
939.1123041134292
 30
0.0
 10
1229.029617274364
 20
939.1123041134292
 30
0.0
  0
SPLINE
  5
88B
330
1F
100
AcDbEntity
  8
ºöåçæÄ
100
AcDbSpline
210
0.0
220
0.0
230
0.0
 70
    24
 71
     3
 72
     8
 73
     4
 74
     0
 42
0.000000001
 43
0.0000000001
 40
0.0
 40
0.0
 40
0.0
 40
0.0
 40
1.0
 40
1.0
 40
1.0
 40
1.0
 10
1229.582141936672
 20
939.6648287757422
 30
0.0
 10
1229.582141936672
 20
939.6648287757422
 30
0.0
 10
1231.404204973
 20
941.4868918120706
 30
0.0
 10
1231.404204973
 20
941.4868918120706
 30
0.0
  0
SPLINE
  5
88C
330
1F
100
AcDbEntity
  8
ºöåçæÄ
100
AcDbSpline
210
0.0
220
0.0
230
0.0
 70
    24
 71
     3
 72
     8
 73
     4
 74
     0
 42
0.000000001
 43
0.0000000001
 40
0.0
 40
0.0
 40
0.0
 40
0.0
 40
1.0
 40
1.0
 40
1.0
 40
1.0
 10
1226.204765575446
 20
934.0805246385103
 30
0.0
 10
1226.204765575446
 20
934.0805246385103
 30
0.0
 10
1227.649891055214
 20
935.5252537591155
 30
0.0
 10
1227.649891055214
 20
935.5252537591155
 30
0.0
  0
SPLINE
  5
88D
330
1F
100
AcDbEntity
  8
ºöåçæÄ
100
AcDbSpline
210
0.0
220
0.0
230
1.0
 70
    11
 71
     3
 72
    28
 73
    24
 74
     0
 42
0.000000001
 43
0.0000000001
 40
0.0
 40
0.0
 40
0.0
 40
0.0
 40
0.1428571428571428
 40
0.1428571428571428
 40
0.1428571428571428
 40
0.1428571528571428
 40
0.2857142857142857
 40
0.2857142857142857
 40
0.2857142857142857
 40
0.2857142957142857
 40
0.428571428571429
 40
0.428571428571429
 40
0.428571428571429
 40
0.4285714385714289
 40
0.5714285714285714
 40
0.5714285714285714
 40
0.5714285714285714
 40
0.5714285814285715
 40
0.7142857142857145
 40
0.7142857142857145
 40
0.7142857142857145
 40
0.7142857242857146
 40
1.0
 40
1.0
 40
1.0
 40
1.0
 10
1228.202019358369
 20
936.0777784214247
 30
0.0
 10
1228.202019358369
 20
936.0777784214247
 30
0.0
 10
1228.405351604971
 20
936.0777784214247
 30
0.0
 10
1228.405351604971
 20
936.0777784214247
 30
0.0
 10
1228.405351604971
 20
936.0777784214247
 30
0.0
 10
1228.405351604971
 20
936.189551703185
 30
0.0
 10
1228.314188999272
 20
936.2807143088764
 30
0.0
 10
1228.202019358369
 20
936.2807143088764
 30
0.0
 10
1228.202019358369
 20
936.2807143088764
 30
0.0
 10
1228.090246076604
 20
936.2807143088764
 30
0.0
 10
1227.99908347092
 20
936.189551703185
 30
0.0
 10
1227.99908347092
 20
936.0777784214247
 30
0.0
 10
1227.99908347092
 20
936.0777784214247
 30
0.0
 10
1227.99908347092
 20
935.9656087805126
 30
0.0
 10
1228.090246076604
 20
935.8744461748234
 30
0.0
 10
1228.202019358369
 20
935.8744461748234
 30
0.0
 10
1228.202019358369
 20
935.8744461748234
 30
0.0
 10
1228.314188999272
 20
935.8744461748234
 30
0.0
 10
1228.405351604971
 20
935.9656087805126
 30
0.0
 10
1228.405351604971
 20
936.0777784214247
 30
0.0
 10
1228.405351604971
 20
936.0777784214247
 30
0.0
 10
1228.405351604971
 20
936.0777784214247
 30
0.0
 10
1228.202019358369
 20
936.0777784214247
 30
0.0
 10
1228.202019358369
 20
936.0777784214247
 30
0.0
  0
SPLINE
  5
88E
330
1F
100
AcDbEntity
  8
ºöåçæÄ
100
AcDbSpline
210
0.0
220
0.0
230
0.0
 70
    24
 71
     3
 72
     8
 73
     4
 74
     0
 42
0.000000001
 43
0.0000000001
 40
0.0
 40
0.0
 40
0.0
 40
0.0
 40
1.0
 40
1.0
 40
1.0
 40
1.0
 10
1228.753354943207
 20
936.6287176471166
 30
0.0
 10
1228.753354943207
 20
936.6287176471166
 30
0.0
 10
1231.404204973
 20
939.2795676769132
 30
0.0
 10
1231.404204973
 20
939.2795676769132
 30
0.0
  0
SPLINE
  5
88F
330
1F
100
AcDbEntity
  8
ºöåçæÄ
100
AcDbSpline
210
0.0
220
0.0
230
0.0
 70
    24
 71
     3
 72
     8
 73
     4
 74
     0
 42
0.000000001
 43
0.0000000001
 40
0.0
 40
0.0
 40
0.0
 40
0.0
 40
1.0
 40
1.0
 40
1.0
 40
1.0
 10
1228.411693351448
 20
934.0805246385103
 30
0.0
 10
1228.411693351448
 20
934.0805246385103
 30
0.0
 10
1230.684020388052
 20
936.3540407525803
 30
0.0
 10
1230.684020388052
 20
936.3540407525803
 30
0.0
  0
SPLINE
  5
890
330
1F
100
AcDbEntity
  8
ºöåçæÄ
100
AcDbSpline
210
0.0
220
0.0
230
1.0
 70
    11
 71
     3
 72
    28
 73
    24
 74
     0
 42
0.000000001
 43
0.0000000001
 40
0.0
 40
0.0
 40
0.0
 40
0.0
 40
0.1428571428571428
 40
0.1428571428571428
 40
0.1428571428571428
 40
0.1428571528571428
 40
0.2857142857142857
 40
0.2857142857142857
 40
0.2857142857142857
 40
0.2857142957142857
 40
0.428571428571429
 40
0.428571428571429
 40
0.428571428571429
 40
0.4285714385714289
 40
0.5714285714285714
 40
0.5714285714285714
 40
0.5714285714285714
 40
0.5714285814285715
 40
0.7142857142857145
 40
0.7142857142857145
 40
0.7142857142857145
 40
0.7142857242857146
 40
1.0
 40
1.0
 40
1.0
 40
1.0
 10
1231.236941409518
 20
936.9049799782739
 30
0.0
 10
1231.236941409518
 20
936.9049799782739
 30
0.0
 10
1231.440273656127
 20
936.9049799782739
 30
0.0
 10
1231.440273656127
 20
936.9049799782739
 30
0.0
 10
1231.440273656127
 20
936.9049799782739
 30
0.0
 10
1231.440273656127
 20
937.0171496191838
 30
0.0
 10
1231.349111050435
 20
937.1083122248752
 30
0.0
 10
1231.236941409518
 20
937.1083122248752
 30
0.0
 10
1231.236941409518
 20
937.1083122248752
 30
0.0
 10
1231.125168127753
 20
937.1083122248752
 30
0.0
 10
1231.034005522076
 20
937.0171496191838
 30
0.0
 10
1231.034005522076
 20
936.9049799782739
 30
0.0
 10
1231.034005522076
 20
936.9049799782739
 30
0.0
 10
1231.034005522076
 20
936.7932066965137
 30
0.0
 10
1231.125168127753
 20
936.7020440908225
 30
0.0
 10
1231.236941409518
 20
936.7020440908225
 30
0.0
 10
1231.236941409518
 20
936.7020440908225
 30
0.0
 10
1231.349111050435
 20
936.7020440908225
 30
0.0
 10
1231.440273656127
 20
936.7932066965137
 30
0.0
 10
1231.440273656127
 20
936.9049799782739
 30
0.0
 10
1231.440273656127
 20
936.9049799782739
 30
0.0
 10
1231.440273656127
 20
936.9049799782739
 30
0.0
 10
1231.236941409518
 20
936.9049799782739
 30
0.0
 10
1231.236941409518
 20
936.9049799782739
 30
0.0
  0
SPLINE
  5
891
330
1F
100
AcDbEntity
  8
ºöåçæÄ
100
AcDbSpline
210
0.0
220
0.0
230
1.0
 70
     8
 71
     3
 72
    16
 73
    12
 74
     0
 42
0.000000001
 43
0.0000000001
 40
0.0668439966093172
 40
0.0668439966093172
 40
0.0668439966093172
 40
0.0668439966093172
 40
0.1428571428571428
 40
0.1428571428571428
 40
0.1428571428571428
 40
0.1428571528571428
 40
0.2857142857142857
 40
0.2857142857142857
 40
0.2857142857142857
 40
0.2857142957142857
 40
0.428571428571429
 40
0.428571428571429
 40
0.428571428571429
 40
0.428571428571429
 10
1230.712890831625
 20
934.0805246385103
 30
0.0
 10
1230.76676371258
 20
934.0805246385103
 30
0.0
 10
1230.824331528983
 20
934.0805246385103
 30
0.0
 10
1230.824331528983
 20
934.0805246385103
 30
0.0
 10
1230.824331528983
 20
934.0805246385103
 30
0.0
 10
1230.824331528983
 20
934.1922979202687
 30
0.0
 10
1230.732772564147
 20
934.2834605259582
 30
0.0
 10
1230.620999282389
 20
934.2834605259582
 30
0.0
 10
1230.620999282389
 20
934.2834605259582
 30
0.0
 10
1230.50922600063
 20
934.2834605259582
 30
0.0
 10
1230.41766703578
 20
934.1922979202687
 30
0.0
 10
1230.41766703578
 20
934.0805246385103
 30
0.0
  0
SPLINE
  5
892
330
1F
100
AcDbEntity
  8
ºöåçæÄ
100
AcDbSpline
210
0.0
220
0.0
230
0.0
 70
    24
 71
     3
 72
     8
 73
     4
 74
     0
 42
0.000000001
 43
0.0000000001
 40
0.0
 40
0.0
 40
0.0
 40
0.0
 40
1.0
 40
1.0
 40
1.0
 40
1.0
 10
1230.960679078368
 20
934.4217898711146
 30
0.0
 10
1230.960679078368
 20
934.4217898711146
 30
0.0
 10
1231.404204973
 20
934.8637303291312
 30
0.0
 10
1231.404204973
 20
934.8637303291312
 30
0.0
  0
SPLINE
  5
893
330
1F
100
AcDbEntity
  8
ºöåçæÄ
100
AcDbSpline
210
0.0
220
0.0
230
0.0
 70
    24
 71
     3
 72
     8
 73
     4
 74
     0
 42
0.000000001
 43
0.0000000001
 40
0.0
 40
0.0
 40
0.0
 40
0.0
 40
1.0
 40
1.0
 40
1.0
 40
1.0
 10
1209.387246621455
 20
939.3382288318797
 30
0.0
 10
1209.387246621455
 20
939.3382288318797
 30
0.0
 10
1210.424122171392
 20
940.375500740966
 30
0.0
 10
1210.424122171392
 20
940.375500740966
 30
0.0
  0
SPLINE
  5
894
330
1F
100
AcDbEntity
  8
ºöåçæÄ
100
AcDbSpline
210
0.0
220
0.0
230
0.0
 70
    24
 71
     3
 72
     8
 73
     4
 74
     0
 42
0.000000001
 43
0.0000000001
 40
0.0
 40
0.0
 40
0.0
 40
0.0
 40
1.0
 40
1.0
 40
1.0
 40
1.0
 10
1209.310749304512
 20
937.0548037389276
 30
0.0
 10
1209.310749304512
 20
937.0548037389276
 30
0.0
 10
1211.232298488797
 20
938.9755602048959
 30
0.0
 10
1211.232298488797
 20
938.9755602048959
 30
0.0
  0
SPLINE
  5
895
330
1F
100
AcDbEntity
  8
ºöåçæÄ
100
AcDbSpline
210
0.0
220
0.0
230
0.0
 70
    24
 71
     3
 72
     8
 73
     4
 74
     0
 42
0.000000001
 43
0.0000000001
 40
0.0
 40
0.0
 40
0.0
 40
0.0
 40
1.0
 40
1.0
 40
1.0
 40
1.0
 10
1209.310749304512
 20
934.8474796037704
 30
0.0
 10
1209.310749304512
 20
934.8474796037704
 30
0.0
 10
1211.232298488797
 20
936.7686324288941
 30
0.0
 10
1211.232298488797
 20
936.7686324288941
 30
0.0
  0
SPLINE
  5
896
330
1F
100
AcDbEntity
  8
ºöåçæÄ
100
AcDbSpline
210
0.0
220
0.0
230
0.0
 70
    24
 71
     3
 72
     8
 73
     4
 74
     0
 42
0.000000001
 43
0.0000000001
 40
0.0
 40
0.0
 40
0.0
 40
0.0
 40
1.0
 40
1.0
 40
1.0
 40
1.0
 10
1210.750722115258
 20
934.0785428427341
 30
0.0
 10
1210.750722115258
 20
934.0785428427341
 30
0.0
 10
1211.232298488797
 20
934.5593264979584
 30
0.0
 10
1211.232298488797
 20
934.5593264979584
 30
0.0
  0
SPLINE
  5
897
330
1F
100
AcDbEntity
  8
ºöåçæÄ
100
AcDbSpline
210
0.0
220
0.0
230
0.0
 70
    24
 71
     3
 72
     8
 73
     4
 74
     0
 42
0.000000001
 43
0.0000000001
 40
0.0
 40
0.0
 40
0.0
 40
0.0
 40
1.0
 40
1.0
 40
1.0
 40
1.0
 10
1209.310749304512
 20
938.5272780003948
 30
0.0
 10
1209.310749304512
 20
938.5272780003948
 30
0.0
 10
1210.728129643418
 20
939.9426765435164
 30
0.0
 10
1210.728129643418
 20
939.9426765435164
 30
0.0
  0
SPLINE
  5
898
330
1F
100
AcDbEntity
  8
ºöåçæÄ
100
AcDbSpline
210
0.0
220
0.0
230
0.0
 70
    24
 71
     3
 72
     8
 73
     4
 74
     0
 42
0.000000001
 43
0.0000000001
 40
0.0
 40
0.0
 40
0.0
 40
0.0
 40
1.0
 40
1.0
 40
1.0
 40
1.0
 10
1209.310749304512
 20
936.3199538652375
 30
0.0
 10
1209.310749304512
 20
936.3199538652375
 30
0.0
 10
1211.232298488797
 20
938.2395212537399
 30
0.0
 10
1211.232298488797
 20
938.2395212537399
 30
0.0
  0
SPLINE
  5
899
330
1F
100
AcDbEntity
  8
ºöåçæÄ
100
AcDbSpline
210
0.0
220
0.0
230
0.0
 70
    24
 71
     3
 72
     8
 73
     4
 74
     0
 42
0.000000001
 43
0.0000000001
 40
0.0
 40
0.0
 40
0.0
 40
0.0
 40
1.0
 40
1.0
 40
1.0
 40
1.0
 10
1209.310749304512
 20
934.1110442934594
 30
0.0
 10
1209.310749304512
 20
934.1110442934594
 30
0.0
 10
1211.232298488797
 20
936.0325934777362
 30
0.0
 10
1211.232298488797
 20
936.0325934777362
 30
0.0
  0
SPLINE
  5
89A
330
1F
100
AcDbEntity
  8
ºöåçæÄ
100
AcDbSpline
210
0.0
220
0.0
230
0.0
 70
    24
 71
     3
 72
     8
 73
     4
 74
     0
 42
0.000000001
 43
0.0000000001
 40
0.0
 40
0.0
 40
0.0
 40
0.0
 40
1.0
 40
1.0
 40
1.0
 40
1.0
 10
1209.312334741126
 20
932.6401554686114
 30
0.0
 10
1209.312334741126
 20
932.6401554686114
 30
0.0
 10
1210.752703911038
 20
934.0805246385103
 30
0.0
 10
1210.752703911038
 20
934.0805246385103
 30
0.0
  0
SPLINE
  5
89B
330
1F
100
AcDbEntity
  8
ºöåçæÄ
100
AcDbSpline
210
0.0
220
0.0
230
0.0
 70
    24
 71
     3
 72
     8
 73
     4
 74
     0
 42
0.000000001
 43
0.0000000001
 40
0.0
 40
0.0
 40
0.0
 40
0.0
 40
1.0
 40
1.0
 40
1.0
 40
1.0
 10
1210.753892988493
 20
931.8747859399742
 30
0.0
 10
1210.753892988493
 20
931.8747859399742
 30
0.0
 10
1211.232298488797
 20
932.352795081112
 30
0.0
 10
1211.232298488797
 20
932.352795081112
 30
0.0
  0
SPLINE
  5
89C
330
1F
100
AcDbEntity
  8
ºöåçæÄ
100
AcDbSpline
210
0.0
220
0.0
230
0.0
 70
    24
 71
     3
 72
     8
 73
     4
 74
     0
 42
0.000000001
 43
0.0000000001
 40
0.0
 40
0.0
 40
0.0
 40
0.0
 40
1.0
 40
1.0
 40
1.0
 40
1.0
 10
1209.357916043987
 20
931.9493014611458
 30
0.0
 10
1209.357916043987
 20
931.9493014611458
 30
0.0
 10
1211.232298488797
 20
933.825269342579
 30
0.0
 10
1211.232298488797
 20
933.825269342579
 30
0.0
  0
SPLINE
  5
89D
330
1F
100
AcDbEntity
  8
ºöåçæÄ
100
AcDbSpline
210
0.0
220
0.0
230
0.0
 70
    24
 71
     3
 72
     8
 73
     4
 74
     0
 42
0.000000001
 43
0.0000000001
 40
0.0
 40
0.0
 40
0.0
 40
0.0
 40
1.0
 40
1.0
 40
1.0
 40
1.0
 10
1209.442736903179
 20
930.5632334955047
 30
0.0
 10
1209.442736903179
 20
930.5632334955047
 30
0.0
 10
1210.753892988493
 20
931.8747859399742
 30
0.0
 10
1210.753892988493
 20
931.8747859399742
 30
0.0
  0
SPLINE
  5
89E
330
1F
100
AcDbEntity
  8
ºöåçæÄ
100
AcDbSpline
210
0.0
220
0.0
230
0.0
 70
    24
 71
     3
 72
     8
 73
     4
 74
     0
 42
0.000000001
 43
0.0000000001
 40
0.0
 40
0.0
 40
0.0
 40
0.0
 40
1.0
 40
1.0
 40
1.0
 40
1.0
 10
1209.312334741126
 20
931.9057019540784
 30
0.0
 10
1209.312334741126
 20
931.9057019540784
 30
0.0
 10
1209.357916043987
 20
931.9493014611458
 30
0.0
 10
1209.357916043987
 20
931.9493014611458
 30
0.0
  0
SPLINE
  5
89F
330
1F
100
AcDbEntity
  8
ºöåçæÄ
100
AcDbSpline
210
0.0
220
0.0
230
0.0
 70
    24
 71
     3
 72
     8
 73
     4
 74
     0
 42
0.000000001
 43
0.0000000001
 40
0.0
 40
0.0
 40
0.0
 40
0.0
 40
1.0
 40
1.0
 40
1.0
 40
1.0
 10
1210.137950861363
 20
930.5220121433691
 30
0.0
 10
1210.137950861363
 20
930.5220121433691
 30
0.0
 10
1211.232298488797
 20
931.6179452074218
 30
0.0
 10
1211.232298488797
 20
931.6179452074218
 30
0.0
  0
SPLINE
  5
8A0
330
1F
100
AcDbEntity
  8
ºöåçæÄ
100
AcDbSpline
210
0.0
220
0.0
230
0.0
 70
    24
 71
     3
 72
     8
 73
     4
 74
     0
 42
0.000000001
 43
0.0000000001
 40
0.0
 40
0.0
 40
0.0
 40
0.0
 40
1.0
 40
1.0
 40
1.0
 40
1.0
 10
1209.312334741126
 20
930.4328313334542
 30
0.0
 10
1209.312334741126
 20
930.4328313334542
 30
0.0
 10
1209.366239586237
 20
930.486736178557
 30
0.0
 10
1209.366239586237
 20
930.486736178557
 30
0.0
  0
SPLINE
  5
8A1
330
1F
100
AcDbEntity
  8
ºöåçæÄ
100
AcDbSpline
210
0.0
220
0.0
230
0.0
 70
    24
 71
     3
 72
     8
 73
     4
 74
     0
 42
0.000000001
 43
0.0000000001
 40
0.0
 40
0.0
 40
0.0
 40
0.0
 40
1.0
 40
1.0
 40
1.0
 40
1.0
 10
1210.690871882822
 20
929.6040443399892
 30
0.0
 10
1210.690871882822
 20
929.6040443399892
 30
0.0
 10
1211.232298488797
 20
930.1450745867994
 30
0.0
 10
1211.232298488797
 20
930.1450745867994
 30
0.0
  0
SPLINE
  5
8A2
330
1F
100
AcDbEntity
  8
ºöåçæÄ
100
AcDbSpline
210
0.0
220
0.0
230
0.0
 70
    24
 71
     3
 72
     8
 73
     4
 74
     0
 42
0.000000001
 43
0.0000000001
 40
0.0
 40
0.0
 40
0.0
 40
0.0
 40
1.0
 40
1.0
 40
1.0
 40
1.0
 10
1209.312334741126
 20
929.696396023143
 30
0.0
 10
1209.312334741126
 20
929.696396023143
 30
0.0
 10
1210.061849903565
 20
930.4463075447298
 30
0.0
 10
1210.061849903565
 20
930.4463075447298
 30
0.0
  0
SPLINE
  5
8A3
330
1F
100
AcDbEntity
  8
ºöåçæÄ
100
AcDbSpline
210
0.0
220
0.0
230
0.0
 70
    24
 71
     3
 72
     8
 73
     4
 74
     0
 42
0.000000001
 43
0.0000000001
 40
0.0
 40
0.0
 40
0.0
 40
0.0
 40
1.0
 40
1.0
 40
1.0
 40
1.0
 10
1208.605626367457
 20
929.7261229597811
 30
0.0
 10
1208.605626367457
 20
929.7261229597811
 30
0.0
 10
1209.312334741126
 20
930.4328313334542
 30
0.0
 10
1209.312334741126
 20
930.4328313334542
 30
0.0
  0
SPLINE
  5
8A4
330
1F
100
AcDbEntity
  8
ºöåçæÄ
100
AcDbSpline
210
0.0
220
0.0
230
0.0
 70
    24
 71
     3
 72
     8
 73
     4
 74
     0
 42
0.000000001
 43
0.0000000001
 40
0.0
 40
0.0
 40
0.0
 40
0.0
 40
1.0
 40
1.0
 40
1.0
 40
1.0
 10
1207.731258071154
 20
930.322643488315
 30
0.0
 10
1207.731258071154
 20
930.322643488315
 30
0.0
 10
1207.974622592427
 20
930.5675934462128
 30
0.0
 10
1207.974622592427
 20
930.5675934462128
 30
0.0
  0
SPLINE
  5
8A5
330
1F
100
AcDbEntity
  8
ºöåçæÄ
100
AcDbSpline
210
0.0
220
0.0
230
0.0
 70
    24
 71
     3
 72
     8
 73
     4
 74
     0
 42
0.000000001
 43
0.0000000001
 40
0.0
 40
0.0
 40
0.0
 40
0.0
 40
1.0
 40
1.0
 40
1.0
 40
1.0
 10
1209.301236684786
 20
929.6852979667972
 30
0.0
 10
1209.301236684786
 20
929.6852979667972
 30
0.0
 10
1209.312334741126
 20
929.6983778189192
 30
0.0
 10
1209.312334741126
 20
929.6983778189192
 30
0.0
  0
SPLINE
  5
8A6
330
1F
100
AcDbEntity
  8
ºöåçæÄ
100
AcDbSpline
210
0.0
220
0.0
230
0.0
 70
    24
 71
     3
 72
     8
 73
     4
 74
     0
 42
0.000000001
 43
0.0000000001
 40
0.0
 40
0.0
 40
0.0
 40
0.0
 40
1.0
 40
1.0
 40
1.0
 40
1.0
 10
1211.233487566252
 20
930.1470563825757
 30
0.0
 10
1211.233487566252
 20
930.1470563825757
 30
0.0
 10
1211.451485101594
 20
930.3646575587647
 30
0.0
 10
1211.451485101594
 20
930.3646575587647
 30
0.0
  0
SPLINE
  5
8A7
330
1F
100
AcDbEntity
  8
ºöåçæÄ
100
AcDbSpline
210
0.0
220
0.0
230
0.0
 70
    24
 71
     3
 72
     8
 73
     4
 74
     0
 42
0.000000001
 43
0.0000000001
 40
0.0
 40
0.0
 40
0.0
 40
0.0
 40
1.0
 40
1.0
 40
1.0
 40
1.0
 10
1212.777702834809
 20
929.4835511568132
 30
0.0
 10
1212.777702834809
 20
929.4835511568132
 30
0.0
 10
1213.018292841992
 20
929.7241411640047
 30
0.0
 10
1213.018292841992
 20
929.7241411640047
 30
0.0
  0
SPLINE
  5
8A8
330
1F
100
AcDbEntity
  8
ºöåçæÄ
100
AcDbSpline
210
0.0
220
0.0
230
0.0
 70
    24
 71
     3
 72
     8
 73
     4
 74
     0
 42
0.000000001
 43
0.0000000001
 40
0.0
 40
0.0
 40
0.0
 40
0.0
 40
1.0
 40
1.0
 40
1.0
 40
1.0
 10
1211.387671277613
 20
929.5652011427817
 30
0.0
 10
1211.387671277613
 20
929.5652011427817
 30
0.0
 10
1212.148680855552
 20
930.3258143615572
 30
0.0
 10
1212.148680855552
 20
930.3258143615572
 30
0.0
  0
SPLINE
  5
8A9
330
1F
100
AcDbEntity
  8
ºöåçæÄ
100
AcDbSpline
210
0.0
220
0.0
230
0.0
 70
    24
 71
     3
 72
     8
 73
     4
 74
     0
 42
0.000000001
 43
0.0000000001
 40
0.0
 40
0.0
 40
0.0
 40
0.0
 40
1.0
 40
1.0
 40
1.0
 40
1.0
 10
1208.262379339076
 20
929.3844613680217
 30
0.0
 10
1208.262379339076
 20
929.3844613680217
 30
0.0
 10
1208.359883691252
 20
929.4823620793508
 30
0.0
 10
1208.359883691252
 20
929.4823620793508
 30
0.0
  0
SPLINE
  5
8AA
330
1F
100
AcDbEntity
  8
ºöåçæÄ
100
AcDbSpline
210
0.0
220
0.0
230
0.0
 70
    24
 71
     3
 72
     8
 73
     4
 74
     0
 42
0.000000001
 43
0.0000000001
 40
0.0
 40
0.0
 40
0.0
 40
0.0
 40
1.0
 40
1.0
 40
1.0
 40
1.0
 10
1209.392002931318
 20
928.3071571842617
 30
0.0
 10
1209.392002931318
 20
928.3071571842617
 30
0.0
 10
1210.568793263034
 20
929.4823620793508
 30
0.0
 10
1210.568793263034
 20
929.4823620793508
 30
0.0
  0
SPLINE
  5
8AB
330
1F
100
AcDbEntity
  8
ºöåçæÄ
100
AcDbSpline
210
0.0
220
0.0
230
0.0
 70
    24
 71
     3
 72
     8
 73
     4
 74
     0
 42
0.000000001
 43
0.0000000001
 40
0.0
 40
0.0
 40
0.0
 40
0.0
 40
1.0
 40
1.0
 40
1.0
 40
1.0
 10
1208.564801374475
 20
928.950448093107
 30
0.0
 10
1208.564801374475
 20
928.950448093107
 30
0.0
 10
1209.096319001564
 20
929.4823620793508
 30
0.0
 10
1209.096319001564
 20
929.4823620793508
 30
0.0
  0
SPLINE
  5
8AC
330
1F
100
AcDbEntity
  8
ºöåçæÄ
100
AcDbSpline
210
0.0
220
0.0
230
0.0
 70
    24
 71
     3
 72
     8
 73
     4
 74
     0
 42
0.000000001
 43
0.0000000001
 40
0.0
 40
0.0
 40
0.0
 40
0.0
 40
1.0
 40
1.0
 40
1.0
 40
1.0
 10
1209.954436572518
 20
928.1331555151416
 30
0.0
 10
1209.954436572518
 20
928.1331555151416
 30
0.0
 10
1211.304832214187
 20
929.4823620793508
 30
0.0
 10
1211.304832214187
 20
929.4823620793508
 30
0.0
  0
SPLINE
  5
8AD
330
1F
100
AcDbEntity
  8
ºöåçæÄ
100
AcDbSpline
210
0.0
220
0.0
230
1.0
 70
    11
 71
     3
 72
    16
 73
    12
 74
     0
 42
0.000000001
 43
0.0000000001
 40
0.0
 40
0.0
 40
0.0
 40
0.0
 40
0.25
 40
0.25
 40
0.25
 40
0.25000001
 40
0.5
 40
0.5
 40
0.5
 40
0.5000000100000001
 40
1.0
 40
1.0
 40
1.0
 40
1.0
 10
1217.744479408279
 20
932.96556633501
 30
0.0
 10
1217.744479408279
 20
932.96556633501
 30
0.0
 10
1216.621593921681
 20
934.0817137159762
 30
0.0
 10
1216.621593921681
 20
934.0817137159762
 30
0.0
 10
1216.621593921681
 20
934.0817137159762
 30
0.0
 10
1216.621593921681
 20
934.0817137159762
 30
0.0
 10
1217.744479408279
 20
934.0817137159762
 30
0.0
 10
1217.744479408279
 20
934.0817137159762
 30
0.0
 10
1217.744479408279
 20
934.0817137159762
 30
0.0
 10
1217.744479408279
 20
934.0817137159762
 30
0.0
 10
1217.744479408279
 20
932.96556633501
 30
0.0
 10
1217.744479408279
 20
932.96556633501
 30
0.0
  0
SPLINE
  5
8AE
330
1F
100
AcDbEntity
  8
ºöåçæÄ
100
AcDbSpline
210
0.0
220
0.0
230
1.0
 70
    11
 71
     3
 72
    16
 73
    12
 74
     0
 42
0.000000001
 43
0.0000000001
 40
0.0
 40
0.0
 40
0.0
 40
0.0
 40
0.25
 40
0.25
 40
0.25
 40
0.25000001
 40
0.5
 40
0.5
 40
0.5
 40
0.5000000100000001
 40
1.0
 40
1.0
 40
1.0
 40
1.0
 10
1231.407375846243
 20
933.5406834691644
 30
0.0
 10
1231.407375846243
 20
933.5406834691644
 30
0.0
 10
1231.407375846243
 20
934.0817137159762
 30
0.0
 10
1231.407375846243
 20
934.0817137159762
 30
0.0
 10
1231.407375846243
 20
934.0817137159762
 30
0.0
 10
1231.407375846243
 20
934.0817137159762
 30
0.0
 10
1231.725652247852
 20
933.5406834691644
 30
0.0
 10
1231.725652247852
 20
933.5406834691644
 30
0.0
 10
1231.725652247852
 20
933.5406834691644
 30
0.0
 10
1231.725652247852
 20
933.5406834691644
 30
0.0
 10
1231.407375846243
 20
933.5406834691644
 30
0.0
 10
1231.407375846243
 20
933.5406834691644
 30
0.0
  0
SPLINE
  5
8AF
330
1F
100
AcDbEntity
  8
ºöåçæÄ
100
AcDbSpline
210
0.0
220
0.0
230
0.0
 70
    24
 71
     3
 72
     8
 73
     4
 74
     0
 42
0.000000001
 43
0.0000000001
 40
0.25
 40
0.25
 40
0.25
 40
0.25
 40
0.5
 40
0.5
 40
0.5
 40
0.5
 10
1217.744479408279
 20
934.0817137159762
 30
0.0
 10
1217.744479408279
 20
934.0817137159762
 30
0.0
 10
1231.407375846243
 20
934.0817137159762
 30
0.0
 10
1231.407375846243
 20
934.0817137159762
 30
0.0
  0
SPLINE
  5
8B0
330
1F
100
AcDbEntity
  8
ºöåçæÄ
100
AcDbSpline
210
0.0
220
0.0
230
0.0
 70
    24
 71
     3
 72
     8
 73
     4
 74
     0
 42
0.000000001
 43
0.0000000001
 40
0.5
 40
0.5
 40
0.5
 40
0.5
 40
1.0
 40
1.0
 40
1.0
 40
1.0
 10
1231.407375846243
 20
934.0817137159762
 30
0.0
 10
1231.407375846243
 20
934.0817137159762
 30
0.0
 10
1231.407375846243
 20
933.5406834691644
 30
0.0
 10
1231.407375846243
 20
933.5406834691644
 30
0.0
  0
SPLINE
  5
8B1
330
1F
100
AcDbEntity
  8
ºöåçæÄ
100
AcDbSpline
210
0.0
220
0.0
230
0.0
 70
    24
 71
     3
 72
     8
 73
     4
 74
     0
 42
0.000000001
 43
0.0000000001
 40
0.5
 40
0.5
 40
0.5
 40
0.5
 40
1.0
 40
1.0
 40
1.0
 40
1.0
 10
1231.407375846243
 20
933.5406834691644
 30
0.0
 10
1231.407375846243
 20
933.5406834691644
 30
0.0
 10
1217.744479408279
 20
933.5406834691644
 30
0.0
 10
1217.744479408279
 20
933.5406834691644
 30
0.0
  0
HATCH
  5
8B2
330
1F
100
AcDbEntity
  8
ºöåçæÄ
100
AcDbHatch
 10
0.0
 20
0.0
 30
0.0
210
0.0
220
0.0
230
1.0
  2
SOLID
 70
     1
 71
     0
 91
        2
 92
        5
 93
        5
 72
     4
 94
        3
 73
     0
 74
     0
 95
       11
 96
        7
 40
0.5094823651492231
 40
0.5094823651492231
 40
0.5094823651492231
 40
0.5094823651492231
 40
0.5142092088380516
 40
0.5142092088380516
 40
0.5142092088380516
 40
1.004726843688828
 40
1.004726843688828
 40
1.004726843688828
 40
1.004726843688828
 10
1217.743290330824
 20
932.9667482771681
 10
1217.744077989274
 20
932.9659653452187
 10
1217.744479408279
 20
932.96556633501
 10
1217.744479408279
 20
932.96556633501
 10
1217.744479408279
 20
932.96556633501
 10
1217.744479408279
 20
934.0397802825464
 10
1217.744479408279
 20
934.080524638143
 72
     4
 94
        3
 73
     0
 74
     0
 95
        8
 96
        4
 40
0.5897023257831254
 40
0.5897023257831254
 40
0.5897023257831254
 40
0.5897023257831254
 40
0.6090248395601287
 40
0.6090248395601287
 40
0.6090248395601287
 40
0.6090248395601287
 10
1217.744479408279
 20
934.0805246385086
 10
1217.373669809155
 20
934.0805246385086
 10
1216.999579590413
 20
934.0805246385086
 10
1216.622790177537
 20
934.0805246385068
 72
     4
 94
        3
 73
     0
 74
     0
 95
        8
 96
        4
 40
0.0047268436888283
 40
0.0047268436888283
 40
0.0047268436888283
 40
0.0047268436888283
 40
0.2452588180402431
 40
0.2452588180402431
 40
0.2452588180402431
 40
0.2452588180402431
 10
1216.622790177588
 20
934.0805246384503
 10
1216.662990497435
 20
934.040565548898
 10
1217.7032092416
 20
933.0065888515534
 10
1217.743290330824
 20
932.9667482771681
 72
     4
 94
        3
 73
     0
 74
     0
 95
        8
 96
        4
 40
0.5022947282680798
 40
0.5022947282680798
 40
0.5022947282680798
 40
0.5022947282680798
 40
1.0
 40
1.0
 40
1.0
 40
1.0
 10
1217.743290330817
 20
932.9667482771698
 10
1217.743290330817
 20
933.2527838117371
 10
1217.743290330817
 20
933.5375125959242
 10
1217.743290330817
 20
933.5375125959242
 72
     4
 94
        3
 73
     0
 74
     0
 95
        8
 96
        4
 40
0.5
 40
0.5
 40
0.5
 40
0.5
 40
1.0
 40
1.0
 40
1.0
 40
1.0
 10
1231.407375846243
 20
933.5406834691644
 10
1231.407375846243
 20
933.5406834691644
 10
1217.744479408279
 20
933.5406834691644
 10
1217.744479408279
 20
933.5406834691644
 97
        0
 92
        5
 93
        5
 72
     4
 94
        3
 73
     0
 74
     0
 95
        8
 96
        4
 40
0.0412955578466729
 40
0.0412955578466729
 40
0.0412955578466729
 40
0.0412955578466729
 40
0.9552072955912514
 40
0.9552072955912514
 40
0.9552072955912514
 40
0.9552072955912514
 10
1231.722602307515
 20
933.5406834692207
 10
1231.697680237669
 20
933.5831501802646
 10
1231.430436269434
 20
934.0385285838678
 10
1231.407375846366
 20
934.0778230858546
 72
     4
 94
        3
 73
     0
 74
     0
 95
        8
 96
        4
 40
0.1315905368434315
 40
0.1315905368434315
 40
0.1315905368434315
 40
0.1315905368434315
 40
0.2375517237889831
 40
0.2375517237889831
 40
0.2375517237889831
 40
0.2375517237889831
 10
1231.407375846243
 20
934.07782308606
 10
1231.407375846243
 20
934.0561237856679
 10
1231.407375846243
 20
933.9469105335762
 10
1231.407375846243
 20
933.8325728471014
 72
     4
 94
        3
 73
     0
 74
     0
 95
        8
 96
        4
 40
0.1089599694989531
 40
0.1089599694989531
 40
0.1089599694989531
 40
0.1089599694989531
 40
0.1315905368434315
 40
0.1315905368434315
 40
0.1315905368434315
 40
0.1315905368434315
 10
1231.407375846243
 20
933.8325728471014
 10
1231.407375846243
 20
933.8081532762339
 10
1231.407375846243
 20
933.783499959904
 10
1231.407375846243
 20
933.7594155326412
 72
     4
 94
        3
 73
     0
 74
     0
 95
       11
 96
        7
 40
0.99999
 40
0.99999
 40
0.99999
 40
0.99999
 40
1.108949969498952
 40
1.108949969498952
 40
1.108949969498952
 40
1.108959969498952
 40
1.108959969498952
 40
1.108959969498952
 40
1.108959969498952
 10
1231.407375846243
 20
933.7594155326412
 10
1231.407375846243
 20
933.6434556267347
 10
1231.407375846243
 20
933.5406834691644
 10
1231.407375846243
 20
933.5406834691644
 10
1231.407375846243
 20
933.5406834691644
 10
1231.407375846366
 20
933.5406834691644
 10
1231.407375846628
 20
933.5406834691644
 72
     4
 94
        3
 73
     0
 74
     0
 95
        8
 96
        4
 40
0.5288178091937078
 40
0.5288178091937078
 40
0.5288178091937078
 40
0.5288178091937078
 40
0.99999
 40
0.99999
 40
0.99999
 40
0.99999
 10
1231.407375846628
 20
933.5406834691644
 10
1231.407387843431
 20
933.5406834691644
 10
1231.690022095953
 20
933.5406834691644
 10
1231.722602307552
 20
933.5406834691644
 97
        0
 75
     0
 76
     1
 47
0.001381075429044
 98
        2
 10
1217.338228001073
 20
933.9260979904253
 10
1231.451105145056
 20
933.7457642404775
1001
ACAD
1010
0.0
1020
0.0
1030
0.0
  0
HATCH
  5
8B3
330
1F
100
AcDbEntity
  8
ºöåçæÄ
100
AcDbHatch
 10
0.0
 20
0.0
 30
0.0
210
0.0
220
0.0
230
1.0
  2
SOLID
 70
     1
 71
     0
 91
        1
 92
        5
 93
       17
 72
     4
 94
        3
 73
     0
 74
     0
 95
        8
 96
        4
 40
0.1315905368434315
 40
0.1315905368434315
 40
0.1315905368434315
 40
0.1315905368434315
 40
0.2375517237889831
 40
0.2375517237889831
 40
0.2375517237889831
 40
0.2375517237889831
 10
1231.407375846243
 20
933.8325728471014
 10
1231.407375846243
 20
933.9469105335762
 10
1231.407375846243
 20
934.0561237856679
 10
1231.407375846243
 20
934.07782308606
 72
     4
 94
        3
 73
     0
 74
     0
 95
        8
 96
        4
 40
0.00001
 40
0.00001
 40
0.00001
 40
0.00001
 40
0.0412955578466729
 40
0.0412955578466729
 40
0.0412955578466729
 40
0.0412955578466729
 10
1231.407375846366
 20
934.0778230858546
 10
1231.406334101967
 20
934.0795981975722
 10
1231.405790672851
 20
934.0805241899802
 10
1231.405790409723
 20
934.0805246383466
 72
     4
 94
        3
 73
     0
 74
     0
 95
        8
 96
        4
 40
0.928844795731247
 40
0.928844795731247
 40
0.928844795731247
 40
0.928844795731247
 40
0.9963742091355516
 40
0.9963742091355516
 40
0.9963742091355516
 40
0.9963742091355516
 10
1231.405790409629
 20
934.0805246385103
 10
1231.386128695604
 20
934.0805246385103
 10
1231.184036110203
 20
934.0805246385103
 10
1230.824331528983
 20
934.0805246385103
 72
     4
 94
        3
 73
     0
 74
     0
 95
        8
 96
        4
 40
0.0668439966093172
 40
0.0668439966093172
 40
0.0668439966093172
 40
0.0668439966093172
 40
0.1428571428571428
 40
0.1428571428571428
 40
0.1428571428571428
 40
0.1428571428571428
 10
1230.824331528983
 20
934.0805246385103
 10
1230.824331528983
 20
934.0805246385103
 10
1230.76676371258
 20
934.0805246385103
 10
1230.712890831625
 20
934.0805246385103
 72
     4
 94
        3
 73
     0
 74
     0
 95
        8
 96
        4
 40
0.9065621871304784
 40
0.9065621871304784
 40
0.9065621871304784
 40
0.9065621871304784
 40
0.9221594844628299
 40
0.9221594844628299
 40
0.9221594844628299
 40
0.9221594844628299
 10
1230.71289083156
 20
934.0805246385103
 10
1230.622658067276
 20
934.0805246385103
 10
1230.524148198793
 20
934.0805246385103
 10
1230.417667035773
 20
934.0805246385103
 72
     4
 94
        3
 73
     0
 74
     0
 95
        8
 96
        4
 40
0.7261705484908392
 40
0.7261705484908392
 40
0.7261705484908392
 40
0.7261705484908392
 40
0.9065621871304786
 40
0.9065621871304786
 40
0.9065621871304786
 40
0.9065621871304786
 10
1230.417667035773
 20
934.0805246385103
 10
1229.18615166021
 20
934.0805246385103
 10
1226.888376667669
 20
934.0805246385103
 10
1223.997441440285
 20
934.0805246385086
 72
     4
 94
        3
 73
     0
 74
     0
 95
        8
 96
        4
 40
0.645121963572518
 40
0.645121963572518
 40
0.645121963572518
 40
0.645121963572518
 40
0.7261705484908392
 40
0.7261705484908392
 40
0.7261705484908392
 40
0.7261705484908392
 10
1223.997441440285
 20
934.0805246385086
 10
1222.698566331443
 20
934.0805246385086
 10
1221.279953747925
 20
934.0805246385086
 10
1219.784511809058
 20
934.0805246385086
 72
     4
 94
        3
 73
     0
 74
     0
 95
        8
 96
        4
 40
0.1274521133428615
 40
0.1274521133428615
 40
0.1274521133428615
 40
0.1274521133428615
 40
0.1351068501839949
 40
0.1351068501839949
 40
0.1351068501839949
 40
0.1351068501839949
 10
1219.782812894921
 20
934.0805246385103
 10
1219.781697037494
 20
934.0805246385103
 10
1219.780061740758
 20
934.0805246385103
 10
1219.777969446261
 20
934.0805246385103
 72
     4
 94
        3
 73
     0
 74
     0
 95
        8
 96
        4
 40
0.1124310764304544
 40
0.1124310764304544
 40
0.1124310764304544
 40
0.1124310764304544
 40
0.1274521133428616
 40
0.1274521133428616
 40
0.1274521133428616
 40
0.1274521133428616
 10
1219.777969446261
 20
934.0805246385103
 10
1219.773863696663
 20
934.0805246385103
 10
1219.767998187383
 20
934.0805246385103
 10
1219.760844745356
 20
934.0805246385103
 72
     4
 94
        3
 73
     0
 74
     0
 95
        8
 96
        4
 40
0.0835379634855487
 40
0.0835379634855487
 40
0.0835379634855487
 40
0.0835379634855487
 40
0.1124310764304544
 40
0.1124310764304544
 40
0.1124310764304544
 40
0.1124310764304544
 10
1219.760844745356
 20
934.0805246385103
 10
1219.747085028927
 20
934.0805246385103
 10
1219.72856010264
 20
934.0805246385103
 10
1219.708627852708
 20
934.0805246385103
 72
     4
 94
        3
 73
     0
 74
     0
 95
        8
 96
        4
 40
0.070163275988506
 40
0.070163275988506
 40
0.070163275988506
 40
0.070163275988506
 40
0.0835379634855487
 40
0.0835379634855487
 40
0.0835379634855487
 40
0.0835379634855487
 10
1219.708627852708
 20
934.0805246385103
 10
1219.699401169021
 20
934.0805246385103
 10
1219.689872926126
 20
934.0805246385103
 10
1219.680376192776
 20
934.0805246385103
 72
     4
 94
        3
 73
     0
 74
     0
 95
        8
 96
        4
 40
0.6378162223904447
 40
0.6378162223904447
 40
0.6378162223904447
 40
0.6378162223904447
 40
0.6437522528129436
 40
0.6437522528129436
 40
0.6437522528129436
 40
0.6437522528129436
 10
1219.708627852716
 20
934.0805246385086
 10
1219.598911799478
 20
934.0805246385086
 10
1219.488787511388
 20
934.0805246385103
 10
1219.378271845907
 20
934.0805246385103
 72
     4
 94
        3
 73
     0
 74
     0
 95
        8
 96
        4
 40
0.6090248395601284
 40
0.6090248395601284
 40
0.6090248395601284
 40
0.6090248395601284
 40
0.6378162223904446
 40
0.6378162223904446
 40
0.6378162223904446
 40
0.6378162223904446
 10
1219.378271845907
 20
934.0805246385103
 10
1218.842240422996
 20
934.0805246385103
 10
1218.297001779257
 20
934.0805246385103
 10
1217.744479408265
 20
934.0805246385103
 72
     4
 94
        3
 73
     0
 74
     0
 95
       11
 96
        7
 40
0.509482365149223
 40
0.509482365149223
 40
0.509482365149223
 40
0.509482365149223
 40
1.0
 40
1.0
 40
1.0
 40
1.004726843688828
 40
1.004726843688828
 40
1.004726843688828
 40
1.004726843688828
 10
1217.744479408279
 20
934.080524638143
 10
1217.744479408279
 20
934.0397802825464
 10
1217.744479408279
 20
932.96556633501
 10
1217.744479408279
 20
932.96556633501
 10
1217.744479408279
 20
932.96556633501
 10
1217.744077989274
 20
932.9659653452187
 10
1217.743290330824
 20
932.9667482771681
 72
     4
 94
        3
 73
     0
 74
     0
 95
        8
 96
        4
 40
0.5
 40
0.5
 40
0.5
 40
0.5
 40
1.0
 40
1.0
 40
1.0
 40
1.0
 10
1217.744479408279
 20
933.5406834691644
 10
1217.744479408279
 20
933.5406834691644
 10
1231.407375846243
 20
933.5406834691644
 10
1231.407375846243
 20
933.5406834691644
 72
     4
 94
        3
 73
     0
 74
     0
 95
       11
 96
        7
 40
0.99999
 40
0.99999
 40
0.99999
 40
0.99999
 40
1.0
 40
1.0
 40
1.0
 40
1.108959969498952
 40
1.108959969498952
 40
1.108959969498952
 40
1.108959969498952
 10
1231.407375846628
 20
933.5406834691644
 10
1231.407375846366
 20
933.5406834691644
 10
1231.407375846243
 20
933.5406834691644
 10
1231.407375846243
 20
933.5406834691644
 10
1231.407375846243
 20
933.5406834691644
 10
1231.407375846243
 20
933.6434556267347
 10
1231.407375846243
 20
933.7594155326412
 72
     4
 94
        3
 73
     0
 74
     0
 95
        8
 96
        4
 40
0.1089599694989531
 40
0.1089599694989531
 40
0.1089599694989531
 40
0.1089599694989531
 40
0.1315905368434315
 40
0.1315905368434315
 40
0.1315905368434315
 40
0.1315905368434315
 10
1231.407375846243
 20
933.7594155326412
 10
1231.407375846243
 20
933.783499959904
 10
1231.407375846243
 20
933.8081532762339
 10
1231.407375846243
 20
933.8325728471014
 97
        0
 75
     0
 76
     1
 47
0.0021580951682975
 98
        1
 10
1224.212688795985
 20
933.8237739876317
1001
ACAD
1010
0.0
1020
0.0
1030
0.0
  0
MTEXT
  5
8B4
330
1F
100
AcDbEntity
  8
ºöåçæÄ
100
AcDbMText
 10
1209.642202680511
 20
906.8324601017579
 30
0.0
 40
4.756309862074575
 41
49.03141603724414
 71
     1
 72
     1
  1
{\fTahoma|b0|i0|c163|p34; }
 73
     1
 44
1.0
1001
ACAD
1000
MTEXTBEGIN
1070
    73
1070
     1
1070
    44
1040
1.0
1070
    74
1070
     0
1000
MTEXTEND
  0
MTEXT
  5
8B5
330
1F
100
AcDbEntity
  8
ºöåçæÄ
100
AcDbMText
 10
1204.033904840073
 20
898.2966809289406
 30
0.0
 40
4.756309862074575
 41
43.3138495681561
 71
     1
 72
     1
  1
{\fTahoma|b0|i0|c163|p34;1/4"\fTahoma|b0|i0|c0|p34; \fTahoma|b0|i0|c163|p34;Revea\fTahoma|b0|i0|c0|p34;l}
 73
     1
 44
1.0
1001
ACAD
1000
MTEXTBEGIN
1070
    73
1070
     1
1070
    44
1040
1.0
1070
    74
1070
     0
1000
MTEXTEND
  0
MTEXT
  5
8B6
330
1F
100
AcDbEntity
  8
ºöåçæÄ
100
AcDbMText
 10
1209.642202680511
 20
900.0943544638181
 30
0.0
 40
4.756309862074575
 41
43.54430018581933
 71
     1
 72
     1
  1
{\fTahoma|b0|i0|c163|p34; }
 73
     1
 44
1.0
1001
ACAD
1000
MTEXTBEGIN
1070
    73
1070
     1
1070
    44
1040
1.0
1070
    74
1070
     0
1000
MTEXTEND
  0
LEADER
  5
8B7
330
1F
100
AcDbEntity
  8
≥ﬂ¥ÁòÀ◊¢
100
AcDbLeader
  3
5-1
 74
     0
 76
     3
 10
1273.327960539524
 20
974.8332115846864
 30
0.0
 10
1247.606846849208
 20
892.0596901856502
 30
0.0
 10
1237.844176853726
 20
892.0596901856502
 30
0.0
211
0.0
221
0.0
231
0.0
  0
DIMENSION
  5
8B8
330
1F
100
AcDbEntity
  8
ºöåçæÄ
100
AcDbDimension
  2
*D21
 10
1235.954823258103
 20
946.9630763145584
 30
0.0
 11
1248.954429822911
 21
946.9630763145584
 31
0.0
 70
   160
  1
{\fTahoma|b0|i0|c163|p34;\H1.4581x;\C256;1/4"}
 71
     5
 42
0.1789709439063294
  3
in+mm
100
AcDbAlignedDimension
 13
1231.408961282864
 23
942.3029953125702
 33
0.0
 14
1235.954823258103
 24
927.8568169744104
 34
0.0
 50
0.0
100
AcDbRotatedDimension
1001
ACAD
1000
DSTYLE
1002
{
1070
    41
1040
2.0
1002
}
  0
CIRCLE
  5
8B9
330
1F
100
AcDbEntity
  8
CONT
100
AcDbCircle
 10
679.5413679227083
 20
796.5466189678778
 30
0.0
 40
2.5
  0
CIRCLE
  5
8BA
330
1F
100
AcDbEntity
  8
CONT
100
AcDbCircle
 10
978.5413679227085
 20
979.0466189678687
 30
0.0
 40
2.5
  0
DIMENSION
  5
8BB
330
1F
100
AcDbEntity
  8
0
100
AcDbDimension
  2
*D22
 10
1303.891367922709
 20
1102.660500494856
 30
0.0
 11
982.8076880780237
 21
1102.660500494856
 31
0.0
 70
   160
 71
     5
 42
650.7000000000009
  3
mm+in
100
AcDbAlignedDimension
 13
653.1913679227081
 23
796.5466189678688
 33
0.0
 14
1303.891367922709
 24
796.5466189678688
 34
0.0
 50
0.0
100
AcDbRotatedDimension
1001
ACAD_DSTYLE_DIMARC_LENGTH_SYMBOL
1070
   379
1070
     1
  0
DIMENSION
  5
8BC
330
1F
100
AcDbEntity
  8
0
100
AcDbDimension
  2
*D23
 10
659.5413679227083
 20
1063.396910418096
 30
0.0
 11
978.5413679227085
 21
1063.396910418096
 31
0.0
 70
   160
 71
     5
 42
638.0000000000006
  3
mm+in
100
AcDbAlignedDimension
 13
1297.541367922709
 23
796.5466189678688
 33
0.0
 14
659.5413679227083
 24
796.5466189678688
 34
0.0
 50
0.0
100
AcDbRotatedDimension
1001
ACAD_DSTYLE_DIMARC_LENGTH_SYMBOL
1070
   379
1070
     1
  0
DIMENSION
  5
8BD
330
1F
100
AcDbEntity
  8
0
100
AcDbDimension
  2
*D24
 10
665.8913679227087
 20
1019.19221088393
 30
0.0
 11
978.5413679227085
 21
1019.19221088393
 31
0.0
 70
   160
 71
     5
 42
625.2999999999993
  3
mm+in
100
AcDbAlignedDimension
 13
1291.191367922708
 23
796.5466189678688
 33
0.0
 14
665.8913679227087
 24
796.5466189678688
 34
0.0
 50
0.0
100
AcDbRotatedDimension
1001
ACAD_DSTYLE_DIMARC_LENGTH_SYMBOL
1070
   379
1070
     1
  0
DIMENSION
  5
8BE
330
1F
100
AcDbEntity
  8
0
100
AcDbDimension
  2
*D25
 10
1351.720655691958
 20
600.3966189678691
 30
0.0
 11
1336.970655691958
 21
796.5466189678688
 31
0.0
 70
    32
 71
     5
 42
392.2999999999993
  3
mm+in
100
AcDbAlignedDimension
 13
1199.541367922708
 23
992.6966189678683
 33
0.0
 14
1199.541367922708
 24
600.3966189678691
 34
0.0
 50
90.0
100
AcDbRotatedDimension
1001
ACAD_DSTYLE_DIMARC_LENGTH_SYMBOL
1070
   379
1070
     1
  0
DIMENSION
  5
8BF
330
1F
100
AcDbEntity
  8
0
100
AcDbDimension
  2
*D26
 10
1397.4543966585
 20
594.0466189678687
 30
0.0
 11
1383.9543966585
 21
796.5466189678688
 31
0.0
 70
    32
 71
     5
 42
404.9999999999999
  3
mm+in
100
AcDbAlignedDimension
 13
1199.541367922708
 23
999.0466189678688
 33
0.0
 14
1199.541367922708
 24
594.0466189678687
 34
0.0
 50
90.0
100
AcDbRotatedDimension
1001
ACAD_DSTYLE_DIMARC_LENGTH_SYMBOL
1070
   379
1070
     1
  0
DIMENSION
  5
8C0
330
1F
100
AcDbEntity
  8
0
100
AcDbDimension
  2
*D27
 10
1441.638377988048
 20
587.6966189678682
 30
0.0
 11
1426.888377988048
 21
796.5466189678687
 31
0.0
 70
    32
 71
     5
 42
417.7000000000005
  3
mm+in
100
AcDbAlignedDimension
 13
1199.016995331595
 23
1005.396618967869
 33
0.0
 14
1199.016995331595
 24
587.6966189678682
 34
0.0
 50
90.0
100
AcDbRotatedDimension
1001
ACAD_DSTYLE_DIMARC_LENGTH_SYMBOL
1070
   379
1070
     1
  0
INSERT
  5
8C1
330
1F
100
AcDbEntity
  8
0
100
AcDbBlockReference
  2
A$C456f260f
 10
673.9765593301442
 20
890.6977536424353
 30
0.0
 41
0.2178
 42
0.2178
 43
0.2178
  0
CIRCLE
  5
8C2
330
1F
100
AcDbEntity
  8
CONT
100
AcDbCircle
 10
978.5413679227085
 20
614.0466189678687
 30
0.0
 40
2.5
  0
CIRCLE
  5
8C3
330
1F
100
AcDbEntity
  8
CONT
100
AcDbCircle
 10
1277.541367922708
 20
796.5466189678778
 30
0.0
 40
2.5
  0
LWPOLYLINE
  5
8C5
330
1F
100
AcDbEntity
  8
—b”ÜÖ^”Ú
100
AcDbPolyline
 90
        4
 70
     1
 43
0.0
 10
261.5281165185505
 20
269.5838260351253
 10
1673.822230108459
 20
269.5838260351253
 10
1673.822230108459
 20
1260.667414519272
 10
261.5281165185505
 20
1260.667414519272
  0
LINE
  5
8C6
330
1F
100
AcDbEntity
  8
0
100
AcDbLine
 10
294.407314566516
 20
1235.962561104431
 30
0.0
 11
1640.943032060487
 21
1235.962561104431
 31
0.0
  0
LINE
  5
8C7
330
1F
100
AcDbEntity
  8
0
100
AcDbLine
 10
294.407314566516
 20
294.3609157472316
 30
0.0
 11
1640.943032060487
 21
294.3609157472298
 31
0.0
  0
LINE
  5
8C8
330
1F
100
AcDbEntity
  8
0
100
AcDbLine
 10
294.407314566516
 20
1235.962561104431
 30
0.0
 11
294.407314566516
 21
294.3609157472316
 31
0.0
  0
LINE
  5
8C9
330
1F
100
AcDbEntity
  8
0
100
AcDbLine
 10
1640.943032060487
 20
294.3609157472334
 30
0.0
 11
1640.943032060487
 21
1235.962561104431
 31
0.0
  0
MTEXT
  5
8E0
330
1F
100
AcDbEntity
  8
Œƒ◊÷
100
AcDbMText
 10
1448.044031506632
 20
375.3249080221548
 30
0.0
 40
16.03177408528481
 41
320.5284472080202
 71
     2
 72
     5
  1
{\fNSimSun|b0|i0|c134|p49;SU-27189S}
 73
     1
 44
1.0
1001
ACAD
1000
MTEXTBEGIN
1070
    73
1070
     1
1070
    44
1040
1.0
1070
    74
1070
     0
1000
MTEXTEND
1000
ACAD_MTEXT_DEFINED_HEIGHT_BEGIN
1070
    46
1040
19.37074429093382
1000
ACAD_MTEXT_DEFINED_HEIGHT_END
  0
DIMENSION
  5
8F3
330
1F
100
AcDbEntity
  8
0
100
AcDbDimension
  2
*D28
 10
757.5413679226958
 20
692.0466189678722
 30
0.0
 11
564.5669167589516
 21
609.7064158363897
 31
0.0
 70
   164
 71
     5
 42
91.64999999998741
  3
mm+in
100
AcDbRadialDimension
 15
673.2443984923819
 25
656.0779736658537
 35
0.0
 40
0.0
1001
ACAD_DSTYLE_DIMRADIAL_EXTENSION
1070
   387
1070
     1
1070
   388
1040
3.141592653589792
1070
   390
1040
-1.570796326794896
1001
ACAD_DSTYLE_DIMARC_LENGTH_SYMBOL
1070
   379
1070
     1
  0
DIMENSION
  5
8F4
330
1F
100
AcDbEntity
  8
0
100
AcDbDimension
  2
*D29
 10
757.5413679227446
 20
692.0466189678778
 30
0.0
 11
590.0704371790175
 21
571.6924640386801
 31
0.0
 70
   164
 71
     5
 42
98.00000000003571
  3
mm+in
100
AcDbRadialDimension
 15
677.9603537786631
 25
634.8551669159627
 35
0.0
 40
0.0
1001
ACAD_DSTYLE_DIMRADIAL_EXTENSION
1070
   387
1070
     1
1070
   388
1040
3.141592653589792
1070
   390
1040
-1.570796326794896
1001
ACAD_DSTYLE_DIMARC_LENGTH_SYMBOL
1070
   379
1070
     1
  0
DIMENSION
  5
8F5
330
1F
100
AcDbEntity
  8
0
100
AcDbDimension
  2
*D30
 10
757.5413679227266
 20
692.046618967856
 30
0.0
 11
607.0517508924429
 21
529.1229323348829
 31
0.0
 70
    36
 71
     5
 42
104.3500000000015
  3
mm+in
100
AcDbRadialDimension
 15
691.9923401085788
 25
610.8539625719701
 35
0.0
 40
0.0
1001
ACAD_DSTYLE_DIMRADIAL_EXTENSION
1070
   387
1070
     1
1070
   388
1040
3.141592653589792
1070
   390
1040
-1.570796326794896
1001
ACAD_DSTYLE_DIMARC_LENGTH_SYMBOL
1070
   379
1070
     1
  0
DIMENSION
  5
8F6
330
1F
100
AcDbEntity
  8
0
100
AcDbDimension
  2
*D31
 10
653.1913679227081
 20
813.4887025727135
 30
0.0
 11
565.1163679227081
 21
828.2387025727134
 31
0.0
 70
    32
 71
     5
 42
6.35000000000025
  3
mm+in
100
AcDbAlignedDimension
 13
659.5413679227083
 23
796.5466189678688
 33
0.0
 14
653.1913679227081
 24
796.5466189678688
 34
0.0
 50
0.0
100
AcDbRotatedDimension
1001
ACAD_DSTYLE_DIMARC_LENGTH_SYMBOL
1070
   379
1070
     1
  0
DIMENSION
  5
8F7
330
1F
100
AcDbEntity
  8
0
100
AcDbDimension
  2
*D32
 10
659.5413679227083
 20
763.8769245771242
 30
0.0
 11
571.4663679227083
 21
777.3769245771242
 31
0.0
 70
    32
 71
     5
 42
20.0
  3
mm+in
100
AcDbAlignedDimension
 13
679.5413679227083
 23
796.5466189678778
 33
0.0
 14
659.5413679227083
 24
796.5466189678688
 34
0.0
 50
0.0
100
AcDbRotatedDimension
1001
ACAD_DSTYLE_DIMARC_LENGTH_SYMBOL
1070
   379
1070
     1
  0
DIMENSION
  5
8F8
330
1F
100
AcDbEntity
  8
0
100
AcDbDimension
  2
*D33
 10
1279.943932825489
 20
795.8554736228676
 30
0.0
 11
1191.705933210118
 21
835.2863679048633
 31
0.0
 70
    35
 71
     5
 42
5.00000000000086
  3
mm+in
100
AcDbDiametricDimension
 15
1275.138803019928
 25
797.2377643128878
 35
0.0
 40
0.0
1001
ACAD_DSTYLE_DIMRADIAL_EXTENSION
1070
   387
1070
     1
1070
   388
1040
0.0
1070
   390
1040
0.0
1001
ACAD_DSTYLE_DIMARC_LENGTH_SYMBOL
1070
   379
1070
     1
  0
LWPOLYLINE
  5
8FB
330
1F
100
AcDbEntity
  8
0
100
AcDbPolyline
 90
        3
 70
     1
 43
0.0
 10
1062.770154423569
 20
1068.648927017186
 10
1078.093951273223
 20
1068.648927017186
 10
1070.448865825828
 20
1089.050209948122
  0
LWPOLYLINE
  5
8FC
330
1F
100
AcDbEntity
  8
0
100
AcDbPolyline
 90
        3
 70
     1
 43
0.0
 10
1390.917477871716
 20
887.2135656555187
 10
1390.917477871716
 20
902.5373625051731
 10
1370.51619494078
 20
894.8922770577777
  0
ENDSEC
  0
SECTION
  2
OBJECTS
  0
DICTIONARY
  5
C
330
0
100
AcDbDictionary
281
     1
  3
ACAD_CIP_PREVIOUS_PRODUCT_INFO
350
19E
  3
ACAD_COLOR
350
6C
  3
ACAD_DATALINK
350
247
  3
ACAD_DETAILVIEWSTYLE
350
1EB
  3
ACAD_GROUP
350
D
  3
ACAD_LAYOUT
350
1A
  3
ACAD_MATERIAL
350
6B
  3
ACAD_MLEADERSTYLE
350
DE
  3
ACAD_MLINESTYLE
350
17
  3
ACAD_PLOTSETTINGS
350
19
  3
ACAD_PLOTSTYLENAME
350
E
  3
ACAD_SCALELIST
350
B7
  3
ACAD_SECTIONVIEWSTYLE
350
1E9
  3
ACAD_TABLESTYLE
350
92
  3
ACAD_VISUALSTYLE
350
17F
  3
ACDB_RECOMPOSE_DATA
350
A4B
  3
ACDBHEADERROUNDTRIPXREC
350
C09
  3
AcDbVariableDictionary
350
59
  3
DWGPROPS
350
C0C
  0
DICTIONARY
  5
A0C
330
8
100
AcDbDictionary
280
     1
281
     1
  3
ACAD_XREC_ROUNDTRIP
360
C15
  0
DICTIONARY
  5
FA
330
2
100
AcDbDictionary
280
     1
281
     1
  3
ACAD_LAYERSTATES
360
FB
  0
DICTIONARY
  5
A00
330
10
100
AcDbDictionary
280
     1
281
     1
  3
ACAD_XREC_ROUNDTRIP
360
C0D
  0
DICTIONARY
  5
395
330
394
100
AcDbDictionary
280
     1
281
     1
  3
ACAD_XREC_ROUNDTRIP
360
C0E
  3
ADSK_XREC_LAYER_RECONCILED
360
396
  0
DICTIONARY
  5
398
330
397
100
AcDbDictionary
280
     1
281
     1
  3
ACAD_XREC_ROUNDTRIP
360
C0F
  3
ADSK_XREC_LAYER_RECONCILED
360
399
  0
DICTIONARY
  5
39B
330
39A
100
AcDbDictionary
280
     1
281
     1
  3
ACAD_XREC_ROUNDTRIP
360
C10
  3
ADSK_XREC_LAYER_RECONCILED
360
39C
  0
DICTIONARY
  5
39E
330
39D
100
AcDbDictionary
280
     1
281
     1
  3
ACAD_XREC_ROUNDTRIP
360
C11
  3
ADSK_XREC_LAYER_RECONCILED
360
39F
  0
DICTIONARY
  5
A06
330
3A0
100
AcDbDictionary
280
     1
281
     1
  3
ACAD_XREC_ROUNDTRIP
360
C12
  0
DICTIONARY
  5
A08
330
3A1
100
AcDbDictionary
280
     1
281
     1
  3
ACAD_XREC_ROUNDTRIP
360
C13
  0
DICTIONARY
  5
A0A
330
3A2
100
AcDbDictionary
280
     1
281
     1
  3
ACAD_XREC_ROUNDTRIP
360
C14
  0
DICTIONARY
  5
BAB
330
253
100
AcDbDictionary
280
     1
281
     1
  0
DICTIONARY
  5
34B
330
34A
100
AcDbDictionary
280
     1
281
     1
  3
ACAD_SORTENTS
360
655
  0
XRECORD
  5
19E
102
{ACAD_REACTORS
330
C
102
}
330
C
100
AcDbXrecord
280
     1
300
ACD
300
2013
300
ACD_F_S
  0
DICTIONARY
  5
6C
102
{ACAD_REACTORS
330
C
102
}
330
C
100
AcDbDictionary
281
     1
  0
DICTIONARY
  5
247
102
{ACAD_REACTORS
330
C
102
}
330
C
100
AcDbDictionary
280
     1
281
     1
  0
DICTIONARY
  5
1EB
102
{ACAD_REACTORS
330
C
102
}
330
C
100
AcDbDictionary
281
     1
  3
Metric50
350
1EC
  0
DICTIONARY
  5
D
102
{ACAD_REACTORS
330
C
102
}
330
C
100
AcDbDictionary
281
     1
  0
DICTIONARY
  5
1A
102
{ACAD_REACTORS
330
C
102
}
330
C
100
AcDbDictionary
281
     1
  3
Layout1
350
1E0
  3
Layout2
350
1E4
  3
Model
350
22
  0
DICTIONARY
  5
6B
102
{ACAD_REACTORS
330
C
102
}
330
C
100
AcDbDictionary
281
     1
  3
ByBlock
350
16F
  3
ByLayer
350
167
  3
Global
350
177
  0
DICTIONARY
  5
DE
102
{ACAD_REACTORS
330
C
102
}
330
C
100
AcDbDictionary
281
     1
  3
Annotative
350
246
  3
Standard
350
E1
  0
DICTIONARY
  5
17
102
{ACAD_REACTORS
330
C
102
}
330
C
100
AcDbDictionary
281
     1
  3
Standard
350
18
  0
DICTIONARY
  5
19
102
{ACAD_REACTORS
330
C
102
}
330
C
100
AcDbDictionary
281
     1
  0
ACDBDICTIONARYWDFLT
  5
E
102
{ACAD_REACTORS
330
C
102
}
330
C
100
AcDbDictionary
281
     1
  3
Normal
350
F
100
AcDbDictionaryWithDefault
340
F
  0
DICTIONARY
  5
B7
102
{ACAD_REACTORS
330
C
102
}
330
C
100
AcDbDictionary
281
     1
  3
A0
350
B8
  3
A1
350
229
  3
A2
350
22A
  3
A3
350
22B
  3
A4
350
22C
  3
A5
350
22D
  3
A6
350
22E
  3
A7
350
22F
  3
A8
350
230
  3
A9
350
231
  3
B0
350
232
  3
B1
350
233
  3
B2
350
234
  3
B3
350
235
  3
B4
350
236
  3
B5
350
237
  3
B6
350
238
  0
DICTIONARY
  5
1E9
102
{ACAD_REACTORS
330
C
102
}
330
C
100
AcDbDictionary
281
     1
  3
Metric50
350
1EA
  0
DICTIONARY
  5
92
102
{ACAD_REACTORS
330
C
102
}
330
C
100
AcDbDictionary
281
     1
  3
Standard
350
93
  0
DICTIONARY
  5
17F
102
{ACAD_REACTORS
330
C
102
}
330
C
100
AcDbDictionary
281
     1
  3
2dWireframe
350
185
  3
Basic
350
184
  3
Brighten
350
18B
  3
ColorChange
350
18F
  3
Conceptual
350
188
  3
Dim
350
18A
  3
EdgeColorOff
350
197
  3
Facepattern
350
18E
  3
Flat
350
180
  3
FlatWithEdges
350
181
  3
Gouraud
350
182
  3
GouraudWithEdges
350
183
  3
Hidden
350
187
  3
JitterOff
350
195
  3
Linepattern
350
18D
  3
OverhangOff
350
196
  3
Realistic
350
189
  3
Shaded
350
194
  3
Shaded with edges
350
193
  3
Shades of Gray
350
190
  3
Sketchy
350
191
  3
Thicken
350
18C
  3
Wireframe
350
186
  3
X-Ray
350
192
  0
XRECORD
  5
A4B
102
{ACAD_REACTORS
330
C
102
}
330
C
100
AcDbXrecord
280
     1
 90
        1
330
93
  0
DICTIONARY
  5
C09
102
{ACAD_REACTORS
330
C
102
}
330
C
100
AcDbDictionary
281
     1
  3
COLORDICT
350
C0A
  3
MATERIALDICT
350
C0B
  0
DICTIONARY
  5
59
102
{ACAD_REACTORS
330
C
102
}
330
C
100
AcDbDictionary
281
     1
  3
CANNOSCALE
350
BAD
  3
CMLEADERSTYLE
350
E9
  3
CTABLESTYLE
350
98
  3
CVIEWDETAILSTYLE
350
209
  3
CVIEWSECTIONSTYLE
350
20A
  3
DGNFRAME
350
24D
  3
DIMASSOC
350
43
  3
DWFFRAME
350
24C
  3
HIDETEXT
350
5E
  3
MSLTSCALE
350
9FA
  3
PROJECTNAME
350
B6
  0
XRECORD
  5
C0C
102
{ACAD_REACTORS
330
C
102
}
330
C
100
AcDbXrecord
280
     1
  1
DWGPROPS COOKIE
  2

  3

  4

  6

  7

  8
HZY
  9

300
=
301
=
302
=
303
=
304
=
305
=
306
=
307
=
308
=
309
=
 40
0.0
 41
2460425.631826146
 42
2461244.424152511
  1

 90
        0
  0
XRECORD
  5
C15
102
{ACAD_REACTORS
330
A0C
102
}
330
A0C
100
AcDbXrecord
280
     1
102
VTR_0.000_0.000_1.000_1.000_VISUALSTYLE
340
185
102
VTR_0.000_0.000_1.000_1.000_GRIDDISPLAY
 70
     3
102
VTR_0.000_0.000_1.000_1.000_GRIDMAJOR
 70
     5
102
VTR_0.000_0.000_1.000_1.000_DEFAULTLIGHTING
280
     1
102
VTR_0.000_0.000_1.000_1.000_DEFAULTLIGHTINGTYPE
 70
     1
102
VTR_0.000_0.000_1.000_1.000_BRIGHTNESS
141
0.0
102
VTR_0.000_0.000_1.000_1.000_CONTRAST
142
0.0
  0
DICTIONARY
  5
FB
102
{ACAD_REACTORS
330
FA
102
}
330
FA
100
AcDbDictionary
281
     1
  0
XRECORD
  5
C0D
102
{ACAD_REACTORS
330
A00
102
}
330
A00
100
AcDbXrecord
280
     1
102
MATERIAL
340
177
  0
XRECORD
  5
C0E
102
{ACAD_REACTORS
330
395
102
}
330
395
100
AcDbXrecord
280
     1
102
MATERIAL
340
177
  0
XRECORD
  5
396
102
{ACAD_REACTORS
330
395
102
}
330
395
100
AcDbXrecord
280
     1
290
     0
  0
XRECORD
  5
C0F
102
{ACAD_REACTORS
330
398
102
}
330
398
100
AcDbXrecord
280
     1
102
MATERIAL
340
177
  0
XRECORD
  5
399
102
{ACAD_REACTORS
330
398
102
}
330
398
100
AcDbXrecord
280
     1
290
     0
  0
XRECORD
  5
C10
102
{ACAD_REACTORS
330
39B
102
}
330
39B
100
AcDbXrecord
280
     1
102
MATERIAL
340
177
  0
XRECORD
  5
39C
102
{ACAD_REACTORS
330
39B
102
}
330
39B
100
AcDbXrecord
280
     1
290
     0
  0
XRECORD
  5
C11
102
{ACAD_REACTORS
330
39E
102
}
330
39E
100
AcDbXrecord
280
     1
102
MATERIAL
340
177
  0
XRECORD
  5
39F
102
{ACAD_REACTORS
330
39E
102
}
330
39E
100
AcDbXrecord
280
     1
290
     0
  0
XRECORD
  5
C12
102
{ACAD_REACTORS
330
A06
102
}
330
A06
100
AcDbXrecord
280
     1
102
MATERIAL
340
177
  0
XRECORD
  5
C13
102
{ACAD_REACTORS
330
A08
102
}
330
A08
100
AcDbXrecord
280
     1
102
MATERIAL
340
177
  0
XRECORD
  5
C14
102
{ACAD_REACTORS
330
A0A
102
}
330
A0A
100
AcDbXrecord
280
     1
102
MATERIAL
340
177
  0
SORTENTSTABLE
  5
655
102
{ACAD_REACTORS
330
34B
102
}
330
34B
100
AcDbSortentsTable
330
34A
  0
ACDBDETAILVIEWSTYLE
  5
1EC
102
{ACAD_REACTORS
330
1EB
102
}
330
1EB
100
AcDbModelDocViewStyle
 70
     0
  3
Metric50
290
     1
100
AcDbDetailViewStyle
 70
     0
 71
     0
 90
        3
 71
     1
340
11
 40
5.0
340
0
 40
5.0
300

 40
0.0
280
     1
 71
     2
340
16
 90
       25
 71
     3
340
11
 40
5.0
 90
        0
 40
15.0
 90
        1
300
%<\AcVar ViewDetailId>% (%<\AcVar ViewScale \f "%sn">%)
 71
     4
340
16
 90
       25
340
16
 90
       25
280
     0
  0
LAYOUT
  5
1E0
102
{ACAD_REACTORS
330
1A
102
}
330
1A
100
AcDbPlotSettings
  1

  2
ZWCAD Virtual Eps Plotter 1.0#:4
  4

  6

 40
0.0
 41
0.0
 42
0.0
 43
0.0
 44
0.0
 45
0.0
 46
0.0
 47
0.0
 48
0.0
 49
0.0
140
0.0
141
0.0
142
1.0
143
1.0
 70
   688
 72
     0
 73
     0
 74
     5
  7

 75
    16
147
1.0
148
0.0
149
0.0
100
AcDbLayout
  1
Layout1
 70
     1
 71
     1
 10
0.0
 20
0.0
 11
12.0
 21
9.0
 12
0.0
 22
0.0
 32
0.0
 14
0.0
 24
0.0
 34
0.0
 15
0.0
 25
0.0
 35
0.0
146
0.0
 13
0.0
 23
0.0
 33
0.0
 16
1.0
 26
0.0
 36
0.0
 17
0.0
 27
1.0
 37
0.0
 76
     0
330
1DF
  0
LAYOUT
  5
1E4
102
{ACAD_REACTORS
330
1A
102
}
330
1A
100
AcDbPlotSettings
  1

  2
ZWCAD Virtual Eps Plotter 1.0#:4
  4

  6

 40
0.0
 41
0.0
 42
0.0
 43
0.0
 44
0.0
 45
0.0
 46
0.0
 47
0.0
 48
0.0
 49
0.0
140
0.0
141
0.0
142
1.0
143
1.0
 70
   688
 72
     0
 73
     0
 74
     5
  7

 75
    16
147
1.0
148
0.0
149
0.0
100
AcDbLayout
  1
Layout2
 70
     1
 71
     2
 10
0.0
 20
0.0
 11
12.0
 21
9.0
 12
0.0
 22
0.0
 32
0.0
 14
0.0
 24
0.0
 34
0.0
 15
0.0
 25
0.0
 35
0.0
146
0.0
 13
0.0
 23
0.0
 33
0.0
 16
1.0
 26
0.0
 36
0.0
 17
0.0
 27
1.0
 37
0.0
 76
     0
330
1E3
  0
LAYOUT
  5
22
102
{ACAD_REACTORS
330
1A
102
}
330
1A
100
AcDbPlotSettings
  1

  2
none_device
  4
none_user_media
  6

 40
6.349999904632567
 41
6.349999904632567
 42
6.350006103515625
 43
6.350006103515625
 44
215.8999938964844
 45
279.3999938964844
 46
0.0
 47
93.24890429069769
 48
0.0
 49
0.0
140
0.0
141
0.0
142
1.0
143
5.333922030356133
 70
 11445
 72
     1
 73
     0
 74
     0
  7

 75
     0
147
0.1874793059045207
148
84.95211750282676
149
-33.53116226043312
100
AcDbLayout
  1
Model
 70
     1
 71
     0
 10
0.0
 20
0.0
 11
420.0
 21
297.0
 12
0.0
 22
0.0
 32
0.0
 14
1.000000000000000E+20
 24
1.000000000000000E+20
 34
1.000000000000000E+20
 15
-1.000000000000000E+20
 25
-1.000000000000000E+20
 35
-1.000000000000000E+20
146
0.0
 13
0.0
 23
0.0
 33
0.0
 16
1.0
 26
0.0
 36
0.0
 17
0.0
 27
1.0
 37
0.0
 76
     0
330
1F
331
1CC
1001
ACAD_PSEXT
1000
None
1000
None
1000
Not applicable
1000
Select a new plotter configuration name to plot the layout.
1070
     0
  0
MATERIAL
  5
16F
102
{ACAD_XDICTIONARY
360
A0E
102
}
102
{ACAD_REACTORS
330
6B
102
}
330
6B
100
AcDbMaterial
  1
ByBlock
 72
     0
 73
     2
 77
     0
 78
     2
171
     0
172
     2
175
     0
176
     2
179
     0
270
     2
274
     2
  0
MATERIAL
  5
167
102
{ACAD_XDICTIONARY
360
A10
102
}
102
{ACAD_REACTORS
330
6B
102
}
330
6B
100
AcDbMaterial
  1
ByLayer
 72
     0
 73
     2
 77
     0
 78
     2
171
     0
172
     2
175
     0
176
     2
179
     0
270
     2
274
     2
  0
MATERIAL
  5
177
102
{ACAD_XDICTIONARY
360
A12
102
}
102
{ACAD_REACTORS
330
6B
102
}
330
6B
100
AcDbMaterial
  1
Global
 72
     0
 73
     2
 77
     0
 78
     2
171
     0
172
     2
175
     0
176
     2
179
     0
270
     2
274
     2
  0
MLEADERSTYLE
  5
246
102
{ACAD_XDICTIONARY
360
A15
102
}
102
{ACAD_REACTORS
330
DE
102
}
330
DE
100
AcDbMLeaderStyle
170
     2
171
     1
172
     0
 90
        2
 40
0.0
 41
0.0
173
     1
 91
-1056964608
340
14
 92
       -2
290
     1
 42
2.0
291
     1
 43
8.0
  3
Standard
 44
4.0
300

342
11
174
     1
178
     1
175
     1
176
     0
 93
-1056964608
 45
4.0
292
     0
297
     0
 46
0.18
 94
-1056964608
 47
1.0
 49
1.0
140
1.0
293
     1
141
0.0
294
     1
177
     0
142
1.0
295
     0
296
     1
143
3.75
1001
ACAD_MLEADERVER
1070
     2
  0
MLEADERSTYLE
  5
E1
102
{ACAD_XDICTIONARY
360
A17
102
}
102
{ACAD_REACTORS
330
DE
102
}
330
DE
100
AcDbMLeaderStyle
170
     2
171
     1
172
     0
 90
        2
 40
0.0
 41
0.0
173
     1
 91
-1056964608
340
14
 92
       -2
290
     1
 42
2.0
291
     1
 43
8.0
  3
Standard
 44
4.0
300

342
11
174
     1
178
     1
175
     1
176
     0
 93
-1056964608
 45
4.0
292
     0
297
     0
 46
0.18
 94
-1056964608
 47
1.0
 49
1.0
140
1.0
293
     1
141
0.0
294
     1
177
     0
142
1.0
295
     0
296
     0
143
3.75
1001
ACAD_MLEADERVER
1070
     2
  0
MLINESTYLE
  5
18
102
{ACAD_REACTORS
330
17
102
}
330
17
100
AcDbMlineStyle
  2
STANDARD
 70
     0
  3

 62
   256
 51
90.0
 52
90.0
 71
     2
 49
0.5
 62
   256
  6
BYLAYER
 49
-0.5
 62
   256
  6
BYLAYER
  0
ACDBPLACEHOLDER
  5
F
102
{ACAD_REACTORS
330
E
102
}
330
E
  0
SCALE
  5
B8
102
{ACAD_REACTORS
330
B7
102
}
330
B7
100
AcDbScale
 70
     0
300
1:1
140
1.0
141
1.0
290
     1
  0
SCALE
  5
229
102
{ACAD_REACTORS
330
B7
102
}
330
B7
100
AcDbScale
 70
     0
300
1:2
140
1.0
141
2.0
290
     0
  0
SCALE
  5
22A
102
{ACAD_REACTORS
330
B7
102
}
330
B7
100
AcDbScale
 70
     0
300
1:4
140
1.0
141
4.0
290
     0
  0
SCALE
  5
22B
102
{ACAD_REACTORS
330
B7
102
}
330
B7
100
AcDbScale
 70
     0
300
1:5
140
1.0
141
5.0
290
     0
  0
SCALE
  5
22C
102
{ACAD_REACTORS
330
B7
102
}
330
B7
100
AcDbScale
 70
     0
300
1:8
140
1.0
141
8.0
290
     0
  0
SCALE
  5
22D
102
{ACAD_REACTORS
330
B7
102
}
330
B7
100
AcDbScale
 70
     0
300
1:10
140
1.0
141
10.0
290
     0
  0
SCALE
  5
22E
102
{ACAD_REACTORS
330
B7
102
}
330
B7
100
AcDbScale
 70
     0
300
1:16
140
1.0
141
16.0
290
     0
  0
SCALE
  5
22F
102
{ACAD_REACTORS
330
B7
102
}
330
B7
100
AcDbScale
 70
     0
300
1:20
140
1.0
141
20.0
290
     0
  0
SCALE
  5
230
102
{ACAD_REACTORS
330
B7
102
}
330
B7
100
AcDbScale
 70
     0
300
1:30
140
1.0
141
30.0
290
     0
  0
SCALE
  5
231
102
{ACAD_REACTORS
330
B7
102
}
330
B7
100
AcDbScale
 70
     0
300
1:40
140
1.0
141
40.0
290
     0
  0
SCALE
  5
232
102
{ACAD_REACTORS
330
B7
102
}
330
B7
100
AcDbScale
 70
     0
300
1:50
140
1.0
141
50.0
290
     0
  0
SCALE
  5
233
102
{ACAD_REACTORS
330
B7
102
}
330
B7
100
AcDbScale
 70
     0
300
1:100
140
1.0
141
100.0
290
     0
  0
SCALE
  5
234
102
{ACAD_REACTORS
330
B7
102
}
330
B7
100
AcDbScale
 70
     0
300
2:1
140
2.0
141
1.0
290
     0
  0
SCALE
  5
235
102
{ACAD_REACTORS
330
B7
102
}
330
B7
100
AcDbScale
 70
     0
300
4:1
140
4.0
141
1.0
290
     0
  0
SCALE
  5
236
102
{ACAD_REACTORS
330
B7
102
}
330
B7
100
AcDbScale
 70
     0
300
8:1
140
8.0
141
1.0
290
     0
  0
SCALE
  5
237
102
{ACAD_REACTORS
330
B7
102
}
330
B7
100
AcDbScale
 70
     0
300
10:1
140
10.0
141
1.0
290
     0
  0
SCALE
  5
238
102
{ACAD_REACTORS
330
B7
102
}
330
B7
100
AcDbScale
 70
     0
300
100:1
140
100.0
141
1.0
290
     0
  0
ACDBSECTIONVIEWSTYLE
  5
1EA
102
{ACAD_REACTORS
330
1E9
102
}
330
1E9
100
AcDbModelDocViewStyle
 70
     0
  3
Metric50
290
     1
100
AcDbSectionViewStyle
 70
     0
 71
     0
 90
      102
 71
     1
340
11
 40
5.0
340
0
340
0
 40
5.0
300
I, O, Q, S, X, Z
 40
10.0
 90
        0
 40
2.5
 90
        0
 71
     2
340
16
 90
       25
340
16
 90
       50
 40
5.0
 40
2.5
 40
5.0
 71
     3
340
11
 40
5.0
 90
        0
 40
15.0
 90
        1
300
%<\AcVar ViewSectionStartId>%-%<\AcVar ViewSectionEndId>% (%<\AcVar ViewScale \f "%sn">%)
 71
     4
300
ANSI31
 40
1.0
 90
        0
290
     0
290
     0
 90
        6
 40
0.0
 40
1.570796326794896
 40
0.2617993877991494
 40
1.308996938995747
 40
-0.2617993877991494
 40
1.832595714594044
  0
TABLESTYLE
  5
93
102
{ACAD_XDICTIONARY
360
249
102
}
102
{ACAD_REACTORS
330
92
102
}
330
92
100
AcDbTableStyle
  3
Standard
 70
     0
 71
     0
 40
1.5
 41
1.5
280
     0
281
     0
  7
Standard
140
4.5
170
     2
 62
     0
 63
   257
283
     0
274
    -2
284
     1
 64
     0
275
    -2
285
     1
 65
     0
276
    -2
286
     1
 66
     0
277
    -2
287
     1
 67
     0
278
    -2
288
     1
 68
     0
279
    -2
289
     1
 69
     0
  7
Standard
140
6.0
170
     5
 62
     0
 63
   257
283
     0
274
    -2
284
     1
 64
     0
275
    -2
285
     1
 65
     0
276
    -2
286
     1
 66
     0
277
    -2
287
     1
 67
     0
278
    -2
288
     1
 68
     0
279
    -2
289
     1
 69
     0
  7
Standard
140
4.5
170
     5
 62
     0
 63
   257
283
     0
274
    -2
284
     1
 64
     0
275
    -2
285
     1
 65
     0
276
    -2
286
     1
 66
     0
277
    -2
287
     1
 67
     0
278
    -2
288
     1
 68
     0
279
    -2
289
     1
 69
     0
1001
ACAD
1000
AcRTDxfName
1000
TABLESTYLE
  0
VISUALSTYLE
  5
185
102
{ACAD_XDICTIONARY
360
A1B
102
}
102
{ACAD_REACTORS
330
17F
102
}
330
17F
100
AcDbVisualStyle
  2
2dWireframe
 70
     4
 71
     0
 72
     2
 73
     0
 90
        0
 40
0.6
 41
30.0
 62
     5
 63
     7
 74
     1
 91
        4
 64
     7
 65
   257
 75
     1
175
     1
 42
1.0
 92
        0
 66
   257
 43
1.0
 76
     1
 77
     6
 78
     2
 67
     7
 79
     5
170
     0
171
     0
290
     0
174
 -4974
 93
        1
 44
0.0
173
     0
291
     0
 45
0.0
1001
ACAD
1000
AcDbSavedByObjectVersion
1070
     0
  0
VISUALSTYLE
  5
184
102
{ACAD_XDICTIONARY
360
A1D
102
}
102
{ACAD_REACTORS
330
17F
102
}
330
17F
100
AcDbVisualStyle
  2
Basic
 70
     7
 71
     1
 72
     0
 73
     1
 90
        0
 40
0.6
 41
30.0
 62
     5
 63
     7
 74
     0
 91
        4
 64
     7
 65
   257
 75
     1
175
     1
 42
1.0
 92
        8
 66
     7
 43
1.0
 76
     1
 77
     6
 78
     2
 67
     7
 79
     5
170
     0
171
     0
290
     0
174
-24780
 93
        1
 44
0.0
173
     0
291
     1
 45
0.0
1001
ACAD
1000
AcDbSavedByObjectVersion
1070
     0
  0
VISUALSTYLE
  5
18B
102
{ACAD_XDICTIONARY
360
A1F
102
}
102
{ACAD_REACTORS
330
17F
102
}
330
17F
100
AcDbVisualStyle
  2
Brighten
 70
    12
 71
     2
 72
     2
 73
     0
 90
        0
 40
0.6
 41
30.0
 62
     5
 63
     7
 74
     1
 91
        4
 64
     7
 65
   257
 75
     1
175
     1
 42
1.0
 92
        8
 66
     7
 43
1.0
 76
     1
 77
     6
 78
     2
 67
     7
 79
     5
170
     0
171
     0
290
     0
174
     0
 93
        1
 44
50.0
173
     0
291
     1
 45
0.0
1001
ACAD
1000
AcDbSavedByObjectVersion
1070
     0
  0
VISUALSTYLE
  5
18F
102
{ACAD_XDICTIONARY
360
A21
102
}
102
{ACAD_REACTORS
330
17F
102
}
330
17F
100
AcDbVisualStyle
  2
ColorChange
 70
    16
 71
     2
 72
     2
 73
     3
 90
        0
 40
0.6
 41
30.0
 62
     5
 63
     8
 74
     1
 91
        4
 64
     7
 65
   257
 75
     1
175
     1
 42
1.0
 92
        8
 66
     8
 43
1.0
 76
     1
 77
     6
 78
     2
 67
     7
 79
     5
170
     0
171
     0
290
     0
174
     0
 93
        1
 44
0.0
173
     0
291
     1
 45
0.0
1001
ACAD
1000
AcDbSavedByObjectVersion
1070
     0
  0
VISUALSTYLE
  5
188
102
{ACAD_XDICTIONARY
360
A23
102
}
102
{ACAD_REACTORS
330
17F
102
}
330
17F
100
AcDbVisualStyle
  2
Conceptual
 70
     9
 71
     3
 72
     2
 73
     0
 90
        0
 40
0.6
 41
30.0
 62
     5
 63
     7
 74
     2
 91
        2
 64
     7
 65
   257
 75
     1
175
     1
 42
179.0
 92
        8
 66
     7
 43
1.0
 76
     1
 77
     6
 78
     2
 67
     7
 79
     3
170
     0
171
     0
290
     0
174
     0
 93
        1
 44
0.0
173
     0
291
     0
 45
0.0
1001
ACAD
1000
AcDbSavedByObjectVersion
1070
     0
  0
VISUALSTYLE
  5
18A
102
{ACAD_XDICTIONARY
360
A25
102
}
102
{ACAD_REACTORS
330
17F
102
}
330
17F
100
AcDbVisualStyle
  2
Dim
 70
    11
 71
     2
 72
     2
 73
     0
 90
        0
 40
0.6
 41
30.0
 62
     5
 63
     7
 74
     1
 91
        4
 64
     7
 65
   257
 75
     1
175
     1
 42
1.0
 92
        8
 66
     7
 43
1.0
 76
     1
 77
     6
 78
     2
 67
     7
 79
     5
170
     0
171
     0
290
     0
174
     0
 93
        1
 44
-50.0
173
     0
291
     1
 45
0.0
1001
ACAD
1000
AcDbSavedByObjectVersion
1070
     0
  0
VISUALSTYLE
  5
197
102
{ACAD_XDICTIONARY
360
A27
102
}
102
{ACAD_REACTORS
330
17F
102
}
330
17F
100
AcDbVisualStyle
  2
EdgeColorOff
 70
    22
 71
     2
 72
     2
 73
     0
 90
        0
 40
0.6
 41
30.0
 62
     5
 63
     7
 74
     1
 91
        4
 64
     7
 65
   257
 75
     1
175
     1
 42
1.0
 92
        8
 66
     7
 43
1.0
 76
     1
 77
     6
 78
     2
 67
     7
 79
     5
170
     0
171
     0
290
     0
174
     0
 93
        1
 44
0.0
173
     0
291
     1
 45
0.0
1001
ACAD
1000
AcDbSavedByObjectVersion
1070
     0
  0
VISUALSTYLE
  5
18E
102
{ACAD_XDICTIONARY
360
A29
102
}
102
{ACAD_REACTORS
330
17F
102
}
330
17F
100
AcDbVisualStyle
  2
Facepattern
 70
    15
 71
     2
 72
     2
 73
     0
 90
        0
 40
0.6
 41
30.0
 62
     5
 63
     7
 74
     1
 91
        4
 64
     7
 65
   257
 75
     1
175
     1
 42
1.0
 92
        8
 66
     7
 43
1.0
 76
     1
 77
     6
 78
     2
 67
     7
 79
     5
170
     0
171
     0
290
     0
174
     0
 93
        1
 44
0.0
173
     0
291
     1
 45
0.0
1001
ACAD
1000
AcDbSavedByObjectVersion
1070
     0
  0
VISUALSTYLE
  5
180
102
{ACAD_XDICTIONARY
360
A2B
102
}
102
{ACAD_REACTORS
330
17F
102
}
330
17F
100
AcDbVisualStyle
  2
Flat
 70
     0
 71
     2
 72
     1
 73
     1
 90
        2
 40
0.6
 41
30.0
 62
     5
 63
     7
 74
     0
 91
        0
 64
     7
 65
   257
 75
     1
175
     1
 42
1.0
 92
        8
 66
     7
 43
1.0
 76
     1
 77
     6
 78
     2
 67
     7
 79
     5
170
     0
171
     0
290
     0
174
     0
 93
       13
 44
0.0
173
     0
291
     1
 45
0.0
1001
ACAD
1000
AcDbSavedByObjectVersion
1070
     0
  0
VISUALSTYLE
  5
181
102
{ACAD_XDICTIONARY
360
A2D
102
}
102
{ACAD_REACTORS
330
17F
102
}
330
17F
100
AcDbVisualStyle
  2
FlatWithEdges
 70
     1
 71
     2
 72
     1
 73
     1
 90
        2
 40
0.6
 41
30.0
 62
     5
 63
     7
 74
     1
 91
        0
 64
     7
 65
   257
 75
     1
175
     1
 42
1.0
 92
        0
 66
   257
 43
1.0
 76
     1
 77
     6
 78
     2
 67
     7
 79
     5
170
     0
171
     0
290
     0
174
     0
 93
       13
 44
0.0
173
     0
291
     1
 45
0.0
1001
ACAD
1000
AcDbSavedByObjectVersion
1070
     0
  0
VISUALSTYLE
  5
182
102
{ACAD_XDICTIONARY
360
A2F
102
}
102
{ACAD_REACTORS
330
17F
102
}
330
17F
100
AcDbVisualStyle
  2
Gouraud
 70
     2
 71
     2
 72
     2
 73
     1
 90
        2
 40
0.6
 41
30.0
 62
     5
 63
     7
 74
     0
 91
        0
 64
     7
 65
   257
 75
     1
175
     1
 42
1.0
 92
        0
 66
     7
 43
1.0
 76
     1
 77
     6
 78
     2
 67
     7
 79
     5
170
     0
171
     0
290
     0
174
 -4974
 93
       13
 44
0.0
173
     0
291
     1
 45
0.0
1001
ACAD
1000
AcDbSavedByObjectVersion
1070
     0
  0
VISUALSTYLE
  5
183
102
{ACAD_XDICTIONARY
360
A31
102
}
102
{ACAD_REACTORS
330
17F
102
}
330
17F
100
AcDbVisualStyle
  2
GouraudWithEdges
 70
     3
 71
     2
 72
     2
 73
     1
 90
        2
 40
0.6
 41
30.0
 62
     5
 63
     7
 74
     1
 91
        0
 64
     7
 65
   257
 75
     1
175
     1
 42
1.0
 92
        0
 66
   257
 43
1.0
 76
     1
 77
     6
 78
     2
 67
     7
 79
     5
170
     0
171
     0
290
     0
174
-24780
 93
       13
 44
0.0
173
     0
291
     1
 45
0.0
1001
ACAD
1000
AcDbSavedByObjectVersion
1070
     0
  0
VISUALSTYLE
  5
187
102
{ACAD_XDICTIONARY
360
A33
102
}
102
{ACAD_REACTORS
330
17F
102
}
330
17F
100
AcDbVisualStyle
  2
Hidden
 70
     6
 71
     1
 72
     2
 73
     2
 90
        0
 40
0.6
 41
30.0
 62
     5
 63
     7
 74
     2
 91
        2
 64
     7
 65
   257
 75
     2
175
     1
 42
40.0
 92
        0
 66
   257
 43
1.0
 76
     1
 77
     6
 78
     2
 67
     7
 79
     3
170
     0
171
     0
290
     0
174
     0
 93
        1
 44
0.0
173
     0
291
     0
 45
0.0
1001
ACAD
1000
AcDbSavedByObjectVersion
1070
     0
  0
VISUALSTYLE
  5
195
102
{ACAD_XDICTIONARY
360
A35
102
}
102
{ACAD_REACTORS
330
17F
102
}
330
17F
100
AcDbVisualStyle
  2
JitterOff
 70
    20
 71
     2
 72
     2
 73
     0
 90
        0
 40
0.6
 41
30.0
 62
     5
 63
     7
 74
     1
 91
        4
 64
     7
 65
   257
 75
     1
175
     1
 42
1.0
 92
       10
 66
     7
 43
1.0
 76
     1
 77
     6
 78
     2
 67
     7
 79
     5
170
     0
171
     0
290
     0
174
     0
 93
        1
 44
0.0
173
     0
291
     1
 45
0.0
1001
ACAD
1000
AcDbSavedByObjectVersion
1070
     0
  0
VISUALSTYLE
  5
18D
102
{ACAD_XDICTIONARY
360
A37
102
}
102
{ACAD_REACTORS
330
17F
102
}
330
17F
100
AcDbVisualStyle
  2
Linepattern
 70
    14
 71
     2
 72
     2
 73
     0
 90
        0
 40
0.6
 41
30.0
 62
     5
 63
     7
 74
     1
 91
        4
 64
     7
 65
   257
 75
     7
175
     7
 42
1.0
 92
        8
 66
     7
 43
1.0
 76
     1
 77
     6
 78
     2
 67
     7
 79
     5
170
     0
171
     0
290
     0
174
     0
 93
        1
 44
0.0
173
     0
291
     1
 45
0.0
1001
ACAD
1000
AcDbSavedByObjectVersion
1070
     0
  0
VISUALSTYLE
  5
196
102
{ACAD_XDICTIONARY
360
A39
102
}
102
{ACAD_REACTORS
330
17F
102
}
330
17F
100
AcDbVisualStyle
  2
OverhangOff
 70
    21
 71
     2
 72
     2
 73
     0
 90
        0
 40
0.6
 41
30.0
 62
     5
 63
     7
 74
     1
 91
        4
 64
     7
 65
   257
 75
     1
175
     1
 42
1.0
 92
        9
 66
     7
 43
1.0
 76
     1
 77
     6
 78
     2
 67
     7
 79
     5
170
     0
171
     0
290
     0
174
     0
 93
        1
 44
0.0
173
     0
291
     1
 45
0.0
1001
ACAD
1000
AcDbSavedByObjectVersion
1070
     0
  0
VISUALSTYLE
  5
189
102
{ACAD_XDICTIONARY
360
A3B
102
}
102
{ACAD_REACTORS
330
17F
102
}
330
17F
100
AcDbVisualStyle
  2
Realistic
 70
     8
 71
     2
 72
     3
 73
     0
 90
        2
 40
0.6
 41
30.0
 62
     5
 63
     7
 74
     0
 91
        0
 64
     7
 65
   257
 75
     1
175
     1
 42
1.0
 92
        8
 66
   257
 43
1.0
 76
     1
 77
     6
 78
     2
 67
     7
 79
     3
170
     0
171
     0
290
     0
174
     0
 93
       13
 44
0.0
173
     0
291
     0
 45
0.0
1001
ACAD
1000
AcDbSavedByObjectVersion
1070
     0
  0
VISUALSTYLE
  5
194
102
{ACAD_XDICTIONARY
360
A3D
102
}
102
{ACAD_REACTORS
330
17F
102
}
330
17F
100
AcDbVisualStyle
  2
Shaded
 70
    27
 71
     2
 72
     2
 73
     1
 90
        2
 40
0.6
 41
30.0
 62
     5
 63
     7
 74
     0
 91
        4
 64
     7
 65
   257
 75
     1
175
     1
 42
1.0
 92
        8
 66
   257
 43
1.0
 76
     1
 77
     6
 78
     2
 67
     8
 79
     3
170
     0
171
     0
290
     0
174
     0
 93
        5
 44
0.0
173
     0
291
     0
 45
0.0
1001
ACAD
1000
AcDbSavedByObjectVersion
1070
     0
  0
VISUALSTYLE
  5
193
102
{ACAD_XDICTIONARY
360
A3F
102
}
102
{ACAD_REACTORS
330
17F
102
}
330
17F
100
AcDbVisualStyle
  2
Shaded with edges
 70
    26
 71
     2
 72
     2
 73
     1
 90
        2
 40
0.6
 41
30.0
 62
     5
 63
     7
 74
     1
 91
       10
 64
     7
 65
   257
 75
     2
175
     1
 42
1.0
 92
        8
 66
   257
 43
1.0
 76
     1
 77
     6
 78
     2
 67
     7
 79
     3
170
     0
171
     0
290
     0
174
-25989
 93
        5
 44
0.0
173
     0
291
     0
 45
0.0
1001
ACAD
1000
AcDbSavedByObjectVersion
1070
     0
  0
VISUALSTYLE
  5
190
102
{ACAD_XDICTIONARY
360
A41
102
}
102
{ACAD_REACTORS
330
17F
102
}
330
17F
100
AcDbVisualStyle
  2
Shades of Gray
 70
    23
 71
     2
 72
     2
 73
     3
 90
        0
 40
0.6
 41
30.0
 62
     5
 63
     7
 74
     2
 91
        2
 64
     7
 65
     7
 75
     1
175
     1
 42
40.0
 92
        8
 66
     7
 43
1.0
 76
     1
 77
     6
 78
     2
 67
     7
 79
     3
170
     0
171
     0
290
     0
174
     0
 93
        1
 44
0.0
173
     0
291
     0
 45
0.0
1001
ACAD
1000
AcDbSavedByObjectVersion
1070
     0
  0
VISUALSTYLE
  5
191
102
{ACAD_XDICTIONARY
360
A43
102
}
102
{ACAD_REACTORS
330
17F
102
}
330
17F
100
AcDbVisualStyle
  2
Sketchy
 70
    24
 71
     1
 72
     2
 73
     2
 90
        0
 40
0.6
 41
30.0
 62
     5
 63
     7
 74
     2
 91
        2
 64
     7
 65
     7
 75
     1
175
     1
 42
40.0
 92
       11
 66
     7
 43
1.0
 76
     1
 77
     6
 78
     2
 67
     7
 79
     6
170
     0
171
     0
290
     0
174
     0
 93
        1
 44
0.0
173
     0
291
     0
 45
0.0
1001
ACAD
1000
AcDbSavedByObjectVersion
1070
     0
  0
VISUALSTYLE
  5
18C
102
{ACAD_XDICTIONARY
360
A45
102
}
102
{ACAD_REACTORS
330
17F
102
}
330
17F
100
AcDbVisualStyle
  2
Thicken
 70
    13
 71
     2
 72
     2
 73
     0
 90
        0
 40
0.6
 41
30.0
 62
     5
 63
     7
 74
     1
 91
        4
 64
     7
 65
   257
 75
     1
175
     1
 42
1.0
 92
       12
 66
     7
 43
1.0
 76
     1
 77
     6
 78
     2
 67
     7
 79
     5
170
     0
171
     0
290
     0
174
     0
 93
        1
 44
0.0
173
     0
291
     1
 45
0.0
1001
ACAD
1000
AcDbSavedByObjectVersion
1070
     0
  0
VISUALSTYLE
  5
186
102
{ACAD_XDICTIONARY
360
A47
102
}
102
{ACAD_REACTORS
330
17F
102
}
330
17F
100
AcDbVisualStyle
  2
Wireframe
 70
     5
 71
     0
 72
     2
 73
     0
 90
        0
 40
0.6
 41
30.0
 62
     5
 63
     7
 74
     1
 91
        4
 64
     7
 65
   257
 75
     1
175
     1
 42
1.0
 92
        0
 66
   257
 43
1.0
 76
     1
 77
     6
 78
     2
 67
     7
 79
     3
170
     0
171
     0
290
     0
174
     0
 93
        1
 44
0.0
173
     0
291
     0
 45
0.0
1001
ACAD
1000
AcDbSavedByObjectVersion
1070
     0
  0
VISUALSTYLE
  5
192
102
{ACAD_XDICTIONARY
360
A49
102
}
102
{ACAD_REACTORS
330
17F
102
}
330
17F
100
AcDbVisualStyle
  2
X-Ray
 70
    25
 71
     2
 72
     2
 73
     1
 90
        1
 40
0.5
 41
30.0
 62
     5
 63
     7
 74
     1
 91
        0
 64
     7
 65
   257
 75
     1
175
     1
 42
1.0
 92
        8
 66
     7
 43
1.0
 76
     1
 77
     6
 78
     2
 67
     7
 79
     3
170
     0
171
     0
290
     0
174
-24780
 93
       13
 44
0.0
173
     0
291
     0
 45
0.0
1001
ACAD
1000
AcDbSavedByObjectVersion
1070
     0
  0
XRECORD
  5
C0A
102
{ACAD_REACTORS
330
C09
102
}
330
C09
100
AcDbXrecord
280
     1
340
6C
  0
XRECORD
  5
C0B
102
{ACAD_REACTORS
330
C09
102
}
330
C09
100
AcDbXrecord
280
     1
340
6B
  0
DICTIONARYVAR
  5
BAD
102
{ACAD_REACTORS
330
59
102
}
330
59
100
DictionaryVariables
280
     0
  1
1:1
  0
DICTIONARYVAR
  5
E9
102
{ACAD_REACTORS
330
59
102
}
330
59
100
DictionaryVariables
280
     0
  1
STANDARD
  0
DICTIONARYVAR
  5
98
102
{ACAD_REACTORS
330
59
102
}
330
59
100
DictionaryVariables
280
     0
  1
STANDARD
  0
DICTIONARYVAR
  5
209
102
{ACAD_REACTORS
330
59
102
}
330
59
100
DictionaryVariables
280
     0
  1
Metric50
  0
DICTIONARYVAR
  5
20A
102
{ACAD_REACTORS
330
59
102
}
330
59
100
DictionaryVariables
280
     0
  1
Metric50
  0
DICTIONARYVAR
  5
24D
102
{ACAD_REACTORS
330
59
102
}
330
59
100
DictionaryVariables
280
     0
  1
1
  0
DICTIONARYVAR
  5
43
102
{ACAD_REACTORS
330
59
102
}
330
59
100
DictionaryVariables
280
     0
  1
2
  0
DICTIONARYVAR
  5
24C
102
{ACAD_REACTORS
330
59
102
}
330
59
100
DictionaryVariables
280
     0
  1
1
  0
DICTIONARYVAR
  5
5E
102
{ACAD_REACTORS
330
59
102
}
330
59
100
DictionaryVariables
280
     0
  1
1
  0
DICTIONARYVAR
  5
9FA
102
{ACAD_REACTORS
330
59
102
}
330
59
100
DictionaryVariables
280
     0
  1
1
  0
DICTIONARYVAR
  5
B6
102
{ACAD_REACTORS
330
59
102
}
330
59
100
DictionaryVariables
280
     0
  1

  0
DICTIONARY
  5
A0E
330
16F
100
AcDbDictionary
280
     1
281
     1
  3
ACAD_XREC_ROUNDTRIP
360
C16
  0
DICTIONARY
  5
A10
330
167
100
AcDbDictionary
280
     1
281
     1
  3
ACAD_XREC_ROUNDTRIP
360
C17
  0
DICTIONARY
  5
A12
330
177
100
AcDbDictionary
280
     1
281
     1
  3
ACAD_XREC_ROUNDTRIP
360
C18
  0
DICTIONARY
  5
A15
330
246
100
AcDbDictionary
280
     1
281
     1
  3
ACAD_XREC_ROUNDTRIP
360
C19
  0
DICTIONARY
  5
A17
330
E1
100
AcDbDictionary
280
     1
281
     1
  3
ACAD_XREC_ROUNDTRIP
360
C1A
  0
DICTIONARY
  5
249
330
93
100
AcDbDictionary
280
     1
281
     1
  3
ACAD_ROUNDTRIP_2008_TABLESTYLE_CELLSTYLEMAP
360
C1C
  3
ACAD_XREC_ROUNDTRIP
360
C1B
  0
DICTIONARY
  5
A1B
330
185
100
AcDbDictionary
280
     1
281
     1
  3
ACAD_XREC_ROUNDTRIP
360
C1D
  0
DICTIONARY
  5
A1D
330
184
100
AcDbDictionary
280
     1
281
     1
  3
ACAD_XREC_ROUNDTRIP
360
C1E
  0
DICTIONARY
  5
A1F
330
18B
100
AcDbDictionary
280
     1
281
     1
  3
ACAD_XREC_ROUNDTRIP
360
C1F
  0
DICTIONARY
  5
A21
330
18F
100
AcDbDictionary
280
     1
281
     1
  3
ACAD_XREC_ROUNDTRIP
360
C20
  0
DICTIONARY
  5
A23
330
188
100
AcDbDictionary
280
     1
281
     1
  3
ACAD_XREC_ROUNDTRIP
360
C21
  0
DICTIONARY
  5
A25
330
18A
100
AcDbDictionary
280
     1
281
     1
  3
ACAD_XREC_ROUNDTRIP
360
C22
  0
DICTIONARY
  5
A27
330
197
100
AcDbDictionary
280
     1
281
     1
  3
ACAD_XREC_ROUNDTRIP
360
C23
  0
DICTIONARY
  5
A29
330
18E
100
AcDbDictionary
280
     1
281
     1
  3
ACAD_XREC_ROUNDTRIP
360
C24
  0
DICTIONARY
  5
A2B
330
180
100
AcDbDictionary
280
     1
281
     1
  3
ACAD_XREC_ROUNDTRIP
360
C25
  0
DICTIONARY
  5
A2D
330
181
100
AcDbDictionary
280
     1
281
     1
  3
ACAD_XREC_ROUNDTRIP
360
C26
  0
DICTIONARY
  5
A2F
330
182
100
AcDbDictionary
280
     1
281
     1
  3
ACAD_XREC_ROUNDTRIP
360
C27
  0
DICTIONARY
  5
A31
330
183
100
AcDbDictionary
280
     1
281
     1
  3
ACAD_XREC_ROUNDTRIP
360
C28
  0
DICTIONARY
  5
A33
330
187
100
AcDbDictionary
280
     1
281
     1
  3
ACAD_XREC_ROUNDTRIP
360
C29
  0
DICTIONARY
  5
A35
330
195
100
AcDbDictionary
280
     1
281
     1
  3
ACAD_XREC_ROUNDTRIP
360
C2A
  0
DICTIONARY
  5
A37
330
18D
100
AcDbDictionary
280
     1
281
     1
  3
ACAD_XREC_ROUNDTRIP
360
C2B
  0
DICTIONARY
  5
A39
330
196
100
AcDbDictionary
280
     1
281
     1
  3
ACAD_XREC_ROUNDTRIP
360
C2C
  0
DICTIONARY
  5
A3B
330
189
100
AcDbDictionary
280
     1
281
     1
  3
ACAD_XREC_ROUNDTRIP
360
C2D
  0
DICTIONARY
  5
A3D
330
194
100
AcDbDictionary
280
     1
281
     1
  3
ACAD_XREC_ROUNDTRIP
360
C2E
  0
DICTIONARY
  5
A3F
330
193
100
AcDbDictionary
280
     1
281
     1
  3
ACAD_XREC_ROUNDTRIP
360
C2F
  0
DICTIONARY
  5
A41
330
190
100
AcDbDictionary
280
     1
281
     1
  3
ACAD_XREC_ROUNDTRIP
360
C30
  0
DICTIONARY
  5
A43
330
191
100
AcDbDictionary
280
     1
281
     1
  3
ACAD_XREC_ROUNDTRIP
360
C31
  0
DICTIONARY
  5
A45
330
18C
100
AcDbDictionary
280
     1
281
     1
  3
ACAD_XREC_ROUNDTRIP
360
C32
  0
DICTIONARY
  5
A47
330
186
100
AcDbDictionary
280
     1
281
     1
  3
ACAD_XREC_ROUNDTRIP
360
C33
  0
DICTIONARY
  5
A49
330
192
100
AcDbDictionary
280
     1
281
     1
  3
ACAD_XREC_ROUNDTRIP
360
C34
  0
XRECORD
  5
C16
102
{ACAD_REACTORS
330
A0E
102
}
330
A0E
100
AcDbXrecord
280
     1
102
MATERIAL
148
0.0
149
0.0
149
0.0
 93
        0
 94
      127
282
     0
 72
     0
 77
     0
171
     0
175
     0
179
     0
273
     0
  0
XRECORD
  5
C17
102
{ACAD_REACTORS
330
A10
102
}
330
A10
100
AcDbXrecord
280
     1
102
MATERIAL
148
0.0
149
0.0
149
0.0
 93
        0
 94
      127
282
     0
 72
     0
 77
     0
171
     0
175
     0
179
     0
273
     0
  0
XRECORD
  5
C18
102
{ACAD_REACTORS
330
A12
102
}
330
A12
100
AcDbXrecord
280
     1
102
MATERIAL
148
0.0
149
0.0
149
0.0
 93
        0
 94
      127
282
     0
 72
     0
 77
     0
171
     0
175
     0
179
     0
273
     0
  0
XRECORD
  5
C19
102
{ACAD_REACTORS
330
A15
102
}
330
A15
100
AcDbXrecord
280
     1
102
ACAD_ROUNDTRIP_2010_MLEADER_STYLE
  0
XRECORD
  5
C1A
102
{ACAD_REACTORS
330
A17
102
}
330
A17
100
AcDbXrecord
280
     1
102
ACAD_ROUNDTRIP_2010_MLEADER_STYLE
  0
CELLSTYLEMAP
  5
C1C
102
{ACAD_REACTORS
330
249
102
}
330
249
100
AcDbCellStyleMap
 90
        3
300
CELLSTYLE
  1
TABLEFORMAT_BEGIN
 90
        5
170
     1
 91
        0
 92
    32768
 62
   257
 93
        1
300
CONTENTFORMAT
  1
CONTENTFORMAT_BEGIN
 90
        0
 91
        0
 92
      512
 93
        0
300

 40
0.0
140
1.0
 94
        5
 62
     0
340
11
144
6.0
309
CONTENTFORMAT_END
171
     1
301
MARGIN
  1
CELLMARGIN_BEGIN
 40
1.5
 40
1.5
 40
1.5
 40
1.5
 40
0.18
 40
0.18
309
CELLMARGIN_END
 94
        6
 95
        1
302
GRIDFORMAT
  1
GRIDFORMAT_BEGIN
 90
        0
 91
        1
 62
     0
 92
       -2
340
0
 93
        0
 40
0.045
309
GRIDFORMAT_END
 95
        2
302
GRIDFORMAT
  1
GRIDFORMAT_BEGIN
 90
        0
 91
        1
 62
     0
 92
       -2
340
0
 93
        0
 40
0.045
309
GRIDFORMAT_END
 95
        4
302
GRIDFORMAT
  1
GRIDFORMAT_BEGIN
 90
        0
 91
        1
 62
     0
 92
       -2
340
0
 93
        0
 40
0.045
309
GRIDFORMAT_END
 95
        8
302
GRIDFORMAT
  1
GRIDFORMAT_BEGIN
 90
        0
 91
        1
 62
     0
 92
       -2
340
0
 93
        0
 40
0.045
309
GRIDFORMAT_END
 95
       16
302
GRIDFORMAT
  1
GRIDFORMAT_BEGIN
 90
        0
 91
        1
 62
     0
 92
       -2
340
0
 93
        0
 40
0.045
309
GRIDFORMAT_END
 95
       32
302
GRIDFORMAT
  1
GRIDFORMAT_BEGIN
 90
        0
 91
        1
 62
     0
 92
       -2
340
0
 93
        0
 40
0.045
309
GRIDFORMAT_END
309
TABLEFORMAT_END
  1
CELLSTYLE_BEGIN
 90
        1
 91
        1
300
_TITLE
309
CELLSTYLE_END
300
CELLSTYLE
  1
TABLEFORMAT_BEGIN
 90
        5
170
     1
 91
        0
 92
        0
 62
   257
 93
        1
300
CONTENTFORMAT
  1
CONTENTFORMAT_BEGIN
 90
        0
 91
        0
 92
      512
 93
        0
300

 40
0.0
140
1.0
 94
        5
 62
     0
340
11
144
4.5
309
CONTENTFORMAT_END
171
     1
301
MARGIN
  1
CELLMARGIN_BEGIN
 40
1.5
 40
1.5
 40
1.5
 40
1.5
 40
0.18
 40
0.18
309
CELLMARGIN_END
 94
        6
 95
        1
302
GRIDFORMAT
  1
GRIDFORMAT_BEGIN
 90
        0
 91
        1
 62
     0
 92
       -2
340
0
 93
        0
 40
0.045
309
GRIDFORMAT_END
 95
        2
302
GRIDFORMAT
  1
GRIDFORMAT_BEGIN
 90
        0
 91
        1
 62
     0
 92
       -2
340
0
 93
        0
 40
0.045
309
GRIDFORMAT_END
 95
        4
302
GRIDFORMAT
  1
GRIDFORMAT_BEGIN
 90
        0
 91
        1
 62
     0
 92
       -2
340
0
 93
        0
 40
0.045
309
GRIDFORMAT_END
 95
        8
302
GRIDFORMAT
  1
GRIDFORMAT_BEGIN
 90
        0
 91
        1
 62
     0
 92
       -2
340
0
 93
        0
 40
0.045
309
GRIDFORMAT_END
 95
       16
302
GRIDFORMAT
  1
GRIDFORMAT_BEGIN
 90
        0
 91
        1
 62
     0
 92
       -2
340
0
 93
        0
 40
0.045
309
GRIDFORMAT_END
 95
       32
302
GRIDFORMAT
  1
GRIDFORMAT_BEGIN
 90
        0
 91
        1
 62
     0
 92
       -2
340
0
 93
        0
 40
0.045
309
GRIDFORMAT_END
309
TABLEFORMAT_END
  1
CELLSTYLE_BEGIN
 90
        2
 91
        1
300
_HEADER
309
CELLSTYLE_END
300
CELLSTYLE
  1
TABLEFORMAT_BEGIN
 90
        5
170
     1
 91
        0
 92
        0
 62
   257
 93
        1
300
CONTENTFORMAT
  1
CONTENTFORMAT_BEGIN
 90
        0
 91
        0
 92
      512
 93
        0
300

 40
0.0
140
1.0
 94
        2
 62
     0
340
11
144
4.5
309
CONTENTFORMAT_END
171
     1
301
MARGIN
  1
CELLMARGIN_BEGIN
 40
1.5
 40
1.5
 40
1.5
 40
1.5
 40
0.18
 40
0.18
309
CELLMARGIN_END
 94
        6
 95
        1
302
GRIDFORMAT
  1
GRIDFORMAT_BEGIN
 90
        0
 91
        1
 62
     0
 92
       -2
340
0
 93
        0
 40
0.045
309
GRIDFORMAT_END
 95
        2
302
GRIDFORMAT
  1
GRIDFORMAT_BEGIN
 90
        0
 91
        1
 62
     0
 92
       -2
340
0
 93
        0
 40
0.045
309
GRIDFORMAT_END
 95
        4
302
GRIDFORMAT
  1
GRIDFORMAT_BEGIN
 90
        0
 91
        1
 62
     0
 92
       -2
340
0
 93
        0
 40
0.045
309
GRIDFORMAT_END
 95
        8
302
GRIDFORMAT
  1
GRIDFORMAT_BEGIN
 90
        0
 91
        1
 62
     0
 92
       -2
340
0
 93
        0
 40
0.045
309
GRIDFORMAT_END
 95
       16
302
GRIDFORMAT
  1
GRIDFORMAT_BEGIN
 90
        0
 91
        1
 62
     0
 92
       -2
340
0
 93
        0
 40
0.045
309
GRIDFORMAT_END
 95
       32
302
GRIDFORMAT
  1
GRIDFORMAT_BEGIN
 90
        0
 91
        1
 62
     0
 92
       -2
340
0
 93
        0
 40
0.045
309
GRIDFORMAT_END
309
TABLEFORMAT_END
  1
CELLSTYLE_BEGIN
 90
        3
 91
        2
300
_DATA
309
CELLSTYLE_END
  0
XRECORD
  5
C1B
102
{ACAD_REACTORS
330
249
102
}
330
249
100
AcDbXrecord
280
     1
102
ACAD_ROUNDTRIP_PRE2007_TABLESTYLE
 90
      512
 91
        0
  1

 92
      512
 93
        0
  2

 94
      512
 95
        0
  3

  0
XRECORD
  5
C1D
102
{ACAD_REACTORS
330
A1B
102
}
330
A1B
100
AcDbXrecord
280
     1
102
RTVSPropertyOp0
 70
     1
102
RTVSPropertyOp1
 70
     1
102
RTVSPropertyOp2
 70
     1
102
RTVSPropertyOp3
 70
     1
102
RTVSPropertyOp4
 70
     1
102
RTVSPropertyOp5
 70
     1
102
RTVSPropertyOp6
 70
     1
102
RTVSPropertyOp7
 70
     1
102
RTVSPropertyOp8
 70
     1
102
RTVSPropertyOp9
 70
     1
102
RTVSPropertyOp10
 70
     1
102
RTVSPropertyOp11
 70
     1
102
RTVSPropertyOp12
 70
     1
102
RTVSPropertyOp13
 70
     1
102
RTVSPropertyOp14
 70
     1
102
RTVSPropertyOp15
 70
     1
102
RTVSPropertyOp16
 70
     1
102
RTVSPropertyOp17
 70
     1
102
RTVSPropertyOp18
 70
     1
102
RTVSPropertyOp19
 70
     1
102
RTVSPropertyOp20
 70
     1
102
RTVSPropertyOp21
 70
     1
102
RTVSPropertyOp22
 70
     1
102
RTVSPropertyOp23
 70
     1
102
RTVSPropertyOp24
 70
     1
102
RTVSPropertyOp25
 70
     1
102
RTVSPropertyOp26
 70
     1
102
RTVSPropertyOp27
 70
     1
102
RTVSPropertyOp28
 70
     1
102
RTVSPropertyOp29
 70
     1
102
RTVSPropertyOp30
 70
     1
102
RTVSPropertyOp31
 70
     1
102
RTVSPropertyOp32
 70
     1
102
RTVSPropertyOp33
 70
     1
102
RTVSPropertyOp34
 70
     1
102
RTVSPropertyOp35
 70
     1
102
RTVSPropertyOp36
 70
     1
102
RTVSPropertyOp37
 70
     1
102
RTVSPropertyOp38
 70
     1
102
RTVSPropertyOp39
 70
     1
102
RTVSPropertyOp40
 70
     1
102
RTVSPropertyOp41
 70
     1
102
RTVSPropertyOp42
 70
     1
102
RTVSPropertyOp43
 70
     1
102
RTVSPropertyOp44
 70
     1
102
RTVSPropertyOp45
 70
     1
102
RTVSPropertyOp46
 70
     1
102
RTVSPropertyOp47
 70
     1
102
RTVSPropertyOp48
 70
     1
102
RTVSPropertyOp49
 70
     1
102
RTVSPropertyOp50
 70
     1
102
RTVSPropertyOp51
 70
     0
102
RTVSPropertyOp52
 70
     0
102
RTVSPropertyOp53
 70
     1
102
RTVSPropertyOp54
 70
     1
102
RTVSPropertyOp55
 70
     1
102
RTVSPropertyOp56
 70
     1
102
RTVSPropertyOp57
 70
     1
102
RTVSPost2010Prop28
280
     1
102
RTVSPost2010PropOp28
 70
     1
102
RTVSPost2010Prop29
280
     1
102
RTVSPost2010PropOp29
 70
     1
102
RTVSPost2010Prop30
280
     0
102
RTVSPost2010PropOp30
 70
     1
102
RTVSPost2010Prop31
280
     0
102
RTVSPost2010PropOp31
 70
     1
102
RTVSPost2010Prop32
280
     0
102
RTVSPost2010PropOp32
 70
     1
102
RTVSPost2010Prop33
280
     0
102
RTVSPost2010PropOp33
 70
     1
102
RTVSPost2010Prop34
280
     0
102
RTVSPost2010PropOp34
 70
     1
102
RTVSPost2010Prop35
280
     0
102
RTVSPost2010PropOp35
 70
     1
102
RTVSPost2010Prop36
280
     0
102
RTVSPost2010PropOp36
 70
     1
102
RTVSPost2010Prop37
 90
       50
102
RTVSPost2010PropOp37
 70
     1
102
RTVSPost2010Prop38
140
0.0
102
RTVSPost2010PropOp38
 70
     1
102
RTVSPost2010Prop39
140
1.0
102
RTVSPost2010PropOp39
 70
     1
102
RTVSPost2010Prop40
 90
        0
102
RTVSPost2010PropOp40
 70
     1
102
RTVSPost2010Prop41ColorIndex
 90
       18
102
RTVSPost2010Prop41ColorRGB
 90
        0
102
RTVSPost2010PropOp41
 70
     1
102
RTVSPost2010Prop42
 90
       50
102
RTVSPost2010PropOp42
 70
     1
102
RTVSPost2010Prop43
 90
        3
102
RTVSPost2010PropOp43
 70
     1
102
RTVSPost2010Prop44ColorIndex
 90
        5
102
RTVSPost2010Prop44ColorRGB
 90
      255
102
RTVSPost2010PropOp44
 70
     1
102
RTVSPost2010Prop45
280
     0
102
RTVSPost2010PropOp45
 70
     1
102
RTVSPost2010Prop46
 90
       50
102
RTVSPost2010PropOp46
 70
     1
102
RTVSPost2010Prop47
 90
       50
102
RTVSPost2010PropOp47
 70
     1
102
RTVSPost2010Prop48
 90
       50
102
RTVSPost2010PropOp48
 70
     1
102
RTVSPost2010Prop49
280
     0
102
RTVSPost2010PropOp49
 70
     1
102
RTVSPost2010Prop50
 90
       50
102
RTVSPost2010PropOp50
 70
     1
102
RTVSPost2010Prop51ColorIndex
 90
      256
102
RTVSPost2010Prop51ColorRGB
 90
-16777216
102
RTVSPost2010PropOp51
 70
     0
102
RTVSPost2010Prop52
140
1.0
102
RTVSPost2010PropOp52
 70
     0
102
RTVSPost2010Prop53
 90
        0
102
RTVSPost2010PropOp53
 70
     1
102
RTVSPost2010Prop54
  1
strokes_ogs.tif
102
RTVSPost2010PropOp54
 70
     1
102
RTVSPost2010Prop55
280
     0
102
RTVSPost2010PropOp55
 70
     1
102
RTVSPost2010Prop56
140
1.0
102
RTVSPost2010PropOp56
 70
     1
102
RTVSPost2010Prop57
140
1.0
102
RTVSPost2010PropOp57
 70
     1
  0
XRECORD
  5
C1E
102
{ACAD_REACTORS
330
A1D
102
}
330
A1D
100
AcDbXrecord
280
     1
102
RTVSPropertyOp0
 70
     1
102
RTVSPropertyOp1
 70
     1
102
RTVSPropertyOp2
 70
     1
102
RTVSPropertyOp3
 70
     1
102
RTVSPropertyOp4
 70
     1
102
RTVSPropertyOp5
 70
     1
102
RTVSPropertyOp6
 70
     1
102
RTVSPropertyOp7
 70
     1
102
RTVSPropertyOp8
 70
     1
102
RTVSPropertyOp9
 70
     1
102
RTVSPropertyOp10
 70
     1
102
RTVSPropertyOp11
 70
     1
102
RTVSPropertyOp12
 70
     1
102
RTVSPropertyOp13
 70
     1
102
RTVSPropertyOp14
 70
     1
102
RTVSPropertyOp15
 70
     1
102
RTVSPropertyOp16
 70
     1
102
RTVSPropertyOp17
 70
     1
102
RTVSPropertyOp18
 70
     1
102
RTVSPropertyOp19
 70
     1
102
RTVSPropertyOp20
 70
     1
102
RTVSPropertyOp21
 70
     1
102
RTVSPropertyOp22
 70
     1
102
RTVSPropertyOp23
 70
     1
102
RTVSPropertyOp24
 70
     1
102
RTVSPropertyOp25
 70
     1
102
RTVSPropertyOp26
 70
     1
102
RTVSPropertyOp27
 70
     1
102
RTVSPropertyOp28
 70
     1
102
RTVSPropertyOp29
 70
     1
102
RTVSPropertyOp30
 70
     1
102
RTVSPropertyOp31
 70
     1
102
RTVSPropertyOp32
 70
     1
102
RTVSPropertyOp33
 70
     1
102
RTVSPropertyOp34
 70
     1
102
RTVSPropertyOp35
 70
     1
102
RTVSPropertyOp36
 70
     1
102
RTVSPropertyOp37
 70
     1
102
RTVSPropertyOp38
 70
     1
102
RTVSPropertyOp39
 70
     1
102
RTVSPropertyOp40
 70
     1
102
RTVSPropertyOp41
 70
     1
102
RTVSPropertyOp42
 70
     1
102
RTVSPropertyOp43
 70
     1
102
RTVSPropertyOp44
 70
     1
102
RTVSPropertyOp45
 70
     1
102
RTVSPropertyOp46
 70
     1
102
RTVSPropertyOp47
 70
     1
102
RTVSPropertyOp48
 70
     1
102
RTVSPropertyOp49
 70
     1
102
RTVSPropertyOp50
 70
     1
102
RTVSPropertyOp51
 70
     0
102
RTVSPropertyOp52
 70
     0
102
RTVSPropertyOp53
 70
     1
102
RTVSPropertyOp54
 70
     1
102
RTVSPropertyOp55
 70
     1
102
RTVSPropertyOp56
 70
     1
102
RTVSPropertyOp57
 70
     1
102
RTVSPost2010Prop28
280
     0
102
RTVSPost2010PropOp28
 70
     1
102
RTVSPost2010Prop29
280
     1
102
RTVSPost2010PropOp29
 70
     1
102
RTVSPost2010Prop30
280
     1
102
RTVSPost2010PropOp30
 70
     1
102
RTVSPost2010Prop31
280
     0
102
RTVSPost2010PropOp31
 70
     1
102
RTVSPost2010Prop32
280
     0
102
RTVSPost2010PropOp32
 70
     1
102
RTVSPost2010Prop33
280
     0
102
RTVSPost2010PropOp33
 70
     1
102
RTVSPost2010Prop34
280
     0
102
RTVSPost2010PropOp34
 70
     1
102
RTVSPost2010Prop35
280
     0
102
RTVSPost2010PropOp35
 70
     1
102
RTVSPost2010Prop36
280
     0
102
RTVSPost2010PropOp36
 70
     1
102
RTVSPost2010Prop37
 90
       50
102
RTVSPost2010PropOp37
 70
     1
102
RTVSPost2010Prop38
140
0.0
102
RTVSPost2010PropOp38
 70
     1
102
RTVSPost2010Prop39
140
1.0
102
RTVSPost2010PropOp39
 70
     1
102
RTVSPost2010Prop40
 90
        0
102
RTVSPost2010PropOp40
 70
     1
102
RTVSPost2010Prop41ColorIndex
 90
       18
102
RTVSPost2010Prop41ColorRGB
 90
        0
102
RTVSPost2010PropOp41
 70
     1
102
RTVSPost2010Prop42
 90
       50
102
RTVSPost2010PropOp42
 70
     1
102
RTVSPost2010Prop43
 90
        3
102
RTVSPost2010PropOp43
 70
     1
102
RTVSPost2010Prop44ColorIndex
 90
        5
102
RTVSPost2010Prop44ColorRGB
 90
      255
102
RTVSPost2010PropOp44
 70
     1
102
RTVSPost2010Prop45
280
     0
102
RTVSPost2010PropOp45
 70
     1
102
RTVSPost2010Prop46
 90
       50
102
RTVSPost2010PropOp46
 70
     1
102
RTVSPost2010Prop47
 90
       50
102
RTVSPost2010PropOp47
 70
     1
102
RTVSPost2010Prop48
 90
       50
102
RTVSPost2010PropOp48
 70
     1
102
RTVSPost2010Prop49
280
     0
102
RTVSPost2010PropOp49
 70
     1
102
RTVSPost2010Prop50
 90
       50
102
RTVSPost2010PropOp50
 70
     1
102
RTVSPost2010Prop51ColorIndex
 90
      256
102
RTVSPost2010Prop51ColorRGB
 90
-16777216
102
RTVSPost2010PropOp51
 70
     0
102
RTVSPost2010Prop52
140
1.0
102
RTVSPost2010PropOp52
 70
     0
102
RTVSPost2010Prop53
 90
        0
102
RTVSPost2010PropOp53
 70
     1
102
RTVSPost2010Prop54
  1
strokes_ogs.tif
102
RTVSPost2010PropOp54
 70
     1
102
RTVSPost2010Prop55
280
     0
102
RTVSPost2010PropOp55
 70
     1
102
RTVSPost2010Prop56
140
1.0
102
RTVSPost2010PropOp56
 70
     1
102
RTVSPost2010Prop57
140
1.0
102
RTVSPost2010PropOp57
 70
     1
  0
XRECORD
  5
C1F
102
{ACAD_REACTORS
330
A1F
102
}
330
A1F
100
AcDbXrecord
280
     1
102
RTVSPropertyOp0
 70
     1
102
RTVSPropertyOp1
 70
     1
102
RTVSPropertyOp2
 70
     1
102
RTVSPropertyOp3
 70
     1
102
RTVSPropertyOp4
 70
     1
102
RTVSPropertyOp5
 70
     1
102
RTVSPropertyOp6
 70
     1
102
RTVSPropertyOp7
 70
     1
102
RTVSPropertyOp8
 70
     1
102
RTVSPropertyOp9
 70
     1
102
RTVSPropertyOp10
 70
     1
102
RTVSPropertyOp11
 70
     1
102
RTVSPropertyOp12
 70
     1
102
RTVSPropertyOp13
 70
     1
102
RTVSPropertyOp14
 70
     1
102
RTVSPropertyOp15
 70
     1
102
RTVSPropertyOp16
 70
     1
102
RTVSPropertyOp17
 70
     1
102
RTVSPropertyOp18
 70
     1
102
RTVSPropertyOp19
 70
     1
102
RTVSPropertyOp20
 70
     1
102
RTVSPropertyOp21
 70
     1
102
RTVSPropertyOp22
 70
     1
102
RTVSPropertyOp23
 70
     1
102
RTVSPropertyOp24
 70
     1
102
RTVSPropertyOp25
 70
     1
102
RTVSPropertyOp26
 70
     1
102
RTVSPropertyOp27
 70
     1
102
RTVSPropertyOp28
 70
     1
102
RTVSPropertyOp29
 70
     1
102
RTVSPropertyOp30
 70
     1
102
RTVSPropertyOp31
 70
     1
102
RTVSPropertyOp32
 70
     1
102
RTVSPropertyOp33
 70
     1
102
RTVSPropertyOp34
 70
     1
102
RTVSPropertyOp35
 70
     1
102
RTVSPropertyOp36
 70
     1
102
RTVSPropertyOp37
 70
     1
102
RTVSPropertyOp38
 70
     1
102
RTVSPropertyOp39
 70
     1
102
RTVSPropertyOp40
 70
     1
102
RTVSPropertyOp41
 70
     1
102
RTVSPropertyOp42
 70
     1
102
RTVSPropertyOp43
 70
     1
102
RTVSPropertyOp44
 70
     1
102
RTVSPropertyOp45
 70
     1
102
RTVSPropertyOp46
 70
     1
102
RTVSPropertyOp47
 70
     1
102
RTVSPropertyOp48
 70
     1
102
RTVSPropertyOp49
 70
     1
102
RTVSPropertyOp50
 70
     1
102
RTVSPropertyOp51
 70
     0
102
RTVSPropertyOp52
 70
     0
102
RTVSPropertyOp53
 70
     1
102
RTVSPropertyOp54
 70
     1
102
RTVSPropertyOp55
 70
     1
102
RTVSPropertyOp56
 70
     1
102
RTVSPropertyOp57
 70
     1
102
RTVSPost2010Prop28
280
     0
102
RTVSPost2010PropOp28
 70
     1
102
RTVSPost2010Prop29
280
     1
102
RTVSPost2010PropOp29
 70
     1
102
RTVSPost2010Prop30
280
     1
102
RTVSPost2010PropOp30
 70
     1
102
RTVSPost2010Prop31
280
     0
102
RTVSPost2010PropOp31
 70
     1
102
RTVSPost2010Prop32
280
     0
102
RTVSPost2010PropOp32
 70
     1
102
RTVSPost2010Prop33
280
     0
102
RTVSPost2010PropOp33
 70
     1
102
RTVSPost2010Prop34
280
     0
102
RTVSPost2010PropOp34
 70
     1
102
RTVSPost2010Prop35
280
     0
102
RTVSPost2010PropOp35
 70
     1
102
RTVSPost2010Prop36
280
     0
102
RTVSPost2010PropOp36
 70
     1
102
RTVSPost2010Prop37
 90
       50
102
RTVSPost2010PropOp37
 70
     1
102
RTVSPost2010Prop38
140
0.0
102
RTVSPost2010PropOp38
 70
     1
102
RTVSPost2010Prop39
140
1.0
102
RTVSPost2010PropOp39
 70
     1
102
RTVSPost2010Prop40
 90
        0
102
RTVSPost2010PropOp40
 70
     1
102
RTVSPost2010Prop41ColorIndex
 90
       18
102
RTVSPost2010Prop41ColorRGB
 90
        0
102
RTVSPost2010PropOp41
 70
     1
102
RTVSPost2010Prop42
 90
       50
102
RTVSPost2010PropOp42
 70
     1
102
RTVSPost2010Prop43
 90
        3
102
RTVSPost2010PropOp43
 70
     1
102
RTVSPost2010Prop44ColorIndex
 90
        5
102
RTVSPost2010Prop44ColorRGB
 90
      255
102
RTVSPost2010PropOp44
 70
     1
102
RTVSPost2010Prop45
280
     0
102
RTVSPost2010PropOp45
 70
     1
102
RTVSPost2010Prop46
 90
       50
102
RTVSPost2010PropOp46
 70
     1
102
RTVSPost2010Prop47
 90
       50
102
RTVSPost2010PropOp47
 70
     1
102
RTVSPost2010Prop48
 90
       50
102
RTVSPost2010PropOp48
 70
     1
102
RTVSPost2010Prop49
280
     0
102
RTVSPost2010PropOp49
 70
     1
102
RTVSPost2010Prop50
 90
       50
102
RTVSPost2010PropOp50
 70
     1
102
RTVSPost2010Prop51ColorIndex
 90
      256
102
RTVSPost2010Prop51ColorRGB
 90
-16777216
102
RTVSPost2010PropOp51
 70
     0
102
RTVSPost2010Prop52
140
1.0
102
RTVSPost2010PropOp52
 70
     0
102
RTVSPost2010Prop53
 90
        0
102
RTVSPost2010PropOp53
 70
     1
102
RTVSPost2010Prop54
  1
strokes_ogs.tif
102
RTVSPost2010PropOp54
 70
     1
102
RTVSPost2010Prop55
280
     0
102
RTVSPost2010PropOp55
 70
     1
102
RTVSPost2010Prop56
140
1.0
102
RTVSPost2010PropOp56
 70
     1
102
RTVSPost2010Prop57
140
1.0
102
RTVSPost2010PropOp57
 70
     1
  0
XRECORD
  5
C20
102
{ACAD_REACTORS
330
A21
102
}
330
A21
100
AcDbXrecord
280
     1
102
RTVSPropertyOp0
 70
     1
102
RTVSPropertyOp1
 70
     1
102
RTVSPropertyOp2
 70
     1
102
RTVSPropertyOp3
 70
     1
102
RTVSPropertyOp4
 70
     1
102
RTVSPropertyOp5
 70
     1
102
RTVSPropertyOp6
 70
     1
102
RTVSPropertyOp7
 70
     1
102
RTVSPropertyOp8
 70
     1
102
RTVSPropertyOp9
 70
     1
102
RTVSPropertyOp10
 70
     1
102
RTVSPropertyOp11
 70
     1
102
RTVSPropertyOp12
 70
     1
102
RTVSPropertyOp13
 70
     1
102
RTVSPropertyOp14
 70
     1
102
RTVSPropertyOp15
 70
     1
102
RTVSPropertyOp16
 70
     1
102
RTVSPropertyOp17
 70
     1
102
RTVSPropertyOp18
 70
     1
102
RTVSPropertyOp19
 70
     1
102
RTVSPropertyOp20
 70
     1
102
RTVSPropertyOp21
 70
     1
102
RTVSPropertyOp22
 70
     1
102
RTVSPropertyOp23
 70
     1
102
RTVSPropertyOp24
 70
     1
102
RTVSPropertyOp25
 70
     1
102
RTVSPropertyOp26
 70
     1
102
RTVSPropertyOp27
 70
     1
102
RTVSPropertyOp28
 70
     1
102
RTVSPropertyOp29
 70
     1
102
RTVSPropertyOp30
 70
     1
102
RTVSPropertyOp31
 70
     1
102
RTVSPropertyOp32
 70
     1
102
RTVSPropertyOp33
 70
     1
102
RTVSPropertyOp34
 70
     1
102
RTVSPropertyOp35
 70
     1
102
RTVSPropertyOp36
 70
     1
102
RTVSPropertyOp37
 70
     1
102
RTVSPropertyOp38
 70
     1
102
RTVSPropertyOp39
 70
     1
102
RTVSPropertyOp40
 70
     1
102
RTVSPropertyOp41
 70
     1
102
RTVSPropertyOp42
 70
     1
102
RTVSPropertyOp43
 70
     1
102
RTVSPropertyOp44
 70
     1
102
RTVSPropertyOp45
 70
     1
102
RTVSPropertyOp46
 70
     1
102
RTVSPropertyOp47
 70
     1
102
RTVSPropertyOp48
 70
     1
102
RTVSPropertyOp49
 70
     1
102
RTVSPropertyOp50
 70
     1
102
RTVSPropertyOp51
 70
     0
102
RTVSPropertyOp52
 70
     0
102
RTVSPropertyOp53
 70
     1
102
RTVSPropertyOp54
 70
     1
102
RTVSPropertyOp55
 70
     1
102
RTVSPropertyOp56
 70
     1
102
RTVSPropertyOp57
 70
     1
102
RTVSPost2010Prop28
280
     0
102
RTVSPost2010PropOp28
 70
     1
102
RTVSPost2010Prop29
280
     1
102
RTVSPost2010PropOp29
 70
     1
102
RTVSPost2010Prop30
280
     1
102
RTVSPost2010PropOp30
 70
     1
102
RTVSPost2010Prop31
280
     0
102
RTVSPost2010PropOp31
 70
     1
102
RTVSPost2010Prop32
280
     0
102
RTVSPost2010PropOp32
 70
     1
102
RTVSPost2010Prop33
280
     0
102
RTVSPost2010PropOp33
 70
     1
102
RTVSPost2010Prop34
280
     0
102
RTVSPost2010PropOp34
 70
     1
102
RTVSPost2010Prop35
280
     0
102
RTVSPost2010PropOp35
 70
     1
102
RTVSPost2010Prop36
280
     0
102
RTVSPost2010PropOp36
 70
     1
102
RTVSPost2010Prop37
 90
       50
102
RTVSPost2010PropOp37
 70
     1
102
RTVSPost2010Prop38
140
0.0
102
RTVSPost2010PropOp38
 70
     1
102
RTVSPost2010Prop39
140
1.0
102
RTVSPost2010PropOp39
 70
     1
102
RTVSPost2010Prop40
 90
        0
102
RTVSPost2010PropOp40
 70
     1
102
RTVSPost2010Prop41ColorIndex
 90
       18
102
RTVSPost2010Prop41ColorRGB
 90
        0
102
RTVSPost2010PropOp41
 70
     1
102
RTVSPost2010Prop42
 90
       50
102
RTVSPost2010PropOp42
 70
     1
102
RTVSPost2010Prop43
 90
        3
102
RTVSPost2010PropOp43
 70
     1
102
RTVSPost2010Prop44ColorIndex
 90
        5
102
RTVSPost2010Prop44ColorRGB
 90
      255
102
RTVSPost2010PropOp44
 70
     1
102
RTVSPost2010Prop45
280
     0
102
RTVSPost2010PropOp45
 70
     1
102
RTVSPost2010Prop46
 90
       50
102
RTVSPost2010PropOp46
 70
     1
102
RTVSPost2010Prop47
 90
       50
102
RTVSPost2010PropOp47
 70
     1
102
RTVSPost2010Prop48
 90
       50
102
RTVSPost2010PropOp48
 70
     1
102
RTVSPost2010Prop49
280
     0
102
RTVSPost2010PropOp49
 70
     1
102
RTVSPost2010Prop50
 90
       50
102
RTVSPost2010PropOp50
 70
     1
102
RTVSPost2010Prop51ColorIndex
 90
      256
102
RTVSPost2010Prop51ColorRGB
 90
-16777216
102
RTVSPost2010PropOp51
 70
     0
102
RTVSPost2010Prop52
140
1.0
102
RTVSPost2010PropOp52
 70
     0
102
RTVSPost2010Prop53
 90
        0
102
RTVSPost2010PropOp53
 70
     1
102
RTVSPost2010Prop54
  1
strokes_ogs.tif
102
RTVSPost2010PropOp54
 70
     1
102
RTVSPost2010Prop55
280
     0
102
RTVSPost2010PropOp55
 70
     1
102
RTVSPost2010Prop56
140
1.0
102
RTVSPost2010PropOp56
 70
     1
102
RTVSPost2010Prop57
140
1.0
102
RTVSPost2010PropOp57
 70
     1
  0
XRECORD
  5
C21
102
{ACAD_REACTORS
330
A23
102
}
330
A23
100
AcDbXrecord
280
     1
102
RTVSPropertyOp0
 70
     1
102
RTVSPropertyOp1
 70
     1
102
RTVSPropertyOp2
 70
     1
102
RTVSPropertyOp3
 70
     1
102
RTVSPropertyOp4
 70
     1
102
RTVSPropertyOp5
 70
     1
102
RTVSPropertyOp6
 70
     1
102
RTVSPropertyOp7
 70
     1
102
RTVSPropertyOp8
 70
     1
102
RTVSPropertyOp9
 70
     1
102
RTVSPropertyOp10
 70
     1
102
RTVSPropertyOp11
 70
     1
102
RTVSPropertyOp12
 70
     1
102
RTVSPropertyOp13
 70
     1
102
RTVSPropertyOp14
 70
     1
102
RTVSPropertyOp15
 70
     1
102
RTVSPropertyOp16
 70
     1
102
RTVSPropertyOp17
 70
     1
102
RTVSPropertyOp18
 70
     1
102
RTVSPropertyOp19
 70
     1
102
RTVSPropertyOp20
 70
     1
102
RTVSPropertyOp21
 70
     1
102
RTVSPropertyOp22
 70
     1
102
RTVSPropertyOp23
 70
     1
102
RTVSPropertyOp24
 70
     1
102
RTVSPropertyOp25
 70
     1
102
RTVSPropertyOp26
 70
     1
102
RTVSPropertyOp27
 70
     1
102
RTVSPropertyOp28
 70
     1
102
RTVSPropertyOp29
 70
     1
102
RTVSPropertyOp30
 70
     1
102
RTVSPropertyOp31
 70
     1
102
RTVSPropertyOp32
 70
     1
102
RTVSPropertyOp33
 70
     1
102
RTVSPropertyOp34
 70
     1
102
RTVSPropertyOp35
 70
     1
102
RTVSPropertyOp36
 70
     1
102
RTVSPropertyOp37
 70
     1
102
RTVSPropertyOp38
 70
     1
102
RTVSPropertyOp39
 70
     1
102
RTVSPropertyOp40
 70
     1
102
RTVSPropertyOp41
 70
     1
102
RTVSPropertyOp42
 70
     1
102
RTVSPropertyOp43
 70
     1
102
RTVSPropertyOp44
 70
     1
102
RTVSPropertyOp45
 70
     1
102
RTVSPropertyOp46
 70
     1
102
RTVSPropertyOp47
 70
     1
102
RTVSPropertyOp48
 70
     1
102
RTVSPropertyOp49
 70
     1
102
RTVSPropertyOp50
 70
     1
102
RTVSPropertyOp51
 70
     0
102
RTVSPropertyOp52
 70
     0
102
RTVSPropertyOp53
 70
     1
102
RTVSPropertyOp54
 70
     1
102
RTVSPropertyOp55
 70
     1
102
RTVSPropertyOp56
 70
     1
102
RTVSPropertyOp57
 70
     1
102
RTVSPost2010Prop28
280
     0
102
RTVSPost2010PropOp28
 70
     1
102
RTVSPost2010Prop29
280
     1
102
RTVSPost2010PropOp29
 70
     1
102
RTVSPost2010Prop30
280
     1
102
RTVSPost2010PropOp30
 70
     1
102
RTVSPost2010Prop31
280
     0
102
RTVSPost2010PropOp31
 70
     1
102
RTVSPost2010Prop32
280
     0
102
RTVSPost2010PropOp32
 70
     1
102
RTVSPost2010Prop33
280
     0
102
RTVSPost2010PropOp33
 70
     1
102
RTVSPost2010Prop34
280
     0
102
RTVSPost2010PropOp34
 70
     1
102
RTVSPost2010Prop35
280
     0
102
RTVSPost2010PropOp35
 70
     1
102
RTVSPost2010Prop36
280
     0
102
RTVSPost2010PropOp36
 70
     1
102
RTVSPost2010Prop37
 90
       50
102
RTVSPost2010PropOp37
 70
     1
102
RTVSPost2010Prop38
140
0.0
102
RTVSPost2010PropOp38
 70
     1
102
RTVSPost2010Prop39
140
1.0
102
RTVSPost2010PropOp39
 70
     1
102
RTVSPost2010Prop40
 90
        0
102
RTVSPost2010PropOp40
 70
     1
102
RTVSPost2010Prop41ColorIndex
 90
       18
102
RTVSPost2010Prop41ColorRGB
 90
        0
102
RTVSPost2010PropOp41
 70
     1
102
RTVSPost2010Prop42
 90
       50
102
RTVSPost2010PropOp42
 70
     1
102
RTVSPost2010Prop43
 90
        3
102
RTVSPost2010PropOp43
 70
     1
102
RTVSPost2010Prop44ColorIndex
 90
        5
102
RTVSPost2010Prop44ColorRGB
 90
      255
102
RTVSPost2010PropOp44
 70
     1
102
RTVSPost2010Prop45
280
     0
102
RTVSPost2010PropOp45
 70
     1
102
RTVSPost2010Prop46
 90
       50
102
RTVSPost2010PropOp46
 70
     1
102
RTVSPost2010Prop47
 90
       50
102
RTVSPost2010PropOp47
 70
     1
102
RTVSPost2010Prop48
 90
       50
102
RTVSPost2010PropOp48
 70
     1
102
RTVSPost2010Prop49
280
     0
102
RTVSPost2010PropOp49
 70
     1
102
RTVSPost2010Prop50
 90
       50
102
RTVSPost2010PropOp50
 70
     1
102
RTVSPost2010Prop51ColorIndex
 90
      256
102
RTVSPost2010Prop51ColorRGB
 90
-16777216
102
RTVSPost2010PropOp51
 70
     0
102
RTVSPost2010Prop52
140
1.0
102
RTVSPost2010PropOp52
 70
     0
102
RTVSPost2010Prop53
 90
        0
102
RTVSPost2010PropOp53
 70
     1
102
RTVSPost2010Prop54
  1
strokes_ogs.tif
102
RTVSPost2010PropOp54
 70
     1
102
RTVSPost2010Prop55
280
     0
102
RTVSPost2010PropOp55
 70
     1
102
RTVSPost2010Prop56
140
1.0
102
RTVSPost2010PropOp56
 70
     1
102
RTVSPost2010Prop57
140
1.0
102
RTVSPost2010PropOp57
 70
     1
  0
XRECORD
  5
C22
102
{ACAD_REACTORS
330
A25
102
}
330
A25
100
AcDbXrecord
280
     1
102
RTVSPropertyOp0
 70
     1
102
RTVSPropertyOp1
 70
     1
102
RTVSPropertyOp2
 70
     1
102
RTVSPropertyOp3
 70
     1
102
RTVSPropertyOp4
 70
     1
102
RTVSPropertyOp5
 70
     1
102
RTVSPropertyOp6
 70
     1
102
RTVSPropertyOp7
 70
     1
102
RTVSPropertyOp8
 70
     1
102
RTVSPropertyOp9
 70
     1
102
RTVSPropertyOp10
 70
     1
102
RTVSPropertyOp11
 70
     1
102
RTVSPropertyOp12
 70
     1
102
RTVSPropertyOp13
 70
     1
102
RTVSPropertyOp14
 70
     1
102
RTVSPropertyOp15
 70
     1
102
RTVSPropertyOp16
 70
     1
102
RTVSPropertyOp17
 70
     1
102
RTVSPropertyOp18
 70
     1
102
RTVSPropertyOp19
 70
     1
102
RTVSPropertyOp20
 70
     1
102
RTVSPropertyOp21
 70
     1
102
RTVSPropertyOp22
 70
     1
102
RTVSPropertyOp23
 70
     1
102
RTVSPropertyOp24
 70
     1
102
RTVSPropertyOp25
 70
     1
102
RTVSPropertyOp26
 70
     1
102
RTVSPropertyOp27
 70
     1
102
RTVSPropertyOp28
 70
     1
102
RTVSPropertyOp29
 70
     1
102
RTVSPropertyOp30
 70
     1
102
RTVSPropertyOp31
 70
     1
102
RTVSPropertyOp32
 70
     1
102
RTVSPropertyOp33
 70
     1
102
RTVSPropertyOp34
 70
     1
102
RTVSPropertyOp35
 70
     1
102
RTVSPropertyOp36
 70
     1
102
RTVSPropertyOp37
 70
     1
102
RTVSPropertyOp38
 70
     1
102
RTVSPropertyOp39
 70
     1
102
RTVSPropertyOp40
 70
     1
102
RTVSPropertyOp41
 70
     1
102
RTVSPropertyOp42
 70
     1
102
RTVSPropertyOp43
 70
     1
102
RTVSPropertyOp44
 70
     1
102
RTVSPropertyOp45
 70
     1
102
RTVSPropertyOp46
 70
     1
102
RTVSPropertyOp47
 70
     1
102
RTVSPropertyOp48
 70
     1
102
RTVSPropertyOp49
 70
     1
102
RTVSPropertyOp50
 70
     1
102
RTVSPropertyOp51
 70
     0
102
RTVSPropertyOp52
 70
     0
102
RTVSPropertyOp53
 70
     1
102
RTVSPropertyOp54
 70
     1
102
RTVSPropertyOp55
 70
     1
102
RTVSPropertyOp56
 70
     1
102
RTVSPropertyOp57
 70
     1
102
RTVSPost2010Prop28
280
     0
102
RTVSPost2010PropOp28
 70
     1
102
RTVSPost2010Prop29
280
     1
102
RTVSPost2010PropOp29
 70
     1
102
RTVSPost2010Prop30
280
     1
102
RTVSPost2010PropOp30
 70
     1
102
RTVSPost2010Prop31
280
     0
102
RTVSPost2010PropOp31
 70
     1
102
RTVSPost2010Prop32
280
     0
102
RTVSPost2010PropOp32
 70
     1
102
RTVSPost2010Prop33
280
     0
102
RTVSPost2010PropOp33
 70
     1
102
RTVSPost2010Prop34
280
     0
102
RTVSPost2010PropOp34
 70
     1
102
RTVSPost2010Prop35
280
     0
102
RTVSPost2010PropOp35
 70
     1
102
RTVSPost2010Prop36
280
     0
102
RTVSPost2010PropOp36
 70
     1
102
RTVSPost2010Prop37
 90
       50
102
RTVSPost2010PropOp37
 70
     1
102
RTVSPost2010Prop38
140
0.0
102
RTVSPost2010PropOp38
 70
     1
102
RTVSPost2010Prop39
140
1.0
102
RTVSPost2010PropOp39
 70
     1
102
RTVSPost2010Prop40
 90
        0
102
RTVSPost2010PropOp40
 70
     1
102
RTVSPost2010Prop41ColorIndex
 90
       18
102
RTVSPost2010Prop41ColorRGB
 90
        0
102
RTVSPost2010PropOp41
 70
     1
102
RTVSPost2010Prop42
 90
       50
102
RTVSPost2010PropOp42
 70
     1
102
RTVSPost2010Prop43
 90
        3
102
RTVSPost2010PropOp43
 70
     1
102
RTVSPost2010Prop44ColorIndex
 90
        5
102
RTVSPost2010Prop44ColorRGB
 90
      255
102
RTVSPost2010PropOp44
 70
     1
102
RTVSPost2010Prop45
280
     0
102
RTVSPost2010PropOp45
 70
     1
102
RTVSPost2010Prop46
 90
       50
102
RTVSPost2010PropOp46
 70
     1
102
RTVSPost2010Prop47
 90
       50
102
RTVSPost2010PropOp47
 70
     1
102
RTVSPost2010Prop48
 90
       50
102
RTVSPost2010PropOp48
 70
     1
102
RTVSPost2010Prop49
280
     0
102
RTVSPost2010PropOp49
 70
     1
102
RTVSPost2010Prop50
 90
       50
102
RTVSPost2010PropOp50
 70
     1
102
RTVSPost2010Prop51ColorIndex
 90
      256
102
RTVSPost2010Prop51ColorRGB
 90
-16777216
102
RTVSPost2010PropOp51
 70
     0
102
RTVSPost2010Prop52
140
1.0
102
RTVSPost2010PropOp52
 70
     0
102
RTVSPost2010Prop53
 90
        0
102
RTVSPost2010PropOp53
 70
     1
102
RTVSPost2010Prop54
  1
strokes_ogs.tif
102
RTVSPost2010PropOp54
 70
     1
102
RTVSPost2010Prop55
280
     0
102
RTVSPost2010PropOp55
 70
     1
102
RTVSPost2010Prop56
140
1.0
102
RTVSPost2010PropOp56
 70
     1
102
RTVSPost2010Prop57
140
1.0
102
RTVSPost2010PropOp57
 70
     1
  0
XRECORD
  5
C23
102
{ACAD_REACTORS
330
A27
102
}
330
A27
100
AcDbXrecord
280
     1
102
RTVSPropertyOp0
 70
     0
102
RTVSPropertyOp1
 70
     0
102
RTVSPropertyOp2
 70
     0
102
RTVSPropertyOp3
 70
     0
102
RTVSPropertyOp4
 70
     0
102
RTVSPropertyOp5
 70
     0
102
RTVSPropertyOp6
 70
     0
102
RTVSPropertyOp7
 70
     0
102
RTVSPropertyOp8
 70
     0
102
RTVSPropertyOp9
 70
     0
102
RTVSPropertyOp10
 70
     0
102
RTVSPropertyOp11
 70
     0
102
RTVSPropertyOp12
 70
     0
102
RTVSPropertyOp13
 70
     0
102
RTVSPropertyOp14
 70
     2
102
RTVSPropertyOp15
 70
     0
102
RTVSPropertyOp16
 70
     0
102
RTVSPropertyOp17
 70
     0
102
RTVSPropertyOp18
 70
     0
102
RTVSPropertyOp19
 70
     0
102
RTVSPropertyOp20
 70
     0
102
RTVSPropertyOp21
 70
     0
102
RTVSPropertyOp22
 70
     0
102
RTVSPropertyOp23
 70
     0
102
RTVSPropertyOp24
 70
     0
102
RTVSPropertyOp25
 70
     0
102
RTVSPropertyOp26
 70
     0
102
RTVSPropertyOp27
 70
     0
102
RTVSPropertyOp28
 70
     1
102
RTVSPropertyOp29
 70
     1
102
RTVSPropertyOp30
 70
     1
102
RTVSPropertyOp31
 70
     1
102
RTVSPropertyOp32
 70
     1
102
RTVSPropertyOp33
 70
     1
102
RTVSPropertyOp34
 70
     1
102
RTVSPropertyOp35
 70
     1
102
RTVSPropertyOp36
 70
     1
102
RTVSPropertyOp37
 70
     1
102
RTVSPropertyOp38
 70
     1
102
RTVSPropertyOp39
 70
     1
102
RTVSPropertyOp40
 70
     1
102
RTVSPropertyOp41
 70
     1
102
RTVSPropertyOp42
 70
     1
102
RTVSPropertyOp43
 70
     1
102
RTVSPropertyOp44
 70
     1
102
RTVSPropertyOp45
 70
     1
102
RTVSPropertyOp46
 70
     1
102
RTVSPropertyOp47
 70
     1
102
RTVSPropertyOp48
 70
     1
102
RTVSPropertyOp49
 70
     1
102
RTVSPropertyOp50
 70
     1
102
RTVSPropertyOp51
 70
     0
102
RTVSPropertyOp52
 70
     0
102
RTVSPropertyOp53
 70
     1
102
RTVSPropertyOp54
 70
     1
102
RTVSPropertyOp55
 70
     1
102
RTVSPropertyOp56
 70
     1
102
RTVSPropertyOp57
 70
     1
102
RTVSPost2010Prop28
280
     0
102
RTVSPost2010PropOp28
 70
     1
102
RTVSPost2010Prop29
280
     1
102
RTVSPost2010PropOp29
 70
     1
102
RTVSPost2010Prop30
280
     1
102
RTVSPost2010PropOp30
 70
     1
102
RTVSPost2010Prop31
280
     0
102
RTVSPost2010PropOp31
 70
     1
102
RTVSPost2010Prop32
280
     0
102
RTVSPost2010PropOp32
 70
     1
102
RTVSPost2010Prop33
280
     0
102
RTVSPost2010PropOp33
 70
     1
102
RTVSPost2010Prop34
280
     0
102
RTVSPost2010PropOp34
 70
     1
102
RTVSPost2010Prop35
280
     0
102
RTVSPost2010PropOp35
 70
     1
102
RTVSPost2010Prop36
280
     0
102
RTVSPost2010PropOp36
 70
     1
102
RTVSPost2010Prop37
 90
       50
102
RTVSPost2010PropOp37
 70
     1
102
RTVSPost2010Prop38
140
0.0
102
RTVSPost2010PropOp38
 70
     1
102
RTVSPost2010Prop39
140
1.0
102
RTVSPost2010PropOp39
 70
     1
102
RTVSPost2010Prop40
 90
        0
102
RTVSPost2010PropOp40
 70
     1
102
RTVSPost2010Prop41ColorIndex
 90
       18
102
RTVSPost2010Prop41ColorRGB
 90
        0
102
RTVSPost2010PropOp41
 70
     1
102
RTVSPost2010Prop42
 90
       50
102
RTVSPost2010PropOp42
 70
     1
102
RTVSPost2010Prop43
 90
        3
102
RTVSPost2010PropOp43
 70
     1
102
RTVSPost2010Prop44ColorIndex
 90
        5
102
RTVSPost2010Prop44ColorRGB
 90
      255
102
RTVSPost2010PropOp44
 70
     1
102
RTVSPost2010Prop45
280
     0
102
RTVSPost2010PropOp45
 70
     1
102
RTVSPost2010Prop46
 90
       50
102
RTVSPost2010PropOp46
 70
     1
102
RTVSPost2010Prop47
 90
       50
102
RTVSPost2010PropOp47
 70
     1
102
RTVSPost2010Prop48
 90
       50
102
RTVSPost2010PropOp48
 70
     1
102
RTVSPost2010Prop49
280
     0
102
RTVSPost2010PropOp49
 70
     1
102
RTVSPost2010Prop50
 90
       50
102
RTVSPost2010PropOp50
 70
     1
102
RTVSPost2010Prop51ColorIndex
 90
      256
102
RTVSPost2010Prop51ColorRGB
 90
-16777216
102
RTVSPost2010PropOp51
 70
     0
102
RTVSPost2010Prop52
140
1.0
102
RTVSPost2010PropOp52
 70
     0
102
RTVSPost2010Prop53
 90
        0
102
RTVSPost2010PropOp53
 70
     1
102
RTVSPost2010Prop54
  1
strokes_ogs.tif
102
RTVSPost2010PropOp54
 70
     1
102
RTVSPost2010Prop55
280
     0
102
RTVSPost2010PropOp55
 70
     1
102
RTVSPost2010Prop56
140
1.0
102
RTVSPost2010PropOp56
 70
     1
102
RTVSPost2010Prop57
140
1.0
102
RTVSPost2010PropOp57
 70
     1
  0
XRECORD
  5
C24
102
{ACAD_REACTORS
330
A29
102
}
330
A29
100
AcDbXrecord
280
     1
102
RTVSPropertyOp0
 70
     1
102
RTVSPropertyOp1
 70
     1
102
RTVSPropertyOp2
 70
     1
102
RTVSPropertyOp3
 70
     1
102
RTVSPropertyOp4
 70
     1
102
RTVSPropertyOp5
 70
     1
102
RTVSPropertyOp6
 70
     1
102
RTVSPropertyOp7
 70
     1
102
RTVSPropertyOp8
 70
     1
102
RTVSPropertyOp9
 70
     1
102
RTVSPropertyOp10
 70
     1
102
RTVSPropertyOp11
 70
     1
102
RTVSPropertyOp12
 70
     1
102
RTVSPropertyOp13
 70
     1
102
RTVSPropertyOp14
 70
     1
102
RTVSPropertyOp15
 70
     1
102
RTVSPropertyOp16
 70
     1
102
RTVSPropertyOp17
 70
     1
102
RTVSPropertyOp18
 70
     1
102
RTVSPropertyOp19
 70
     1
102
RTVSPropertyOp20
 70
     1
102
RTVSPropertyOp21
 70
     1
102
RTVSPropertyOp22
 70
     1
102
RTVSPropertyOp23
 70
     1
102
RTVSPropertyOp24
 70
     1
102
RTVSPropertyOp25
 70
     1
102
RTVSPropertyOp26
 70
     1
102
RTVSPropertyOp27
 70
     1
102
RTVSPropertyOp28
 70
     1
102
RTVSPropertyOp29
 70
     1
102
RTVSPropertyOp30
 70
     1
102
RTVSPropertyOp31
 70
     1
102
RTVSPropertyOp32
 70
     1
102
RTVSPropertyOp33
 70
     1
102
RTVSPropertyOp34
 70
     1
102
RTVSPropertyOp35
 70
     1
102
RTVSPropertyOp36
 70
     1
102
RTVSPropertyOp37
 70
     1
102
RTVSPropertyOp38
 70
     1
102
RTVSPropertyOp39
 70
     1
102
RTVSPropertyOp40
 70
     1
102
RTVSPropertyOp41
 70
     1
102
RTVSPropertyOp42
 70
     1
102
RTVSPropertyOp43
 70
     1
102
RTVSPropertyOp44
 70
     1
102
RTVSPropertyOp45
 70
     1
102
RTVSPropertyOp46
 70
     1
102
RTVSPropertyOp47
 70
     1
102
RTVSPropertyOp48
 70
     1
102
RTVSPropertyOp49
 70
     1
102
RTVSPropertyOp50
 70
     1
102
RTVSPropertyOp51
 70
     0
102
RTVSPropertyOp52
 70
     0
102
RTVSPropertyOp53
 70
     1
102
RTVSPropertyOp54
 70
     1
102
RTVSPropertyOp55
 70
     1
102
RTVSPropertyOp56
 70
     1
102
RTVSPropertyOp57
 70
     1
102
RTVSPost2010Prop28
280
     0
102
RTVSPost2010PropOp28
 70
     1
102
RTVSPost2010Prop29
280
     1
102
RTVSPost2010PropOp29
 70
     1
102
RTVSPost2010Prop30
280
     1
102
RTVSPost2010PropOp30
 70
     1
102
RTVSPost2010Prop31
280
     0
102
RTVSPost2010PropOp31
 70
     1
102
RTVSPost2010Prop32
280
     0
102
RTVSPost2010PropOp32
 70
     1
102
RTVSPost2010Prop33
280
     0
102
RTVSPost2010PropOp33
 70
     1
102
RTVSPost2010Prop34
280
     0
102
RTVSPost2010PropOp34
 70
     1
102
RTVSPost2010Prop35
280
     0
102
RTVSPost2010PropOp35
 70
     1
102
RTVSPost2010Prop36
280
     0
102
RTVSPost2010PropOp36
 70
     1
102
RTVSPost2010Prop37
 90
       50
102
RTVSPost2010PropOp37
 70
     1
102
RTVSPost2010Prop38
140
0.0
102
RTVSPost2010PropOp38
 70
     1
102
RTVSPost2010Prop39
140
1.0
102
RTVSPost2010PropOp39
 70
     1
102
RTVSPost2010Prop40
 90
        0
102
RTVSPost2010PropOp40
 70
     1
102
RTVSPost2010Prop41ColorIndex
 90
       18
102
RTVSPost2010Prop41ColorRGB
 90
        0
102
RTVSPost2010PropOp41
 70
     1
102
RTVSPost2010Prop42
 90
       50
102
RTVSPost2010PropOp42
 70
     1
102
RTVSPost2010Prop43
 90
        3
102
RTVSPost2010PropOp43
 70
     1
102
RTVSPost2010Prop44ColorIndex
 90
        5
102
RTVSPost2010Prop44ColorRGB
 90
      255
102
RTVSPost2010PropOp44
 70
     1
102
RTVSPost2010Prop45
280
     0
102
RTVSPost2010PropOp45
 70
     1
102
RTVSPost2010Prop46
 90
       50
102
RTVSPost2010PropOp46
 70
     1
102
RTVSPost2010Prop47
 90
       50
102
RTVSPost2010PropOp47
 70
     1
102
RTVSPost2010Prop48
 90
       50
102
RTVSPost2010PropOp48
 70
     1
102
RTVSPost2010Prop49
280
     0
102
RTVSPost2010PropOp49
 70
     1
102
RTVSPost2010Prop50
 90
       50
102
RTVSPost2010PropOp50
 70
     1
102
RTVSPost2010Prop51ColorIndex
 90
      256
102
RTVSPost2010Prop51ColorRGB
 90
-16777216
102
RTVSPost2010PropOp51
 70
     0
102
RTVSPost2010Prop52
140
1.0
102
RTVSPost2010PropOp52
 70
     0
102
RTVSPost2010Prop53
 90
        0
102
RTVSPost2010PropOp53
 70
     1
102
RTVSPost2010Prop54
  1
strokes_ogs.tif
102
RTVSPost2010PropOp54
 70
     1
102
RTVSPost2010Prop55
280
     0
102
RTVSPost2010PropOp55
 70
     1
102
RTVSPost2010Prop56
140
1.0
102
RTVSPost2010PropOp56
 70
     1
102
RTVSPost2010Prop57
140
1.0
102
RTVSPost2010PropOp57
 70
     1
  0
XRECORD
  5
C25
102
{ACAD_REACTORS
330
A2B
102
}
330
A2B
100
AcDbXrecord
280
     1
102
RTVSPropertyOp0
 70
     1
102
RTVSPropertyOp1
 70
     1
102
RTVSPropertyOp2
 70
     1
102
RTVSPropertyOp3
 70
     1
102
RTVSPropertyOp4
 70
     1
102
RTVSPropertyOp5
 70
     1
102
RTVSPropertyOp6
 70
     1
102
RTVSPropertyOp7
 70
     1
102
RTVSPropertyOp8
 70
     1
102
RTVSPropertyOp9
 70
     1
102
RTVSPropertyOp10
 70
     1
102
RTVSPropertyOp11
 70
     1
102
RTVSPropertyOp12
 70
     1
102
RTVSPropertyOp13
 70
     1
102
RTVSPropertyOp14
 70
     1
102
RTVSPropertyOp15
 70
     1
102
RTVSPropertyOp16
 70
     1
102
RTVSPropertyOp17
 70
     1
102
RTVSPropertyOp18
 70
     1
102
RTVSPropertyOp19
 70
     1
102
RTVSPropertyOp20
 70
     1
102
RTVSPropertyOp21
 70
     1
102
RTVSPropertyOp22
 70
     1
102
RTVSPropertyOp23
 70
     1
102
RTVSPropertyOp24
 70
     1
102
RTVSPropertyOp25
 70
     1
102
RTVSPropertyOp26
 70
     1
102
RTVSPropertyOp27
 70
     1
102
RTVSPropertyOp28
 70
     1
102
RTVSPropertyOp29
 70
     1
102
RTVSPropertyOp30
 70
     1
102
RTVSPropertyOp31
 70
     1
102
RTVSPropertyOp32
 70
     1
102
RTVSPropertyOp33
 70
     1
102
RTVSPropertyOp34
 70
     1
102
RTVSPropertyOp35
 70
     1
102
RTVSPropertyOp36
 70
     1
102
RTVSPropertyOp37
 70
     1
102
RTVSPropertyOp38
 70
     1
102
RTVSPropertyOp39
 70
     1
102
RTVSPropertyOp40
 70
     1
102
RTVSPropertyOp41
 70
     1
102
RTVSPropertyOp42
 70
     1
102
RTVSPropertyOp43
 70
     1
102
RTVSPropertyOp44
 70
     1
102
RTVSPropertyOp45
 70
     1
102
RTVSPropertyOp46
 70
     1
102
RTVSPropertyOp47
 70
     1
102
RTVSPropertyOp48
 70
     1
102
RTVSPropertyOp49
 70
     1
102
RTVSPropertyOp50
 70
     1
102
RTVSPropertyOp51
 70
     0
102
RTVSPropertyOp52
 70
     0
102
RTVSPropertyOp53
 70
     1
102
RTVSPropertyOp54
 70
     1
102
RTVSPropertyOp55
 70
     1
102
RTVSPropertyOp56
 70
     1
102
RTVSPropertyOp57
 70
     1
102
RTVSPost2010Prop28
280
     0
102
RTVSPost2010PropOp28
 70
     1
102
RTVSPost2010Prop29
280
     1
102
RTVSPost2010PropOp29
 70
     1
102
RTVSPost2010Prop30
280
     1
102
RTVSPost2010PropOp30
 70
     1
102
RTVSPost2010Prop31
280
     0
102
RTVSPost2010PropOp31
 70
     1
102
RTVSPost2010Prop32
280
     0
102
RTVSPost2010PropOp32
 70
     1
102
RTVSPost2010Prop33
280
     0
102
RTVSPost2010PropOp33
 70
     1
102
RTVSPost2010Prop34
280
     0
102
RTVSPost2010PropOp34
 70
     1
102
RTVSPost2010Prop35
280
     0
102
RTVSPost2010PropOp35
 70
     1
102
RTVSPost2010Prop36
280
     0
102
RTVSPost2010PropOp36
 70
     1
102
RTVSPost2010Prop37
 90
       50
102
RTVSPost2010PropOp37
 70
     1
102
RTVSPost2010Prop38
140
0.0
102
RTVSPost2010PropOp38
 70
     1
102
RTVSPost2010Prop39
140
1.0
102
RTVSPost2010PropOp39
 70
     1
102
RTVSPost2010Prop40
 90
        0
102
RTVSPost2010PropOp40
 70
     1
102
RTVSPost2010Prop41ColorIndex
 90
       18
102
RTVSPost2010Prop41ColorRGB
 90
        0
102
RTVSPost2010PropOp41
 70
     1
102
RTVSPost2010Prop42
 90
       50
102
RTVSPost2010PropOp42
 70
     1
102
RTVSPost2010Prop43
 90
        3
102
RTVSPost2010PropOp43
 70
     1
102
RTVSPost2010Prop44ColorIndex
 90
        5
102
RTVSPost2010Prop44ColorRGB
 90
      255
102
RTVSPost2010PropOp44
 70
     1
102
RTVSPost2010Prop45
280
     0
102
RTVSPost2010PropOp45
 70
     1
102
RTVSPost2010Prop46
 90
       50
102
RTVSPost2010PropOp46
 70
     1
102
RTVSPost2010Prop47
 90
       50
102
RTVSPost2010PropOp47
 70
     1
102
RTVSPost2010Prop48
 90
       50
102
RTVSPost2010PropOp48
 70
     1
102
RTVSPost2010Prop49
280
     0
102
RTVSPost2010PropOp49
 70
     1
102
RTVSPost2010Prop50
 90
       50
102
RTVSPost2010PropOp50
 70
     1
102
RTVSPost2010Prop51ColorIndex
 90
      256
102
RTVSPost2010Prop51ColorRGB
 90
-16777216
102
RTVSPost2010PropOp51
 70
     0
102
RTVSPost2010Prop52
140
1.0
102
RTVSPost2010PropOp52
 70
     0
102
RTVSPost2010Prop53
 90
        0
102
RTVSPost2010PropOp53
 70
     1
102
RTVSPost2010Prop54
  1
strokes_ogs.tif
102
RTVSPost2010PropOp54
 70
     1
102
RTVSPost2010Prop55
280
     0
102
RTVSPost2010PropOp55
 70
     1
102
RTVSPost2010Prop56
140
1.0
102
RTVSPost2010PropOp56
 70
     1
102
RTVSPost2010Prop57
140
1.0
102
RTVSPost2010PropOp57
 70
     1
  0
XRECORD
  5
C26
102
{ACAD_REACTORS
330
A2D
102
}
330
A2D
100
AcDbXrecord
280
     1
102
RTVSPropertyOp0
 70
     1
102
RTVSPropertyOp1
 70
     1
102
RTVSPropertyOp2
 70
     1
102
RTVSPropertyOp3
 70
     1
102
RTVSPropertyOp4
 70
     1
102
RTVSPropertyOp5
 70
     1
102
RTVSPropertyOp6
 70
     1
102
RTVSPropertyOp7
 70
     1
102
RTVSPropertyOp8
 70
     1
102
RTVSPropertyOp9
 70
     1
102
RTVSPropertyOp10
 70
     1
102
RTVSPropertyOp11
 70
     1
102
RTVSPropertyOp12
 70
     1
102
RTVSPropertyOp13
 70
     1
102
RTVSPropertyOp14
 70
     1
102
RTVSPropertyOp15
 70
     1
102
RTVSPropertyOp16
 70
     1
102
RTVSPropertyOp17
 70
     1
102
RTVSPropertyOp18
 70
     1
102
RTVSPropertyOp19
 70
     1
102
RTVSPropertyOp20
 70
     1
102
RTVSPropertyOp21
 70
     1
102
RTVSPropertyOp22
 70
     1
102
RTVSPropertyOp23
 70
     1
102
RTVSPropertyOp24
 70
     1
102
RTVSPropertyOp25
 70
     1
102
RTVSPropertyOp26
 70
     1
102
RTVSPropertyOp27
 70
     1
102
RTVSPropertyOp28
 70
     1
102
RTVSPropertyOp29
 70
     1
102
RTVSPropertyOp30
 70
     1
102
RTVSPropertyOp31
 70
     1
102
RTVSPropertyOp32
 70
     1
102
RTVSPropertyOp33
 70
     1
102
RTVSPropertyOp34
 70
     1
102
RTVSPropertyOp35
 70
     1
102
RTVSPropertyOp36
 70
     1
102
RTVSPropertyOp37
 70
     1
102
RTVSPropertyOp38
 70
     1
102
RTVSPropertyOp39
 70
     1
102
RTVSPropertyOp40
 70
     1
102
RTVSPropertyOp41
 70
     1
102
RTVSPropertyOp42
 70
     1
102
RTVSPropertyOp43
 70
     1
102
RTVSPropertyOp44
 70
     1
102
RTVSPropertyOp45
 70
     1
102
RTVSPropertyOp46
 70
     1
102
RTVSPropertyOp47
 70
     1
102
RTVSPropertyOp48
 70
     1
102
RTVSPropertyOp49
 70
     1
102
RTVSPropertyOp50
 70
     1
102
RTVSPropertyOp51
 70
     0
102
RTVSPropertyOp52
 70
     0
102
RTVSPropertyOp53
 70
     1
102
RTVSPropertyOp54
 70
     1
102
RTVSPropertyOp55
 70
     1
102
RTVSPropertyOp56
 70
     1
102
RTVSPropertyOp57
 70
     1
102
RTVSPost2010Prop28
280
     0
102
RTVSPost2010PropOp28
 70
     1
102
RTVSPost2010Prop29
280
     1
102
RTVSPost2010PropOp29
 70
     1
102
RTVSPost2010Prop30
280
     1
102
RTVSPost2010PropOp30
 70
     1
102
RTVSPost2010Prop31
280
     0
102
RTVSPost2010PropOp31
 70
     1
102
RTVSPost2010Prop32
280
     0
102
RTVSPost2010PropOp32
 70
     1
102
RTVSPost2010Prop33
280
     0
102
RTVSPost2010PropOp33
 70
     1
102
RTVSPost2010Prop34
280
     0
102
RTVSPost2010PropOp34
 70
     1
102
RTVSPost2010Prop35
280
     0
102
RTVSPost2010PropOp35
 70
     1
102
RTVSPost2010Prop36
280
     0
102
RTVSPost2010PropOp36
 70
     1
102
RTVSPost2010Prop37
 90
       50
102
RTVSPost2010PropOp37
 70
     1
102
RTVSPost2010Prop38
140
0.0
102
RTVSPost2010PropOp38
 70
     1
102
RTVSPost2010Prop39
140
1.0
102
RTVSPost2010PropOp39
 70
     1
102
RTVSPost2010Prop40
 90
        0
102
RTVSPost2010PropOp40
 70
     1
102
RTVSPost2010Prop41ColorIndex
 90
       18
102
RTVSPost2010Prop41ColorRGB
 90
        0
102
RTVSPost2010PropOp41
 70
     1
102
RTVSPost2010Prop42
 90
       50
102
RTVSPost2010PropOp42
 70
     1
102
RTVSPost2010Prop43
 90
        3
102
RTVSPost2010PropOp43
 70
     1
102
RTVSPost2010Prop44ColorIndex
 90
        5
102
RTVSPost2010Prop44ColorRGB
 90
      255
102
RTVSPost2010PropOp44
 70
     1
102
RTVSPost2010Prop45
280
     0
102
RTVSPost2010PropOp45
 70
     1
102
RTVSPost2010Prop46
 90
       50
102
RTVSPost2010PropOp46
 70
     1
102
RTVSPost2010Prop47
 90
       50
102
RTVSPost2010PropOp47
 70
     1
102
RTVSPost2010Prop48
 90
       50
102
RTVSPost2010PropOp48
 70
     1
102
RTVSPost2010Prop49
280
     0
102
RTVSPost2010PropOp49
 70
     1
102
RTVSPost2010Prop50
 90
       50
102
RTVSPost2010PropOp50
 70
     1
102
RTVSPost2010Prop51ColorIndex
 90
      256
102
RTVSPost2010Prop51ColorRGB
 90
-16777216
102
RTVSPost2010PropOp51
 70
     0
102
RTVSPost2010Prop52
140
1.0
102
RTVSPost2010PropOp52
 70
     0
102
RTVSPost2010Prop53
 90
        0
102
RTVSPost2010PropOp53
 70
     1
102
RTVSPost2010Prop54
  1
strokes_ogs.tif
102
RTVSPost2010PropOp54
 70
     1
102
RTVSPost2010Prop55
280
     0
102
RTVSPost2010PropOp55
 70
     1
102
RTVSPost2010Prop56
140
1.0
102
RTVSPost2010PropOp56
 70
     1
102
RTVSPost2010Prop57
140
1.0
102
RTVSPost2010PropOp57
 70
     1
  0
XRECORD
  5
C27
102
{ACAD_REACTORS
330
A2F
102
}
330
A2F
100
AcDbXrecord
280
     1
102
RTVSPropertyOp0
 70
     1
102
RTVSPropertyOp1
 70
     1
102
RTVSPropertyOp2
 70
     1
102
RTVSPropertyOp3
 70
     1
102
RTVSPropertyOp4
 70
     1
102
RTVSPropertyOp5
 70
     1
102
RTVSPropertyOp6
 70
     1
102
RTVSPropertyOp7
 70
     1
102
RTVSPropertyOp8
 70
     1
102
RTVSPropertyOp9
 70
     1
102
RTVSPropertyOp10
 70
     1
102
RTVSPropertyOp11
 70
     1
102
RTVSPropertyOp12
 70
     1
102
RTVSPropertyOp13
 70
     1
102
RTVSPropertyOp14
 70
     1
102
RTVSPropertyOp15
 70
     1
102
RTVSPropertyOp16
 70
     1
102
RTVSPropertyOp17
 70
     1
102
RTVSPropertyOp18
 70
     1
102
RTVSPropertyOp19
 70
     1
102
RTVSPropertyOp20
 70
     1
102
RTVSPropertyOp21
 70
     1
102
RTVSPropertyOp22
 70
     1
102
RTVSPropertyOp23
 70
     1
102
RTVSPropertyOp24
 70
     1
102
RTVSPropertyOp25
 70
     1
102
RTVSPropertyOp26
 70
     1
102
RTVSPropertyOp27
 70
     1
102
RTVSPropertyOp28
 70
     1
102
RTVSPropertyOp29
 70
     1
102
RTVSPropertyOp30
 70
     1
102
RTVSPropertyOp31
 70
     1
102
RTVSPropertyOp32
 70
     1
102
RTVSPropertyOp33
 70
     1
102
RTVSPropertyOp34
 70
     1
102
RTVSPropertyOp35
 70
     1
102
RTVSPropertyOp36
 70
     1
102
RTVSPropertyOp37
 70
     1
102
RTVSPropertyOp38
 70
     1
102
RTVSPropertyOp39
 70
     1
102
RTVSPropertyOp40
 70
     1
102
RTVSPropertyOp41
 70
     1
102
RTVSPropertyOp42
 70
     1
102
RTVSPropertyOp43
 70
     1
102
RTVSPropertyOp44
 70
     1
102
RTVSPropertyOp45
 70
     1
102
RTVSPropertyOp46
 70
     1
102
RTVSPropertyOp47
 70
     1
102
RTVSPropertyOp48
 70
     1
102
RTVSPropertyOp49
 70
     1
102
RTVSPropertyOp50
 70
     1
102
RTVSPropertyOp51
 70
     0
102
RTVSPropertyOp52
 70
     0
102
RTVSPropertyOp53
 70
     1
102
RTVSPropertyOp54
 70
     1
102
RTVSPropertyOp55
 70
     1
102
RTVSPropertyOp56
 70
     1
102
RTVSPropertyOp57
 70
     1
102
RTVSPost2010Prop28
280
     0
102
RTVSPost2010PropOp28
 70
     1
102
RTVSPost2010Prop29
280
     1
102
RTVSPost2010PropOp29
 70
     1
102
RTVSPost2010Prop30
280
     1
102
RTVSPost2010PropOp30
 70
     1
102
RTVSPost2010Prop31
280
     0
102
RTVSPost2010PropOp31
 70
     1
102
RTVSPost2010Prop32
280
     0
102
RTVSPost2010PropOp32
 70
     1
102
RTVSPost2010Prop33
280
     0
102
RTVSPost2010PropOp33
 70
     1
102
RTVSPost2010Prop34
280
     0
102
RTVSPost2010PropOp34
 70
     1
102
RTVSPost2010Prop35
280
     0
102
RTVSPost2010PropOp35
 70
     1
102
RTVSPost2010Prop36
280
     0
102
RTVSPost2010PropOp36
 70
     1
102
RTVSPost2010Prop37
 90
       50
102
RTVSPost2010PropOp37
 70
     1
102
RTVSPost2010Prop38
140
0.0
102
RTVSPost2010PropOp38
 70
     1
102
RTVSPost2010Prop39
140
1.0
102
RTVSPost2010PropOp39
 70
     1
102
RTVSPost2010Prop40
 90
        0
102
RTVSPost2010PropOp40
 70
     1
102
RTVSPost2010Prop41ColorIndex
 90
       18
102
RTVSPost2010Prop41ColorRGB
 90
        0
102
RTVSPost2010PropOp41
 70
     1
102
RTVSPost2010Prop42
 90
       50
102
RTVSPost2010PropOp42
 70
     1
102
RTVSPost2010Prop43
 90
        3
102
RTVSPost2010PropOp43
 70
     1
102
RTVSPost2010Prop44ColorIndex
 90
        5
102
RTVSPost2010Prop44ColorRGB
 90
      255
102
RTVSPost2010PropOp44
 70
     1
102
RTVSPost2010Prop45
280
     0
102
RTVSPost2010PropOp45
 70
     1
102
RTVSPost2010Prop46
 90
       50
102
RTVSPost2010PropOp46
 70
     1
102
RTVSPost2010Prop47
 90
       50
102
RTVSPost2010PropOp47
 70
     1
102
RTVSPost2010Prop48
 90
       50
102
RTVSPost2010PropOp48
 70
     1
102
RTVSPost2010Prop49
280
     0
102
RTVSPost2010PropOp49
 70
     1
102
RTVSPost2010Prop50
 90
       50
102
RTVSPost2010PropOp50
 70
     1
102
RTVSPost2010Prop51ColorIndex
 90
      256
102
RTVSPost2010Prop51ColorRGB
 90
-16777216
102
RTVSPost2010PropOp51
 70
     0
102
RTVSPost2010Prop52
140
1.0
102
RTVSPost2010PropOp52
 70
     0
102
RTVSPost2010Prop53
 90
        0
102
RTVSPost2010PropOp53
 70
     1
102
RTVSPost2010Prop54
  1
strokes_ogs.tif
102
RTVSPost2010PropOp54
 70
     1
102
RTVSPost2010Prop55
280
     0
102
RTVSPost2010PropOp55
 70
     1
102
RTVSPost2010Prop56
140
1.0
102
RTVSPost2010PropOp56
 70
     1
102
RTVSPost2010Prop57
140
1.0
102
RTVSPost2010PropOp57
 70
     1
  0
XRECORD
  5
C28
102
{ACAD_REACTORS
330
A31
102
}
330
A31
100
AcDbXrecord
280
     1
102
RTVSPropertyOp0
 70
     1
102
RTVSPropertyOp1
 70
     1
102
RTVSPropertyOp2
 70
     1
102
RTVSPropertyOp3
 70
     1
102
RTVSPropertyOp4
 70
     1
102
RTVSPropertyOp5
 70
     1
102
RTVSPropertyOp6
 70
     1
102
RTVSPropertyOp7
 70
     1
102
RTVSPropertyOp8
 70
     1
102
RTVSPropertyOp9
 70
     1
102
RTVSPropertyOp10
 70
     1
102
RTVSPropertyOp11
 70
     1
102
RTVSPropertyOp12
 70
     1
102
RTVSPropertyOp13
 70
     1
102
RTVSPropertyOp14
 70
     1
102
RTVSPropertyOp15
 70
     1
102
RTVSPropertyOp16
 70
     1
102
RTVSPropertyOp17
 70
     1
102
RTVSPropertyOp18
 70
     1
102
RTVSPropertyOp19
 70
     1
102
RTVSPropertyOp20
 70
     1
102
RTVSPropertyOp21
 70
     1
102
RTVSPropertyOp22
 70
     1
102
RTVSPropertyOp23
 70
     1
102
RTVSPropertyOp24
 70
     1
102
RTVSPropertyOp25
 70
     1
102
RTVSPropertyOp26
 70
     1
102
RTVSPropertyOp27
 70
     1
102
RTVSPropertyOp28
 70
     1
102
RTVSPropertyOp29
 70
     1
102
RTVSPropertyOp30
 70
     1
102
RTVSPropertyOp31
 70
     1
102
RTVSPropertyOp32
 70
     1
102
RTVSPropertyOp33
 70
     1
102
RTVSPropertyOp34
 70
     1
102
RTVSPropertyOp35
 70
     1
102
RTVSPropertyOp36
 70
     1
102
RTVSPropertyOp37
 70
     1
102
RTVSPropertyOp38
 70
     1
102
RTVSPropertyOp39
 70
     1
102
RTVSPropertyOp40
 70
     1
102
RTVSPropertyOp41
 70
     1
102
RTVSPropertyOp42
 70
     1
102
RTVSPropertyOp43
 70
     1
102
RTVSPropertyOp44
 70
     1
102
RTVSPropertyOp45
 70
     1
102
RTVSPropertyOp46
 70
     1
102
RTVSPropertyOp47
 70
     1
102
RTVSPropertyOp48
 70
     1
102
RTVSPropertyOp49
 70
     1
102
RTVSPropertyOp50
 70
     1
102
RTVSPropertyOp51
 70
     0
102
RTVSPropertyOp52
 70
     0
102
RTVSPropertyOp53
 70
     1
102
RTVSPropertyOp54
 70
     1
102
RTVSPropertyOp55
 70
     1
102
RTVSPropertyOp56
 70
     1
102
RTVSPropertyOp57
 70
     1
102
RTVSPost2010Prop28
280
     0
102
RTVSPost2010PropOp28
 70
     1
102
RTVSPost2010Prop29
280
     1
102
RTVSPost2010PropOp29
 70
     1
102
RTVSPost2010Prop30
280
     1
102
RTVSPost2010PropOp30
 70
     1
102
RTVSPost2010Prop31
280
     0
102
RTVSPost2010PropOp31
 70
     1
102
RTVSPost2010Prop32
280
     0
102
RTVSPost2010PropOp32
 70
     1
102
RTVSPost2010Prop33
280
     0
102
RTVSPost2010PropOp33
 70
     1
102
RTVSPost2010Prop34
280
     0
102
RTVSPost2010PropOp34
 70
     1
102
RTVSPost2010Prop35
280
     0
102
RTVSPost2010PropOp35
 70
     1
102
RTVSPost2010Prop36
280
     0
102
RTVSPost2010PropOp36
 70
     1
102
RTVSPost2010Prop37
 90
       50
102
RTVSPost2010PropOp37
 70
     1
102
RTVSPost2010Prop38
140
0.0
102
RTVSPost2010PropOp38
 70
     1
102
RTVSPost2010Prop39
140
1.0
102
RTVSPost2010PropOp39
 70
     1
102
RTVSPost2010Prop40
 90
        0
102
RTVSPost2010PropOp40
 70
     1
102
RTVSPost2010Prop41ColorIndex
 90
       18
102
RTVSPost2010Prop41ColorRGB
 90
        0
102
RTVSPost2010PropOp41
 70
     1
102
RTVSPost2010Prop42
 90
       50
102
RTVSPost2010PropOp42
 70
     1
102
RTVSPost2010Prop43
 90
        3
102
RTVSPost2010PropOp43
 70
     1
102
RTVSPost2010Prop44ColorIndex
 90
        5
102
RTVSPost2010Prop44ColorRGB
 90
      255
102
RTVSPost2010PropOp44
 70
     1
102
RTVSPost2010Prop45
280
     0
102
RTVSPost2010PropOp45
 70
     1
102
RTVSPost2010Prop46
 90
       50
102
RTVSPost2010PropOp46
 70
     1
102
RTVSPost2010Prop47
 90
       50
102
RTVSPost2010PropOp47
 70
     1
102
RTVSPost2010Prop48
 90
       50
102
RTVSPost2010PropOp48
 70
     1
102
RTVSPost2010Prop49
280
     0
102
RTVSPost2010PropOp49
 70
     1
102
RTVSPost2010Prop50
 90
       50
102
RTVSPost2010PropOp50
 70
     1
102
RTVSPost2010Prop51ColorIndex
 90
      256
102
RTVSPost2010Prop51ColorRGB
 90
-16777216
102
RTVSPost2010PropOp51
 70
     0
102
RTVSPost2010Prop52
140
1.0
102
RTVSPost2010PropOp52
 70
     0
102
RTVSPost2010Prop53
 90
        0
102
RTVSPost2010PropOp53
 70
     1
102
RTVSPost2010Prop54
  1
strokes_ogs.tif
102
RTVSPost2010PropOp54
 70
     1
102
RTVSPost2010Prop55
280
     0
102
RTVSPost2010PropOp55
 70
     1
102
RTVSPost2010Prop56
140
1.0
102
RTVSPost2010PropOp56
 70
     1
102
RTVSPost2010Prop57
140
1.0
102
RTVSPost2010PropOp57
 70
     1
  0
XRECORD
  5
C29
102
{ACAD_REACTORS
330
A33
102
}
330
A33
100
AcDbXrecord
280
     1
102
RTVSPropertyOp0
 70
     1
102
RTVSPropertyOp1
 70
     1
102
RTVSPropertyOp2
 70
     1
102
RTVSPropertyOp3
 70
     1
102
RTVSPropertyOp4
 70
     1
102
RTVSPropertyOp5
 70
     1
102
RTVSPropertyOp6
 70
     1
102
RTVSPropertyOp7
 70
     1
102
RTVSPropertyOp8
 70
     1
102
RTVSPropertyOp9
 70
     1
102
RTVSPropertyOp10
 70
     1
102
RTVSPropertyOp11
 70
     1
102
RTVSPropertyOp12
 70
     1
102
RTVSPropertyOp13
 70
     1
102
RTVSPropertyOp14
 70
     1
102
RTVSPropertyOp15
 70
     1
102
RTVSPropertyOp16
 70
     1
102
RTVSPropertyOp17
 70
     1
102
RTVSPropertyOp18
 70
     1
102
RTVSPropertyOp19
 70
     1
102
RTVSPropertyOp20
 70
     1
102
RTVSPropertyOp21
 70
     1
102
RTVSPropertyOp22
 70
     1
102
RTVSPropertyOp23
 70
     1
102
RTVSPropertyOp24
 70
     1
102
RTVSPropertyOp25
 70
     1
102
RTVSPropertyOp26
 70
     1
102
RTVSPropertyOp27
 70
     1
102
RTVSPropertyOp28
 70
     1
102
RTVSPropertyOp29
 70
     1
102
RTVSPropertyOp30
 70
     1
102
RTVSPropertyOp31
 70
     1
102
RTVSPropertyOp32
 70
     1
102
RTVSPropertyOp33
 70
     1
102
RTVSPropertyOp34
 70
     1
102
RTVSPropertyOp35
 70
     1
102
RTVSPropertyOp36
 70
     1
102
RTVSPropertyOp37
 70
     1
102
RTVSPropertyOp38
 70
     1
102
RTVSPropertyOp39
 70
     1
102
RTVSPropertyOp40
 70
     1
102
RTVSPropertyOp41
 70
     1
102
RTVSPropertyOp42
 70
     1
102
RTVSPropertyOp43
 70
     1
102
RTVSPropertyOp44
 70
     1
102
RTVSPropertyOp45
 70
     1
102
RTVSPropertyOp46
 70
     1
102
RTVSPropertyOp47
 70
     1
102
RTVSPropertyOp48
 70
     1
102
RTVSPropertyOp49
 70
     1
102
RTVSPropertyOp50
 70
     1
102
RTVSPropertyOp51
 70
     0
102
RTVSPropertyOp52
 70
     0
102
RTVSPropertyOp53
 70
     1
102
RTVSPropertyOp54
 70
     1
102
RTVSPropertyOp55
 70
     1
102
RTVSPropertyOp56
 70
     1
102
RTVSPropertyOp57
 70
     1
102
RTVSPost2010Prop28
280
     0
102
RTVSPost2010PropOp28
 70
     1
102
RTVSPost2010Prop29
280
     1
102
RTVSPost2010PropOp29
 70
     1
102
RTVSPost2010Prop30
280
     1
102
RTVSPost2010PropOp30
 70
     1
102
RTVSPost2010Prop31
280
     0
102
RTVSPost2010PropOp31
 70
     1
102
RTVSPost2010Prop32
280
     0
102
RTVSPost2010PropOp32
 70
     1
102
RTVSPost2010Prop33
280
     0
102
RTVSPost2010PropOp33
 70
     1
102
RTVSPost2010Prop34
280
     0
102
RTVSPost2010PropOp34
 70
     1
102
RTVSPost2010Prop35
280
     0
102
RTVSPost2010PropOp35
 70
     1
102
RTVSPost2010Prop36
280
     0
102
RTVSPost2010PropOp36
 70
     1
102
RTVSPost2010Prop37
 90
       50
102
RTVSPost2010PropOp37
 70
     1
102
RTVSPost2010Prop38
140
0.0
102
RTVSPost2010PropOp38
 70
     1
102
RTVSPost2010Prop39
140
1.0
102
RTVSPost2010PropOp39
 70
     1
102
RTVSPost2010Prop40
 90
        0
102
RTVSPost2010PropOp40
 70
     1
102
RTVSPost2010Prop41ColorIndex
 90
       18
102
RTVSPost2010Prop41ColorRGB
 90
        0
102
RTVSPost2010PropOp41
 70
     1
102
RTVSPost2010Prop42
 90
       50
102
RTVSPost2010PropOp42
 70
     1
102
RTVSPost2010Prop43
 90
        3
102
RTVSPost2010PropOp43
 70
     1
102
RTVSPost2010Prop44ColorIndex
 90
        5
102
RTVSPost2010Prop44ColorRGB
 90
      255
102
RTVSPost2010PropOp44
 70
     1
102
RTVSPost2010Prop45
280
     0
102
RTVSPost2010PropOp45
 70
     1
102
RTVSPost2010Prop46
 90
       50
102
RTVSPost2010PropOp46
 70
     1
102
RTVSPost2010Prop47
 90
       50
102
RTVSPost2010PropOp47
 70
     1
102
RTVSPost2010Prop48
 90
       50
102
RTVSPost2010PropOp48
 70
     1
102
RTVSPost2010Prop49
280
     0
102
RTVSPost2010PropOp49
 70
     1
102
RTVSPost2010Prop50
 90
       50
102
RTVSPost2010PropOp50
 70
     1
102
RTVSPost2010Prop51ColorIndex
 90
      256
102
RTVSPost2010Prop51ColorRGB
 90
-16777216
102
RTVSPost2010PropOp51
 70
     0
102
RTVSPost2010Prop52
140
1.0
102
RTVSPost2010PropOp52
 70
     0
102
RTVSPost2010Prop53
 90
        0
102
RTVSPost2010PropOp53
 70
     1
102
RTVSPost2010Prop54
  1
strokes_ogs.tif
102
RTVSPost2010PropOp54
 70
     1
102
RTVSPost2010Prop55
280
     0
102
RTVSPost2010PropOp55
 70
     1
102
RTVSPost2010Prop56
140
1.0
102
RTVSPost2010PropOp56
 70
     1
102
RTVSPost2010Prop57
140
1.0
102
RTVSPost2010PropOp57
 70
     1
  0
XRECORD
  5
C2A
102
{ACAD_REACTORS
330
A35
102
}
330
A35
100
AcDbXrecord
280
     1
102
RTVSPropertyOp0
 70
     0
102
RTVSPropertyOp1
 70
     0
102
RTVSPropertyOp2
 70
     0
102
RTVSPropertyOp3
 70
     0
102
RTVSPropertyOp4
 70
     0
102
RTVSPropertyOp5
 70
     0
102
RTVSPropertyOp6
 70
     0
102
RTVSPropertyOp7
 70
     0
102
RTVSPropertyOp8
 70
     0
102
RTVSPropertyOp9
 70
     0
102
RTVSPropertyOp10
 70
     0
102
RTVSPropertyOp11
 70
     0
102
RTVSPropertyOp12
 70
     0
102
RTVSPropertyOp13
 70
     0
102
RTVSPropertyOp14
 70
     2
102
RTVSPropertyOp15
 70
     0
102
RTVSPropertyOp16
 70
     0
102
RTVSPropertyOp17
 70
     0
102
RTVSPropertyOp18
 70
     0
102
RTVSPropertyOp19
 70
     0
102
RTVSPropertyOp20
 70
     0
102
RTVSPropertyOp21
 70
     0
102
RTVSPropertyOp22
 70
     0
102
RTVSPropertyOp23
 70
     0
102
RTVSPropertyOp24
 70
     0
102
RTVSPropertyOp25
 70
     0
102
RTVSPropertyOp26
 70
     0
102
RTVSPropertyOp27
 70
     0
102
RTVSPropertyOp28
 70
     1
102
RTVSPropertyOp29
 70
     1
102
RTVSPropertyOp30
 70
     1
102
RTVSPropertyOp31
 70
     1
102
RTVSPropertyOp32
 70
     1
102
RTVSPropertyOp33
 70
     1
102
RTVSPropertyOp34
 70
     1
102
RTVSPropertyOp35
 70
     1
102
RTVSPropertyOp36
 70
     1
102
RTVSPropertyOp37
 70
     1
102
RTVSPropertyOp38
 70
     1
102
RTVSPropertyOp39
 70
     1
102
RTVSPropertyOp40
 70
     1
102
RTVSPropertyOp41
 70
     1
102
RTVSPropertyOp42
 70
     1
102
RTVSPropertyOp43
 70
     1
102
RTVSPropertyOp44
 70
     1
102
RTVSPropertyOp45
 70
     1
102
RTVSPropertyOp46
 70
     1
102
RTVSPropertyOp47
 70
     1
102
RTVSPropertyOp48
 70
     1
102
RTVSPropertyOp49
 70
     1
102
RTVSPropertyOp50
 70
     1
102
RTVSPropertyOp51
 70
     0
102
RTVSPropertyOp52
 70
     0
102
RTVSPropertyOp53
 70
     1
102
RTVSPropertyOp54
 70
     1
102
RTVSPropertyOp55
 70
     1
102
RTVSPropertyOp56
 70
     1
102
RTVSPropertyOp57
 70
     1
102
RTVSPost2010Prop28
280
     0
102
RTVSPost2010PropOp28
 70
     1
102
RTVSPost2010Prop29
280
     1
102
RTVSPost2010PropOp29
 70
     1
102
RTVSPost2010Prop30
280
     1
102
RTVSPost2010PropOp30
 70
     1
102
RTVSPost2010Prop31
280
     0
102
RTVSPost2010PropOp31
 70
     1
102
RTVSPost2010Prop32
280
     0
102
RTVSPost2010PropOp32
 70
     1
102
RTVSPost2010Prop33
280
     0
102
RTVSPost2010PropOp33
 70
     1
102
RTVSPost2010Prop34
280
     0
102
RTVSPost2010PropOp34
 70
     1
102
RTVSPost2010Prop35
280
     0
102
RTVSPost2010PropOp35
 70
     1
102
RTVSPost2010Prop36
280
     0
102
RTVSPost2010PropOp36
 70
     1
102
RTVSPost2010Prop37
 90
       50
102
RTVSPost2010PropOp37
 70
     1
102
RTVSPost2010Prop38
140
0.0
102
RTVSPost2010PropOp38
 70
     1
102
RTVSPost2010Prop39
140
1.0
102
RTVSPost2010PropOp39
 70
     1
102
RTVSPost2010Prop40
 90
        0
102
RTVSPost2010PropOp40
 70
     1
102
RTVSPost2010Prop41ColorIndex
 90
       18
102
RTVSPost2010Prop41ColorRGB
 90
        0
102
RTVSPost2010PropOp41
 70
     1
102
RTVSPost2010Prop42
 90
       50
102
RTVSPost2010PropOp42
 70
     1
102
RTVSPost2010Prop43
 90
        3
102
RTVSPost2010PropOp43
 70
     1
102
RTVSPost2010Prop44ColorIndex
 90
        5
102
RTVSPost2010Prop44ColorRGB
 90
      255
102
RTVSPost2010PropOp44
 70
     1
102
RTVSPost2010Prop45
280
     0
102
RTVSPost2010PropOp45
 70
     1
102
RTVSPost2010Prop46
 90
       50
102
RTVSPost2010PropOp46
 70
     1
102
RTVSPost2010Prop47
 90
       50
102
RTVSPost2010PropOp47
 70
     1
102
RTVSPost2010Prop48
 90
       50
102
RTVSPost2010PropOp48
 70
     1
102
RTVSPost2010Prop49
280
     0
102
RTVSPost2010PropOp49
 70
     1
102
RTVSPost2010Prop50
 90
       50
102
RTVSPost2010PropOp50
 70
     1
102
RTVSPost2010Prop51ColorIndex
 90
      256
102
RTVSPost2010Prop51ColorRGB
 90
-16777216
102
RTVSPost2010PropOp51
 70
     0
102
RTVSPost2010Prop52
140
1.0
102
RTVSPost2010PropOp52
 70
     0
102
RTVSPost2010Prop53
 90
        0
102
RTVSPost2010PropOp53
 70
     1
102
RTVSPost2010Prop54
  1
strokes_ogs.tif
102
RTVSPost2010PropOp54
 70
     1
102
RTVSPost2010Prop55
280
     0
102
RTVSPost2010PropOp55
 70
     1
102
RTVSPost2010Prop56
140
1.0
102
RTVSPost2010PropOp56
 70
     1
102
RTVSPost2010Prop57
140
1.0
102
RTVSPost2010PropOp57
 70
     1
  0
XRECORD
  5
C2B
102
{ACAD_REACTORS
330
A37
102
}
330
A37
100
AcDbXrecord
280
     1
102
RTVSPropertyOp0
 70
     1
102
RTVSPropertyOp1
 70
     1
102
RTVSPropertyOp2
 70
     1
102
RTVSPropertyOp3
 70
     1
102
RTVSPropertyOp4
 70
     1
102
RTVSPropertyOp5
 70
     1
102
RTVSPropertyOp6
 70
     1
102
RTVSPropertyOp7
 70
     1
102
RTVSPropertyOp8
 70
     1
102
RTVSPropertyOp9
 70
     1
102
RTVSPropertyOp10
 70
     1
102
RTVSPropertyOp11
 70
     1
102
RTVSPropertyOp12
 70
     1
102
RTVSPropertyOp13
 70
     1
102
RTVSPropertyOp14
 70
     1
102
RTVSPropertyOp15
 70
     1
102
RTVSPropertyOp16
 70
     1
102
RTVSPropertyOp17
 70
     1
102
RTVSPropertyOp18
 70
     1
102
RTVSPropertyOp19
 70
     1
102
RTVSPropertyOp20
 70
     1
102
RTVSPropertyOp21
 70
     1
102
RTVSPropertyOp22
 70
     1
102
RTVSPropertyOp23
 70
     1
102
RTVSPropertyOp24
 70
     1
102
RTVSPropertyOp25
 70
     1
102
RTVSPropertyOp26
 70
     1
102
RTVSPropertyOp27
 70
     1
102
RTVSPropertyOp28
 70
     1
102
RTVSPropertyOp29
 70
     1
102
RTVSPropertyOp30
 70
     1
102
RTVSPropertyOp31
 70
     1
102
RTVSPropertyOp32
 70
     1
102
RTVSPropertyOp33
 70
     1
102
RTVSPropertyOp34
 70
     1
102
RTVSPropertyOp35
 70
     1
102
RTVSPropertyOp36
 70
     1
102
RTVSPropertyOp37
 70
     1
102
RTVSPropertyOp38
 70
     1
102
RTVSPropertyOp39
 70
     1
102
RTVSPropertyOp40
 70
     1
102
RTVSPropertyOp41
 70
     1
102
RTVSPropertyOp42
 70
     1
102
RTVSPropertyOp43
 70
     1
102
RTVSPropertyOp44
 70
     1
102
RTVSPropertyOp45
 70
     1
102
RTVSPropertyOp46
 70
     1
102
RTVSPropertyOp47
 70
     1
102
RTVSPropertyOp48
 70
     1
102
RTVSPropertyOp49
 70
     1
102
RTVSPropertyOp50
 70
     1
102
RTVSPropertyOp51
 70
     0
102
RTVSPropertyOp52
 70
     0
102
RTVSPropertyOp53
 70
     1
102
RTVSPropertyOp54
 70
     1
102
RTVSPropertyOp55
 70
     1
102
RTVSPropertyOp56
 70
     1
102
RTVSPropertyOp57
 70
     1
102
RTVSPost2010Prop28
280
     0
102
RTVSPost2010PropOp28
 70
     1
102
RTVSPost2010Prop29
280
     1
102
RTVSPost2010PropOp29
 70
     1
102
RTVSPost2010Prop30
280
     1
102
RTVSPost2010PropOp30
 70
     1
102
RTVSPost2010Prop31
280
     0
102
RTVSPost2010PropOp31
 70
     1
102
RTVSPost2010Prop32
280
     0
102
RTVSPost2010PropOp32
 70
     1
102
RTVSPost2010Prop33
280
     0
102
RTVSPost2010PropOp33
 70
     1
102
RTVSPost2010Prop34
280
     0
102
RTVSPost2010PropOp34
 70
     1
102
RTVSPost2010Prop35
280
     0
102
RTVSPost2010PropOp35
 70
     1
102
RTVSPost2010Prop36
280
     0
102
RTVSPost2010PropOp36
 70
     1
102
RTVSPost2010Prop37
 90
       50
102
RTVSPost2010PropOp37
 70
     1
102
RTVSPost2010Prop38
140
0.0
102
RTVSPost2010PropOp38
 70
     1
102
RTVSPost2010Prop39
140
1.0
102
RTVSPost2010PropOp39
 70
     1
102
RTVSPost2010Prop40
 90
        0
102
RTVSPost2010PropOp40
 70
     1
102
RTVSPost2010Prop41ColorIndex
 90
       18
102
RTVSPost2010Prop41ColorRGB
 90
        0
102
RTVSPost2010PropOp41
 70
     1
102
RTVSPost2010Prop42
 90
       50
102
RTVSPost2010PropOp42
 70
     1
102
RTVSPost2010Prop43
 90
        3
102
RTVSPost2010PropOp43
 70
     1
102
RTVSPost2010Prop44ColorIndex
 90
        5
102
RTVSPost2010Prop44ColorRGB
 90
      255
102
RTVSPost2010PropOp44
 70
     1
102
RTVSPost2010Prop45
280
     0
102
RTVSPost2010PropOp45
 70
     1
102
RTVSPost2010Prop46
 90
       50
102
RTVSPost2010PropOp46
 70
     1
102
RTVSPost2010Prop47
 90
       50
102
RTVSPost2010PropOp47
 70
     1
102
RTVSPost2010Prop48
 90
       50
102
RTVSPost2010PropOp48
 70
     1
102
RTVSPost2010Prop49
280
     0
102
RTVSPost2010PropOp49
 70
     1
102
RTVSPost2010Prop50
 90
       50
102
RTVSPost2010PropOp50
 70
     1
102
RTVSPost2010Prop51ColorIndex
 90
      256
102
RTVSPost2010Prop51ColorRGB
 90
-16777216
102
RTVSPost2010PropOp51
 70
     0
102
RTVSPost2010Prop52
140
1.0
102
RTVSPost2010PropOp52
 70
     0
102
RTVSPost2010Prop53
 90
        0
102
RTVSPost2010PropOp53
 70
     1
102
RTVSPost2010Prop54
  1
strokes_ogs.tif
102
RTVSPost2010PropOp54
 70
     1
102
RTVSPost2010Prop55
280
     0
102
RTVSPost2010PropOp55
 70
     1
102
RTVSPost2010Prop56
140
1.0
102
RTVSPost2010PropOp56
 70
     1
102
RTVSPost2010Prop57
140
1.0
102
RTVSPost2010PropOp57
 70
     1
  0
XRECORD
  5
C2C
102
{ACAD_REACTORS
330
A39
102
}
330
A39
100
AcDbXrecord
280
     1
102
RTVSPropertyOp0
 70
     0
102
RTVSPropertyOp1
 70
     0
102
RTVSPropertyOp2
 70
     0
102
RTVSPropertyOp3
 70
     0
102
RTVSPropertyOp4
 70
     0
102
RTVSPropertyOp5
 70
     0
102
RTVSPropertyOp6
 70
     0
102
RTVSPropertyOp7
 70
     0
102
RTVSPropertyOp8
 70
     0
102
RTVSPropertyOp9
 70
     0
102
RTVSPropertyOp10
 70
     0
102
RTVSPropertyOp11
 70
     0
102
RTVSPropertyOp12
 70
     0
102
RTVSPropertyOp13
 70
     0
102
RTVSPropertyOp14
 70
     2
102
RTVSPropertyOp15
 70
     0
102
RTVSPropertyOp16
 70
     0
102
RTVSPropertyOp17
 70
     0
102
RTVSPropertyOp18
 70
     0
102
RTVSPropertyOp19
 70
     0
102
RTVSPropertyOp20
 70
     0
102
RTVSPropertyOp21
 70
     0
102
RTVSPropertyOp22
 70
     0
102
RTVSPropertyOp23
 70
     0
102
RTVSPropertyOp24
 70
     0
102
RTVSPropertyOp25
 70
     0
102
RTVSPropertyOp26
 70
     0
102
RTVSPropertyOp27
 70
     0
102
RTVSPropertyOp28
 70
     1
102
RTVSPropertyOp29
 70
     1
102
RTVSPropertyOp30
 70
     1
102
RTVSPropertyOp31
 70
     1
102
RTVSPropertyOp32
 70
     1
102
RTVSPropertyOp33
 70
     1
102
RTVSPropertyOp34
 70
     1
102
RTVSPropertyOp35
 70
     1
102
RTVSPropertyOp36
 70
     1
102
RTVSPropertyOp37
 70
     1
102
RTVSPropertyOp38
 70
     1
102
RTVSPropertyOp39
 70
     1
102
RTVSPropertyOp40
 70
     1
102
RTVSPropertyOp41
 70
     1
102
RTVSPropertyOp42
 70
     1
102
RTVSPropertyOp43
 70
     1
102
RTVSPropertyOp44
 70
     1
102
RTVSPropertyOp45
 70
     1
102
RTVSPropertyOp46
 70
     1
102
RTVSPropertyOp47
 70
     1
102
RTVSPropertyOp48
 70
     1
102
RTVSPropertyOp49
 70
     1
102
RTVSPropertyOp50
 70
     1
102
RTVSPropertyOp51
 70
     0
102
RTVSPropertyOp52
 70
     0
102
RTVSPropertyOp53
 70
     1
102
RTVSPropertyOp54
 70
     1
102
RTVSPropertyOp55
 70
     1
102
RTVSPropertyOp56
 70
     1
102
RTVSPropertyOp57
 70
     1
102
RTVSPost2010Prop28
280
     0
102
RTVSPost2010PropOp28
 70
     1
102
RTVSPost2010Prop29
280
     1
102
RTVSPost2010PropOp29
 70
     1
102
RTVSPost2010Prop30
280
     1
102
RTVSPost2010PropOp30
 70
     1
102
RTVSPost2010Prop31
280
     0
102
RTVSPost2010PropOp31
 70
     1
102
RTVSPost2010Prop32
280
     0
102
RTVSPost2010PropOp32
 70
     1
102
RTVSPost2010Prop33
280
     0
102
RTVSPost2010PropOp33
 70
     1
102
RTVSPost2010Prop34
280
     0
102
RTVSPost2010PropOp34
 70
     1
102
RTVSPost2010Prop35
280
     0
102
RTVSPost2010PropOp35
 70
     1
102
RTVSPost2010Prop36
280
     0
102
RTVSPost2010PropOp36
 70
     1
102
RTVSPost2010Prop37
 90
       50
102
RTVSPost2010PropOp37
 70
     1
102
RTVSPost2010Prop38
140
0.0
102
RTVSPost2010PropOp38
 70
     1
102
RTVSPost2010Prop39
140
1.0
102
RTVSPost2010PropOp39
 70
     1
102
RTVSPost2010Prop40
 90
        0
102
RTVSPost2010PropOp40
 70
     1
102
RTVSPost2010Prop41ColorIndex
 90
       18
102
RTVSPost2010Prop41ColorRGB
 90
        0
102
RTVSPost2010PropOp41
 70
     1
102
RTVSPost2010Prop42
 90
       50
102
RTVSPost2010PropOp42
 70
     1
102
RTVSPost2010Prop43
 90
        3
102
RTVSPost2010PropOp43
 70
     1
102
RTVSPost2010Prop44ColorIndex
 90
        5
102
RTVSPost2010Prop44ColorRGB
 90
      255
102
RTVSPost2010PropOp44
 70
     1
102
RTVSPost2010Prop45
280
     0
102
RTVSPost2010PropOp45
 70
     1
102
RTVSPost2010Prop46
 90
       50
102
RTVSPost2010PropOp46
 70
     1
102
RTVSPost2010Prop47
 90
       50
102
RTVSPost2010PropOp47
 70
     1
102
RTVSPost2010Prop48
 90
       50
102
RTVSPost2010PropOp48
 70
     1
102
RTVSPost2010Prop49
280
     0
102
RTVSPost2010PropOp49
 70
     1
102
RTVSPost2010Prop50
 90
       50
102
RTVSPost2010PropOp50
 70
     1
102
RTVSPost2010Prop51ColorIndex
 90
      256
102
RTVSPost2010Prop51ColorRGB
 90
-16777216
102
RTVSPost2010PropOp51
 70
     0
102
RTVSPost2010Prop52
140
1.0
102
RTVSPost2010PropOp52
 70
     0
102
RTVSPost2010Prop53
 90
        0
102
RTVSPost2010PropOp53
 70
     1
102
RTVSPost2010Prop54
  1
strokes_ogs.tif
102
RTVSPost2010PropOp54
 70
     1
102
RTVSPost2010Prop55
280
     0
102
RTVSPost2010PropOp55
 70
     1
102
RTVSPost2010Prop56
140
1.0
102
RTVSPost2010PropOp56
 70
     1
102
RTVSPost2010Prop57
140
1.0
102
RTVSPost2010PropOp57
 70
     1
  0
XRECORD
  5
C2D
102
{ACAD_REACTORS
330
A3B
102
}
330
A3B
100
AcDbXrecord
280
     1
102
RTVSPropertyOp0
 70
     1
102
RTVSPropertyOp1
 70
     1
102
RTVSPropertyOp2
 70
     1
102
RTVSPropertyOp3
 70
     1
102
RTVSPropertyOp4
 70
     1
102
RTVSPropertyOp5
 70
     1
102
RTVSPropertyOp6
 70
     1
102
RTVSPropertyOp7
 70
     1
102
RTVSPropertyOp8
 70
     1
102
RTVSPropertyOp9
 70
     1
102
RTVSPropertyOp10
 70
     1
102
RTVSPropertyOp11
 70
     1
102
RTVSPropertyOp12
 70
     1
102
RTVSPropertyOp13
 70
     1
102
RTVSPropertyOp14
 70
     1
102
RTVSPropertyOp15
 70
     1
102
RTVSPropertyOp16
 70
     1
102
RTVSPropertyOp17
 70
     1
102
RTVSPropertyOp18
 70
     1
102
RTVSPropertyOp19
 70
     1
102
RTVSPropertyOp20
 70
     1
102
RTVSPropertyOp21
 70
     1
102
RTVSPropertyOp22
 70
     1
102
RTVSPropertyOp23
 70
     1
102
RTVSPropertyOp24
 70
     1
102
RTVSPropertyOp25
 70
     1
102
RTVSPropertyOp26
 70
     1
102
RTVSPropertyOp27
 70
     1
102
RTVSPropertyOp28
 70
     1
102
RTVSPropertyOp29
 70
     1
102
RTVSPropertyOp30
 70
     1
102
RTVSPropertyOp31
 70
     1
102
RTVSPropertyOp32
 70
     1
102
RTVSPropertyOp33
 70
     1
102
RTVSPropertyOp34
 70
     1
102
RTVSPropertyOp35
 70
     1
102
RTVSPropertyOp36
 70
     1
102
RTVSPropertyOp37
 70
     1
102
RTVSPropertyOp38
 70
     1
102
RTVSPropertyOp39
 70
     1
102
RTVSPropertyOp40
 70
     1
102
RTVSPropertyOp41
 70
     1
102
RTVSPropertyOp42
 70
     1
102
RTVSPropertyOp43
 70
     1
102
RTVSPropertyOp44
 70
     1
102
RTVSPropertyOp45
 70
     1
102
RTVSPropertyOp46
 70
     1
102
RTVSPropertyOp47
 70
     1
102
RTVSPropertyOp48
 70
     1
102
RTVSPropertyOp49
 70
     1
102
RTVSPropertyOp50
 70
     1
102
RTVSPropertyOp51
 70
     0
102
RTVSPropertyOp52
 70
     0
102
RTVSPropertyOp53
 70
     1
102
RTVSPropertyOp54
 70
     1
102
RTVSPropertyOp55
 70
     1
102
RTVSPropertyOp56
 70
     1
102
RTVSPropertyOp57
 70
     1
102
RTVSPost2010Prop28
280
     0
102
RTVSPost2010PropOp28
 70
     1
102
RTVSPost2010Prop29
280
     1
102
RTVSPost2010PropOp29
 70
     1
102
RTVSPost2010Prop30
280
     1
102
RTVSPost2010PropOp30
 70
     1
102
RTVSPost2010Prop31
280
     0
102
RTVSPost2010PropOp31
 70
     1
102
RTVSPost2010Prop32
280
     0
102
RTVSPost2010PropOp32
 70
     1
102
RTVSPost2010Prop33
280
     0
102
RTVSPost2010PropOp33
 70
     1
102
RTVSPost2010Prop34
280
     0
102
RTVSPost2010PropOp34
 70
     1
102
RTVSPost2010Prop35
280
     0
102
RTVSPost2010PropOp35
 70
     1
102
RTVSPost2010Prop36
280
     0
102
RTVSPost2010PropOp36
 70
     1
102
RTVSPost2010Prop37
 90
       50
102
RTVSPost2010PropOp37
 70
     1
102
RTVSPost2010Prop38
140
0.0
102
RTVSPost2010PropOp38
 70
     1
102
RTVSPost2010Prop39
140
1.0
102
RTVSPost2010PropOp39
 70
     1
102
RTVSPost2010Prop40
 90
        0
102
RTVSPost2010PropOp40
 70
     1
102
RTVSPost2010Prop41ColorIndex
 90
       18
102
RTVSPost2010Prop41ColorRGB
 90
        0
102
RTVSPost2010PropOp41
 70
     1
102
RTVSPost2010Prop42
 90
       50
102
RTVSPost2010PropOp42
 70
     1
102
RTVSPost2010Prop43
 90
        3
102
RTVSPost2010PropOp43
 70
     1
102
RTVSPost2010Prop44ColorIndex
 90
        5
102
RTVSPost2010Prop44ColorRGB
 90
      255
102
RTVSPost2010PropOp44
 70
     1
102
RTVSPost2010Prop45
280
     0
102
RTVSPost2010PropOp45
 70
     1
102
RTVSPost2010Prop46
 90
       50
102
RTVSPost2010PropOp46
 70
     1
102
RTVSPost2010Prop47
 90
       50
102
RTVSPost2010PropOp47
 70
     1
102
RTVSPost2010Prop48
 90
       50
102
RTVSPost2010PropOp48
 70
     1
102
RTVSPost2010Prop49
280
     0
102
RTVSPost2010PropOp49
 70
     1
102
RTVSPost2010Prop50
 90
       50
102
RTVSPost2010PropOp50
 70
     1
102
RTVSPost2010Prop51ColorIndex
 90
      256
102
RTVSPost2010Prop51ColorRGB
 90
-16777216
102
RTVSPost2010PropOp51
 70
     0
102
RTVSPost2010Prop52
140
1.0
102
RTVSPost2010PropOp52
 70
     0
102
RTVSPost2010Prop53
 90
        0
102
RTVSPost2010PropOp53
 70
     1
102
RTVSPost2010Prop54
  1
strokes_ogs.tif
102
RTVSPost2010PropOp54
 70
     1
102
RTVSPost2010Prop55
280
     0
102
RTVSPost2010PropOp55
 70
     1
102
RTVSPost2010Prop56
140
1.0
102
RTVSPost2010PropOp56
 70
     1
102
RTVSPost2010Prop57
140
1.0
102
RTVSPost2010PropOp57
 70
     1
  0
XRECORD
  5
C2E
102
{ACAD_REACTORS
330
A3D
102
}
330
A3D
100
AcDbXrecord
280
     1
102
RTVSPropertyOp0
 70
     1
102
RTVSPropertyOp1
 70
     1
102
RTVSPropertyOp2
 70
     1
102
RTVSPropertyOp3
 70
     1
102
RTVSPropertyOp4
 70
     1
102
RTVSPropertyOp5
 70
     1
102
RTVSPropertyOp6
 70
     1
102
RTVSPropertyOp7
 70
     1
102
RTVSPropertyOp8
 70
     1
102
RTVSPropertyOp9
 70
     1
102
RTVSPropertyOp10
 70
     1
102
RTVSPropertyOp11
 70
     1
102
RTVSPropertyOp12
 70
     1
102
RTVSPropertyOp13
 70
     1
102
RTVSPropertyOp14
 70
     1
102
RTVSPropertyOp15
 70
     1
102
RTVSPropertyOp16
 70
     1
102
RTVSPropertyOp17
 70
     1
102
RTVSPropertyOp18
 70
     1
102
RTVSPropertyOp19
 70
     1
102
RTVSPropertyOp20
 70
     1
102
RTVSPropertyOp21
 70
     1
102
RTVSPropertyOp22
 70
     1
102
RTVSPropertyOp23
 70
     1
102
RTVSPropertyOp24
 70
     1
102
RTVSPropertyOp25
 70
     1
102
RTVSPropertyOp26
 70
     1
102
RTVSPropertyOp27
 70
     1
102
RTVSPropertyOp28
 70
     1
102
RTVSPropertyOp29
 70
     1
102
RTVSPropertyOp30
 70
     1
102
RTVSPropertyOp31
 70
     1
102
RTVSPropertyOp32
 70
     1
102
RTVSPropertyOp33
 70
     1
102
RTVSPropertyOp34
 70
     1
102
RTVSPropertyOp35
 70
     1
102
RTVSPropertyOp36
 70
     1
102
RTVSPropertyOp37
 70
     1
102
RTVSPropertyOp38
 70
     1
102
RTVSPropertyOp39
 70
     1
102
RTVSPropertyOp40
 70
     1
102
RTVSPropertyOp41
 70
     1
102
RTVSPropertyOp42
 70
     1
102
RTVSPropertyOp43
 70
     1
102
RTVSPropertyOp44
 70
     1
102
RTVSPropertyOp45
 70
     1
102
RTVSPropertyOp46
 70
     1
102
RTVSPropertyOp47
 70
     1
102
RTVSPropertyOp48
 70
     1
102
RTVSPropertyOp49
 70
     1
102
RTVSPropertyOp50
 70
     1
102
RTVSPropertyOp51
 70
     0
102
RTVSPropertyOp52
 70
     0
102
RTVSPropertyOp53
 70
     1
102
RTVSPropertyOp54
 70
     1
102
RTVSPropertyOp55
 70
     1
102
RTVSPropertyOp56
 70
     1
102
RTVSPropertyOp57
 70
     1
102
RTVSPost2010Prop28
280
     0
102
RTVSPost2010PropOp28
 70
     1
102
RTVSPost2010Prop29
280
     1
102
RTVSPost2010PropOp29
 70
     1
102
RTVSPost2010Prop30
280
     1
102
RTVSPost2010PropOp30
 70
     1
102
RTVSPost2010Prop31
280
     0
102
RTVSPost2010PropOp31
 70
     1
102
RTVSPost2010Prop32
280
     0
102
RTVSPost2010PropOp32
 70
     1
102
RTVSPost2010Prop33
280
     0
102
RTVSPost2010PropOp33
 70
     1
102
RTVSPost2010Prop34
280
     0
102
RTVSPost2010PropOp34
 70
     1
102
RTVSPost2010Prop35
280
     0
102
RTVSPost2010PropOp35
 70
     1
102
RTVSPost2010Prop36
280
     0
102
RTVSPost2010PropOp36
 70
     1
102
RTVSPost2010Prop37
 90
       50
102
RTVSPost2010PropOp37
 70
     1
102
RTVSPost2010Prop38
140
0.0
102
RTVSPost2010PropOp38
 70
     1
102
RTVSPost2010Prop39
140
1.0
102
RTVSPost2010PropOp39
 70
     1
102
RTVSPost2010Prop40
 90
        0
102
RTVSPost2010PropOp40
 70
     1
102
RTVSPost2010Prop41ColorIndex
 90
       18
102
RTVSPost2010Prop41ColorRGB
 90
        0
102
RTVSPost2010PropOp41
 70
     1
102
RTVSPost2010Prop42
 90
       50
102
RTVSPost2010PropOp42
 70
     1
102
RTVSPost2010Prop43
 90
        3
102
RTVSPost2010PropOp43
 70
     1
102
RTVSPost2010Prop44ColorIndex
 90
        5
102
RTVSPost2010Prop44ColorRGB
 90
      255
102
RTVSPost2010PropOp44
 70
     1
102
RTVSPost2010Prop45
280
     0
102
RTVSPost2010PropOp45
 70
     1
102
RTVSPost2010Prop46
 90
       50
102
RTVSPost2010PropOp46
 70
     1
102
RTVSPost2010Prop47
 90
       50
102
RTVSPost2010PropOp47
 70
     1
102
RTVSPost2010Prop48
 90
       50
102
RTVSPost2010PropOp48
 70
     1
102
RTVSPost2010Prop49
280
     0
102
RTVSPost2010PropOp49
 70
     1
102
RTVSPost2010Prop50
 90
       50
102
RTVSPost2010PropOp50
 70
     1
102
RTVSPost2010Prop51ColorIndex
 90
      256
102
RTVSPost2010Prop51ColorRGB
 90
-16777216
102
RTVSPost2010PropOp51
 70
     0
102
RTVSPost2010Prop52
140
1.0
102
RTVSPost2010PropOp52
 70
     0
102
RTVSPost2010Prop53
 90
        0
102
RTVSPost2010PropOp53
 70
     1
102
RTVSPost2010Prop54
  1
strokes_ogs.tif
102
RTVSPost2010PropOp54
 70
     1
102
RTVSPost2010Prop55
280
     0
102
RTVSPost2010PropOp55
 70
     1
102
RTVSPost2010Prop56
140
1.0
102
RTVSPost2010PropOp56
 70
     1
102
RTVSPost2010Prop57
140
1.0
102
RTVSPost2010PropOp57
 70
     1
  0
XRECORD
  5
C2F
102
{ACAD_REACTORS
330
A3F
102
}
330
A3F
100
AcDbXrecord
280
     1
102
RTVSPropertyOp0
 70
     1
102
RTVSPropertyOp1
 70
     1
102
RTVSPropertyOp2
 70
     1
102
RTVSPropertyOp3
 70
     1
102
RTVSPropertyOp4
 70
     1
102
RTVSPropertyOp5
 70
     1
102
RTVSPropertyOp6
 70
     1
102
RTVSPropertyOp7
 70
     1
102
RTVSPropertyOp8
 70
     1
102
RTVSPropertyOp9
 70
     1
102
RTVSPropertyOp10
 70
     1
102
RTVSPropertyOp11
 70
     1
102
RTVSPropertyOp12
 70
     1
102
RTVSPropertyOp13
 70
     1
102
RTVSPropertyOp14
 70
     1
102
RTVSPropertyOp15
 70
     1
102
RTVSPropertyOp16
 70
     1
102
RTVSPropertyOp17
 70
     1
102
RTVSPropertyOp18
 70
     1
102
RTVSPropertyOp19
 70
     1
102
RTVSPropertyOp20
 70
     1
102
RTVSPropertyOp21
 70
     1
102
RTVSPropertyOp22
 70
     1
102
RTVSPropertyOp23
 70
     1
102
RTVSPropertyOp24
 70
     1
102
RTVSPropertyOp25
 70
     1
102
RTVSPropertyOp26
 70
     1
102
RTVSPropertyOp27
 70
     1
102
RTVSPropertyOp28
 70
     1
102
RTVSPropertyOp29
 70
     1
102
RTVSPropertyOp30
 70
     1
102
RTVSPropertyOp31
 70
     1
102
RTVSPropertyOp32
 70
     1
102
RTVSPropertyOp33
 70
     1
102
RTVSPropertyOp34
 70
     1
102
RTVSPropertyOp35
 70
     1
102
RTVSPropertyOp36
 70
     1
102
RTVSPropertyOp37
 70
     1
102
RTVSPropertyOp38
 70
     1
102
RTVSPropertyOp39
 70
     1
102
RTVSPropertyOp40
 70
     1
102
RTVSPropertyOp41
 70
     1
102
RTVSPropertyOp42
 70
     1
102
RTVSPropertyOp43
 70
     1
102
RTVSPropertyOp44
 70
     1
102
RTVSPropertyOp45
 70
     1
102
RTVSPropertyOp46
 70
     1
102
RTVSPropertyOp47
 70
     1
102
RTVSPropertyOp48
 70
     1
102
RTVSPropertyOp49
 70
     1
102
RTVSPropertyOp50
 70
     1
102
RTVSPropertyOp51
 70
     0
102
RTVSPropertyOp52
 70
     0
102
RTVSPropertyOp53
 70
     1
102
RTVSPropertyOp54
 70
     1
102
RTVSPropertyOp55
 70
     1
102
RTVSPropertyOp56
 70
     1
102
RTVSPropertyOp57
 70
     1
102
RTVSPost2010Prop28
280
     0
102
RTVSPost2010PropOp28
 70
     1
102
RTVSPost2010Prop29
280
     1
102
RTVSPost2010PropOp29
 70
     1
102
RTVSPost2010Prop30
280
     1
102
RTVSPost2010PropOp30
 70
     1
102
RTVSPost2010Prop31
280
     0
102
RTVSPost2010PropOp31
 70
     1
102
RTVSPost2010Prop32
280
     0
102
RTVSPost2010PropOp32
 70
     1
102
RTVSPost2010Prop33
280
     0
102
RTVSPost2010PropOp33
 70
     1
102
RTVSPost2010Prop34
280
     0
102
RTVSPost2010PropOp34
 70
     1
102
RTVSPost2010Prop35
280
     0
102
RTVSPost2010PropOp35
 70
     1
102
RTVSPost2010Prop36
280
     0
102
RTVSPost2010PropOp36
 70
     1
102
RTVSPost2010Prop37
 90
       50
102
RTVSPost2010PropOp37
 70
     1
102
RTVSPost2010Prop38
140
0.0
102
RTVSPost2010PropOp38
 70
     1
102
RTVSPost2010Prop39
140
1.0
102
RTVSPost2010PropOp39
 70
     1
102
RTVSPost2010Prop40
 90
        0
102
RTVSPost2010PropOp40
 70
     1
102
RTVSPost2010Prop41ColorIndex
 90
       18
102
RTVSPost2010Prop41ColorRGB
 90
        0
102
RTVSPost2010PropOp41
 70
     1
102
RTVSPost2010Prop42
 90
       50
102
RTVSPost2010PropOp42
 70
     1
102
RTVSPost2010Prop43
 90
        3
102
RTVSPost2010PropOp43
 70
     1
102
RTVSPost2010Prop44ColorIndex
 90
        5
102
RTVSPost2010Prop44ColorRGB
 90
      255
102
RTVSPost2010PropOp44
 70
     1
102
RTVSPost2010Prop45
280
     0
102
RTVSPost2010PropOp45
 70
     1
102
RTVSPost2010Prop46
 90
       50
102
RTVSPost2010PropOp46
 70
     1
102
RTVSPost2010Prop47
 90
       50
102
RTVSPost2010PropOp47
 70
     1
102
RTVSPost2010Prop48
 90
       50
102
RTVSPost2010PropOp48
 70
     1
102
RTVSPost2010Prop49
280
     0
102
RTVSPost2010PropOp49
 70
     1
102
RTVSPost2010Prop50
 90
       50
102
RTVSPost2010PropOp50
 70
     1
102
RTVSPost2010Prop51ColorIndex
 90
      256
102
RTVSPost2010Prop51ColorRGB
 90
-16777216
102
RTVSPost2010PropOp51
 70
     0
102
RTVSPost2010Prop52
140
1.0
102
RTVSPost2010PropOp52
 70
     0
102
RTVSPost2010Prop53
 90
        0
102
RTVSPost2010PropOp53
 70
     1
102
RTVSPost2010Prop54
  1
strokes_ogs.tif
102
RTVSPost2010PropOp54
 70
     1
102
RTVSPost2010Prop55
280
     0
102
RTVSPost2010PropOp55
 70
     1
102
RTVSPost2010Prop56
140
1.0
102
RTVSPost2010PropOp56
 70
     1
102
RTVSPost2010Prop57
140
1.0
102
RTVSPost2010PropOp57
 70
     1
  0
XRECORD
  5
C30
102
{ACAD_REACTORS
330
A41
102
}
330
A41
100
AcDbXrecord
280
     1
102
RTVSPropertyOp0
 70
     1
102
RTVSPropertyOp1
 70
     1
102
RTVSPropertyOp2
 70
     1
102
RTVSPropertyOp3
 70
     1
102
RTVSPropertyOp4
 70
     1
102
RTVSPropertyOp5
 70
     1
102
RTVSPropertyOp6
 70
     1
102
RTVSPropertyOp7
 70
     1
102
RTVSPropertyOp8
 70
     1
102
RTVSPropertyOp9
 70
     1
102
RTVSPropertyOp10
 70
     1
102
RTVSPropertyOp11
 70
     1
102
RTVSPropertyOp12
 70
     1
102
RTVSPropertyOp13
 70
     1
102
RTVSPropertyOp14
 70
     1
102
RTVSPropertyOp15
 70
     1
102
RTVSPropertyOp16
 70
     1
102
RTVSPropertyOp17
 70
     1
102
RTVSPropertyOp18
 70
     1
102
RTVSPropertyOp19
 70
     1
102
RTVSPropertyOp20
 70
     1
102
RTVSPropertyOp21
 70
     1
102
RTVSPropertyOp22
 70
     1
102
RTVSPropertyOp23
 70
     1
102
RTVSPropertyOp24
 70
     1
102
RTVSPropertyOp25
 70
     1
102
RTVSPropertyOp26
 70
     1
102
RTVSPropertyOp27
 70
     1
102
RTVSPropertyOp28
 70
     1
102
RTVSPropertyOp29
 70
     1
102
RTVSPropertyOp30
 70
     1
102
RTVSPropertyOp31
 70
     1
102
RTVSPropertyOp32
 70
     1
102
RTVSPropertyOp33
 70
     1
102
RTVSPropertyOp34
 70
     1
102
RTVSPropertyOp35
 70
     1
102
RTVSPropertyOp36
 70
     1
102
RTVSPropertyOp37
 70
     1
102
RTVSPropertyOp38
 70
     1
102
RTVSPropertyOp39
 70
     1
102
RTVSPropertyOp40
 70
     1
102
RTVSPropertyOp41
 70
     1
102
RTVSPropertyOp42
 70
     1
102
RTVSPropertyOp43
 70
     1
102
RTVSPropertyOp44
 70
     1
102
RTVSPropertyOp45
 70
     1
102
RTVSPropertyOp46
 70
     1
102
RTVSPropertyOp47
 70
     1
102
RTVSPropertyOp48
 70
     1
102
RTVSPropertyOp49
 70
     1
102
RTVSPropertyOp50
 70
     1
102
RTVSPropertyOp51
 70
     0
102
RTVSPropertyOp52
 70
     0
102
RTVSPropertyOp53
 70
     1
102
RTVSPropertyOp54
 70
     1
102
RTVSPropertyOp55
 70
     1
102
RTVSPropertyOp56
 70
     1
102
RTVSPropertyOp57
 70
     1
102
RTVSPost2010Prop28
280
     0
102
RTVSPost2010PropOp28
 70
     1
102
RTVSPost2010Prop29
280
     1
102
RTVSPost2010PropOp29
 70
     1
102
RTVSPost2010Prop30
280
     1
102
RTVSPost2010PropOp30
 70
     1
102
RTVSPost2010Prop31
280
     0
102
RTVSPost2010PropOp31
 70
     1
102
RTVSPost2010Prop32
280
     0
102
RTVSPost2010PropOp32
 70
     1
102
RTVSPost2010Prop33
280
     0
102
RTVSPost2010PropOp33
 70
     1
102
RTVSPost2010Prop34
280
     0
102
RTVSPost2010PropOp34
 70
     1
102
RTVSPost2010Prop35
280
     0
102
RTVSPost2010PropOp35
 70
     1
102
RTVSPost2010Prop36
280
     0
102
RTVSPost2010PropOp36
 70
     1
102
RTVSPost2010Prop37
 90
       50
102
RTVSPost2010PropOp37
 70
     1
102
RTVSPost2010Prop38
140
0.0
102
RTVSPost2010PropOp38
 70
     1
102
RTVSPost2010Prop39
140
1.0
102
RTVSPost2010PropOp39
 70
     1
102
RTVSPost2010Prop40
 90
        0
102
RTVSPost2010PropOp40
 70
     1
102
RTVSPost2010Prop41ColorIndex
 90
       18
102
RTVSPost2010Prop41ColorRGB
 90
        0
102
RTVSPost2010PropOp41
 70
     1
102
RTVSPost2010Prop42
 90
       50
102
RTVSPost2010PropOp42
 70
     1
102
RTVSPost2010Prop43
 90
        3
102
RTVSPost2010PropOp43
 70
     1
102
RTVSPost2010Prop44ColorIndex
 90
        5
102
RTVSPost2010Prop44ColorRGB
 90
      255
102
RTVSPost2010PropOp44
 70
     1
102
RTVSPost2010Prop45
280
     0
102
RTVSPost2010PropOp45
 70
     1
102
RTVSPost2010Prop46
 90
       50
102
RTVSPost2010PropOp46
 70
     1
102
RTVSPost2010Prop47
 90
       50
102
RTVSPost2010PropOp47
 70
     1
102
RTVSPost2010Prop48
 90
       50
102
RTVSPost2010PropOp48
 70
     1
102
RTVSPost2010Prop49
280
     0
102
RTVSPost2010PropOp49
 70
     1
102
RTVSPost2010Prop50
 90
       50
102
RTVSPost2010PropOp50
 70
     1
102
RTVSPost2010Prop51ColorIndex
 90
      256
102
RTVSPost2010Prop51ColorRGB
 90
-16777216
102
RTVSPost2010PropOp51
 70
     0
102
RTVSPost2010Prop52
140
1.0
102
RTVSPost2010PropOp52
 70
     0
102
RTVSPost2010Prop53
 90
        0
102
RTVSPost2010PropOp53
 70
     1
102
RTVSPost2010Prop54
  1
strokes_ogs.tif
102
RTVSPost2010PropOp54
 70
     1
102
RTVSPost2010Prop55
280
     0
102
RTVSPost2010PropOp55
 70
     1
102
RTVSPost2010Prop56
140
1.0
102
RTVSPost2010PropOp56
 70
     1
102
RTVSPost2010Prop57
140
1.0
102
RTVSPost2010PropOp57
 70
     1
  0
XRECORD
  5
C31
102
{ACAD_REACTORS
330
A43
102
}
330
A43
100
AcDbXrecord
280
     1
102
RTVSPropertyOp0
 70
     1
102
RTVSPropertyOp1
 70
     1
102
RTVSPropertyOp2
 70
     1
102
RTVSPropertyOp3
 70
     1
102
RTVSPropertyOp4
 70
     1
102
RTVSPropertyOp5
 70
     1
102
RTVSPropertyOp6
 70
     1
102
RTVSPropertyOp7
 70
     1
102
RTVSPropertyOp8
 70
     1
102
RTVSPropertyOp9
 70
     1
102
RTVSPropertyOp10
 70
     1
102
RTVSPropertyOp11
 70
     1
102
RTVSPropertyOp12
 70
     1
102
RTVSPropertyOp13
 70
     1
102
RTVSPropertyOp14
 70
     1
102
RTVSPropertyOp15
 70
     1
102
RTVSPropertyOp16
 70
     1
102
RTVSPropertyOp17
 70
     1
102
RTVSPropertyOp18
 70
     1
102
RTVSPropertyOp19
 70
     1
102
RTVSPropertyOp20
 70
     1
102
RTVSPropertyOp21
 70
     1
102
RTVSPropertyOp22
 70
     1
102
RTVSPropertyOp23
 70
     1
102
RTVSPropertyOp24
 70
     1
102
RTVSPropertyOp25
 70
     1
102
RTVSPropertyOp26
 70
     1
102
RTVSPropertyOp27
 70
     1
102
RTVSPropertyOp28
 70
     1
102
RTVSPropertyOp29
 70
     1
102
RTVSPropertyOp30
 70
     1
102
RTVSPropertyOp31
 70
     1
102
RTVSPropertyOp32
 70
     1
102
RTVSPropertyOp33
 70
     1
102
RTVSPropertyOp34
 70
     1
102
RTVSPropertyOp35
 70
     1
102
RTVSPropertyOp36
 70
     1
102
RTVSPropertyOp37
 70
     1
102
RTVSPropertyOp38
 70
     1
102
RTVSPropertyOp39
 70
     1
102
RTVSPropertyOp40
 70
     1
102
RTVSPropertyOp41
 70
     1
102
RTVSPropertyOp42
 70
     1
102
RTVSPropertyOp43
 70
     1
102
RTVSPropertyOp44
 70
     1
102
RTVSPropertyOp45
 70
     1
102
RTVSPropertyOp46
 70
     1
102
RTVSPropertyOp47
 70
     1
102
RTVSPropertyOp48
 70
     1
102
RTVSPropertyOp49
 70
     1
102
RTVSPropertyOp50
 70
     1
102
RTVSPropertyOp51
 70
     0
102
RTVSPropertyOp52
 70
     0
102
RTVSPropertyOp53
 70
     1
102
RTVSPropertyOp54
 70
     1
102
RTVSPropertyOp55
 70
     1
102
RTVSPropertyOp56
 70
     1
102
RTVSPropertyOp57
 70
     1
102
RTVSPost2010Prop28
280
     0
102
RTVSPost2010PropOp28
 70
     1
102
RTVSPost2010Prop29
280
     1
102
RTVSPost2010PropOp29
 70
     1
102
RTVSPost2010Prop30
280
     1
102
RTVSPost2010PropOp30
 70
     1
102
RTVSPost2010Prop31
280
     0
102
RTVSPost2010PropOp31
 70
     1
102
RTVSPost2010Prop32
280
     0
102
RTVSPost2010PropOp32
 70
     1
102
RTVSPost2010Prop33
280
     0
102
RTVSPost2010PropOp33
 70
     1
102
RTVSPost2010Prop34
280
     0
102
RTVSPost2010PropOp34
 70
     1
102
RTVSPost2010Prop35
280
     0
102
RTVSPost2010PropOp35
 70
     1
102
RTVSPost2010Prop36
280
     0
102
RTVSPost2010PropOp36
 70
     1
102
RTVSPost2010Prop37
 90
       50
102
RTVSPost2010PropOp37
 70
     1
102
RTVSPost2010Prop38
140
0.0
102
RTVSPost2010PropOp38
 70
     1
102
RTVSPost2010Prop39
140
1.0
102
RTVSPost2010PropOp39
 70
     1
102
RTVSPost2010Prop40
 90
        0
102
RTVSPost2010PropOp40
 70
     1
102
RTVSPost2010Prop41ColorIndex
 90
       18
102
RTVSPost2010Prop41ColorRGB
 90
        0
102
RTVSPost2010PropOp41
 70
     1
102
RTVSPost2010Prop42
 90
       50
102
RTVSPost2010PropOp42
 70
     1
102
RTVSPost2010Prop43
 90
        3
102
RTVSPost2010PropOp43
 70
     1
102
RTVSPost2010Prop44ColorIndex
 90
        5
102
RTVSPost2010Prop44ColorRGB
 90
      255
102
RTVSPost2010PropOp44
 70
     1
102
RTVSPost2010Prop45
280
     0
102
RTVSPost2010PropOp45
 70
     1
102
RTVSPost2010Prop46
 90
       50
102
RTVSPost2010PropOp46
 70
     1
102
RTVSPost2010Prop47
 90
       50
102
RTVSPost2010PropOp47
 70
     1
102
RTVSPost2010Prop48
 90
       50
102
RTVSPost2010PropOp48
 70
     1
102
RTVSPost2010Prop49
280
     0
102
RTVSPost2010PropOp49
 70
     1
102
RTVSPost2010Prop50
 90
       50
102
RTVSPost2010PropOp50
 70
     1
102
RTVSPost2010Prop51ColorIndex
 90
      256
102
RTVSPost2010Prop51ColorRGB
 90
-16777216
102
RTVSPost2010PropOp51
 70
     0
102
RTVSPost2010Prop52
140
1.0
102
RTVSPost2010PropOp52
 70
     0
102
RTVSPost2010Prop53
 90
        0
102
RTVSPost2010PropOp53
 70
     1
102
RTVSPost2010Prop54
  1
strokes_ogs.tif
102
RTVSPost2010PropOp54
 70
     1
102
RTVSPost2010Prop55
280
     0
102
RTVSPost2010PropOp55
 70
     1
102
RTVSPost2010Prop56
140
1.0
102
RTVSPost2010PropOp56
 70
     1
102
RTVSPost2010Prop57
140
1.0
102
RTVSPost2010PropOp57
 70
     1
  0
XRECORD
  5
C32
102
{ACAD_REACTORS
330
A45
102
}
330
A45
100
AcDbXrecord
280
     1
102
RTVSPropertyOp0
 70
     1
102
RTVSPropertyOp1
 70
     1
102
RTVSPropertyOp2
 70
     1
102
RTVSPropertyOp3
 70
     1
102
RTVSPropertyOp4
 70
     1
102
RTVSPropertyOp5
 70
     1
102
RTVSPropertyOp6
 70
     1
102
RTVSPropertyOp7
 70
     1
102
RTVSPropertyOp8
 70
     1
102
RTVSPropertyOp9
 70
     1
102
RTVSPropertyOp10
 70
     1
102
RTVSPropertyOp11
 70
     1
102
RTVSPropertyOp12
 70
     1
102
RTVSPropertyOp13
 70
     1
102
RTVSPropertyOp14
 70
     1
102
RTVSPropertyOp15
 70
     1
102
RTVSPropertyOp16
 70
     1
102
RTVSPropertyOp17
 70
     1
102
RTVSPropertyOp18
 70
     1
102
RTVSPropertyOp19
 70
     1
102
RTVSPropertyOp20
 70
     1
102
RTVSPropertyOp21
 70
     1
102
RTVSPropertyOp22
 70
     1
102
RTVSPropertyOp23
 70
     1
102
RTVSPropertyOp24
 70
     1
102
RTVSPropertyOp25
 70
     1
102
RTVSPropertyOp26
 70
     1
102
RTVSPropertyOp27
 70
     1
102
RTVSPropertyOp28
 70
     1
102
RTVSPropertyOp29
 70
     1
102
RTVSPropertyOp30
 70
     1
102
RTVSPropertyOp31
 70
     1
102
RTVSPropertyOp32
 70
     1
102
RTVSPropertyOp33
 70
     1
102
RTVSPropertyOp34
 70
     1
102
RTVSPropertyOp35
 70
     1
102
RTVSPropertyOp36
 70
     1
102
RTVSPropertyOp37
 70
     1
102
RTVSPropertyOp38
 70
     1
102
RTVSPropertyOp39
 70
     1
102
RTVSPropertyOp40
 70
     1
102
RTVSPropertyOp41
 70
     1
102
RTVSPropertyOp42
 70
     1
102
RTVSPropertyOp43
 70
     1
102
RTVSPropertyOp44
 70
     1
102
RTVSPropertyOp45
 70
     1
102
RTVSPropertyOp46
 70
     1
102
RTVSPropertyOp47
 70
     1
102
RTVSPropertyOp48
 70
     1
102
RTVSPropertyOp49
 70
     1
102
RTVSPropertyOp50
 70
     1
102
RTVSPropertyOp51
 70
     0
102
RTVSPropertyOp52
 70
     0
102
RTVSPropertyOp53
 70
     1
102
RTVSPropertyOp54
 70
     1
102
RTVSPropertyOp55
 70
     1
102
RTVSPropertyOp56
 70
     1
102
RTVSPropertyOp57
 70
     1
102
RTVSPost2010Prop28
280
     0
102
RTVSPost2010PropOp28
 70
     1
102
RTVSPost2010Prop29
280
     1
102
RTVSPost2010PropOp29
 70
     1
102
RTVSPost2010Prop30
280
     1
102
RTVSPost2010PropOp30
 70
     1
102
RTVSPost2010Prop31
280
     0
102
RTVSPost2010PropOp31
 70
     1
102
RTVSPost2010Prop32
280
     0
102
RTVSPost2010PropOp32
 70
     1
102
RTVSPost2010Prop33
280
     0
102
RTVSPost2010PropOp33
 70
     1
102
RTVSPost2010Prop34
280
     0
102
RTVSPost2010PropOp34
 70
     1
102
RTVSPost2010Prop35
280
     0
102
RTVSPost2010PropOp35
 70
     1
102
RTVSPost2010Prop36
280
     0
102
RTVSPost2010PropOp36
 70
     1
102
RTVSPost2010Prop37
 90
       50
102
RTVSPost2010PropOp37
 70
     1
102
RTVSPost2010Prop38
140
0.0
102
RTVSPost2010PropOp38
 70
     1
102
RTVSPost2010Prop39
140
1.0
102
RTVSPost2010PropOp39
 70
     1
102
RTVSPost2010Prop40
 90
        0
102
RTVSPost2010PropOp40
 70
     1
102
RTVSPost2010Prop41ColorIndex
 90
       18
102
RTVSPost2010Prop41ColorRGB
 90
        0
102
RTVSPost2010PropOp41
 70
     1
102
RTVSPost2010Prop42
 90
       50
102
RTVSPost2010PropOp42
 70
     1
102
RTVSPost2010Prop43
 90
        3
102
RTVSPost2010PropOp43
 70
     1
102
RTVSPost2010Prop44ColorIndex
 90
        5
102
RTVSPost2010Prop44ColorRGB
 90
      255
102
RTVSPost2010PropOp44
 70
     1
102
RTVSPost2010Prop45
280
     0
102
RTVSPost2010PropOp45
 70
     1
102
RTVSPost2010Prop46
 90
       50
102
RTVSPost2010PropOp46
 70
     1
102
RTVSPost2010Prop47
 90
       50
102
RTVSPost2010PropOp47
 70
     1
102
RTVSPost2010Prop48
 90
       50
102
RTVSPost2010PropOp48
 70
     1
102
RTVSPost2010Prop49
280
     0
102
RTVSPost2010PropOp49
 70
     1
102
RTVSPost2010Prop50
 90
       50
102
RTVSPost2010PropOp50
 70
     1
102
RTVSPost2010Prop51ColorIndex
 90
      256
102
RTVSPost2010Prop51ColorRGB
 90
-16777216
102
RTVSPost2010PropOp51
 70
     0
102
RTVSPost2010Prop52
140
1.0
102
RTVSPost2010PropOp52
 70
     0
102
RTVSPost2010Prop53
 90
        0
102
RTVSPost2010PropOp53
 70
     1
102
RTVSPost2010Prop54
  1
strokes_ogs.tif
102
RTVSPost2010PropOp54
 70
     1
102
RTVSPost2010Prop55
280
     0
102
RTVSPost2010PropOp55
 70
     1
102
RTVSPost2010Prop56
140
1.0
102
RTVSPost2010PropOp56
 70
     1
102
RTVSPost2010Prop57
140
1.0
102
RTVSPost2010PropOp57
 70
     1
  0
XRECORD
  5
C33
102
{ACAD_REACTORS
330
A47
102
}
330
A47
100
AcDbXrecord
280
     1
102
RTVSPropertyOp0
 70
     1
102
RTVSPropertyOp1
 70
     1
102
RTVSPropertyOp2
 70
     1
102
RTVSPropertyOp3
 70
     1
102
RTVSPropertyOp4
 70
     1
102
RTVSPropertyOp5
 70
     1
102
RTVSPropertyOp6
 70
     1
102
RTVSPropertyOp7
 70
     1
102
RTVSPropertyOp8
 70
     1
102
RTVSPropertyOp9
 70
     1
102
RTVSPropertyOp10
 70
     1
102
RTVSPropertyOp11
 70
     1
102
RTVSPropertyOp12
 70
     1
102
RTVSPropertyOp13
 70
     1
102
RTVSPropertyOp14
 70
     1
102
RTVSPropertyOp15
 70
     1
102
RTVSPropertyOp16
 70
     1
102
RTVSPropertyOp17
 70
     1
102
RTVSPropertyOp18
 70
     1
102
RTVSPropertyOp19
 70
     1
102
RTVSPropertyOp20
 70
     1
102
RTVSPropertyOp21
 70
     1
102
RTVSPropertyOp22
 70
     1
102
RTVSPropertyOp23
 70
     1
102
RTVSPropertyOp24
 70
     1
102
RTVSPropertyOp25
 70
     1
102
RTVSPropertyOp26
 70
     1
102
RTVSPropertyOp27
 70
     1
102
RTVSPropertyOp28
 70
     1
102
RTVSPropertyOp29
 70
     1
102
RTVSPropertyOp30
 70
     1
102
RTVSPropertyOp31
 70
     1
102
RTVSPropertyOp32
 70
     1
102
RTVSPropertyOp33
 70
     1
102
RTVSPropertyOp34
 70
     1
102
RTVSPropertyOp35
 70
     1
102
RTVSPropertyOp36
 70
     1
102
RTVSPropertyOp37
 70
     1
102
RTVSPropertyOp38
 70
     1
102
RTVSPropertyOp39
 70
     1
102
RTVSPropertyOp40
 70
     1
102
RTVSPropertyOp41
 70
     1
102
RTVSPropertyOp42
 70
     1
102
RTVSPropertyOp43
 70
     1
102
RTVSPropertyOp44
 70
     1
102
RTVSPropertyOp45
 70
     1
102
RTVSPropertyOp46
 70
     1
102
RTVSPropertyOp47
 70
     1
102
RTVSPropertyOp48
 70
     1
102
RTVSPropertyOp49
 70
     1
102
RTVSPropertyOp50
 70
     1
102
RTVSPropertyOp51
 70
     0
102
RTVSPropertyOp52
 70
     0
102
RTVSPropertyOp53
 70
     1
102
RTVSPropertyOp54
 70
     1
102
RTVSPropertyOp55
 70
     1
102
RTVSPropertyOp56
 70
     1
102
RTVSPropertyOp57
 70
     1
102
RTVSPost2010Prop28
280
     0
102
RTVSPost2010PropOp28
 70
     1
102
RTVSPost2010Prop29
280
     1
102
RTVSPost2010PropOp29
 70
     1
102
RTVSPost2010Prop30
280
     1
102
RTVSPost2010PropOp30
 70
     1
102
RTVSPost2010Prop31
280
     0
102
RTVSPost2010PropOp31
 70
     1
102
RTVSPost2010Prop32
280
     0
102
RTVSPost2010PropOp32
 70
     1
102
RTVSPost2010Prop33
280
     0
102
RTVSPost2010PropOp33
 70
     1
102
RTVSPost2010Prop34
280
     0
102
RTVSPost2010PropOp34
 70
     1
102
RTVSPost2010Prop35
280
     0
102
RTVSPost2010PropOp35
 70
     1
102
RTVSPost2010Prop36
280
     0
102
RTVSPost2010PropOp36
 70
     1
102
RTVSPost2010Prop37
 90
       50
102
RTVSPost2010PropOp37
 70
     1
102
RTVSPost2010Prop38
140
0.0
102
RTVSPost2010PropOp38
 70
     1
102
RTVSPost2010Prop39
140
1.0
102
RTVSPost2010PropOp39
 70
     1
102
RTVSPost2010Prop40
 90
        0
102
RTVSPost2010PropOp40
 70
     1
102
RTVSPost2010Prop41ColorIndex
 90
       18
102
RTVSPost2010Prop41ColorRGB
 90
        0
102
RTVSPost2010PropOp41
 70
     1
102
RTVSPost2010Prop42
 90
       50
102
RTVSPost2010PropOp42
 70
     1
102
RTVSPost2010Prop43
 90
        3
102
RTVSPost2010PropOp43
 70
     1
102
RTVSPost2010Prop44ColorIndex
 90
        5
102
RTVSPost2010Prop44ColorRGB
 90
      255
102
RTVSPost2010PropOp44
 70
     1
102
RTVSPost2010Prop45
280
     0
102
RTVSPost2010PropOp45
 70
     1
102
RTVSPost2010Prop46
 90
       50
102
RTVSPost2010PropOp46
 70
     1
102
RTVSPost2010Prop47
 90
       50
102
RTVSPost2010PropOp47
 70
     1
102
RTVSPost2010Prop48
 90
       50
102
RTVSPost2010PropOp48
 70
     1
102
RTVSPost2010Prop49
280
     0
102
RTVSPost2010PropOp49
 70
     1
102
RTVSPost2010Prop50
 90
       50
102
RTVSPost2010PropOp50
 70
     1
102
RTVSPost2010Prop51ColorIndex
 90
      256
102
RTVSPost2010Prop51ColorRGB
 90
-16777216
102
RTVSPost2010PropOp51
 70
     0
102
RTVSPost2010Prop52
140
1.0
102
RTVSPost2010PropOp52
 70
     0
102
RTVSPost2010Prop53
 90
        0
102
RTVSPost2010PropOp53
 70
     1
102
RTVSPost2010Prop54
  1
strokes_ogs.tif
102
RTVSPost2010PropOp54
 70
     1
102
RTVSPost2010Prop55
280
     0
102
RTVSPost2010PropOp55
 70
     1
102
RTVSPost2010Prop56
140
1.0
102
RTVSPost2010PropOp56
 70
     1
102
RTVSPost2010Prop57
140
1.0
102
RTVSPost2010PropOp57
 70
     1
  0
XRECORD
  5
C34
102
{ACAD_REACTORS
330
A49
102
}
330
A49
100
AcDbXrecord
280
     1
102
RTVSPropertyOp0
 70
     1
102
RTVSPropertyOp1
 70
     1
102
RTVSPropertyOp2
 70
     1
102
RTVSPropertyOp3
 70
     1
102
RTVSPropertyOp4
 70
     1
102
RTVSPropertyOp5
 70
     1
102
RTVSPropertyOp6
 70
     1
102
RTVSPropertyOp7
 70
     1
102
RTVSPropertyOp8
 70
     1
102
RTVSPropertyOp9
 70
     1
102
RTVSPropertyOp10
 70
     1
102
RTVSPropertyOp11
 70
     1
102
RTVSPropertyOp12
 70
     1
102
RTVSPropertyOp13
 70
     1
102
RTVSPropertyOp14
 70
     1
102
RTVSPropertyOp15
 70
     1
102
RTVSPropertyOp16
 70
     1
102
RTVSPropertyOp17
 70
     1
102
RTVSPropertyOp18
 70
     1
102
RTVSPropertyOp19
 70
     1
102
RTVSPropertyOp20
 70
     1
102
RTVSPropertyOp21
 70
     1
102
RTVSPropertyOp22
 70
     1
102
RTVSPropertyOp23
 70
     1
102
RTVSPropertyOp24
 70
     1
102
RTVSPropertyOp25
 70
     1
102
RTVSPropertyOp26
 70
     1
102
RTVSPropertyOp27
 70
     1
102
RTVSPropertyOp28
 70
     1
102
RTVSPropertyOp29
 70
     1
102
RTVSPropertyOp30
 70
     1
102
RTVSPropertyOp31
 70
     1
102
RTVSPropertyOp32
 70
     1
102
RTVSPropertyOp33
 70
     1
102
RTVSPropertyOp34
 70
     1
102
RTVSPropertyOp35
 70
     1
102
RTVSPropertyOp36
 70
     1
102
RTVSPropertyOp37
 70
     1
102
RTVSPropertyOp38
 70
     1
102
RTVSPropertyOp39
 70
     1
102
RTVSPropertyOp40
 70
     1
102
RTVSPropertyOp41
 70
     1
102
RTVSPropertyOp42
 70
     1
102
RTVSPropertyOp43
 70
     1
102
RTVSPropertyOp44
 70
     1
102
RTVSPropertyOp45
 70
     1
102
RTVSPropertyOp46
 70
     1
102
RTVSPropertyOp47
 70
     1
102
RTVSPropertyOp48
 70
     1
102
RTVSPropertyOp49
 70
     1
102
RTVSPropertyOp50
 70
     1
102
RTVSPropertyOp51
 70
     0
102
RTVSPropertyOp52
 70
     0
102
RTVSPropertyOp53
 70
     1
102
RTVSPropertyOp54
 70
     1
102
RTVSPropertyOp55
 70
     1
102
RTVSPropertyOp56
 70
     1
102
RTVSPropertyOp57
 70
     1
102
RTVSPost2010Prop28
280
     0
102
RTVSPost2010PropOp28
 70
     1
102
RTVSPost2010Prop29
280
     1
102
RTVSPost2010PropOp29
 70
     1
102
RTVSPost2010Prop30
280
     1
102
RTVSPost2010PropOp30
 70
     1
102
RTVSPost2010Prop31
280
     0
102
RTVSPost2010PropOp31
 70
     1
102
RTVSPost2010Prop32
280
     0
102
RTVSPost2010PropOp32
 70
     1
102
RTVSPost2010Prop33
280
     0
102
RTVSPost2010PropOp33
 70
     1
102
RTVSPost2010Prop34
280
     0
102
RTVSPost2010PropOp34
 70
     1
102
RTVSPost2010Prop35
280
     0
102
RTVSPost2010PropOp35
 70
     1
102
RTVSPost2010Prop36
280
     0
102
RTVSPost2010PropOp36
 70
     1
102
RTVSPost2010Prop37
 90
       50
102
RTVSPost2010PropOp37
 70
     1
102
RTVSPost2010Prop38
140
0.0
102
RTVSPost2010PropOp38
 70
     1
102
RTVSPost2010Prop39
140
1.0
102
RTVSPost2010PropOp39
 70
     1
102
RTVSPost2010Prop40
 90
        0
102
RTVSPost2010PropOp40
 70
     1
102
RTVSPost2010Prop41ColorIndex
 90
       18
102
RTVSPost2010Prop41ColorRGB
 90
        0
102
RTVSPost2010PropOp41
 70
     1
102
RTVSPost2010Prop42
 90
       50
102
RTVSPost2010PropOp42
 70
     1
102
RTVSPost2010Prop43
 90
        3
102
RTVSPost2010PropOp43
 70
     1
102
RTVSPost2010Prop44ColorIndex
 90
        5
102
RTVSPost2010Prop44ColorRGB
 90
      255
102
RTVSPost2010PropOp44
 70
     1
102
RTVSPost2010Prop45
280
     0
102
RTVSPost2010PropOp45
 70
     1
102
RTVSPost2010Prop46
 90
       50
102
RTVSPost2010PropOp46
 70
     1
102
RTVSPost2010Prop47
 90
       50
102
RTVSPost2010PropOp47
 70
     1
102
RTVSPost2010Prop48
 90
       50
102
RTVSPost2010PropOp48
 70
     1
102
RTVSPost2010Prop49
280
     0
102
RTVSPost2010PropOp49
 70
     1
102
RTVSPost2010Prop50
 90
       50
102
RTVSPost2010PropOp50
 70
     1
102
RTVSPost2010Prop51ColorIndex
 90
      256
102
RTVSPost2010Prop51ColorRGB
 90
-16777216
102
RTVSPost2010PropOp51
 70
     0
102
RTVSPost2010Prop52
140
1.0
102
RTVSPost2010PropOp52
 70
     0
102
RTVSPost2010Prop53
 90
        0
102
RTVSPost2010PropOp53
 70
     1
102
RTVSPost2010Prop54
  1
strokes_ogs.tif
102
RTVSPost2010PropOp54
 70
     1
102
RTVSPost2010Prop55
280
     0
102
RTVSPost2010PropOp55
 70
     1
102
RTVSPost2010Prop56
140
1.0
102
RTVSPost2010PropOp56
 70
     1
102
RTVSPost2010Prop57
140
1.0
102
RTVSPost2010PropOp57
 70
     1
  0
ENDSEC
  0
EOF
