  0
SECTION
  2
HEADER
  9
$ACADVER
  1
AC1015
  9
$ACADMAINTVER
 70
    20
  9
$DWGCODEPAGE
  3
ANSI_936
  9
$INSBASE
 10
0.0
 20
0.0
 30
0.0
  9
$EXTMIN
 10
221.9276998873515
 20
261.2953667402233
 30
0.0
  9
$EXTMAX
 10
1427.085343484071
 20
1107.020028913361
 30
0.0
  9
$LIMMIN
 10
0.0
 20
0.0
  9
$LIMMAX
 10
420.0
 20
297.0
  9
$ORTHOMODE
 70
     0
  9
$REGENMODE
 70
     1
  9
$FILLMODE
 70
     1
  9
$QTEXTMODE
 70
     0
  9
$MIRRTEXT
 70
     0
  9
$LTSCALE
 40
1.0
  9
$ATTMODE
 70
     1
  9
$TEXTSIZE
 40
2.5
  9
$TRACEWID
 40
1.0
  9
$TEXTSTYLE
  7
Standard
  9
$CLAYER
  8
0
  9
$CELTYPE
  6
ByLayer
  9
$CECOLOR
 62
   256
  9
$CELTSCALE
 40
1.0
  9
$DISPSILH
 70
     0
  9
$DIMSCALE
 40
1.0
  9
$DIMASZ
 40
2.5
  9
$DIMEXO
 40
0.625
  9
$DIMDLI
 40
3.75
  9
$DIMRND
 40
0.0
  9
$DIMDLE
 40
0.0
  9
$DIMEXE
 40
1.25
  9
$DIMTP
 40
0.0
  9
$DIMTM
 40
0.0
  9
$DIMTXT
 40
2.5
  9
$DIMCEN
 40
2.5
  9
$DIMTSZ
 40
0.0
  9
$DIMTOL
 70
     0
  9
$DIMLIM
 70
     0
  9
$DIMTIH
 70
     0
  9
$DIMTOH
 70
     0
  9
$DIMSE1
 70
     0
  9
$DIMSE2
 70
     0
  9
$DIMTAD
 70
     1
  9
$DIMZIN
 70
     8
  9
$DIMBLK
  1

  9
$DIMASO
 70
     1
  9
$DIMSHO
 70
     1
  9
$DIMPOST
  1

  9
$DIMAPOST
  1

  9
$DIMALT
 70
     0
  9
$DIMALTD
 70
     3
  9
$DIMALTF
 40
0.03937007874016
  9
$DIMLFAC
 40
1.0
  9
$DIMTOFL
 70
     1
  9
$DIMTVP
 40
0.0
  9
$DIMTIX
 70
     0
  9
$DIMSOXD
 70
     0
  9
$DIMSAH
 70
     0
  9
$DIMBLK1
  1

  9
$DIMBLK2
  1

  9
$DIMSTYLE
  2
ISO-25
  9
$DIMCLRD
 70
     0
  9
$DIMCLRE
 70
     0
  9
$DIMCLRT
 70
     0
  9
$DIMTFAC
 40
1.0
  9
$DIMGAP
 40
0.625
  9
$DIMJUST
 70
     0
  9
$DIMSD1
 70
     0
  9
$DIMSD2
 70
     0
  9
$DIMTOLJ
 70
     0
  9
$DIMTZIN
 70
     8
  9
$DIMALTZ
 70
     0
  9
$DIMALTTZ
 70
     0
  9
$DIMUPT
 70
     0
  9
$DIMDEC
 70
     2
  9
$DIMTDEC
 70
     2
  9
$DIMALTU
 70
     2
  9
$DIMALTTD
 70
     3
  9
$DIMTXSTY
  7
Standard
  9
$DIMAUNIT
 70
     0
  9
$DIMADEC
 70
     0
  9
$DIMALTRND
 40
0.0
  9
$DIMAZIN
 70
     0
  9
$DIMDSEP
 70
    44
  9
$DIMATFIT
 70
     3
  9
$DIMFRAC
 70
     0
  9
$DIMLDRBLK
  1

  9
$DIMLUNIT
 70
     2
  9
$DIMLWD
 70
    -2
  9
$DIMLWE
 70
    -2
  9
$DIMTMOVE
 70
     0
  9
$LUNITS
 70
     2
  9
$LUPREC
 70
     4
  9
$SKETCHINC
 40
1.0
  9
$FILLETRAD
 40
0.0
  9
$AUNITS
 70
     0
  9
$AUPREC
 70
     0
  9
$MENU
  1
.
  9
$ELEVATION
 40
0.0
  9
$PELEVATION
 40
0.0
  9
$THICKNESS
 40
0.0
  9
$LIMCHECK
 70
     0
  9
$CHAMFERA
 40
0.0
  9
$CHAMFERB
 40
0.0
  9
$CHAMFERC
 40
0.0
  9
$CHAMFERD
 40
0.0
  9
$SKPOLY
 70
     0
  9
$TDCREATE
 40
2460425.632830498
  9
$TDUCREATE
 40
2460425.299497164
  9
$TDUPDATE
 40
2461244.423488264
  9
$TDUUPDATE
 40
2461244.090154930
  9
$TDINDWG
 40
0.004113738
  9
$TDUSRTIMER
 40
0.004112060
  9
$USRTIMER
 70
     1
  9
$ANGBASE
 50
0.0
  9
$ANGDIR
 70
     0
  9
$PDMODE
 70
     0
  9
$PDSIZE
 40
0.0
  9
$PLINEWID
 40
0.0
  9
$SPLFRAME
 70
     0
  9
$SPLINETYPE
 70
     6
  9
$SPLINESEGS
 70
     8
  9
$HANDSEED
  5
B89
  9
$SURFTAB1
 70
     6
  9
$SURFTAB2
 70
     6
  9
$SURFTYPE
 70
     6
  9
$SURFU
 70
     6
  9
$SURFV
 70
     6
  9
$UCSBASE
  2

  9
$UCSNAME
  2

  9
$UCSORG
 10
0.0
 20
0.0
 30
0.0
  9
$UCSXDIR
 10
1.0
 20
0.0
 30
0.0
  9
$UCSYDIR
 10
0.0
 20
1.0
 30
0.0
  9
$UCSORTHOREF
  2

  9
$UCSORTHOVIEW
 70
     0
  9
$UCSORGTOP
 10
0.0
 20
0.0
 30
0.0
  9
$UCSORGBOTTOM
 10
0.0
 20
0.0
 30
0.0
  9
$UCSORGLEFT
 10
0.0
 20
0.0
 30
0.0
  9
$UCSORGRIGHT
 10
0.0
 20
0.0
 30
0.0
  9
$UCSORGFRONT
 10
0.0
 20
0.0
 30
0.0
  9
$UCSORGBACK
 10
0.0
 20
0.0
 30
0.0
  9
$PUCSBASE
  2

  9
$PUCSNAME
  2

  9
$PUCSORG
 10
0.0
 20
0.0
 30
0.0
  9
$PUCSXDIR
 10
1.0
 20
0.0
 30
0.0
  9
$PUCSYDIR
 10
0.0
 20
1.0
 30
0.0
  9
$PUCSORTHOREF
  2

  9
$PUCSORTHOVIEW
 70
     0
  9
$PUCSORGTOP
 10
0.0
 20
0.0
 30
0.0
  9
$PUCSORGBOTTOM
 10
0.0
 20
0.0
 30
0.0
  9
$PUCSORGLEFT
 10
0.0
 20
0.0
 30
0.0
  9
$PUCSORGRIGHT
 10
0.0
 20
0.0
 30
0.0
  9
$PUCSORGFRONT
 10
0.0
 20
0.0
 30
0.0
  9
$PUCSORGBACK
 10
0.0
 20
0.0
 30
0.0
  9
$USERI1
 70
     0
  9
$USERI2
 70
     0
  9
$USERI3
 70
     0
  9
$USERI4
 70
     0
  9
$USERI5
 70
     0
  9
$USERR1
 40
0.0
  9
$USERR2
 40
0.0
  9
$USERR3
 40
0.0
  9
$USERR4
 40
0.0
  9
$USERR5
 40
0.0
  9
$WORLDVIEW
 70
     1
  9
$SHADEDGE
 70
     3
  9
$SHADEDIF
 70
    70
  9
$TILEMODE
 70
     1
  9
$MAXACTVP
 70
    64
  9
$PINSBASE
 10
0.0
 20
0.0
 30
0.0
  9
$PLIMCHECK
 70
     0
  9
$PEXTMIN
 10
0.0
 20
0.0
 30
0.0
  9
$PEXTMAX
 10
0.0
 20
0.0
 30
0.0
  9
$PLIMMIN
 10
0.0
 20
0.0
  9
$PLIMMAX
 10
12.0
 20
9.0
  9
$UNITMODE
 70
     0
  9
$VISRETAIN
 70
     1
  9
$PLINEGEN
 70
     0
  9
$PSLTSCALE
 70
     1
  9
$TREEDEPTH
 70
  3020
  9
$CMLSTYLE
  2
Standard
  9
$CMLJUST
 70
     0
  9
$CMLSCALE
 40
20.0
  9
$PROXYGRAPHICS
 70
     1
  9
$MEASUREMENT
 70
     1
  9
$CELWEIGHT
370
    -1
  9
$ENDCAPS
280
     0
  9
$JOINSTYLE
280
     0
  9
$LWDISPLAY
290
     0
  9
$INSUNITS
 70
     4
  9
$HYPERLINKBASE
  1

  9
$STYLESHEET
  1

  9
$XEDIT
290
     1
  9
$CEPSNTYPE
380
     0
  9
$PSTYLEMODE
290
     1
  9
$FINGERPRINTGUID
  2
{818390BA-0075-486A-9EA9-FE9E2B5309A6}
  9
$VERSIONGUID
  2
{8487C3F1-F521-43DD-8BD4-8F41271BFABE}
  9
$EXTNAMES
290
     1
  9
$PSVPSCALE
 40
0.0
  9
$OLESTARTUP
290
     0
  0
ENDSEC
  0
SECTION
  2
CLASSES
  0
CLASS
  1
ACDBDICTIONARYWDFLT
  2
AcDbDictionaryWithDefault
  3
ObjectDBX Classes
 90
        0
280
     0
281
     0
  0
CLASS
  1
ACDBPLACEHOLDER
  2
AcDbPlaceHolder
  3
ObjectDBX Classes
 90
    32768
280
     0
281
     0
  0
CLASS
  1
LAYOUT
  2
AcDbLayout
  3
ObjectDBX Classes
 90
    32768
280
     0
281
     0
  0
CLASS
  1
DICTIONARYVAR
  2
AcDbDictionaryVar
  3
ObjectDBX Classes
 90
        0
280
     0
281
     0
  0
CLASS
  1
TABLESTYLE
  2
AcDbTableStyle
  3
ObjectDBX Classes
 90
     4095
280
     0
281
     0
  0
CLASS
  1
WIPEOUTVARIABLES
  2
AcDbWipeoutVariables
  3
"WipeOut|Product Desc:     WipeOut Dbx Application|Company:          Autodesk, Inc.|WEB Address:      www.autodesk.com"
 90
    32768
280
     0
281
     0
  0
CLASS
  1
SCALE
  2
AcDbScale
  3
ObjectDBX Classes
 90
     1153
280
     0
281
     0
  0
CLASS
  1
MLEADERSTYLE
  2
AcDbMLeaderStyle
  3
ACDB_MLEADERSTYLE_CLASS
 90
     4095
280
     0
281
     0
  0
CLASS
  1
MATERIAL
  2
AcDbMaterial
  3
ObjectDBX Classes
 90
     1153
280
     0
281
     0
  0
CLASS
  1
VISUALSTYLE
  2
AcDbVisualStyle
  3
ObjectDBX Classes
 90
     4095
280
     0
281
     0
  0
CLASS
  1
ACDBSECTIONVIEWSTYLE
  2
AcDbSectionViewStyle
  3
ObjectDBX Classes
 90
     1025
280
     0
281
     0
  0
CLASS
  1
ACDBDETAILVIEWSTYLE
  2
AcDbDetailViewStyle
  3
ObjectDBX Classes
 90
     1025
280
     0
281
     0
  0
CLASS
  1
CELLSTYLEMAP
  2
AcDbCellStyleMap
  3
ObjectDBX Classes
 90
     1152
280
     0
281
     0
  0
CLASS
  1
SORTENTSTABLE
  2
AcDbSortentsTable
  3
ObjectDBX Classes
 90
    32768
280
     0
281
     0
  0
CLASS
  1
ACDBPLACEHOLDER
  2
AcDbPlaceHolder
  3
ObjectDBX Classes
 90
    32768
280
     0
281
     0
  0
CLASS
  1
LAYOUT
  2
AcDbLayout
  3
ObjectDBX Classes
 90
    32768
280
     0
281
     0
  0
CLASS
  1
ACDBPLACEHOLDER
  2
AcDbPlaceHolder
  3
ObjectDBX Classes
 90
    32768
280
     0
281
     0
  0
CLASS
  1
LAYOUT
  2
AcDbLayout
  3
ObjectDBX Classes
 90
    32768
280
     0
281
     0
  0
CLASS
  1
ACDBPLACEHOLDER
  2
AcDbPlaceHolder
  3
ObjectDBX Classes
 90
    32768
280
     0
281
     0
  0
CLASS
  1
LAYOUT
  2
AcDbLayout
  3
ObjectDBX Classes
 90
    32768
280
     0
281
     0
  0
CLASS
  1
ZRXEBBLOCKEDITORCUSTOBJ
  2
CZrxEbBlockEditorObject
  3
CZrxEbBlockEditorObject
 90
     1024
280
     0
281
     0
  0
CLASS
  1
ACAD_EVALUATION_GRAPH
  2
AcDbEvalGraph
  3
ObjectDBX Classes
 90
     1153
280
     0
281
     0
  0
CLASS
  1
ACDB_DYNAMICBLOCKPURGEPREVENTER_VERSION
  2
AcDbDynamicBlockPurgePreventer
  3
ObjectDBX Classes
 90
     1153
280
     0
281
     0
  0
CLASS
  1
ACDBPLACEHOLDER
  2
AcDbPlaceHolder
  3
ObjectDBX Classes
 90
        0
280
     0
281
     0
  0
CLASS
  1
LAYOUT
  2
AcDbLayout
  3
ObjectDBX Classes
 90
        0
280
     0
281
     0
  0
ENDSEC
  0
SECTION
  2
TABLES
  0
TABLE
  2
VPORT
  5
8
102
{ACAD_XDICTIONARY
360
9EF
102
}
330
0
100
AcDbSymbolTable
 70
     1
  0
VPORT
  5
1CC
330
8
100
AcDbSymbolTableRecord
100
AcDbViewportTableRecord
  2
*Active
 70
     0
 10
0.0
 20
0.0
 11
1.0
 21
1.0
 12
958.6449344053843
 22
482.4139877583533
 13
0.0
 23
0.0
 14
10.0
 24
10.0
 15
10.0
 25
10.0
 16
0.0
 26
0.0
 36
1.0
 17
0.0
 27
0.0
 37
0.0
 40
1713.309205756066
 41
1.636152055857253
 42
50.0
 43
0.0
 44
0.0
 50
0.0
 51
0.0
 71
    16
 72
  1000
 73
     1
 74
     3
 75
     0
 76
     1
 77
     0
 78
     0
281
     0
 65
     1
110
0.0
120
0.0
130
0.0
111
1.0
121
0.0
131
0.0
112
0.0
122
1.0
132
0.0
 79
     0
146
0.0
1001
ACAD_NAV_VCDISPLAY
1070
     3
  0
ENDTAB
  0
TABLE
  2
LTYPE
  5
5
330
0
100
AcDbSymbolTable
 70
     3
  0
LTYPE
  5
14
330
5
100
AcDbSymbolTableRecord
100
AcDbLinetypeTableRecord
  2
ByBlock
 70
     0
  3

 72
    65
 73
     0
 40
0.0
  0
LTYPE
  5
15
330
5
100
AcDbSymbolTableRecord
100
AcDbLinetypeTableRecord
  2
ByLayer
 70
     0
  3

 72
    65
 73
     0
 40
0.0
  0
LTYPE
  5
16
330
5
100
AcDbSymbolTableRecord
100
AcDbLinetypeTableRecord
  2
Continuous
 70
     0
  3
Solid line
 72
    65
 73
     0
 40
0.0
  0
LTYPE
  5
387
330
5
100
AcDbSymbolTableRecord
100
AcDbLinetypeTableRecord
  2
PHANTOM2
 70
     0
  3
Phantom (.5x) ___ _ _ ___ _ _ ___ _ _ ___ _ _
 72
    65
 73
     6
 40
1.25
 49
0.625
 74
     0
 49
-0.125
 74
     0
 49
0.125
 74
     0
 49
-0.125
 74
     0
 49
0.125
 74
     0
 49
-0.125
 74
     0
  0
LTYPE
  5
388
330
5
100
AcDbSymbolTableRecord
100
AcDbLinetypeTableRecord
  2
ACAD_ISO02W100
 70
     0
  3
ISO dash __ __ __ __ __ __ __ __ __ __ __ __ __
 72
    65
 73
     2
 40
15.0
 49
12.0
 74
     0
 49
-3.0
 74
     0
  0
ENDTAB
  0
TABLE
  2
LAYER
  5
2
102
{ACAD_XDICTIONARY
360
FA
102
}
330
0
100
AcDbSymbolTable
 70
     8
  0
LAYER
  5
10
102
{ACAD_XDICTIONARY
360
9E3
102
}
330
2
100
AcDbSymbolTableRecord
100
AcDbLayerTableRecord
  2
0
 70
     0
 62
     7
  6
Continuous
370
    -3
390
F
1071
 33554687
  0
LAYER
  5
389
102
{ACAD_XDICTIONARY
360
38A
102
}
330
2
100
AcDbSymbolTableRecord
100
AcDbLayerTableRecord
  2
≥ﬂ¥ÁòÀ◊¢
 70
     0
 62
     1
  6
Continuous
370
    30
390
F
1071
 33554687
1001
AcadStringInfo
1000
MIFCodePage
1070
     2
  0
LAYER
  5
38C
102
{ACAD_XDICTIONARY
360
38D
102
}
330
2
100
AcDbSymbolTableRecord
100
AcDbLayerTableRecord
  2
ºöåçæÄ
 70
     0
 62
     1
  6
Continuous
370
    13
390
F
1071
 33554687
1001
AcadStringInfo
1000
MIFCodePage
1070
     2
  0
LAYER
  5
38F
102
{ACAD_XDICTIONARY
360
390
102
}
330
2
100
AcDbSymbolTableRecord
100
AcDbLayerTableRecord
  2
Œƒ◊÷
 70
     0
 62
     3
  6
Continuous
370
    30
390
F
1071
 33554687
1001
AcadStringInfo
1000
MIFCodePage
1070
     2
  0
LAYER
  5
392
102
{ACAD_XDICTIONARY
360
393
102
}
330
2
100
AcDbSymbolTableRecord
100
AcDbLayerTableRecord
  2
—b”ÜÖ^”Ú
 70
     0
 62
     6
  6
PHANTOM2
290
     0
370
    13
390
F
1071
 33554687
1001
AcAecLayerStandard
1000

1000

1001
AcCmTransparency
1071
 33554687
1001
AcadStringInfo
1000
MIFCodePage
1070
     2
  0
LAYER
  5
395
102
{ACAD_XDICTIONARY
360
9E9
102
}
330
2
100
AcDbSymbolTableRecord
100
AcDbLayerTableRecord
  2
Defpoints
 70
     0
 62
     7
  6
Continuous
290
     0
370
    -3
390
F
1071
 33554687
  0
LAYER
  5
396
102
{ACAD_XDICTIONARY
360
9EB
102
}
330
2
100
AcDbSymbolTableRecord
100
AcDbLayerTableRecord
  2
–Èœﬂ
 70
     0
 62
     2
  6
ACAD_ISO02W100
370
    30
390
F
1071
 33554687
1001
AcAecLayerStandard
1000

1000

1001
AcCmTransparency
1071
        0
1001
AcadStringInfo
1000
MIFCodePage
1070
     5
  0
LAYER
  5
397
102
{ACAD_XDICTIONARY
360
9ED
102
}
330
2
100
AcDbSymbolTableRecord
100
AcDbLayerTableRecord
  2
CONT
 70
     0
 62
     7
  6
Continuous
370
    -3
390
F
1071
 33554687
1001
AcAecLayerStandard
1000

1000

  0
ENDTAB
  0
TABLE
  2
STYLE
  5
3
330
0
100
AcDbSymbolTable
 70
     5
  0
STYLE
  5
11
330
3
100
AcDbSymbolTableRecord
100
AcDbTextStyleTableRecord
  2
Standard
 70
     0
 40
0.0
 41
1.0
 50
0.0
 71
     0
 42
2.5
  3
arial.ttf
  4

1001
ACAD
1000
Arial
1071
       34
  0
STYLE
  5
23E
330
3
100
AcDbSymbolTableRecord
100
AcDbTextStyleTableRecord
  2
Annotative
 70
     0
 40
0.0
 41
1.0
 50
0.0
 71
     0
 42
2.5
  3
arial.ttf
  4

1001
AcadAnnotative
1000
AnnotativeData
1002
{
1070
     1
1070
     1
1002
}
1001
ACAD
1000
Arial
1071
       34
  0
STYLE
  5
398
330
3
100
AcDbSymbolTableRecord
100
AcDbTextStyleTableRecord
  2
DIM
 70
     0
 40
0.0
 41
0.7
 50
0.0
 71
     0
 42
0.2
  3
txt.shx
  4
chineset.shx
  0
STYLE
  5
399
330
3
100
AcDbSymbolTableRecord
100
AcDbTextStyleTableRecord
  2
style1
 70
     0
 40
0.0
 41
0.9
 50
0.0
 71
     0
 42
3.5
  3
PMingLiU.ttf
  4

1001
ACAD
1000
PMingLiU
1071
    34834
  0
STYLE
  5
39A
330
3
100
AcDbSymbolTableRecord
100
AcDbTextStyleTableRecord
  2
0
 70
     0
 40
1.0
 41
1.0
 50
0.0
 71
     0
 42
0.2
  3
arial.ttf
  4

1001
ACAD
1000
Arial
1071
       34
  0
ENDTAB
  0
TABLE
  2
VIEW
  5
6
330
0
100
AcDbSymbolTable
 70
     0
  0
ENDTAB
  0
TABLE
  2
UCS
  5
7
330
0
100
AcDbSymbolTable
 70
     0
  0
ENDTAB
  0
TABLE
  2
APPID
  5
9
330
0
100
AcDbSymbolTable
 70
    16
  0
APPID
  5
12
330
9
100
AcDbSymbolTableRecord
100
AcDbRegAppTableRecord
  2
ACAD
 70
     0
  0
APPID
  5
F4
330
9
100
AcDbSymbolTableRecord
100
AcDbRegAppTableRecord
  2
ACAD_PSEXT
 70
     0
  0
APPID
  5
1A9
330
9
100
AcDbSymbolTableRecord
100
AcDbRegAppTableRecord
  2
ACAD_NAV_VCDISPLAY
 70
     0
  0
APPID
  5
23F
330
9
100
AcDbSymbolTableRecord
100
AcDbRegAppTableRecord
  2
AcadAnnoPO
 70
     0
  0
APPID
  5
240
330
9
100
AcDbSymbolTableRecord
100
AcDbRegAppTableRecord
  2
AcadAnnotative
 70
     0
  0
APPID
  5
242
330
9
100
AcDbSymbolTableRecord
100
AcDbRegAppTableRecord
  2
ACAD_DSTYLE_DIMJAG
 70
     0
  0
APPID
  5
243
330
9
100
AcDbSymbolTableRecord
100
AcDbRegAppTableRecord
  2
ACAD_DSTYLE_DIMBREAK
 70
     0
  0
APPID
  5
244
330
9
100
AcDbSymbolTableRecord
100
AcDbRegAppTableRecord
  2
ACAD_DSTYLE_DIMTALN
 70
     0
  0
APPID
  5
39F
330
9
100
AcDbSymbolTableRecord
100
AcDbRegAppTableRecord
  2
ACAD_DSTYLE_DIMRADIAL_EXTENSION
 70
     0
  0
APPID
  5
3A0
330
9
100
AcDbSymbolTableRecord
100
AcDbRegAppTableRecord
  2
AcAecLayerStandard
 70
     0
  0
APPID
  5
3A1
330
9
100
AcDbSymbolTableRecord
100
AcDbRegAppTableRecord
  2
AcCmTransparency
 70
     0
  0
APPID
  5
3A2
330
9
100
AcDbSymbolTableRecord
100
AcDbRegAppTableRecord
  2
AcadStringInfo
 70
     0
  0
APPID
  5
3A3
330
9
100
AcDbSymbolTableRecord
100
AcDbRegAppTableRecord
  2
AcDbDynamicBlockGUID
 70
     0
  0
APPID
  5
9F7
330
9
100
AcDbSymbolTableRecord
100
AcDbRegAppTableRecord
  2
ACAD_MLEADERVER
 70
     0
  0
APPID
  5
B57
330
9
100
AcDbSymbolTableRecord
100
AcDbRegAppTableRecord
  2
ACAUTHENVIRON
 70
     0
  0
APPID
  5
B5B
330
9
100
AcDbSymbolTableRecord
100
AcDbRegAppTableRecord
  2
AcDbDynamicBlockTrueName
 70
     0
  0
ENDTAB
  0
TABLE
  2
DIMSTYLE
  5
A
330
0
100
AcDbSymbolTable
 70
     7
100
AcDbDimStyleTable
 71
     2
340
9C
340
245
  0
DIMSTYLE
105
27
330
A
100
AcDbSymbolTableRecord
100
AcDbDimStyleTableRecord
  2
Standard
 70
     0
340
11
  0
DIMSTYLE
105
9C
330
A
100
AcDbSymbolTableRecord
100
AcDbDimStyleTableRecord
  2
ISO-25
 70
     0
 41
2.5
 42
0.625
 43
3.75
 44
1.25
 73
     0
 74
     0
 77
     1
 78
     8
140
2.5
141
2.5
143
0.03937007874016
147
0.625
171
     3
172
     1
271
     2
272
     2
274
     3
278
    44
283
     0
284
     8
340
11
  0
DIMSTYLE
105
245
330
A
100
AcDbSymbolTableRecord
100
AcDbDimStyleTableRecord
  2
Annotative
 70
     0
 41
2.5
 42
0.625
 43
3.75
 44
1.25
 73
     0
 74
     0
 77
     1
 78
     8
140
2.5
141
2.5
143
0.03937007874016
147
0.625
171
     3
172
     1
271
     2
272
     2
274
     3
278
    44
283
     0
284
     8
340
11
1001
ACAD_DSTYLE_DIMBREAK
1070
   391
1040
3.75
1001
AcadAnnotative
1000
AnnotativeData
1002
{
1070
     1
1070
     1
1002
}
1001
ACAD_DSTYLE_DIMJAG
1070
   388
1040
1.5
1001
ACAD_DSTYLE_DIMTALN
1070
   392
1070
     0
  0
DIMSTYLE
105
39B
330
A
100
AcDbSymbolTableRecord
100
AcDbDimStyleTableRecord
  2
DIMSTYLE_1
 70
     0
 41
7.0
 47
0.01
 48
0.01
 73
     0
 77
     1
 78
     8
140
9.5
147
1.0
271
     2
272
     2
284
     8
340
11
341
24F
342
24F
1001
ACAD_DSTYLE_DIMJAG
1070
   388
1040
1.5
1001
ACAD_DSTYLE_DIMTALN
1070
   392
1070
     0
  0
DIMSTYLE
105
39C
330
A
100
AcDbSymbolTableRecord
100
AcDbDimStyleTableRecord
  2
9.8
 70
     0
 40
3.5
 41
1.8
 42
0.625
 43
3.75
 44
1.6
 73
     0
 74
     0
 77
     1
 78
     8
 79
     1
140
2.5
141
0.0
143
0.0394
147
0.625
172
     1
176
     1
177
     1
271
     1
178
     3
179
     1
271
     1
272
     1
273
     8
277
     6
284
     8
340
398
371
    13
372
    13
1001
ACAD_DSTYLE_DIMBREAK
1070
   391
1040
3.75
1001
ACAD_DSTYLE_DIMJAG
1070
   388
1040
1.5
1001
ACAD_DSTYLE_DIMTALN
1070
   392
1070
     0
  0
DIMSTYLE
105
39D
102
{ACAD_REACTORS
330
681
330
682
330
683
330
684
330
685
330
686
330
687
330
688
330
8EC
330
8F3
330
8F4
330
8F5
102
}
330
A
100
AcDbSymbolTableRecord
100
AcDbDimStyleTableRecord
  2
mm+in
 70
     0
  3
mm
  4
"
 40
3.0
 41
2.5
 42
0.625
 43
3.75
 44
1.25
 73
     0
 77
     1
 78
     8
140
3.5
141
0.0
143
0.03937007874016
147
2.0
170
     1
171
     4
175
     1
176
     1
177
     1
271
     2
178
     3
271
     2
272
     2
273
     7
274
     4
283
     0
284
     8
340
398
371
    -1
1001
ACAD_DSTYLE_DIMBREAK
1070
   391
1040
3.75
1001
ACAD_DSTYLE_DIMJAG
1070
   388
1040
1.5
1001
ACAD_DSTYLE_DIMTALN
1070
   392
1070
     0
1001
AcadAnnotative
1000
AnnotativeData
1002
{
1070
     1
1070
     0
1002
}
  0
DIMSTYLE
105
39E
102
{ACAD_REACTORS
330
32E
330
32F
330
330
330
331
102
}
330
A
100
AcDbSymbolTableRecord
100
AcDbDimStyleTableRecord
  2
Copy of mm+in
 70
     0
  3
mm
  4
"
 40
7.0
 41
2.5
 42
0.625
 43
3.75
 44
1.25
 73
     0
 77
     1
 78
     8
140
3.5
141
0.0
143
0.03937007874016
147
2.0
170
     1
171
     4
175
     1
176
     1
177
     1
271
     2
178
     3
271
     2
272
     2
273
     7
274
     4
283
     0
284
     8
340
398
371
    -1
1001
ACAD_DSTYLE_DIMBREAK
1070
   391
1040
3.75
1001
ACAD_DSTYLE_DIMJAG
1070
   388
1040
1.5
1001
ACAD_DSTYLE_DIMTALN
1070
   392
1070
     0
1001
AcadAnnotative
1000
AnnotativeData
1002
{
1070
     1
1070
     0
1002
}
  0
ENDTAB
  0
TABLE
  2
BLOCK_RECORD
  5
1
330
0
100
AcDbSymbolTable
 70
    33
  0
BLOCK_RECORD
  5
1F
330
1
100
AcDbSymbolTableRecord
100
AcDbBlockTableRecord
  2
*MODEL_SPACE
340
22
  0
BLOCK_RECORD
  5
1DF
330
1
100
AcDbSymbolTableRecord
100
AcDbBlockTableRecord
  2
*PAPER_SPACE
340
1E0
  0
BLOCK_RECORD
  5
1E3
330
1
100
AcDbSymbolTableRecord
100
AcDbBlockTableRecord
  2
*PAPER_SPACE0
340
1E4
  0
BLOCK_RECORD
  5
24F
330
1
100
AcDbSymbolTableRecord
100
AcDbBlockTableRecord
  2
_FILLED
340
0
  0
BLOCK_RECORD
  5
253
102
{ACAD_XDICTIONARY
360
B58
102
}
330
1
100
AcDbSymbolTableRecord
100
AcDbBlockTableRecord
  2
efw
340
0
310
2800000020000000200000000100080000000000000400000000000000000000000000000000000000000000000080000080000000808000800000008000800080800000C0C0C000C0DCC000F0CAA6000020400000206000002080000020A0000020C0000020E00000400000004020000040400000406000004080000040A0
310
000040C0000040E00000600000006020000060400000606000006080000060A0000060C0000060E00000800000008020000080400000806000008080000080A0000080C0000080E00000A0000000A0200000A0400000A0600000A0800000A0A00000A0C00000A0E00000C0000000C0200000C0400000C0600000C0800000C0
310
A00000C0C00000C0E00000E0000000E0200000E0400000E0600000E0800000E0A00000E0C00000E0E00040000000400020004000400040006000400080004000A0004000C0004000E00040200000402020004020400040206000402080004020A0004020C0004020E000404000004040200040404000404060004040800040
310
40A0004040C0004040E00040600000406020004060400040606000406080004060A0004060C0004060E00040800000408020004080400040806000408080004080A0004080C0004080E00040A0000040A0200040A0400040A0600040A0800040A0A00040A0C00040A0E00040C0000040C0200040C0400040C0600040C08000
310
40C0A00040C0C00040C0E00040E0000040E0200040E0400040E0600040E0800040E0A00040E0C00040E0E00080000000800020008000400080006000800080008000A0008000C0008000E00080200000802020008020400080206000802080008020A0008020C0008020E00080400000804020008040400080406000804080
310
008040A0008040C0008040E00080600000806020008060400080606000806080008060A0008060C0008060E00080800000808020008080400080806000808080008080A0008080C0008080E00080A0000080A0200080A0400080A0600080A0800080A0A00080A0C00080A0E00080C0000080C0200080C0400080C0600080C0
310
800080C0A00080C0C00080C0E00080E0000080E0200080E0400080E0600080E0800080E0A00080E0C00080E0E000C0000000C0002000C0004000C0006000C0008000C000A000C000C000C000E000C0200000C0202000C0204000C0206000C0208000C020A000C020C000C020E000C0400000C0402000C0404000C0406000C0
310
408000C040A000C040C000C040E000C0600000C0602000C0604000C0606000C0608000C060A000C060C000C060E000C0800000C0802000C0804000C0806000C0808000C080A000C080C000C080E000C0A00000C0A02000C0A04000C0A06000C0A08000C0A0A000C0A0C000C0A0E000C0C00000C0C02000C0C04000C0C06000
310
C0C08000C0C0A000F0FBFF00A4A0A000808080000000FF0000FF000000FFFF00FF000000FF00FF00FFFF0000FFFFFF0000000000000000000000000000000000000000000000000000000000000000000000000000000000000000000000000000000000000000000000000000000000000000000000000000000000000000
310
00000000000000000000000000000000000000000000000000000000000000000000000000000000000000000000000000000000000000000000000000000000000000000000000000000000000000000000000000000000FFFFFFFFFF000000000000000000000000000000000000000000000000000000FFFFFFFFFF0000
310
00000000000000000000000000000000000000000000000000FFFF000000000000000000000000000000000000000000000000000000000000FFFFFFFF00FFFF00000000000000000000000000000000000000000000000000FFFFFFFF0000FF00000000000000000000000000000000000000000000000000000000000000
310
00FF000000000000000000000000000000000000FFFFFFFFFF0000000000000000FF0000000000000000FFFF0000000000000000FFFFFFFFFFFFFF0000FF000000FF0000000000000000FFFF0000000000000000FFFFFFFFFFFFFF000000FF0000FF0000000000000000FFFF0000000000000000FFFFFFFFFFFF0000000000
310
FF0000FF00000000000000FFFF00000000000000000000000000000000000000FF0000FFFFFF00FFFFFF00FFFF0000000000000000000000000000000000FFFFFFFFFFFFFFFFFFFFFFFFFFFFFF00000000000000000000000000FFFFFFFFFFFFFFFFFFFFFFFFFFFFFFFFFFFFFF00000000000000000000000000FFFFFFFFFF
310
FFFFFFFFFFFFFFFFFFFFFFFF00FF00000000000000000000000000FFFFFFFFFFFFFFFFFFFFFFFFFFFFFFFFFF0000FF00FFFFFFFFFF00000000000000FFFFFFFFFFFFFFFFFFFFFFFFFFFFFFFF0000FF00FFFFFFFFFF000000000000FFFFFFFFFFFFFFFFFFFFFFFFFFFFFFFFFF000000FFFFFFFFFF0000FFFFFFFFFFFF000000
310
0000FF0000000000000000000000000000FFFFFF000000FFFFFFFFFF00000000FFFF000000000000000000000000000000FFFFFF000000FFFFFFFFFFFFFF00000000000000000000000000000000000000000000000000FFFFFFFFFFFFFF0000000000000000000000000000000000000000000000000000FFFFFFFFFFFF00
310
00000000000000000000000000000000000000000000000000000000000000000000000000000000000000000000000000000000000000000000000000000000000000000000000000000000000000000000000000000000000000000000000000000000000000000000000000000000000000000000000000000000000000
310
0000000000000000000000000000000000000000000000000000000000000000000000000000000000000000000000000000000000000000
102
{BLKREFS
331
3DE
331
689
102
}
1001
ACAD
1000
DesignCenter Data
1002
{
1070
     1
1070
     4
1002
}
1001
AcDbDynamicBlockGUID
1000
{1BC3B85E-29FD-40D8-82FE-1B844515B8DE}
  0
BLOCK_RECORD
  5
2C5
330
1
100
AcDbSymbolTableRecord
100
AcDbBlockTableRecord
  2
*D3
340
0
  0
BLOCK_RECORD
  5
2D1
330
1
100
AcDbSymbolTableRecord
100
AcDbBlockTableRecord
  2
*D4
340
0
  0
BLOCK_RECORD
  5
2DD
330
1
100
AcDbSymbolTableRecord
100
AcDbBlockTableRecord
  2
*D5
340
0
  0
BLOCK_RECORD
  5
2E9
330
1
100
AcDbSymbolTableRecord
100
AcDbBlockTableRecord
  2
*D6
340
0
  0
BLOCK_RECORD
  5
2F5
330
1
100
AcDbSymbolTableRecord
100
AcDbBlockTableRecord
  2
*D7
340
0
  0
BLOCK_RECORD
  5
301
330
1
100
AcDbSymbolTableRecord
100
AcDbBlockTableRecord
  2
*D8
340
0
  0
BLOCK_RECORD
  5
30D
330
1
100
AcDbSymbolTableRecord
100
AcDbBlockTableRecord
  2
*D9
340
0
  0
BLOCK_RECORD
  5
31A
330
1
100
AcDbSymbolTableRecord
100
AcDbBlockTableRecord
  2
*D10
340
0
  0
BLOCK_RECORD
  5
327
330
1
100
AcDbSymbolTableRecord
100
AcDbBlockTableRecord
  2
VDL
340
0
310
2800000020000000200000000100080000000000000400000100000000000000000000000000000000000000000080000080000000808000800000008000800080800000C0C0C000C0DCC000F0CAA6000020400000206000002080000020A0000020C0000020E00000400000004020000040400000406000004080000040A0
310
000040C0000040E00000600000006020000060400000606000006080000060A0000060C0000060E00000800000008020000080400000806000008080000080A0000080C0000080E00000A0000000A0200000A0400000A0600000A0800000A0A00000A0C00000A0E00000C0000000C0200000C0400000C0600000C0800000C0
310
A00000C0C00000C0E00000E0000000E0200000E0400000E0600000E0800000E0A00000E0C00000E0E00040000000400020004000400040006000400080004000A0004000C0004000E00040200000402020004020400040206000402080004020A0004020C0004020E000404000004040200040404000404060004040800040
310
40A0004040C0004040E00040600000406020004060400040606000406080004060A0004060C0004060E00040800000408020004080400040806000408080004080A0004080C0004080E00040A0000040A0200040A0400040A0600040A0800040A0A00040A0C00040A0E00040C0000040C0200040C0400040C0600040C08000
310
40C0A00040C0C00040C0E00040E0000040E0200040E0400040E0600040E0800040E0A00040E0C00040E0E00080000000800020008000400080006000800080008000A0008000C0008000E00080200000802020008020400080206000802080008020A0008020C0008020E00080400000804020008040400080406000804080
310
008040A0008040C0008040E00080600000806020008060400080606000806080008060A0008060C0008060E00080800000808020008080400080806000808080008080A0008080C0008080E00080A0000080A0200080A0400080A0600080A0800080A0A00080A0C00080A0E00080C0000080C0200080C0400080C0600080C0
310
800080C0A00080C0C00080C0E00080E0000080E0200080E0400080E0600080E0800080E0A00080E0C00080E0E000C0000000C0002000C0004000C0006000C0008000C000A000C000C000C000E000C0200000C0202000C0204000C0206000C0208000C020A000C020C000C020E000C0400000C0402000C0404000C0406000C0
310
408000C040A000C040C000C040E000C0600000C0602000C0604000C0606000C0608000C060A000C060C000C060E000C0800000C0802000C0804000C0806000C0808000C080A000C080C000C080E000C0A00000C0A02000C0A04000C0A06000C0A08000C0A0A000C0A0C000C0A0E000C0C00000C0C02000C0C04000C0C06000
310
C0C08000C0C0A000F0FBFF00A4A0A000808080000000FF0000FF000000FFFF00FF000000FF00FF00FFFF0000FFFFFF0000000000000000000000000000000000000000000000000000000000000000000000000000000000000000000000000000000000000000000000000000000000000000000000000000000000000000
310
00000000000000000000000000000000000000000000000000000000000000000000000000000000000000000000000000000000000000000000000000000000000000000000000000000000000000000000F9F9F9F9F9F9F9F9F9F9F9FAFAFAFAFAF9F9F9F9F9F9F9F9F9FF000000000000F9000000000000000000000000
310
000000000000000000000000F9000000000000F9F9F9F9F9F9F9F9F9F9F9FAFAFAFAFAF9F9F9F9F9F9F9F9F9F9000000000000F9F90000000000000000000000000000000000000000000000F9000000000000F9F90000FFFFFFFFFFFFFFFFFFFFF9F9F9F9F9F9F9F9F9F9F9F9F9F9F9FF0000F9F9FFFFFFFFFFFFFFFFFFFF
310
FFFFF9F9F9F9F9F9F9F9F9F9F9F9F9F9FFF90000F9F9FFFF00000000000000000000000000000000000000FFFFF90000F9F90000F9F9FF000000000000000000000000000000000000000000FFF90000F9F90000F9F90000000000000000000000000000000000000000000000F90000F9F90000F9F9000000000000000000
310
0000000000000000000000000000F90000F9F90000F9F90000000000000000000000000000000000000000000000F90000F9F90000F9F90000000000000000000000000000000000000000000000F900FAF9FA0000FFFF00000000000000000000FFFFFF00000000000000000000FF00FAF9FA0000FFFF0000000000000000
310
00FFFFFFFFFF000000000000000000FF00FAF9FA0000FFFF000000000000000000FF0000FFFF000000000000000000FF00FAF9FA0000FFFF000000000000000000FF0000FFFF000000000000000000FF0000F9F90000FFFF000000000000000000FFFFFFFFFF000000000000000000FF0000F9F9000000FFFF000000000000
310
000000FFFFFF000000000000000000FFFF0000F9F9000000FFFF000000000000000000000000000000000000000000FFFF0000F9F900000000FFFFFFFFFFFFFFFFFFFFFFFFF9F9F9F9F9F9F9F9F9F9F9F9F9F9F9F90000000000FFFFFFFFFFFFFFFFFFFFFFF9F9F9F9F9F9F9F9F9F9F9F9F9F9F9F900000000000000000000
310
00000000000000000000000000000000000000000000000000000000000000000000000000000000000000000000000000000000000000000000000000000000000000000000000000000000000000000000000000000000000000000000000000000000000000000000000000000000000000000000000000000000000000
310
0000000000000000000000000000000000000000000000000000000000000000000000000000000000000000000000000000000000000000
102
{BLKREFS
331
640
331
8EB
102
}
1001
AcDbDynamicBlockGUID
1000
{45431EEC-9581-471B-A1F6-AD7B960B4251}
  0
BLOCK_RECORD
  5
333
330
1
100
AcDbSymbolTableRecord
100
AcDbBlockTableRecord
  2
*D12
340
0
  0
BLOCK_RECORD
  5
33C
330
1
100
AcDbSymbolTableRecord
100
AcDbBlockTableRecord
  2
*D13
340
0
  0
BLOCK_RECORD
  5
348
330
1
100
AcDbSymbolTableRecord
100
AcDbBlockTableRecord
  2
*D14
340
0
  0
BLOCK_RECORD
  5
354
330
1
100
AcDbSymbolTableRecord
100
AcDbBlockTableRecord
  2
*D15
340
0
  0
BLOCK_RECORD
  5
360
330
1
100
AcDbSymbolTableRecord
100
AcDbBlockTableRecord
  2
*D16
340
0
  0
BLOCK_RECORD
  5
36C
330
1
100
AcDbSymbolTableRecord
100
AcDbBlockTableRecord
  2
*D17
340
0
  0
BLOCK_RECORD
  5
375
330
1
100
AcDbSymbolTableRecord
100
AcDbBlockTableRecord
  2
*D18
340
0
  0
BLOCK_RECORD
  5
37E
330
1
100
AcDbSymbolTableRecord
100
AcDbBlockTableRecord
  2
*D19
340
0
  0
BLOCK_RECORD
  5
8F6
330
1
100
AcDbSymbolTableRecord
100
AcDbBlockTableRecord
  2
*D20
340
0
  0
BLOCK_RECORD
  5
902
330
1
100
AcDbSymbolTableRecord
100
AcDbBlockTableRecord
  2
*D21
340
0
  0
BLOCK_RECORD
  5
90E
330
1
100
AcDbSymbolTableRecord
100
AcDbBlockTableRecord
  2
*D22
340
0
  0
BLOCK_RECORD
  5
91A
330
1
100
AcDbSymbolTableRecord
100
AcDbBlockTableRecord
  2
*D23
340
0
  0
BLOCK_RECORD
  5
926
330
1
100
AcDbSymbolTableRecord
100
AcDbBlockTableRecord
  2
*D24
340
0
  0
BLOCK_RECORD
  5
932
330
1
100
AcDbSymbolTableRecord
100
AcDbBlockTableRecord
  2
*D25
340
0
  0
BLOCK_RECORD
  5
93E
330
1
100
AcDbSymbolTableRecord
100
AcDbBlockTableRecord
  2
*D26
340
0
  0
BLOCK_RECORD
  5
94B
330
1
100
AcDbSymbolTableRecord
100
AcDbBlockTableRecord
  2
*D27
340
0
  0
BLOCK_RECORD
  5
958
330
1
100
AcDbSymbolTableRecord
100
AcDbBlockTableRecord
  2
*D28
340
0
  0
BLOCK_RECORD
  5
961
330
1
100
AcDbSymbolTableRecord
100
AcDbBlockTableRecord
  2
*D29
340
0
  0
BLOCK_RECORD
  5
96A
330
1
100
AcDbSymbolTableRecord
100
AcDbBlockTableRecord
  2
*D30
340
0
  0
BLOCK_RECORD
  5
973
330
1
100
AcDbSymbolTableRecord
100
AcDbBlockTableRecord
  2
*D31
340
0
  0
ENDTAB
  0
ENDSEC
  0
SECTION
  2
BLOCKS
  0
BLOCK
  5
20
330
1F
100
AcDbEntity
  8
0
100
AcDbBlockBegin
  2
*MODEL_SPACE
 70
     0
 10
0.0
 20
0.0
 30
0.0
  3
*MODEL_SPACE
  1

  0
ENDBLK
  5
21
330
1F
100
AcDbEntity
  8
0
100
AcDbBlockEnd
  0
BLOCK
  5
1E1
330
1DF
100
AcDbEntity
 67
     1
  8
0
100
AcDbBlockBegin
  2
*PAPER_SPACE
 70
     0
 10
0.0
 20
0.0
 30
0.0
  3
*PAPER_SPACE
  1

  0
ENDBLK
  5
1E2
330
1DF
100
AcDbEntity
 67
     1
  8
0
100
AcDbBlockEnd
  0
BLOCK
  5
1E5
330
1E3
100
AcDbEntity
  8
0
100
AcDbBlockBegin
  2
*PAPER_SPACE0
 70
     0
 10
0.0
 20
0.0
 30
0.0
  3
*PAPER_SPACE0
  1

  0
ENDBLK
  5
1E6
330
1E3
100
AcDbEntity
  8
0
100
AcDbBlockEnd
  0
BLOCK
  5
250
330
24F
100
AcDbEntity
  8
0
100
AcDbBlockBegin
  2
_FILLED
 70
     0
 10
0.0
 20
0.0
 30
0.0
  3
_FILLED
  1

  0
SOLID
  5
251
330
24F
100
AcDbEntity
  8
0
  6
ByBlock
 62
     0
100
AcDbTrace
 10
0.0
 20
0.0
 30
0.0
 11
-1.0
 21
0.2142857143
 31
0.0
 12
-1.0
 22
-0.2142857143
 32
0.0
 13
-1.0
 23
-0.2142857143
 33
0.0
  0
ENDBLK
  5
252
330
24F
100
AcDbEntity
  8
0
  6
ByBlock
 62
     0
100
AcDbBlockEnd
  0
BLOCK
  5
254
330
253
100
AcDbEntity
  8
0
100
AcDbBlockBegin
  2
efw
 70
     0
 10
0.0
 20
0.0
 30
0.0
  3
efw
  1

  0
LINE
  5
AE8
330
253
100
AcDbEntity
  8
CONT
370
    25
100
AcDbLine
 10
-2050.178765511053
 20
-4342.361746640891
 30
0.0
 11
-2056.527106279318
 21
-4329.020356403474
 31
0.0
  0
LINE
  5
AE9
330
253
100
AcDbEntity
  8
CONT
370
    25
100
AcDbLine
 10
-2056.527106279318
 20
-4329.020356403474
 30
0.0
 11
-2063.976606180733
 21
-4329.020356403474
 31
0.0
  0
MTEXT
  5
AEA
330
253
100
AcDbEntity
  8
CONT
100
AcDbMText
 10
-2109.160206154198
 20
-4327.48981675653
 30
0.0
 40
5.197500000000001
 41
14.86428794324001
 71
     1
 72
     5
  1
{\fTahoma|b0|i0|c0|p34;COUNTERTOP\P }
 73
     1
 44
1.0
1001
ACAD
1000
MTEXTBEGIN
1070
    73
1070
     1
1070
    44
1040
1.0
1070
    74
1070
     0
1000
MTEXTEND
  0
HATCH
  5
AEB
330
253
100
AcDbEntity
  8
CONT
370
    25
100
AcDbHatch
 10
0.0
 20
0.0
 30
0.0
210
0.0
220
0.0
230
1.0
  2
ANSI31
 70
     0
 71
     0
 91
        1
 92
        5
 93
        9
 72
     2
 10
-1986.414642163592
 20
-4346.403322640892
 40
4.041576
 50
0.0
 51
90.0
 73
     1
 72
     1
 10
-1986.414642163592
 20
-4342.361746640891
 11
-2086.081201892306
 21
-4342.361746640891
 72
     4
 94
        3
 73
     0
 74
     0
 95
       10
 96
        6
 40
0.0
 40
0.0
 40
0.0
 40
0.0
 40
4.788302325801334
 40
31.21107527172549
 40
37.13587413347397
 40
37.13587413347397
 40
37.13587413347397
 40
37.13587413347397
 10
-2086.081201892306
 20
-4342.361746640891
 10
-2085.298801130583
 20
-4343.423734530271
 10
-2080.198962522811
 20
-4350.345975796124
 10
-2087.263559758961
 20
-4362.290213096274
 10
-2082.564087594485
 20
-4369.840404084967
 10
-2081.70332971453
 20
-4371.223301176645
 72
     1
 10
-2081.70332971453
 20
-4371.223301176645
 11
-2028.106356609184
 21
-4371.223301176645
 72
     1
 10
-2028.106356609184
 20
-4371.223301176645
 11
-2028.106356609184
 21
-4359.654014798265
 72
     1
 10
-2028.106356609184
 20
-4359.654014798265
 11
-2019.238151723079
 21
-4359.654014798265
 72
     1
 10
-2019.238151723081
 20
-4359.654014798265
 11
-2019.238151723081
 21
-4371.223301176645
 72
     1
 10
-2019.238151723081
 20
-4371.223301176645
 11
-1982.373066163591
 21
-4371.223301176645
 72
     1
 10
-1982.373066163591
 20
-4371.223301176645
 11
-1982.373066163591
 21
-4346.403322640892
 97
        0
 75
     0
 76
     1
 52
0.0
 41
0.8083152000000003
 77
     0
 78
     1
 53
44.99999999999999
 43
-2535.743510608325
 44
-4394.829154297421
 45
-1.814719380638308
 46
1.81471938063831
 79
     0
 47
0.122909712210988
 98
        1
 10
-2051.220186047145
 20
-4346.761594140239
1001
ACAD
1010
0.0
1020
0.0
1030
0.0
  0
LINE
  5
AEC
330
253
100
AcDbEntity
  8
CONT
370
    25
100
AcDbLine
 10
-2086.081201892306
 20
-4342.361746640891
 30
0.0
 11
-1986.414642163592
 21
-4342.361746640891
 31
0.0
  0
ARC
  5
AED
330
253
100
AcDbEntity
  8
CONT
370
    25
100
AcDbCircle
 10
-1986.414642163592
 20
-4346.403322640892
 30
0.0
 40
4.041576
100
AcDbArc
 50
0.0
 51
90.0
  0
LINE
  5
AEE
330
253
100
AcDbEntity
  8
CONT
370
    25
100
AcDbLine
 10
-1982.373066163591
 20
-4371.223301176645
 30
0.0
 11
-2019.238151723081
 21
-4371.223301176645
 31
0.0
  0
LINE
  5
AEF
330
253
100
AcDbEntity
  8
CONT
370
    25
100
AcDbLine
 10
-2028.071203562006
 20
-4371.223301176645
 30
0.0
 11
-2081.70332971453
 21
-4371.223301176645
 31
0.0
  0
LINE
  5
AF0
330
253
100
AcDbEntity
  8
CONT
370
    25
100
AcDbLine
 10
-1982.373066163591
 20
-4371.223301176645
 30
0.0
 11
-1982.373066163591
 21
-4346.403322640892
 31
0.0
  0
SPLINE
  5
AF1
330
253
100
AcDbEntity
  8
CONT
370
    25
100
AcDbSpline
210
0.0
220
0.0
230
1.0
 70
  1064
 71
     3
 72
    10
 73
     6
 74
     4
 42
0.000000001
 43
0.0000000001
 44
0.0000000001
 40
0.0
 40
0.0
 40
0.0
 40
0.0
 40
3.870457552142124
 40
25.22838655047981
 40
30.01749152737191
 40
30.01749152737191
 40
30.01749152737191
 40
30.01749152737191
 10
-2086.081201892306
 20
-4342.361746640891
 30
0.0
 10
-2085.298801130583
 20
-4343.423734530269
 30
0.0
 10
-2080.198962522812
 20
-4350.345975796125
 30
0.0
 10
-2087.263559758961
 20
-4362.290213096274
 30
0.0
 10
-2082.564087594485
 20
-4369.840404084963
 30
0.0
 10
-2081.70332971453
 20
-4371.223301176645
 30
0.0
 11
-2086.081201892306
 21
-4342.361746640891
 31
0.0
 11
-2083.993781824684
 21
-4345.621059317549
 31
0.0
 11
-2083.921503885457
 21
-4366.978866016682
 31
0.0
 11
-2081.70332971453
 21
-4371.223301176645
 31
0.0
  0
LINE
  5
AF2
330
253
100
AcDbEntity
  8
CONT
370
    25
100
AcDbLine
 10
-2019.238151723081
 20
-4372.073958193783
 30
0.0
 11
-2019.238151723081
 21
-4359.654014798265
 31
0.0
  0
LINE
  5
AF3
330
253
100
AcDbEntity
  8
CONT
370
    25
100
AcDbLine
 10
-2028.106356609184
 20
-4359.654014798265
 30
0.0
 11
-2019.238151723081
 21
-4359.654014798265
 31
0.0
  0
LINE
  5
AF4
330
253
100
AcDbEntity
  8
CONT
370
    25
100
AcDbLine
 10
-2022.295055101631
 20
-4360.537367447369
 30
0.0
 11
-2021.717494561668
 21
-4360.537367447369
 31
0.0
  0
SPLINE
  5
AF5
330
253
100
AcDbEntity
  8
CONT
370
    25
100
AcDbSpline
210
0.0
220
0.0
230
1.0
 70
     8
 71
     3
 72
     9
 73
     5
 74
     0
 42
0.000000001
 43
0.0000000001
 40
0.3047320513593001
 40
0.3047320513593001
 40
0.3047320513593001
 40
0.3047320513593001
 40
3.312564643708205
 40
5.150382399370386
 40
5.150382399370386
 40
5.150382399370386
 40
5.150382399370386
 10
-2021.717494561668
 20
-4360.537367447369
 30
0.0
 10
-2021.705648509517
 20
-4361.349340496604
 30
0.0
 10
-2021.696830484267
 20
-4362.656753963272
 30
0.0
 10
-2021.867795924229
 20
-4363.952193084962
 30
0.0
 10
-2021.934840645867
 20
-4364.4433697177
 30
0.0
  0
LINE
  5
AF6
330
253
100
AcDbEntity
  8
CONT
370
    25
100
AcDbLine
 10
-2021.902977081358
 20
-4364.203500648925
 30
0.0
 11
-2020.729407454215
 21
-4364.206767532329
 31
0.0
  0
LINE
  5
AF7
330
253
100
AcDbEntity
  8
CONT
370
    25
100
AcDbLine
 10
-2020.729407454215
 20
-4364.206767532329
 30
0.0
 11
-2020.729407454215
 21
-4372.073958193783
 31
0.0
  0
LINE
  5
AF8
330
253
100
AcDbEntity
  8
CONT
370
    25
100
AcDbLine
 10
-2021.934840645867
 20
-4364.4433697177
 30
0.0
 11
-2021.260635192506
 21
-4365.093885769879
 31
0.0
  0
LINE
  5
AF9
330
253
100
AcDbEntity
  8
CONT
370
    25
100
AcDbLine
 10
-2021.934840645867
 20
-4365.744401822058
 30
0.0
 11
-2021.260635192506
 21
-4365.093885769879
 31
0.0
  0
LINE
  5
AFA
330
253
100
AcDbEntity
  8
CONT
370
    25
100
AcDbLine
 10
-2021.934840645867
 20
-4365.744401822058
 30
0.0
 11
-2021.260635192506
 21
-4366.394917874237
 31
0.0
  0
LINE
  5
AFB
330
253
100
AcDbEntity
  8
CONT
370
    25
100
AcDbLine
 10
-2021.934840645867
 20
-4367.045433926416
 30
0.0
 11
-2021.260635192506
 21
-4366.394917874237
 31
0.0
  0
LINE
  5
AFC
330
253
100
AcDbEntity
  8
CONT
370
    25
100
AcDbLine
 10
-2021.934840645867
 20
-4367.045433926416
 30
0.0
 11
-2021.260635192506
 21
-4367.695949978596
 31
0.0
  0
LINE
  5
AFD
330
253
100
AcDbEntity
  8
CONT
370
    25
100
AcDbLine
 10
-2021.934840645867
 20
-4368.346466030775
 30
0.0
 11
-2021.260635192506
 21
-4367.695949978596
 31
0.0
  0
LINE
  5
AFE
330
253
100
AcDbEntity
  8
CONT
370
    25
100
AcDbLine
 10
-2021.934840645867
 20
-4368.346466030775
 30
0.0
 11
-2021.260635192506
 21
-4368.996982082953
 31
0.0
  0
LINE
  5
AFF
330
253
100
AcDbEntity
  8
CONT
370
    25
100
AcDbLine
 10
-2021.934840645867
 20
-4369.647498135135
 30
0.0
 11
-2021.260635192506
 21
-4368.996982082953
 31
0.0
  0
LINE
  5
B00
330
253
100
AcDbEntity
  8
CONT
370
    25
100
AcDbLine
 10
-2021.9205044386
 20
-4369.633665655867
 30
0.0
 11
-2021.246298985241
 21
-4370.284181708048
 31
0.0
  0
LINE
  5
B01
330
253
100
AcDbEntity
  8
CONT
370
    25
100
AcDbLine
 10
-2022.412853220052
 20
-4372.073958193783
 30
0.0
 11
-2021.246298985241
 21
-4370.284181708048
 31
0.0
  0
LINE
  5
B02
330
253
100
AcDbEntity
  8
CONT
370
    25
100
AcDbLine
 10
-2020.729407454215
 20
-4365.139884863565
 30
0.0
 11
-2019.238151723081
 21
-4365.139884863565
 31
0.0
  0
LINE
  5
B03
330
253
100
AcDbEntity
  8
CONT
370
    25
100
AcDbLine
 10
-2020.729407454215
 20
-4366.867311966406
 30
0.0
 11
-2019.238151723081
 21
-4366.867311966406
 31
0.0
  0
LINE
  5
B04
330
253
100
AcDbEntity
  8
CONT
370
    25
100
AcDbLine
 10
-2020.729407454215
 20
-4368.885880316056
 30
0.0
 11
-2019.238151723081
 21
-4368.885880316056
 31
0.0
  0
LINE
  5
B05
330
253
100
AcDbEntity
  8
CONT
370
    25
100
AcDbLine
 10
-2020.729407454215
 20
-4370.283350408416
 30
0.0
 11
-2019.238151723081
 21
-4370.283350408416
 31
0.0
  0
LINE
  5
B06
330
253
100
AcDbEntity
  8
CONT
370
    25
100
AcDbLine
 10
-2021.510091794564
 20
-4359.654014798265
 30
0.0
 11
-2019.238151723081
 21
-4362.995945635497
 31
0.0
  0
LINE
  5
B07
330
253
100
AcDbEntity
  8
CONT
370
    25
100
AcDbLine
 10
-2019.238151723081
 20
-4364.603083201038
 30
0.0
 11
-2021.71564674105
 21
-4361.951899952139
 31
0.0
  0
LINE
  5
B08
330
253
100
AcDbEntity
  8
CONT
370
    25
100
AcDbLine
 10
-2028.106356609184
 20
-4372.073958193783
 30
0.0
 11
-2019.238151723081
 21
-4372.073958193783
 31
0.0
  0
LINE
  5
B09
330
253
100
AcDbEntity
  8
CONT
370
    25
100
AcDbLine
 10
-2023.672254166133
 20
-4357.690071589594
 30
0.0
 11
-2023.672254166133
 21
-4383.581601229054
 31
0.0
  0
LINE
  5
B0A
330
253
100
AcDbEntity
  8
CONT
370
    25
100
AcDbLine
 10
-2025.049453230633
 20
-4359.654014798265
 30
0.0
 11
-2025.049453230633
 21
-4360.537367447369
 31
0.0
  0
LINE
  5
B0B
330
253
100
AcDbEntity
  8
CONT
370
    25
100
AcDbLine
 10
-2025.049453230633
 20
-4360.537367447369
 30
0.0
 11
-2025.627013770596
 21
-4360.537367447369
 31
0.0
  0
SPLINE
  5
B0C
330
253
100
AcDbEntity
  8
CONT
370
    25
100
AcDbSpline
210
0.0
220
0.0
230
1.0
 70
     8
 71
     3
 72
     9
 73
     5
 74
     0
 42
0.000000001
 43
0.0000000001
 40
0.3047320513589016
 40
0.3047320513589016
 40
0.3047320513589016
 40
0.3047320513589016
 40
3.312564643708205
 40
5.150382399370386
 40
5.150382399370386
 40
5.150382399370386
 40
5.150382399370386
 10
-2025.627013770596
 20
-4360.537367447369
 30
0.0
 10
-2025.638859822748
 20
-4361.349340496604
 30
0.0
 10
-2025.647677847999
 20
-4362.656753963272
 30
0.0
 10
-2025.476712408035
 20
-4363.952193084962
 30
0.0
 10
-2025.409667686399
 20
-4364.4433697177
 30
0.0
  0
LINE
  5
B0D
330
253
100
AcDbEntity
  8
CONT
370
    25
100
AcDbLine
 10
-2025.441531250908
 20
-4364.203500648925
 30
0.0
 11
-2026.615100878049
 21
-4364.206767532329
 31
0.0
  0
LINE
  5
B0E
330
253
100
AcDbEntity
  8
CONT
370
    25
100
AcDbLine
 10
-2026.615100878049
 20
-4364.206767532329
 30
0.0
 11
-2026.615100878049
 21
-4372.073958193783
 31
0.0
  0
LINE
  5
B0F
330
253
100
AcDbEntity
  8
CONT
370
    25
100
AcDbLine
 10
-2025.409667686399
 20
-4364.4433697177
 30
0.0
 11
-2026.083873139758
 21
-4365.093885769879
 31
0.0
  0
LINE
  5
B10
330
253
100
AcDbEntity
  8
CONT
370
    25
100
AcDbLine
 10
-2025.409667686399
 20
-4365.744401822058
 30
0.0
 11
-2026.083873139758
 21
-4365.093885769879
 31
0.0
  0
LINE
  5
B11
330
253
100
AcDbEntity
  8
CONT
370
    25
100
AcDbLine
 10
-2025.409667686399
 20
-4365.744401822058
 30
0.0
 11
-2026.083873139758
 21
-4366.394917874237
 31
0.0
  0
LINE
  5
B12
330
253
100
AcDbEntity
  8
CONT
370
    25
100
AcDbLine
 10
-2025.409667686399
 20
-4367.045433926416
 30
0.0
 11
-2026.083873139758
 21
-4366.394917874237
 31
0.0
  0
LINE
  5
B13
330
253
100
AcDbEntity
  8
CONT
370
    25
100
AcDbLine
 10
-2025.409667686399
 20
-4367.045433926416
 30
0.0
 11
-2026.083873139758
 21
-4367.695949978596
 31
0.0
  0
LINE
  5
B14
330
253
100
AcDbEntity
  8
CONT
370
    25
100
AcDbLine
 10
-2025.409667686399
 20
-4368.346466030775
 30
0.0
 11
-2026.083873139758
 21
-4367.695949978596
 31
0.0
  0
LINE
  5
B15
330
253
100
AcDbEntity
  8
CONT
370
    25
100
AcDbLine
 10
-2025.409667686399
 20
-4368.346466030775
 30
0.0
 11
-2026.083873139758
 21
-4368.996982082953
 31
0.0
  0
LINE
  5
B16
330
253
100
AcDbEntity
  8
CONT
370
    25
100
AcDbLine
 10
-2025.409667686399
 20
-4369.647498135135
 30
0.0
 11
-2026.083873139758
 21
-4368.996982082953
 31
0.0
  0
LINE
  5
B17
330
253
100
AcDbEntity
  8
CONT
370
    25
100
AcDbLine
 10
-2025.424003893666
 20
-4369.633665655867
 30
0.0
 11
-2026.098209347023
 21
-4370.284181708048
 31
0.0
  0
LINE
  5
B18
330
253
100
AcDbEntity
  8
CONT
370
    25
100
AcDbLine
 10
-2024.931655112212
 20
-4372.073958193783
 30
0.0
 11
-2026.098209347023
 21
-4370.284181708048
 31
0.0
  0
LINE
  5
B19
330
253
100
AcDbEntity
  8
CONT
370
    25
100
AcDbLine
 10
-2026.615100878049
 20
-4365.139884863565
 30
0.0
 11
-2028.106356609184
 21
-4365.139884863565
 31
0.0
  0
LINE
  5
B1A
330
253
100
AcDbEntity
  8
CONT
370
    25
100
AcDbLine
 10
-2026.615100878049
 20
-4366.867311966406
 30
0.0
 11
-2028.106356609184
 21
-4366.867311966406
 31
0.0
  0
LINE
  5
B1B
330
253
100
AcDbEntity
  8
CONT
370
    25
100
AcDbLine
 10
-2026.615100878049
 20
-4368.885880316056
 30
0.0
 11
-2028.106356609184
 21
-4368.885880316056
 31
0.0
  0
LINE
  5
B1C
330
253
100
AcDbEntity
  8
CONT
370
    25
100
AcDbLine
 10
-2026.615100878049
 20
-4370.283350408416
 30
0.0
 11
-2028.106356609184
 21
-4370.283350408416
 31
0.0
  0
LINE
  5
B1D
330
253
100
AcDbEntity
  8
CONT
370
    25
100
AcDbLine
 10
-2025.8344165377
 20
-4359.654014798265
 30
0.0
 11
-2028.106356609184
 21
-4362.995945635497
 31
0.0
  0
LINE
  5
B1E
330
253
100
AcDbEntity
  8
CONT
370
    25
100
AcDbLine
 10
-2028.106356609184
 20
-4364.603083201038
 30
0.0
 11
-2025.634271156991
 21
-4361.475349123971
 31
0.0
  0
LINE
  5
B1F
330
253
100
AcDbEntity
  8
CONT
370
    25
100
AcDbLine
 10
-2028.106356609184
 20
-4359.654014798265
 30
0.0
 11
-2028.106356609184
 21
-4372.073958193783
 31
0.0
  0
LINE
  5
B20
330
253
100
AcDbEntity
  8
CONT
370
    25
100
AcDbLine
 10
-2022.295055101631
 20
-4359.654014798265
 30
0.0
 11
-2022.295055101631
 21
-4360.537367447369
 31
0.0
  0
ARC
  5
B21
330
253
100
AcDbEntity
  8
CONT
370
    25
100
AcDbCircle
 10
-2023.672254166133
 20
-4364.340453647177
 30
0.0
 40
3.087636858499551
100
AcDbArc
 50
50.67704045953732
 51
129.3229595404627
  0
LINE
  5
B22
330
253
100
AcDbEntity
  8
CONT
370
    25
100
AcDbLine
 10
-2021.934840645867
 20
-4375.801450356791
 30
0.0
 11
-2021.260635192506
 21
-4375.150934304611
 31
0.0
  0
LINE
  5
B23
330
253
100
AcDbEntity
  8
CONT
370
    25
100
AcDbLine
 10
-2021.934840645867
 20
-4374.500418252432
 30
0.0
 11
-2021.260635192506
 21
-4375.150934304611
 31
0.0
  0
LINE
  5
B24
330
253
100
AcDbEntity
  8
CONT
370
    25
100
AcDbLine
 10
-2021.9205044386
 20
-4374.514250731698
 30
0.0
 11
-2021.246298985241
 21
-4373.863734679519
 31
0.0
  0
LINE
  5
B25
330
253
100
AcDbEntity
  8
CONT
370
    25
100
AcDbLine
 10
-2022.412853220052
 20
-4372.073958193783
 30
0.0
 11
-2021.246298985241
 21
-4373.863734679519
 31
0.0
  0
LINE
  5
B26
330
253
100
AcDbEntity
  8
CONT
370
    25
100
AcDbLine
 10
-2025.409667686399
 20
-4375.801450356791
 30
0.0
 11
-2026.083873139758
 21
-4375.150934304611
 31
0.0
  0
LINE
  5
B27
330
253
100
AcDbEntity
  8
CONT
370
    25
100
AcDbLine
 10
-2025.409667686399
 20
-4374.500418252432
 30
0.0
 11
-2026.083873139758
 21
-4375.150934304611
 31
0.0
  0
LINE
  5
B28
330
253
100
AcDbEntity
  8
CONT
370
    25
100
AcDbLine
 10
-2025.424003893666
 20
-4374.514250731698
 30
0.0
 11
-2026.098209347023
 21
-4373.863734679519
 31
0.0
  0
LINE
  5
B29
330
253
100
AcDbEntity
  8
CONT
370
    25
100
AcDbLine
 10
-2024.931655112212
 20
-4372.073958193783
 30
0.0
 11
-2026.098209347023
 21
-4373.863734679519
 31
0.0
  0
LINE
  5
B2A
330
253
100
AcDbEntity
  8
CONT
370
    25
100
AcDbLine
 10
-2025.409667686399
 20
-4375.801450356791
 30
0.0
 11
-2026.111047447997
 21
-4376.291245570424
 31
0.0
  0
LINE
  5
B2B
330
253
100
AcDbEntity
  8
CONT
370
    25
100
AcDbLine
 10
-2026.111047447997
 20
-4376.291245570424
 30
0.0
 11
-2026.111047447997
 21
-4381.081855663725
 31
0.0
  0
LINE
  5
B2C
330
253
100
AcDbEntity
  8
CONT
370
    25
100
AcDbLine
 10
-2021.934840645867
 20
-4375.801450356791
 30
0.0
 11
-2021.233460884267
 21
-4376.291245570424
 31
0.0
  0
LINE
  5
B2D
330
253
100
AcDbEntity
  8
CONT
370
    25
100
AcDbLine
 10
-2021.233460884267
 20
-4376.291245570424
 30
0.0
 11
-2021.233460884267
 21
-4381.081855663725
 31
0.0
  0
LINE
  5
B2E
330
253
100
AcDbEntity
  8
CONT
370
    25
100
AcDbLine
 10
-2026.111047447997
 20
-4381.081855663725
 30
0.0
 11
-2021.233460884267
 21
-4381.081855663725
 31
0.0
  0
LINE
  5
B2F
330
253
100
AcDbEntity
  8
CONT
370
    25
100
AcDbLine
 10
-1982.373066163591
 20
-4371.223301176645
 30
0.0
 11
-1981.088865248867
 21
-4371.223301176645
 31
0.0
  0
LINE
  5
B30
330
253
100
AcDbEntity
  8
CONT
370
    25
100
AcDbLine
 10
-1981.088865248867
 20
-4371.223301176645
 30
0.0
 11
-1981.088865248867
 21
-4372.839931576646
 31
0.0
  0
LINE
  5
B31
330
253
100
AcDbEntity
  8
CONT
370
    25
100
AcDbLine
 10
-1981.088865248867
 20
-4372.839931576646
 30
0.0
 11
-1993.234822316139
 21
-4372.839931576646
 31
0.0
  0
LINE
  5
B32
330
253
100
AcDbEntity
  8
CONT
370
    25
100
AcDbLine
 10
-1993.234822316139
 20
-4372.839931576646
 30
0.0
 11
-1994.339000231346
 21
-4371.223301176645
 31
0.0
  0
LINE
  5
B33
330
253
100
AcDbEntity
  8
CONT
370
    25
100
AcDbLine
 10
-1994.969094318647
 20
-4372.839931576646
 30
0.0
 11
-1976.959529255044
 21
-4372.839931576646
 31
0.0
  0
LINE
  5
B34
330
253
100
AcDbEntity
  8
CONT
370
    25
100
AcDbLine
 10
-1994.969094318647
 20
-4374.456561976646
 30
0.0
 11
-1976.959529255044
 21
-4374.456561976646
 31
0.0
  0
LINE
  5
B35
330
253
100
AcDbEntity
  8
CONT
370
    25
100
AcDbLine
 10
-1972.917953255044
 20
-4376.881507576648
 30
0.0
 11
-1972.917953255044
 21
-4411.580346168281
 31
0.0
  0
LINE
  5
B36
330
253
100
AcDbEntity
  8
CONT
370
    25
100
AcDbLine
 10
-1974.534583655044
 20
-4376.881507576648
 30
0.0
 11
-1974.534583655044
 21
-4411.580346168281
 31
0.0
  0
ARC
  5
B37
330
253
100
AcDbEntity
  8
CONT
370
    25
100
AcDbCircle
 10
-1976.959529255044
 20
-4376.881507576648
 30
0.0
 40
4.041576
100
AcDbArc
 50
0.0
 51
90.0
  0
ARC
  5
B38
330
253
100
AcDbEntity
  8
CONT
370
    25
100
AcDbCircle
 10
-1976.959529255044
 20
-4376.881507576648
 30
0.0
 40
2.4249456
100
AcDbArc
 50
0.0
 51
90.0
  0
LINE
  5
B39
330
253
100
AcDbEntity
  8
CONT
370
    25
100
AcDbLine
 10
-1994.969094318647
 20
-4372.839931576646
 30
0.0
 11
-1994.969094318647
 21
-4374.456561976648
 31
0.0
  0
LINE
  5
B3A
330
253
100
AcDbEntity
  8
CONT
370
    25
100
AcDbLine
 10
-1974.534583655044
 20
-4411.580346168281
 30
0.0
 11
-1972.917953255044
 21
-4411.580346168281
 31
0.0
  0
LINE
  5
B3B
330
253
100
AcDbEntity
  8
CONT
370
    25
100
AcDbLine
 10
-2059.186420501659
 20
-4376.075296518742
 30
0.0
 11
-2026.111047447997
 21
-4377.462755676066
 31
0.0
  0
LINE
  5
B3C
330
253
100
AcDbEntity
  8
CONT
370
    25
100
AcDbLine
 10
-2021.233460884267
 20
-4377.667362654571
 30
0.0
 11
-1988.056454610622
 21
-4379.059085163407
 31
0.0
  0
LINE
  5
B3D
330
253
100
AcDbEntity
  8
CONT
370
    25
100
AcDbLine
 10
-2060.59767231277
 20
-4378.443174968353
 30
0.0
 11
-2026.111047447997
 21
-4379.889833888756
 31
0.0
  0
LINE
  5
B3E
330
253
100
AcDbEntity
  8
CONT
370
    25
100
AcDbLine
 10
-2021.233460884267
 20
-4380.094440867265
 30
0.0
 11
-1986.848469239477
 21
-4381.536836436157
 31
0.0
  0
LINE
  5
B3F
330
253
100
AcDbEntity
  8
CONT
370
    25
100
AcDbLine
 10
-1988.056454610622
 20
-4379.059085163407
 30
0.0
 11
-1984.779833168344
 21
-4374.485119465144
 31
0.0
  0
LINE
  5
B40
330
253
100
AcDbEntity
  8
CONT
370
    25
100
AcDbLine
 10
-1986.848469239477
 20
-4381.536836436157
 30
0.0
 11
-1982.808512790634
 21
-4375.897301157202
 31
0.0
  0
LINE
  5
B41
330
253
100
AcDbEntity
  8
CONT
370
    25
100
AcDbLine
 10
-2059.186420501659
 20
-4376.075296518742
 30
0.0
 11
-2062.068463599906
 21
-4371.242984663665
 31
0.0
  0
LINE
  5
B42
330
253
100
AcDbEntity
  8
CONT
370
    25
100
AcDbLine
 10
-2060.597672312772
 20
-4378.443174968353
 30
0.0
 11
-2064.151127847908
 21
-4372.485108165196
 31
0.0
  0
LINE
  5
B43
330
253
100
AcDbEntity
  8
0
370
    25
100
AcDbLine
 10
-1982.808512790634
 20
-4375.897301157202
 30
0.0
 11
-1984.779833168344
 21
-4374.485119465144
 31
0.0
  0
LINE
  5
B44
330
253
100
AcDbEntity
  8
0
370
    25
100
AcDbLine
 10
-2064.151127847908
 20
-4372.485108165196
 30
0.0
 11
-2062.068463599906
 21
-4371.242984663665
 31
0.0
  0
LINE
  5
B45
330
253
100
AcDbEntity
  8
0
370
    25
100
AcDbLine
 10
-2026.851857371046
 20
-4377.431679881095
 30
0.0
 11
-2026.953490591032
 21
-4379.854494742275
 31
0.0
  0
LINE
  5
B46
330
253
100
AcDbEntity
  8
0
370
    25
100
AcDbLine
 10
-2031.697487093406
 20
-4377.228413441126
 30
0.0
 11
-2031.799120313392
 21
-4379.651228302305
 31
0.0
  0
LINE
  5
B47
330
253
100
AcDbEntity
  8
0
370
    25
100
AcDbLine
 10
-2020.391017741232
 20
-4377.702701801054
 30
0.0
 11
-2020.492650961218
 21
-4380.125516662235
 31
0.0
  0
LINE
  5
B48
330
253
100
AcDbEntity
  8
0
370
    25
100
AcDbLine
 10
-2015.545388018873
 20
-4377.905968241024
 30
0.0
 11
-2015.647021238858
 21
-4380.328783102204
 31
0.0
  0
LINE
  5
B49
330
253
100
AcDbEntity
  8
CONT
370
    25
100
AcDbLine
 10
-2026.111047447997
 20
-4380.72644006152
 30
0.0
 11
-2030.530849238654
 21
-4380.72644006152
 31
0.0
  0
LINE
  5
B4A
330
253
100
AcDbEntity
  8
CONT
370
    25
100
AcDbLine
 10
-2030.530849238654
 20
-4380.72644006152
 30
0.0
 11
-2030.530849238654
 21
-4381.308909438657
 31
0.0
  0
LINE
  5
B4B
330
253
100
AcDbEntity
  8
CONT
370
    25
100
AcDbLine
 10
-2030.530849238654
 20
-4381.308909438657
 30
0.0
 11
-2016.856293313358
 21
-4381.308909438657
 31
0.0
  0
LINE
  5
B4C
330
253
100
AcDbEntity
  8
CONT
370
    25
100
AcDbLine
 10
-2016.856293313358
 20
-4381.308909438657
 30
0.0
 11
-2016.813126617308
 21
-4380.27986684106
 31
0.0
  0
ARC
  5
B4D
330
253
100
AcDbEntity
  8
CONT
370
    25
100
AcDbCircle
 10
-2023.691934740946
 20
-4377.665926367034
 30
0.0
 40
5.200634252821846
100
AcDbArc
 50
224.4661877279396
 51
315.5338122720603
  0
MTEXT
  5
B4E
330
253
100
AcDbEntity
  8
CONT
100
AcDbMText
 10
-2102.300840955715
 20
-4400.041970936936
 30
0.0
 40
5.197500000000001
 41
14.86428794324001
 71
     1
 72
     5
  1
{\fTahoma|b0|i0|c0|p34;FASTENERS\P }
 73
     1
 44
1.0
1001
ACAD
1000
MTEXTBEGIN
1070
    73
1070
     1
1070
    44
1040
1.0
1070
    74
1070
     0
1000
MTEXTEND
  0
LINE
  5
B4F
330
253
100
AcDbEntity
  8
CONT
370
    25
100
AcDbLine
 10
-2063.459982024295
 20
-4402.864935888831
 30
0.0
 11
-2057.846314961166
 21
-4402.864935888831
 31
0.0
  0
LINE
  5
B50
330
253
100
AcDbEntity
  8
CONT
370
    25
100
AcDbLine
 10
-2057.846314961166
 20
-4402.864935888831
 30
0.0
 11
-2039.119586536435
 21
-4379.344146417529
 31
0.0
  0
MTEXT
  5
B51
330
253
100
AcDbEntity
  8
CONT
100
AcDbMText
 10
-2077.482613237578
 20
-4427.344005673076
 30
0.0
 40
5.197500000000001
 41
14.86428794324001
 71
     1
 72
     5
  1
{\fTahoma|b0|i0|c0|p34;SCREWS\P }
 73
     1
 44
1.0
1001
ACAD
1000
MTEXTBEGIN
1070
    73
1070
     1
1070
    44
1040
1.0
1070
    74
1070
     0
1000
MTEXTEND
  0
LINE
  5
B52
330
253
100
AcDbEntity
  8
CONT
370
    25
100
AcDbLine
 10
-2047.234171818814
 20
-4428.132491840389
 30
0.0
 11
-2041.604150763747
 21
-4428.132491840389
 31
0.0
  0
LINE
  5
B53
330
253
100
AcDbEntity
  8
CONT
370
    25
100
AcDbLine
 10
-2041.604150763747
 20
-4428.132491840389
 30
0.0
 11
-2025.376366100584
 21
-4382.586219816239
 31
0.0
  0
MTEXT
  5
B54
330
253
100
AcDbEntity
  8
CONT
100
AcDbMText
 10
-1945.571495534075
 20
-4343.446597441366
 30
0.0
 40
5.197500000000001
 41
14.86428794324001
 71
     1
 72
     5
  1
{\fTahoma|b0|i0|c0|p34;SINK\P }
 73
     1
 44
1.0
1001
ACAD
1000
MTEXTBEGIN
1070
    73
1070
     1
1070
    44
1040
1.0
1070
    74
1070
     0
1000
MTEXTEND
  0
LINE
  5
B55
330
253
100
AcDbEntity
  8
CONT
370
    25
100
AcDbLine
 10
-1974.101703458764
 20
-4374.023681780367
 30
0.0
 11
-1955.691874991833
 21
-4345.679730055159
 31
0.0
  0
LINE
  5
B56
330
253
100
AcDbEntity
  8
CONT
370
    25
100
AcDbLine
 10
-1955.691874991833
 20
-4345.679730055159
 30
0.0
 11
-1950.913416290434
 21
-4345.679730055159
 31
0.0
  0
ENDBLK
  5
2C4
330
253
100
AcDbEntity
  8
0
100
AcDbBlockEnd
  0
BLOCK
  5
2C6
330
2C5
100
AcDbEntity
  8
0
100
AcDbBlockBegin
  2
*D3
 70
     1
 10
0.0
 20
0.0
 30
0.0
  3
*D3
  1

  0
LINE
  5
2C7
330
2C5
100
AcDbEntity
  8
0
 62
     1
370
    -2
100
AcDbLine
 10
438.4954448117976
 20
584.957954003678
 30
0.0
 11
803.4891482509584
 21
584.957954003678
 31
0.0
  0
LINE
  5
2C8
330
2C5
100
AcDbEntity
  8
0
 62
     1
370
    -2
100
AcDbLine
 10
438.4954448117976
 20
192.657954003678
 30
0.0
 11
803.4891482509584
 21
192.657954003678
 31
0.0
  0
LINE
  5
2C9
330
2C5
100
AcDbEntity
  8
0
 62
     1
100
AcDbLine
 10
799.7391482509582
 20
577.4579540036777
 30
0.0
 11
799.7391482509582
 21
200.157954003678
 31
0.0
  0
SOLID
  5
2CA
330
2C5
100
AcDbEntity
  8
0
 62
     1
100
AcDbTrace
 10
800.9891482509582
 20
577.4579540036777
 30
0.0
 11
798.4891482509582
 21
577.4579540036777
 31
0.0
 12
799.7391482509582
 22
584.957954003678
 32
0.0
 13
799.7391482509582
 23
584.957954003678
 33
0.0
  0
SOLID
  5
2CB
330
2C5
100
AcDbEntity
  8
0
 62
     1
100
AcDbTrace
 10
798.4891482509582
 20
200.157954003678
 30
0.0
 11
800.9891482509582
 21
200.157954003678
 31
0.0
 12
799.7391482509582
 22
192.657954003678
 32
0.0
 13
799.7391482509582
 23
192.657954003678
 33
0.0
  0
MTEXT
  5
2CC
330
2C5
100
AcDbEntity
  8
0
 62
     3
370
     0
100
AcDbMText
 10
788.4891482509582
 20
388.807954003678
 30
0.0
 40
10.5
 41
0.0
 71
     5
 72
     1
  1
392.3mm [15 7/16"]
  7
DIM
 11
0.0
 21
1.0
 31
0.0
 73
     1
 44
1.0
1001
ACAD
1000
MTEXTBEGIN
1070
    73
1070
     1
1070
    44
1040
1.0
1070
    74
1070
     0
1000
MTEXTEND
  0
POINT
  5
2CD
330
2C5
100
AcDbEntity
  8
Defpoints
 62
     0
100
AcDbPoint
 10
436.6204448117976
 20
584.957954003678
 30
0.0
  0
POINT
  5
2CE
330
2C5
100
AcDbEntity
  8
Defpoints
 62
     0
100
AcDbPoint
 10
436.6204448117976
 20
192.657954003678
 30
0.0
  0
POINT
  5
2CF
330
2C5
100
AcDbEntity
  8
Defpoints
 62
     0
100
AcDbPoint
 10
799.7391482509582
 20
192.657954003678
 30
0.0
  0
ENDBLK
  5
2D0
330
2C5
100
AcDbEntity
  8
0
100
AcDbBlockEnd
  0
BLOCK
  5
2D2
330
2D1
100
AcDbEntity
  8
0
100
AcDbBlockBegin
  2
*D4
 70
     1
 10
0.0
 20
0.0
 30
0.0
  3
*D4
  1

  0
LINE
  5
2D3
330
2D1
100
AcDbEntity
  8
0
 62
     1
370
    -2
100
AcDbLine
 10
438.4954448117976
 20
591.307954003678
 30
0.0
 11
837.0399046991513
 21
591.307954003678
 31
0.0
  0
LINE
  5
2D4
330
2D1
100
AcDbEntity
  8
0
 62
     1
370
    -2
100
AcDbLine
 10
438.4954448117976
 20
186.307954003678
 30
0.0
 11
837.0399046991513
 21
186.307954003678
 31
0.0
  0
LINE
  5
2D5
330
2D1
100
AcDbEntity
  8
0
 62
     1
100
AcDbLine
 10
833.2899046991512
 20
583.807954003678
 30
0.0
 11
833.2899046991512
 21
193.8079540036779
 31
0.0
  0
SOLID
  5
2D6
330
2D1
100
AcDbEntity
  8
0
 62
     1
100
AcDbTrace
 10
834.5399046991513
 20
583.807954003678
 30
0.0
 11
832.0399046991513
 21
583.807954003678
 31
0.0
 12
833.2899046991512
 22
591.307954003678
 32
0.0
 13
833.2899046991512
 23
591.307954003678
 33
0.0
  0
SOLID
  5
2D7
330
2D1
100
AcDbEntity
  8
0
 62
     1
100
AcDbTrace
 10
832.0399046991513
 20
193.8079540036779
 30
0.0
 11
834.5399046991513
 21
193.8079540036779
 31
0.0
 12
833.2899046991512
 22
186.3079540036779
 32
0.0
 13
833.2899046991512
 23
186.3079540036779
 33
0.0
  0
MTEXT
  5
2D8
330
2D1
100
AcDbEntity
  8
0
 62
     3
370
     0
100
AcDbMText
 10
822.0399046991513
 20
388.807954003678
 30
0.0
 40
10.5
 41
0.0
 71
     5
 72
     1
  1
405mm [15 15/16"]
  7
DIM
 11
0.0
 21
1.0
 31
0.0
 73
     1
 44
1.0
1001
ACAD
1000
MTEXTBEGIN
1070
    73
1070
     1
1070
    44
1040
1.0
1070
    74
1070
     0
1000
MTEXTEND
  0
POINT
  5
2D9
330
2D1
100
AcDbEntity
  8
Defpoints
 62
     0
100
AcDbPoint
 10
436.6204448117976
 20
591.307954003678
 30
0.0
  0
POINT
  5
2DA
330
2D1
100
AcDbEntity
  8
Defpoints
 62
     0
100
AcDbPoint
 10
436.6204448117976
 20
186.307954003678
 30
0.0
  0
POINT
  5
2DB
330
2D1
100
AcDbEntity
  8
Defpoints
 62
     0
100
AcDbPoint
 10
833.2899046991512
 20
186.3079540036779
 30
0.0
  0
ENDBLK
  5
2DC
330
2D1
100
AcDbEntity
  8
0
100
AcDbBlockEnd
  0
BLOCK
  5
2DE
330
2DD
100
AcDbEntity
  8
0
100
AcDbBlockBegin
  2
*D5
 70
     1
 10
0.0
 20
0.0
 30
0.0
  3
*D5
  1

  0
LINE
  5
2DF
330
2DD
100
AcDbEntity
  8
0
 62
     1
370
    -2
100
AcDbLine
 10
438.4954448117976
 20
597.657954003678
 30
0.0
 11
875.7290652880588
 21
597.657954003678
 31
0.0
  0
LINE
  5
2E0
330
2DD
100
AcDbEntity
  8
0
 62
     1
370
    -2
100
AcDbLine
 10
438.4954448117976
 20
179.957954003678
 30
0.0
 11
875.7290652880588
 21
179.957954003678
 31
0.0
  0
LINE
  5
2E1
330
2DD
100
AcDbEntity
  8
0
 62
     1
100
AcDbLine
 10
871.9790652880588
 20
590.157954003678
 30
0.0
 11
871.9790652880588
 21
187.4579540036779
 31
0.0
  0
SOLID
  5
2E2
330
2DD
100
AcDbEntity
  8
0
 62
     1
100
AcDbTrace
 10
873.2290652880587
 20
590.157954003678
 30
0.0
 11
870.7290652880587
 21
590.157954003678
 31
0.0
 12
871.9790652880588
 22
597.657954003678
 32
0.0
 13
871.9790652880588
 23
597.657954003678
 33
0.0
  0
SOLID
  5
2E3
330
2DD
100
AcDbEntity
  8
0
 62
     1
100
AcDbTrace
 10
870.7290652880587
 20
187.4579540036779
 30
0.0
 11
873.2290652880587
 21
187.4579540036779
 31
0.0
 12
871.9790652880588
 22
179.9579540036779
 32
0.0
 13
871.9790652880588
 23
179.9579540036779
 33
0.0
  0
MTEXT
  5
2E4
330
2DD
100
AcDbEntity
  8
0
 62
     3
370
     0
100
AcDbMText
 10
860.7290652880587
 20
388.807954003678
 30
0.0
 40
10.5
 41
0.0
 71
     5
 72
     1
  1
417.7mm [16 7/16"]
  7
DIM
 11
0.0
 21
1.0
 31
0.0
 73
     1
 44
1.0
1001
ACAD
1000
MTEXTBEGIN
1070
    73
1070
     1
1070
    44
1040
1.0
1070
    74
1070
     0
1000
MTEXTEND
  0
POINT
  5
2E5
330
2DD
100
AcDbEntity
  8
Defpoints
 62
     0
100
AcDbPoint
 10
436.6204448117976
 20
597.657954003678
 30
0.0
  0
POINT
  5
2E6
330
2DD
100
AcDbEntity
  8
Defpoints
 62
     0
100
AcDbPoint
 10
436.6204448117976
 20
179.957954003678
 30
0.0
  0
POINT
  5
2E7
330
2DD
100
AcDbEntity
  8
Defpoints
 62
     0
100
AcDbPoint
 10
871.9790652880588
 20
179.9579540036779
 30
0.0
  0
ENDBLK
  5
2E8
330
2DD
100
AcDbEntity
  8
0
100
AcDbBlockEnd
  0
BLOCK
  5
2EA
330
2E9
100
AcDbEntity
  8
0
100
AcDbBlockBegin
  2
*D6
 70
     1
 10
0.0
 20
0.0
 30
0.0
  3
*D6
  1

  0
LINE
  5
2EB
330
2E9
100
AcDbEntity
  8
0
 62
     1
370
    -2
100
AcDbLine
 10
123.9704448117976
 20
390.682954003678
 30
0.0
 11
123.9704448117976
 21
637.0939801729353
 31
0.0
  0
LINE
  5
2EC
330
2E9
100
AcDbEntity
  8
0
 62
     1
370
    -2
100
AcDbLine
 10
749.2704448117972
 20
390.682954003678
 30
0.0
 11
749.2704448117972
 21
637.0939801729353
 31
0.0
  0
LINE
  5
2ED
330
2E9
100
AcDbEntity
  8
0
 62
     1
100
AcDbLine
 10
131.4704448117976
 20
633.3439801729353
 30
0.0
 11
741.7704448117972
 21
633.3439801729353
 31
0.0
  0
SOLID
  5
2EE
330
2E9
100
AcDbEntity
  8
0
 62
     1
100
AcDbTrace
 10
131.4704448117976
 20
634.5939801729352
 30
0.0
 11
131.4704448117976
 21
632.0939801729353
 31
0.0
 12
123.9704448117976
 22
633.3439801729353
 32
0.0
 13
123.9704448117976
 23
633.3439801729353
 33
0.0
  0
SOLID
  5
2EF
330
2E9
100
AcDbEntity
  8
0
 62
     1
100
AcDbTrace
 10
741.7704448117972
 20
632.0939801729353
 30
0.0
 11
741.7704448117972
 21
634.5939801729352
 31
0.0
 12
749.2704448117972
 22
633.3439801729353
 32
0.0
 13
749.2704448117972
 23
633.3439801729353
 33
0.0
  0
MTEXT
  5
2F0
330
2E9
100
AcDbEntity
  8
0
 62
     3
370
     0
100
AcDbMText
 10
436.6204448117975
 20
644.5939801729353
 30
0.0
 40
10.5
 41
0.0
 71
     5
 72
     1
  1
625.3mm [24 5/8"]
  7
DIM
 73
     1
 44
1.0
1001
ACAD
1000
MTEXTBEGIN
1070
    73
1070
     1
1070
    44
1040
1.0
1070
    74
1070
     0
1000
MTEXTEND
  0
POINT
  5
2F1
330
2E9
100
AcDbEntity
  8
Defpoints
 62
     0
100
AcDbPoint
 10
123.9704448117976
 20
388.807954003678
 30
0.0
  0
POINT
  5
2F2
330
2E9
100
AcDbEntity
  8
Defpoints
 62
     0
100
AcDbPoint
 10
749.2704448117972
 20
388.807954003678
 30
0.0
  0
POINT
  5
2F3
330
2E9
100
AcDbEntity
  8
Defpoints
 62
     0
100
AcDbPoint
 10
749.2704448117972
 20
633.3439801729353
 30
0.0
  0
ENDBLK
  5
2F4
330
2E9
100
AcDbEntity
  8
0
100
AcDbBlockEnd
  0
BLOCK
  5
2F6
330
2F5
100
AcDbEntity
  8
0
100
AcDbBlockBegin
  2
*D7
 70
     1
 10
0.0
 20
0.0
 30
0.0
  3
*D7
  1

  0
LINE
  5
2F7
330
2F5
100
AcDbEntity
  8
0
 62
     1
370
    -2
100
AcDbLine
 10
117.6204448117976
 20
390.682954003678
 30
0.0
 11
117.6204448117976
 21
667.7650893006036
 31
0.0
  0
LINE
  5
2F8
330
2F5
100
AcDbEntity
  8
0
 62
     1
370
    -2
100
AcDbLine
 10
755.6204448117971
 20
390.682954003678
 30
0.0
 11
755.6204448117971
 21
667.7650893006036
 31
0.0
  0
LINE
  5
2F9
330
2F5
100
AcDbEntity
  8
0
 62
     1
100
AcDbLine
 10
125.1204448117976
 20
664.0150893006037
 30
0.0
 11
748.1204448117976
 21
664.0150893006037
 31
0.0
  0
SOLID
  5
2FA
330
2F5
100
AcDbEntity
  8
0
 62
     1
100
AcDbTrace
 10
125.1204448117976
 20
665.2650893006036
 30
0.0
 11
125.1204448117976
 21
662.7650893006037
 31
0.0
 12
117.6204448117976
 22
664.0150893006037
 32
0.0
 13
117.6204448117976
 23
664.0150893006037
 33
0.0
  0
SOLID
  5
2FB
330
2F5
100
AcDbEntity
  8
0
 62
     1
100
AcDbTrace
 10
748.1204448117976
 20
662.7650893006037
 30
0.0
 11
748.1204448117976
 21
665.2650893006036
 31
0.0
 12
755.6204448117971
 22
664.0150893006037
 32
0.0
 13
755.6204448117971
 23
664.0150893006037
 33
0.0
  0
MTEXT
  5
2FC
330
2F5
100
AcDbEntity
  8
0
 62
     3
370
     0
100
AcDbMText
 10
436.6204448117976
 20
675.2650893006037
 30
0.0
 40
10.5
 41
0.0
 71
     5
 72
     1
  1
638mm [25 1/8"]
  7
DIM
 73
     1
 44
1.0
1001
ACAD
1000
MTEXTBEGIN
1070
    73
1070
     1
1070
    44
1040
1.0
1070
    74
1070
     0
1000
MTEXTEND
  0
POINT
  5
2FD
330
2F5
100
AcDbEntity
  8
Defpoints
 62
     0
100
AcDbPoint
 10
117.6204448117976
 20
388.807954003678
 30
0.0
  0
POINT
  5
2FE
330
2F5
100
AcDbEntity
  8
Defpoints
 62
     0
100
AcDbPoint
 10
755.6204448117971
 20
388.807954003678
 30
0.0
  0
POINT
  5
2FF
330
2F5
100
AcDbEntity
  8
Defpoints
 62
     0
100
AcDbPoint
 10
755.6204448117971
 20
664.0150893006037
 30
0.0
  0
ENDBLK
  5
300
330
2F5
100
AcDbEntity
  8
0
100
AcDbBlockEnd
  0
BLOCK
  5
302
330
301
100
AcDbEntity
  8
0
100
AcDbBlockBegin
  2
*D8
 70
     1
 10
0.0
 20
0.0
 30
0.0
  3
*D8
  1

  0
LINE
  5
303
330
301
100
AcDbEntity
  8
0
 62
     1
370
    -2
100
AcDbLine
 10
111.2704448117975
 20
390.682954003678
 30
0.0
 11
111.2704448117975
 21
696.6438474992239
 31
0.0
  0
LINE
  5
304
330
301
100
AcDbEntity
  8
0
 62
     1
370
    -2
100
AcDbLine
 10
761.9704448117978
 20
390.682954003678
 30
0.0
 11
761.9704448117978
 21
696.6438474992239
 31
0.0
  0
LINE
  5
305
330
301
100
AcDbEntity
  8
0
 62
     1
100
AcDbLine
 10
118.7704448117975
 20
692.8938474992239
 30
0.0
 11
754.4704448117978
 21
692.8938474992239
 31
0.0
  0
SOLID
  5
306
330
301
100
AcDbEntity
  8
0
 62
     1
100
AcDbTrace
 10
118.7704448117975
 20
694.1438474992239
 30
0.0
 11
118.7704448117975
 21
691.6438474992239
 31
0.0
 12
111.2704448117975
 22
692.8938474992239
 32
0.0
 13
111.2704448117975
 23
692.8938474992239
 33
0.0
  0
SOLID
  5
307
330
301
100
AcDbEntity
  8
0
 62
     1
100
AcDbTrace
 10
754.4704448117978
 20
691.6438474992239
 30
0.0
 11
754.4704448117978
 21
694.1438474992239
 31
0.0
 12
761.9704448117978
 22
692.8938474992239
 32
0.0
 13
761.9704448117978
 23
692.8938474992239
 33
0.0
  0
MTEXT
  5
308
330
301
100
AcDbEntity
  8
0
 62
     3
370
     0
100
AcDbMText
 10
436.6204448117976
 20
704.1438474992239
 30
0.0
 40
10.5
 41
0.0
 71
     5
 72
     1
  1
650.7mm [25 5/8"]
  7
DIM
 73
     1
 44
1.0
1001
ACAD
1000
MTEXTBEGIN
1070
    73
1070
     1
1070
    44
1040
1.0
1070
    74
1070
     0
1000
MTEXTEND
  0
POINT
  5
309
330
301
100
AcDbEntity
  8
Defpoints
 62
     0
100
AcDbPoint
 10
111.2704448117975
 20
388.807954003678
 30
0.0
  0
POINT
  5
30A
330
301
100
AcDbEntity
  8
Defpoints
 62
     0
100
AcDbPoint
 10
761.9704448117978
 20
388.807954003678
 30
0.0
  0
POINT
  5
30B
330
301
100
AcDbEntity
  8
Defpoints
 62
     0
100
AcDbPoint
 10
761.9704448117978
 20
692.8938474992239
 30
0.0
  0
ENDBLK
  5
30C
330
301
100
AcDbEntity
  8
0
100
AcDbBlockEnd
  0
BLOCK
  5
30E
330
30D
100
AcDbEntity
  8
0
100
AcDbBlockBegin
  2
*D9
 70
     1
 10
0.0
 20
0.0
 30
0.0
  3
*D9
  1

  0
LINE
  5
30F
330
30D
100
AcDbEntity
  8
0
 62
     1
370
    -2
100
AcDbLine
 10
117.6204448117976
 20
390.682954003678
 30
0.0
 11
117.6204448117976
 21
392.557954003678
 31
0.0
  0
LINE
  5
310
330
30D
100
AcDbEntity
  8
0
 62
     1
370
    -2
100
AcDbLine
 10
111.2704448117975
 20
390.682954003678
 30
0.0
 11
111.2704448117975
 21
392.557954003678
 31
0.0
  0
LINE
  5
311
330
30D
100
AcDbEntity
  8
0
 62
     1
100
AcDbLine
 10
103.7704448117976
 20
388.807954003678
 30
0.0
 11
5.870444811797597
 21
388.807954003678
 31
0.0
  0
LINE
  5
312
330
30D
100
AcDbEntity
  8
0
 62
     1
100
AcDbLine
 10
125.1204448117976
 20
388.807954003678
 30
0.0
 11
132.6204448117976
 21
388.807954003678
 31
0.0
  0
SOLID
  5
313
330
30D
100
AcDbEntity
  8
0
 62
     1
100
AcDbTrace
 10
125.1204448117976
 20
390.057954003678
 30
0.0
 11
125.1204448117976
 21
387.557954003678
 31
0.0
 12
117.6204448117976
 22
388.807954003678
 32
0.0
 13
117.6204448117976
 23
388.807954003678
 33
0.0
  0
SOLID
  5
314
330
30D
100
AcDbEntity
  8
0
 62
     1
100
AcDbTrace
 10
103.7704448117976
 20
387.557954003678
 30
0.0
 11
103.7704448117976
 21
390.057954003678
 31
0.0
 12
111.2704448117975
 22
388.807954003678
 32
0.0
 13
111.2704448117975
 23
388.807954003678
 33
0.0
  0
MTEXT
  5
315
330
30D
100
AcDbEntity
  8
0
 62
     3
370
     0
100
AcDbMText
 10
51.07044481179759
 20
400.0579540036778
 30
0.0
 40
10.5
 41
0.0
 71
     5
 72
     1
  1
6.35mm [1/4"]
  7
DIM
 73
     1
 44
1.0
1001
ACAD
1000
MTEXTBEGIN
1070
    73
1070
     1
1070
    44
1040
1.0
1070
    74
1070
     0
1000
MTEXTEND
  0
POINT
  5
316
330
30D
100
AcDbEntity
  8
Defpoints
 62
     0
100
AcDbPoint
 10
117.6204448117976
 20
388.807954003678
 30
0.0
  0
POINT
  5
317
330
30D
100
AcDbEntity
  8
Defpoints
 62
     0
100
AcDbPoint
 10
111.2704448117975
 20
388.807954003678
 30
0.0
  0
POINT
  5
318
330
30D
100
AcDbEntity
  8
Defpoints
 62
     0
100
AcDbPoint
 10
111.2704448117975
 20
388.807954003678
 30
0.0
  0
ENDBLK
  5
319
330
30D
100
AcDbEntity
  8
0
100
AcDbBlockEnd
  0
BLOCK
  5
31B
330
31A
100
AcDbEntity
  8
0
100
AcDbBlockBegin
  2
*D10
 70
     1
 10
0.0
 20
0.0
 30
0.0
  3
*D10
  1

  0
LINE
  5
31C
330
31A
100
AcDbEntity
  8
0
 62
     1
370
    -2
100
AcDbLine
 10
137.6204448117976
 20
390.682954003678
 30
0.0
 11
137.6204448117976
 21
418.998404311528
 31
0.0
  0
LINE
  5
31D
330
31A
100
AcDbEntity
  8
0
 62
     1
370
    -2
100
AcDbLine
 10
117.6204448117976
 20
390.682954003678
 30
0.0
 11
117.6204448117976
 21
418.998404311528
 31
0.0
  0
LINE
  5
31E
330
31A
100
AcDbEntity
  8
0
 62
     1
100
AcDbLine
 10
110.1204448117976
 20
415.248404311528
 30
0.0
 11
10.99544481179759
 21
415.248404311528
 31
0.0
  0
LINE
  5
31F
330
31A
100
AcDbEntity
  8
0
 62
     1
100
AcDbLine
 10
145.1204448117976
 20
415.248404311528
 30
0.0
 11
152.6204448117976
 21
415.248404311528
 31
0.0
  0
SOLID
  5
320
330
31A
100
AcDbEntity
  8
0
 62
     1
100
AcDbTrace
 10
145.1204448117976
 20
416.498404311528
 30
0.0
 11
145.1204448117976
 21
413.998404311528
 31
0.0
 12
137.6204448117976
 22
415.248404311528
 32
0.0
 13
137.6204448117976
 23
415.248404311528
 33
0.0
  0
SOLID
  5
321
330
31A
100
AcDbEntity
  8
0
 62
     1
100
AcDbTrace
 10
110.1204448117976
 20
413.998404311528
 30
0.0
 11
110.1204448117976
 21
416.498404311528
 31
0.0
 12
117.6204448117976
 22
415.248404311528
 32
0.0
 13
117.6204448117976
 23
415.248404311528
 33
0.0
  0
MTEXT
  5
322
330
31A
100
AcDbEntity
  8
0
 62
     3
370
     0
100
AcDbMText
 10
56.80794481179759
 20
426.498404311528
 30
0.0
 40
10.5
 41
0.0
 71
     5
 72
     1
  1
20mm [13/16"]
  7
DIM
 73
     1
 44
1.0
1001
ACAD
1000
MTEXTBEGIN
1070
    73
1070
     1
1070
    44
1040
1.0
1070
    74
1070
     0
1000
MTEXTEND
  0
POINT
  5
323
330
31A
100
AcDbEntity
  8
Defpoints
 62
     0
100
AcDbPoint
 10
137.6204448117976
 20
388.807954003678
 30
0.0
  0
POINT
  5
324
330
31A
100
AcDbEntity
  8
Defpoints
 62
     0
100
AcDbPoint
 10
117.6204448117976
 20
388.807954003678
 30
0.0
  0
POINT
  5
325
330
31A
100
AcDbEntity
  8
Defpoints
 62
     0
100
AcDbPoint
 10
117.6204448117976
 20
415.248404311528
 30
0.0
  0
ENDBLK
  5
326
330
31A
100
AcDbEntity
  8
0
100
AcDbBlockEnd
  0
BLOCK
  5
328
330
327
100
AcDbEntity
  8
0
100
AcDbBlockBegin
  2
VDL
 70
     0
 10
0.0
 20
0.0
 30
0.0
  3
VDL
  1

  0
LWPOLYLINE
  5
329
330
327
100
AcDbEntity
  8
0
100
AcDbPolyline
 90
        8
 70
     1
 43
0.0
 10
1262.18803151547
 20
58.96222785913982
 10
1704.18803151547
 20
58.96222785913982
 42
0.4142135623730951
 10
1827.18803151547
 20
181.9622278591398
 10
1827.18803151547
 20
390.9622278591399
 42
0.4142135623730951
 10
1704.18803151547
 20
513.9622278591398
 10
1262.18803151547
 20
513.9622278591398
 42
0.4142135623730951
 10
1139.18803151547
 20
390.9622278591399
 10
1139.18803151547
 20
181.9622278591398
 42
0.4142135623730951
  0
LWPOLYLINE
  5
32A
330
327
100
AcDbEntity
  8
0
100
AcDbPolyline
 90
        8
 70
     1
 43
0.0
 10
1262.18803151547
 20
83.96222785913982
 10
1704.18803151547
 20
83.96222785913982
 42
0.4142135623730951
 10
1802.18803151547
 20
181.9622278591398
 10
1802.18803151547
 20
390.9622278591399
 42
0.4142135623730951
 10
1704.18803151547
 20
488.9622278591398
 10
1262.18803151547
 20
488.9622278591398
 42
0.4142135623730951
 10
1164.18803151547
 20
390.9622278591399
 10
1164.18803151547
 20
181.9622278591398
 42
0.4142135623730951
  0
CIRCLE
  5
32B
330
327
100
AcDbEntity
  8
0
100
AcDbCircle
 10
1483.139259326164
 20
352.4622278591398
 30
0.0
 40
57.0
  0
CIRCLE
  5
32C
330
327
100
AcDbEntity
  8
0
100
AcDbCircle
 10
1483.014888541854
 20
352.4622278591398
 30
0.0
 40
45.0
  0
CIRCLE
  5
32D
330
327
100
AcDbEntity
  8
0
100
AcDbCircle
 10
1482.917344163242
 20
352.4622278591398
 30
0.0
 40
62.5
  0
DIMENSION
  5
32E
330
327
100
AcDbEntity
  8
0
370
     0
100
AcDbDimension
  2
*D13
 10
1802.18803151547
 20
-1.166711866680085
 30
0.0
 11
1483.18803151547
 21
25.08328813331991
 31
0.0
 71
     5
 42
637.9999999999999
  3
Copy of mm+in
100
AcDbAlignedDimension
 13
1164.18803151547
 23
286.4622278591398
 33
0.0
 14
1802.18803151547
 24
286.4622278591398
 34
0.0
 50
0.0
100
AcDbRotatedDimension
  0
DIMENSION
  5
32F
330
327
100
AcDbEntity
  8
0
370
     0
100
AcDbDimension
  2
*D14
 10
1827.18803151547
 20
-47.59370457336955
 30
0.0
 11
1483.18803151547
 21
-21.34370457336956
 31
0.0
 71
     5
 42
687.9999999999999
  3
Copy of mm+in
100
AcDbAlignedDimension
 13
1139.18803151547
 23
286.4622278591398
 33
0.0
 14
1827.18803151547
 24
286.4622278591398
 34
0.0
 50
0.0
100
AcDbRotatedDimension
  0
DIMENSION
  5
330
330
327
100
AcDbEntity
  8
0
370
     0
100
AcDbDimension
  2
*D15
 10
1935.590910696095
 20
58.96222785913979
 30
0.0
 11
1909.340910696094
 21
286.4622278591398
 31
0.0
 71
     5
 42
454.9999999999998
  3
Copy of mm+in
100
AcDbAlignedDimension
 13
1483.18803151547
 23
513.9622278591398
 33
0.0
 14
1483.18803151547
 24
58.96222785913982
 34
0.0
 50
90.0
100
AcDbRotatedDimension
  0
DIMENSION
  5
331
330
327
100
AcDbEntity
  8
0
370
     0
100
AcDbDimension
  2
*D16
 10
1886.584640616812
 20
83.9622278591398
 30
0.0
 11
1860.334640616812
 21
286.4622278591398
 31
0.0
 71
     5
 42
404.9999999999998
  3
Copy of mm+in
100
AcDbAlignedDimension
 13
1483.18803151547
 23
488.9622278591398
 33
0.0
 14
1483.18803151547
 24
83.96222785913982
 34
0.0
 50
90.0
100
AcDbRotatedDimension
  0
ENDBLK
  5
332
330
327
100
AcDbEntity
  8
0
100
AcDbBlockEnd
  0
BLOCK
  5
334
330
333
100
AcDbEntity
  8
0
100
AcDbBlockBegin
  2
*D12
 70
     1
 10
0.0
 20
0.0
 30
0.0
  3
*D12
  1

  0
LINE
  5
335
330
333
100
AcDbEntity
  8
0
 62
     1
100
AcDbLine
 10
11.72090869472467
 20
355.0095593555628
 30
0.0
 11
101.0209086947247
 21
355.0095593555628
 31
0.0
  0
LINE
  5
336
330
333
100
AcDbEntity
  8
0
 62
     1
100
AcDbLine
 10
101.0209086947247
 20
355.0095593555628
 30
0.0
 11
130.2738319008883
 21
382.0236133034137
 31
0.0
  0
MTEXT
  5
337
330
333
100
AcDbEntity
  8
0
 62
     3
370
     0
100
AcDbMText
 10
53.37090869472469
 20
366.2595593555628
 30
0.0
 40
10.5
 41
0.0
 71
     5
 72
     1
  1
\U+22055mm [\U+22053/16"]
  7
DIM
 73
     1
 44
1.0
1001
ACAD
1000
MTEXTBEGIN
1070
    73
1070
     1
1070
    44
1040
1.0
1070
    74
1070
     0
1000
MTEXTEND
  0
SOLID
  5
338
330
333
100
AcDbEntity
  8
0
 62
     1
100
AcDbTrace
 10
131.1218744884214
 20
381.1052866895501
 30
0.0
 11
129.4257893133553
 21
382.9419399172774
 31
0.0
 12
135.7837915840703
 22
387.1118688286119
 32
0.0
 13
135.7837915840703
 23
387.1118688286119
 33
0.0
  0
POINT
  5
339
330
333
100
AcDbEntity
  8
Defpoints
 62
     0
100
AcDbPoint
 10
135.7837915840703
 20
387.1118688286119
 30
0.0
  0
POINT
  5
33A
330
333
100
AcDbEntity
  8
Defpoints
 62
     0
100
AcDbPoint
 10
139.4570980395249
 20
390.5040391787441
 30
0.0
  0
ENDBLK
  5
33B
330
333
100
AcDbEntity
  8
0
100
AcDbBlockEnd
  0
BLOCK
  5
33D
330
33C
100
AcDbEntity
  8
0
100
AcDbBlockBegin
  2
*D13
 70
     1
 10
0.0
 20
0.0
 30
0.0
  3
*D13
  1

  0
LINE
  5
33E
330
33C
100
AcDbEntity
  8
0
 62
     1
370
    -2
100
AcDbLine
 10
1164.18803151547
 20
282.0872278591398
 30
0.0
 11
1164.18803151547
 21
-9.916711866680088
 31
0.0
  0
LINE
  5
33F
330
33C
100
AcDbEntity
  8
0
 62
     1
370
    -2
100
AcDbLine
 10
1802.18803151547
 20
282.0872278591398
 30
0.0
 11
1802.18803151547
 21
-9.916711866680088
 31
0.0
  0
LINE
  5
340
330
33C
100
AcDbEntity
  8
0
 62
     1
100
AcDbLine
 10
1181.68803151547
 20
-1.166711866680085
 30
0.0
 11
1784.68803151547
 21
-1.166711866680085
 31
0.0
  0
SOLID
  5
341
330
33C
100
AcDbEntity
  8
0
 62
     1
100
AcDbTrace
 10
1181.68803151547
 20
1.749954799986577
 30
0.0
 11
1181.68803151547
 21
-4.083378533346754
 31
0.0
 12
1164.18803151547
 22
-1.166711866680085
 32
0.0
 13
1164.18803151547
 23
-1.166711866680085
 33
0.0
  0
SOLID
  5
342
330
33C
100
AcDbEntity
  8
0
 62
     1
100
AcDbTrace
 10
1784.68803151547
 20
-4.083378533346754
 30
0.0
 11
1784.68803151547
 21
1.749954799986577
 31
0.0
 12
1802.18803151547
 22
-1.166711866680085
 32
0.0
 13
1802.18803151547
 23
-1.166711866680085
 33
0.0
  0
MTEXT
  5
343
330
33C
100
AcDbEntity
  8
0
 62
     3
370
     0
100
AcDbMText
 10
1483.18803151547
 20
25.08328813331991
 30
0.0
 40
24.5
 41
0.0
 71
     5
 72
     1
  1
638mm [25 1/8"]
  7
DIM
 73
     1
 44
1.0
1001
ACAD
1000
MTEXTBEGIN
1070
    73
1070
     1
1070
    44
1040
1.0
1070
    74
1070
     0
1000
MTEXTEND
  0
POINT
  5
344
330
33C
100
AcDbEntity
  8
Defpoints
 62
     0
100
AcDbPoint
 10
1164.18803151547
 20
286.4622278591398
 30
0.0
  0
POINT
  5
345
330
33C
100
AcDbEntity
  8
Defpoints
 62
     0
100
AcDbPoint
 10
1802.18803151547
 20
286.4622278591398
 30
0.0
  0
POINT
  5
346
330
33C
100
AcDbEntity
  8
Defpoints
 62
     0
100
AcDbPoint
 10
1802.18803151547
 20
-1.166711866680085
 30
0.0
  0
ENDBLK
  5
347
330
33C
100
AcDbEntity
  8
0
100
AcDbBlockEnd
  0
BLOCK
  5
349
330
348
100
AcDbEntity
  8
0
100
AcDbBlockBegin
  2
*D14
 70
     1
 10
0.0
 20
0.0
 30
0.0
  3
*D14
  1

  0
LINE
  5
34A
330
348
100
AcDbEntity
  8
0
 62
     1
370
    -2
100
AcDbLine
 10
1139.18803151547
 20
282.0872278591398
 30
0.0
 11
1139.18803151547
 21
-56.34370457336956
 31
0.0
  0
LINE
  5
34B
330
348
100
AcDbEntity
  8
0
 62
     1
370
    -2
100
AcDbLine
 10
1827.18803151547
 20
282.0872278591398
 30
0.0
 11
1827.18803151547
 21
-56.34370457336956
 31
0.0
  0
LINE
  5
34C
330
348
100
AcDbEntity
  8
0
 62
     1
100
AcDbLine
 10
1156.68803151547
 20
-47.59370457336955
 30
0.0
 11
1809.68803151547
 21
-47.59370457336955
 31
0.0
  0
SOLID
  5
34D
330
348
100
AcDbEntity
  8
0
 62
     1
100
AcDbTrace
 10
1156.68803151547
 20
-44.6770379067029
 30
0.0
 11
1156.68803151547
 21
-50.51037124003623
 31
0.0
 12
1139.18803151547
 22
-47.59370457336955
 32
0.0
 13
1139.18803151547
 23
-47.59370457336955
 33
0.0
  0
SOLID
  5
34E
330
348
100
AcDbEntity
  8
0
 62
     1
100
AcDbTrace
 10
1809.68803151547
 20
-50.51037124003623
 30
0.0
 11
1809.68803151547
 21
-44.6770379067029
 31
0.0
 12
1827.18803151547
 22
-47.59370457336955
 32
0.0
 13
1827.18803151547
 23
-47.59370457336955
 33
0.0
  0
MTEXT
  5
34F
330
348
100
AcDbEntity
  8
0
 62
     3
370
     0
100
AcDbMText
 10
1483.18803151547
 20
-21.34370457336956
 30
0.0
 40
24.5
 41
0.0
 71
     5
 72
     1
  1
688mm [27 1/16"]
  7
DIM
 73
     1
 44
1.0
1001
ACAD
1000
MTEXTBEGIN
1070
    73
1070
     1
1070
    44
1040
1.0
1070
    74
1070
     0
1000
MTEXTEND
  0
POINT
  5
350
330
348
100
AcDbEntity
  8
Defpoints
 62
     0
100
AcDbPoint
 10
1139.18803151547
 20
286.4622278591398
 30
0.0
  0
POINT
  5
351
330
348
100
AcDbEntity
  8
Defpoints
 62
     0
100
AcDbPoint
 10
1827.18803151547
 20
286.4622278591398
 30
0.0
  0
POINT
  5
352
330
348
100
AcDbEntity
  8
Defpoints
 62
     0
100
AcDbPoint
 10
1827.18803151547
 20
-47.59370457336955
 30
0.0
  0
ENDBLK
  5
353
330
348
100
AcDbEntity
  8
0
100
AcDbBlockEnd
  0
BLOCK
  5
355
330
354
100
AcDbEntity
  8
0
100
AcDbBlockBegin
  2
*D15
 70
     1
 10
0.0
 20
0.0
 30
0.0
  3
*D15
  1

  0
LINE
  5
356
330
354
100
AcDbEntity
  8
0
 62
     1
370
    -2
100
AcDbLine
 10
1487.56303151547
 20
513.9622278591398
 30
0.0
 11
1944.340910696095
 21
513.9622278591398
 31
0.0
  0
LINE
  5
357
330
354
100
AcDbEntity
  8
0
 62
     1
370
    -2
100
AcDbLine
 10
1487.56303151547
 20
58.96222785913982
 30
0.0
 11
1944.340910696095
 21
58.96222785913982
 31
0.0
  0
LINE
  5
358
330
354
100
AcDbEntity
  8
0
 62
     1
100
AcDbLine
 10
1935.590910696095
 20
496.4622278591398
 30
0.0
 11
1935.590910696095
 21
76.4622278591398
 31
0.0
  0
SOLID
  5
359
330
354
100
AcDbEntity
  8
0
 62
     1
100
AcDbTrace
 10
1938.507577362761
 20
496.4622278591398
 30
0.0
 11
1932.674244029428
 21
496.4622278591398
 31
0.0
 12
1935.590910696095
 22
513.9622278591398
 32
0.0
 13
1935.590910696095
 23
513.9622278591398
 33
0.0
  0
SOLID
  5
35A
330
354
100
AcDbEntity
  8
0
 62
     1
100
AcDbTrace
 10
1932.674244029428
 20
76.4622278591398
 30
0.0
 11
1938.507577362761
 21
76.4622278591398
 31
0.0
 12
1935.590910696095
 22
58.96222785913979
 32
0.0
 13
1935.590910696095
 23
58.96222785913979
 33
0.0
  0
MTEXT
  5
35B
330
354
100
AcDbEntity
  8
0
 62
     3
370
     0
100
AcDbMText
 10
1909.340910696094
 20
286.4622278591398
 30
0.0
 40
24.5
 41
0.0
 71
     5
 72
     1
  1
455mm [17 15/16"]
  7
DIM
 11
0.0
 21
1.0
 31
0.0
 73
     1
 44
1.0
1001
ACAD
1000
MTEXTBEGIN
1070
    73
1070
     1
1070
    44
1040
1.0
1070
    74
1070
     0
1000
MTEXTEND
  0
POINT
  5
35C
330
354
100
AcDbEntity
  8
Defpoints
 62
     0
100
AcDbPoint
 10
1483.18803151547
 20
513.9622278591398
 30
0.0
  0
POINT
  5
35D
330
354
100
AcDbEntity
  8
Defpoints
 62
     0
100
AcDbPoint
 10
1483.18803151547
 20
58.96222785913982
 30
0.0
  0
POINT
  5
35E
330
354
100
AcDbEntity
  8
Defpoints
 62
     0
100
AcDbPoint
 10
1935.590910696095
 20
58.96222785913979
 30
0.0
  0
ENDBLK
  5
35F
330
354
100
AcDbEntity
  8
0
100
AcDbBlockEnd
  0
BLOCK
  5
361
330
360
100
AcDbEntity
  8
0
100
AcDbBlockBegin
  2
*D16
 70
     1
 10
0.0
 20
0.0
 30
0.0
  3
*D16
  1

  0
LINE
  5
362
330
360
100
AcDbEntity
  8
0
 62
     1
370
    -2
100
AcDbLine
 10
1487.56303151547
 20
488.9622278591398
 30
0.0
 11
1895.334640616811
 21
488.9622278591398
 31
0.0
  0
LINE
  5
363
330
360
100
AcDbEntity
  8
0
 62
     1
370
    -2
100
AcDbLine
 10
1487.56303151547
 20
83.96222785913982
 30
0.0
 11
1895.334640616811
 21
83.96222785913982
 31
0.0
  0
LINE
  5
364
330
360
100
AcDbEntity
  8
0
 62
     1
100
AcDbLine
 10
1886.584640616812
 20
471.4622278591398
 30
0.0
 11
1886.584640616812
 21
101.4622278591398
 31
0.0
  0
SOLID
  5
365
330
360
100
AcDbEntity
  8
0
 62
     1
100
AcDbTrace
 10
1889.501307283478
 20
471.4622278591398
 30
0.0
 11
1883.667973950145
 21
471.4622278591398
 31
0.0
 12
1886.584640616812
 22
488.9622278591398
 32
0.0
 13
1886.584640616812
 23
488.9622278591398
 33
0.0
  0
SOLID
  5
366
330
360
100
AcDbEntity
  8
0
 62
     1
100
AcDbTrace
 10
1883.667973950145
 20
101.4622278591398
 30
0.0
 11
1889.501307283478
 21
101.4622278591398
 31
0.0
 12
1886.584640616812
 22
83.9622278591398
 32
0.0
 13
1886.584640616812
 23
83.9622278591398
 33
0.0
  0
MTEXT
  5
367
330
360
100
AcDbEntity
  8
0
 62
     3
370
     0
100
AcDbMText
 10
1860.334640616812
 20
286.4622278591398
 30
0.0
 40
24.5
 41
0.0
 71
     5
 72
     1
  1
405mm [15 15/16"]
  7
DIM
 11
0.0
 21
1.0
 31
0.0
 73
     1
 44
1.0
1001
ACAD
1000
MTEXTBEGIN
1070
    73
1070
     1
1070
    44
1040
1.0
1070
    74
1070
     0
1000
MTEXTEND
  0
POINT
  5
368
330
360
100
AcDbEntity
  8
Defpoints
 62
     0
100
AcDbPoint
 10
1483.18803151547
 20
488.9622278591398
 30
0.0
  0
POINT
  5
369
330
360
100
AcDbEntity
  8
Defpoints
 62
     0
100
AcDbPoint
 10
1483.18803151547
 20
83.96222785913982
 30
0.0
  0
POINT
  5
36A
330
360
100
AcDbEntity
  8
Defpoints
 62
     0
100
AcDbPoint
 10
1886.584640616812
 20
83.9622278591398
 30
0.0
  0
ENDBLK
  5
36B
330
360
100
AcDbEntity
  8
0
100
AcDbBlockEnd
  0
BLOCK
  5
36D
330
36C
100
AcDbEntity
  8
0
100
AcDbBlockBegin
  2
*D17
 70
     1
 10
0.0
 20
0.0
 30
0.0
  3
*D17
  1

  0
LINE
  5
36E
330
36C
100
AcDbEntity
  8
0
 62
     1
100
AcDbLine
 10
-23.28534420529852
 20
198.7710015526785
 30
0.0
 11
97.86465579470146
 21
198.7710015526785
 31
0.0
  0
LINE
  5
36F
330
36C
100
AcDbEntity
  8
0
 62
     1
100
AcDbLine
 10
97.86465579470146
 20
198.7710015526785
 30
0.0
 11
135.4006969962
 21
226.0369100761669
 31
0.0
  0
MTEXT
  5
370
330
36C
100
AcDbEntity
  8
0
 62
     3
370
     0
100
AcDbMText
 10
34.28965579470148
 20
210.0210015526785
 30
0.0
 40
10.5
 41
0.0
 71
     5
 72
     1
  1
R91.65mm [R3 5/8"]
  7
DIM
 73
     1
 44
1.0
1001
ACAD
1000
MTEXTBEGIN
1070
    73
1070
     1
1070
    44
1040
1.0
1070
    74
1070
     0
1000
MTEXTEND
  0
SOLID
  5
371
330
36C
100
AcDbEntity
  8
0
 62
     1
100
AcDbTrace
 10
136.1353294209039
 20
225.0255668107156
 30
0.0
 11
134.6660645714961
 21
227.0482533416182
 31
0.0
 12
141.4687565889078
 22
230.4447046243901
 32
0.0
 13
141.4687565889078
 23
230.4447046243901
 33
0.0
  0
POINT
  5
372
330
36C
100
AcDbEntity
  8
Defpoints
 62
     0
100
AcDbPoint
 10
141.4687565889078
 20
230.4447046243901
 30
0.0
  0
POINT
  5
373
330
36C
100
AcDbEntity
  8
Defpoints
 62
     0
100
AcDbPoint
 10
215.6204448117976
 20
284.307954003678
 30
0.0
  0
ENDBLK
  5
374
330
36C
100
AcDbEntity
  8
0
100
AcDbBlockEnd
  0
BLOCK
  5
376
330
375
100
AcDbEntity
  8
0
100
AcDbBlockBegin
  2
*D18
 70
     1
 10
0.0
 20
0.0
 30
0.0
  3
*D18
  1

  0
LINE
  5
377
330
375
100
AcDbEntity
  8
0
 62
     1
100
AcDbLine
 10
-23.09503391933851
 20
172.3559254066056
 30
0.0
 11
83.35496608066149
 21
172.3559254066056
 31
0.0
  0
LINE
  5
378
330
375
100
AcDbEntity
  8
0
 62
     1
100
AcDbLine
 10
83.35496608066149
 20
172.3559254066056
 30
0.0
 11
135.0937257066157
 21
216.1486002057205
 31
0.0
  0
MTEXT
  5
379
330
375
100
AcDbEntity
  8
0
 62
     3
370
     0
100
AcDbMText
 10
27.12996608066149
 20
183.6059254066056
 30
0.0
 40
10.5
 41
0.0
 71
     5
 72
     1
  1
R98mm [R3 7/8"]
  7
DIM
 73
     1
 44
1.0
1001
ACAD
1000
MTEXTBEGIN
1070
    73
1070
     1
1070
    44
1040
1.0
1070
    74
1070
     0
1000
MTEXTEND
  0
SOLID
  5
37A
330
375
100
AcDbEntity
  8
0
 62
     1
100
AcDbTrace
 10
135.9013009885821
 20
215.1944921594505
 30
0.0
 11
134.2861504246494
 21
217.1027082519904
 31
0.0
 12
140.8183739842353
 22
220.9940518975184
 32
0.0
 13
140.8183739842353
 23
220.9940518975184
 33
0.0
  0
POINT
  5
37B
330
375
100
AcDbEntity
  8
Defpoints
 62
     0
100
AcDbPoint
 10
140.8183739842353
 20
220.9940518975184
 30
0.0
  0
POINT
  5
37C
330
375
100
AcDbEntity
  8
Defpoints
 62
     0
100
AcDbPoint
 10
215.6204448117976
 20
284.307954003678
 30
0.0
  0
ENDBLK
  5
37D
330
375
100
AcDbEntity
  8
0
100
AcDbBlockEnd
  0
BLOCK
  5
37F
330
37E
100
AcDbEntity
  8
0
100
AcDbBlockBegin
  2
*D19
 70
     1
 10
0.0
 20
0.0
 30
0.0
  3
*D19
  1

  0
LINE
  5
380
330
37E
100
AcDbEntity
  8
0
 62
     1
100
AcDbLine
 10
-25.8442142272954
 20
147.0569792385358
 30
0.0
 11
98.9807857727046
 21
147.0569792385358
 31
0.0
  0
LINE
  5
381
330
37E
100
AcDbEntity
  8
0
 62
     1
100
AcDbLine
 10
98.9807857727046
 20
147.0569792385358
 30
0.0
 11
143.1895025092136
 21
199.0777885857946
 31
0.0
  0
MTEXT
  5
382
330
37E
100
AcDbEntity
  8
0
 62
     3
370
     0
100
AcDbMText
 10
33.5682857727046
 20
158.3069792385358
 30
0.0
 40
10.5
 41
0.0
 71
     5
 72
     1
  1
R104.35mm [R4 1/8"]
  7
DIM
 73
     1
 44
1.0
1001
ACAD
1000
MTEXTBEGIN
1070
    73
1070
     1
1070
    44
1040
1.0
1070
    74
1070
     0
1000
MTEXTEND
  0
SOLID
  5
383
330
37E
100
AcDbEntity
  8
0
 62
     1
100
AcDbTrace
 10
144.1420077105758
 20
198.2683234281886
 30
0.0
 11
142.2369973078515
 21
199.8872537434006
 31
0.0
 12
148.0462934548496
 22
204.7928197939674
 32
0.0
 13
148.0462934548496
 23
204.7928197939674
 33
0.0
  0
POINT
  5
384
330
37E
100
AcDbEntity
  8
Defpoints
 62
     0
100
AcDbPoint
 10
148.0462934548496
 20
204.7928197939674
 30
0.0
  0
POINT
  5
385
330
37E
100
AcDbEntity
  8
Defpoints
 62
     0
100
AcDbPoint
 10
215.6204448117976
 20
284.307954003678
 30
0.0
  0
ENDBLK
  5
386
330
37E
100
AcDbEntity
  8
0
100
AcDbBlockEnd
  0
BLOCK
  5
8F7
330
8F6
100
AcDbEntity
  8
0
100
AcDbBlockBegin
  2
*D20
 70
     1
 10
0.0
 20
0.0
 30
0.0
  3
*D20
  1

  0
LINE
  5
97C
330
8F6
100
AcDbEntity
  8
0
 62
     1
370
    -2
100
AcDbLine
 10
774.0264302152604
 20
875.9204596716699
 30
0.0
 11
1139.020133654421
 21
875.9204596716699
 31
0.0
  0
LINE
  5
97D
330
8F6
100
AcDbEntity
  8
0
 62
     1
370
    -2
100
AcDbLine
 10
774.0264302152604
 20
483.6204596716698
 30
0.0
 11
1139.020133654421
 21
483.6204596716698
 31
0.0
  0
LINE
  5
97E
330
8F6
100
AcDbEntity
  8
0
 62
     1
100
AcDbLine
 10
1135.270133654421
 20
868.42045967167
 30
0.0
 11
1135.270133654421
 21
491.1204596716698
 31
0.0
  0
SOLID
  5
97F
330
8F6
100
AcDbEntity
  8
0
 62
     1
100
AcDbTrace
 10
1136.520133654421
 20
868.42045967167
 30
0.0
 11
1134.020133654421
 21
868.42045967167
 31
0.0
 12
1135.270133654421
 22
875.9204596716699
 32
0.0
 13
1135.270133654421
 23
875.9204596716699
 33
0.0
  0
SOLID
  5
980
330
8F6
100
AcDbEntity
  8
0
 62
     1
100
AcDbTrace
 10
1134.020133654421
 20
491.1204596716698
 30
0.0
 11
1136.520133654421
 21
491.1204596716698
 31
0.0
 12
1135.270133654421
 22
483.6204596716698
 32
0.0
 13
1135.270133654421
 23
483.6204596716698
 33
0.0
  0
MTEXT
  5
981
330
8F6
100
AcDbEntity
  8
0
 62
     3
370
     0
100
AcDbMText
 10
1124.020133654421
 20
679.7704596716697
 30
0.0
 40
10.5
 41
0.0
 71
     5
 72
     1
  1
392.3mm [15 7/16"]
  7
DIM
 11
0.0
 21
1.0
 31
0.0
 73
     1
 44
1.0
1001
ACAD
1000
MTEXTBEGIN
1070
    73
1070
     1
1070
    44
1040
1.0
1070
    74
1070
     0
1000
MTEXTEND
  0
POINT
  5
982
330
8F6
100
AcDbEntity
  8
Defpoints
 62
     0
100
AcDbPoint
 10
772.1514302152606
 20
875.9204596716699
 30
0.0
  0
POINT
  5
983
330
8F6
100
AcDbEntity
  8
Defpoints
 62
     0
100
AcDbPoint
 10
772.1514302152606
 20
483.6204596716698
 30
0.0
  0
POINT
  5
984
330
8F6
100
AcDbEntity
  8
Defpoints
 62
     0
100
AcDbPoint
 10
1135.270133654421
 20
483.6204596716698
 30
0.0
  0
ENDBLK
  5
8F8
330
8F6
100
AcDbEntity
  8
0
100
AcDbBlockEnd
  0
BLOCK
  5
903
330
902
100
AcDbEntity
  8
0
100
AcDbBlockBegin
  2
*D21
 70
     1
 10
0.0
 20
0.0
 30
0.0
  3
*D21
  1

  0
LINE
  5
985
330
902
100
AcDbEntity
  8
0
 62
     1
370
    -2
100
AcDbLine
 10
774.0264302152604
 20
882.2704596716699
 30
0.0
 11
1172.570890102615
 21
882.2704596716699
 31
0.0
  0
LINE
  5
986
330
902
100
AcDbEntity
  8
0
 62
     1
370
    -2
100
AcDbLine
 10
774.0264302152604
 20
477.2704596716699
 30
0.0
 11
1172.570890102615
 21
477.2704596716699
 31
0.0
  0
LINE
  5
987
330
902
100
AcDbEntity
  8
0
 62
     1
100
AcDbLine
 10
1168.820890102614
 20
874.7704596716699
 30
0.0
 11
1168.820890102614
 21
484.7704596716698
 31
0.0
  0
SOLID
  5
988
330
902
100
AcDbEntity
  8
0
 62
     1
100
AcDbTrace
 10
1170.070890102614
 20
874.7704596716699
 30
0.0
 11
1167.570890102614
 21
874.7704596716699
 31
0.0
 12
1168.820890102614
 22
882.2704596716699
 32
0.0
 13
1168.820890102614
 23
882.2704596716699
 33
0.0
  0
SOLID
  5
989
330
902
100
AcDbEntity
  8
0
 62
     1
100
AcDbTrace
 10
1167.570890102614
 20
484.7704596716698
 30
0.0
 11
1170.070890102614
 21
484.7704596716698
 31
0.0
 12
1168.820890102614
 22
477.2704596716699
 32
0.0
 13
1168.820890102614
 23
477.2704596716699
 33
0.0
  0
MTEXT
  5
98A
330
902
100
AcDbEntity
  8
0
 62
     3
370
     0
100
AcDbMText
 10
1157.570890102614
 20
679.7704596716697
 30
0.0
 40
10.5
 41
0.0
 71
     5
 72
     1
  1
405mm [15 15/16"]
  7
DIM
 11
0.0
 21
1.0
 31
0.0
 73
     1
 44
1.0
1001
ACAD
1000
MTEXTBEGIN
1070
    73
1070
     1
1070
    44
1040
1.0
1070
    74
1070
     0
1000
MTEXTEND
  0
POINT
  5
98B
330
902
100
AcDbEntity
  8
Defpoints
 62
     0
100
AcDbPoint
 10
772.1514302152606
 20
882.2704596716699
 30
0.0
  0
POINT
  5
98C
330
902
100
AcDbEntity
  8
Defpoints
 62
     0
100
AcDbPoint
 10
772.1514302152606
 20
477.2704596716699
 30
0.0
  0
POINT
  5
98D
330
902
100
AcDbEntity
  8
Defpoints
 62
     0
100
AcDbPoint
 10
1168.820890102614
 20
477.2704596716699
 30
0.0
  0
ENDBLK
  5
904
330
902
100
AcDbEntity
  8
0
100
AcDbBlockEnd
  0
BLOCK
  5
90F
330
90E
100
AcDbEntity
  8
0
100
AcDbBlockBegin
  2
*D22
 70
     1
 10
0.0
 20
0.0
 30
0.0
  3
*D22
  1

  0
LINE
  5
98E
330
90E
100
AcDbEntity
  8
0
 62
     1
370
    -2
100
AcDbLine
 10
774.0264302152604
 20
888.6204596716698
 30
0.0
 11
1211.260050691522
 21
888.6204596716698
 31
0.0
  0
LINE
  5
98F
330
90E
100
AcDbEntity
  8
0
 62
     1
370
    -2
100
AcDbLine
 10
774.0264302152604
 20
470.9204596716698
 30
0.0
 11
1211.260050691522
 21
470.9204596716698
 31
0.0
  0
LINE
  5
990
330
90E
100
AcDbEntity
  8
0
 62
     1
100
AcDbLine
 10
1207.510050691522
 20
881.1204596716699
 30
0.0
 11
1207.510050691522
 21
478.4204596716698
 31
0.0
  0
SOLID
  5
991
330
90E
100
AcDbEntity
  8
0
 62
     1
100
AcDbTrace
 10
1208.760050691522
 20
881.1204596716699
 30
0.0
 11
1206.260050691522
 21
881.1204596716699
 31
0.0
 12
1207.510050691522
 22
888.6204596716698
 32
0.0
 13
1207.510050691522
 23
888.6204596716698
 33
0.0
  0
SOLID
  5
992
330
90E
100
AcDbEntity
  8
0
 62
     1
100
AcDbTrace
 10
1206.260050691522
 20
478.4204596716698
 30
0.0
 11
1208.760050691522
 21
478.4204596716698
 31
0.0
 12
1207.510050691522
 22
470.9204596716698
 32
0.0
 13
1207.510050691522
 23
470.9204596716698
 33
0.0
  0
MTEXT
  5
993
330
90E
100
AcDbEntity
  8
0
 62
     3
370
     0
100
AcDbMText
 10
1196.260050691522
 20
679.7704596716697
 30
0.0
 40
10.5
 41
0.0
 71
     5
 72
     1
  1
417.7mm [16 7/16"]
  7
DIM
 11
0.0
 21
1.0
 31
0.0
 73
     1
 44
1.0
1001
ACAD
1000
MTEXTBEGIN
1070
    73
1070
     1
1070
    44
1040
1.0
1070
    74
1070
     0
1000
MTEXTEND
  0
POINT
  5
994
330
90E
100
AcDbEntity
  8
Defpoints
 62
     0
100
AcDbPoint
 10
772.1514302152606
 20
888.6204596716698
 30
0.0
  0
POINT
  5
995
330
90E
100
AcDbEntity
  8
Defpoints
 62
     0
100
AcDbPoint
 10
772.1514302152606
 20
470.9204596716698
 30
0.0
  0
POINT
  5
996
330
90E
100
AcDbEntity
  8
Defpoints
 62
     0
100
AcDbPoint
 10
1207.510050691522
 20
470.9204596716698
 30
0.0
  0
ENDBLK
  5
910
330
90E
100
AcDbEntity
  8
0
100
AcDbBlockEnd
  0
BLOCK
  5
91B
330
91A
100
AcDbEntity
  8
0
100
AcDbBlockBegin
  2
*D23
 70
     1
 10
0.0
 20
0.0
 30
0.0
  3
*D23
  1

  0
LINE
  5
997
330
91A
100
AcDbEntity
  8
0
 62
     1
370
    -2
100
AcDbLine
 10
459.5014302152605
 20
681.6454596716697
 30
0.0
 11
459.5014302152605
 21
928.0564858409272
 31
0.0
  0
LINE
  5
998
330
91A
100
AcDbEntity
  8
0
 62
     1
370
    -2
100
AcDbLine
 10
1084.80143021526
 20
681.6454596716697
 30
0.0
 11
1084.80143021526
 21
928.0564858409272
 31
0.0
  0
LINE
  5
999
330
91A
100
AcDbEntity
  8
0
 62
     1
100
AcDbLine
 10
467.0014302152607
 20
924.3064858409272
 30
0.0
 11
1077.30143021526
 21
924.3064858409272
 31
0.0
  0
SOLID
  5
99A
330
91A
100
AcDbEntity
  8
0
 62
     1
100
AcDbTrace
 10
467.0014302152607
 20
925.5564858409272
 30
0.0
 11
467.0014302152607
 21
923.0564858409273
 31
0.0
 12
459.5014302152605
 22
924.3064858409272
 32
0.0
 13
459.5014302152605
 23
924.3064858409272
 33
0.0
  0
SOLID
  5
99B
330
91A
100
AcDbEntity
  8
0
 62
     1
100
AcDbTrace
 10
1077.30143021526
 20
923.0564858409273
 30
0.0
 11
1077.30143021526
 21
925.5564858409272
 31
0.0
 12
1084.80143021526
 22
924.3064858409272
 32
0.0
 13
1084.80143021526
 23
924.3064858409272
 33
0.0
  0
MTEXT
  5
99C
330
91A
100
AcDbEntity
  8
0
 62
     3
370
     0
100
AcDbMText
 10
772.1514302152606
 20
935.5564858409273
 30
0.0
 40
10.5
 41
0.0
 71
     5
 72
     1
  1
625.3mm [24 5/8"]
  7
DIM
 73
     1
 44
1.0
1001
ACAD
1000
MTEXTBEGIN
1070
    73
1070
     1
1070
    44
1040
1.0
1070
    74
1070
     0
1000
MTEXTEND
  0
POINT
  5
99D
330
91A
100
AcDbEntity
  8
Defpoints
 62
     0
100
AcDbPoint
 10
459.5014302152605
 20
679.7704596716697
 30
0.0
  0
POINT
  5
99E
330
91A
100
AcDbEntity
  8
Defpoints
 62
     0
100
AcDbPoint
 10
1084.80143021526
 20
679.7704596716697
 30
0.0
  0
POINT
  5
99F
330
91A
100
AcDbEntity
  8
Defpoints
 62
     0
100
AcDbPoint
 10
1084.80143021526
 20
924.3064858409272
 30
0.0
  0
ENDBLK
  5
91C
330
91A
100
AcDbEntity
  8
0
100
AcDbBlockEnd
  0
BLOCK
  5
927
330
926
100
AcDbEntity
  8
0
100
AcDbBlockBegin
  2
*D24
 70
     1
 10
0.0
 20
0.0
 30
0.0
  3
*D24
  1

  0
LINE
  5
9A0
330
926
100
AcDbEntity
  8
0
 62
     1
370
    -2
100
AcDbLine
 10
453.1514302152606
 20
681.6454596716697
 30
0.0
 11
453.1514302152606
 21
958.7275949685956
 31
0.0
  0
LINE
  5
9A1
330
926
100
AcDbEntity
  8
0
 62
     1
370
    -2
100
AcDbLine
 10
1091.15143021526
 20
681.6454596716697
 30
0.0
 11
1091.15143021526
 21
958.7275949685956
 31
0.0
  0
LINE
  5
9A2
330
926
100
AcDbEntity
  8
0
 62
     1
100
AcDbLine
 10
460.6514302152606
 20
954.9775949685955
 30
0.0
 11
1083.65143021526
 21
954.9775949685955
 31
0.0
  0
SOLID
  5
9A3
330
926
100
AcDbEntity
  8
0
 62
     1
100
AcDbTrace
 10
460.6514302152606
 20
956.2275949685956
 30
0.0
 11
460.6514302152606
 21
953.7275949685955
 31
0.0
 12
453.1514302152606
 22
954.9775949685955
 32
0.0
 13
453.1514302152606
 23
954.9775949685955
 33
0.0
  0
SOLID
  5
9A4
330
926
100
AcDbEntity
  8
0
 62
     1
100
AcDbTrace
 10
1083.65143021526
 20
953.7275949685955
 30
0.0
 11
1083.65143021526
 21
956.2275949685956
 31
0.0
 12
1091.15143021526
 22
954.9775949685955
 32
0.0
 13
1091.15143021526
 23
954.9775949685955
 33
0.0
  0
MTEXT
  5
9A5
330
926
100
AcDbEntity
  8
0
 62
     3
370
     0
100
AcDbMText
 10
772.1514302152606
 20
966.2275949685955
 30
0.0
 40
10.5
 41
0.0
 71
     5
 72
     1
  1
638mm [25 1/8"]
  7
DIM
 73
     1
 44
1.0
1001
ACAD
1000
MTEXTBEGIN
1070
    73
1070
     1
1070
    44
1040
1.0
1070
    74
1070
     0
1000
MTEXTEND
  0
POINT
  5
9A6
330
926
100
AcDbEntity
  8
Defpoints
 62
     0
100
AcDbPoint
 10
453.1514302152606
 20
679.7704596716697
 30
0.0
  0
POINT
  5
9A7
330
926
100
AcDbEntity
  8
Defpoints
 62
     0
100
AcDbPoint
 10
1091.15143021526
 20
679.7704596716697
 30
0.0
  0
POINT
  5
9A8
330
926
100
AcDbEntity
  8
Defpoints
 62
     0
100
AcDbPoint
 10
1091.15143021526
 20
954.9775949685955
 30
0.0
  0
ENDBLK
  5
928
330
926
100
AcDbEntity
  8
0
100
AcDbBlockEnd
  0
BLOCK
  5
933
330
932
100
AcDbEntity
  8
0
100
AcDbBlockBegin
  2
*D25
 70
     1
 10
0.0
 20
0.0
 30
0.0
  3
*D25
  1

  0
LINE
  5
9A9
330
932
100
AcDbEntity
  8
0
 62
     1
370
    -2
100
AcDbLine
 10
446.8014302152606
 20
681.6454596716697
 30
0.0
 11
446.8014302152606
 21
987.606353167216
 31
0.0
  0
LINE
  5
9AA
330
932
100
AcDbEntity
  8
0
 62
     1
370
    -2
100
AcDbLine
 10
1097.501430215261
 20
681.6454596716697
 30
0.0
 11
1097.501430215261
 21
987.606353167216
 31
0.0
  0
LINE
  5
9AB
330
932
100
AcDbEntity
  8
0
 62
     1
100
AcDbLine
 10
454.3014302152606
 20
983.8563531672161
 30
0.0
 11
1090.001430215261
 21
983.8563531672161
 31
0.0
  0
SOLID
  5
9AC
330
932
100
AcDbEntity
  8
0
 62
     1
100
AcDbTrace
 10
454.3014302152606
 20
985.106353167216
 30
0.0
 11
454.3014302152606
 21
982.606353167216
 31
0.0
 12
446.8014302152606
 22
983.8563531672161
 32
0.0
 13
446.8014302152606
 23
983.8563531672161
 33
0.0
  0
SOLID
  5
9AD
330
932
100
AcDbEntity
  8
0
 62
     1
100
AcDbTrace
 10
1090.001430215261
 20
982.606353167216
 30
0.0
 11
1090.001430215261
 21
985.106353167216
 31
0.0
 12
1097.501430215261
 22
983.8563531672161
 32
0.0
 13
1097.501430215261
 23
983.8563531672161
 33
0.0
  0
MTEXT
  5
9AE
330
932
100
AcDbEntity
  8
0
 62
     3
370
     0
100
AcDbMText
 10
772.1514302152606
 20
995.106353167216
 30
0.0
 40
10.5
 41
0.0
 71
     5
 72
     1
  1
650.7mm [25 5/8"]
  7
DIM
 73
     1
 44
1.0
1001
ACAD
1000
MTEXTBEGIN
1070
    73
1070
     1
1070
    44
1040
1.0
1070
    74
1070
     0
1000
MTEXTEND
  0
POINT
  5
9AF
330
932
100
AcDbEntity
  8
Defpoints
 62
     0
100
AcDbPoint
 10
446.8014302152606
 20
679.7704596716697
 30
0.0
  0
POINT
  5
9B0
330
932
100
AcDbEntity
  8
Defpoints
 62
     0
100
AcDbPoint
 10
1097.501430215261
 20
679.7704596716697
 30
0.0
  0
POINT
  5
9B1
330
932
100
AcDbEntity
  8
Defpoints
 62
     0
100
AcDbPoint
 10
1097.501430215261
 20
983.8563531672161
 30
0.0
  0
ENDBLK
  5
934
330
932
100
AcDbEntity
  8
0
100
AcDbBlockEnd
  0
BLOCK
  5
93F
330
93E
100
AcDbEntity
  8
0
100
AcDbBlockBegin
  2
*D26
 70
     1
 10
0.0
 20
0.0
 30
0.0
  3
*D26
  1

  0
LINE
  5
9B2
330
93E
100
AcDbEntity
  8
0
 62
     1
370
    -2
100
AcDbLine
 10
453.1514302152606
 20
681.6454596716697
 30
0.0
 11
453.1514302152606
 21
683.5204596716699
 31
0.0
  0
LINE
  5
9B3
330
93E
100
AcDbEntity
  8
0
 62
     1
370
    -2
100
AcDbLine
 10
446.8014302152606
 20
681.6454596716697
 30
0.0
 11
446.8014302152606
 21
683.5204596716699
 31
0.0
  0
LINE
  5
9B4
330
93E
100
AcDbEntity
  8
0
 62
     1
100
AcDbLine
 10
439.3014302152606
 20
679.7704596716697
 30
0.0
 11
341.4014302152606
 21
679.7704596716697
 31
0.0
  0
LINE
  5
9B5
330
93E
100
AcDbEntity
  8
0
 62
     1
100
AcDbLine
 10
460.6514302152606
 20
679.7704596716697
 30
0.0
 11
468.1514302152605
 21
679.7704596716697
 31
0.0
  0
SOLID
  5
9B6
330
93E
100
AcDbEntity
  8
0
 62
     1
100
AcDbTrace
 10
460.6514302152606
 20
681.0204596716697
 30
0.0
 11
460.6514302152606
 21
678.5204596716697
 31
0.0
 12
453.1514302152606
 22
679.7704596716697
 32
0.0
 13
453.1514302152606
 23
679.7704596716697
 33
0.0
  0
SOLID
  5
9B7
330
93E
100
AcDbEntity
  8
0
 62
     1
100
AcDbTrace
 10
439.3014302152606
 20
678.5204596716697
 30
0.0
 11
439.3014302152606
 21
681.0204596716697
 31
0.0
 12
446.8014302152606
 22
679.7704596716697
 32
0.0
 13
446.8014302152606
 23
679.7704596716697
 33
0.0
  0
MTEXT
  5
9B8
330
93E
100
AcDbEntity
  8
0
 62
     3
370
     0
100
AcDbMText
 10
386.6014302152606
 20
691.0204596716697
 30
0.0
 40
10.5
 41
0.0
 71
     5
 72
     1
  1
6.35mm [1/4"]
  7
DIM
 73
     1
 44
1.0
1001
ACAD
1000
MTEXTBEGIN
1070
    73
1070
     1
1070
    44
1040
1.0
1070
    74
1070
     0
1000
MTEXTEND
  0
POINT
  5
9B9
330
93E
100
AcDbEntity
  8
Defpoints
 62
     0
100
AcDbPoint
 10
453.1514302152606
 20
679.7704596716697
 30
0.0
  0
POINT
  5
9BA
330
93E
100
AcDbEntity
  8
Defpoints
 62
     0
100
AcDbPoint
 10
446.8014302152606
 20
679.7704596716697
 30
0.0
  0
POINT
  5
9BB
330
93E
100
AcDbEntity
  8
Defpoints
 62
     0
100
AcDbPoint
 10
446.8014302152606
 20
679.7704596716697
 30
0.0
  0
ENDBLK
  5
940
330
93E
100
AcDbEntity
  8
0
100
AcDbBlockEnd
  0
BLOCK
  5
94C
330
94B
100
AcDbEntity
  8
0
100
AcDbBlockBegin
  2
*D27
 70
     1
 10
0.0
 20
0.0
 30
0.0
  3
*D27
  1

  0
LINE
  5
9BC
330
94B
100
AcDbEntity
  8
0
 62
     1
370
    -2
100
AcDbLine
 10
473.1514302152606
 20
681.6454596716697
 30
0.0
 11
473.1514302152606
 21
709.96090997952
 31
0.0
  0
LINE
  5
9BD
330
94B
100
AcDbEntity
  8
0
 62
     1
370
    -2
100
AcDbLine
 10
453.1514302152606
 20
681.6454596716697
 30
0.0
 11
453.1514302152606
 21
709.96090997952
 31
0.0
  0
LINE
  5
9BE
330
94B
100
AcDbEntity
  8
0
 62
     1
100
AcDbLine
 10
445.6514302152606
 20
706.21090997952
 30
0.0
 11
346.5264302152606
 21
706.21090997952
 31
0.0
  0
LINE
  5
9BF
330
94B
100
AcDbEntity
  8
0
 62
     1
100
AcDbLine
 10
480.6514302152605
 20
706.21090997952
 30
0.0
 11
488.1514302152606
 21
706.21090997952
 31
0.0
  0
SOLID
  5
9C0
330
94B
100
AcDbEntity
  8
0
 62
     1
100
AcDbTrace
 10
480.6514302152605
 20
707.46090997952
 30
0.0
 11
480.6514302152605
 21
704.9609099795198
 31
0.0
 12
473.1514302152606
 22
706.21090997952
 32
0.0
 13
473.1514302152606
 23
706.21090997952
 33
0.0
  0
SOLID
  5
9C1
330
94B
100
AcDbEntity
  8
0
 62
     1
100
AcDbTrace
 10
445.6514302152606
 20
704.9609099795198
 30
0.0
 11
445.6514302152606
 21
707.46090997952
 31
0.0
 12
453.1514302152606
 22
706.21090997952
 32
0.0
 13
453.1514302152606
 23
706.21090997952
 33
0.0
  0
MTEXT
  5
9C2
330
94B
100
AcDbEntity
  8
0
 62
     3
370
     0
100
AcDbMText
 10
392.3389302152606
 20
717.4609099795198
 30
0.0
 40
10.5
 41
0.0
 71
     5
 72
     1
  1
20mm [13/16"]
  7
DIM
 73
     1
 44
1.0
1001
ACAD
1000
MTEXTBEGIN
1070
    73
1070
     1
1070
    44
1040
1.0
1070
    74
1070
     0
1000
MTEXTEND
  0
POINT
  5
9C3
330
94B
100
AcDbEntity
  8
Defpoints
 62
     0
100
AcDbPoint
 10
473.1514302152606
 20
679.7704596716697
 30
0.0
  0
POINT
  5
9C4
330
94B
100
AcDbEntity
  8
Defpoints
 62
     0
100
AcDbPoint
 10
453.1514302152606
 20
679.7704596716697
 30
0.0
  0
POINT
  5
9C5
330
94B
100
AcDbEntity
  8
Defpoints
 62
     0
100
AcDbPoint
 10
453.1514302152606
 20
706.21090997952
 30
0.0
  0
ENDBLK
  5
94D
330
94B
100
AcDbEntity
  8
0
100
AcDbBlockEnd
  0
BLOCK
  5
959
330
958
100
AcDbEntity
  8
0
100
AcDbBlockBegin
  2
*D28
 70
     1
 10
0.0
 20
0.0
 30
0.0
  3
*D28
  1

  0
LINE
  5
9C6
330
958
100
AcDbEntity
  8
0
 62
     1
100
AcDbLine
 10
347.2518940981876
 20
645.9720650235547
 30
0.0
 11
436.5518940981876
 21
645.9720650235547
 31
0.0
  0
LINE
  5
9C7
330
958
100
AcDbEntity
  8
0
 62
     1
100
AcDbLine
 10
436.5518940981876
 20
645.9720650235547
 30
0.0
 11
465.8048173043513
 21
672.9861189714057
 31
0.0
  0
MTEXT
  5
9C8
330
958
100
AcDbEntity
  8
0
 62
     3
370
     0
100
AcDbMText
 10
388.9018940981877
 20
657.2220650235546
 30
0.0
 40
10.5
 41
0.0
 71
     5
 72
     1
  1
\U+22055mm [\U+22053/16"]
  7
DIM
 73
     1
 44
1.0
1001
ACAD
1000
MTEXTBEGIN
1070
    73
1070
     1
1070
    44
1040
1.0
1070
    74
1070
     0
1000
MTEXTEND
  0
SOLID
  5
9C9
330
958
100
AcDbEntity
  8
0
 62
     1
100
AcDbTrace
 10
466.6528598918841
 20
672.067792357542
 30
0.0
 11
464.9567747168183
 21
673.9044455852694
 31
0.0
 12
471.3147769875333
 22
678.0743744966038
 32
0.0
 13
471.3147769875333
 23
678.0743744966038
 33
0.0
  0
POINT
  5
9CA
330
958
100
AcDbEntity
  8
Defpoints
 62
     0
100
AcDbPoint
 10
471.3147769875333
 20
678.0743744966038
 30
0.0
  0
POINT
  5
9CB
330
958
100
AcDbEntity
  8
Defpoints
 62
     0
100
AcDbPoint
 10
474.9880834429879
 20
681.466544846736
 30
0.0
  0
ENDBLK
  5
95A
330
958
100
AcDbEntity
  8
0
100
AcDbBlockEnd
  0
BLOCK
  5
962
330
961
100
AcDbEntity
  8
0
100
AcDbBlockBegin
  2
*D29
 70
     1
 10
0.0
 20
0.0
 30
0.0
  3
*D29
  1

  0
LINE
  5
9CC
330
961
100
AcDbEntity
  8
0
 62
     1
100
AcDbLine
 10
312.2456411981644
 20
489.7335072206703
 30
0.0
 11
433.3956411981644
 21
489.7335072206703
 31
0.0
  0
LINE
  5
9CD
330
961
100
AcDbEntity
  8
0
 62
     1
100
AcDbLine
 10
433.3956411981644
 20
489.7335072206703
 30
0.0
 11
470.9316823996631
 21
516.9994157441586
 31
0.0
  0
MTEXT
  5
9CE
330
961
100
AcDbEntity
  8
0
 62
     3
370
     0
100
AcDbMText
 10
369.8206411981644
 20
500.9835072206704
 30
0.0
 40
10.5
 41
0.0
 71
     5
 72
     1
  1
R91.65mm [R3 5/8"]
  7
DIM
 73
     1
 44
1.0
1001
ACAD
1000
MTEXTBEGIN
1070
    73
1070
     1
1070
    44
1040
1.0
1070
    74
1070
     0
1000
MTEXTEND
  0
SOLID
  5
9CF
330
961
100
AcDbEntity
  8
0
 62
     1
100
AcDbTrace
 10
471.6663148243669
 20
515.9880724787075
 30
0.0
 11
470.1970499749591
 21
518.0107590096099
 31
0.0
 12
476.9997419923709
 22
521.4072102923819
 32
0.0
 13
476.9997419923709
 23
521.4072102923819
 33
0.0
  0
POINT
  5
9D0
330
961
100
AcDbEntity
  8
Defpoints
 62
     0
100
AcDbPoint
 10
476.9997419923709
 20
521.4072102923819
 30
0.0
  0
POINT
  5
9D1
330
961
100
AcDbEntity
  8
Defpoints
 62
     0
100
AcDbPoint
 10
551.1514302152606
 20
575.2704596716697
 30
0.0
  0
ENDBLK
  5
963
330
961
100
AcDbEntity
  8
0
100
AcDbBlockEnd
  0
BLOCK
  5
96B
330
96A
100
AcDbEntity
  8
0
100
AcDbBlockBegin
  2
*D30
 70
     1
 10
0.0
 20
0.0
 30
0.0
  3
*D30
  1

  0
LINE
  5
9D2
330
96A
100
AcDbEntity
  8
0
 62
     1
100
AcDbLine
 10
312.4359514841243
 20
463.3184310745972
 30
0.0
 11
418.8859514841243
 21
463.3184310745972
 31
0.0
  0
LINE
  5
9D3
330
96A
100
AcDbEntity
  8
0
 62
     1
100
AcDbLine
 10
418.8859514841243
 20
463.3184310745972
 30
0.0
 11
470.6247111100788
 21
507.1111058737121
 31
0.0
  0
MTEXT
  5
9D4
330
96A
100
AcDbEntity
  8
0
 62
     3
370
     0
100
AcDbMText
 10
362.6609514841244
 20
474.5684310745976
 30
0.0
 40
10.5
 41
0.0
 71
     5
 72
     1
  1
R98mm [R3 7/8"]
  7
DIM
 73
     1
 44
1.0
1001
ACAD
1000
MTEXTBEGIN
1070
    73
1070
     1
1070
    44
1040
1.0
1070
    74
1070
     0
1000
MTEXTEND
  0
SOLID
  5
9D5
330
96A
100
AcDbEntity
  8
0
 62
     1
100
AcDbTrace
 10
471.4322863920449
 20
506.1569978274424
 30
0.0
 11
469.8171358281125
 21
508.0652139199822
 31
0.0
 12
476.3493593876983
 22
511.9565575655101
 32
0.0
 13
476.3493593876983
 23
511.9565575655101
 33
0.0
  0
POINT
  5
9D6
330
96A
100
AcDbEntity
  8
Defpoints
 62
     0
100
AcDbPoint
 10
476.3493593876983
 20
511.9565575655101
 30
0.0
  0
POINT
  5
9D7
330
96A
100
AcDbEntity
  8
Defpoints
 62
     0
100
AcDbPoint
 10
551.1514302152606
 20
575.2704596716697
 30
0.0
  0
ENDBLK
  5
96C
330
96A
100
AcDbEntity
  8
0
100
AcDbBlockEnd
  0
BLOCK
  5
974
330
973
100
AcDbEntity
  8
0
100
AcDbBlockBegin
  2
*D31
 70
     1
 10
0.0
 20
0.0
 30
0.0
  3
*D31
  1

  0
LINE
  5
9D8
330
973
100
AcDbEntity
  8
0
 62
     1
100
AcDbLine
 10
309.6867711761675
 20
438.0194849065278
 30
0.0
 11
434.5117711761675
 21
438.0194849065278
 31
0.0
  0
LINE
  5
9D9
330
973
100
AcDbEntity
  8
0
 62
     1
100
AcDbLine
 10
434.5117711761675
 20
438.0194849065278
 30
0.0
 11
478.7204879126766
 21
490.0402942537864
 31
0.0
  0
MTEXT
  5
9DA
330
973
100
AcDbEntity
  8
0
 62
     3
370
     0
100
AcDbMText
 10
369.0992711761675
 20
449.2694849065277
 30
0.0
 40
10.5
 41
0.0
 71
     5
 72
     1
  1
R104.35mm [R4 1/8"]
  7
DIM
 73
     1
 44
1.0
1001
ACAD
1000
MTEXTBEGIN
1070
    73
1070
     1
1070
    44
1040
1.0
1070
    74
1070
     0
1000
MTEXTEND
  0
SOLID
  5
9DB
330
973
100
AcDbEntity
  8
0
 62
     1
100
AcDbTrace
 10
479.6729931140387
 20
489.2308290961805
 30
0.0
 11
477.7679827113145
 21
490.8497594113925
 31
0.0
 12
483.5772788583126
 22
495.7553254619593
 32
0.0
 13
483.5772788583126
 23
495.7553254619593
 33
0.0
  0
POINT
  5
9DC
330
973
100
AcDbEntity
  8
Defpoints
 62
     0
100
AcDbPoint
 10
483.5772788583126
 20
495.7553254619593
 30
0.0
  0
POINT
  5
9DD
330
973
100
AcDbEntity
  8
Defpoints
 62
     0
100
AcDbPoint
 10
551.1514302152606
 20
575.2704596716697
 30
0.0
  0
ENDBLK
  5
975
330
973
100
AcDbEntity
  8
0
100
AcDbBlockEnd
  0
ENDSEC
  0
SECTION
  2
ENTITIES
  0
LWPOLYLINE
  5
650
330
1F
100
AcDbEntity
  8
—b”ÜÖ^”Ú
370
     0
100
AcDbPolyline
 90
        4
 70
     1
 43
0.0
 10
221.9276998873515
 20
261.2953667402233
 10
1427.085343484071
 20
261.2953667402233
 10
1427.085343484071
 20
1107.020028913361
 10
221.9276998873515
 20
1107.020028913361
  0
MTEXT
  5
663
330
1F
100
AcDbEntity
  8
Œƒ◊÷
370
     0
100
AcDbMText
 10
1269.378974548949
 20
341.6694568230975
 30
0.0
 40
13.68044721944304
 41
273.5176082841773
 71
     2
 72
     5
  1
{\fNSimSun|b0|i0|c134|p49;SU-27186S\fEbrima|b0|i0|c134|p2;}
 73
     1
 44
1.0
1001
ACAD
1000
MTEXTBEGIN
1070
    73
1070
     1
1070
    44
1040
1.0
1070
    74
1070
     0
1000
MTEXTEND
1000
ACAD_MTEXT_DEFINED_HEIGHT_BEGIN
1070
    46
1040
16.5297017949302
1000
ACAD_MTEXT_DEFINED_HEIGHT_END
  0
LWPOLYLINE
  5
678
330
1F
100
AcDbEntity
  8
–Èœﬂ
370
     0
100
AcDbPolyline
 90
        8
 70
     1
 43
0.0
 10
551.1514302152606
 20
477.2704596716699
 10
993.1514302152603
 20
477.2704596716699
 42
0.4142135623730951
 10
1091.15143021526
 20
575.2704596716697
 10
1091.15143021526
 20
784.2704596716697
 42
0.4142135623730951
 10
993.1514302152603
 20
882.2704596716699
 10
551.1514302152606
 20
882.2704596716699
 42
0.4142135623730951
 10
453.1514302152606
 20
784.2704596716697
 10
453.1514302152606
 20
575.2704596716697
 42
0.4142135623730951
  0
LWPOLYLINE
  5
679
330
1F
100
AcDbEntity
  8
Œƒ◊÷
370
     0
100
AcDbPolyline
 90
        8
 70
     1
 43
0.0
 10
551.1514302152606
 20
483.6204596716698
 10
993.1514302152603
 20
483.6204596716698
 42
0.4142135623730951
 10
1084.80143021526
 20
575.2704596716697
 10
1084.80143021526
 20
784.2704596716697
 42
0.4142135623730951
 10
993.1514302152603
 20
875.9204596716699
 10
551.1514302152606
 20
875.9204596716699
 42
0.4142135623730951
 10
459.5014302152605
 20
784.2704596716697
 10
459.5014302152605
 20
575.2704596716697
 42
0.4142135623730951
  0
LWPOLYLINE
  5
67A
330
1F
100
AcDbEntity
  8
0
370
     0
100
AcDbPolyline
 90
        8
 70
     1
 43
0.0
 10
551.1514302152606
 20
470.9204596716698
 10
993.1514302152603
 20
470.9204596716698
 42
0.4142135623730951
 10
1097.501430215261
 20
575.2704596716697
 10
1097.501430215261
 20
784.2704596716697
 42
0.4142135623730951
 10
993.1514302152603
 20
888.6204596716698
 10
551.1514302152606
 20
888.6204596716698
 42
0.4142135623730951
 10
446.8014302152606
 20
784.2704596716697
 10
446.8014302152606
 20
575.2704596716697
 42
0.4142135623730951
  0
LINE
  5
67B
330
1F
100
AcDbEntity
  8
–Èœﬂ
370
     0
100
AcDbLine
 10
446.8014302152606
 20
679.7704596716697
 30
0.0
 11
1097.501430215261
 21
679.7704596716697
 31
0.0
  0
LINE
  5
67C
330
1F
100
AcDbEntity
  8
–Èœﬂ
370
     0
100
AcDbLine
 10
772.1514302152606
 20
888.6204596716698
 30
0.0
 11
772.1514302152606
 21
470.9204596716698
 31
0.0
  0
CIRCLE
  5
67D
330
1F
100
AcDbEntity
  8
0
370
     0
100
AcDbCircle
 10
473.1514302152606
 20
679.7704596716697
 30
0.0
 40
2.5
  0
CIRCLE
  5
67E
330
1F
100
AcDbEntity
  8
0
370
     0
100
AcDbCircle
 10
772.1514302152606
 20
862.2704596716699
 30
0.0
 40
2.5
  0
CIRCLE
  5
67F
330
1F
100
AcDbEntity
  8
0
370
     0
100
AcDbCircle
 10
1071.15143021526
 20
679.7704596716697
 30
0.0
 40
2.5
  0
CIRCLE
  5
680
330
1F
100
AcDbEntity
  8
0
370
     0
100
AcDbCircle
 10
772.1514302152606
 20
497.2704596716698
 30
0.0
 40
2.5
  0
DIMENSION
  5
681
330
1F
100
AcDbEntity
  8
0
370
     0
100
AcDbDimension
  2
*D20
 10
1135.270133654421
 20
483.6204596716698
 30
0.0
 11
1124.020133654421
 21
679.7704596716697
 31
0.0
 70
    32
 71
     5
 42
392.3
  3
mm+in
100
AcDbAlignedDimension
 13
772.1514302152606
 23
875.9204596716699
 33
0.0
 14
772.1514302152606
 24
483.6204596716698
 34
0.0
 50
90.0
100
AcDbRotatedDimension
  0
DIMENSION
  5
682
330
1F
100
AcDbEntity
  8
0
370
     0
100
AcDbDimension
  2
*D21
 10
1168.820890102614
 20
477.2704596716699
 30
0.0
 11
1157.570890102614
 21
679.7704596716697
 31
0.0
 70
    32
 71
     5
 42
404.9999999999998
  3
mm+in
100
AcDbAlignedDimension
 13
772.1514302152606
 23
882.2704596716699
 33
0.0
 14
772.1514302152606
 24
477.2704596716699
 34
0.0
 50
90.0
100
AcDbRotatedDimension
  0
DIMENSION
  5
683
330
1F
100
AcDbEntity
  8
0
370
     0
100
AcDbDimension
  2
*D22
 10
1207.510050691522
 20
470.9204596716698
 30
0.0
 11
1196.260050691522
 21
679.7704596716697
 31
0.0
 70
    32
 71
     5
 42
417.7000000000001
  3
mm+in
100
AcDbAlignedDimension
 13
772.1514302152606
 23
888.6204596716698
 33
0.0
 14
772.1514302152606
 24
470.9204596716698
 34
0.0
 50
90.0
100
AcDbRotatedDimension
  0
DIMENSION
  5
684
330
1F
100
AcDbEntity
  8
0
370
     0
100
AcDbDimension
  2
*D23
 10
1084.80143021526
 20
924.3064858409272
 30
0.0
 11
772.1514302152606
 21
935.5564858409273
 31
0.0
 70
    32
 71
     5
 42
625.3
  3
mm+in
100
AcDbAlignedDimension
 13
459.5014302152605
 23
679.7704596716697
 33
0.0
 14
1084.80143021526
 24
679.7704596716697
 34
0.0
 50
0.0
100
AcDbRotatedDimension
  0
DIMENSION
  5
685
330
1F
100
AcDbEntity
  8
0
370
     0
100
AcDbDimension
  2
*D24
 10
1091.15143021526
 20
954.9775949685955
 30
0.0
 11
772.1514302152606
 21
966.2275949685955
 31
0.0
 70
    32
 71
     5
 42
637.9999999999999
  3
mm+in
100
AcDbAlignedDimension
 13
453.1514302152606
 23
679.7704596716697
 33
0.0
 14
1091.15143021526
 24
679.7704596716697
 34
0.0
 50
0.0
100
AcDbRotatedDimension
  0
DIMENSION
  5
686
330
1F
100
AcDbEntity
  8
0
370
     0
100
AcDbDimension
  2
*D25
 10
1097.501430215261
 20
983.8563531672161
 30
0.0
 11
772.1514302152606
 21
995.106353167216
 31
0.0
 70
    32
 71
     5
 42
650.7000000000003
  3
mm+in
100
AcDbAlignedDimension
 13
446.8014302152606
 23
679.7704596716697
 33
0.0
 14
1097.501430215261
 24
679.7704596716697
 34
0.0
 50
0.0
100
AcDbRotatedDimension
  0
DIMENSION
  5
687
330
1F
100
AcDbEntity
  8
0
370
     0
100
AcDbDimension
  2
*D26
 10
446.8014302152606
 20
679.7704596716697
 30
0.0
 11
386.6014302152606
 21
691.0204596716697
 31
0.0
 70
    32
 71
     5
 42
6.350000000000021
  3
mm+in
100
AcDbAlignedDimension
 13
453.1514302152606
 23
679.7704596716697
 33
0.0
 14
446.8014302152606
 24
679.7704596716697
 34
0.0
 50
0.0
100
AcDbRotatedDimension
  0
DIMENSION
  5
688
330
1F
100
AcDbEntity
  8
0
370
     0
100
AcDbDimension
  2
*D27
 10
453.1514302152606
 20
706.21090997952
 30
0.0
 11
392.3389302152606
 21
717.4609099795198
 31
0.0
 70
    32
 71
     5
 42
20.0
  3
mm+in
100
AcDbAlignedDimension
 13
473.1514302152606
 23
679.7704596716697
 33
0.0
 14
453.1514302152606
 24
679.7704596716697
 34
0.0
 50
0.0
100
AcDbRotatedDimension
  0
INSERT
  5
689
330
1F
100
AcDbEntity
  8
ºöåçæÄ
370
     0
100
AcDbBlockReference
  2
efw
 10
2649.306857547204
 20
4898.344915972726
 30
0.0
 41
0.9407999999999995
 42
0.9407999999999995
 43
0.9407999999999995
  0
SPLINE
  5
68A
330
1F
100
AcDbEntity
  8
ºöåçæÄ
370
     0
100
AcDbSpline
210
0.0
220
0.0
230
1.0
 70
     8
 71
     3
 72
    12
 73
     8
 74
     0
 42
0.000000001
 43
0.0000000001
 40
0.0
 40
0.0
 40
0.0
 40
0.0
 40
0.3333333333333333
 40
0.3333333333333333
 40
0.3333333333333333
 40
0.3333333433333333
 40
1.0
 40
1.0
 40
1.0
 40
1.0
 10
1038.042627343745
 20
793.7990795086991
 30
0.0
 10
1038.042627343745
 20
795.6822261175416
 30
0.0
 10
1037.293320031374
 20
797.4882735817027
 30
0.0
 10
1035.963841655285
 20
798.8196794364189
 30
0.0
 10
1035.963841655285
 20
798.8196794364189
 30
0.0
 10
1034.631953930911
 20
800.1520490304445
 30
0.0
 10
1032.824460857789
 20
800.898946994546
 30
0.0
 10
1032.899609638073
 20
800.898946994546
 30
0.0
  0
SPLINE
  5
68B
330
1F
100
AcDbEntity
  8
ºöåçæÄ
370
     0
100
AcDbSpline
210
0.0
220
0.0
230
1.0
 70
     8
 71
     3
 72
    12
 73
     8
 74
     0
 42
0.000000001
 43
0.0000000001
 40
0.0
 40
0.0
 40
0.0
 40
0.0
 40
0.3333333333333333
 40
0.3333333333333333
 40
0.3333333333333333
 40
0.3333333433333333
 40
1.0
 40
1.0
 40
1.0
 40
1.0
 10
1032.516041393285
 20
811.5554943984715
 30
0.0
 10
1032.516041393285
 20
812.0869966271204
 30
0.0
 10
1032.304982484721
 20
812.5972965909801
 30
0.0
 10
1031.929606024051
 20
812.9726730516475
 30
0.0
 10
1031.929606024051
 20
812.9726730516475
 30
0.0
 10
1031.553747693729
 20
813.3480495123148
 30
0.0
 10
1031.043929599538
 20
813.5591084208785
 30
0.0
 10
1030.512427370879
 20
813.5591084208785
 30
0.0
  0
SPLINE
  5
68C
330
1F
100
AcDbEntity
  8
ºöåçæÄ
370
     0
100
AcDbSpline
210
0.0
220
0.0
230
1.0
 70
     8
 71
     3
 72
    16
 73
    12
 74
     0
 42
0.000000001
 43
0.0000000001
 40
0.0
 40
0.0
 40
0.0
 40
0.0
 40
0.25
 40
0.25
 40
0.25
 40
0.25000001
 40
0.5
 40
0.5
 40
0.5
 40
0.5000000100000001
 40
1.0
 40
1.0
 40
1.0
 40
1.0
 10
1004.296790700599
 20
795.9665292135554
 30
0.0
 10
1004.557964053199
 20
795.2890204796667
 30
0.0
 10
1005.081274497727
 20
794.7454715096628
 30
0.0
 10
1005.749145838531
 20
794.4611684136491
 30
0.0
 10
1005.749145838531
 20
794.4611684136491
 30
0.0
 10
1006.417499048994
 20
794.178792796255
 30
0.0
 10
1007.171625057912
 20
794.178792796255
 30
0.0
 10
1007.841905746975
 20
794.4611684136491
 30
0.0
 10
1007.841905746975
 20
794.4611684136491
 30
0.0
 10
1008.50977708778
 20
794.7454715096628
 30
0.0
 10
1009.033087532307
 20
795.2890204796667
 30
0.0
 10
1009.294260884917
 20
795.9665292135554
 30
0.0
  0
SPLINE
  5
68D
330
1F
100
AcDbEntity
  8
ºöåçæÄ
370
     0
100
AcDbSpline
210
0.0
220
0.0
230
1.0
 70
     8
 71
     3
 72
    12
 73
     8
 74
     0
 42
0.000000001
 43
0.0000000001
 40
0.0
 40
0.0
 40
0.0
 40
0.0
 40
0.3333333333333333
 40
0.3333333333333333
 40
0.3333333333333333
 40
0.3333333433333333
 40
1.0
 40
1.0
 40
1.0
 40
1.0
 10
1036.643759737429
 20
793.7990795086991
 30
0.0
 10
1036.643759737429
 20
795.3121502230698
 30
0.0
 10
1036.042868278573
 20
796.7630597520451
 30
0.0
 10
1034.974081385422
 20
797.8318466451896
 30
0.0
 10
1034.974081385422
 20
797.8318466451896
 30
0.0
 10
1033.90288514401
 20
798.9011154079892
 30
0.0
 10
1032.452457484692
 20
799.5015249971941
 30
0.0
 10
1030.94131424894
 20
799.5015249971941
 30
0.0
  0
SPLINE
  5
68E
330
1F
100
AcDbEntity
  8
ºöåçæÄ
370
     0
100
AcDbSpline
210
0.0
220
0.0
230
0.0
 70
    24
 71
     3
 72
     8
 73
     4
 74
     0
 42
0.000000001
 43
0.0000000001
 40
0.0
 40
0.0
 40
0.0
 40
0.0
 40
1.0
 40
1.0
 40
1.0
 40
1.0
 10
1030.510499892257
 20
813.5591084208785
 30
0.0
 10
1030.510499892257
 20
813.5591084208785
 30
0.0
 10
982.6203661734242
 20
813.5591084208785
 30
0.0
 10
982.6203661734242
 20
813.5591084208785
 30
0.0
  0
SPLINE
  5
68F
330
1F
100
AcDbEntity
  8
ºöåçæÄ
370
     0
100
AcDbSpline
210
0.0
220
0.0
230
0.0
 70
    24
 71
     3
 72
     8
 73
     4
 74
     0
 42
0.000000001
 43
0.0000000001
 40
0.0
 40
0.0
 40
0.0
 40
0.0
 40
1.0
 40
1.0
 40
1.0
 40
1.0
 10
983.5233899055085
 20
801.5591084208788
 30
0.0
 10
983.5233899055085
 20
801.5591084208788
 30
0.0
 10
1032.514113914668
 20
801.5591084208788
 30
0.0
 10
1032.514113914668
 20
801.5591084208788
 30
0.0
  0
SPLINE
  5
690
330
1F
100
AcDbEntity
  8
ºöåçæÄ
370
     0
100
AcDbSpline
210
0.0
220
0.0
230
0.0
 70
    24
 71
     3
 72
     8
 73
     4
 74
     0
 42
0.000000001
 43
0.0000000001
 40
0.0
 40
0.0
 40
0.0
 40
0.0
 40
1.0
 40
1.0
 40
1.0
 40
1.0
 10
1015.903585062725
 20
800.9008744731611
 30
0.0
 10
1015.903585062725
 20
800.9008744731611
 30
0.0
 10
1030.9427598579
 20
800.898946994546
 30
0.0
 10
1030.9427598579
 20
800.898946994546
 30
0.0
  0
SPLINE
  5
691
330
1F
100
AcDbEntity
  8
ºöåçæÄ
370
     0
100
AcDbSpline
210
0.0
220
0.0
230
0.0
 70
    24
 71
     3
 72
     8
 73
     4
 74
     0
 42
0.000000001
 43
0.0000000001
 40
0.0
 40
0.0
 40
0.0
 40
0.0
 40
1.0
 40
1.0
 40
1.0
 40
1.0
 10
1038.040699865138
 20
793.7990795086991
 30
0.0
 10
1038.040699865138
 20
793.7990795086991
 30
0.0
 10
1038.040699865138
 20
781.9349667511992
 30
0.0
 10
1038.040699865138
 20
781.9349667511992
 30
0.0
  0
SPLINE
  5
692
330
1F
100
AcDbEntity
  8
ºöåçæÄ
370
     0
100
AcDbSpline
210
0.0
220
0.0
230
0.0
 70
    24
 71
     3
 72
     8
 73
     4
 74
     0
 42
0.000000001
 43
0.0000000001
 40
0.0
 40
0.0
 40
0.0
 40
0.0
 40
1.0
 40
1.0
 40
1.0
 40
1.0
 10
1038.114784041953
 20
781.9349667511992
 30
0.0
 10
1038.114784041953
 20
781.9349667511992
 30
0.0
 10
1036.717843914247
 20
781.9349667511992
 30
0.0
 10
1036.717843914247
 20
781.9349667511992
 30
0.0
  0
SPLINE
  5
693
330
1F
100
AcDbEntity
  8
ºöåçæÄ
370
     0
100
AcDbSpline
210
0.0
220
0.0
230
0.0
 70
    24
 71
     3
 72
     8
 73
     4
 74
     0
 42
0.000000001
 43
0.0000000001
 40
0.0
 40
0.0
 40
0.0
 40
0.0
 40
1.0
 40
1.0
 40
1.0
 40
1.0
 10
1036.641350389164
 20
781.9349667511992
 30
0.0
 10
1036.641350389164
 20
781.9349667511992
 30
0.0
 10
1036.641350389164
 20
793.7990795086991
 30
0.0
 10
1036.641350389164
 20
793.7990795086991
 30
0.0
  0
SPLINE
  5
694
330
1F
100
AcDbEntity
  8
ºöåçæÄ
370
     0
100
AcDbSpline
210
0.0
220
0.0
230
0.0
 70
    24
 71
     3
 72
     8
 73
     4
 74
     0
 42
0.000000001
 43
0.0000000001
 40
0.0
 40
0.0
 40
0.0
 40
0.0
 40
1.0
 40
1.0
 40
1.0
 40
1.0
 10
1030.94131424894
 20
799.5015249971941
 30
0.0
 10
1030.94131424894
 20
799.5015249971941
 30
0.0
 10
1015.902139453758
 20
799.5015249971941
 30
0.0
 10
1015.902139453758
 20
799.5015249971941
 30
0.0
  0
SPLINE
  5
695
330
1F
100
AcDbEntity
  8
ºöåçæÄ
370
     0
100
AcDbSpline
210
0.0
220
0.0
230
0.0
 70
    24
 71
     3
 72
     8
 73
     4
 74
     0
 42
0.000000001
 43
0.0000000001
 40
0.0
 40
0.0
 40
0.0
 40
0.0
 40
1.0
 40
1.0
 40
1.0
 40
1.0
 10
1015.902139453758
 20
799.5015249971941
 30
0.0
 10
1015.902139453758
 20
799.5015249971941
 30
0.0
 10
1015.902139453758
 20
800.898946994546
 30
0.0
 10
1015.902139453758
 20
800.898946994546
 30
0.0
  0
SPLINE
  5
696
330
1F
100
AcDbEntity
  8
ºöåçæÄ
370
     0
100
AcDbSpline
210
0.0
220
0.0
230
0.0
 70
    24
 71
     3
 72
     8
 73
     4
 74
     0
 42
0.000000001
 43
0.0000000001
 40
0.0
 40
0.0
 40
0.0
 40
0.0
 40
1.0
 40
1.0
 40
1.0
 40
1.0
 10
1025.991526274631
 20
797.8814792195776
 30
0.0
 10
1025.991526274631
 20
797.8814792195776
 30
0.0
 10
1027.590369787447
 20
799.4210527649353
 30
0.0
 10
1027.590369787447
 20
799.4210527649353
 30
0.0
  0
SPLINE
  5
697
330
1F
100
AcDbEntity
  8
ºöåçæÄ
370
     0
100
AcDbSpline
210
0.0
220
0.0
230
0.0
 70
    24
 71
     3
 72
     8
 73
     4
 74
     0
 42
0.000000001
 43
0.0000000001
 40
0.0
 40
0.0
 40
0.0
 40
0.0
 40
1.0
 40
1.0
 40
1.0
 40
1.0
 10
1027.590369787447
 20
799.4210527649353
 30
0.0
 10
1027.590369787447
 20
799.4210527649353
 30
0.0
 10
1028.884189809145
 20
798.0747089509343
 30
0.0
 10
1028.884189809145
 20
798.0747089509343
 30
0.0
  0
SPLINE
  5
698
330
1F
100
AcDbEntity
  8
ºöåçæÄ
370
     0
100
AcDbSpline
210
0.0
220
0.0
230
0.0
 70
    24
 71
     3
 72
     8
 73
     4
 74
     0
 42
0.000000001
 43
0.0000000001
 40
0.0
 40
0.0
 40
0.0
 40
0.0
 40
1.0
 40
1.0
 40
1.0
 40
1.0
 10
1028.884189809145
 20
798.0747089509343
 30
0.0
 10
1028.884189809145
 20
798.0747089509343
 30
0.0
 10
1026.79191177035
 20
796.0619394050971
 30
0.0
 10
1026.79191177035
 20
796.0619394050971
 30
0.0
  0
SPLINE
  5
699
330
1F
100
AcDbEntity
  8
ºöåçæÄ
370
     0
100
AcDbSpline
210
0.0
220
0.0
230
0.0
 70
    24
 71
     3
 72
     8
 73
     4
 74
     0
 42
0.000000001
 43
0.0000000001
 40
0.0
 40
0.0
 40
0.0
 40
0.0
 40
1.0
 40
1.0
 40
1.0
 40
1.0
 10
988.3030550061006
 20
799.9009949405754
 30
0.0
 10
988.3030550061006
 20
799.9009949405754
 30
0.0
 10
986.7066208415392
 20
801.5591084208788
 30
0.0
 10
986.7066208415392
 20
801.5591084208788
 30
0.0
  0
SPLINE
  5
69A
330
1F
100
AcDbEntity
  8
ºöåçæÄ
370
     0
100
AcDbSpline
210
0.0
220
0.0
230
0.0
 70
    24
 71
     3
 72
     8
 73
     4
 74
     0
 42
0.000000001
 43
0.0000000001
 40
0.0
 40
0.0
 40
0.0
 40
0.0
 40
1.0
 40
1.0
 40
1.0
 40
1.0
 10
986.7066208415392
 20
801.5591084208788
 30
0.0
 10
986.7066208415392
 20
801.5591084208788
 30
0.0
 10
985.4200288646634
 20
800.3197396701262
 30
0.0
 10
985.4200288646634
 20
800.3197396701262
 30
0.0
  0
SPLINE
  5
69B
330
1F
100
AcDbEntity
  8
ºöåçæÄ
370
     0
100
AcDbSpline
210
0.0
220
0.0
230
0.0
 70
    24
 71
     3
 72
     8
 73
     4
 74
     0
 42
0.000000001
 43
0.0000000001
 40
0.0
 40
0.0
 40
0.0
 40
0.0
 40
1.0
 40
1.0
 40
1.0
 40
1.0
 10
985.4200288646634
 20
800.3197396701262
 30
0.0
 10
985.4200288646634
 20
800.3197396701262
 30
0.0
 10
987.3070304307443
 20
798.3594939166005
 30
0.0
 10
987.3070304307443
 20
798.3594939166005
 30
0.0
  0
SPLINE
  5
69C
330
1F
100
AcDbEntity
  8
ºöåçæÄ
370
     0
100
AcDbSpline
210
0.0
220
0.0
230
0.0
 70
    24
 71
     3
 72
     8
 73
     4
 74
     0
 42
0.000000001
 43
0.0000000001
 40
0.0
 40
0.0
 40
0.0
 40
0.0
 40
1.0
 40
1.0
 40
1.0
 40
1.0
 10
988.3030550061006
 20
799.9009949405754
 30
0.0
 10
988.3030550061006
 20
799.9009949405754
 30
0.0
 10
1025.989116926359
 20
797.8814792195776
 30
0.0
 10
1025.989116926359
 20
797.8814792195776
 30
0.0
  0
SPLINE
  5
69D
330
1F
100
AcDbEntity
  8
ºöåçæÄ
370
     0
100
AcDbSpline
210
0.0
220
0.0
230
0.0
 70
    24
 71
     3
 72
     8
 73
     4
 74
     0
 42
0.000000001
 43
0.0000000001
 40
0.0
 40
0.0
 40
0.0
 40
0.0
 40
1.0
 40
1.0
 40
1.0
 40
1.0
 10
1026.79191177035
 20
796.0619394050971
 30
0.0
 10
1026.79191177035
 20
796.0619394050971
 30
0.0
 10
987.3051029521374
 20
798.3594939166005
 30
0.0
 10
987.3051029521374
 20
798.3594939166005
 30
0.0
  0
SPLINE
  5
69E
330
1F
100
AcDbEntity
  8
ºöåçæÄ
370
     0
100
AcDbSpline
210
0.0
220
0.0
230
0.0
 70
    24
 71
     3
 72
     8
 73
     4
 74
     0
 42
0.000000001
 43
0.0000000001
 40
0.0
 40
0.0
 40
0.0
 40
0.0
 40
1.0
 40
1.0
 40
1.0
 40
1.0
 10
1009.262939357382
 20
798.7782386461526
 30
0.0
 10
1009.262939357382
 20
798.7782386461526
 30
0.0
 10
1009.262939357382
 20
797.0830212024711
 30
0.0
 10
1009.262939357382
 20
797.0830212024711
 30
0.0
  0
SPLINE
  5
69F
330
1F
100
AcDbEntity
  8
ºöåçæÄ
370
     0
100
AcDbSpline
210
0.0
220
0.0
230
0.0
 70
    24
 71
     3
 72
     8
 73
     4
 74
     0
 42
0.000000001
 43
0.0000000001
 40
0.0
 40
0.0
 40
0.0
 40
0.0
 40
1.0
 40
1.0
 40
1.0
 40
1.0
 10
1004.567601446293
 20
799.0292927360217
 30
0.0
 10
1004.567601446293
 20
799.0292927360217
 30
0.0
 10
1004.567601446293
 20
797.3557594267813
 30
0.0
 10
1004.567601446293
 20
797.3557594267813
 30
0.0
  0
SPLINE
  5
6A0
330
1F
100
AcDbEntity
  8
ºöåçæÄ
370
     0
100
AcDbSpline
210
0.0
220
0.0
230
0.0
 70
    24
 71
     3
 72
     8
 73
     4
 74
     0
 42
0.000000001
 43
0.0000000001
 40
0.0
 40
0.0
 40
0.0
 40
0.0
 40
1.0
 40
1.0
 40
1.0
 40
1.0
 10
1004.294863221979
 20
795.9665292135554
 30
0.0
 10
1004.294863221979
 20
795.9665292135554
 30
0.0
 10
1009.292333406292
 20
795.9665292135554
 30
0.0
 10
1009.292333406292
 20
795.9665292135554
 30
0.0
  0
SPLINE
  5
6A1
330
1F
100
AcDbEntity
  8
ºöåçæÄ
370
     0
100
AcDbSpline
210
0.0
220
0.0
230
0.0
 70
    24
 71
     3
 72
     8
 73
     4
 74
     0
 42
0.000000001
 43
0.0000000001
 40
0.0
 40
0.0
 40
0.0
 40
0.0
 40
1.0
 40
1.0
 40
1.0
 40
1.0
 10
1005.654699386296
 20
807.8190770993531
 30
0.0
 10
1005.654699386296
 20
807.8190770993531
 30
0.0
 10
1005.654699386296
 20
795.9665292135554
 30
0.0
 10
1005.654699386296
 20
795.9665292135554
 30
0.0
  0
SPLINE
  5
6A2
330
1F
100
AcDbEntity
  8
ºöåçæÄ
370
     0
100
AcDbSpline
210
0.0
220
0.0
230
0.0
 70
    24
 71
     3
 72
     8
 73
     4
 74
     0
 42
0.000000001
 43
0.0000000001
 40
0.0
 40
0.0
 40
0.0
 40
0.0
 40
1.0
 40
1.0
 40
1.0
 40
1.0
 10
1007.987912252215
 20
807.8190770993531
 30
0.0
 10
1007.987912252215
 20
807.8190770993531
 30
0.0
 10
1007.987912252215
 20
795.9665292135554
 30
0.0
 10
1007.987912252215
 20
795.9665292135554
 30
0.0
  0
SPLINE
  5
6A3
330
1F
100
AcDbEntity
  8
ºöåçæÄ
370
     0
100
AcDbSpline
210
0.0
220
0.0
230
0.0
 70
    24
 71
     3
 72
     8
 73
     4
 74
     0
 42
0.000000001
 43
0.0000000001
 40
0.0
 40
0.0
 40
0.0
 40
0.0
 40
1.0
 40
1.0
 40
1.0
 40
1.0
 10
1003.747941164396
 20
797.3041993737775
 30
0.0
 10
1003.747941164396
 20
797.3041993737775
 30
0.0
 10
1010.197284616987
 20
796.9288229131072
 30
0.0
 10
1010.197284616987
 20
796.9288229131072
 30
0.0
  0
SPLINE
  5
6A4
330
1F
100
AcDbEntity
  8
ºöåçæÄ
370
     0
100
AcDbSpline
210
0.0
220
0.0
230
0.0
 70
    24
 71
     3
 72
     8
 73
     4
 74
     0
 42
0.000000001
 43
0.0000000001
 40
0.0
 40
0.0
 40
0.0
 40
0.0
 40
1.0
 40
1.0
 40
1.0
 40
1.0
 10
1005.654699386296
 20
807.8190770993531
 30
0.0
 10
1005.654699386296
 20
807.8190770993531
 30
0.0
 10
1006.806849729638
 20
809.4940560175551
 30
0.0
 10
1006.806849729638
 20
809.4940560175551
 30
0.0
  0
SPLINE
  5
6A5
330
1F
100
AcDbEntity
  8
ºöåçæÄ
370
     0
100
AcDbSpline
210
0.0
220
0.0
230
0.0
 70
    24
 71
     3
 72
     8
 73
     4
 74
     0
 42
0.000000001
 43
0.0000000001
 40
0.0
 40
0.0
 40
0.0
 40
0.0
 40
1.0
 40
1.0
 40
1.0
 40
1.0
 10
1006.806849729638
 20
809.4940560175551
 30
0.0
 10
1006.806849729638
 20
809.4940560175551
 30
0.0
 10
1007.987912252215
 20
807.8190770993531
 30
0.0
 10
1007.987912252215
 20
807.8190770993531
 30
0.0
  0
SPLINE
  5
6A6
330
1F
100
AcDbEntity
  8
ºöåçæÄ
370
     0
100
AcDbSpline
210
0.0
220
0.0
230
0.0
 70
    24
 71
     3
 72
     8
 73
     4
 74
     0
 42
0.000000001
 43
0.0000000001
 40
0.0
 40
0.0
 40
0.0
 40
0.0
 40
1.0
 40
1.0
 40
1.0
 40
1.0
 10
1010.139942128147
 20
795.9525549935788
 30
0.0
 10
1010.139942128147
 20
795.9525549935788
 30
0.0
 10
1003.690116805891
 20
796.3284133239008
 30
0.0
 10
1003.690116805891
 20
796.3284133239008
 30
0.0
  0
SPLINE
  5
6A7
330
1F
100
AcDbEntity
  8
ºöåçæÄ
370
     0
100
AcDbSpline
210
0.0
220
0.0
230
0.0
 70
    24
 71
     3
 72
     8
 73
     4
 74
     0
 42
0.000000001
 43
0.0000000001
 40
0.0
 40
0.0
 40
0.0
 40
0.0
 40
1.0
 40
1.0
 40
1.0
 40
1.0
 10
1010.197284616987
 20
796.9288229131072
 30
0.0
 10
1010.197284616987
 20
796.9288229131072
 30
0.0
 10
1010.139942128147
 20
795.9525549935788
 30
0.0
 10
1010.139942128147
 20
795.9525549935788
 30
0.0
  0
SPLINE
  5
6A8
330
1F
100
AcDbEntity
  8
ºöåçæÄ
370
     0
100
AcDbSpline
210
0.0
220
0.0
230
0.0
 70
    24
 71
     3
 72
     8
 73
     4
 74
     0
 42
0.000000001
 43
0.0000000001
 40
0.0
 40
0.0
 40
0.0
 40
0.0
 40
1.0
 40
1.0
 40
1.0
 40
1.0
 10
1003.747941164396
 20
797.3041993737775
 30
0.0
 10
1003.747941164396
 20
797.3041993737775
 30
0.0
 10
1003.690116805891
 20
796.3284133239008
 30
0.0
 10
1003.690116805891
 20
796.3284133239008
 30
0.0
  0
SPLINE
  5
6A9
330
1F
100
AcDbEntity
  8
ºöåçæÄ
370
     0
100
AcDbSpline
210
0.0
220
0.0
230
0.0
 70
    24
 71
     3
 72
     8
 73
     4
 74
     0
 42
0.000000001
 43
0.0000000001
 40
0.0
 40
0.0
 40
0.0
 40
0.0
 40
1.0
 40
1.0
 40
1.0
 40
1.0
 10
1008.836002843706
 20
801.5591084208788
 30
0.0
 10
1008.836002843706
 20
801.5591084208788
 30
0.0
 10
1008.836002843706
 20
810.071335863355
 30
0.0
 10
1008.836002843706
 20
810.071335863355
 30
0.0
  0
SPLINE
  5
6AA
330
1F
100
AcDbEntity
  8
ºöåçæÄ
370
     0
100
AcDbSpline
210
0.0
220
0.0
230
0.0
 70
    24
 71
     3
 72
     8
 73
     4
 74
     0
 42
0.000000001
 43
0.0000000001
 40
0.0
 40
0.0
 40
0.0
 40
0.0
 40
1.0
 40
1.0
 40
1.0
 40
1.0
 10
1008.836002843706
 20
810.071335863355
 30
0.0
 10
1008.836002843706
 20
810.071335863355
 30
0.0
 10
1004.992610481344
 20
810.071335863355
 30
0.0
 10
1004.992610481344
 20
810.071335863355
 30
0.0
  0
SPLINE
  5
6AB
330
1F
100
AcDbEntity
  8
ºöåçæÄ
370
     0
100
AcDbSpline
210
0.0
220
0.0
230
0.0
 70
    24
 71
     3
 72
     8
 73
     4
 74
     0
 42
0.000000001
 43
0.0000000001
 40
0.0
 40
0.0
 40
0.0
 40
0.0
 40
1.0
 40
1.0
 40
1.0
 40
1.0
 10
1004.992610481344
 20
810.071335863355
 30
0.0
 10
1004.992610481344
 20
810.071335863355
 30
0.0
 10
1004.992610481344
 20
801.5591084208788
 30
0.0
 10
1004.992610481344
 20
801.5591084208788
 30
0.0
  0
SPLINE
  5
6AC
330
1F
100
AcDbEntity
  8
ºöåçæÄ
370
     0
100
AcDbSpline
210
0.0
220
0.0
230
0.0
 70
    24
 71
     3
 72
     8
 73
     4
 74
     0
 42
0.000000001
 43
0.0000000001
 40
0.0
 40
0.0
 40
0.0
 40
0.0
 40
1.0
 40
1.0
 40
1.0
 40
1.0
 10
1032.512186436061
 20
801.5591084208788
 30
0.0
 10
1032.512186436061
 20
801.5591084208788
 30
0.0
 10
1032.512186436061
 20
811.5554943984715
 30
0.0
 10
1032.512186436061
 20
811.5554943984715
 30
0.0
  0
SPLINE
  5
6AD
330
1F
100
AcDbEntity
  8
ºöåçæÄ
370
     0
100
AcDbSpline
210
0.0
220
0.0
230
0.0
 70
    24
 71
     3
 72
     8
 73
     4
 74
     0
 42
0.000000001
 43
0.0000000001
 40
0.0
 40
0.0
 40
0.0
 40
0.0
 40
1.0
 40
1.0
 40
1.0
 40
1.0
 10
1014.534593374974
 20
801.5591084208788
 30
0.0
 10
1014.534593374974
 20
801.5591084208788
 30
0.0
 10
1015.899730105487
 20
800.2011997351784
 30
0.0
 10
1015.899730105487
 20
800.2011997351784
 30
0.0
  0
SPLINE
  5
6AE
330
1F
100
AcDbEntity
  8
ºöåçæÄ
370
     0
100
AcDbSpline
210
0.0
220
0.0
230
0.0
 70
    24
 71
     3
 72
     8
 73
     4
 74
     0
 42
0.000000001
 43
0.0000000001
 40
0.0
 40
0.0
 40
0.0
 40
0.0
 40
1.0
 40
1.0
 40
1.0
 40
1.0
 10
1032.512186436061
 20
801.5591084208788
 30
0.0
 10
1032.512186436061
 20
801.5591084208788
 30
0.0
 10
1032.899609638073
 20
800.898946994546
 30
0.0
 10
1032.899609638073
 20
800.898946994546
 30
0.0
  0
SPLINE
  5
6AF
330
1F
100
AcDbEntity
  8
ºöåçæÄ
370
     0
100
AcDbSpline
210
0.0
220
0.0
230
1.0
 70
     8
 71
     3
 72
    12
 73
     8
 74
     0
 42
0.000000001
 43
0.0000000001
 40
0.0
 40
0.0
 40
0.0
 40
0.0
 40
0.3333333333333333
 40
0.3333333333333333
 40
0.3333333333333333
 40
0.3333333433333333
 40
1.0
 40
1.0
 40
1.0
 40
1.0
 10
983.519534948277
 20
801.5591084208788
 30
0.0
 10
982.1654812198046
 20
804.1650595111089
 30
0.0
 10
983.596152223296
 20
806.3108250815215
 30
0.0
 10
983.9855029039439
 20
808.8329308519121
 30
0.0
 10
983.9855029039439
 20
808.8329308519121
 30
0.0
 10
984.2524586923955
 20
810.5613973017371
 30
0.0
 10
984.0288711728245
 20
812.469119262947
 30
0.0
 10
982.6179568251593
 20
813.5566990726099
 30
0.0
  0
SPLINE
  5
6B0
330
1F
100
AcDbEntity
  8
ºöåçæÄ
370
     0
100
AcDbSpline
210
0.0
220
0.0
230
1.0
 70
    11
 71
     3
 72
    28
 73
    24
 74
     0
 42
0.000000001
 43
0.0000000001
 40
0.0
 40
0.0
 40
0.0
 40
0.0
 40
0.1428571428571428
 40
0.1428571428571428
 40
0.1428571428571428
 40
0.1428571528571428
 40
0.2857142857142857
 40
0.2857142857142857
 40
0.2857142857142857
 40
0.2857142957142857
 40
0.428571428571429
 40
0.428571428571429
 40
0.428571428571429
 40
0.4285714385714289
 40
0.5714285714285714
 40
0.5714285714285714
 40
0.5714285714285714
 40
0.5714285814285715
 40
0.7142857142857145
 40
0.7142857142857145
 40
0.7142857142857145
 40
0.7142857242857146
 40
1.0
 40
1.0
 40
1.0
 40
1.0
 10
983.4684567649301
 20
812.5153787497568
 30
0.0
 10
983.4684567649301
 20
812.5153787497568
 30
0.0
 10
983.7156558975587
 20
812.5153787497568
 30
0.0
 10
983.7156558975587
 20
812.5153787497568
 30
0.0
 10
983.7156558975587
 20
812.5153787497568
 30
0.0
 10
983.7156558975587
 20
812.6517478619113
 30
0.0
 10
983.6043440074345
 20
812.7625778823892
 30
0.0
 10
983.4684567649301
 20
812.7625778823892
 30
0.0
 10
983.4684567649301
 20
812.7625778823892
 30
0.0
 10
983.3320876527674
 20
812.7625778823892
 30
0.0
 10
983.2212576323007
 20
812.6517478619113
 30
0.0
 10
983.2212576323007
 20
812.5153787497568
 30
0.0
 10
983.2212576323007
 20
812.5153787497568
 30
0.0
 10
983.2212576323007
 20
812.3794915072556
 30
0.0
 10
983.3320876527674
 20
812.268661486776
 30
0.0
 10
983.4684567649301
 20
812.268661486776
 30
0.0
 10
983.4684567649301
 20
812.268661486776
 30
0.0
 10
983.6043440074345
 20
812.268661486776
 30
0.0
 10
983.7156558975587
 20
812.3794915072556
 30
0.0
 10
983.7156558975587
 20
812.5153787497568
 30
0.0
 10
983.7156558975587
 20
812.5153787497568
 30
0.0
 10
983.7156558975587
 20
812.5153787497568
 30
0.0
 10
983.4684567649301
 20
812.5153787497568
 30
0.0
 10
983.4684567649301
 20
812.5153787497568
 30
0.0
  0
SPLINE
  5
6B1
330
1F
100
AcDbEntity
  8
ºöåçæÄ
370
     0
100
AcDbSpline
210
0.0
220
0.0
230
0.0
 70
    24
 71
     3
 72
     8
 73
     4
 74
     0
 42
0.000000001
 43
0.0000000001
 40
0.0
 40
0.0
 40
0.0
 40
0.0
 40
1.0
 40
1.0
 40
1.0
 40
1.0
 10
983.6616864962817
 20
812.7095722204238
 30
0.0
 10
983.6616864962817
 20
812.7095722204238
 30
0.0
 10
984.5112226967399
 20
813.5591084208785
 30
0.0
 10
984.5112226967399
 20
813.5591084208785
 30
0.0
  0
SPLINE
  5
6B2
330
1F
100
AcDbEntity
  8
ºöåçæÄ
370
     0
100
AcDbSpline
210
0.0
220
0.0
230
0.0
 70
    24
 71
     3
 72
     8
 73
     4
 74
     0
 42
0.000000001
 43
0.0000000001
 40
0.0
 40
0.0
 40
0.0
 40
0.0
 40
1.0
 40
1.0
 40
1.0
 40
1.0
 10
984.0346536086768
 20
810.399489097907
 30
0.0
 10
984.0346536086768
 20
810.399489097907
 30
0.0
 10
986.0093554518313
 20
812.3732272017473
 30
0.0
 10
986.0093554518313
 20
812.3732272017473
 30
0.0
  0
SPLINE
  5
6B3
330
1F
100
AcDbEntity
  8
ºöåçæÄ
370
     0
100
AcDbSpline
210
0.0
220
0.0
230
1.0
 70
    11
 71
     3
 72
    28
 73
    24
 74
     0
 42
0.000000001
 43
0.0000000001
 40
0.0
 40
0.0
 40
0.0
 40
0.0
 40
0.1428571428571428
 40
0.1428571428571428
 40
0.1428571428571428
 40
0.1428571528571428
 40
0.2857142857142857
 40
0.2857142857142857
 40
0.2857142857142857
 40
0.2857142957142857
 40
0.428571428571429
 40
0.428571428571429
 40
0.428571428571429
 40
0.4285714385714289
 40
0.5714285714285714
 40
0.5714285714285714
 40
0.5714285714285714
 40
0.5714285814285715
 40
0.7142857142857145
 40
0.7142857142857145
 40
0.7142857142857145
 40
0.7142857242857146
 40
1.0
 40
1.0
 40
1.0
 40
1.0
 10
986.6810817498745
 20
813.0454353694402
 30
0.0
 10
986.6810817498745
 20
813.0454353694402
 30
0.0
 10
986.9282808825074
 20
813.0454353694402
 30
0.0
 10
986.9282808825074
 20
813.0454353694402
 30
0.0
 10
986.9282808825074
 20
813.0454353694402
 30
0.0
 10
986.9282808825074
 20
813.1813226119401
 30
0.0
 10
986.8174508620263
 20
813.2926345020749
 30
0.0
 10
986.6810817498745
 20
813.2926345020749
 30
0.0
 10
986.6810817498745
 20
813.2926345020749
 30
0.0
 10
986.5451945073733
 20
813.2926345020749
 30
0.0
 10
986.4343644868792
 20
813.1813226119401
 30
0.0
 10
986.4343644868792
 20
813.0454353694402
 30
0.0
 10
986.4343644868792
 20
813.0454353694402
 30
0.0
 10
986.4343644868792
 20
812.9095481269377
 30
0.0
 10
986.5451945073733
 20
812.7982362368054
 30
0.0
 10
986.6810817498745
 20
812.7982362368054
 30
0.0
 10
986.6810817498745
 20
812.7982362368054
 30
0.0
 10
986.8174508620263
 20
812.7982362368054
 30
0.0
 10
986.9282808825074
 20
812.9095481269377
 30
0.0
 10
986.9282808825074
 20
813.0454353694402
 30
0.0
 10
986.9282808825074
 20
813.0454353694402
 30
0.0
 10
986.9282808825074
 20
813.0454353694402
 30
0.0
 10
986.6810817498745
 20
813.0454353694402
 30
0.0
 10
986.6810817498745
 20
813.0454353694402
 30
0.0
  0
SPLINE
  5
6B4
330
1F
100
AcDbEntity
  8
ºöåçæÄ
370
     0
100
AcDbSpline
210
0.0
220
0.0
230
0.0
 70
    24
 71
     3
 72
     8
 73
     4
 74
     0
 42
0.000000001
 43
0.0000000001
 40
0.0
 40
0.0
 40
0.0
 40
0.0
 40
1.0
 40
1.0
 40
1.0
 40
1.0
 10
983.6578315390566
 20
807.3386530540567
 30
0.0
 10
983.6578315390566
 20
807.3386530540567
 30
0.0
 10
985.0032116137368
 20
808.6821056501291
 30
0.0
 10
985.0032116137368
 20
808.6821056501291
 30
0.0
  0
SPLINE
  5
6B5
330
1F
100
AcDbEntity
  8
ºöåçæÄ
370
     0
100
AcDbSpline
210
0.0
220
0.0
230
1.0
 70
    11
 71
     3
 72
    28
 73
    24
 74
     0
 42
0.000000001
 43
0.0000000001
 40
0.0
 40
0.0
 40
0.0
 40
0.0
 40
0.1428571428571428
 40
0.1428571428571428
 40
0.1428571428571428
 40
0.1428571528571428
 40
0.2857142857142857
 40
0.2857142857142857
 40
0.2857142857142857
 40
0.2857142957142857
 40
0.428571428571429
 40
0.428571428571429
 40
0.428571428571429
 40
0.4285714385714289
 40
0.5714285714285714
 40
0.5714285714285714
 40
0.5714285714285714
 40
0.5714285814285715
 40
0.7142857142857145
 40
0.7142857142857145
 40
0.7142857142857145
 40
0.7142857242857146
 40
1.0
 40
1.0
 40
1.0
 40
1.0
 10
985.6759016510851
 20
809.3543138178198
 30
0.0
 10
985.6759016510851
 20
809.3543138178198
 30
0.0
 10
985.9231007837106
 20
809.3543138178198
 30
0.0
 10
985.9231007837106
 20
809.3543138178198
 30
0.0
 10
985.9231007837106
 20
809.3543138178198
 30
0.0
 10
985.9231007837106
 20
809.490201060321
 30
0.0
 10
985.8117888935794
 20
809.6010310808003
 30
0.0
 10
985.6759016510851
 20
809.6010310808003
 30
0.0
 10
985.6759016510851
 20
809.6010310808003
 30
0.0
 10
985.53953253894
 20
809.6010310808003
 30
0.0
 10
985.4287025184522
 20
809.490201060321
 30
0.0
 10
985.4287025184522
 20
809.3543138178198
 30
0.0
 10
985.4287025184522
 20
809.3543138178198
 30
0.0
 10
985.4287025184522
 20
809.2179447056656
 30
0.0
 10
985.53953253894
 20
809.1071146851835
 30
0.0
 10
985.6759016510851
 20
809.1071146851835
 30
0.0
 10
985.6759016510851
 20
809.1071146851835
 30
0.0
 10
985.8117888935794
 20
809.1071146851835
 30
0.0
 10
985.9231007837106
 20
809.2179447056656
 30
0.0
 10
985.9231007837106
 20
809.3543138178198
 30
0.0
 10
985.9231007837106
 20
809.3543138178198
 30
0.0
 10
985.9231007837106
 20
809.3543138178198
 30
0.0
 10
985.6759016510851
 20
809.3543138178198
 30
0.0
 10
985.6759016510851
 20
809.3543138178198
 30
0.0
  0
SPLINE
  5
6B6
330
1F
100
AcDbEntity
  8
ºöåçæÄ
370
     0
100
AcDbSpline
210
0.0
220
0.0
230
0.0
 70
    24
 71
     3
 72
     8
 73
     4
 74
     0
 42
0.000000001
 43
0.0000000001
 40
0.0
 40
0.0
 40
0.0
 40
0.0
 40
1.0
 40
1.0
 40
1.0
 40
1.0
 10
986.344736731195
 20
810.0255582462008
 30
0.0
 10
986.344736731195
 20
810.0255582462008
 30
0.0
 10
989.7004770034495
 20
813.3808166488043
 30
0.0
 10
989.7004770034495
 20
813.3808166488043
 30
0.0
  0
SPLINE
  5
6B7
330
1F
100
AcDbEntity
  8
ºöåçæÄ
370
     0
100
AcDbSpline
210
0.0
220
0.0
230
1.0
 70
    11
 71
     3
 72
    28
 73
    24
 74
     0
 42
0.000000001
 43
0.0000000001
 40
0.0
 40
0.0
 40
0.0
 40
0.0
 40
0.1428571428571428
 40
0.1428571428571428
 40
0.1428571428571428
 40
0.1428571528571428
 40
0.2857142857142857
 40
0.2857142857142857
 40
0.2857142857142857
 40
0.2857142957142857
 40
0.428571428571429
 40
0.428571428571429
 40
0.428571428571429
 40
0.4285714385714289
 40
0.5714285714285714
 40
0.5714285714285714
 40
0.5714285714285714
 40
0.5714285814285715
 40
0.7142857142857145
 40
0.7142857142857145
 40
0.7142857142857145
 40
0.7142857242857146
 40
1.0
 40
1.0
 40
1.0
 40
1.0
 10
989.878286905872
 20
813.5591084208785
 30
0.0
 10
989.878286905872
 20
813.5591084208785
 30
0.0
 10
990.1254860385117
 20
813.5591084208785
 30
0.0
 10
990.1254860385117
 20
813.5591084208785
 30
0.0
 10
990.1254860385117
 20
813.5591084208785
 30
0.0
 10
990.1254860385117
 20
813.6949956633811
 30
0.0
 10
990.0146560180278
 20
813.8063075535145
 30
0.0
 10
989.878286905872
 20
813.8063075535145
 30
0.0
 10
989.878286905872
 20
813.8063075535145
 30
0.0
 10
989.7423996633776
 20
813.8063075535145
 30
0.0
 10
989.6315696428974
 20
813.6949956633811
 30
0.0
 10
989.6315696428974
 20
813.5591084208785
 30
0.0
 10
989.6315696428974
 20
813.5591084208785
 30
0.0
 10
989.6315696428974
 20
813.4227393087254
 30
0.0
 10
989.7423996633776
 20
813.311909288247
 30
0.0
 10
989.878286905872
 20
813.311909288247
 30
0.0
 10
989.878286905872
 20
813.311909288247
 30
0.0
 10
990.0146560180278
 20
813.311909288247
 30
0.0
 10
990.1254860385117
 20
813.4227393087254
 30
0.0
 10
990.1254860385117
 20
813.5591084208785
 30
0.0
 10
990.1254860385117
 20
813.5591084208785
 30
0.0
 10
990.1254860385117
 20
813.5591084208785
 30
0.0
 10
989.878286905872
 20
813.5591084208785
 30
0.0
 10
989.878286905872
 20
813.5591084208785
 30
0.0
  0
SPLINE
  5
6B8
330
1F
100
AcDbEntity
  8
ºöåçæÄ
370
     0
100
AcDbSpline
210
0.0
220
0.0
230
0.0
 70
    24
 71
     3
 72
     8
 73
     4
 74
     0
 42
0.000000001
 43
0.0000000001
 40
0.0
 40
0.0
 40
0.0
 40
0.0
 40
1.0
 40
1.0
 40
1.0
 40
1.0
 10
983.001043200293
 20
803.997368871428
 30
0.0
 10
983.001043200293
 20
803.997368871428
 30
0.0
 10
983.997067775649
 20
804.9929115771272
 30
0.0
 10
983.997067775649
 20
804.9929115771272
 30
0.0
  0
SPLINE
  5
6B9
330
1F
100
AcDbEntity
  8
ºöåçæÄ
370
     0
100
AcDbSpline
210
0.0
220
0.0
230
1.0
 70
    11
 71
     3
 72
    28
 73
    24
 74
     0
 42
0.000000001
 43
0.0000000001
 40
0.0
 40
0.0
 40
0.0
 40
0.0
 40
0.1428571428571428
 40
0.1428571428571428
 40
0.1428571428571428
 40
0.1428571528571428
 40
0.2857142857142857
 40
0.2857142857142857
 40
0.2857142857142857
 40
0.2857142957142857
 40
0.428571428571429
 40
0.428571428571429
 40
0.428571428571429
 40
0.4285714385714289
 40
0.5714285714285714
 40
0.5714285714285714
 40
0.5714285714285714
 40
0.5714285814285715
 40
0.7142857142857145
 40
0.7142857142857145
 40
0.7142857142857145
 40
0.7142857242857146
 40
1.0
 40
1.0
 40
1.0
 40
1.0
 10
984.6697578129939
 20
805.6646378751599
 30
0.0
 10
984.6697578129939
 20
805.6646378751599
 30
0.0
 10
984.9169569456263
 20
805.6646378751599
 30
0.0
 10
984.9169569456263
 20
805.6646378751599
 30
0.0
 10
984.9169569456263
 20
805.6646378751599
 30
0.0
 10
984.9169569456263
 20
805.8005251176627
 30
0.0
 10
984.8061269251459
 20
805.9118370077952
 30
0.0
 10
984.6697578129939
 20
805.9118370077952
 30
0.0
 10
984.6697578129939
 20
805.9118370077952
 30
0.0
 10
984.5338705704994
 20
805.9118370077952
 30
0.0
 10
984.4230405500054
 20
805.8005251176627
 30
0.0
 10
984.4230405500054
 20
805.6646378751599
 30
0.0
 10
984.4230405500054
 20
805.6646378751599
 30
0.0
 10
984.4230405500054
 20
805.5287506326607
 30
0.0
 10
984.5338705704994
 20
805.4174387425273
 30
0.0
 10
984.6697578129939
 20
805.4174387425273
 30
0.0
 10
984.6697578129939
 20
805.4174387425273
 30
0.0
 10
984.8061269251459
 20
805.4174387425273
 30
0.0
 10
984.9169569456263
 20
805.5287506326607
 30
0.0
 10
984.9169569456263
 20
805.6646378751599
 30
0.0
 10
984.9169569456263
 20
805.6646378751599
 30
0.0
 10
984.9169569456263
 20
805.6646378751599
 30
0.0
 10
984.6697578129939
 20
805.6646378751599
 30
0.0
 10
984.6697578129939
 20
805.6646378751599
 30
0.0
  0
SPLINE
  5
6BA
330
1F
100
AcDbEntity
  8
ºöåçæÄ
370
     0
100
AcDbSpline
210
0.0
220
0.0
230
0.0
 70
    24
 71
     3
 72
     8
 73
     4
 74
     0
 42
0.000000001
 43
0.0000000001
 40
0.0
 40
0.0
 40
0.0
 40
0.0
 40
1.0
 40
1.0
 40
1.0
 40
1.0
 10
985.3390747627548
 20
806.3344366945818
 30
0.0
 10
985.3390747627548
 20
806.3344366945818
 30
0.0
 10
988.6919238170799
 20
809.6901769668379
 30
0.0
 10
988.6919238170799
 20
809.6901769668379
 30
0.0
  0
SPLINE
  5
6BB
330
1F
100
AcDbEntity
  8
ºöåçæÄ
370
     0
100
AcDbSpline
210
0.0
220
0.0
230
1.0
 70
    11
 71
     3
 72
    28
 73
    24
 74
     0
 42
0.000000001
 43
0.0000000001
 40
0.0
 40
0.0
 40
0.0
 40
0.0
 40
0.1428571428571428
 40
0.1428571428571428
 40
0.1428571428571428
 40
0.1428571528571428
 40
0.2857142857142857
 40
0.2857142857142857
 40
0.2857142857142857
 40
0.2857142957142857
 40
0.428571428571429
 40
0.428571428571429
 40
0.428571428571429
 40
0.4285714385714289
 40
0.5714285714285714
 40
0.5714285714285714
 40
0.5714285714285714
 40
0.5714285814285715
 40
0.7142857142857145
 40
0.7142857142857145
 40
0.7142857142857145
 40
0.7142857242857146
 40
1.0
 40
1.0
 40
1.0
 40
1.0
 10
989.3650957240859
 20
810.3599757862573
 30
0.0
 10
989.3650957240859
 20
810.3599757862573
 30
0.0
 10
989.611812987068
 20
810.3599757862573
 30
0.0
 10
989.611812987068
 20
810.3599757862573
 30
0.0
 10
989.611812987068
 20
810.3599757862573
 30
0.0
 10
989.611812987068
 20
810.4958630287585
 30
0.0
 10
989.5009829665877
 20
810.6071749188902
 30
0.0
 10
989.3650957240859
 20
810.6071749188902
 30
0.0
 10
989.3650957240859
 20
810.6071749188902
 30
0.0
 10
989.228726611927
 20
810.6071749188902
 30
0.0
 10
989.1178965914503
 20
810.4958630287585
 30
0.0
 10
989.1178965914503
 20
810.3599757862573
 30
0.0
 10
989.1178965914503
 20
810.3599757862573
 30
0.0
 10
989.1178965914503
 20
810.2236066741026
 30
0.0
 10
989.228726611927
 20
810.1132585232774
 30
0.0
 10
989.3650957240859
 20
810.1132585232774
 30
0.0
 10
989.3650957240859
 20
810.1132585232774
 30
0.0
 10
989.5009829665877
 20
810.1132585232774
 30
0.0
 10
989.611812987068
 20
810.2236066741026
 30
0.0
 10
989.611812987068
 20
810.3599757862573
 30
0.0
 10
989.611812987068
 20
810.3599757862573
 30
0.0
 10
989.611812987068
 20
810.3599757862573
 30
0.0
 10
989.3650957240859
 20
810.3599757862573
 30
0.0
 10
989.3650957240859
 20
810.3599757862573
 30
0.0
  0
SPLINE
  5
6BC
330
1F
100
AcDbEntity
  8
ºöåçæÄ
370
     0
100
AcDbSpline
210
0.0
220
0.0
230
0.0
 70
    24
 71
     3
 72
     8
 73
     4
 74
     0
 42
0.000000001
 43
0.0000000001
 40
0.0
 40
0.0
 40
0.0
 40
0.0
 40
1.0
 40
1.0
 40
1.0
 40
1.0
 10
990.0358582828136
 20
811.0317020842924
 30
0.0
 10
990.0358582828136
 20
811.0317020842924
 30
0.0
 10
992.563264619396
 20
813.5591084208785
 30
0.0
 10
992.563264619396
 20
813.5591084208785
 30
0.0
  0
SPLINE
  5
6BD
330
1F
100
AcDbEntity
  8
ºöåçæÄ
370
     0
100
AcDbSpline
210
0.0
220
0.0
230
1.0
 70
    11
 71
     3
 72
    28
 73
    24
 74
     0
 42
0.000000001
 43
0.0000000001
 40
0.0
 40
0.0
 40
0.0
 40
0.0
 40
0.1428571428571428
 40
0.1428571428571428
 40
0.1428571428571428
 40
0.1428571528571428
 40
0.2857142857142857
 40
0.2857142857142857
 40
0.2857142857142857
 40
0.2857142957142857
 40
0.428571428571429
 40
0.428571428571429
 40
0.428571428571429
 40
0.4285714385714289
 40
0.5714285714285714
 40
0.5714285714285714
 40
0.5714285714285714
 40
0.5714285814285715
 40
0.7142857142857145
 40
0.7142857142857145
 40
0.7142857142857145
 40
0.7142857242857146
 40
1.0
 40
1.0
 40
1.0
 40
1.0
 10
983.6621683659398
 20
801.9739981931959
 30
0.0
 10
983.6621683659398
 20
801.9739981931959
 30
0.0
 10
983.9093674985756
 20
801.9739981931959
 30
0.0
 10
983.9093674985756
 20
801.9739981931959
 30
0.0
 10
983.9093674985756
 20
801.9739981931959
 30
0.0
 10
983.9093674985756
 20
802.1098854356951
 30
0.0
 10
983.7985374780915
 20
802.2211973258311
 30
0.0
 10
983.6621683659398
 20
802.2211973258311
 30
0.0
 10
983.6621683659398
 20
802.2211973258311
 30
0.0
 10
983.5262811234418
 20
802.2211973258311
 30
0.0
 10
983.4149692333003
 20
802.1098854356951
 30
0.0
 10
983.4149692333003
 20
801.9739981931959
 30
0.0
 10
983.4149692333003
 20
801.9739981931959
 30
0.0
 10
983.4149692333003
 20
801.8376290810392
 30
0.0
 10
983.5262811234418
 20
801.7267990605608
 30
0.0
 10
983.6621683659398
 20
801.7267990605608
 30
0.0
 10
983.6621683659398
 20
801.7267990605608
 30
0.0
 10
983.7985374780915
 20
801.7267990605608
 30
0.0
 10
983.9093674985756
 20
801.8376290810392
 30
0.0
 10
983.9093674985756
 20
801.9739981931959
 30
0.0
 10
983.9093674985756
 20
801.9739981931959
 30
0.0
 10
983.9093674985756
 20
801.9739981931959
 30
0.0
 10
983.6621683659398
 20
801.9739981931959
 30
0.0
 10
983.6621683659398
 20
801.9739981931959
 30
0.0
  0
SPLINE
  5
6BE
330
1F
100
AcDbEntity
  8
ºöåçæÄ
370
     0
100
AcDbSpline
210
0.0
220
0.0
230
0.0
 70
    24
 71
     3
 72
     8
 73
     4
 74
     0
 42
0.000000001
 43
0.0000000001
 40
0.0
 40
0.0
 40
0.0
 40
0.0
 40
1.0
 40
1.0
 40
1.0
 40
1.0
 10
984.3334127943144
 20
802.6457244912316
 30
0.0
 10
984.3334127943144
 20
802.6457244912316
 30
0.0
 10
987.6867437183113
 20
805.9990554152159
 30
0.0
 10
987.6867437183113
 20
805.9990554152159
 30
0.0
  0
SPLINE
  5
6BF
330
1F
100
AcDbEntity
  8
ºöåçæÄ
370
     0
100
AcDbSpline
210
0.0
220
0.0
230
1.0
 70
    11
 71
     3
 72
    28
 73
    24
 74
     0
 42
0.000000001
 43
0.0000000001
 40
0.0
 40
0.0
 40
0.0
 40
0.0
 40
0.1428571428571428
 40
0.1428571428571428
 40
0.1428571428571428
 40
0.1428571528571428
 40
0.2857142857142857
 40
0.2857142857142857
 40
0.2857142857142857
 40
0.2857142957142857
 40
0.428571428571429
 40
0.428571428571429
 40
0.428571428571429
 40
0.4285714385714289
 40
0.5714285714285714
 40
0.5714285714285714
 40
0.5714285714285714
 40
0.5714285814285715
 40
0.7142857142857145
 40
0.7142857142857145
 40
0.7142857142857145
 40
0.7142857242857146
 40
1.0
 40
1.0
 40
1.0
 40
1.0
 10
988.3589518859917
 20
806.6707817132542
 30
0.0
 10
988.3589518859917
 20
806.6707817132542
 30
0.0
 10
988.6056691489867
 20
806.6707817132542
 30
0.0
 10
988.6056691489867
 20
806.6707817132542
 30
0.0
 10
988.6056691489867
 20
806.6707817132542
 30
0.0
 10
988.6056691489867
 20
806.8066689557534
 30
0.0
 10
988.4948391285034
 20
806.9174989762332
 30
0.0
 10
988.3589518859917
 20
806.9174989762332
 30
0.0
 10
988.3589518859917
 20
806.9174989762332
 30
0.0
 10
988.2225827738393
 20
806.9174989762332
 30
0.0
 10
988.1117527533522
 20
806.8066689557534
 30
0.0
 10
988.1117527533522
 20
806.6707817132542
 30
0.0
 10
988.1117527533522
 20
806.6707817132542
 30
0.0
 10
988.1117527533522
 20
806.5344126010986
 30
0.0
 10
988.2225827738393
 20
806.4235825806189
 30
0.0
 10
988.3589518859917
 20
806.4235825806189
 30
0.0
 10
988.3589518859917
 20
806.4235825806189
 30
0.0
 10
988.4948391285034
 20
806.4235825806189
 30
0.0
 10
988.6056691489867
 20
806.5344126010986
 30
0.0
 10
988.6056691489867
 20
806.6707817132542
 30
0.0
 10
988.6056691489867
 20
806.6707817132542
 30
0.0
 10
988.6056691489867
 20
806.6707817132542
 30
0.0
 10
988.3589518859917
 20
806.6707817132542
 30
0.0
 10
988.3589518859917
 20
806.6707817132542
 30
0.0
  0
SPLINE
  5
6C0
330
1F
100
AcDbEntity
  8
ºöåçæÄ
370
     0
100
AcDbSpline
210
0.0
220
0.0
230
0.0
 70
    24
 71
     3
 72
     8
 73
     4
 74
     0
 42
0.000000001
 43
0.0000000001
 40
0.0
 40
0.0
 40
0.0
 40
0.0
 40
1.0
 40
1.0
 40
1.0
 40
1.0
 10
989.0282688357592
 20
807.340580532673
 30
0.0
 10
989.0282688357592
 20
807.340580532673
 30
0.0
 10
992.3835272383596
 20
810.6958389352742
 30
0.0
 10
992.3835272383596
 20
810.6958389352742
 30
0.0
  0
SPLINE
  5
6C1
330
1F
100
AcDbEntity
  8
ºöåçæÄ
370
     0
100
AcDbSpline
210
0.0
220
0.0
230
1.0
 70
    11
 71
     3
 72
    28
 73
    24
 74
     0
 42
0.000000001
 43
0.0000000001
 40
0.0
 40
0.0
 40
0.0
 40
0.0
 40
0.1428571428571428
 40
0.1428571428571428
 40
0.1428571428571428
 40
0.1428571528571428
 40
0.2857142857142857
 40
0.2857142857142857
 40
0.2857142857142857
 40
0.2857142957142857
 40
0.428571428571429
 40
0.428571428571429
 40
0.428571428571429
 40
0.4285714385714289
 40
0.5714285714285714
 40
0.5714285714285714
 40
0.5714285714285714
 40
0.5714285814285715
 40
0.7142857142857145
 40
0.7142857142857145
 40
0.7142857142857145
 40
0.7142857242857146
 40
1.0
 40
1.0
 40
1.0
 40
1.0
 10
993.0562172757047
 20
811.3685289726205
 30
0.0
 10
993.0562172757047
 20
811.3685289726205
 30
0.0
 10
993.3029345386927
 20
811.3685289726205
 30
0.0
 10
993.3029345386927
 20
811.3685289726205
 30
0.0
 10
993.3029345386927
 20
811.3685289726205
 30
0.0
 10
993.3029345386927
 20
811.5039343454672
 30
0.0
 10
993.1921045181994
 20
811.615246235601
 30
0.0
 10
993.0562172757047
 20
811.615246235601
 30
0.0
 10
993.0562172757047
 20
811.615246235601
 30
0.0
 10
992.9198481635491
 20
811.615246235601
 30
0.0
 10
992.8090181430825
 20
811.5039343454672
 30
0.0
 10
992.8090181430825
 20
811.3685289726205
 30
0.0
 10
992.8090181430825
 20
811.3685289726205
 30
0.0
 10
992.8090181430825
 20
811.2316779908105
 30
0.0
 10
992.9198481635491
 20
811.1208479703302
 30
0.0
 10
993.0562172757047
 20
811.1208479703302
 30
0.0
 10
993.0562172757047
 20
811.1208479703302
 30
0.0
 10
993.1921045181994
 20
811.1208479703302
 30
0.0
 10
993.3029345386927
 20
811.2316779908105
 30
0.0
 10
993.3029345386927
 20
811.3685289726205
 30
0.0
 10
993.3029345386927
 20
811.3685289726205
 30
0.0
 10
993.3029345386927
 20
811.3685289726205
 30
0.0
 10
993.0562172757047
 20
811.3685289726205
 30
0.0
 10
993.0562172757047
 20
811.3685289726205
 30
0.0
  0
SPLINE
  5
6C2
330
1F
100
AcDbEntity
  8
ºöåçæÄ
370
     0
100
AcDbSpline
210
0.0
220
0.0
230
0.0
 70
    24
 71
     3
 72
     8
 73
     4
 74
     0
 42
0.000000001
 43
0.0000000001
 40
0.0
 40
0.0
 40
0.0
 40
0.0
 40
1.0
 40
1.0
 40
1.0
 40
1.0
 10
993.7269798344321
 20
812.0378459223863
 30
0.0
 10
993.7269798344321
 20
812.0378459223863
 30
0.0
 10
995.2467967239636
 20
813.5591084208785
 30
0.0
 10
995.2467967239636
 20
813.5591084208785
 30
0.0
  0
SPLINE
  5
6C3
330
1F
100
AcDbEntity
  8
ºöåçæÄ
370
     0
100
AcDbSpline
210
0.0
220
0.0
230
0.0
 70
    24
 71
     3
 72
     8
 73
     4
 74
     0
 42
0.000000001
 43
0.0000000001
 40
0.0
 40
0.0
 40
0.0
 40
0.0
 40
1.0
 40
1.0
 40
1.0
 40
1.0
 10
985.9303288285298
 20
801.5591084208788
 30
0.0
 10
985.9303288285298
 20
801.5591084208788
 30
0.0
 10
986.6805998802133
 20
802.3093794725596
 30
0.0
 10
986.6805998802133
 20
802.3093794725596
 30
0.0
  0
SPLINE
  5
6C4
330
1F
100
AcDbEntity
  8
ºöåçæÄ
370
     0
100
AcDbSpline
210
0.0
220
0.0
230
1.0
 70
    11
 71
     3
 72
    28
 73
    24
 74
     0
 42
0.000000001
 43
0.0000000001
 40
0.0
 40
0.0
 40
0.0
 40
0.0
 40
0.1428571428571428
 40
0.1428571428571428
 40
0.1428571428571428
 40
0.1428571528571428
 40
0.2857142857142857
 40
0.2857142857142857
 40
0.2857142857142857
 40
0.2857142957142857
 40
0.428571428571429
 40
0.428571428571429
 40
0.428571428571429
 40
0.4285714385714289
 40
0.5714285714285714
 40
0.5714285714285714
 40
0.5714285714285714
 40
0.5714285814285715
 40
0.7142857142857145
 40
0.7142857142857145
 40
0.7142857142857145
 40
0.7142857242857146
 40
1.0
 40
1.0
 40
1.0
 40
1.0
 10
987.3513624389373
 20
802.9791782919792
 30
0.0
 10
987.3513624389373
 20
802.9791782919792
 30
0.0
 10
987.5980797019222
 20
802.9791782919792
 30
0.0
 10
987.5980797019222
 20
802.9791782919792
 30
0.0
 10
987.5980797019222
 20
802.9791782919792
 30
0.0
 10
987.5980797019222
 20
803.1155474041337
 30
0.0
 10
987.4872496814523
 20
803.2263774246134
 30
0.0
 10
987.3513624389373
 20
803.2263774246134
 30
0.0
 10
987.3513624389373
 20
803.2263774246134
 30
0.0
 10
987.2149933267847
 20
803.2263774246134
 30
0.0
 10
987.104163306315
 20
803.1155474041337
 30
0.0
 10
987.104163306315
 20
802.9791782919792
 30
0.0
 10
987.104163306315
 20
802.9791782919792
 30
0.0
 10
987.104163306315
 20
802.8432910494796
 30
0.0
 10
987.2149933267847
 20
802.7324610289991
 30
0.0
 10
987.3513624389373
 20
802.7324610289991
 30
0.0
 10
987.3513624389373
 20
802.7324610289991
 30
0.0
 10
987.4872496814523
 20
802.7324610289991
 30
0.0
 10
987.5980797019222
 20
802.8432910494796
 30
0.0
 10
987.5980797019222
 20
802.9791782919792
 30
0.0
 10
987.5980797019222
 20
802.9791782919792
 30
0.0
 10
987.5980797019222
 20
802.9791782919792
 30
0.0
 10
987.3513624389373
 20
802.9791782919792
 30
0.0
 10
987.3513624389373
 20
802.9791782919792
 30
0.0
  0
SPLINE
  5
6C5
330
1F
100
AcDbEntity
  8
ºöåçæÄ
370
     0
100
AcDbSpline
210
0.0
220
0.0
230
0.0
 70
    24
 71
     3
 72
     8
 73
     4
 74
     0
 42
0.000000001
 43
0.0000000001
 40
0.0
 40
0.0
 40
0.0
 40
0.0
 40
1.0
 40
1.0
 40
1.0
 40
1.0
 10
988.0226068673328
 20
803.6513864596697
 30
0.0
 10
988.0226068673328
 20
803.6513864596697
 30
0.0
 10
991.377865269923
 20
807.0066448622721
 30
0.0
 10
991.377865269923
 20
807.0066448622721
 30
0.0
  0
SPLINE
  5
6C6
330
1F
100
AcDbEntity
  8
ºöåçæÄ
370
     0
100
AcDbSpline
210
0.0
220
0.0
230
1.0
 70
    11
 71
     3
 72
    28
 73
    24
 74
     0
 42
0.000000001
 43
0.0000000001
 40
0.0
 40
0.0
 40
0.0
 40
0.0
 40
0.1428571428571428
 40
0.1428571428571428
 40
0.1428571428571428
 40
0.1428571528571428
 40
0.2857142857142857
 40
0.2857142857142857
 40
0.2857142857142857
 40
0.2857142957142857
 40
0.428571428571429
 40
0.428571428571429
 40
0.428571428571429
 40
0.4285714385714289
 40
0.5714285714285714
 40
0.5714285714285714
 40
0.5714285714285714
 40
0.5714285814285715
 40
0.7142857142857145
 40
0.7142857142857145
 40
0.7142857142857145
 40
0.7142857242857146
 40
1.0
 40
1.0
 40
1.0
 40
1.0
 10
992.0500734376204
 20
807.6764436816898
 30
0.0
 10
992.0500734376204
 20
807.6764436816898
 30
0.0
 10
992.2972725702564
 20
807.6764436816898
 30
0.0
 10
992.2972725702564
 20
807.6764436816898
 30
0.0
 10
992.2972725702564
 20
807.6764436816898
 30
0.0
 10
992.2972725702564
 20
807.8128127938478
 30
0.0
 10
992.1864425497759
 20
807.9236428143271
 30
0.0
 10
992.0500734376204
 20
807.9236428143271
 30
0.0
 10
992.0500734376204
 20
807.9236428143271
 30
0.0
 10
991.9141861951224
 20
807.9236428143271
 30
0.0
 10
991.8028743049845
 20
807.8128127938478
 30
0.0
 10
991.8028743049845
 20
807.6764436816898
 30
0.0
 10
991.8028743049845
 20
807.6764436816898
 30
0.0
 10
991.8028743049845
 20
807.5405564391909
 30
0.0
 10
991.9141861951224
 20
807.4297264187109
 30
0.0
 10
992.0500734376204
 20
807.4297264187109
 30
0.0
 10
992.0500734376204
 20
807.4297264187109
 30
0.0
 10
992.1864425497759
 20
807.4297264187109
 30
0.0
 10
992.2972725702564
 20
807.5405564391909
 30
0.0
 10
992.2972725702564
 20
807.6764436816898
 30
0.0
 10
992.2972725702564
 20
807.6764436816898
 30
0.0
 10
992.2972725702564
 20
807.6764436816898
 30
0.0
 10
992.0500734376204
 20
807.6764436816898
 30
0.0
 10
992.0500734376204
 20
807.6764436816898
 30
0.0
  0
SPLINE
  5
6C7
330
1F
100
AcDbEntity
  8
ºöåçæÄ
370
     0
100
AcDbSpline
210
0.0
220
0.0
230
0.0
 70
    24
 71
     3
 72
     8
 73
     4
 74
     0
 42
0.000000001
 43
0.0000000001
 40
0.0
 40
0.0
 40
0.0
 40
0.0
 40
1.0
 40
1.0
 40
1.0
 40
1.0
 10
992.7193903873812
 20
808.3481699797278
 30
0.0
 10
992.7193903873812
 20
808.3481699797278
 30
0.0
 10
996.0746487899816
 20
811.7034283823297
 30
0.0
 10
996.0746487899816
 20
811.7034283823297
 30
0.0
  0
SPLINE
  5
6C8
330
1F
100
AcDbEntity
  8
ºöåçæÄ
370
     0
100
AcDbSpline
210
0.0
220
0.0
230
1.0
 70
    11
 71
     3
 72
    28
 73
    24
 74
     0
 42
0.000000001
 43
0.0000000001
 40
0.0
 40
0.0
 40
0.0
 40
0.0
 40
0.1428571428571428
 40
0.1428571428571428
 40
0.1428571428571428
 40
0.1428571528571428
 40
0.2857142857142857
 40
0.2857142857142857
 40
0.2857142857142857
 40
0.2857142957142857
 40
0.428571428571429
 40
0.428571428571429
 40
0.428571428571429
 40
0.4285714385714289
 40
0.5714285714285714
 40
0.5714285714285714
 40
0.5714285714285714
 40
0.5714285814285715
 40
0.7142857142857145
 40
0.7142857142857145
 40
0.7142857142857145
 40
0.7142857242857146
 40
1.0
 40
1.0
 40
1.0
 40
1.0
 10
996.7449294790581
 20
812.3732272017473
 30
0.0
 10
996.7449294790581
 20
812.3732272017473
 30
0.0
 10
996.9921286116873
 20
812.3732272017473
 30
0.0
 10
996.9921286116873
 20
812.3732272017473
 30
0.0
 10
996.9921286116873
 20
812.3732272017473
 30
0.0
 10
996.9921286116873
 20
812.5095963139051
 30
0.0
 10
996.8812985912068
 20
812.6204263343828
 30
0.0
 10
996.7449294790581
 20
812.6204263343828
 30
0.0
 10
996.7449294790581
 20
812.6204263343828
 30
0.0
 10
996.6090422365667
 20
812.6204263343828
 30
0.0
 10
996.498212216073
 20
812.5095963139051
 30
0.0
 10
996.498212216073
 20
812.3732272017473
 30
0.0
 10
996.498212216073
 20
812.3732272017473
 30
0.0
 10
996.498212216073
 20
812.2373399592488
 30
0.0
 10
996.6090422365667
 20
812.1260280691133
 30
0.0
 10
996.7449294790581
 20
812.1260280691133
 30
0.0
 10
996.7449294790581
 20
812.1260280691133
 30
0.0
 10
996.8812985912068
 20
812.1260280691133
 30
0.0
 10
996.9921286116873
 20
812.2373399592488
 30
0.0
 10
996.9921286116873
 20
812.3732272017473
 30
0.0
 10
996.9921286116873
 20
812.3732272017473
 30
0.0
 10
996.9921286116873
 20
812.3732272017473
 30
0.0
 10
996.7449294790581
 20
812.3732272017473
 30
0.0
 10
996.7449294790581
 20
812.3732272017473
 30
0.0
  0
SPLINE
  5
6C9
330
1F
100
AcDbEntity
  8
ºöåçæÄ
370
     0
100
AcDbSpline
210
0.0
220
0.0
230
0.0
 70
    24
 71
     3
 72
     8
 73
     4
 74
     0
 42
0.000000001
 43
0.0000000001
 40
0.0
 40
0.0
 40
0.0
 40
0.0
 40
1.0
 40
1.0
 40
1.0
 40
1.0
 10
997.4166557770875
 20
813.0454353694402
 30
0.0
 10
997.4166557770875
 20
813.0454353694402
 30
0.0
 10
997.9303288285381
 20
813.5591084208785
 30
0.0
 10
997.9303288285381
 20
813.5591084208785
 30
0.0
  0
SPLINE
  5
6CA
330
1F
100
AcDbEntity
  8
ºöåçæÄ
370
     0
100
AcDbSpline
210
0.0
220
0.0
230
0.0
 70
    24
 71
     3
 72
     8
 73
     4
 74
     0
 42
0.000000001
 43
0.0000000001
 40
0.0
 40
0.0
 40
0.0
 40
0.0
 40
1.0
 40
1.0
 40
1.0
 40
1.0
 10
988.6133790634469
 20
801.5591084208788
 30
0.0
 10
988.6133790634469
 20
801.5591084208788
 30
0.0
 10
990.3722033014862
 20
803.3155233106516
 30
0.0
 10
990.3722033014862
 20
803.3155233106516
 30
0.0
  0
SPLINE
  5
6CB
330
1F
100
AcDbEntity
  8
ºöåçæÄ
370
     0
100
AcDbSpline
210
0.0
220
0.0
230
1.0
 70
    11
 71
     3
 72
    28
 73
    24
 74
     0
 42
0.000000001
 43
0.0000000001
 40
0.0
 40
0.0
 40
0.0
 40
0.0
 40
0.1428571428571428
 40
0.1428571428571428
 40
0.1428571428571428
 40
0.1428571528571428
 40
0.2857142857142857
 40
0.2857142857142857
 40
0.2857142857142857
 40
0.2857142957142857
 40
0.428571428571429
 40
0.428571428571429
 40
0.428571428571429
 40
0.4285714385714289
 40
0.5714285714285714
 40
0.5714285714285714
 40
0.5714285714285714
 40
0.5714285814285715
 40
0.7142857142857145
 40
0.7142857142857145
 40
0.7142857142857145
 40
0.7142857242857146
 40
1.0
 40
1.0
 40
1.0
 40
1.0
 10
991.0424839905626
 20
803.9872496086866
 30
0.0
 10
991.0424839905626
 20
803.9872496086866
 30
0.0
 10
991.2896831231883
 20
803.9872496086866
 30
0.0
 10
991.2896831231883
 20
803.9872496086866
 30
0.0
 10
991.2896831231883
 20
803.9872496086866
 30
0.0
 10
991.2896831231883
 20
804.1231368511889
 30
0.0
 10
991.1783712330603
 20
804.2339668716685
 30
0.0
 10
991.0424839905626
 20
804.2339668716685
 30
0.0
 10
991.0424839905626
 20
804.2339668716685
 30
0.0
 10
990.9061148784106
 20
804.2339668716685
 30
0.0
 10
990.7952848579268
 20
804.1231368511889
 30
0.0
 10
990.7952848579268
 20
803.9872496086866
 30
0.0
 10
990.7952848579268
 20
803.9872496086866
 30
0.0
 10
990.7952848579268
 20
803.850880496533
 30
0.0
 10
990.9061148784106
 20
803.7400504760542
 30
0.0
 10
991.0424839905626
 20
803.7400504760542
 30
0.0
 10
991.0424839905626
 20
803.7400504760542
 30
0.0
 10
991.1783712330603
 20
803.7400504760542
 30
0.0
 10
991.2896831231883
 20
803.850880496533
 30
0.0
 10
991.2896831231883
 20
803.9872496086866
 30
0.0
 10
991.2896831231883
 20
803.9872496086866
 30
0.0
 10
991.2896831231883
 20
803.9872496086866
 30
0.0
 10
991.0424839905626
 20
803.9872496086866
 30
0.0
 10
991.0424839905626
 20
803.9872496086866
 30
0.0
  0
SPLINE
  5
6CC
330
1F
100
AcDbEntity
  8
ºöåçæÄ
370
     0
100
AcDbSpline
210
0.0
220
0.0
230
0.0
 70
    24
 71
     3
 72
     8
 73
     4
 74
     0
 42
0.000000001
 43
0.0000000001
 40
0.0
 40
0.0
 40
0.0
 40
0.0
 40
1.0
 40
1.0
 40
1.0
 40
1.0
 10
991.7132465492866
 20
804.6570484281058
 30
0.0
 10
991.7132465492866
 20
804.6570484281058
 30
0.0
 10
995.0689868215446
 20
808.0123068307099
 30
0.0
 10
995.0689868215446
 20
808.0123068307099
 30
0.0
  0
SPLINE
  5
6CD
330
1F
100
AcDbEntity
  8
ºöåçæÄ
370
     0
100
AcDbSpline
210
0.0
220
0.0
230
1.0
 70
    11
 71
     3
 72
    28
 73
    24
 74
     0
 42
0.000000001
 43
0.0000000001
 40
0.0
 40
0.0
 40
0.0
 40
0.0
 40
0.1428571428571428
 40
0.1428571428571428
 40
0.1428571428571428
 40
0.1428571528571428
 40
0.2857142857142857
 40
0.2857142857142857
 40
0.2857142857142857
 40
0.2857142957142857
 40
0.428571428571429
 40
0.428571428571429
 40
0.428571428571429
 40
0.4285714385714289
 40
0.5714285714285714
 40
0.5714285714285714
 40
0.5714285714285714
 40
0.5714285814285715
 40
0.7142857142857145
 40
0.7142857142857145
 40
0.7142857142857145
 40
0.7142857242857146
 40
1.0
 40
1.0
 40
1.0
 40
1.0
 10
995.7392675106175
 20
808.6821056501291
 30
0.0
 10
995.7392675106175
 20
808.6821056501291
 30
0.0
 10
995.9859847735993
 20
808.6821056501291
 30
0.0
 10
995.9859847735993
 20
808.6821056501291
 30
0.0
 10
995.9859847735993
 20
808.6821056501291
 30
0.0
 10
995.9859847735993
 20
808.8179928926303
 30
0.0
 10
995.8751547531187
 20
808.9288229131096
 30
0.0
 10
995.7392675106175
 20
808.9288229131096
 30
0.0
 10
995.7392675106175
 20
808.9288229131096
 30
0.0
 10
995.6028983984689
 20
808.9288229131096
 30
0.0
 10
995.4920683779819
 20
808.8179928926303
 30
0.0
 10
995.4920683779819
 20
808.6821056501291
 30
0.0
 10
995.4920683779819
 20
808.6821056501291
 30
0.0
 10
995.4920683779819
 20
808.5457365379728
 30
0.0
 10
995.6028983984689
 20
808.4349065174931
 30
0.0
 10
995.7392675106175
 20
808.4349065174931
 30
0.0
 10
995.7392675106175
 20
808.4349065174931
 30
0.0
 10
995.8751547531187
 20
808.4349065174931
 30
0.0
 10
995.9859847735993
 20
808.5457365379728
 30
0.0
 10
995.9859847735993
 20
808.6821056501291
 30
0.0
 10
995.9859847735993
 20
808.6821056501291
 30
0.0
 10
995.9859847735993
 20
808.6821056501291
 30
0.0
 10
995.7392675106175
 20
808.6821056501291
 30
0.0
 10
995.7392675106175
 20
808.6821056501291
 30
0.0
  0
SPLINE
  5
6CE
330
1F
100
AcDbEntity
  8
ºöåçæÄ
370
     0
100
AcDbSpline
210
0.0
220
0.0
230
0.0
 70
    24
 71
     3
 72
     8
 73
     4
 74
     0
 42
0.000000001
 43
0.0000000001
 40
0.0
 40
0.0
 40
0.0
 40
0.0
 40
1.0
 40
1.0
 40
1.0
 40
1.0
 10
996.4085844603822
 20
809.3543138178198
 30
0.0
 10
996.4085844603822
 20
809.3543138178198
 30
0.0
 10
999.7643247326402
 20
812.7095722204238
 30
0.0
 10
999.7643247326402
 20
812.7095722204238
 30
0.0
  0
SPLINE
  5
6CF
330
1F
100
AcDbEntity
  8
ºöåçæÄ
370
     0
100
AcDbSpline
210
0.0
220
0.0
230
1.0
 70
    11
 71
     3
 72
    28
 73
    24
 74
     0
 42
0.000000001
 43
0.0000000001
 40
0.0
 40
0.0
 40
0.0
 40
0.0
 40
0.1428571428571428
 40
0.1428571428571428
 40
0.1428571428571428
 40
0.1428571528571428
 40
0.2857142857142857
 40
0.2857142857142857
 40
0.2857142857142857
 40
0.2857142957142857
 40
0.428571428571429
 40
0.428571428571429
 40
0.428571428571429
 40
0.4285714385714289
 40
0.5714285714285714
 40
0.5714285714285714
 40
0.5714285714285714
 40
0.5714285814285715
 40
0.7142857142857145
 40
0.7142857142857145
 40
0.7142857142857145
 40
0.7142857242857146
 40
1.0
 40
1.0
 40
1.0
 40
1.0
 10
1000.436532900331
 20
813.3808166488043
 30
0.0
 10
1000.436532900331
 20
813.3808166488043
 30
0.0
 10
1000.683250163309
 20
813.3808166488043
 30
0.0
 10
1000.683250163309
 20
813.3808166488043
 30
0.0
 10
1000.683250163309
 20
813.3808166488043
 30
0.0
 10
1000.683250163309
 20
813.5171857609607
 30
0.0
 10
1000.572420142828
 20
813.6280157814391
 30
0.0
 10
1000.436532900331
 20
813.6280157814391
 30
0.0
 10
1000.436532900331
 20
813.6280157814391
 30
0.0
 10
1000.300163788175
 20
813.6280157814391
 30
0.0
 10
1000.189333767705
 20
813.5171857609607
 30
0.0
 10
1000.189333767705
 20
813.3808166488043
 30
0.0
 10
1000.189333767705
 20
813.3808166488043
 30
0.0
 10
1000.189333767705
 20
813.2449294063022
 30
0.0
 10
1000.300163788175
 20
813.1340993858238
 30
0.0
 10
1000.436532900331
 20
813.1340993858238
 30
0.0
 10
1000.436532900331
 20
813.1340993858238
 30
0.0
 10
1000.572420142828
 20
813.1340993858238
 30
0.0
 10
1000.683250163309
 20
813.2449294063022
 30
0.0
 10
1000.683250163309
 20
813.3808166488043
 30
0.0
 10
1000.683250163309
 20
813.3808166488043
 30
0.0
 10
1000.683250163309
 20
813.3808166488043
 30
0.0
 10
1000.436532900331
 20
813.3808166488043
 30
0.0
 10
1000.436532900331
 20
813.3808166488043
 30
0.0
  0
SPLINE
  5
6D0
330
1F
100
AcDbEntity
  8
ºöåçæÄ
370
     0
100
AcDbSpline
210
0.0
220
0.0
230
0.0
 70
    24
 71
     3
 72
     8
 73
     4
 74
     0
 42
0.000000001
 43
0.0000000001
 40
0.0
 40
0.0
 40
0.0
 40
0.0
 40
1.0
 40
1.0
 40
1.0
 40
1.0
 10
991.298838646618
 20
801.5591084208788
 30
0.0
 10
991.298838646618
 20
801.5591084208788
 30
0.0
 10
994.0609155048289
 20
804.3231127577048
 30
0.0
 10
994.0609155048289
 20
804.3231127577048
 30
0.0
  0
SPLINE
  5
6D1
330
1F
100
AcDbEntity
  8
ºöåçæÄ
370
     0
100
AcDbSpline
210
0.0
220
0.0
230
1.0
 70
    11
 71
     3
 72
    28
 73
    24
 74
     0
 42
0.000000001
 43
0.0000000001
 40
0.0
 40
0.0
 40
0.0
 40
0.0
 40
0.1428571428571428
 40
0.1428571428571428
 40
0.1428571428571428
 40
0.1428571528571428
 40
0.2857142857142857
 40
0.2857142857142857
 40
0.2857142857142857
 40
0.2857142957142857
 40
0.428571428571429
 40
0.428571428571429
 40
0.428571428571429
 40
0.4285714385714289
 40
0.5714285714285714
 40
0.5714285714285714
 40
0.5714285714285714
 40
0.5714285814285715
 40
0.7142857142857145
 40
0.7142857142857145
 40
0.7142857142857145
 40
0.7142857242857146
 40
1.0
 40
1.0
 40
1.0
 40
1.0
 10
994.7336055421812
 20
804.9929115771272
 30
0.0
 10
994.7336055421812
 20
804.9929115771272
 30
0.0
 10
994.9808046748136
 20
804.9929115771272
 30
0.0
 10
994.9808046748136
 20
804.9929115771272
 30
0.0
 10
994.9808046748136
 20
804.9929115771272
 30
0.0
 10
994.9808046748136
 20
805.1292806892792
 30
0.0
 10
994.8699746543367
 20
805.2401107097603
 30
0.0
 10
994.7336055421812
 20
805.2401107097603
 30
0.0
 10
994.7336055421812
 20
805.2401107097603
 30
0.0
 10
994.5977182996763
 20
805.2401107097603
 30
0.0
 10
994.4868882791997
 20
805.1292806892792
 30
0.0
 10
994.4868882791997
 20
804.9929115771272
 30
0.0
 10
994.4868882791997
 20
804.9929115771272
 30
0.0
 10
994.4868882791997
 20
804.8570243346237
 30
0.0
 10
994.5977182996763
 20
804.7461943141437
 30
0.0
 10
994.7336055421812
 20
804.7461943141437
 30
0.0
 10
994.7336055421812
 20
804.7461943141437
 30
0.0
 10
994.8699746543367
 20
804.7461943141437
 30
0.0
 10
994.9808046748136
 20
804.8570243346237
 30
0.0
 10
994.9808046748136
 20
804.9929115771272
 30
0.0
 10
994.9808046748136
 20
804.9929115771272
 30
0.0
 10
994.9808046748136
 20
804.9929115771272
 30
0.0
 10
994.7336055421812
 20
804.9929115771272
 30
0.0
 10
994.7336055421812
 20
804.9929115771272
 30
0.0
  0
SPLINE
  5
6D2
330
1F
100
AcDbEntity
  8
ºöåçæÄ
370
     0
100
AcDbSpline
210
0.0
220
0.0
230
0.0
 70
    24
 71
     3
 72
     8
 73
     4
 74
     0
 42
0.000000001
 43
0.0000000001
 40
0.0
 40
0.0
 40
0.0
 40
0.0
 40
1.0
 40
1.0
 40
1.0
 40
1.0
 10
995.4029224919452
 20
805.6646378751599
 30
0.0
 10
995.4029224919452
 20
805.6646378751599
 30
0.0
 10
998.7581808945526
 20
809.0179687991472
 30
0.0
 10
998.7581808945526
 20
809.0179687991472
 30
0.0
  0
SPLINE
  5
6D3
330
1F
100
AcDbEntity
  8
ºöåçæÄ
370
     0
100
AcDbSpline
210
0.0
220
0.0
230
1.0
 70
    11
 71
     3
 72
    28
 73
    24
 74
     0
 42
0.000000001
 43
0.0000000001
 40
0.0
 40
0.0
 40
0.0
 40
0.0
 40
0.1428571428571428
 40
0.1428571428571428
 40
0.1428571428571428
 40
0.1428571528571428
 40
0.2857142857142857
 40
0.2857142857142857
 40
0.2857142857142857
 40
0.2857142957142857
 40
0.428571428571429
 40
0.428571428571429
 40
0.428571428571429
 40
0.4285714385714289
 40
0.5714285714285714
 40
0.5714285714285714
 40
0.5714285714285714
 40
0.5714285814285715
 40
0.7142857142857145
 40
0.7142857142857145
 40
0.7142857142857145
 40
0.7142857242857146
 40
1.0
 40
1.0
 40
1.0
 40
1.0
 10
999.4303890622397
 20
809.6901769668379
 30
0.0
 10
999.4303890622397
 20
809.6901769668379
 30
0.0
 10
999.6775881948719
 20
809.6901769668379
 30
0.0
 10
999.6775881948719
 20
809.6901769668379
 30
0.0
 10
999.6775881948719
 20
809.6901769668379
 30
0.0
 10
999.6775881948719
 20
809.8265460789932
 30
0.0
 10
999.5662763047413
 20
809.9373760994726
 30
0.0
 10
999.4303890622397
 20
809.9373760994726
 30
0.0
 10
999.4303890622397
 20
809.9373760994726
 30
0.0
 10
999.2940199500806
 20
809.9373760994726
 30
0.0
 10
999.1831899296107
 20
809.8265460789932
 30
0.0
 10
999.1831899296107
 20
809.6901769668379
 30
0.0
 10
999.1831899296107
 20
809.6901769668379
 30
0.0
 10
999.1831899296107
 20
809.5542897243367
 30
0.0
 10
999.2940199500806
 20
809.4434597038576
 30
0.0
 10
999.4303890622397
 20
809.4434597038576
 30
0.0
 10
999.4303890622397
 20
809.4434597038576
 30
0.0
 10
999.5662763047413
 20
809.4434597038576
 30
0.0
 10
999.6775881948719
 20
809.5542897243367
 30
0.0
 10
999.6775881948719
 20
809.6901769668379
 30
0.0
 10
999.6775881948719
 20
809.6901769668379
 30
0.0
 10
999.6775881948719
 20
809.6901769668379
 30
0.0
 10
999.4303890622397
 20
809.6901769668379
 30
0.0
 10
999.4303890622397
 20
809.6901769668379
 30
0.0
  0
SPLINE
  5
6D4
330
1F
100
AcDbEntity
  8
ºöåçæÄ
370
     0
100
AcDbSpline
210
0.0
220
0.0
230
0.0
 70
    24
 71
     3
 72
     8
 73
     4
 74
     0
 42
0.000000001
 43
0.0000000001
 40
0.0
 40
0.0
 40
0.0
 40
0.0
 40
1.0
 40
1.0
 40
1.0
 40
1.0
 10
1000.099706012007
 20
810.3599757862573
 30
0.0
 10
1000.099706012007
 20
810.3599757862573
 30
0.0
 10
1003.296911168005
 20
813.5591084208785
 30
0.0
 10
1003.296911168005
 20
813.5591084208785
 30
0.0
  0
SPLINE
  5
6D5
330
1F
100
AcDbEntity
  8
ºöåçæÄ
370
     0
100
AcDbSpline
210
0.0
220
0.0
230
1.0
 70
    11
 71
     3
 72
    28
 73
    24
 74
     0
 42
0.000000001
 43
0.0000000001
 40
0.0
 40
0.0
 40
0.0
 40
0.0
 40
0.1428571428571428
 40
0.1428571428571428
 40
0.1428571428571428
 40
0.1428571528571428
 40
0.2857142857142857
 40
0.2857142857142857
 40
0.2857142857142857
 40
0.2857142957142857
 40
0.428571428571429
 40
0.428571428571429
 40
0.428571428571429
 40
0.4285714385714289
 40
0.5714285714285714
 40
0.5714285714285714
 40
0.5714285714285714
 40
0.5714285814285715
 40
0.7142857142857145
 40
0.7142857142857145
 40
0.7142857142857145
 40
0.7142857242857146
 40
1.0
 40
1.0
 40
1.0
 40
1.0
 10
993.982370751196
 20
801.5591084208788
 30
0.0
 10
993.982370751196
 20
801.5591084208788
 30
0.0
 10
994.2295698838284
 20
801.5591084208788
 30
0.0
 10
994.2295698838284
 20
801.5591084208788
 30
0.0
 10
994.2295698838284
 20
801.5591084208788
 30
0.0
 10
994.2295698838284
 20
801.6949956633803
 30
0.0
 10
994.1187398633482
 20
801.8058256838594
 30
0.0
 10
993.982370751196
 20
801.8058256838594
 30
0.0
 10
993.982370751196
 20
801.8058256838594
 30
0.0
 10
993.8464835087016
 20
801.8058256838594
 30
0.0
 10
993.7356534882074
 20
801.6949956633803
 30
0.0
 10
993.7356534882074
 20
801.5591084208788
 30
0.0
 10
993.7356534882074
 20
801.5591084208788
 30
0.0
 10
993.7356534882074
 20
801.4227393087251
 30
0.0
 10
993.8464835087016
 20
801.3119092882446
 30
0.0
 10
993.982370751196
 20
801.3119092882446
 30
0.0
 10
993.982370751196
 20
801.3119092882446
 30
0.0
 10
994.1187398633482
 20
801.3119092882446
 30
0.0
 10
994.2295698838284
 20
801.4227393087251
 30
0.0
 10
994.2295698838284
 20
801.5591084208788
 30
0.0
 10
994.2295698838284
 20
801.5591084208788
 30
0.0
 10
994.2295698838284
 20
801.5591084208788
 30
0.0
 10
993.982370751196
 20
801.5591084208788
 30
0.0
 10
993.982370751196
 20
801.5591084208788
 30
0.0
  0
SPLINE
  5
6D6
330
1F
100
AcDbEntity
  8
ºöåçæÄ
370
     0
100
AcDbSpline
210
0.0
220
0.0
230
0.0
 70
    24
 71
     3
 72
     8
 73
     4
 74
     0
 42
0.000000001
 43
0.0000000001
 40
0.0
 40
0.0
 40
0.0
 40
0.0
 40
1.0
 40
1.0
 40
1.0
 40
1.0
 10
994.3972605235156
 20
801.9739981931959
 30
0.0
 10
994.3972605235156
 20
801.9739981931959
 30
0.0
 10
997.7520370564647
 20
805.3292565957988
 30
0.0
 10
997.7520370564647
 20
805.3292565957988
 30
0.0
  0
SPLINE
  5
6D7
330
1F
100
AcDbEntity
  8
ºöåçæÄ
370
     0
100
AcDbSpline
210
0.0
220
0.0
230
1.0
 70
    11
 71
     3
 72
    28
 73
    24
 74
     0
 42
0.000000001
 43
0.0000000001
 40
0.0
 40
0.0
 40
0.0
 40
0.0
 40
0.1428571428571428
 40
0.1428571428571428
 40
0.1428571428571428
 40
0.1428571528571428
 40
0.2857142857142857
 40
0.2857142857142857
 40
0.2857142857142857
 40
0.2857142957142857
 40
0.428571428571429
 40
0.428571428571429
 40
0.428571428571429
 40
0.4285714385714289
 40
0.5714285714285714
 40
0.5714285714285714
 40
0.5714285714285714
 40
0.5714285814285715
 40
0.7142857142857145
 40
0.7142857142857145
 40
0.7142857142857145
 40
0.7142857242857146
 40
1.0
 40
1.0
 40
1.0
 40
1.0
 10
998.4227996151922
 20
805.9990554152159
 30
0.0
 10
998.4227996151922
 20
805.9990554152159
 30
0.0
 10
998.6695168781563
 20
805.9990554152159
 30
0.0
 10
998.6695168781563
 20
805.9990554152159
 30
0.0
 10
998.6695168781563
 20
805.9990554152159
 30
0.0
 10
998.6695168781563
 20
806.1349426577185
 30
0.0
 10
998.5586868576833
 20
806.2462545478522
 30
0.0
 10
998.4227996151922
 20
806.2462545478522
 30
0.0
 10
998.4227996151922
 20
806.2462545478522
 30
0.0
 10
998.2864305030402
 20
806.2462545478522
 30
0.0
 10
998.1756004825426
 20
806.1349426577185
 30
0.0
 10
998.1756004825426
 20
805.9990554152159
 30
0.0
 10
998.1756004825426
 20
805.9990554152159
 30
0.0
 10
998.1756004825426
 20
805.8626863030625
 30
0.0
 10
998.2864305030402
 20
805.7518562825823
 30
0.0
 10
998.4227996151922
 20
805.7518562825823
 30
0.0
 10
998.4227996151922
 20
805.7518562825823
 30
0.0
 10
998.5586868576833
 20
805.7518562825823
 30
0.0
 10
998.6695168781563
 20
805.8626863030625
 30
0.0
 10
998.6695168781563
 20
805.9990554152159
 30
0.0
 10
998.6695168781563
 20
805.9990554152159
 30
0.0
 10
998.6695168781563
 20
805.9990554152159
 30
0.0
 10
998.4227996151922
 20
805.9990554152159
 30
0.0
 10
998.4227996151922
 20
805.9990554152159
 30
0.0
  0
SPLINE
  5
6D8
330
1F
100
AcDbEntity
  8
ºöåçæÄ
370
     0
100
AcDbSpline
210
0.0
220
0.0
230
0.0
 70
    24
 71
     3
 72
     8
 73
     4
 74
     0
 42
0.000000001
 43
0.0000000001
 40
0.0
 40
0.0
 40
0.0
 40
0.0
 40
1.0
 40
1.0
 40
1.0
 40
1.0
 10
999.0940440435602
 20
806.6707817132542
 30
0.0
 10
999.0940440435602
 20
806.6707817132542
 30
0.0
 10
1002.449302446168
 20
810.0255582462008
 30
0.0
 10
1002.449302446168
 20
810.0255582462008
 30
0.0
  0
SPLINE
  5
6D9
330
1F
100
AcDbEntity
  8
ºöåçæÄ
370
     0
100
AcDbSpline
210
0.0
220
0.0
230
1.0
 70
    11
 71
     3
 72
    28
 73
    24
 74
     0
 42
0.000000001
 43
0.0000000001
 40
0.0
 40
0.0
 40
0.0
 40
0.0
 40
0.1428571428571428
 40
0.1428571428571428
 40
0.1428571428571428
 40
0.1428571528571428
 40
0.2857142857142857
 40
0.2857142857142857
 40
0.2857142857142857
 40
0.2857142957142857
 40
0.428571428571429
 40
0.428571428571429
 40
0.428571428571429
 40
0.4285714385714289
 40
0.5714285714285714
 40
0.5714285714285714
 40
0.5714285714285714
 40
0.5714285814285715
 40
0.7142857142857145
 40
0.7142857142857145
 40
0.7142857142857145
 40
0.7142857242857146
 40
1.0
 40
1.0
 40
1.0
 40
1.0
 10
1003.120065004891
 20
810.6958389352742
 30
0.0
 10
1003.120065004891
 20
810.6958389352742
 30
0.0
 10
1003.366782267887
 20
810.6958389352742
 30
0.0
 10
1003.366782267887
 20
810.6958389352742
 30
0.0
 10
1003.366782267887
 20
810.6958389352742
 30
0.0
 10
1003.366782267887
 20
810.8317261777765
 30
0.0
 10
1003.255952247393
 20
810.9425561982559
 30
0.0
 10
1003.120065004891
 20
810.9425561982559
 30
0.0
 10
1003.120065004891
 20
810.9425561982559
 30
0.0
 10
1002.983695892753
 20
810.9425561982559
 30
0.0
 10
1002.872865872262
 20
810.8317261777765
 30
0.0
 10
1002.872865872262
 20
810.6958389352742
 30
0.0
 10
1002.872865872262
 20
810.6958389352742
 30
0.0
 10
1002.872865872262
 20
810.5594698231207
 30
0.0
 10
1002.983695892753
 20
810.448639802642
 30
0.0
 10
1003.120065004891
 20
810.448639802642
 30
0.0
 10
1003.120065004891
 20
810.448639802642
 30
0.0
 10
1003.255952247393
 20
810.448639802642
 30
0.0
 10
1003.366782267887
 20
810.5594698231207
 30
0.0
 10
1003.366782267887
 20
810.6958389352742
 30
0.0
 10
1003.366782267887
 20
810.6958389352742
 30
0.0
 10
1003.366782267887
 20
810.6958389352742
 30
0.0
 10
1003.120065004891
 20
810.6958389352742
 30
0.0
 10
1003.120065004891
 20
810.6958389352742
 30
0.0
  0
SPLINE
  5
6DA
330
1F
100
AcDbEntity
  8
ºöåçæÄ
370
     0
100
AcDbSpline
210
0.0
220
0.0
230
0.0
 70
    24
 71
     3
 72
     8
 73
     4
 74
     0
 42
0.000000001
 43
0.0000000001
 40
0.0
 40
0.0
 40
0.0
 40
0.0
 40
1.0
 40
1.0
 40
1.0
 40
1.0
 10
1003.790827563619
 20
811.3685289726205
 30
0.0
 10
1003.790827563619
 20
811.3685289726205
 30
0.0
 10
1005.982370751204
 20
813.5591084208785
 30
0.0
 10
1005.982370751204
 20
813.5591084208785
 30
0.0
  0
SPLINE
  5
6DB
330
1F
100
AcDbEntity
  8
ºöåçæÄ
370
     0
100
AcDbSpline
210
0.0
220
0.0
230
0.0
 70
    24
 71
     3
 72
     8
 73
     4
 74
     0
 42
0.000000001
 43
0.0000000001
 40
0.0
 40
0.0
 40
0.0
 40
0.0
 40
1.0
 40
1.0
 40
1.0
 40
1.0
 10
996.6654209861124
 20
801.5591084208788
 30
0.0
 10
996.6654209861124
 20
801.5591084208788
 30
0.0
 10
996.7444476094
 20
801.6376531745233
 30
0.0
 10
996.7444476094
 20
801.6376531745233
 30
0.0
  0
SPLINE
  5
6DC
330
1F
100
AcDbEntity
  8
ºöåçæÄ
370
     0
100
AcDbSpline
210
0.0
220
0.0
230
1.0
 70
    11
 71
     3
 72
    28
 73
    24
 74
     0
 42
0.000000001
 43
0.0000000001
 40
0.0
 40
0.0
 40
0.0
 40
0.0
 40
0.1428571428571428
 40
0.1428571428571428
 40
0.1428571428571428
 40
0.1428571528571428
 40
0.2857142857142857
 40
0.2857142857142857
 40
0.2857142857142857
 40
0.2857142957142857
 40
0.428571428571429
 40
0.428571428571429
 40
0.428571428571429
 40
0.4285714385714289
 40
0.5714285714285714
 40
0.5714285714285714
 40
0.5714285714285714
 40
0.5714285814285715
 40
0.7142857142857145
 40
0.7142857142857145
 40
0.7142857142857145
 40
0.7142857242857146
 40
1.0
 40
1.0
 40
1.0
 40
1.0
 10
997.417137646738
 20
802.3093794725596
 30
0.0
 10
997.417137646738
 20
802.3093794725596
 30
0.0
 10
997.6643367793743
 20
802.3093794725596
 30
0.0
 10
997.6643367793743
 20
802.3093794725596
 30
0.0
 10
997.6643367793743
 20
802.3093794725596
 30
0.0
 10
997.6643367793743
 20
802.4457485847147
 30
0.0
 10
997.5535067589078
 20
802.5565786051942
 30
0.0
 10
997.417137646738
 20
802.5565786051942
 30
0.0
 10
997.417137646738
 20
802.5565786051942
 30
0.0
 10
997.2812504042437
 20
802.5565786051942
 30
0.0
 10
997.170420383774
 20
802.4457485847147
 30
0.0
 10
997.170420383774
 20
802.3093794725596
 30
0.0
 10
997.170420383774
 20
802.3093794725596
 30
0.0
 10
997.170420383774
 20
802.1734922300572
 30
0.0
 10
997.2812504042437
 20
802.0626622095795
 30
0.0
 10
997.417137646738
 20
802.0626622095795
 30
0.0
 10
997.417137646738
 20
802.0626622095795
 30
0.0
 10
997.5535067589078
 20
802.0626622095795
 30
0.0
 10
997.6643367793743
 20
802.1734922300572
 30
0.0
 10
997.6643367793743
 20
802.3093794725596
 30
0.0
 10
997.6643367793743
 20
802.3093794725596
 30
0.0
 10
997.6643367793743
 20
802.3093794725596
 30
0.0
 10
997.417137646738
 20
802.3093794725596
 30
0.0
 10
997.417137646738
 20
802.3093794725596
 30
0.0
  0
SPLINE
  5
6DD
330
1F
100
AcDbEntity
  8
ºöåçæÄ
370
     0
100
AcDbSpline
210
0.0
220
0.0
230
0.0
 70
    24
 71
     3
 72
     8
 73
     4
 74
     0
 42
0.000000001
 43
0.0000000001
 40
0.0
 40
0.0
 40
0.0
 40
0.0
 40
1.0
 40
1.0
 40
1.0
 40
1.0
 10
998.0859727268621
 20
802.9791782919792
 30
0.0
 10
998.0859727268621
 20
802.9791782919792
 30
0.0
 10
1001.443640477731
 20
806.3344366945818
 30
0.0
 10
1001.443640477731
 20
806.3344366945818
 30
0.0
  0
SPLINE
  5
6DE
330
1F
100
AcDbEntity
  8
ºöåçæÄ
370
     0
100
AcDbSpline
210
0.0
220
0.0
230
1.0
 70
    11
 71
     3
 72
    28
 73
    24
 74
     0
 42
0.000000001
 43
0.0000000001
 40
0.0
 40
0.0
 40
0.0
 40
0.0
 40
0.1428571428571428
 40
0.1428571428571428
 40
0.1428571428571428
 40
0.1428571528571428
 40
0.2857142857142857
 40
0.2857142857142857
 40
0.2857142857142857
 40
0.2857142957142857
 40
0.428571428571429
 40
0.428571428571429
 40
0.428571428571429
 40
0.4285714385714289
 40
0.5714285714285714
 40
0.5714285714285714
 40
0.5714285714285714
 40
0.5714285814285715
 40
0.7142857142857145
 40
0.7142857142857145
 40
0.7142857142857145
 40
0.7142857242857146
 40
1.0
 40
1.0
 40
1.0
 40
1.0
 10
1002.113921166804
 20
807.0066448622721
 30
0.0
 10
1002.113921166804
 20
807.0066448622721
 30
0.0
 10
1002.361120299436
 20
807.0066448622721
 30
0.0
 10
1002.361120299436
 20
807.0066448622721
 30
0.0
 10
1002.361120299436
 20
807.0066448622721
 30
0.0
 10
1002.361120299436
 20
807.1430139744272
 30
0.0
 10
1002.249808409305
 20
807.2538439949052
 30
0.0
 10
1002.113921166804
 20
807.2538439949052
 30
0.0
 10
1002.113921166804
 20
807.2538439949052
 30
0.0
 10
1001.978033924313
 20
807.2538439949052
 30
0.0
 10
1001.866722034175
 20
807.1430139744272
 30
0.0
 10
1001.866722034175
 20
807.0066448622721
 30
0.0
 10
1001.866722034175
 20
807.0066448622721
 30
0.0
 10
1001.866722034175
 20
806.8707576197711
 30
0.0
 10
1001.978033924313
 20
806.7594457296372
 30
0.0
 10
1002.113921166804
 20
806.7594457296372
 30
0.0
 10
1002.113921166804
 20
806.7594457296372
 30
0.0
 10
1002.249808409305
 20
806.7594457296372
 30
0.0
 10
1002.361120299436
 20
806.8707576197711
 30
0.0
 10
1002.361120299436
 20
807.0066448622721
 30
0.0
 10
1002.361120299436
 20
807.0066448622721
 30
0.0
 10
1002.361120299436
 20
807.0066448622721
 30
0.0
 10
1002.113921166804
 20
807.0066448622721
 30
0.0
 10
1002.113921166804
 20
807.0066448622721
 30
0.0
  0
SPLINE
  5
6DF
330
1F
100
AcDbEntity
  8
ºöåçæÄ
370
     0
100
AcDbSpline
210
0.0
220
0.0
230
0.0
 70
    24
 71
     3
 72
     8
 73
     4
 74
     0
 42
0.000000001
 43
0.0000000001
 40
0.0
 40
0.0
 40
0.0
 40
0.0
 40
1.0
 40
1.0
 40
1.0
 40
1.0
 10
1002.785647464837
 20
807.6764436816898
 30
0.0
 10
1002.785647464837
 20
807.6764436816898
 30
0.0
 10
1004.990683002727
 20
809.8819610892334
 30
0.0
 10
1004.990683002727
 20
809.8819610892334
 30
0.0
  0
SPLINE
  5
6E0
330
1F
100
AcDbEntity
  8
ºöåçæÄ
370
     0
100
AcDbSpline
210
0.0
220
0.0
230
0.0
 70
    24
 71
     3
 72
     8
 73
     4
 74
     0
 42
0.000000001
 43
0.0000000001
 40
0.0
 40
0.0
 40
0.0
 40
0.0
 40
1.0
 40
1.0
 40
1.0
 40
1.0
 10
999.3489530906698
 20
801.5591084208788
 30
0.0
 10
999.3489530906698
 20
801.5591084208788
 30
0.0
 10
1000.435569161029
 20
802.6457244912316
 30
0.0
 10
1000.435569161029
 20
802.6457244912316
 30
0.0
  0
SPLINE
  5
6E1
330
1F
100
AcDbEntity
  8
ºöåçæÄ
370
     0
100
AcDbSpline
210
0.0
220
0.0
230
1.0
 70
    11
 71
     3
 72
    28
 73
    24
 74
     0
 42
0.000000001
 43
0.0000000001
 40
0.0
 40
0.0
 40
0.0
 40
0.0
 40
0.1428571428571428
 40
0.1428571428571428
 40
0.1428571428571428
 40
0.1428571528571428
 40
0.2857142857142857
 40
0.2857142857142857
 40
0.2857142857142857
 40
0.2857142957142857
 40
0.428571428571429
 40
0.428571428571429
 40
0.428571428571429
 40
0.4285714385714289
 40
0.5714285714285714
 40
0.5714285714285714
 40
0.5714285714285714
 40
0.5714285814285715
 40
0.7142857142857145
 40
0.7142857142857145
 40
0.7142857142857145
 40
0.7142857242857146
 40
1.0
 40
1.0
 40
1.0
 40
1.0
 10
1001.107777328719
 20
803.3155233106516
 30
0.0
 10
1001.107777328719
 20
803.3155233106516
 30
0.0
 10
1001.354976461345
 20
803.3155233106516
 30
0.0
 10
1001.354976461345
 20
803.3155233106516
 30
0.0
 10
1001.354976461345
 20
803.3155233106516
 30
0.0
 10
1001.354976461345
 20
803.4514105531515
 30
0.0
 10
1001.244146440868
 20
803.5627224432865
 30
0.0
 10
1001.107777328719
 20
803.5627224432865
 30
0.0
 10
1001.107777328719
 20
803.5627224432865
 30
0.0
 10
1000.971890086211
 20
803.5627224432865
 30
0.0
 10
1000.861060065731
 20
803.4514105531515
 30
0.0
 10
1000.861060065731
 20
803.3155233106516
 30
0.0
 10
1000.861060065731
 20
803.3155233106516
 30
0.0
 10
1000.861060065731
 20
803.1791541984958
 30
0.0
 10
1000.971890086211
 20
803.0683241780154
 30
0.0
 10
1001.107777328719
 20
803.0683241780154
 30
0.0
 10
1001.107777328719
 20
803.0683241780154
 30
0.0
 10
1001.244146440868
 20
803.0683241780154
 30
0.0
 10
1001.354976461345
 20
803.1791541984958
 30
0.0
 10
1001.354976461345
 20
803.3155233106516
 30
0.0
 10
1001.354976461345
 20
803.3155233106516
 30
0.0
 10
1001.354976461345
 20
803.3155233106516
 30
0.0
 10
1001.107777328719
 20
803.3155233106516
 30
0.0
 10
1001.107777328719
 20
803.3155233106516
 30
0.0
  0
SPLINE
  5
6E2
330
1F
100
AcDbEntity
  8
ºöåçæÄ
370
     0
100
AcDbSpline
210
0.0
220
0.0
230
0.0
 70
    24
 71
     3
 72
     8
 73
     4
 74
     0
 42
0.000000001
 43
0.0000000001
 40
0.0
 40
0.0
 40
0.0
 40
0.0
 40
1.0
 40
1.0
 40
1.0
 40
1.0
 10
1001.777094278477
 20
803.9872496086866
 30
0.0
 10
1001.777094278477
 20
803.9872496086866
 30
0.0
 10
1004.990683002727
 20
807.1984289846668
 30
0.0
 10
1004.990683002727
 20
807.1984289846668
 30
0.0
  0
SPLINE
  5
6E3
330
1F
100
AcDbEntity
  8
ºöåçæÄ
370
     0
100
AcDbSpline
210
0.0
220
0.0
230
0.0
 70
    24
 71
     3
 72
     8
 73
     4
 74
     0
 42
0.000000001
 43
0.0000000001
 40
0.0
 40
0.0
 40
0.0
 40
0.0
 40
1.0
 40
1.0
 40
1.0
 40
1.0
 10
1005.180057776854
 20
810.071335863355
 30
0.0
 10
1005.180057776854
 20
810.071335863355
 30
0.0
 10
1006.138496519182
 20
811.0317020842924
 30
0.0
 10
1006.138496519182
 20
811.0317020842924
 30
0.0
  0
SPLINE
  5
6E4
330
1F
100
AcDbEntity
  8
ºöåçæÄ
370
     0
100
AcDbSpline
210
0.0
220
0.0
230
1.0
 70
    11
 71
     3
 72
    28
 73
    24
 74
     0
 42
0.000000001
 43
0.0000000001
 40
0.0
 40
0.0
 40
0.0
 40
0.0
 40
0.1428571428571428
 40
0.1428571428571428
 40
0.1428571428571428
 40
0.1428571528571428
 40
0.2857142857142857
 40
0.2857142857142857
 40
0.2857142857142857
 40
0.2857142957142857
 40
0.428571428571429
 40
0.428571428571429
 40
0.428571428571429
 40
0.4285714385714289
 40
0.5714285714285714
 40
0.5714285714285714
 40
0.5714285714285714
 40
0.5714285814285715
 40
0.7142857142857145
 40
0.7142857142857145
 40
0.7142857142857145
 40
0.7142857242857146
 40
1.0
 40
1.0
 40
1.0
 40
1.0
 10
1006.810704686863
 20
811.7034283823297
 30
0.0
 10
1006.810704686863
 20
811.7034283823297
 30
0.0
 10
1007.05742194984
 20
811.7034283823297
 30
0.0
 10
1007.05742194984
 20
811.7034283823297
 30
0.0
 10
1007.05742194984
 20
811.7034283823297
 30
0.0
 10
1007.05742194984
 20
811.8393156248297
 30
0.0
 10
1006.946591929357
 20
811.950145645312
 30
0.0
 10
1006.810704686863
 20
811.950145645312
 30
0.0
 10
1006.810704686863
 20
811.950145645312
 30
0.0
 10
1006.674335574707
 20
811.950145645312
 30
0.0
 10
1006.563505554227
 20
811.8393156248297
 30
0.0
 10
1006.563505554227
 20
811.7034283823297
 30
0.0
 10
1006.563505554227
 20
811.7034283823297
 30
0.0
 10
1006.563505554227
 20
811.5670592701754
 30
0.0
 10
1006.674335574707
 20
811.4562292496957
 30
0.0
 10
1006.810704686863
 20
811.4562292496957
 30
0.0
 10
1006.810704686863
 20
811.4562292496957
 30
0.0
 10
1006.946591929357
 20
811.4562292496957
 30
0.0
 10
1007.05742194984
 20
811.5670592701754
 30
0.0
 10
1007.05742194984
 20
811.7034283823297
 30
0.0
 10
1007.05742194984
 20
811.7034283823297
 30
0.0
 10
1007.05742194984
 20
811.7034283823297
 30
0.0
 10
1006.810704686863
 20
811.7034283823297
 30
0.0
 10
1006.810704686863
 20
811.7034283823297
 30
0.0
  0
SPLINE
  5
6E5
330
1F
100
AcDbEntity
  8
ºöåçæÄ
370
     0
100
AcDbSpline
210
0.0
220
0.0
230
0.0
 70
    24
 71
     3
 72
     8
 73
     4
 74
     0
 42
0.000000001
 43
0.0000000001
 40
0.0
 40
0.0
 40
0.0
 40
0.0
 40
1.0
 40
1.0
 40
1.0
 40
1.0
 10
1007.480503506281
 20
812.3732272017473
 30
0.0
 10
1007.480503506281
 20
812.3732272017473
 30
0.0
 10
1008.665902855768
 20
813.5591084208785
 30
0.0
 10
1008.665902855768
 20
813.5591084208785
 30
0.0
  0
SPLINE
  5
6E6
330
1F
100
AcDbEntity
  8
ºöåçæÄ
370
     0
100
AcDbSpline
210
0.0
220
0.0
230
0.0
 70
    24
 71
     3
 72
     8
 73
     4
 74
     0
 42
0.000000001
 43
0.0000000001
 40
0.0
 40
0.0
 40
0.0
 40
0.0
 40
1.0
 40
1.0
 40
1.0
 40
1.0
 10
1007.863589881418
 20
810.071335863355
 30
0.0
 10
1007.863589881418
 20
810.071335863355
 30
0.0
 10
1009.82961807079
 20
812.0378459223863
 30
0.0
 10
1009.82961807079
 20
812.0378459223863
 30
0.0
  0
SPLINE
  5
6E7
330
1F
100
AcDbEntity
  8
ºöåçæÄ
370
     0
100
AcDbSpline
210
0.0
220
0.0
230
1.0
 70
    11
 71
     3
 72
    28
 73
    24
 74
     0
 42
0.000000001
 43
0.0000000001
 40
0.0
 40
0.0
 40
0.0
 40
0.0
 40
0.1428571428571428
 40
0.1428571428571428
 40
0.1428571428571428
 40
0.1428571528571428
 40
0.2857142857142857
 40
0.2857142857142857
 40
0.2857142857142857
 40
0.2857142957142857
 40
0.428571428571429
 40
0.428571428571429
 40
0.428571428571429
 40
0.4285714385714289
 40
0.5714285714285714
 40
0.5714285714285714
 40
0.5714285714285714
 40
0.5714285814285715
 40
0.7142857142857145
 40
0.7142857142857145
 40
0.7142857142857145
 40
0.7142857242857146
 40
1.0
 40
1.0
 40
1.0
 40
1.0
 10
1010.501826238478
 20
812.7095722204238
 30
0.0
 10
1010.501826238478
 20
812.7095722204238
 30
0.0
 10
1010.749025371131
 20
812.7095722204238
 30
0.0
 10
1010.749025371131
 20
812.7095722204238
 30
0.0
 10
1010.749025371131
 20
812.7095722204238
 30
0.0
 10
1010.749025371131
 20
812.8454594629213
 30
0.0
 10
1010.637713480982
 20
812.9562894834034
 30
0.0
 10
1010.501826238478
 20
812.9562894834034
 30
0.0
 10
1010.501826238478
 20
812.9562894834034
 30
0.0
 10
1010.365457126329
 20
812.9562894834034
 30
0.0
 10
1010.254627105852
 20
812.8454594629213
 30
0.0
 10
1010.254627105852
 20
812.7095722204238
 30
0.0
 10
1010.254627105852
 20
812.7095722204238
 30
0.0
 10
1010.254627105852
 20
812.5732031082671
 30
0.0
 10
1010.365457126329
 20
812.4623730877859
 30
0.0
 10
1010.501826238478
 20
812.4623730877859
 30
0.0
 10
1010.501826238478
 20
812.4623730877859
 30
0.0
 10
1010.637713480982
 20
812.4623730877859
 30
0.0
 10
1010.749025371131
 20
812.5732031082671
 30
0.0
 10
1010.749025371131
 20
812.7095722204238
 30
0.0
 10
1010.749025371131
 20
812.7095722204238
 30
0.0
 10
1010.749025371131
 20
812.7095722204238
 30
0.0
 10
1010.501826238478
 20
812.7095722204238
 30
0.0
 10
1010.501826238478
 20
812.7095722204238
 30
0.0
  0
SPLINE
  5
6E8
330
1F
100
AcDbEntity
  8
ºöåçæÄ
370
     0
100
AcDbSpline
210
0.0
220
0.0
230
0.0
 70
    24
 71
     3
 72
     8
 73
     4
 74
     0
 42
0.000000001
 43
0.0000000001
 40
0.0
 40
0.0
 40
0.0
 40
0.0
 40
1.0
 40
1.0
 40
1.0
 40
1.0
 10
1011.171143188242
 20
813.3808166488043
 30
0.0
 10
1011.171143188242
 20
813.3808166488043
 30
0.0
 10
1011.349434960322
 20
813.5591084208785
 30
0.0
 10
1011.349434960322
 20
813.5591084208785
 30
0.0
  0
SPLINE
  5
6E9
330
1F
100
AcDbEntity
  8
ºöåçæÄ
370
     0
100
AcDbSpline
210
0.0
220
0.0
230
0.0
 70
    24
 71
     3
 72
     8
 73
     4
 74
     0
 42
0.000000001
 43
0.0000000001
 40
0.0
 40
0.0
 40
0.0
 40
0.0
 40
1.0
 40
1.0
 40
1.0
 40
1.0
 10
1002.034412673862
 20
801.5591084208788
 30
0.0
 10
1002.034412673862
 20
801.5591084208788
 30
0.0
 10
1004.127172582302
 20
803.6513864596697
 30
0.0
 10
1004.127172582302
 20
803.6513864596697
 30
0.0
  0
SPLINE
  5
6EA
330
1F
100
AcDbEntity
  8
ºöåçæÄ
370
     0
100
AcDbSpline
210
0.0
220
0.0
230
1.0
 70
    11
 71
     3
 72
    28
 73
    24
 74
     0
 42
0.000000001
 43
0.0000000001
 40
0.0
 40
0.0
 40
0.0
 40
0.0
 40
0.1428571428571428
 40
0.1428571428571428
 40
0.1428571428571428
 40
0.1428571528571428
 40
0.2857142857142857
 40
0.2857142857142857
 40
0.2857142857142857
 40
0.2857142957142857
 40
0.428571428571429
 40
0.428571428571429
 40
0.428571428571429
 40
0.4285714385714289
 40
0.5714285714285714
 40
0.5714285714285714
 40
0.5714285714285714
 40
0.5714285814285715
 40
0.7142857142857145
 40
0.7142857142857145
 40
0.7142857142857145
 40
0.7142857242857146
 40
1.0
 40
1.0
 40
1.0
 40
1.0
 10
1004.797453271365
 20
804.3231127577048
 30
0.0
 10
1004.797453271365
 20
804.3231127577048
 30
0.0
 10
1005.044652404004
 20
804.3231127577048
 30
0.0
 10
1005.044652404004
 20
804.3231127577048
 30
0.0
 10
1005.044652404004
 20
804.3231127577048
 30
0.0
 10
1005.044652404004
 20
804.4594818698612
 30
0.0
 10
1004.933822383527
 20
804.5703118903409
 30
0.0
 10
1004.797453271365
 20
804.5703118903409
 30
0.0
 10
1004.797453271365
 20
804.5703118903409
 30
0.0
 10
1004.66156602887
 20
804.5703118903409
 30
0.0
 10
1004.550254138739
 20
804.4594818698612
 30
0.0
 10
1004.550254138739
 20
804.3231127577048
 30
0.0
 10
1004.550254138739
 20
804.3231127577048
 30
0.0
 10
1004.550254138739
 20
804.1872255152057
 30
0.0
 10
1004.66156602887
 20
804.0759136250708
 30
0.0
 10
1004.797453271365
 20
804.0759136250708
 30
0.0
 10
1004.797453271365
 20
804.0759136250708
 30
0.0
 10
1004.933822383527
 20
804.0759136250708
 30
0.0
 10
1005.044652404004
 20
804.1872255152057
 30
0.0
 10
1005.044652404004
 20
804.3231127577048
 30
0.0
 10
1005.044652404004
 20
804.3231127577048
 30
0.0
 10
1005.044652404004
 20
804.3231127577048
 30
0.0
 10
1004.797453271365
 20
804.3231127577048
 30
0.0
 10
1004.797453271365
 20
804.3231127577048
 30
0.0
  0
SPLINE
  5
6EB
330
1F
100
AcDbEntity
  8
ºöåçæÄ
370
     0
100
AcDbSpline
210
0.0
220
0.0
230
0.0
 70
    24
 71
     3
 72
     8
 73
     4
 74
     0
 42
0.000000001
 43
0.0000000001
 40
0.0
 40
0.0
 40
0.0
 40
0.0
 40
1.0
 40
1.0
 40
1.0
 40
1.0
 10
1004.717944778419
 20
801.5591084208788
 30
0.0
 10
1004.717944778419
 20
801.5591084208788
 30
0.0
 10
1004.990683002727
 20
801.829437296918
 30
0.0
 10
1004.990683002727
 20
801.829437296918
 30
0.0
  0
SPLINE
  5
6EC
330
1F
100
AcDbEntity
  8
ºöåçæÄ
370
     0
100
AcDbSpline
210
0.0
220
0.0
230
1.0
 70
    11
 71
     3
 72
    28
 73
    24
 74
     0
 42
0.000000001
 43
0.0000000001
 40
0.0
 40
0.0
 40
0.0
 40
0.0
 40
0.1428571428571428
 40
0.1428571428571428
 40
0.1428571428571428
 40
0.1428571528571428
 40
0.2857142857142857
 40
0.2857142857142857
 40
0.2857142857142857
 40
0.2857142957142857
 40
0.428571428571429
 40
0.428571428571429
 40
0.428571428571429
 40
0.4285714385714289
 40
0.5714285714285714
 40
0.5714285714285714
 40
0.5714285714285714
 40
0.5714285814285715
 40
0.7142857142857145
 40
0.7142857142857145
 40
0.7142857142857145
 40
0.7142857242857146
 40
1.0
 40
1.0
 40
1.0
 40
1.0
 10
1009.493754921772
 20
809.0179687991472
 30
0.0
 10
1009.493754921772
 20
809.0179687991472
 30
0.0
 10
1009.740472184754
 20
809.0179687991472
 30
0.0
 10
1009.740472184754
 20
809.0179687991472
 30
0.0
 10
1009.740472184754
 20
809.0179687991472
 30
0.0
 10
1009.740472184754
 20
809.154337911303
 30
0.0
 10
1009.629642164274
 20
809.2651679317821
 30
0.0
 10
1009.493754921772
 20
809.2651679317821
 30
0.0
 10
1009.493754921772
 20
809.2651679317821
 30
0.0
 10
1009.357385809616
 20
809.2651679317821
 30
0.0
 10
1009.246555789137
 20
809.154337911303
 30
0.0
 10
1009.246555789137
 20
809.0179687991472
 30
0.0
 10
1009.246555789137
 20
809.0179687991472
 30
0.0
 10
1009.246555789137
 20
808.882081556645
 30
0.0
 10
1009.357385809616
 20
808.7712515361673
 30
0.0
 10
1009.493754921772
 20
808.7712515361673
 30
0.0
 10
1009.493754921772
 20
808.7712515361673
 30
0.0
 10
1009.629642164274
 20
808.7712515361673
 30
0.0
 10
1009.740472184754
 20
808.882081556645
 30
0.0
 10
1009.740472184754
 20
809.0179687991472
 30
0.0
 10
1009.740472184754
 20
809.0179687991472
 30
0.0
 10
1009.740472184754
 20
809.0179687991472
 30
0.0
 10
1009.493754921772
 20
809.0179687991472
 30
0.0
 10
1009.493754921772
 20
809.0179687991472
 30
0.0
  0
SPLINE
  5
6ED
330
1F
100
AcDbEntity
  8
ºöåçæÄ
370
     0
100
AcDbSpline
210
0.0
220
0.0
230
0.0
 70
    24
 71
     3
 72
     8
 73
     4
 74
     0
 42
0.000000001
 43
0.0000000001
 40
0.0
 40
0.0
 40
0.0
 40
0.0
 40
1.0
 40
1.0
 40
1.0
 40
1.0
 10
1010.165963089477
 20
809.6901769668379
 30
0.0
 10
1010.165963089477
 20
809.6901769668379
 30
0.0
 10
1013.518812143805
 20
813.0454353694402
 30
0.0
 10
1013.518812143805
 20
813.0454353694402
 30
0.0
  0
SPLINE
  5
6EE
330
1F
100
AcDbEntity
  8
ºöåçæÄ
370
     0
100
AcDbSpline
210
0.0
220
0.0
230
1.0
 70
    11
 71
     3
 72
    28
 73
    24
 74
     0
 42
0.000000001
 43
0.0000000001
 40
0.0
 40
0.0
 40
0.0
 40
0.0
 40
0.1428571428571428
 40
0.1428571428571428
 40
0.1428571428571428
 40
0.1428571528571428
 40
0.2857142857142857
 40
0.2857142857142857
 40
0.2857142857142857
 40
0.2857142957142857
 40
0.428571428571429
 40
0.428571428571429
 40
0.428571428571429
 40
0.4285714385714289
 40
0.5714285714285714
 40
0.5714285714285714
 40
0.5714285714285714
 40
0.5714285814285715
 40
0.7142857142857145
 40
0.7142857142857145
 40
0.7142857142857145
 40
0.7142857242857146
 40
1.0
 40
1.0
 40
1.0
 40
1.0
 10
1014.032967064896
 20
813.5591084208785
 30
0.0
 10
1014.032967064896
 20
813.5591084208785
 30
0.0
 10
1014.279684327871
 20
813.5591084208785
 30
0.0
 10
1014.279684327871
 20
813.5591084208785
 30
0.0
 10
1014.279684327871
 20
813.5591084208785
 30
0.0
 10
1014.279684327871
 20
813.6949956633811
 30
0.0
 10
1014.168854307391
 20
813.8063075535145
 30
0.0
 10
1014.032967064896
 20
813.8063075535145
 30
0.0
 10
1014.032967064896
 20
813.8063075535145
 30
0.0
 10
1013.896597952737
 20
813.8063075535145
 30
0.0
 10
1013.78576793226
 20
813.6949956633811
 30
0.0
 10
1013.78576793226
 20
813.5591084208785
 30
0.0
 10
1013.78576793226
 20
813.5591084208785
 30
0.0
 10
1013.78576793226
 20
813.4227393087254
 30
0.0
 10
1013.896597952737
 20
813.311909288247
 30
0.0
 10
1014.032967064896
 20
813.311909288247
 30
0.0
 10
1014.032967064896
 20
813.311909288247
 30
0.0
 10
1014.168854307391
 20
813.311909288247
 30
0.0
 10
1014.279684327871
 20
813.4227393087254
 30
0.0
 10
1014.279684327871
 20
813.5591084208785
 30
0.0
 10
1014.279684327871
 20
813.5591084208785
 30
0.0
 10
1014.279684327871
 20
813.5591084208785
 30
0.0
 10
1014.032967064896
 20
813.5591084208785
 30
0.0
 10
1014.032967064896
 20
813.5591084208785
 30
0.0
  0
SPLINE
  5
6EF
330
1F
100
AcDbEntity
  8
ºöåçæÄ
370
     0
100
AcDbSpline
210
0.0
220
0.0
230
1.0
 70
    11
 71
     3
 72
    28
 73
    24
 74
     0
 42
0.000000001
 43
0.0000000001
 40
0.0
 40
0.0
 40
0.0
 40
0.0
 40
0.1428571428571428
 40
0.1428571428571428
 40
0.1428571428571428
 40
0.1428571528571428
 40
0.2857142857142857
 40
0.2857142857142857
 40
0.2857142857142857
 40
0.2857142957142857
 40
0.428571428571429
 40
0.428571428571429
 40
0.428571428571429
 40
0.4285714385714289
 40
0.5714285714285714
 40
0.5714285714285714
 40
0.5714285714285714
 40
0.5714285814285715
 40
0.7142857142857145
 40
0.7142857142857145
 40
0.7142857142857145
 40
0.7142857242857146
 40
1.0
 40
1.0
 40
1.0
 40
1.0
 10
1008.832147886478
 20
805.6728296592844
 30
0.0
 10
1008.832147886478
 20
805.6728296592844
 30
0.0
 10
1009.078865149456
 20
805.6728296592844
 30
0.0
 10
1009.078865149456
 20
805.6728296592844
 30
0.0
 10
1009.078865149456
 20
805.6728296592844
 30
0.0
 10
1009.078865149456
 20
805.8091987714384
 30
0.0
 10
1008.96803512899
 20
805.9200287919191
 30
0.0
 10
1008.832147886478
 20
805.9200287919191
 30
0.0
 10
1008.832147886478
 20
805.9200287919191
 30
0.0
 10
1008.695778774322
 20
805.9200287919191
 30
0.0
 10
1008.584948753842
 20
805.8091987714384
 30
0.0
 10
1008.584948753842
 20
805.6728296592844
 30
0.0
 10
1008.584948753842
 20
805.6728296592844
 30
0.0
 10
1008.584948753842
 20
805.5369424167839
 30
0.0
 10
1008.695778774322
 20
805.4261123963041
 30
0.0
 10
1008.832147886478
 20
805.4261123963041
 30
0.0
 10
1008.832147886478
 20
805.4261123963041
 30
0.0
 10
1008.96803512899
 20
805.4261123963041
 30
0.0
 10
1009.078865149456
 20
805.5369424167839
 30
0.0
 10
1009.078865149456
 20
805.6728296592844
 30
0.0
 10
1009.078865149456
 20
805.6728296592844
 30
0.0
 10
1009.078865149456
 20
805.6728296592844
 30
0.0
 10
1008.832147886478
 20
805.6728296592844
 30
0.0
 10
1008.832147886478
 20
805.6728296592844
 30
0.0
  0
SPLINE
  5
6F0
330
1F
100
AcDbEntity
  8
ºöåçæÄ
370
     0
100
AcDbSpline
210
0.0
220
0.0
230
0.0
 70
    24
 71
     3
 72
     8
 73
     4
 74
     0
 42
0.000000001
 43
0.0000000001
 40
0.0
 40
0.0
 40
0.0
 40
0.0
 40
1.0
 40
1.0
 40
1.0
 40
1.0
 10
1009.157891772754
 20
805.9990554152159
 30
0.0
 10
1009.157891772754
 20
805.9990554152159
 30
0.0
 10
1012.513150175358
 20
809.3543138178198
 30
0.0
 10
1012.513150175358
 20
809.3543138178198
 30
0.0
  0
SPLINE
  5
6F1
330
1F
100
AcDbEntity
  8
ºöåçæÄ
370
     0
100
AcDbSpline
210
0.0
220
0.0
230
1.0
 70
    11
 71
     3
 72
    28
 73
    24
 74
     0
 42
0.000000001
 43
0.0000000001
 40
0.0
 40
0.0
 40
0.0
 40
0.0
 40
0.1428571428571428
 40
0.1428571428571428
 40
0.1428571428571428
 40
0.1428571528571428
 40
0.2857142857142857
 40
0.2857142857142857
 40
0.2857142857142857
 40
0.2857142957142857
 40
0.428571428571429
 40
0.428571428571429
 40
0.428571428571429
 40
0.4285714385714289
 40
0.5714285714285714
 40
0.5714285714285714
 40
0.5714285714285714
 40
0.5714285814285715
 40
0.7142857142857145
 40
0.7142857142857145
 40
0.7142857142857145
 40
0.7142857242857146
 40
1.0
 40
1.0
 40
1.0
 40
1.0
 10
1013.184876473394
 20
810.0255582462008
 30
0.0
 10
1013.184876473394
 20
810.0255582462008
 30
0.0
 10
1013.431593736372
 20
810.0255582462008
 30
0.0
 10
1013.431593736372
 20
810.0255582462008
 30
0.0
 10
1013.431593736372
 20
810.0255582462008
 30
0.0
 10
1013.431593736372
 20
810.1619273583574
 30
0.0
 10
1013.320763715899
 20
810.2727573788365
 30
0.0
 10
1013.184876473394
 20
810.2727573788365
 30
0.0
 10
1013.184876473394
 20
810.2727573788365
 30
0.0
 10
1013.048507361238
 20
810.2727573788365
 30
0.0
 10
1012.937677340759
 20
810.1619273583574
 30
0.0
 10
1012.937677340759
 20
810.0255582462008
 30
0.0
 10
1012.937677340759
 20
810.0255582462008
 30
0.0
 10
1012.937677340759
 20
809.889671003699
 30
0.0
 10
1013.048507361238
 20
809.7788409832228
 30
0.0
 10
1013.184876473394
 20
809.7788409832228
 30
0.0
 10
1013.184876473394
 20
809.7788409832228
 30
0.0
 10
1013.320763715899
 20
809.7788409832228
 30
0.0
 10
1013.431593736372
 20
809.889671003699
 30
0.0
 10
1013.431593736372
 20
810.0255582462008
 30
0.0
 10
1013.431593736372
 20
810.0255582462008
 30
0.0
 10
1013.431593736372
 20
810.0255582462008
 30
0.0
 10
1013.184876473394
 20
810.0255582462008
 30
0.0
 10
1013.184876473394
 20
810.0255582462008
 30
0.0
  0
SPLINE
  5
6F2
330
1F
100
AcDbEntity
  8
ºöåçæÄ
370
     0
100
AcDbSpline
210
0.0
220
0.0
230
0.0
 70
    24
 71
     3
 72
     8
 73
     4
 74
     0
 42
0.000000001
 43
0.0000000001
 40
0.0
 40
0.0
 40
0.0
 40
0.0
 40
1.0
 40
1.0
 40
1.0
 40
1.0
 10
1013.854675292813
 20
810.6958389352742
 30
0.0
 10
1013.854675292813
 20
810.6958389352742
 30
0.0
 10
1016.71794477842
 20
813.5591084208785
 30
0.0
 10
1016.71794477842
 20
813.5591084208785
 30
0.0
  0
SPLINE
  5
6F3
330
1F
100
AcDbEntity
  8
ºöåçæÄ
370
     0
100
AcDbSpline
210
0.0
220
0.0
230
0.0
 70
    24
 71
     3
 72
     8
 73
     4
 74
     0
 42
0.000000001
 43
0.0000000001
 40
0.0
 40
0.0
 40
0.0
 40
0.0
 40
1.0
 40
1.0
 40
1.0
 40
1.0
 10
1008.832147886478
 20
802.9892975547179
 30
0.0
 10
1008.832147886478
 20
802.9892975547179
 30
0.0
 10
1011.507006337267
 20
805.6646378751599
 30
0.0
 10
1011.507006337267
 20
805.6646378751599
 30
0.0
  0
SPLINE
  5
6F4
330
1F
100
AcDbEntity
  8
ºöåçæÄ
370
     0
100
AcDbSpline
210
0.0
220
0.0
230
1.0
 70
    11
 71
     3
 72
    28
 73
    24
 74
     0
 42
0.000000001
 43
0.0000000001
 40
0.0
 40
0.0
 40
0.0
 40
0.0
 40
0.1428571428571428
 40
0.1428571428571428
 40
0.1428571428571428
 40
0.1428571528571428
 40
0.2857142857142857
 40
0.2857142857142857
 40
0.2857142857142857
 40
0.2857142957142857
 40
0.428571428571429
 40
0.428571428571429
 40
0.428571428571429
 40
0.4285714385714289
 40
0.5714285714285714
 40
0.5714285714285714
 40
0.5714285714285714
 40
0.5714285814285715
 40
0.7142857142857145
 40
0.7142857142857145
 40
0.7142857142857145
 40
0.7142857242857146
 40
1.0
 40
1.0
 40
1.0
 40
1.0
 10
1012.17728702634
 20
806.3344366945818
 30
0.0
 10
1012.17728702634
 20
806.3344366945818
 30
0.0
 10
1012.424004289314
 20
806.3344366945818
 30
0.0
 10
1012.424004289314
 20
806.3344366945818
 30
0.0
 10
1012.424004289314
 20
806.3344366945818
 30
0.0
 10
1012.424004289314
 20
806.4708058067349
 30
0.0
 10
1012.313174268852
 20
806.5816358272169
 30
0.0
 10
1012.17728702634
 20
806.5816358272169
 30
0.0
 10
1012.17728702634
 20
806.5816358272169
 30
0.0
 10
1012.040917914184
 20
806.5816358272169
 30
0.0
 10
1011.930087893704
 20
806.4708058067349
 30
0.0
 10
1011.930087893704
 20
806.3344366945818
 30
0.0
 10
1011.930087893704
 20
806.3344366945818
 30
0.0
 10
1011.930087893704
 20
806.1985494520806
 30
0.0
 10
1012.040917914184
 20
806.0877194316001
 30
0.0
 10
1012.17728702634
 20
806.0877194316001
 30
0.0
 10
1012.17728702634
 20
806.0877194316001
 30
0.0
 10
1012.313174268852
 20
806.0877194316001
 30
0.0
 10
1012.424004289314
 20
806.1985494520806
 30
0.0
 10
1012.424004289314
 20
806.3344366945818
 30
0.0
 10
1012.424004289314
 20
806.3344366945818
 30
0.0
 10
1012.424004289314
 20
806.3344366945818
 30
0.0
 10
1012.17728702634
 20
806.3344366945818
 30
0.0
 10
1012.17728702634
 20
806.3344366945818
 30
0.0
  0
SPLINE
  5
6F5
330
1F
100
AcDbEntity
  8
ºöåçæÄ
370
     0
100
AcDbSpline
210
0.0
220
0.0
230
0.0
 70
    24
 71
     3
 72
     8
 73
     4
 74
     0
 42
0.000000001
 43
0.0000000001
 40
0.0
 40
0.0
 40
0.0
 40
0.0
 40
1.0
 40
1.0
 40
1.0
 40
1.0
 10
1012.84949519403
 20
807.0066448622721
 30
0.0
 10
1012.84949519403
 20
807.0066448622721
 30
0.0
 10
1016.204271726973
 20
810.3599757862573
 30
0.0
 10
1016.204271726973
 20
810.3599757862573
 30
0.0
  0
SPLINE
  5
6F6
330
1F
100
AcDbEntity
  8
ºöåçæÄ
370
     0
100
AcDbSpline
210
0.0
220
0.0
230
1.0
 70
    11
 71
     3
 72
    28
 73
    24
 74
     0
 42
0.000000001
 43
0.0000000001
 40
0.0
 40
0.0
 40
0.0
 40
0.0
 40
0.1428571428571428
 40
0.1428571428571428
 40
0.1428571428571428
 40
0.1428571528571428
 40
0.2857142857142857
 40
0.2857142857142857
 40
0.2857142857142857
 40
0.2857142957142857
 40
0.428571428571429
 40
0.428571428571429
 40
0.428571428571429
 40
0.4285714385714289
 40
0.5714285714285714
 40
0.5714285714285714
 40
0.5714285714285714
 40
0.5714285814285715
 40
0.7142857142857145
 40
0.7142857142857145
 40
0.7142857142857145
 40
0.7142857242857146
 40
1.0
 40
1.0
 40
1.0
 40
1.0
 10
1016.874552416053
 20
811.0317020842924
 30
0.0
 10
1016.874552416053
 20
811.0317020842924
 30
0.0
 10
1017.121269679042
 20
811.0317020842924
 30
0.0
 10
1017.121269679042
 20
811.0317020842924
 30
0.0
 10
1017.121269679042
 20
811.0317020842924
 30
0.0
 10
1017.121269679042
 20
811.1680711964488
 30
0.0
 10
1017.010439658554
 20
811.2789012169287
 30
0.0
 10
1016.874552416053
 20
811.2789012169287
 30
0.0
 10
1016.874552416053
 20
811.2789012169287
 30
0.0
 10
1016.738183303898
 20
811.2789012169287
 30
0.0
 10
1016.62735328342
 20
811.1680711964488
 30
0.0
 10
1016.62735328342
 20
811.0317020842924
 30
0.0
 10
1016.62735328342
 20
811.0317020842924
 30
0.0
 10
1016.62735328342
 20
810.8958148417933
 30
0.0
 10
1016.738183303898
 20
810.7849848213133
 30
0.0
 10
1016.874552416053
 20
810.7849848213133
 30
0.0
 10
1016.874552416053
 20
810.7849848213133
 30
0.0
 10
1017.010439658554
 20
810.7849848213133
 30
0.0
 10
1017.121269679042
 20
810.8958148417933
 30
0.0
 10
1017.121269679042
 20
811.0317020842924
 30
0.0
 10
1017.121269679042
 20
811.0317020842924
 30
0.0
 10
1017.121269679042
 20
811.0317020842924
 30
0.0
 10
1016.874552416053
 20
811.0317020842924
 30
0.0
 10
1016.874552416053
 20
811.0317020842924
 30
0.0
  0
SPLINE
  5
6F7
330
1F
100
AcDbEntity
  8
ºöåçæÄ
370
     0
100
AcDbSpline
210
0.0
220
0.0
230
0.0
 70
    24
 71
     3
 72
     8
 73
     4
 74
     0
 42
0.000000001
 43
0.0000000001
 40
0.0
 40
0.0
 40
0.0
 40
0.0
 40
1.0
 40
1.0
 40
1.0
 40
1.0
 10
1017.545796844439
 20
811.7034283823297
 30
0.0
 10
1017.545796844439
 20
811.7034283823297
 30
0.0
 10
1019.401476882984
 20
813.5591084208785
 30
0.0
 10
1019.401476882984
 20
813.5591084208785
 30
0.0
  0
SPLINE
  5
6F8
330
1F
100
AcDbEntity
  8
ºöåçæÄ
370
     0
100
AcDbSpline
210
0.0
220
0.0
230
0.0
 70
    24
 71
     3
 72
     8
 73
     4
 74
     0
 42
0.000000001
 43
0.0000000001
 40
0.0
 40
0.0
 40
0.0
 40
0.0
 40
1.0
 40
1.0
 40
1.0
 40
1.0
 10
1010.084527117896
 20
801.5591084208788
 30
0.0
 10
1010.084527117896
 20
801.5591084208788
 30
0.0
 10
1010.501826238478
 20
801.9739981931959
 30
0.0
 10
1010.501826238478
 20
801.9739981931959
 30
0.0
  0
SPLINE
  5
6F9
330
1F
100
AcDbEntity
  8
ºöåçæÄ
370
     0
100
AcDbSpline
210
0.0
220
0.0
230
1.0
 70
    11
 71
     3
 72
    28
 73
    24
 74
     0
 42
0.000000001
 43
0.0000000001
 40
0.0
 40
0.0
 40
0.0
 40
0.0
 40
0.1428571428571428
 40
0.1428571428571428
 40
0.1428571428571428
 40
0.1428571528571428
 40
0.2857142857142857
 40
0.2857142857142857
 40
0.2857142857142857
 40
0.2857142957142857
 40
0.428571428571429
 40
0.428571428571429
 40
0.428571428571429
 40
0.4285714385714289
 40
0.5714285714285714
 40
0.5714285714285714
 40
0.5714285714285714
 40
0.5714285814285715
 40
0.7142857142857145
 40
0.7142857142857145
 40
0.7142857142857145
 40
0.7142857242857146
 40
1.0
 40
1.0
 40
1.0
 40
1.0
 10
1011.171143188242
 20
802.6457244912316
 30
0.0
 10
1011.171143188242
 20
802.6457244912316
 30
0.0
 10
1011.418342320878
 20
802.6457244912316
 30
0.0
 10
1011.418342320878
 20
802.6457244912316
 30
0.0
 10
1011.418342320878
 20
802.6457244912316
 30
0.0
 10
1011.418342320878
 20
802.7816117337334
 30
0.0
 10
1011.30703043075
 20
802.8924417542125
 30
0.0
 10
1011.171143188242
 20
802.8924417542125
 30
0.0
 10
1011.171143188242
 20
802.8924417542125
 30
0.0
 10
1011.035255945741
 20
802.8924417542125
 30
0.0
 10
1010.923944055616
 20
802.7816117337334
 30
0.0
 10
1010.923944055616
 20
802.6457244912316
 30
0.0
 10
1010.923944055616
 20
802.6457244912316
 30
0.0
 10
1010.923944055616
 20
802.509355379078
 30
0.0
 10
1011.035255945741
 20
802.3985253585975
 30
0.0
 10
1011.171143188242
 20
802.3985253585975
 30
0.0
 10
1011.171143188242
 20
802.3985253585975
 30
0.0
 10
1011.30703043075
 20
802.3985253585975
 30
0.0
 10
1011.418342320878
 20
802.509355379078
 30
0.0
 10
1011.418342320878
 20
802.6457244912316
 30
0.0
 10
1011.418342320878
 20
802.6457244912316
 30
0.0
 10
1011.418342320878
 20
802.6457244912316
 30
0.0
 10
1011.171143188242
 20
802.6457244912316
 30
0.0
 10
1011.171143188242
 20
802.6457244912316
 30
0.0
  0
SPLINE
  5
6FA
330
1F
100
AcDbEntity
  8
ºöåçæÄ
370
     0
100
AcDbSpline
210
0.0
220
0.0
230
0.0
 70
    24
 71
     3
 72
     8
 73
     4
 74
     0
 42
0.000000001
 43
0.0000000001
 40
0.0
 40
0.0
 40
0.0
 40
0.0
 40
1.0
 40
1.0
 40
1.0
 40
1.0
 10
1011.84335135595
 20
803.3155233106516
 30
0.0
 10
1011.84335135595
 20
803.3155233106516
 30
0.0
 10
1015.196682279922
 20
806.6707817132542
 30
0.0
 10
1015.196682279922
 20
806.6707817132542
 30
0.0
  0
SPLINE
  5
6FB
330
1F
100
AcDbEntity
  8
ºöåçæÄ
370
     0
100
AcDbSpline
210
0.0
220
0.0
230
1.0
 70
    11
 71
     3
 72
    28
 73
    24
 74
     0
 42
0.000000001
 43
0.0000000001
 40
0.0
 40
0.0
 40
0.0
 40
0.0
 40
0.1428571428571428
 40
0.1428571428571428
 40
0.1428571428571428
 40
0.1428571528571428
 40
0.2857142857142857
 40
0.2857142857142857
 40
0.2857142857142857
 40
0.2857142957142857
 40
0.428571428571429
 40
0.428571428571429
 40
0.428571428571429
 40
0.4285714385714289
 40
0.5714285714285714
 40
0.5714285714285714
 40
0.5714285714285714
 40
0.5714285814285715
 40
0.7142857142857145
 40
0.7142857142857145
 40
0.7142857142857145
 40
0.7142857242857146
 40
1.0
 40
1.0
 40
1.0
 40
1.0
 10
1015.868408577962
 20
807.340580532673
 30
0.0
 10
1015.868408577962
 20
807.340580532673
 30
0.0
 10
1016.115607710587
 20
807.340580532673
 30
0.0
 10
1016.115607710587
 20
807.340580532673
 30
0.0
 10
1016.115607710587
 20
807.340580532673
 30
0.0
 10
1016.115607710587
 20
807.4764677751755
 30
0.0
 10
1016.004295820463
 20
807.5877796653065
 30
0.0
 10
1015.868408577962
 20
807.5877796653065
 30
0.0
 10
1015.868408577962
 20
807.5877796653065
 30
0.0
 10
1015.732039465806
 20
807.5877796653065
 30
0.0
 10
1015.621209445323
 20
807.4764677751755
 30
0.0
 10
1015.621209445323
 20
807.340580532673
 30
0.0
 10
1015.621209445323
 20
807.340580532673
 30
0.0
 10
1015.621209445323
 20
807.2042114205181
 30
0.0
 10
1015.732039465806
 20
807.0933814000389
 30
0.0
 10
1015.868408577962
 20
807.0933814000389
 30
0.0
 10
1015.868408577962
 20
807.0933814000389
 30
0.0
 10
1016.004295820463
 20
807.0933814000389
 30
0.0
 10
1016.115607710587
 20
807.2042114205181
 30
0.0
 10
1016.115607710587
 20
807.340580532673
 30
0.0
 10
1016.115607710587
 20
807.340580532673
 30
0.0
 10
1016.115607710587
 20
807.340580532673
 30
0.0
 10
1015.868408577962
 20
807.340580532673
 30
0.0
 10
1015.868408577962
 20
807.340580532673
 30
0.0
  0
SPLINE
  5
6FC
330
1F
100
AcDbEntity
  8
ºöåçæÄ
370
     0
100
AcDbSpline
210
0.0
220
0.0
230
0.0
 70
    24
 71
     3
 72
     8
 73
     4
 74
     0
 42
0.000000001
 43
0.0000000001
 40
0.0
 40
0.0
 40
0.0
 40
0.0
 40
1.0
 40
1.0
 40
1.0
 40
1.0
 10
1016.540134875991
 20
808.0123068307099
 30
0.0
 10
1016.540134875991
 20
808.0123068307099
 30
0.0
 10
1019.895875148249
 20
811.3685289726205
 30
0.0
 10
1019.895875148249
 20
811.3685289726205
 30
0.0
  0
SPLINE
  5
6FD
330
1F
100
AcDbEntity
  8
ºöåçæÄ
370
     0
100
AcDbSpline
210
0.0
220
0.0
230
1.0
 70
    11
 71
     3
 72
    28
 73
    24
 74
     0
 42
0.000000001
 43
0.0000000001
 40
0.0
 40
0.0
 40
0.0
 40
0.0
 40
0.1428571428571428
 40
0.1428571428571428
 40
0.1428571428571428
 40
0.1428571528571428
 40
0.2857142857142857
 40
0.2857142857142857
 40
0.2857142857142857
 40
0.2857142957142857
 40
0.428571428571429
 40
0.428571428571429
 40
0.428571428571429
 40
0.4285714385714289
 40
0.5714285714285714
 40
0.5714285714285714
 40
0.5714285714285714
 40
0.5714285814285715
 40
0.7142857142857145
 40
0.7142857142857145
 40
0.7142857142857145
 40
0.7142857242857146
 40
1.0
 40
1.0
 40
1.0
 40
1.0
 10
1020.565192098024
 20
812.0378459223863
 30
0.0
 10
1020.565192098024
 20
812.0378459223863
 30
0.0
 10
1020.811909360999
 20
812.0378459223863
 30
0.0
 10
1020.811909360999
 20
812.0378459223863
 30
0.0
 10
1020.811909360999
 20
812.0378459223863
 30
0.0
 10
1020.811909360999
 20
812.1737331648867
 30
0.0
 10
1020.701079340519
 20
812.2845631853646
 30
0.0
 10
1020.565192098024
 20
812.2845631853646
 30
0.0
 10
1020.565192098024
 20
812.2845631853646
 30
0.0
 10
1020.428822985862
 20
812.2845631853646
 30
0.0
 10
1020.317992965392
 20
812.1737331648867
 30
0.0
 10
1020.317992965392
 20
812.0378459223863
 30
0.0
 10
1020.317992965392
 20
812.0378459223863
 30
0.0
 10
1020.317992965392
 20
811.9014768102307
 30
0.0
 10
1020.428822985862
 20
811.7906467897514
 30
0.0
 10
1020.565192098024
 20
811.7906467897514
 30
0.0
 10
1020.565192098024
 20
811.7906467897514
 30
0.0
 10
1020.701079340519
 20
811.7906467897514
 30
0.0
 10
1020.811909360999
 20
811.9014768102307
 30
0.0
 10
1020.811909360999
 20
812.0378459223863
 30
0.0
 10
1020.811909360999
 20
812.0378459223863
 30
0.0
 10
1020.811909360999
 20
812.0378459223863
 30
0.0
 10
1020.565192098024
 20
812.0378459223863
 30
0.0
 10
1020.565192098024
 20
812.0378459223863
 30
0.0
  0
SPLINE
  5
6FE
330
1F
100
AcDbEntity
  8
ºöåçæÄ
370
     0
100
AcDbSpline
210
0.0
220
0.0
230
0.0
 70
    24
 71
     3
 72
     8
 73
     4
 74
     0
 42
0.000000001
 43
0.0000000001
 40
0.0
 40
0.0
 40
0.0
 40
0.0
 40
1.0
 40
1.0
 40
1.0
 40
1.0
 10
1021.237400265711
 20
812.7095722204238
 30
0.0
 10
1021.237400265711
 20
812.7095722204238
 30
0.0
 10
1022.084527117894
 20
813.5591084208785
 30
0.0
 10
1022.084527117894
 20
813.5591084208785
 30
0.0
  0
SPLINE
  5
6FF
330
1F
100
AcDbEntity
  8
ºöåçæÄ
370
     0
100
AcDbSpline
210
0.0
220
0.0
230
0.0
 70
    24
 71
     3
 72
     8
 73
     4
 74
     0
 42
0.000000001
 43
0.0000000001
 40
0.0
 40
0.0
 40
0.0
 40
0.0
 40
1.0
 40
1.0
 40
1.0
 40
1.0
 10
1012.769986701078
 20
801.5591084208788
 30
0.0
 10
1012.769986701078
 20
801.5591084208788
 30
0.0
 10
1014.191020311482
 20
802.9791782919792
 30
0.0
 10
1014.191020311482
 20
802.9791782919792
 30
0.0
  0
SPLINE
  5
700
330
1F
100
AcDbEntity
  8
ºöåçæÄ
370
     0
100
AcDbSpline
210
0.0
220
0.0
230
1.0
 70
    11
 71
     3
 72
    28
 73
    24
 74
     0
 42
0.000000001
 43
0.0000000001
 40
0.0
 40
0.0
 40
0.0
 40
0.0
 40
0.1428571428571428
 40
0.1428571428571428
 40
0.1428571428571428
 40
0.1428571528571428
 40
0.2857142857142857
 40
0.2857142857142857
 40
0.2857142857142857
 40
0.2857142957142857
 40
0.428571428571429
 40
0.428571428571429
 40
0.428571428571429
 40
0.4285714385714289
 40
0.5714285714285714
 40
0.5714285714285714
 40
0.5714285714285714
 40
0.5714285814285715
 40
0.7142857142857145
 40
0.7142857142857145
 40
0.7142857142857145
 40
0.7142857242857146
 40
1.0
 40
1.0
 40
1.0
 40
1.0
 10
1014.860819130911
 20
803.6513864596697
 30
0.0
 10
1014.860819130911
 20
803.6513864596697
 30
0.0
 10
1015.107536393882
 20
803.6513864596697
 30
0.0
 10
1015.107536393882
 20
803.6513864596697
 30
0.0
 10
1015.107536393882
 20
803.6513864596697
 30
0.0
 10
1015.107536393882
 20
803.7877555718228
 30
0.0
 10
1014.996706373409
 20
803.8985855923034
 30
0.0
 10
1014.860819130911
 20
803.8985855923034
 30
0.0
 10
1014.860819130911
 20
803.8985855923034
 30
0.0
 10
1014.724450018755
 20
803.8985855923034
 30
0.0
 10
1014.613619998268
 20
803.7877555718228
 30
0.0
 10
1014.613619998268
 20
803.6513864596697
 30
0.0
 10
1014.613619998268
 20
803.6513864596697
 30
0.0
 10
1014.613619998268
 20
803.5154992171676
 30
0.0
 10
1014.724450018755
 20
803.4046691966898
 30
0.0
 10
1014.860819130911
 20
803.4046691966898
 30
0.0
 10
1014.860819130911
 20
803.4046691966898
 30
0.0
 10
1014.996706373409
 20
803.4046691966898
 30
0.0
 10
1015.107536393882
 20
803.5154992171676
 30
0.0
 10
1015.107536393882
 20
803.6513864596697
 30
0.0
 10
1015.107536393882
 20
803.6513864596697
 30
0.0
 10
1015.107536393882
 20
803.6513864596697
 30
0.0
 10
1014.860819130911
 20
803.6513864596697
 30
0.0
 10
1014.860819130911
 20
803.6513864596697
 30
0.0
  0
SPLINE
  5
701
330
1F
100
AcDbEntity
  8
ºöåçæÄ
370
     0
100
AcDbSpline
210
0.0
220
0.0
230
0.0
 70
    24
 71
     3
 72
     8
 73
     4
 74
     0
 42
0.000000001
 43
0.0000000001
 40
0.0
 40
0.0
 40
0.0
 40
0.0
 40
1.0
 40
1.0
 40
1.0
 40
1.0
 10
1015.532545428937
 20
804.3231127577048
 30
0.0
 10
1015.532545428937
 20
804.3231127577048
 30
0.0
 10
1018.887321961886
 20
807.6764436816898
 30
0.0
 10
1018.887321961886
 20
807.6764436816898
 30
0.0
  0
SPLINE
  5
702
330
1F
100
AcDbEntity
  8
ºöåçæÄ
370
     0
100
AcDbSpline
210
0.0
220
0.0
230
1.0
 70
    11
 71
     3
 72
    28
 73
    24
 74
     0
 42
0.000000001
 43
0.0000000001
 40
0.0
 40
0.0
 40
0.0
 40
0.0
 40
0.1428571428571428
 40
0.1428571428571428
 40
0.1428571428571428
 40
0.1428571528571428
 40
0.2857142857142857
 40
0.2857142857142857
 40
0.2857142857142857
 40
0.2857142957142857
 40
0.428571428571429
 40
0.428571428571429
 40
0.428571428571429
 40
0.4285714385714289
 40
0.5714285714285714
 40
0.5714285714285714
 40
0.5714285714285714
 40
0.5714285814285715
 40
0.7142857142857145
 40
0.7142857142857145
 40
0.7142857142857145
 40
0.7142857242857146
 40
1.0
 40
1.0
 40
1.0
 40
1.0
 10
1019.55953012958
 20
808.3481699797278
 30
0.0
 10
1019.55953012958
 20
808.3481699797278
 30
0.0
 10
1019.806729262223
 20
808.3481699797278
 30
0.0
 10
1019.806729262223
 20
808.3481699797278
 30
0.0
 10
1019.806729262223
 20
808.3481699797278
 30
0.0
 10
1019.806729262223
 20
808.4845390918815
 30
0.0
 10
1019.695899241736
 20
808.5953691123616
 30
0.0
 10
1019.55953012958
 20
808.5953691123616
 30
0.0
 10
1019.55953012958
 20
808.5953691123616
 30
0.0
 10
1019.423642887083
 20
808.5953691123616
 30
0.0
 10
1019.312812866602
 20
808.4845390918815
 30
0.0
 10
1019.312812866602
 20
808.3481699797278
 30
0.0
 10
1019.312812866602
 20
808.3481699797278
 30
0.0
 10
1019.312812866602
 20
808.2122827372256
 30
0.0
 10
1019.423642887083
 20
808.1009708470917
 30
0.0
 10
1019.55953012958
 20
808.1009708470917
 30
0.0
 10
1019.55953012958
 20
808.1009708470917
 30
0.0
 10
1019.695899241736
 20
808.1009708470917
 30
0.0
 10
1019.806729262223
 20
808.2122827372256
 30
0.0
 10
1019.806729262223
 20
808.3481699797278
 30
0.0
 10
1019.806729262223
 20
808.3481699797278
 30
0.0
 10
1019.806729262223
 20
808.3481699797278
 30
0.0
 10
1019.55953012958
 20
808.3481699797278
 30
0.0
 10
1019.55953012958
 20
808.3481699797278
 30
0.0
  0
SPLINE
  5
703
330
1F
100
AcDbEntity
  8
ºöåçæÄ
370
     0
100
AcDbSpline
210
0.0
220
0.0
230
0.0
 70
    24
 71
     3
 72
     8
 73
     4
 74
     0
 42
0.000000001
 43
0.0000000001
 40
0.0
 40
0.0
 40
0.0
 40
0.0
 40
1.0
 40
1.0
 40
1.0
 40
1.0
 10
1020.229328949002
 20
809.0179687991472
 30
0.0
 10
1020.229328949002
 20
809.0179687991472
 30
0.0
 10
1023.58458735161
 20
812.3732272017473
 30
0.0
 10
1023.58458735161
 20
812.3732272017473
 30
0.0
  0
SPLINE
  5
704
330
1F
100
AcDbEntity
  8
ºöåçæÄ
370
     0
100
AcDbSpline
210
0.0
220
0.0
230
1.0
 70
    11
 71
     3
 72
    28
 73
    24
 74
     0
 42
0.000000001
 43
0.0000000001
 40
0.0
 40
0.0
 40
0.0
 40
0.0
 40
0.1428571428571428
 40
0.1428571428571428
 40
0.1428571428571428
 40
0.1428571528571428
 40
0.2857142857142857
 40
0.2857142857142857
 40
0.2857142857142857
 40
0.2857142957142857
 40
0.428571428571429
 40
0.428571428571429
 40
0.428571428571429
 40
0.4285714385714289
 40
0.5714285714285714
 40
0.5714285714285714
 40
0.5714285714285714
 40
0.5714285814285715
 40
0.7142857142857145
 40
0.7142857142857145
 40
0.7142857142857145
 40
0.7142857242857146
 40
1.0
 40
1.0
 40
1.0
 40
1.0
 10
1024.254386171022
 20
813.0454353694402
 30
0.0
 10
1024.254386171022
 20
813.0454353694402
 30
0.0
 10
1024.501585303657
 20
813.0454353694402
 30
0.0
 10
1024.501585303657
 20
813.0454353694402
 30
0.0
 10
1024.501585303657
 20
813.0454353694402
 30
0.0
 10
1024.501585303657
 20
813.1813226119401
 30
0.0
 10
1024.390755283174
 20
813.2926345020749
 30
0.0
 10
1024.254386171022
 20
813.2926345020749
 30
0.0
 10
1024.254386171022
 20
813.2926345020749
 30
0.0
 10
1024.11849892852
 20
813.2926345020749
 30
0.0
 10
1024.007668908043
 20
813.1813226119401
 30
0.0
 10
1024.007668908043
 20
813.0454353694402
 30
0.0
 10
1024.007668908043
 20
813.0454353694402
 30
0.0
 10
1024.007668908043
 20
812.9095481269377
 30
0.0
 10
1024.11849892852
 20
812.7982362368054
 30
0.0
 10
1024.254386171022
 20
812.7982362368054
 30
0.0
 10
1024.254386171022
 20
812.7982362368054
 30
0.0
 10
1024.390755283174
 20
812.7982362368054
 30
0.0
 10
1024.501585303657
 20
812.9095481269377
 30
0.0
 10
1024.501585303657
 20
813.0454353694402
 30
0.0
 10
1024.501585303657
 20
813.0454353694402
 30
0.0
 10
1024.501585303657
 20
813.0454353694402
 30
0.0
 10
1024.254386171022
 20
813.0454353694402
 30
0.0
 10
1024.254386171022
 20
813.0454353694402
 30
0.0
  0
SPLINE
  5
705
330
1F
100
AcDbEntity
  8
ºöåçæÄ
370
     0
100
AcDbSpline
210
0.0
220
0.0
230
0.0
 70
    24
 71
     3
 72
     8
 73
     4
 74
     0
 42
0.000000001
 43
0.0000000001
 40
0.0
 40
0.0
 40
0.0
 40
0.0
 40
1.0
 40
1.0
 40
1.0
 40
1.0
 10
1015.453518805639
 20
801.5591084208788
 30
0.0
 10
1015.453518805639
 20
801.5591084208788
 30
0.0
 10
1017.882141863107
 20
803.9872496086866
 30
0.0
 10
1017.882141863107
 20
803.9872496086866
 30
0.0
  0
SPLINE
  5
706
330
1F
100
AcDbEntity
  8
ºöåçæÄ
370
     0
100
AcDbSpline
210
0.0
220
0.0
230
1.0
 70
    11
 71
     3
 72
    28
 73
    24
 74
     0
 42
0.000000001
 43
0.0000000001
 40
0.0
 40
0.0
 40
0.0
 40
0.0
 40
0.1428571428571428
 40
0.1428571428571428
 40
0.1428571428571428
 40
0.1428571528571428
 40
0.2857142857142857
 40
0.2857142857142857
 40
0.2857142857142857
 40
0.2857142957142857
 40
0.428571428571429
 40
0.428571428571429
 40
0.428571428571429
 40
0.4285714385714289
 40
0.5714285714285714
 40
0.5714285714285714
 40
0.5714285714285714
 40
0.5714285814285715
 40
0.7142857142857145
 40
0.7142857142857145
 40
0.7142857142857145
 40
0.7142857242857146
 40
1.0
 40
1.0
 40
1.0
 40
1.0
 10
1018.551940682526
 20
804.6570484281058
 30
0.0
 10
1018.551940682526
 20
804.6570484281058
 30
0.0
 10
1018.799139815162
 20
804.6570484281058
 30
0.0
 10
1018.799139815162
 20
804.6570484281058
 30
0.0
 10
1018.799139815162
 20
804.6570484281058
 30
0.0
 10
1018.799139815162
 20
804.7929356706083
 30
0.0
 10
1018.687827925038
 20
804.9037656910885
 30
0.0
 10
1018.551940682526
 20
804.9037656910885
 30
0.0
 10
1018.551940682526
 20
804.9037656910885
 30
0.0
 10
1018.416053440028
 20
804.9037656910885
 30
0.0
 10
1018.3047415499
 20
804.7929356706083
 30
0.0
 10
1018.3047415499
 20
804.6570484281058
 30
0.0
 10
1018.3047415499
 20
804.6570484281058
 30
0.0
 10
1018.3047415499
 20
804.5206793159522
 30
0.0
 10
1018.416053440028
 20
804.409849295472
 30
0.0
 10
1018.551940682526
 20
804.409849295472
 30
0.0
 10
1018.551940682526
 20
804.409849295472
 30
0.0
 10
1018.687827925038
 20
804.409849295472
 30
0.0
 10
1018.799139815162
 20
804.5206793159522
 30
0.0
 10
1018.799139815162
 20
804.6570484281058
 30
0.0
 10
1018.799139815162
 20
804.6570484281058
 30
0.0
 10
1018.799139815162
 20
804.6570484281058
 30
0.0
 10
1018.551940682526
 20
804.6570484281058
 30
0.0
 10
1018.551940682526
 20
804.6570484281058
 30
0.0
  0
SPLINE
  5
707
330
1F
100
AcDbEntity
  8
ºöåçæÄ
370
     0
100
AcDbSpline
210
0.0
220
0.0
230
0.0
 70
    24
 71
     3
 72
     8
 73
     4
 74
     0
 42
0.000000001
 43
0.0000000001
 40
0.0
 40
0.0
 40
0.0
 40
0.0
 40
1.0
 40
1.0
 40
1.0
 40
1.0
 10
1019.223666980562
 20
805.3292565957988
 30
0.0
 10
1019.223666980562
 20
805.3292565957988
 30
0.0
 10
1022.576997904559
 20
808.6821056501291
 30
0.0
 10
1022.576997904559
 20
808.6821056501291
 30
0.0
  0
SPLINE
  5
708
330
1F
100
AcDbEntity
  8
ºöåçæÄ
370
     0
100
AcDbSpline
210
0.0
220
0.0
230
1.0
 70
    11
 71
     3
 72
    28
 73
    24
 74
     0
 42
0.000000001
 43
0.0000000001
 40
0.0
 40
0.0
 40
0.0
 40
0.0
 40
0.1428571428571428
 40
0.1428571428571428
 40
0.1428571428571428
 40
0.1428571528571428
 40
0.2857142857142857
 40
0.2857142857142857
 40
0.2857142857142857
 40
0.2857142957142857
 40
0.428571428571429
 40
0.428571428571429
 40
0.428571428571429
 40
0.4285714385714289
 40
0.5714285714285714
 40
0.5714285714285714
 40
0.5714285714285714
 40
0.5714285814285715
 40
0.7142857142857145
 40
0.7142857142857145
 40
0.7142857142857145
 40
0.7142857242857146
 40
1.0
 40
1.0
 40
1.0
 40
1.0
 10
1023.248724202588
 20
809.3543138178198
 30
0.0
 10
1023.248724202588
 20
809.3543138178198
 30
0.0
 10
1023.495441465577
 20
809.3543138178198
 30
0.0
 10
1023.495441465577
 20
809.3543138178198
 30
0.0
 10
1023.495441465577
 20
809.3543138178198
 30
0.0
 10
1023.495441465577
 20
809.490201060321
 30
0.0
 10
1023.384611445079
 20
809.6010310808003
 30
0.0
 10
1023.248724202588
 20
809.6010310808003
 30
0.0
 10
1023.248724202588
 20
809.6010310808003
 30
0.0
 10
1023.112355090429
 20
809.6010310808003
 30
0.0
 10
1023.001525069956
 20
809.490201060321
 30
0.0
 10
1023.001525069956
 20
809.3543138178198
 30
0.0
 10
1023.001525069956
 20
809.3543138178198
 30
0.0
 10
1023.001525069956
 20
809.2179447056656
 30
0.0
 10
1023.112355090429
 20
809.1071146851835
 30
0.0
 10
1023.248724202588
 20
809.1071146851835
 30
0.0
 10
1023.248724202588
 20
809.1071146851835
 30
0.0
 10
1023.384611445079
 20
809.1071146851835
 30
0.0
 10
1023.495441465577
 20
809.2179447056656
 30
0.0
 10
1023.495441465577
 20
809.3543138178198
 30
0.0
 10
1023.495441465577
 20
809.3543138178198
 30
0.0
 10
1023.495441465577
 20
809.3543138178198
 30
0.0
 10
1023.248724202588
 20
809.3543138178198
 30
0.0
 10
1023.248724202588
 20
809.3543138178198
 30
0.0
  0
SPLINE
  5
709
330
1F
100
AcDbEntity
  8
ºöåçæÄ
370
     0
100
AcDbSpline
210
0.0
220
0.0
230
0.0
 70
    24
 71
     3
 72
     8
 73
     4
 74
     0
 42
0.000000001
 43
0.0000000001
 40
0.0
 40
0.0
 40
0.0
 40
0.0
 40
1.0
 40
1.0
 40
1.0
 40
1.0
 10
1023.920932370275
 20
810.0255582462008
 30
0.0
 10
1023.920932370275
 20
810.0255582462008
 30
0.0
 10
1027.275708903225
 20
813.3808166488043
 30
0.0
 10
1027.275708903225
 20
813.3808166488043
 30
0.0
  0
SPLINE
  5
70A
330
1F
100
AcDbEntity
  8
ºöåçæÄ
370
     0
100
AcDbSpline
210
0.0
220
0.0
230
1.0
 70
    11
 71
     3
 72
    28
 73
    24
 74
     0
 42
0.000000001
 43
0.0000000001
 40
0.0
 40
0.0
 40
0.0
 40
0.0
 40
0.1428571428571428
 40
0.1428571428571428
 40
0.1428571428571428
 40
0.1428571528571428
 40
0.2857142857142857
 40
0.2857142857142857
 40
0.2857142857142857
 40
0.2857142957142857
 40
0.428571428571429
 40
0.428571428571429
 40
0.428571428571429
 40
0.4285714385714289
 40
0.5714285714285714
 40
0.5714285714285714
 40
0.5714285714285714
 40
0.5714285814285715
 40
0.7142857142857145
 40
0.7142857142857145
 40
0.7142857142857145
 40
0.7142857242857146
 40
1.0
 40
1.0
 40
1.0
 40
1.0
 10
1027.453518805644
 20
813.5591084208785
 30
0.0
 10
1027.453518805644
 20
813.5591084208785
 30
0.0
 10
1027.700717938283
 20
813.5591084208785
 30
0.0
 10
1027.700717938283
 20
813.5591084208785
 30
0.0
 10
1027.700717938283
 20
813.5591084208785
 30
0.0
 10
1027.700717938283
 20
813.6949956633811
 30
0.0
 10
1027.589406048145
 20
813.8063075535145
 30
0.0
 10
1027.453518805644
 20
813.8063075535145
 30
0.0
 10
1027.453518805644
 20
813.8063075535145
 30
0.0
 10
1027.317149693495
 20
813.8063075535145
 30
0.0
 10
1027.206319673008
 20
813.6949956633811
 30
0.0
 10
1027.206319673008
 20
813.5591084208785
 30
0.0
 10
1027.206319673008
 20
813.5591084208785
 30
0.0
 10
1027.206319673008
 20
813.4227393087254
 30
0.0
 10
1027.317149693495
 20
813.311909288247
 30
0.0
 10
1027.453518805644
 20
813.311909288247
 30
0.0
 10
1027.453518805644
 20
813.311909288247
 30
0.0
 10
1027.589406048145
 20
813.311909288247
 30
0.0
 10
1027.700717938283
 20
813.4227393087254
 30
0.0
 10
1027.700717938283
 20
813.5591084208785
 30
0.0
 10
1027.700717938283
 20
813.5591084208785
 30
0.0
 10
1027.700717938283
 20
813.5591084208785
 30
0.0
 10
1027.453518805644
 20
813.5591084208785
 30
0.0
 10
1027.453518805644
 20
813.5591084208785
 30
0.0
  0
SPLINE
  5
70B
330
1F
100
AcDbEntity
  8
ºöåçæÄ
370
     0
100
AcDbSpline
210
0.0
220
0.0
230
1.0
 70
     8
 71
     3
 72
    16
 73
    12
 74
     0
 42
0.000000001
 43
0.0000000001
 40
0.070163275988506
 40
0.070163275988506
 40
0.070163275988506
 40
0.070163275988506
 40
0.1428571428571428
 40
0.1428571428571428
 40
0.1428571428571428
 40
0.1428571528571428
 40
0.2857142857142857
 40
0.2857142857142857
 40
0.2857142857142857
 40
0.2857142957142857
 40
0.428571428571429
 40
0.428571428571429
 40
0.428571428571429
 40
0.428571428571429
 10
1018.257132097153
 20
801.5591084208788
 30
0.0
 10
1018.319884311464
 20
801.5591084208788
 30
0.0
 10
1018.383768173191
 20
801.5591084208788
 30
0.0
 10
1018.383768173188
 20
801.5591084208788
 30
0.0
 10
1018.383768173188
 20
801.5591084208788
 30
0.0
 10
1018.383768173188
 20
801.6949956633803
 30
0.0
 10
1018.272938152708
 20
801.8058256838594
 30
0.0
 10
1018.13705091022
 20
801.8058256838594
 30
0.0
 10
1018.13705091022
 20
801.8058256838594
 30
0.0
 10
1018.000681798048
 20
801.8058256838594
 30
0.0
 10
1017.889851777577
 20
801.6949956633803
 30
0.0
 10
1017.889851777577
 20
801.5591084208788
 30
0.0
  0
SPLINE
  5
70C
330
1F
100
AcDbEntity
  8
ºöåçæÄ
370
     0
100
AcDbSpline
210
0.0
220
0.0
230
0.0
 70
    24
 71
     3
 72
     8
 73
     4
 74
     0
 42
0.000000001
 43
0.0000000001
 40
0.0
 40
0.0
 40
0.0
 40
0.0
 40
1.0
 40
1.0
 40
1.0
 40
1.0
 10
1018.217523142475
 20
801.6376531745233
 30
0.0
 10
1018.217523142475
 20
801.6376531745233
 30
0.0
 10
1021.570854066454
 20
804.9929115771272
 30
0.0
 10
1021.570854066454
 20
804.9929115771272
 30
0.0
  0
SPLINE
  5
70D
330
1F
100
AcDbEntity
  8
ºöåçæÄ
370
     0
100
AcDbSpline
210
0.0
220
0.0
230
1.0
 70
    11
 71
     3
 72
    28
 73
    24
 74
     0
 42
0.000000001
 43
0.0000000001
 40
0.0
 40
0.0
 40
0.0
 40
0.0
 40
0.1428571428571428
 40
0.1428571428571428
 40
0.1428571428571428
 40
0.1428571528571428
 40
0.2857142857142857
 40
0.2857142857142857
 40
0.2857142857142857
 40
0.2857142957142857
 40
0.428571428571429
 40
0.428571428571429
 40
0.428571428571429
 40
0.4285714385714289
 40
0.5714285714285714
 40
0.5714285714285714
 40
0.5714285714285714
 40
0.5714285814285715
 40
0.7142857142857145
 40
0.7142857142857145
 40
0.7142857142857145
 40
0.7142857242857146
 40
1.0
 40
1.0
 40
1.0
 40
1.0
 10
1022.243062234141
 20
805.6646378751599
 30
0.0
 10
1022.243062234141
 20
805.6646378751599
 30
0.0
 10
1022.490261366787
 20
805.6646378751599
 30
0.0
 10
1022.490261366787
 20
805.6646378751599
 30
0.0
 10
1022.490261366787
 20
805.6646378751599
 30
0.0
 10
1022.490261366787
 20
805.8005251176627
 30
0.0
 10
1022.379431346304
 20
805.9118370077952
 30
0.0
 10
1022.243062234141
 20
805.9118370077952
 30
0.0
 10
1022.243062234141
 20
805.9118370077952
 30
0.0
 10
1022.107174991647
 20
805.9118370077952
 30
0.0
 10
1021.99634497117
 20
805.8005251176627
 30
0.0
 10
1021.99634497117
 20
805.6646378751599
 30
0.0
 10
1021.99634497117
 20
805.6646378751599
 30
0.0
 10
1021.99634497117
 20
805.5287506326607
 30
0.0
 10
1022.107174991647
 20
805.4174387425273
 30
0.0
 10
1022.243062234141
 20
805.4174387425273
 30
0.0
 10
1022.243062234141
 20
805.4174387425273
 30
0.0
 10
1022.379431346304
 20
805.4174387425273
 30
0.0
 10
1022.490261366787
 20
805.5287506326607
 30
0.0
 10
1022.490261366787
 20
805.6646378751599
 30
0.0
 10
1022.490261366787
 20
805.6646378751599
 30
0.0
 10
1022.490261366787
 20
805.6646378751599
 30
0.0
 10
1022.243062234141
 20
805.6646378751599
 30
0.0
 10
1022.243062234141
 20
805.6646378751599
 30
0.0
  0
SPLINE
  5
70E
330
1F
100
AcDbEntity
  8
ºöåçæÄ
370
     0
100
AcDbSpline
210
0.0
220
0.0
230
0.0
 70
    24
 71
     3
 72
     8
 73
     4
 74
     0
 42
0.000000001
 43
0.0000000001
 40
0.0
 40
0.0
 40
0.0
 40
0.0
 40
1.0
 40
1.0
 40
1.0
 40
1.0
 10
1022.912379183923
 20
806.3344366945818
 30
0.0
 10
1022.912379183923
 20
806.3344366945818
 30
0.0
 10
1026.268119456171
 20
809.6901769668379
 30
0.0
 10
1026.268119456171
 20
809.6901769668379
 30
0.0
  0
SPLINE
  5
70F
330
1F
100
AcDbEntity
  8
ºöåçæÄ
370
     0
100
AcDbSpline
210
0.0
220
0.0
230
1.0
 70
    11
 71
     3
 72
    28
 73
    24
 74
     0
 42
0.000000001
 43
0.0000000001
 40
0.0
 40
0.0
 40
0.0
 40
0.0
 40
0.1428571428571428
 40
0.1428571428571428
 40
0.1428571428571428
 40
0.1428571528571428
 40
0.2857142857142857
 40
0.2857142857142857
 40
0.2857142857142857
 40
0.2857142957142857
 40
0.428571428571429
 40
0.428571428571429
 40
0.428571428571429
 40
0.4285714385714289
 40
0.5714285714285714
 40
0.5714285714285714
 40
0.5714285714285714
 40
0.5714285814285715
 40
0.7142857142857145
 40
0.7142857142857145
 40
0.7142857142857145
 40
0.7142857242857146
 40
1.0
 40
1.0
 40
1.0
 40
1.0
 10
1026.939845754204
 20
810.3599757862573
 30
0.0
 10
1026.939845754204
 20
810.3599757862573
 30
0.0
 10
1027.187044886846
 20
810.3599757862573
 30
0.0
 10
1027.187044886846
 20
810.3599757862573
 30
0.0
 10
1027.187044886846
 20
810.3599757862573
 30
0.0
 10
1027.187044886846
 20
810.4958630287585
 30
0.0
 10
1027.075732996715
 20
810.6071749188902
 30
0.0
 10
1026.939845754204
 20
810.6071749188902
 30
0.0
 10
1026.939845754204
 20
810.6071749188902
 30
0.0
 10
1026.803958511712
 20
810.6071749188902
 30
0.0
 10
1026.692646621571
 20
810.4958630287585
 30
0.0
 10
1026.692646621571
 20
810.3599757862573
 30
0.0
 10
1026.692646621571
 20
810.3599757862573
 30
0.0
 10
1026.692646621571
 20
810.2236066741026
 30
0.0
 10
1026.803958511712
 20
810.1132585232774
 30
0.0
 10
1026.939845754204
 20
810.1132585232774
 30
0.0
 10
1026.939845754204
 20
810.1132585232774
 30
0.0
 10
1027.075732996715
 20
810.1132585232774
 30
0.0
 10
1027.187044886846
 20
810.2236066741026
 30
0.0
 10
1027.187044886846
 20
810.3599757862573
 30
0.0
 10
1027.187044886846
 20
810.3599757862573
 30
0.0
 10
1027.187044886846
 20
810.3599757862573
 30
0.0
 10
1026.939845754204
 20
810.3599757862573
 30
0.0
 10
1026.939845754204
 20
810.3599757862573
 30
0.0
  0
SPLINE
  5
710
330
1F
100
AcDbEntity
  8
ºöåçæÄ
370
     0
100
AcDbSpline
210
0.0
220
0.0
230
0.0
 70
    24
 71
     3
 72
     8
 73
     4
 74
     0
 42
0.000000001
 43
0.0000000001
 40
0.0
 40
0.0
 40
0.0
 40
0.0
 40
1.0
 40
1.0
 40
1.0
 40
1.0
 10
1027.61205392189
 20
811.0317020842924
 30
0.0
 10
1027.61205392189
 20
811.0317020842924
 30
0.0
 10
1030.137050910211
 20
813.5591084208785
 30
0.0
 10
1030.137050910211
 20
813.5591084208785
 30
0.0
  0
SPLINE
  5
711
330
1F
100
AcDbEntity
  8
ºöåçæÄ
370
     0
100
AcDbSpline
210
0.0
220
0.0
230
1.0
 70
    11
 71
     3
 72
    28
 73
    24
 74
     0
 42
0.000000001
 43
0.0000000001
 40
0.0
 40
0.0
 40
0.0
 40
0.0
 40
0.1428571428571428
 40
0.1428571428571428
 40
0.1428571428571428
 40
0.1428571528571428
 40
0.2857142857142857
 40
0.2857142857142857
 40
0.2857142857142857
 40
0.2857142957142857
 40
0.428571428571429
 40
0.428571428571429
 40
0.428571428571429
 40
0.4285714385714289
 40
0.5714285714285714
 40
0.5714285714285714
 40
0.5714285714285714
 40
0.5714285814285715
 40
0.7142857142857145
 40
0.7142857142857145
 40
0.7142857142857145
 40
0.7142857242857146
 40
1.0
 40
1.0
 40
1.0
 40
1.0
 10
1021.237400265711
 20
801.9739981931959
 30
0.0
 10
1021.237400265711
 20
801.9739981931959
 30
0.0
 10
1021.484117528686
 20
801.9739981931959
 30
0.0
 10
1021.484117528686
 20
801.9739981931959
 30
0.0
 10
1021.484117528686
 20
801.9739981931959
 30
0.0
 10
1021.484117528686
 20
802.1098854356951
 30
0.0
 10
1021.373287508213
 20
802.2211973258311
 30
0.0
 10
1021.237400265711
 20
802.2211973258311
 30
0.0
 10
1021.237400265711
 20
802.2211973258311
 30
0.0
 10
1021.101031153555
 20
802.2211973258311
 30
0.0
 10
1020.990201133072
 20
802.1098854356951
 30
0.0
 10
1020.990201133072
 20
801.9739981931959
 30
0.0
 10
1020.990201133072
 20
801.9739981931959
 30
0.0
 10
1020.990201133072
 20
801.8376290810392
 30
0.0
 10
1021.101031153555
 20
801.7267990605608
 30
0.0
 10
1021.237400265711
 20
801.7267990605608
 30
0.0
 10
1021.237400265711
 20
801.7267990605608
 30
0.0
 10
1021.373287508213
 20
801.7267990605608
 30
0.0
 10
1021.484117528686
 20
801.8376290810392
 30
0.0
 10
1021.484117528686
 20
801.9739981931959
 30
0.0
 10
1021.484117528686
 20
801.9739981931959
 30
0.0
 10
1021.484117528686
 20
801.9739981931959
 30
0.0
 10
1021.237400265711
 20
801.9739981931959
 30
0.0
 10
1021.237400265711
 20
801.9739981931959
 30
0.0
  0
SPLINE
  5
712
330
1F
100
AcDbEntity
  8
ºöåçæÄ
370
     0
100
AcDbSpline
210
0.0
220
0.0
230
0.0
 70
    24
 71
     3
 72
     8
 73
     4
 74
     0
 42
0.000000001
 43
0.0000000001
 40
0.0
 40
0.0
 40
0.0
 40
0.0
 40
1.0
 40
1.0
 40
1.0
 40
1.0
 10
1021.907199085137
 20
802.6457244912316
 30
0.0
 10
1021.907199085137
 20
802.6457244912316
 30
0.0
 10
1025.26245748773
 20
805.9990554152159
 30
0.0
 10
1025.26245748773
 20
805.9990554152159
 30
0.0
  0
SPLINE
  5
713
330
1F
100
AcDbEntity
  8
ºöåçæÄ
370
     0
100
AcDbSpline
210
0.0
220
0.0
230
1.0
 70
    11
 71
     3
 72
    28
 73
    24
 74
     0
 42
0.000000001
 43
0.0000000001
 40
0.0
 40
0.0
 40
0.0
 40
0.0
 40
0.1428571428571428
 40
0.1428571428571428
 40
0.1428571428571428
 40
0.1428571528571428
 40
0.2857142857142857
 40
0.2857142857142857
 40
0.2857142857142857
 40
0.2857142957142857
 40
0.428571428571429
 40
0.428571428571429
 40
0.428571428571429
 40
0.4285714385714289
 40
0.5714285714285714
 40
0.5714285714285714
 40
0.5714285714285714
 40
0.5714285814285715
 40
0.7142857142857145
 40
0.7142857142857145
 40
0.7142857142857145
 40
0.7142857242857146
 40
1.0
 40
1.0
 40
1.0
 40
1.0
 10
1025.932256307146
 20
806.6707817132542
 30
0.0
 10
1025.932256307146
 20
806.6707817132542
 30
0.0
 10
1026.178973570131
 20
806.6707817132542
 30
0.0
 10
1026.178973570131
 20
806.6707817132542
 30
0.0
 10
1026.178973570131
 20
806.6707817132542
 30
0.0
 10
1026.178973570131
 20
806.8066689557534
 30
0.0
 10
1026.06814354965
 20
806.9174989762332
 30
0.0
 10
1025.932256307146
 20
806.9174989762332
 30
0.0
 10
1025.932256307146
 20
806.9174989762332
 30
0.0
 10
1025.795887194993
 20
806.9174989762332
 30
0.0
 10
1025.685057174516
 20
806.8066689557534
 30
0.0
 10
1025.685057174516
 20
806.6707817132542
 30
0.0
 10
1025.685057174516
 20
806.6707817132542
 30
0.0
 10
1025.685057174516
 20
806.5344126010986
 30
0.0
 10
1025.795887194993
 20
806.4235825806189
 30
0.0
 10
1025.932256307146
 20
806.4235825806189
 30
0.0
 10
1025.932256307146
 20
806.4235825806189
 30
0.0
 10
1026.06814354965
 20
806.4235825806189
 30
0.0
 10
1026.178973570131
 20
806.5344126010986
 30
0.0
 10
1026.178973570131
 20
806.6707817132542
 30
0.0
 10
1026.178973570131
 20
806.6707817132542
 30
0.0
 10
1026.178973570131
 20
806.6707817132542
 30
0.0
 10
1025.932256307146
 20
806.6707817132542
 30
0.0
 10
1025.932256307146
 20
806.6707817132542
 30
0.0
  0
SPLINE
  5
714
330
1F
100
AcDbEntity
  8
ºöåçæÄ
370
     0
100
AcDbSpline
210
0.0
220
0.0
230
0.0
 70
    24
 71
     3
 72
     8
 73
     4
 74
     0
 42
0.000000001
 43
0.0000000001
 40
0.0
 40
0.0
 40
0.0
 40
0.0
 40
1.0
 40
1.0
 40
1.0
 40
1.0
 10
1026.603982605189
 20
807.340580532673
 30
0.0
 10
1026.603982605189
 20
807.340580532673
 30
0.0
 10
1029.959722877443
 20
810.6958389352742
 30
0.0
 10
1029.959722877443
 20
810.6958389352742
 30
0.0
  0
SPLINE
  5
715
330
1F
100
AcDbEntity
  8
ºöåçæÄ
370
     0
100
AcDbSpline
210
0.0
220
0.0
230
1.0
 70
    11
 71
     3
 72
    28
 73
    24
 74
     0
 42
0.000000001
 43
0.0000000001
 40
0.0
 40
0.0
 40
0.0
 40
0.0
 40
0.1428571428571428
 40
0.1428571428571428
 40
0.1428571428571428
 40
0.1428571528571428
 40
0.2857142857142857
 40
0.2857142857142857
 40
0.2857142857142857
 40
0.2857142957142857
 40
0.428571428571429
 40
0.428571428571429
 40
0.428571428571429
 40
0.4285714385714289
 40
0.5714285714285714
 40
0.5714285714285714
 40
0.5714285714285714
 40
0.5714285814285715
 40
0.7142857142857145
 40
0.7142857142857145
 40
0.7142857142857145
 40
0.7142857242857146
 40
1.0
 40
1.0
 40
1.0
 40
1.0
 10
1030.629039827208
 20
811.3685289726205
 30
0.0
 10
1030.629039827208
 20
811.3685289726205
 30
0.0
 10
1030.875757090189
 20
811.3685289726205
 30
0.0
 10
1030.875757090189
 20
811.3685289726205
 30
0.0
 10
1030.875757090189
 20
811.3685289726205
 30
0.0
 10
1030.875757090189
 20
811.5039343454672
 30
0.0
 10
1030.764927069723
 20
811.615246235601
 30
0.0
 10
1030.629039827208
 20
811.615246235601
 30
0.0
 10
1030.629039827208
 20
811.615246235601
 30
0.0
 10
1030.492670715052
 20
811.615246235601
 30
0.0
 10
1030.381840694575
 20
811.5039343454672
 30
0.0
 10
1030.381840694575
 20
811.3685289726205
 30
0.0
 10
1030.381840694575
 20
811.3685289726205
 30
0.0
 10
1030.381840694575
 20
811.2316779908105
 30
0.0
 10
1030.492670715052
 20
811.1208479703302
 30
0.0
 10
1030.629039827208
 20
811.1208479703302
 30
0.0
 10
1030.629039827208
 20
811.1208479703302
 30
0.0
 10
1030.764927069723
 20
811.1208479703302
 30
0.0
 10
1030.875757090189
 20
811.2316779908105
 30
0.0
 10
1030.875757090189
 20
811.3685289726205
 30
0.0
 10
1030.875757090189
 20
811.3685289726205
 30
0.0
 10
1030.875757090189
 20
811.3685289726205
 30
0.0
 10
1030.629039827208
 20
811.3685289726205
 30
0.0
 10
1030.629039827208
 20
811.3685289726205
 30
0.0
  0
SPLINE
  5
716
330
1F
100
AcDbEntity
  8
ºöåçæÄ
370
     0
100
AcDbSpline
210
0.0
220
0.0
230
0.0
 70
    24
 71
     3
 72
     8
 73
     4
 74
     0
 42
0.000000001
 43
0.0000000001
 40
0.0
 40
0.0
 40
0.0
 40
0.0
 40
1.0
 40
1.0
 40
1.0
 40
1.0
 10
1031.300766125244
 20
812.0378459223863
 30
0.0
 10
1031.300766125244
 20
812.0378459223863
 30
0.0
 10
1032.030316781806
 20
812.7688421878943
 30
0.0
 10
1032.030316781806
 20
812.7688421878943
 30
0.0
  0
SPLINE
  5
717
330
1F
100
AcDbEntity
  8
ºöåçæÄ
370
     0
100
AcDbSpline
210
0.0
220
0.0
230
0.0
 70
    24
 71
     3
 72
     8
 73
     4
 74
     0
 42
0.000000001
 43
0.0000000001
 40
0.0
 40
0.0
 40
0.0
 40
0.0
 40
1.0
 40
1.0
 40
1.0
 40
1.0
 10
1023.505560728302
 20
801.5591084208788
 30
0.0
 10
1023.505560728302
 20
801.5591084208788
 30
0.0
 10
1024.254386171022
 20
802.3093794725596
 30
0.0
 10
1024.254386171022
 20
802.3093794725596
 30
0.0
  0
SPLINE
  5
718
330
1F
100
AcDbEntity
  8
ºöåçæÄ
370
     0
100
AcDbSpline
210
0.0
220
0.0
230
1.0
 70
    11
 71
     3
 72
    28
 73
    24
 74
     0
 42
0.000000001
 43
0.0000000001
 40
0.0
 40
0.0
 40
0.0
 40
0.0
 40
0.1428571428571428
 40
0.1428571428571428
 40
0.1428571428571428
 40
0.1428571528571428
 40
0.2857142857142857
 40
0.2857142857142857
 40
0.2857142857142857
 40
0.2857142957142857
 40
0.428571428571429
 40
0.428571428571429
 40
0.428571428571429
 40
0.4285714385714289
 40
0.5714285714285714
 40
0.5714285714285714
 40
0.5714285714285714
 40
0.5714285814285715
 40
0.7142857142857145
 40
0.7142857142857145
 40
0.7142857142857145
 40
0.7142857242857146
 40
1.0
 40
1.0
 40
1.0
 40
1.0
 10
1024.926112469058
 20
802.9791782919792
 30
0.0
 10
1024.926112469058
 20
802.9791782919792
 30
0.0
 10
1025.173311601694
 20
802.9791782919792
 30
0.0
 10
1025.173311601694
 20
802.9791782919792
 30
0.0
 10
1025.173311601694
 20
802.9791782919792
 30
0.0
 10
1025.173311601694
 20
803.1155474041337
 30
0.0
 10
1025.062481581213
 20
803.2263774246134
 30
0.0
 10
1024.926112469058
 20
803.2263774246134
 30
0.0
 10
1024.926112469058
 20
803.2263774246134
 30
0.0
 10
1024.79022522656
 20
803.2263774246134
 30
0.0
 10
1024.67939520608
 20
803.1155474041337
 30
0.0
 10
1024.67939520608
 20
802.9791782919792
 30
0.0
 10
1024.67939520608
 20
802.9791782919792
 30
0.0
 10
1024.67939520608
 20
802.8432910494796
 30
0.0
 10
1024.79022522656
 20
802.7324610289991
 30
0.0
 10
1024.926112469058
 20
802.7324610289991
 30
0.0
 10
1024.926112469058
 20
802.7324610289991
 30
0.0
 10
1025.062481581213
 20
802.7324610289991
 30
0.0
 10
1025.173311601694
 20
802.8432910494796
 30
0.0
 10
1025.173311601694
 20
802.9791782919792
 30
0.0
 10
1025.173311601694
 20
802.9791782919792
 30
0.0
 10
1025.173311601694
 20
802.9791782919792
 30
0.0
 10
1024.926112469058
 20
802.9791782919792
 30
0.0
 10
1024.926112469058
 20
802.9791782919792
 30
0.0
  0
SPLINE
  5
719
330
1F
100
AcDbEntity
  8
ºöåçæÄ
370
     0
100
AcDbSpline
210
0.0
220
0.0
230
0.0
 70
    24
 71
     3
 72
     8
 73
     4
 74
     0
 42
0.000000001
 43
0.0000000001
 40
0.0
 40
0.0
 40
0.0
 40
0.0
 40
1.0
 40
1.0
 40
1.0
 40
1.0
 10
1025.598320636748
 20
803.6513864596697
 30
0.0
 10
1025.598320636748
 20
803.6513864596697
 30
0.0
 10
1028.953579039359
 20
807.0066448622721
 30
0.0
 10
1028.953579039359
 20
807.0066448622721
 30
0.0
  0
SPLINE
  5
71A
330
1F
100
AcDbEntity
  8
ºöåçæÄ
370
     0
100
AcDbSpline
210
0.0
220
0.0
230
1.0
 70
    11
 71
     3
 72
    28
 73
    24
 74
     0
 42
0.000000001
 43
0.0000000001
 40
0.0
 40
0.0
 40
0.0
 40
0.0
 40
0.1428571428571428
 40
0.1428571428571428
 40
0.1428571428571428
 40
0.1428571528571428
 40
0.2857142857142857
 40
0.2857142857142857
 40
0.2857142857142857
 40
0.2857142957142857
 40
0.428571428571429
 40
0.428571428571429
 40
0.428571428571429
 40
0.4285714385714289
 40
0.5714285714285714
 40
0.5714285714285714
 40
0.5714285714285714
 40
0.5714285814285715
 40
0.7142857142857145
 40
0.7142857142857145
 40
0.7142857142857145
 40
0.7142857242857146
 40
1.0
 40
1.0
 40
1.0
 40
1.0
 10
1029.623377858771
 20
807.6764436816898
 30
0.0
 10
1029.623377858771
 20
807.6764436816898
 30
0.0
 10
1029.870576991407
 20
807.6764436816898
 30
0.0
 10
1029.870576991407
 20
807.6764436816898
 30
0.0
 10
1029.870576991407
 20
807.6764436816898
 30
0.0
 10
1029.870576991407
 20
807.8128127938478
 30
0.0
 10
1029.75974697092
 20
807.9236428143271
 30
0.0
 10
1029.623377858771
 20
807.9236428143271
 30
0.0
 10
1029.623377858771
 20
807.9236428143271
 30
0.0
 10
1029.48749061627
 20
807.9236428143271
 30
0.0
 10
1029.376178726149
 20
807.8128127938478
 30
0.0
 10
1029.376178726149
 20
807.6764436816898
 30
0.0
 10
1029.376178726149
 20
807.6764436816898
 30
0.0
 10
1029.376178726149
 20
807.5405564391909
 30
0.0
 10
1029.48749061627
 20
807.4297264187109
 30
0.0
 10
1029.623377858771
 20
807.4297264187109
 30
0.0
 10
1029.623377858771
 20
807.4297264187109
 30
0.0
 10
1029.75974697092
 20
807.4297264187109
 30
0.0
 10
1029.870576991407
 20
807.5405564391909
 30
0.0
 10
1029.870576991407
 20
807.6764436816898
 30
0.0
 10
1029.870576991407
 20
807.6764436816898
 30
0.0
 10
1029.870576991407
 20
807.6764436816898
 30
0.0
 10
1029.623377858771
 20
807.6764436816898
 30
0.0
 10
1029.623377858771
 20
807.6764436816898
 30
0.0
  0
SPLINE
  5
71B
330
1F
100
AcDbEntity
  8
ºöåçæÄ
370
     0
100
AcDbSpline
210
0.0
220
0.0
230
0.0
 70
    24
 71
     3
 72
     8
 73
     4
 74
     0
 42
0.000000001
 43
0.0000000001
 40
0.0
 40
0.0
 40
0.0
 40
0.0
 40
1.0
 40
1.0
 40
1.0
 40
1.0
 10
1030.295104156807
 20
808.3481699797278
 30
0.0
 10
1030.295104156807
 20
808.3481699797278
 30
0.0
 10
1032.510258957436
 20
810.5633247803545
 30
0.0
 10
1032.510258957436
 20
810.5633247803545
 30
0.0
  0
SPLINE
  5
71C
330
1F
100
AcDbEntity
  8
ºöåçæÄ
370
     0
100
AcDbSpline
210
0.0
220
0.0
230
0.0
 70
    24
 71
     3
 72
     8
 73
     4
 74
     0
 42
0.000000001
 43
0.0000000001
 40
0.0
 40
0.0
 40
0.0
 40
0.0
 40
1.0
 40
1.0
 40
1.0
 40
1.0
 10
1026.189092832869
 20
801.5591084208788
 30
0.0
 10
1026.189092832869
 20
801.5591084208788
 30
0.0
 10
1027.945989592308
 20
803.3155233106516
 30
0.0
 10
1027.945989592308
 20
803.3155233106516
 30
0.0
  0
SPLINE
  5
71D
330
1F
100
AcDbEntity
  8
ºöåçæÄ
370
     0
100
AcDbSpline
210
0.0
220
0.0
230
1.0
 70
    11
 71
     3
 72
    28
 73
    24
 74
     0
 42
0.000000001
 43
0.0000000001
 40
0.0
 40
0.0
 40
0.0
 40
0.0
 40
0.1428571428571428
 40
0.1428571428571428
 40
0.1428571428571428
 40
0.1428571528571428
 40
0.2857142857142857
 40
0.2857142857142857
 40
0.2857142857142857
 40
0.2857142957142857
 40
0.428571428571429
 40
0.428571428571429
 40
0.428571428571429
 40
0.4285714385714289
 40
0.5714285714285714
 40
0.5714285714285714
 40
0.5714285714285714
 40
0.5714285814285715
 40
0.7142857142857145
 40
0.7142857142857145
 40
0.7142857142857145
 40
0.7142857242857146
 40
1.0
 40
1.0
 40
1.0
 40
1.0
 10
1028.61723402069
 20
803.9872496086866
 30
0.0
 10
1028.61723402069
 20
803.9872496086866
 30
0.0
 10
1028.864433153319
 20
803.9872496086866
 30
0.0
 10
1028.864433153319
 20
803.9872496086866
 30
0.0
 10
1028.864433153319
 20
803.9872496086866
 30
0.0
 10
1028.864433153319
 20
804.1231368511889
 30
0.0
 10
1028.753603132832
 20
804.2339668716685
 30
0.0
 10
1028.61723402069
 20
804.2339668716685
 30
0.0
 10
1028.61723402069
 20
804.2339668716685
 30
0.0
 10
1028.481346778179
 20
804.2339668716685
 30
0.0
 10
1028.370516757705
 20
804.1231368511889
 30
0.0
 10
1028.370516757705
 20
803.9872496086866
 30
0.0
 10
1028.370516757705
 20
803.9872496086866
 30
0.0
 10
1028.370516757705
 20
803.850880496533
 30
0.0
 10
1028.481346778179
 20
803.7400504760542
 30
0.0
 10
1028.61723402069
 20
803.7400504760542
 30
0.0
 10
1028.61723402069
 20
803.7400504760542
 30
0.0
 10
1028.753603132832
 20
803.7400504760542
 30
0.0
 10
1028.864433153319
 20
803.850880496533
 30
0.0
 10
1028.864433153319
 20
803.9872496086866
 30
0.0
 10
1028.864433153319
 20
803.9872496086866
 30
0.0
 10
1028.864433153319
 20
803.9872496086866
 30
0.0
 10
1028.61723402069
 20
803.9872496086866
 30
0.0
 10
1028.61723402069
 20
803.9872496086866
 30
0.0
  0
SPLINE
  5
71E
330
1F
100
AcDbEntity
  8
ºöåçæÄ
370
     0
100
AcDbSpline
210
0.0
220
0.0
230
0.0
 70
    24
 71
     3
 72
     8
 73
     4
 74
     0
 42
0.000000001
 43
0.0000000001
 40
0.0
 40
0.0
 40
0.0
 40
0.0
 40
1.0
 40
1.0
 40
1.0
 40
1.0
 10
1029.287514709753
 20
804.6570484281058
 30
0.0
 10
1029.287514709753
 20
804.6570484281058
 30
0.0
 10
1032.510258957436
 20
807.8797926757891
 30
0.0
 10
1032.510258957436
 20
807.8797926757891
 30
0.0
  0
SPLINE
  5
71F
330
1F
100
AcDbEntity
  8
ºöåçæÄ
370
     0
100
AcDbSpline
210
0.0
220
0.0
230
0.0
 70
    24
 71
     3
 72
     8
 73
     4
 74
     0
 42
0.000000001
 43
0.0000000001
 40
0.0
 40
0.0
 40
0.0
 40
0.0
 40
1.0
 40
1.0
 40
1.0
 40
1.0
 10
1028.872143067782
 20
801.5591084208788
 30
0.0
 10
1028.872143067782
 20
801.5591084208788
 30
0.0
 10
1031.634701795648
 20
804.3231127577048
 30
0.0
 10
1031.634701795648
 20
804.3231127577048
 30
0.0
  0
SPLINE
  5
720
330
1F
100
AcDbEntity
  8
ºöåçæÄ
370
     0
100
AcDbSpline
210
0.0
220
0.0
230
1.0
 70
    11
 71
     3
 72
    28
 73
    24
 74
     0
 42
0.000000001
 43
0.0000000001
 40
0.0
 40
0.0
 40
0.0
 40
0.0
 40
0.1428571428571428
 40
0.1428571428571428
 40
0.1428571428571428
 40
0.1428571528571428
 40
0.2857142857142857
 40
0.2857142857142857
 40
0.2857142857142857
 40
0.2857142957142857
 40
0.428571428571429
 40
0.428571428571429
 40
0.428571428571429
 40
0.4285714385714289
 40
0.5714285714285714
 40
0.5714285714285714
 40
0.5714285714285714
 40
0.5714285814285715
 40
0.7142857142857145
 40
0.7142857142857145
 40
0.7142857142857145
 40
0.7142857242857146
 40
1.0
 40
1.0
 40
1.0
 40
1.0
 10
1032.306909963335
 20
804.9929115771272
 30
0.0
 10
1032.306909963335
 20
804.9929115771272
 30
0.0
 10
1032.554109095975
 20
804.9929115771272
 30
0.0
 10
1032.554109095975
 20
804.9929115771272
 30
0.0
 10
1032.554109095975
 20
804.9929115771272
 30
0.0
 10
1032.554109095975
 20
805.1292806892792
 30
0.0
 10
1032.443279075498
 20
805.2401107097603
 30
0.0
 10
1032.306909963335
 20
805.2401107097603
 30
0.0
 10
1032.306909963335
 20
805.2401107097603
 30
0.0
 10
1032.17102272083
 20
805.2401107097603
 30
0.0
 10
1032.060192700364
 20
805.1292806892792
 30
0.0
 10
1032.060192700364
 20
804.9929115771272
 30
0.0
 10
1032.060192700364
 20
804.9929115771272
 30
0.0
 10
1032.060192700364
 20
804.8570243346237
 30
0.0
 10
1032.17102272083
 20
804.7461943141437
 30
0.0
 10
1032.306909963335
 20
804.7461943141437
 30
0.0
 10
1032.306909963335
 20
804.7461943141437
 30
0.0
 10
1032.443279075498
 20
804.7461943141437
 30
0.0
 10
1032.554109095975
 20
804.8570243346237
 30
0.0
 10
1032.554109095975
 20
804.9929115771272
 30
0.0
 10
1032.554109095975
 20
804.9929115771272
 30
0.0
 10
1032.554109095975
 20
804.9929115771272
 30
0.0
 10
1032.306909963335
 20
804.9929115771272
 30
0.0
 10
1032.306909963335
 20
804.9929115771272
 30
0.0
  0
SPLINE
  5
721
330
1F
100
AcDbEntity
  8
ºöåçæÄ
370
     0
100
AcDbSpline
210
0.0
220
0.0
230
1.0
 70
     8
 71
     3
 72
    16
 73
    12
 74
     0
 42
0.000000001
 43
0.0000000001
 40
0.0668439966093172
 40
0.0668439966093172
 40
0.0668439966093172
 40
0.0668439966093172
 40
0.1428571428571428
 40
0.1428571428571428
 40
0.1428571428571428
 40
0.1428571528571428
 40
0.2857142857142857
 40
0.2857142857142857
 40
0.2857142857142857
 40
0.2857142957142857
 40
0.428571428571429
 40
0.428571428571429
 40
0.428571428571429
 40
0.428571428571429
 10
1031.669800746895
 20
801.5591084208788
 30
0.0
 10
1031.735296159774
 20
801.5591084208788
 30
0.0
 10
1031.805283653254
 20
801.5591084208788
 30
0.0
 10
1031.805283653254
 20
801.5591084208788
 30
0.0
 10
1031.805283653254
 20
801.5591084208788
 30
0.0
 10
1031.805283653254
 20
801.6949956633803
 30
0.0
 10
1031.69397176313
 20
801.8058256838594
 30
0.0
 10
1031.558084520626
 20
801.8058256838594
 30
0.0
 10
1031.558084520626
 20
801.8058256838594
 30
0.0
 10
1031.422197278128
 20
801.8058256838594
 30
0.0
 10
1031.310885387993
 20
801.6949956633803
 30
0.0
 10
1031.310885387993
 20
801.5591084208788
 30
0.0
  0
SPLINE
  5
722
330
1F
100
AcDbEntity
  8
ºöåçæÄ
370
     0
100
AcDbSpline
210
0.0
220
0.0
230
0.0
 70
    24
 71
     3
 72
     8
 73
     4
 74
     0
 42
0.000000001
 43
0.0000000001
 40
0.0
 40
0.0
 40
0.0
 40
0.0
 40
1.0
 40
1.0
 40
1.0
 40
1.0
 10
1031.971046814321
 20
801.9739981931959
 30
0.0
 10
1031.971046814321
 20
801.9739981931959
 30
0.0
 10
1032.510258957436
 20
802.5112828576933
 30
0.0
 10
1032.510258957436
 20
802.5112828576933
 30
0.0
  0
SPLINE
  5
723
330
1F
100
AcDbEntity
  8
ºöåçæÄ
370
     0
100
AcDbSpline
210
0.0
220
0.0
230
0.0
 70
    24
 71
     3
 72
     8
 73
     4
 74
     0
 42
0.000000001
 43
0.0000000001
 40
0.0
 40
0.0
 40
0.0
 40
0.0
 40
1.0
 40
1.0
 40
1.0
 40
1.0
 10
1005.743363402675
 20
807.9511093846193
 30
0.0
 10
1005.743363402675
 20
807.9511093846193
 30
0.0
 10
1007.003934418222
 20
809.2121622698137
 30
0.0
 10
1007.003934418222
 20
809.2121622698137
 30
0.0
  0
SPLINE
  5
724
330
1F
100
AcDbEntity
  8
ºöåçæÄ
370
     0
100
AcDbSpline
210
0.0
220
0.0
230
0.0
 70
    24
 71
     3
 72
     8
 73
     4
 74
     0
 42
0.000000001
 43
0.0000000001
 40
0.0
 40
0.0
 40
0.0
 40
0.0
 40
1.0
 40
1.0
 40
1.0
 40
1.0
 10
1005.650362559411
 20
805.1750583064354
 30
0.0
 10
1005.650362559411
 20
805.1750583064354
 30
0.0
 10
1007.986466643265
 20
807.5101986509725
 30
0.0
 10
1007.986466643265
 20
807.5101986509725
 30
0.0
  0
SPLINE
  5
725
330
1F
100
AcDbEntity
  8
ºöåçæÄ
370
     0
100
AcDbSpline
210
0.0
220
0.0
230
0.0
 70
    24
 71
     3
 72
     8
 73
     4
 74
     0
 42
0.000000001
 43
0.0000000001
 40
0.0
 40
0.0
 40
0.0
 40
0.0
 40
1.0
 40
1.0
 40
1.0
 40
1.0
 10
1005.650362559411
 20
802.4915262018696
 30
0.0
 10
1005.650362559411
 20
802.4915262018696
 30
0.0
 10
1007.986466643265
 20
804.827148416061
 30
0.0
 10
1007.986466643265
 20
804.827148416061
 30
0.0
  0
SPLINE
  5
726
330
1F
100
AcDbEntity
  8
ºöåçæÄ
370
     0
100
AcDbSpline
210
0.0
220
0.0
230
0.0
 70
    24
 71
     3
 72
     8
 73
     4
 74
     0
 42
0.000000001
 43
0.0000000001
 40
0.0
 40
0.0
 40
0.0
 40
0.0
 40
1.0
 40
1.0
 40
1.0
 40
1.0
 10
1007.400995013332
 20
801.5566990726075
 30
0.0
 10
1007.400995013332
 20
801.5566990726075
 30
0.0
 10
1007.986466643265
 20
802.1412069632232
 30
0.0
 10
1007.986466643265
 20
802.1412069632232
 30
0.0
  0
SPLINE
  5
727
330
1F
100
AcDbEntity
  8
ºöåçæÄ
370
     0
100
AcDbSpline
210
0.0
220
0.0
230
0.0
 70
    24
 71
     3
 72
     8
 73
     4
 74
     0
 42
0.000000001
 43
0.0000000001
 40
0.0
 40
0.0
 40
0.0
 40
0.0
 40
1.0
 40
1.0
 40
1.0
 40
1.0
 10
1005.650362559411
 20
806.9652040720059
 30
0.0
 10
1005.650362559411
 20
806.9652040720059
 30
0.0
 10
1007.373528443043
 20
808.6859606073629
 30
0.0
 10
1007.373528443043
 20
808.6859606073629
 30
0.0
  0
SPLINE
  5
728
330
1F
100
AcDbEntity
  8
ºöåçæÄ
370
     0
100
AcDbSpline
210
0.0
220
0.0
230
0.0
 70
    24
 71
     3
 72
     8
 73
     4
 74
     0
 42
0.000000001
 43
0.0000000001
 40
0.0
 40
0.0
 40
0.0
 40
0.0
 40
1.0
 40
1.0
 40
1.0
 40
1.0
 10
1005.650362559411
 20
804.2816719674394
 30
0.0
 10
1005.650362559411
 20
804.2816719674394
 30
0.0
 10
1007.986466643265
 20
806.6153667030144
 30
0.0
 10
1007.986466643265
 20
806.6153667030144
 30
0.0
  0
SPLINE
  5
729
330
1F
100
AcDbEntity
  8
ºöåçæÄ
370
     0
100
AcDbSpline
210
0.0
220
0.0
230
0.0
 70
    24
 71
     3
 72
     8
 73
     4
 74
     0
 42
0.000000001
 43
0.0000000001
 40
0.0
 40
0.0
 40
0.0
 40
0.0
 40
1.0
 40
1.0
 40
1.0
 40
1.0
 10
1005.650362559411
 20
801.596212384257
 30
0.0
 10
1005.650362559411
 20
801.596212384257
 30
0.0
 10
1007.986466643265
 20
803.9323164681013
 30
0.0
 10
1007.986466643265
 20
803.9323164681013
 30
0.0
  0
SPLINE
  5
72A
330
1F
100
AcDbEntity
  8
ºöåçæÄ
370
     0
100
AcDbSpline
210
0.0
220
0.0
230
0.0
 70
    24
 71
     3
 72
     8
 73
     4
 74
     0
 42
0.000000001
 43
0.0000000001
 40
0.0
 40
0.0
 40
0.0
 40
0.0
 40
1.0
 40
1.0
 40
1.0
 40
1.0
 10
1005.652290038021
 20
799.8079940973018
 30
0.0
 10
1005.652290038021
 20
799.8079940973018
 30
0.0
 10
1007.403404361608
 20
801.5591084208788
 30
0.0
 10
1007.403404361608
 20
801.5591084208788
 30
0.0
  0
SPLINE
  5
72B
330
1F
100
AcDbEntity
  8
ºöåçæÄ
370
     0
100
AcDbSpline
210
0.0
220
0.0
230
0.0
 70
    24
 71
     3
 72
     8
 73
     4
 74
     0
 42
0.000000001
 43
0.0000000001
 40
0.0
 40
0.0
 40
0.0
 40
0.0
 40
1.0
 40
1.0
 40
1.0
 40
1.0
 10
1007.404849970561
 20
798.8775037949296
 30
0.0
 10
1007.404849970561
 20
798.8775037949296
 30
0.0
 10
1007.986466643265
 20
799.4586385979642
 30
0.0
 10
1007.986466643265
 20
799.4586385979642
 30
0.0
  0
SPLINE
  5
72C
330
1F
100
AcDbEntity
  8
ºöåçæÄ
370
     0
100
AcDbSpline
210
0.0
220
0.0
230
0.0
 70
    24
 71
     3
 72
     8
 73
     4
 74
     0
 42
0.000000001
 43
0.0000000001
 40
0.0
 40
0.0
 40
0.0
 40
0.0
 40
1.0
 40
1.0
 40
1.0
 40
1.0
 10
1005.707705048271
 20
798.9680952899306
 30
0.0
 10
1005.707705048271
 20
798.9680952899306
 30
0.0
 10
1007.986466643265
 20
801.2487843635366
 30
0.0
 10
1007.986466643265
 20
801.2487843635366
 30
0.0
  0
SPLINE
  5
72D
330
1F
100
AcDbEntity
  8
ºöåçæÄ
370
     0
100
AcDbSpline
210
0.0
220
0.0
230
0.0
 70
    24
 71
     3
 72
     8
 73
     4
 74
     0
 42
0.000000001
 43
0.0000000001
 40
0.0
 40
0.0
 40
0.0
 40
0.0
 40
1.0
 40
1.0
 40
1.0
 40
1.0
 10
1005.810825154268
 20
797.2829971089868
 30
0.0
 10
1005.810825154268
 20
797.2829971089868
 30
0.0
 10
1007.404849970561
 20
798.8775037949296
 30
0.0
 10
1007.404849970561
 20
798.8775037949296
 30
0.0
  0
SPLINE
  5
72E
330
1F
100
AcDbEntity
  8
ºöåçæÄ
370
     0
100
AcDbSpline
210
0.0
220
0.0
230
0.0
 70
    24
 71
     3
 72
     8
 73
     4
 74
     0
 42
0.000000001
 43
0.0000000001
 40
0.0
 40
0.0
 40
0.0
 40
0.0
 40
1.0
 40
1.0
 40
1.0
 40
1.0
 10
1005.652290038021
 20
798.9150896279635
 30
0.0
 10
1005.652290038021
 20
798.9150896279635
 30
0.0
 10
1005.707705048271
 20
798.9680952899306
 30
0.0
 10
1005.707705048271
 20
798.9680952899306
 30
0.0
  0
SPLINE
  5
72F
330
1F
100
AcDbEntity
  8
ºöåçæÄ
370
     0
100
AcDbSpline
210
0.0
220
0.0
230
0.0
 70
    24
 71
     3
 72
     8
 73
     4
 74
     0
 42
0.000000001
 43
0.0000000001
 40
0.0
 40
0.0
 40
0.0
 40
0.0
 40
1.0
 40
1.0
 40
1.0
 40
1.0
 10
1006.656024527858
 20
797.2328826649457
 30
0.0
 10
1006.656024527858
 20
797.2328826649457
 30
0.0
 10
1007.986466643265
 20
798.5652522589702
 30
0.0
 10
1007.986466643265
 20
798.5652522589702
 30
0.0
  0
SPLINE
  5
730
330
1F
100
AcDbEntity
  8
ºöåçæÄ
370
     0
100
AcDbSpline
210
0.0
220
0.0
230
0.0
 70
    24
 71
     3
 72
     8
 73
     4
 74
     0
 42
0.000000001
 43
0.0000000001
 40
0.0
 40
0.0
 40
0.0
 40
0.0
 40
1.0
 40
1.0
 40
1.0
 40
1.0
 10
1005.652290038021
 20
797.1244619927372
 30
0.0
 10
1005.652290038021
 20
797.1244619927372
 30
0.0
 10
1005.717824311006
 20
797.1899962657159
 30
0.0
 10
1005.717824311006
 20
797.1899962657159
 30
0.0
  0
SPLINE
  5
731
330
1F
100
AcDbEntity
  8
ºöåçæÄ
370
     0
100
AcDbSpline
210
0.0
220
0.0
230
0.0
 70
    24
 71
     3
 72
     8
 73
     4
 74
     0
 42
0.000000001
 43
0.0000000001
 40
0.0
 40
0.0
 40
0.0
 40
0.0
 40
1.0
 40
1.0
 40
1.0
 40
1.0
 10
1007.328232695534
 20
796.116872545684
 30
0.0
 10
1007.328232695534
 20
796.116872545684
 30
0.0
 10
1007.986466643265
 20
796.7746246237459
 30
0.0
 10
1007.986466643265
 20
796.7746246237459
 30
0.0
  0
SPLINE
  5
732
330
1F
100
AcDbEntity
  8
ºöåçæÄ
370
     0
100
AcDbSpline
210
0.0
220
0.0
230
0.0
 70
    24
 71
     3
 72
     8
 73
     4
 74
     0
 42
0.000000001
 43
0.0000000001
 40
0.0
 40
0.0
 40
0.0
 40
0.0
 40
1.0
 40
1.0
 40
1.0
 40
1.0
 10
1005.652290038021
 20
796.2291481751251
 30
0.0
 10
1005.652290038021
 20
796.2291481751251
 30
0.0
 10
1006.563505554227
 20
797.1408455609805
 30
0.0
 10
1006.563505554227
 20
797.1408455609805
 30
0.0
  0
SPLINE
  5
733
330
1F
100
AcDbEntity
  8
ºöåçæÄ
370
     0
100
AcDbSpline
210
0.0
220
0.0
230
0.0
 70
    24
 71
     3
 72
     8
 73
     4
 74
     0
 42
0.000000001
 43
0.0000000001
 40
0.0
 40
0.0
 40
0.0
 40
0.0
 40
1.0
 40
1.0
 40
1.0
 40
1.0
 10
1004.793116444475
 20
796.2652883991937
 30
0.0
 10
1004.793116444475
 20
796.2652883991937
 30
0.0
 10
1005.652290038021
 20
797.1244619927372
 30
0.0
 10
1005.652290038021
 20
797.1244619927372
 30
0.0
  0
SPLINE
  5
734
330
1F
100
AcDbEntity
  8
ºöåçæÄ
370
     0
100
AcDbSpline
210
0.0
220
0.0
230
0.0
 70
    24
 71
     3
 72
     8
 73
     4
 74
     0
 42
0.000000001
 43
0.0000000001
 40
0.0
 40
0.0
 40
0.0
 40
0.0
 40
1.0
 40
1.0
 40
1.0
 40
1.0
 10
1003.730111987191
 20
796.9905022288521
 30
0.0
 10
1003.730111987191
 20
796.9905022288521
 30
0.0
 10
1004.025979954909
 20
797.2882976751852
 30
0.0
 10
1004.025979954909
 20
797.2882976751852
 30
0.0
  0
SPLINE
  5
735
330
1F
100
AcDbEntity
  8
ºöåçæÄ
370
     0
100
AcDbSpline
210
0.0
220
0.0
230
0.0
 70
    24
 71
     3
 72
     8
 73
     4
 74
     0
 42
0.000000001
 43
0.0000000001
 40
0.0
 40
0.0
 40
0.0
 40
0.0
 40
1.0
 40
1.0
 40
1.0
 40
1.0
 10
1005.638797687705
 20
796.2156558248047
 30
0.0
 10
1005.638797687705
 20
796.2156558248047
 30
0.0
 10
1005.652290038021
 20
796.2315575233967
 30
0.0
 10
1005.652290038021
 20
796.2315575233967
 30
0.0
  0
SPLINE
  5
736
330
1F
100
AcDbEntity
  8
ºöåçæÄ
370
     0
100
AcDbSpline
210
0.0
220
0.0
230
0.0
 70
    24
 71
     3
 72
     8
 73
     4
 74
     0
 42
0.000000001
 43
0.0000000001
 40
0.0
 40
0.0
 40
0.0
 40
0.0
 40
1.0
 40
1.0
 40
1.0
 40
1.0
 10
1007.987912252215
 20
796.7770339720169
 30
0.0
 10
1007.987912252215
 20
796.7770339720169
 30
0.0
 10
1008.252940562052
 20
797.0415804122052
 30
0.0
 10
1008.252940562052
 20
797.0415804122052
 30
0.0
  0
SPLINE
  5
737
330
1F
100
AcDbEntity
  8
ºöåçæÄ
370
     0
100
AcDbSpline
210
0.0
220
0.0
230
0.0
 70
    24
 71
     3
 72
     8
 73
     4
 74
     0
 42
0.000000001
 43
0.0000000001
 40
0.0
 40
0.0
 40
0.0
 40
0.0
 40
1.0
 40
1.0
 40
1.0
 40
1.0
 10
1009.865276425208
 20
795.9703841707864
 30
0.0
 10
1009.865276425208
 20
795.9703841707864
 30
0.0
 10
1010.157771305338
 20
796.2628790509227
 30
0.0
 10
1010.157771305338
 20
796.2628790509227
 30
0.0
  0
SPLINE
  5
738
330
1F
100
AcDbEntity
  8
ºöåçæÄ
370
     0
100
AcDbSpline
210
0.0
220
0.0
230
0.0
 70
    24
 71
     3
 72
     8
 73
     4
 74
     0
 42
0.000000001
 43
0.0000000001
 40
0.0
 40
0.0
 40
0.0
 40
0.0
 40
1.0
 40
1.0
 40
1.0
 40
1.0
 10
1008.175359547721
 20
796.0696493195658
 30
0.0
 10
1008.175359547721
 20
796.0696493195658
 30
0.0
 10
1009.100549283907
 20
796.9943571860872
 30
0.0
 10
1009.100549283907
 20
796.9943571860872
 30
0.0
  0
SPLINE
  5
739
330
1F
100
AcDbEntity
  8
ºöåçæÄ
370
     0
100
AcDbSpline
210
0.0
220
0.0
230
0.0
 70
    24
 71
     3
 72
     8
 73
     4
 74
     0
 42
0.000000001
 43
0.0000000001
 40
0.0
 40
0.0
 40
0.0
 40
0.0
 40
1.0
 40
1.0
 40
1.0
 40
1.0
 10
1004.375817323894
 20
795.8499167572234
 30
0.0
 10
1004.375817323894
 20
795.8499167572234
 30
0.0
 10
1004.494357258841
 20
795.968938561826
 30
0.0
 10
1004.494357258841
 20
795.968938561826
 30
0.0
  0
SPLINE
  5
73A
330
1F
100
AcDbEntity
  8
ºöåçæÄ
370
     0
100
AcDbSpline
210
0.0
220
0.0
230
0.0
 70
    24
 71
     3
 72
     8
 73
     4
 74
     0
 42
0.000000001
 43
0.0000000001
 40
0.0
 40
0.0
 40
0.0
 40
0.0
 40
1.0
 40
1.0
 40
1.0
 40
1.0
 10
1005.749145838531
 20
794.5401950369483
 30
0.0
 10
1005.749145838531
 20
794.5401950369483
 30
0.0
 10
1007.179816842026
 20
795.968938561826
 30
0.0
 10
1007.179816842026
 20
795.968938561826
 30
0.0
  0
SPLINE
  5
73B
330
1F
100
AcDbEntity
  8
ºöåçæÄ
370
     0
100
AcDbSpline
210
0.0
220
0.0
230
0.0
 70
    24
 71
     3
 72
     8
 73
     4
 74
     0
 42
0.000000001
 43
0.0000000001
 40
0.0
 40
0.0
 40
0.0
 40
0.0
 40
1.0
 40
1.0
 40
1.0
 40
1.0
 10
1004.743483870091
 20
795.3222694858099
 30
0.0
 10
1004.743483870091
 20
795.3222694858099
 30
0.0
 10
1005.389671076455
 20
795.968938561826
 30
0.0
 10
1005.389671076455
 20
795.968938561826
 30
0.0
  0
SPLINE
  5
73C
330
1F
100
AcDbEntity
  8
ºöåçæÄ
370
     0
100
AcDbSpline
210
0.0
220
0.0
230
0.0
 70
    24
 71
     3
 72
     8
 73
     4
 74
     0
 42
0.000000001
 43
0.0000000001
 40
0.0
 40
0.0
 40
0.0
 40
0.0
 40
1.0
 40
1.0
 40
1.0
 40
1.0
 10
1006.432918877933
 20
794.3286542587291
 30
0.0
 10
1006.432918877933
 20
794.3286542587291
 30
0.0
 10
1008.074648789983
 20
795.968938561826
 30
0.0
 10
1008.074648789983
 20
795.968938561826
 30
0.0
  0
SPLINE
  5
73D
330
1F
100
AcDbEntity
  8
ºöåçæÄ
370
     0
100
AcDbSpline
210
0.0
220
0.0
230
1.0
 70
    11
 71
     3
 72
    16
 73
    12
 74
     0
 42
0.000000001
 43
0.0000000001
 40
0.0
 40
0.0
 40
0.0
 40
0.0
 40
0.25
 40
0.25
 40
0.25
 40
0.25000001
 40
0.5
 40
0.5
 40
0.5
 40
0.5000000100000001
 40
1.0
 40
1.0
 40
1.0
 40
1.0
 10
1015.903585062725
 20
800.2036090834494
 30
0.0
 10
1015.903585062725
 20
800.2036090834494
 30
0.0
 10
1014.538448332219
 20
801.5605540298418
 30
0.0
 10
1014.538448332219
 20
801.5605540298418
 30
0.0
 10
1014.538448332219
 20
801.5605540298418
 30
0.0
 10
1014.538448332219
 20
801.5605540298418
 30
0.0
 10
1015.903585062725
 20
801.5605540298418
 30
0.0
 10
1015.903585062725
 20
801.5605540298418
 30
0.0
 10
1015.903585062725
 20
801.5605540298418
 30
0.0
 10
1015.903585062725
 20
801.5605540298418
 30
0.0
 10
1015.903585062725
 20
800.2036090834494
 30
0.0
 10
1015.903585062725
 20
800.2036090834494
 30
0.0
  0
SPLINE
  5
73E
330
1F
100
AcDbEntity
  8
ºöåçæÄ
370
     0
100
AcDbSpline
210
0.0
220
0.0
230
1.0
 70
    11
 71
     3
 72
    16
 73
    12
 74
     0
 42
0.000000001
 43
0.0000000001
 40
0.0
 40
0.0
 40
0.0
 40
0.0
 40
0.25
 40
0.25
 40
0.25
 40
0.25000001
 40
0.5
 40
0.5
 40
0.5
 40
0.5000000100000001
 40
1.0
 40
1.0
 40
1.0
 40
1.0
 10
1032.514113914668
 20
800.902801951779
 30
0.0
 10
1032.514113914668
 20
800.902801951779
 30
0.0
 10
1032.514113914668
 20
801.5605540298418
 30
0.0
 10
1032.514113914668
 20
801.5605540298418
 30
0.0
 10
1032.514113914668
 20
801.5605540298418
 30
0.0
 10
1032.514113914668
 20
801.5605540298418
 30
0.0
 10
1032.901055247043
 20
800.902801951779
 30
0.0
 10
1032.901055247043
 20
800.902801951779
 30
0.0
 10
1032.901055247043
 20
800.902801951779
 30
0.0
 10
1032.901055247043
 20
800.902801951779
 30
0.0
 10
1032.514113914668
 20
800.902801951779
 30
0.0
 10
1032.514113914668
 20
800.902801951779
 30
0.0
  0
SPLINE
  5
73F
330
1F
100
AcDbEntity
  8
ºöåçæÄ
370
     0
100
AcDbSpline
210
0.0
220
0.0
230
1.0
 70
    11
 71
     3
 72
    16
 73
    12
 74
     0
 42
0.000000001
 43
0.0000000001
 40
0.0
 40
0.0
 40
0.0
 40
0.0
 40
0.25
 40
0.25
 40
0.25
 40
0.25000001
 40
0.5
 40
0.5
 40
0.5
 40
0.5000000100000001
 40
1.0
 40
1.0
 40
1.0
 40
1.0
 10
1032.516041393285
 20
815.9713479100988
 30
0.0
 10
1032.516041393285
 20
815.9713479100988
 30
0.0
 10
1029.445086086687
 20
816.4440620409266
 30
0.0
 10
1029.445086086687
 20
816.4440620409266
 30
0.0
 10
1029.445086086687
 20
816.4440620409266
 30
0.0
 10
1029.445086086687
 20
816.4440620409266
 30
0.0
 10
1029.445086086687
 20
815.5000793882331
 30
0.0
 10
1029.445086086687
 20
815.5000793882331
 30
0.0
 10
1029.445086086687
 20
815.5000793882331
 30
0.0
 10
1029.445086086687
 20
815.5000793882331
 30
0.0
 10
1032.516041393285
 20
815.9713479100988
 30
0.0
 10
1032.516041393285
 20
815.9713479100988
 30
0.0
  0
SPLINE
  5
740
330
1F
100
AcDbEntity
  8
ºöåçæÄ
370
     0
100
AcDbSpline
210
0.0
220
0.0
230
0.0
 70
    24
 71
     3
 72
     8
 73
     4
 74
     0
 42
0.000000001
 43
0.0000000001
 40
0.0
 40
0.0
 40
0.0
 40
0.0
 40
1.0
 40
1.0
 40
1.0
 40
1.0
 10
1033.296691468033
 20
815.9183422481287
 30
0.0
 10
1033.296691468033
 20
815.9183422481287
 30
0.0
 10
1036.535337414307
 20
815.9183422481287
 30
0.0
 10
1036.535337414307
 20
815.9183422481287
 30
0.0
  0
SPLINE
  5
741
330
1F
100
AcDbEntity
  8
ºöåçæÄ
370
     0
100
AcDbSpline
210
0.0
220
0.0
230
0.0
 70
    24
 71
     3
 72
     8
 73
     4
 74
     0
 42
0.000000001
 43
0.0000000001
 40
0.0
 40
0.0
 40
0.0
 40
0.0
 40
1.0
 40
1.0
 40
1.0
 40
1.0
 10
1038.040699865138
 20
793.7990795086991
 30
0.0
 10
1038.040699865138
 20
793.7990795086991
 30
0.0
 10
1038.060433635185
 20
819.7675170463483
 30
0.0
 10
1038.060433635185
 20
819.7675170463483
 30
0.0
  0
SPLINE
  5
742
330
1F
100
AcDbEntity
  8
ºöåçæÄ
370
     0
100
AcDbSpline
210
0.0
220
0.0
230
0.0
 70
    24
 71
     3
 72
     8
 73
     4
 74
     0
 42
0.000000001
 43
0.0000000001
 40
0.0
 40
0.0
 40
0.0
 40
0.0
 40
1.0
 40
1.0
 40
1.0
 40
1.0
 10
1032.516041393285
 20
813.0757931576589
 30
0.0
 10
1032.516041393285
 20
813.0757931576589
 30
0.0
 10
1032.516041393285
 20
819.7675170463483
 30
0.0
 10
1032.516041393285
 20
819.7675170463483
 30
0.0
  0
SPLINE
  5
743
330
1F
100
AcDbEntity
  8
ºöåçæÄ
370
     0
100
AcDbSpline
210
0.0
220
0.0
230
0.0
 70
    24
 71
     3
 72
     8
 73
     4
 74
     0
 42
0.000000001
 43
0.0000000001
 40
0.0
 40
0.0
 40
0.0
 40
0.0
 40
1.0
 40
1.0
 40
1.0
 40
1.0
 10
1029.882141863109
 20
815.9713479100988
 30
0.0
 10
1029.882141863109
 20
815.9713479100988
 30
0.0
 10
1023.977792989475
 20
815.9713479100988
 30
0.0
 10
1023.977792989475
 20
815.9713479100988
 30
0.0
  0
SPLINE
  5
744
330
1F
100
AcDbEntity
  8
ºöåçæÄ
370
     0
100
AcDbSpline
210
0.0
220
0.0
230
1.0
 70
    11
 71
     3
 72
    16
 73
    12
 74
     0
 42
0.000000001
 43
0.0000000001
 40
0.0
 40
0.0
 40
0.0
 40
0.0
 40
0.25
 40
0.25
 40
0.25
 40
0.25000001
 40
0.5
 40
0.5
 40
0.5
 40
0.5000000100000001
 40
1.0
 40
1.0
 40
1.0
 40
1.0
 10
1037.930328828533
 20
815.9713479100988
 30
0.0
 10
1037.930328828533
 20
815.9713479100988
 30
0.0
 10
1041.000802265469
 20
815.5000793882331
 30
0.0
 10
1041.000802265469
 20
815.5000793882331
 30
0.0
 10
1041.000802265469
 20
815.5000793882331
 30
0.0
 10
1041.000802265469
 20
815.5000793882331
 30
0.0
 10
1041.000802265469
 20
816.4440620409266
 30
0.0
 10
1041.000802265469
 20
816.4440620409266
 30
0.0
 10
1041.000802265469
 20
816.4440620409266
 30
0.0
 10
1041.000802265469
 20
816.4440620409266
 30
0.0
 10
1037.930328828533
 20
815.9713479100988
 30
0.0
 10
1037.930328828533
 20
815.9713479100988
 30
0.0
  0
SPLINE
  5
745
330
1F
100
AcDbEntity
  8
ºöåçæÄ
370
     0
100
AcDbSpline
210
0.0
220
0.0
230
0.0
 70
    24
 71
     3
 72
     8
 73
     4
 74
     0
 42
0.000000001
 43
0.0000000001
 40
0.0
 40
0.0
 40
0.0
 40
0.0
 40
1.0
 40
1.0
 40
1.0
 40
1.0
 10
1040.563746489058
 20
815.9713479100988
 30
0.0
 10
1040.563746489058
 20
815.9713479100988
 30
0.0
 10
1046.468095362685
 20
815.9713479100988
 30
0.0
 10
1046.468095362685
 20
815.9713479100988
 30
0.0
  0
TEXT
  5
746
330
1F
100
AcDbEntity
  8
ºöåçæÄ
370
     0
100
AcDbText
 10
1033.656381504615
 20
816.9622054171782
 30
0.0
 40
2.933429707264421
  1
1
  7
0
100
AcDbText
  0
TEXT
  5
747
330
1F
100
AcDbEntity
  8
ºöåçæÄ
370
     0
100
AcDbText
 10
1033.684901749016
 20
812.1667300370647
 30
0.0
 40
2.933429707264421
  1
4
  7
0
100
AcDbText
  0
TEXT
  5
748
330
1F
100
AcDbEntity
  8
ºöåçæÄ
370
     0
100
AcDbText
 10
1036.577901971032
 20
817.7543850282621
 30
0.0
 40
1.857549692808245
  1
"
 41
1.579120710784323
  7
0
100
AcDbText
  0
SPLINE
  5
749
330
1F
100
AcDbEntity
  8
ºöåçæÄ
370
     0
100
AcDbSpline
210
0.0
220
0.0
230
0.0
 70
    24
 71
     3
 72
     8
 73
     4
 74
     0
 42
0.000000001
 43
0.0000000001
 40
0.25
 40
0.25
 40
0.25
 40
0.25
 40
0.5
 40
0.5
 40
0.5
 40
0.5
 10
1015.903585062725
 20
801.5605540298418
 30
0.0
 10
1015.903585062725
 20
801.5605540298418
 30
0.0
 10
1032.514113914668
 20
801.5605540298418
 30
0.0
 10
1032.514113914668
 20
801.5605540298418
 30
0.0
  0
SPLINE
  5
74A
330
1F
100
AcDbEntity
  8
ºöåçæÄ
370
     0
100
AcDbSpline
210
0.0
220
0.0
230
0.0
 70
    24
 71
     3
 72
     8
 73
     4
 74
     0
 42
0.000000001
 43
0.0000000001
 40
0.5
 40
0.5
 40
0.5
 40
0.5
 40
1.0
 40
1.0
 40
1.0
 40
1.0
 10
1032.514113914668
 20
801.5605540298418
 30
0.0
 10
1032.514113914668
 20
801.5605540298418
 30
0.0
 10
1032.514113914668
 20
800.902801951779
 30
0.0
 10
1032.514113914668
 20
800.902801951779
 30
0.0
  0
SPLINE
  5
74B
330
1F
100
AcDbEntity
  8
ºöåçæÄ
370
     0
100
AcDbSpline
210
0.0
220
0.0
230
0.0
 70
    24
 71
     3
 72
     8
 73
     4
 74
     0
 42
0.000000001
 43
0.0000000001
 40
0.5
 40
0.5
 40
0.5
 40
0.5
 40
1.0
 40
1.0
 40
1.0
 40
1.0
 10
1032.514113914668
 20
800.902801951779
 30
0.0
 10
1032.514113914668
 20
800.902801951779
 30
0.0
 10
1015.903585062725
 20
800.902801951779
 30
0.0
 10
1015.903585062725
 20
800.902801951779
 30
0.0
  0
HATCH
  5
74C
330
1F
100
AcDbEntity
  8
ºöåçæÄ
370
     0
100
AcDbHatch
 10
0.0
 20
0.0
 30
0.0
210
0.0
220
0.0
230
1.0
  2
SOLID
 70
     1
 71
     0
 91
        2
 92
        5
 93
        5
 72
     4
 94
        3
 73
     0
 74
     0
 95
       11
 96
        7
 40
0.5094823651492231
 40
0.5094823651492231
 40
0.5094823651492231
 40
0.5094823651492231
 40
0.5142092088380516
 40
0.5142092088380516
 40
0.5142092088380516
 40
1.004726843688828
 40
1.004726843688828
 40
1.004726843688828
 40
1.004726843688828
 10
1015.902139453769
 20
800.2050460177358
 10
1015.903097041607
 20
800.2040941760972
 10
1015.903585062725
 20
800.2036090834494
 10
1015.903585062725
 20
800.2036090834494
 10
1015.903585062725
 20
800.2036090834494
 10
1015.903585062725
 20
801.5095738801344
 10
1015.903585062725
 20
801.5591084204318
 72
     4
 94
        3
 73
     0
 74
     0
 95
        8
 96
        4
 40
0.5897023257831254
 40
0.5897023257831254
 40
0.5897023257831254
 40
0.5897023257831254
 40
0.6090248395601287
 40
0.6090248395601287
 40
0.6090248395601287
 40
0.6090248395601287
 10
1015.903585062725
 20
801.5591084208763
 10
1015.452777024119
 20
801.5591084208763
 10
1014.997980605229
 20
801.5591084208763
 10
1014.539902668233
 20
801.5591084208747
 72
     4
 94
        3
 73
     0
 74
     0
 95
        8
 96
        4
 40
0.0047268436888283
 40
0.0047268436888283
 40
0.0047268436888283
 40
0.0047268436888283
 40
0.2452588180402431
 40
0.2452588180402431
 40
0.2452588180402431
 40
0.2452588180402431
 10
1014.539902668291
 20
801.5591084208056
 10
1014.588775802605
 20
801.5105285597979
 10
1015.853411272895
 20
800.2534817951216
 10
1015.902139453769
 20
800.2050460177358
 72
     4
 94
        3
 73
     0
 74
     0
 95
        8
 96
        4
 40
0.5022947282680798
 40
0.5022947282680798
 40
0.5022947282680798
 40
0.5022947282680798
 40
1.0
 40
1.0
 40
1.0
 40
1.0
 10
1015.902139453758
 20
800.2050460177381
 10
1015.902139453758
 20
800.5527908404539
 10
1015.902139453758
 20
800.898946994546
 10
1015.902139453758
 20
800.898946994546
 72
     4
 94
        3
 73
     0
 74
     0
 95
        8
 96
        4
 40
0.5
 40
0.5
 40
0.5
 40
0.5
 40
1.0
 40
1.0
 40
1.0
 40
1.0
 10
1032.514113914668
 20
800.902801951779
 10
1032.514113914668
 20
800.902801951779
 10
1015.903585062725
 20
800.902801951779
 10
1015.903585062725
 20
800.902801951779
 97
        0
 92
        5
 93
        5
 72
     4
 94
        3
 73
     0
 74
     0
 95
        8
 96
        4
 40
0.0412955578466729
 40
0.0412955578466729
 40
0.0412955578466729
 40
0.0412955578466729
 40
0.9552072955912514
 40
0.9552072955912514
 40
0.9552072955912514
 40
0.9552072955912514
 10
1032.897347312773
 20
800.9028019518471
 10
1032.867048557157
 20
800.954430428448
 10
1032.542149392098
 20
801.5080521400633
 10
1032.514113914816
 20
801.5558240354241
 72
     4
 94
        3
 73
     0
 74
     0
 95
        8
 96
        4
 40
0.1315905368434315
 40
0.1315905368434315
 40
0.1315905368434315
 40
0.1315905368434315
 40
0.2375517237889831
 40
0.2375517237889831
 40
0.2375517237889831
 40
0.2375517237889831
 10
1032.514113914668
 20
801.5558240356735
 10
1032.514113914668
 20
801.5294433295871
 10
1032.514113914668
 20
801.3966684173906
 10
1032.514113914668
 20
801.257663525663
 72
     4
 94
        3
 73
     0
 74
     0
 95
        8
 96
        4
 40
0.1089599694989531
 40
0.1089599694989531
 40
0.1089599694989531
 40
0.1089599694989531
 40
0.1315905368434315
 40
0.1315905368434315
 40
0.1315905368434315
 40
0.1315905368434315
 10
1032.514113914668
 20
801.257663525663
 10
1032.514113914668
 20
801.2279756781198
 10
1032.514113914668
 20
801.1980036568832
 10
1032.514113914668
 20
801.1687232568052
 72
     4
 94
        3
 73
     0
 74
     0
 95
       11
 96
        7
 40
0.99999
 40
0.99999
 40
0.99999
 40
0.99999
 40
1.108949969498952
 40
1.108949969498952
 40
1.108949969498952
 40
1.108959969498952
 40
1.108959969498952
 40
1.108959969498952
 40
1.108959969498952
 10
1032.514113914668
 20
801.1687232568052
 10
1032.514113914668
 20
801.027746168128
 10
1032.514113914668
 20
800.902801951779
 10
1032.514113914668
 20
800.902801951779
 10
1032.514113914668
 20
800.902801951779
 10
1032.514113914823
 20
800.902801951779
 10
1032.514113915135
 20
800.902801951779
 72
     4
 94
        3
 73
     0
 74
     0
 95
        8
 96
        4
 40
0.5288178091937078
 40
0.5288178091937078
 40
0.5288178091937078
 40
0.5288178091937078
 40
0.99999
 40
0.99999
 40
0.99999
 40
0.99999
 10
1032.514113915135
 20
800.902801951779
 10
1032.514128500128
 20
800.902801951779
 10
1032.857738248422
 20
800.902801951779
 10
1032.897347312811
 20
800.902801951779
 97
        0
 75
     0
 76
     1
 47
0.001381075429044
 98
        2
 10
1015.409689002603
 20
801.3713657774967
 10
1032.567277369642
 20
801.1521268357331
1001
ACAD
1010
0.0
1020
0.0
1030
0.0
  0
HATCH
  5
74D
330
1F
100
AcDbEntity
  8
ºöåçæÄ
370
     0
100
AcDbHatch
 10
0.0
 20
0.0
 30
0.0
210
0.0
220
0.0
230
1.0
  2
SOLID
 70
     1
 71
     0
 91
        1
 92
        5
 93
       17
 72
     4
 94
        3
 73
     0
 74
     0
 95
        8
 96
        4
 40
0.1315905368434315
 40
0.1315905368434315
 40
0.1315905368434315
 40
0.1315905368434315
 40
0.2375517237889831
 40
0.2375517237889831
 40
0.2375517237889831
 40
0.2375517237889831
 10
1032.514113914668
 20
801.257663525663
 10
1032.514113914668
 20
801.3966684173906
 10
1032.514113914668
 20
801.5294433295871
 10
1032.514113914668
 20
801.5558240356735
 72
     4
 94
        3
 73
     0
 74
     0
 95
        8
 96
        4
 40
0.00001
 40
0.00001
 40
0.00001
 40
0.00001
 40
0.0412955578466729
 40
0.0412955578466729
 40
0.0412955578466729
 40
0.0412955578466729
 10
1032.514113914816
 20
801.5558240354241
 10
1032.512847424548
 20
801.5579821096308
 10
1032.512186756074
 20
801.5591078755845
 10
1032.512186436175
 20
801.5591084206814
 72
     4
 94
        3
 73
     0
 74
     0
 95
        8
 96
        4
 40
0.928844795731247
 40
0.928844795731247
 40
0.928844795731247
 40
0.928844795731247
 40
0.9963742091355516
 40
0.9963742091355516
 40
0.9963742091355516
 40
0.9963742091355516
 10
1032.512186436061
 20
801.5591084208788
 10
1032.488282905096
 20
801.5591084208788
 10
1032.242590878093
 20
801.5591084208788
 10
1031.805283653254
 20
801.5591084208788
 72
     4
 94
        3
 73
     0
 74
     0
 95
        8
 96
        4
 40
0.0668439966093172
 40
0.0668439966093172
 40
0.0668439966093172
 40
0.0668439966093172
 40
0.1428571428571428
 40
0.1428571428571428
 40
0.1428571428571428
 40
0.1428571428571428
 10
1031.805283653254
 20
801.5591084208788
 10
1031.805283653254
 20
801.5591084208788
 10
1031.735296159774
 20
801.5591084208788
 10
1031.669800746895
 20
801.5591084208788
 72
     4
 94
        3
 73
     0
 74
     0
 95
        8
 96
        4
 40
0.9065621871304784
 40
0.9065621871304784
 40
0.9065621871304784
 40
0.9065621871304784
 40
0.9221594844628299
 40
0.9221594844628299
 40
0.9221594844628299
 40
0.9221594844628299
 10
1031.669800746812
 20
801.5591084208788
 10
1031.560101171667
 20
801.5591084208788
 10
1031.440338790381
 20
801.5591084208788
 10
1031.310885387979
 20
801.5591084208788
 72
     4
 94
        3
 73
     0
 74
     0
 95
        8
 96
        4
 40
0.7261705484908392
 40
0.7261705484908392
 40
0.7261705484908392
 40
0.7261705484908392
 40
0.9065621871304786
 40
0.9065621871304786
 40
0.9065621871304786
 40
0.9065621871304786
 10
1031.310885387979
 20
801.5591084208788
 10
1029.813682963126
 20
801.5591084208788
 10
1027.020186138928
 20
801.5591084208788
 10
1023.505560728302
 20
801.5591084208772
 72
     4
 94
        3
 73
     0
 74
     0
 95
        8
 96
        4
 40
0.645121963572518
 40
0.645121963572518
 40
0.645121963572518
 40
0.645121963572518
 40
0.7261705484908392
 40
0.7261705484908392
 40
0.7261705484908392
 40
0.7261705484908392
 10
1023.505560728302
 20
801.5591084208772
 10
1021.926466385572
 20
801.5591084208772
 10
1020.201802412947
 20
801.5591084208772
 10
1018.383733924704
 20
801.5591084208772
 72
     4
 94
        3
 73
     0
 74
     0
 95
        8
 96
        4
 40
0.1274521133428615
 40
0.1274521133428615
 40
0.1274521133428615
 40
0.1274521133428615
 40
0.1351068501839949
 40
0.1351068501839949
 40
0.1351068501839949
 40
0.1351068501839949
 10
1018.38166848694
 20
801.5591084208788
 10
1018.380311894506
 20
801.5591084208788
 10
1018.378323798957
 20
801.5591084208788
 10
1018.375780112978
 20
801.5591084208788
 72
     4
 94
        3
 73
     0
 74
     0
 95
        8
 96
        4
 40
0.1124310764304544
 40
0.1124310764304544
 40
0.1124310764304544
 40
0.1124310764304544
 40
0.1274521133428616
 40
0.1274521133428616
 40
0.1274521133428616
 40
0.1274521133428616
 10
1018.375780112978
 20
801.5591084208788
 10
1018.370788589213
 20
801.5591084208788
 10
1018.363657655334
 20
801.5591084208788
 10
1018.354960930176
 20
801.5591084208788
 72
     4
 94
        3
 73
     0
 74
     0
 95
        8
 96
        4
 40
0.0835379634855487
 40
0.0835379634855487
 40
0.0835379634855487
 40
0.0835379634855487
 40
0.1124310764304544
 40
0.1124310764304544
 40
0.1124310764304544
 40
0.1124310764304544
 10
1018.354960930176
 20
801.5591084208788
 10
1018.338232693394
 20
801.5591084208788
 10
1018.315711200681
 20
801.5591084208788
 10
1018.291478768414
 20
801.5591084208788
 72
     4
 94
        3
 73
     0
 74
     0
 95
        8
 96
        4
 40
0.070163275988506
 40
0.070163275988506
 40
0.070163275988506
 40
0.070163275988506
 40
0.0835379634855487
 40
0.0835379634855487
 40
0.0835379634855487
 40
0.0835379634855487
 10
1018.291478768414
 20
801.5591084208788
 10
1018.280261520571
 20
801.5591084208788
 10
1018.268677655155
 20
801.5591084208788
 10
1018.257132097153
 20
801.5591084208788
 72
     4
 94
        3
 73
     0
 74
     0
 95
        8
 96
        4
 40
0.6378162223904447
 40
0.6378162223904447
 40
0.6378162223904447
 40
0.6378162223904447
 40
0.6437522528129436
 40
0.6437522528129436
 40
0.6437522528129436
 40
0.6437522528129436
 10
1018.291478768424
 20
801.5591084208772
 10
1018.158092580786
 20
801.5591084208772
 10
1018.024210085747
 20
801.5591084208788
 10
1017.889851777577
 20
801.5591084208788
 72
     4
 94
        3
 73
     0
 74
     0
 95
        8
 96
        4
 40
0.6090248395601284
 40
0.6090248395601284
 40
0.6090248395601284
 40
0.6090248395601284
 40
0.6378162223904446
 40
0.6378162223904446
 40
0.6378162223904446
 40
0.6378162223904446
 10
1017.889851777577
 20
801.5591084208788
 10
1017.238176969374
 20
801.5591084208788
 10
1016.575308575093
 20
801.5591084208788
 10
1015.903585062708
 20
801.5591084208788
 72
     4
 94
        3
 73
     0
 74
     0
 95
       11
 96
        7
 40
0.509482365149223
 40
0.509482365149223
 40
0.509482365149223
 40
0.509482365149223
 40
1.0
 40
1.0
 40
1.0
 40
1.004726843688828
 40
1.004726843688828
 40
1.004726843688828
 40
1.004726843688828
 10
1015.903585062725
 20
801.5591084204318
 10
1015.903585062725
 20
801.5095738801344
 10
1015.903585062725
 20
800.2036090834494
 10
1015.903585062725
 20
800.2036090834494
 10
1015.903585062725
 20
800.2036090834494
 10
1015.903097041607
 20
800.2040941760972
 10
1015.902139453769
 20
800.2050460177358
 72
     4
 94
        3
 73
     0
 74
     0
 95
        8
 96
        4
 40
0.5
 40
0.5
 40
0.5
 40
0.5
 40
1.0
 40
1.0
 40
1.0
 40
1.0
 10
1015.903585062725
 20
800.902801951779
 10
1015.903585062725
 20
800.902801951779
 10
1032.514113914668
 20
800.902801951779
 10
1032.514113914668
 20
800.902801951779
 72
     4
 94
        3
 73
     0
 74
     0
 95
       11
 96
        7
 40
0.99999
 40
0.99999
 40
0.99999
 40
0.99999
 40
1.0
 40
1.0
 40
1.0
 40
1.108959969498952
 40
1.108959969498952
 40
1.108959969498952
 40
1.108959969498952
 10
1032.514113915135
 20
800.902801951779
 10
1032.514113914823
 20
800.902801951779
 10
1032.514113914668
 20
800.902801951779
 10
1032.514113914668
 20
800.902801951779
 10
1032.514113914668
 20
800.902801951779
 10
1032.514113914668
 20
801.027746168128
 10
1032.514113914668
 20
801.1687232568052
 72
     4
 94
        3
 73
     0
 74
     0
 95
        8
 96
        4
 40
0.1089599694989531
 40
0.1089599694989531
 40
0.1089599694989531
 40
0.1089599694989531
 40
0.1315905368434315
 40
0.1315905368434315
 40
0.1315905368434315
 40
0.1315905368434315
 10
1032.514113914668
 20
801.1687232568052
 10
1032.514113914668
 20
801.1980036568832
 10
1032.514113914668
 20
801.2279756781198
 10
1032.514113914668
 20
801.257663525663
 97
        0
 75
     0
 76
     1
 47
0.0021580951682975
 98
        1
 10
1023.767245534913
 20
801.2469664008072
1001
ACAD
1010
0.0
1020
0.0
1030
0.0
  0
MTEXT
  5
74E
330
1F
100
AcDbEntity
  8
ºöåçæÄ
370
     0
100
AcDbMText
 10
1006.053323665793
 20
768.4325481631419
 30
0.0
 40
5.782435851102744
 41
59.60945063415827
 71
     1
 72
     1
  1
{\fTahoma|b0|i0|c163|p34; }
 73
     1
 44
1.0
1001
ACAD
1000
MTEXTBEGIN
1070
    73
1070
     1
1070
    44
1040
1.0
1070
    74
1070
     0
1000
MTEXTEND
  0
MTEXT
  5
74F
330
1F
100
AcDbEntity
  8
ºöåçæÄ
370
     0
100
AcDbMText
 10
1005.442924726233
 20
762.0903880266272
 30
0.0
 40
5.782435851102744
 41
70.32762660676805
 71
     1
 72
     1
  1
{\fTahoma|b0|i0|c163|p34;1/4"\fTahoma|b0|i0|c0|p34; \fTahoma|b0|i0|c163|p34;Revea\fTahoma|b0|i0|c0|p34;l}
 73
     1
 44
1.0
1001
ACAD
1000
MTEXTBEGIN
1070
    73
1070
     1
1070
    44
1040
1.0
1070
    74
1070
     0
1000
MTEXTEND
  0
MTEXT
  5
750
330
1F
100
AcDbEntity
  8
ºöåçæÄ
370
     0
100
AcDbMText
 10
1006.053323665793
 20
760.2407640407463
 30
0.0
 40
5.782435851102744
 41
52.93854475575244
 71
     1
 72
     1
  1
{\fTahoma|b0|i0|c163|p34; }
 73
     1
 44
1.0
1001
ACAD
1000
MTEXTBEGIN
1070
    73
1070
     1
1070
    44
1040
1.0
1070
    74
1070
     0
1000
MTEXTEND
  0
LEADER
  5
751
330
1F
100
AcDbEntity
  8
≥ﬂ¥ÁòÀ◊¢
370
     0
100
AcDbLeader
  3
9.8
 74
     0
 76
     3
 10
1097.501430215261
 20
784.2704596716701
 30
0.0
 10
1056.756256102866
 20
759.3497126745135
 30
0.0
 10
1051.677899705811
 20
759.3497126745135
 30
0.0
211
0.0
221
0.0
231
0.0
1001
ACAD
1000
DSTYLE
1002
{
1070
   271
1070
     2
1002
}
  0
SPLINE
  5
752
330
1F
100
AcDbEntity
  8
ºöåçæÄ
370
     0
100
AcDbSpline
210
0.0
220
0.0
230
1.0
 70
     8
 71
     3
 72
    12
 73
     8
 74
     0
 42
0.000000001
 43
0.0000000001
 40
0.0
 40
0.0
 40
0.0
 40
0.0
 40
0.3333333333333333
 40
0.3333333333333333
 40
0.3333333333333333
 40
0.3333333433333333
 40
1.0
 40
1.0
 40
1.0
 40
1.0
 10
1019.262332518
 20
523.5390515750926
 30
0.0
 10
1019.262332518
 20
524.0705570266535
 30
0.0
 10
1019.050148434097
 20
524.5801124005675
 30
0.0
 10
1018.67490663053
 20
524.955876825023
 30
0.0
 10
1018.67490663053
 20
524.955876825023
 30
0.0
 10
1018.297574343393
 20
525.332163870375
 30
0.0
 10
1017.789586832176
 20
525.544870575178
 30
0.0
 10
1017.255990897037
 20
525.544870575178
 30
0.0
  0
SPLINE
  5
753
330
1F
100
AcDbEntity
  8
ºöåçæÄ
370
     0
100
AcDbSpline
210
0.0
220
0.0
230
1.0
 70
     8
 71
     3
 72
    16
 73
    12
 74
     0
 42
0.000000001
 43
0.0000000001
 40
0.0
 40
0.0
 40
0.0
 40
0.0
 40
0.25
 40
0.25
 40
0.25
 40
0.25000001
 40
0.5
 40
0.5
 40
0.5
 40
0.5000000100000001
 40
1.0
 40
1.0
 40
1.0
 40
1.0
 10
984.835203593686
 20
507.6006820999616
 30
0.0
 10
985.0949461791513
 20
506.9207523138479
 30
0.0
 10
985.6212254217478
 20
506.3767039607736
 30
0.0
 10
986.2901801690499
 20
506.0939660558654
 30
0.0
 10
986.2901801690499
 20
506.0939660558654
 30
0.0
 10
986.9591349163346
 20
505.8112281509551
 30
0.0
 10
987.7137994906293
 20
505.8112281509551
 30
0.0
 10
988.3843221006067
 20
506.0939660558654
 30
0.0
 10
988.3843221006067
 20
506.0939660558654
 30
0.0
 10
989.0527542270044
 20
506.3767039607736
 30
0.0
 10
989.5779882278128
 20
506.9207523138479
 30
0.0
 10
989.8377308132817
 20
507.6006820999616
 30
0.0
  0
SPLINE
  5
754
330
1F
100
AcDbEntity
  8
ºöåçæÄ
370
     0
100
AcDbSpline
210
0.0
220
0.0
230
1.0
 70
     8
 71
     3
 72
    12
 73
     8
 74
     0
 42
0.000000001
 43
0.0000000001
 40
0.0
 40
0.0
 40
0.0
 40
0.0
 40
0.3333333333333333
 40
0.3333333333333333
 40
0.3333333333333333
 40
0.3333333433333333
 40
1.0
 40
1.0
 40
1.0
 40
1.0
 10
1017.762410545565
 20
505.2990596725589
 30
0.0
 10
1017.762410545565
 20
506.8141376509976
 30
0.0
 10
1017.159828652113
 20
508.2670237427699
 30
0.0
 10
1016.087933193738
 20
509.3404870638173
 30
0.0
 10
1016.087933193738
 20
509.3404870638173
 30
0.0
 10
1015.016560356286
 20
510.4123825221742
 30
0.0
 10
1013.563674264505
 20
511.0123513111516
 30
0.0
 10
1012.046505802501
 20
511.0123513111516
 30
0.0
  0
SPLINE
  5
755
330
1F
100
AcDbEntity
  8
ºöåçæÄ
370
     0
100
AcDbSpline
210
0.0
220
0.0
230
1.0
 70
     8
 71
     3
 72
    12
 73
     8
 74
     0
 42
0.000000001
 43
0.0000000001
 40
0.0
 40
0.0
 40
0.0
 40
0.0
 40
0.3333333333333333
 40
0.3333333333333333
 40
0.3333333333333333
 40
0.3333333433333333
 40
1.0
 40
1.0
 40
1.0
 40
1.0
 10
1019.163557168595
 20
505.2990596725589
 30
0.0
 10
1019.163557168595
 20
507.1867663500744
 30
0.0
 10
1018.413596182376
 20
508.9955572722446
 30
0.0
 10
1017.080912896758
 20
510.330853662348
 30
0.0
 10
1017.080912896758
 20
510.330853662348
 30
0.0
 10
1015.745616506652
 20
511.6635369479691
 30
0.0
 10
1013.934212480001
 20
512.4140205550886
 30
0.0
 10
1012.048073665183
 20
512.4140205550886
 30
0.0
  0
SPLINE
  5
756
330
1F
100
AcDbEntity
  8
ºöåçæÄ
370
     0
100
AcDbSpline
210
0.0
220
0.0
230
0.0
 70
    24
 71
     3
 72
     8
 73
     4
 74
     0
 42
0.000000001
 43
0.0000000001
 40
0.0
 40
0.0
 40
0.0
 40
0.0
 40
1.0
 40
1.0
 40
1.0
 40
1.0
 10
968.8283707811493
 20
511.5370626910586
 30
0.0
 10
968.8283707811493
 20
511.5370626910586
 30
0.0
 10
967.2296734592876
 20
513.1979518995688
 30
0.0
 10
967.2296734592876
 20
513.1979518995688
 30
0.0
  0
SPLINE
  5
757
330
1F
100
AcDbEntity
  8
ºöåçæÄ
370
     0
100
AcDbSpline
210
0.0
220
0.0
230
0.0
 70
    24
 71
     3
 72
     8
 73
     4
 74
     0
 42
0.000000001
 43
0.0000000001
 40
0.0
 40
0.0
 40
0.0
 40
0.0
 40
1.0
 40
1.0
 40
1.0
 40
1.0
 10
987.3511005885738
 20
521.1407442818729
 30
0.0
 10
987.3511005885738
 20
521.1407442818729
 30
0.0
 10
988.5343142978619
 20
519.4626085837823
 30
0.0
 10
988.5343142978619
 20
519.4626085837823
 30
0.0
  0
SPLINE
  5
758
330
1F
100
AcDbEntity
  8
ºöåçæÄ
370
     0
100
AcDbSpline
210
0.0
220
0.0
230
0.0
 70
    24
 71
     3
 72
     8
 73
     4
 74
     0
 42
0.000000001
 43
0.0000000001
 40
0.0
 40
0.0
 40
0.0
 40
0.0
 40
1.0
 40
1.0
 40
1.0
 40
1.0
 10
967.2317639428708
 20
513.1963840368812
 30
0.0
 10
967.2317639428708
 20
513.1963840368812
 30
0.0
 10
965.9435034334517
 20
511.9551594081179
 30
0.0
 10
965.9435034334517
 20
511.9551594081179
 30
0.0
  0
SPLINE
  5
759
330
1F
100
AcDbEntity
  8
ºöåçæÄ
370
     0
100
AcDbSpline
210
0.0
220
0.0
230
0.0
 70
    24
 71
     3
 72
     8
 73
     4
 74
     0
 42
0.000000001
 43
0.0000000001
 40
0.0
 40
0.0
 40
0.0
 40
0.0
 40
1.0
 40
1.0
 40
1.0
 40
1.0
 10
1006.553237561247
 20
509.5160876849798
 30
0.0
 10
1006.553237561247
 20
509.5160876849798
 30
0.0
 10
1008.154025366678
 20
511.0572967082345
 30
0.0
 10
1008.154025366678
 20
511.0572967082345
 30
0.0
  0
SPLINE
  5
75A
330
1F
100
AcDbEntity
  8
ºöåçæÄ
370
     0
100
AcDbSpline
210
0.0
220
0.0
230
0.0
 70
    24
 71
     3
 72
     8
 73
     4
 74
     0
 42
0.000000001
 43
0.0000000001
 40
0.0
 40
0.0
 40
0.0
 40
0.0
 40
1.0
 40
1.0
 40
1.0
 40
1.0
 10
988.5343142978619
 20
519.4626085837823
 30
0.0
 10
988.5343142978619
 20
519.4626085837823
 30
0.0
 10
988.5343142978619
 20
507.6006820999616
 30
0.0
 10
988.5343142978619
 20
507.6006820999616
 30
0.0
  0
SPLINE
  5
75B
330
1F
100
AcDbEntity
  8
ºöåçæÄ
370
     0
100
AcDbSpline
210
0.0
220
0.0
230
0.0
 70
    24
 71
     3
 72
     8
 73
     4
 74
     0
 42
0.000000001
 43
0.0000000001
 40
0.0
 40
0.0
 40
0.0
 40
0.0
 40
1.0
 40
1.0
 40
1.0
 40
1.0
 10
985.5470132544787
 20
522.0511498832653
 30
0.0
 10
985.5470132544787
 20
522.0511498832653
 30
0.0
 10
985.5470132544787
 20
513.5303387896311
 30
0.0
 10
985.5470132544787
 20
513.5303387896311
 30
0.0
  0
SPLINE
  5
75C
330
1F
100
AcDbEntity
  8
ºöåçæÄ
370
     0
100
AcDbSpline
210
0.0
220
0.0
230
0.0
 70
    24
 71
     3
 72
     8
 73
     4
 74
     0
 42
0.000000001
 43
0.0000000001
 40
0.0
 40
0.0
 40
0.0
 40
0.0
 40
1.0
 40
1.0
 40
1.0
 40
1.0
 10
1009.448557326869
 20
509.7068443121375
 30
0.0
 10
1009.448557326869
 20
509.7068443121375
 30
0.0
 10
1007.355460637107
 20
507.6926633777126
 30
0.0
 10
1007.355460637107
 20
507.6926633777126
 30
0.0
  0
SPLINE
  5
75D
330
1F
100
AcDbEntity
  8
ºöåçæÄ
370
     0
100
AcDbSpline
210
0.0
220
0.0
230
0.0
 70
    24
 71
     3
 72
     8
 73
     4
 74
     0
 42
0.000000001
 43
0.0000000001
 40
0.0
 40
0.0
 40
0.0
 40
0.0
 40
1.0
 40
1.0
 40
1.0
 40
1.0
 10
1017.255990897037
 20
525.5406896080078
 30
0.0
 10
1017.255990897037
 20
525.5406896080078
 30
0.0
 10
963.1516626052819
 20
525.5406896080078
 30
0.0
 10
963.1516626052819
 20
525.5406896080078
 30
0.0
  0
SPLINE
  5
75E
330
1F
100
AcDbEntity
  8
ºöåçæÄ
370
     0
100
AcDbSpline
210
0.0
220
0.0
230
0.0
 70
    24
 71
     3
 72
     8
 73
     4
 74
     0
 42
0.000000001
 43
0.0000000001
 40
0.0
 40
0.0
 40
0.0
 40
0.0
 40
1.0
 40
1.0
 40
1.0
 40
1.0
 10
985.1074890806696
 20
510.6632405524067
 30
0.0
 10
985.1074890806696
 20
510.6632405524067
 30
0.0
 10
985.1074890806696
 20
508.9871953379021
 30
0.0
 10
985.1074890806696
 20
508.9871953379021
 30
0.0
  0
SPLINE
  5
75F
330
1F
100
AcDbEntity
  8
ºöåçæÄ
370
     0
100
AcDbSpline
210
0.0
220
0.0
230
0.0
 70
    24
 71
     3
 72
     8
 73
     4
 74
     0
 42
0.000000001
 43
0.0000000001
 40
0.0
 40
0.0
 40
0.0
 40
0.0
 40
1.0
 40
1.0
 40
1.0
 40
1.0
 10
990.7439554475065
 20
508.5607366865056
 30
0.0
 10
990.7439554475065
 20
508.5607366865056
 30
0.0
 10
990.6880350115924
 20
507.5829129894843
 30
0.0
 10
990.6880350115924
 20
507.5829129894843
 30
0.0
  0
SPLINE
  5
760
330
1F
100
AcDbEntity
  8
ºöåçæÄ
370
     0
100
AcDbSpline
210
0.0
220
0.0
230
0.0
 70
    24
 71
     3
 72
     8
 73
     4
 74
     0
 42
0.000000001
 43
0.0000000001
 40
0.0
 40
0.0
 40
0.0
 40
0.0
 40
1.0
 40
1.0
 40
1.0
 40
1.0
 10
965.9414129498539
 20
511.9551594081179
 30
0.0
 10
965.9414129498539
 20
511.9551594081179
 30
0.0
 10
967.8296422482622
 20
509.9942858051156
 30
0.0
 10
967.8296422482622
 20
509.9942858051156
 30
0.0
  0
SPLINE
  5
761
330
1F
100
AcDbEntity
  8
ºöåçæÄ
370
     0
100
AcDbSpline
210
0.0
220
0.0
230
0.0
 70
    24
 71
     3
 72
     8
 73
     4
 74
     0
 42
0.000000001
 43
0.0000000001
 40
0.0
 40
0.0
 40
0.0
 40
0.0
 40
1.0
 40
1.0
 40
1.0
 40
1.0
 10
994.942169107658
 20
511.0123513111516
 30
0.0
 10
994.942169107658
 20
511.0123513111516
 30
0.0
 10
994.942169107658
 20
512.4140205550886
 30
0.0
 10
994.942169107658
 20
512.4140205550886
 30
0.0
  0
SPLINE
  5
762
330
1F
100
AcDbEntity
  8
ºöåçæÄ
370
     0
100
AcDbSpline
210
0.0
220
0.0
230
0.0
 70
    24
 71
     3
 72
     8
 73
     4
 74
     0
 42
0.000000001
 43
0.0000000001
 40
0.0
 40
0.0
 40
0.0
 40
0.0
 40
1.0
 40
1.0
 40
1.0
 40
1.0
 10
968.8262802975549
 20
511.5354948283694
 30
0.0
 10
968.8262802975549
 20
511.5354948283694
 30
0.0
 10
1006.551669698564
 20
509.5145198222944
 30
0.0
 10
1006.551669698564
 20
509.5145198222944
 30
0.0
  0
SPLINE
  5
763
330
1F
100
AcDbEntity
  8
ºöåçæÄ
370
     0
100
AcDbSpline
210
0.0
220
0.0
230
0.0
 70
    24
 71
     3
 72
     8
 73
     4
 74
     0
 42
0.000000001
 43
0.0000000001
 40
0.0
 40
0.0
 40
0.0
 40
0.0
 40
1.0
 40
1.0
 40
1.0
 40
1.0
 10
984.2869742734585
 20
508.9354558691677
 30
0.0
 10
984.2869742734585
 20
508.9354558691677
 30
0.0
 10
990.7439554475065
 20
508.5607366865056
 30
0.0
 10
990.7439554475065
 20
508.5607366865056
 30
0.0
  0
SPLINE
  5
764
330
1F
100
AcDbEntity
  8
ºöåçæÄ
370
     0
100
AcDbSpline
210
0.0
220
0.0
230
0.0
 70
    24
 71
     3
 72
     8
 73
     4
 74
     0
 42
0.000000001
 43
0.0000000001
 40
0.0
 40
0.0
 40
0.0
 40
0.0
 40
1.0
 40
1.0
 40
1.0
 40
1.0
 10
1019.259719413523
 20
513.5303387896311
 30
0.0
 10
1019.259719413523
 20
513.5303387896311
 30
0.0
 10
1019.259719413523
 20
523.5364384706111
 30
0.0
 10
1019.259719413523
 20
523.5364384706111
 30
0.0
  0
SPLINE
  5
765
330
1F
100
AcDbEntity
  8
ºöåçæÄ
370
     0
100
AcDbSpline
210
0.0
220
0.0
230
0.0
 70
    24
 71
     3
 72
     8
 73
     4
 74
     0
 42
0.000000001
 43
0.0000000001
 40
0.0
 40
0.0
 40
0.0
 40
0.0
 40
1.0
 40
1.0
 40
1.0
 40
1.0
 10
1012.033440280088
 20
511.0123513111516
 30
0.0
 10
1012.033440280088
 20
511.0123513111516
 30
0.0
 10
994.9400786240746
 20
511.0123513111516
 30
0.0
 10
994.9400786240746
 20
511.0123513111516
 30
0.0
  0
SPLINE
  5
766
330
1F
100
AcDbEntity
  8
ºöåçæÄ
370
     0
100
AcDbSpline
210
0.0
220
0.0
230
0.0
 70
    24
 71
     3
 72
     8
 73
     4
 74
     0
 42
0.000000001
 43
0.0000000001
 40
0.0
 40
0.0
 40
0.0
 40
0.0
 40
1.0
 40
1.0
 40
1.0
 40
1.0
 10
1017.759797441077
 20
493.4172735946778
 30
0.0
 10
1017.759797441077
 20
493.4172735946778
 30
0.0
 10
1017.759797441077
 20
505.2990596725589
 30
0.0
 10
1017.759797441077
 20
505.2990596725589
 30
0.0
  0
SPLINE
  5
767
330
1F
100
AcDbEntity
  8
ºöåçæÄ
370
     0
100
AcDbSpline
210
0.0
220
0.0
230
0.0
 70
    24
 71
     3
 72
     8
 73
     4
 74
     0
 42
0.000000001
 43
0.0000000001
 40
0.0
 40
0.0
 40
0.0
 40
0.0
 40
1.0
 40
1.0
 40
1.0
 40
1.0
 10
984.8331131101025
 20
507.6006820999616
 30
0.0
 10
984.8331131101025
 20
507.6006820999616
 30
0.0
 10
989.8351177088144
 20
507.6006820999616
 30
0.0
 10
989.8351177088144
 20
507.6006820999616
 30
0.0
  0
SPLINE
  5
768
330
1F
100
AcDbEntity
  8
ºöåçæÄ
370
     0
100
AcDbSpline
210
0.0
220
0.0
230
0.0
 70
    24
 71
     3
 72
     8
 73
     4
 74
     0
 42
0.000000001
 43
0.0000000001
 40
0.0
 40
0.0
 40
0.0
 40
0.0
 40
1.0
 40
1.0
 40
1.0
 40
1.0
 10
990.6859445280122
 20
507.5855260939693
 30
0.0
 10
990.6859445280122
 20
507.5855260939693
 30
0.0
 10
984.2284407330664
 20
507.9602452766311
 30
0.0
 10
984.2284407330664
 20
507.9602452766311
 30
0.0
  0
SPLINE
  5
769
330
1F
100
AcDbEntity
  8
ºöåçæÄ
370
     0
100
AcDbSpline
210
0.0
220
0.0
230
0.0
 70
    24
 71
     3
 72
     8
 73
     4
 74
     0
 42
0.000000001
 43
0.0000000001
 40
0.0
 40
0.0
 40
0.0
 40
0.0
 40
1.0
 40
1.0
 40
1.0
 40
1.0
 10
1019.161466685008
 20
493.4172735946778
 30
0.0
 10
1019.161466685008
 20
493.4172735946778
 30
0.0
 10
1017.759797441077
 20
493.4172735946778
 30
0.0
 10
1017.759797441077
 20
493.4172735946778
 30
0.0
  0
SPLINE
  5
76A
330
1F
100
AcDbEntity
  8
ºöåçæÄ
370
     0
100
AcDbSpline
210
0.0
220
0.0
230
0.0
 70
    24
 71
     3
 72
     8
 73
     4
 74
     0
 42
0.000000001
 43
0.0000000001
 40
0.0
 40
0.0
 40
0.0
 40
0.0
 40
1.0
 40
1.0
 40
1.0
 40
1.0
 10
1019.161466685008
 20
505.2990596725589
 30
0.0
 10
1019.161466685008
 20
505.2990596725589
 30
0.0
 10
1019.161466685008
 20
493.4172735946778
 30
0.0
 10
1019.161466685008
 20
493.4172735946778
 30
0.0
  0
SPLINE
  5
76B
330
1F
100
AcDbEntity
  8
ºöåçæÄ
370
     0
100
AcDbSpline
210
0.0
220
0.0
230
0.0
 70
    24
 71
     3
 72
     8
 73
     4
 74
     0
 42
0.000000001
 43
0.0000000001
 40
0.0
 40
0.0
 40
0.0
 40
0.0
 40
1.0
 40
1.0
 40
1.0
 40
1.0
 10
1007.352847532615
 20
507.6947538612978
 30
0.0
 10
1007.352847532615
 20
507.6947538612978
 30
0.0
 10
967.8275517646719
 20
509.996898909596
 30
0.0
 10
967.8275517646719
 20
509.996898909596
 30
0.0
  0
SPLINE
  5
76C
330
1F
100
AcDbEntity
  8
ºöåçæÄ
370
     0
100
AcDbSpline
210
0.0
220
0.0
230
0.0
 70
    24
 71
     3
 72
     8
 73
     4
 74
     0
 42
0.000000001
 43
0.0000000001
 40
0.0
 40
0.0
 40
0.0
 40
0.0
 40
1.0
 40
1.0
 40
1.0
 40
1.0
 10
964.0510931678619
 20
513.5329518941126
 30
0.0
 10
964.0510931678619
 20
513.5329518941126
 30
0.0
 10
1019.259719413523
 20
513.5329518941126
 30
0.0
 10
1019.259719413523
 20
513.5329518941126
 30
0.0
  0
SPLINE
  5
76D
330
1F
100
AcDbEntity
  8
ºöåçæÄ
370
     0
100
AcDbSpline
210
0.0
220
0.0
230
0.0
 70
    24
 71
     3
 72
     8
 73
     4
 74
     0
 42
0.000000001
 43
0.0000000001
 40
0.0
 40
0.0
 40
0.0
 40
0.0
 40
1.0
 40
1.0
 40
1.0
 40
1.0
 10
986.1934953032282
 20
519.4646990673659
 30
0.0
 10
986.1934953032282
 20
519.4646990673659
 30
0.0
 10
987.3469196214101
 20
521.1428347654575
 30
0.0
 10
987.3469196214101
 20
521.1428347654575
 30
0.0
  0
SPLINE
  5
76E
330
1F
100
AcDbEntity
  8
ºöåçæÄ
370
     0
100
AcDbSpline
210
0.0
220
0.0
230
0.0
 70
    24
 71
     3
 72
     8
 73
     4
 74
     0
 42
0.000000001
 43
0.0000000001
 40
0.0
 40
0.0
 40
0.0
 40
0.0
 40
1.0
 40
1.0
 40
1.0
 40
1.0
 10
994.9400786240746
 20
512.4161110386721
 30
0.0
 10
994.9400786240746
 20
512.4161110386721
 30
0.0
 10
1012.033440280088
 20
512.4161110386721
 30
0.0
 10
1012.033440280088
 20
512.4161110386721
 30
0.0
  0
SPLINE
  5
76F
330
1F
100
AcDbEntity
  8
ºöåçæÄ
370
     0
100
AcDbSpline
210
0.0
220
0.0
230
0.0
 70
    24
 71
     3
 72
     8
 73
     4
 74
     0
 42
0.000000001
 43
0.0000000001
 40
0.0
 40
0.0
 40
0.0
 40
0.0
 40
1.0
 40
1.0
 40
1.0
 40
1.0
 10
986.1934953032282
 20
519.4646990673659
 30
0.0
 10
986.1934953032282
 20
519.4646990673659
 30
0.0
 10
986.1934953032282
 20
507.6027725835452
 30
0.0
 10
986.1934953032282
 20
507.6027725835452
 30
0.0
  0
SPLINE
  5
770
330
1F
100
AcDbEntity
  8
ºöåçæÄ
370
     0
100
AcDbSpline
210
0.0
220
0.0
230
0.0
 70
    24
 71
     3
 72
     8
 73
     4
 74
     0
 42
0.000000001
 43
0.0000000001
 40
0.0
 40
0.0
 40
0.0
 40
0.0
 40
1.0
 40
1.0
 40
1.0
 40
1.0
 10
989.3914125678207
 20
522.0537629877472
 30
0.0
 10
989.3914125678207
 20
522.0537629877472
 30
0.0
 10
985.5444001499943
 20
522.0537629877472
 30
0.0
 10
985.5444001499943
 20
522.0537629877472
 30
0.0
  0
SPLINE
  5
771
330
1F
100
AcDbEntity
  8
ºöåçæÄ
370
     0
100
AcDbSpline
210
0.0
220
0.0
230
0.0
 70
    24
 71
     3
 72
     8
 73
     4
 74
     0
 42
0.000000001
 43
0.0000000001
 40
0.0
 40
0.0
 40
0.0
 40
0.0
 40
1.0
 40
1.0
 40
1.0
 40
1.0
 10
1008.152457503985
 20
511.0572967082345
 30
0.0
 10
1008.152457503985
 20
511.0572967082345
 30
0.0
 10
1009.448557326869
 20
509.7094574166209
 30
0.0
 10
1009.448557326869
 20
509.7094574166209
 30
0.0
  0
SPLINE
  5
772
330
1F
100
AcDbEntity
  8
ºöåçæÄ
370
     0
100
AcDbSpline
210
0.0
220
0.0
230
0.0
 70
    24
 71
     3
 72
     8
 73
     4
 74
     0
 42
0.000000001
 43
0.0000000001
 40
0.0
 40
0.0
 40
0.0
 40
0.0
 40
1.0
 40
1.0
 40
1.0
 40
1.0
 10
984.2885421361376
 20
508.9396368363398
 30
0.0
 10
984.2885421361376
 20
508.9396368363398
 30
0.0
 10
984.2326217002227
 20
507.9628583811127
 30
0.0
 10
984.2326217002227
 20
507.9628583811127
 30
0.0
  0
SPLINE
  5
773
330
1F
100
AcDbEntity
  8
ºöåçæÄ
370
     0
100
AcDbSpline
210
0.0
220
0.0
230
0.0
 70
    24
 71
     3
 72
     8
 73
     4
 74
     0
 42
0.000000001
 43
0.0000000001
 40
0.0
 40
0.0
 40
0.0
 40
0.0
 40
1.0
 40
1.0
 40
1.0
 40
1.0
 10
989.3914125678207
 20
513.5329518941126
 30
0.0
 10
989.3914125678207
 20
513.5329518941126
 30
0.0
 10
989.3914125678207
 20
522.0537629877472
 30
0.0
 10
989.3914125678207
 20
522.0537629877472
 30
0.0
  0
SPLINE
  5
774
330
1F
100
AcDbEntity
  8
ºöåçæÄ
370
     0
100
AcDbSpline
210
0.0
220
0.0
230
0.0
 70
    24
 71
     3
 72
     8
 73
     4
 74
     0
 42
0.000000001
 43
0.0000000001
 40
0.0
 40
0.0
 40
0.0
 40
0.0
 40
1.0
 40
1.0
 40
1.0
 40
1.0
 10
989.8068961804119
 20
510.4144730057578
 30
0.0
 10
989.8068961804119
 20
510.4144730057578
 30
0.0
 10
989.8068961804119
 20
508.7175229553998
 30
0.0
 10
989.8068961804119
 20
508.7175229553998
 30
0.0
  0
SPLINE
  5
775
330
1F
100
AcDbEntity
  8
ºöåçæÄ
370
     0
100
AcDbSpline
210
0.0
220
0.0
230
0.0
 70
    24
 71
     3
 72
     8
 73
     4
 74
     0
 42
0.000000001
 43
0.0000000001
 40
0.0
 40
0.0
 40
0.0
 40
0.0
 40
1.0
 40
1.0
 40
1.0
 40
1.0
 10
994.942169107658
 20
512.4161110386721
 30
0.0
 10
994.942169107658
 20
512.4161110386721
 30
0.0
 10
993.3095014275446
 20
513.5329518941126
 30
0.0
 10
993.3095014275446
 20
513.5329518941126
 30
0.0
  0
SPLINE
  5
776
330
1F
100
AcDbEntity
  8
ºöåçæÄ
370
     0
100
AcDbSpline
210
0.0
220
0.0
230
1.0
 70
     8
 71
     3
 72
    12
 73
     8
 74
     0
 42
0.000000001
 43
0.0000000001
 40
0.0
 40
0.0
 40
0.0
 40
0.0
 40
0.3333333333333333
 40
0.3333333333333333
 40
0.3333333333333333
 40
0.3333333433333333
 40
1.0
 40
1.0
 40
1.0
 40
1.0
 10
964.0537062723327
 20
513.5329518941126
 30
0.0
 10
962.6990729090705
 20
516.1408301667596
 30
0.0
 10
964.1305315440932
 20
518.2903699133317
 30
0.0
 10
964.5209293536535
 20
520.8125383589807
 30
0.0
 10
964.5209293536535
 20
520.8125383589807
 30
0.0
 10
964.7885112525695
 20
522.5445040093926
 30
0.0
 10
964.563261646254
 20
524.4536381436581
 30
0.0
 10
963.1516626052819
 20
525.5422574706967
 30
0.0
  0
SPLINE
  5
777
330
1F
100
AcDbEntity
  8
ºöåçæÄ
370
     0
100
AcDbSpline
210
0.0
220
0.0
230
1.0
 70
    11
 71
     3
 72
    28
 73
    24
 74
     0
 42
0.000000001
 43
0.0000000001
 40
0.0
 40
0.0
 40
0.0
 40
0.0
 40
0.1428571428571428
 40
0.1428571428571428
 40
0.1428571428571428
 40
0.1428571528571428
 40
0.2857142857142857
 40
0.2857142857142857
 40
0.2857142857142857
 40
0.2857142957142857
 40
0.428571428571429
 40
0.428571428571429
 40
0.428571428571429
 40
0.4285714385714289
 40
0.5714285714285714
 40
0.5714285714285714
 40
0.5714285714285714
 40
0.5714285814285715
 40
0.7142857142857145
 40
0.7142857142857145
 40
0.7142857142857145
 40
0.7142857242857146
 40
1.0
 40
1.0
 40
1.0
 40
1.0
 10
963.7746267137002
 20
524.7823666874442
 30
0.0
 10
963.7746267137002
 20
524.7823666874442
 30
0.0
 10
964.0427312335139
 20
524.7823666874442
 30
0.0
 10
964.0427312335139
 20
524.7823666874442
 30
0.0
 10
964.0427312335139
 20
524.7823666874442
 30
0.0
 10
964.0427312335139
 20
524.9302684011039
 30
0.0
 10
963.922528427375
 20
525.0504712072556
 30
0.0
 10
963.7746267137002
 20
525.0504712072556
 30
0.0
 10
963.7746267137002
 20
525.0504712072556
 30
0.0
 10
963.6272476209404
 20
525.0504712072556
 30
0.0
 10
963.5070448147839
 20
524.9302684011039
 30
0.0
 10
963.5070448147839
 20
524.7823666874442
 30
0.0
 10
963.5070448147839
 20
524.7823666874442
 30
0.0
 10
963.5070448147839
 20
524.6349875946798
 30
0.0
 10
963.6272476209404
 20
524.5147847885273
 30
0.0
 10
963.7746267137002
 20
524.5147847885273
 30
0.0
 10
963.7746267137002
 20
524.5147847885273
 30
0.0
 10
963.922528427375
 20
524.5147847885273
 30
0.0
 10
964.0427312335139
 20
524.6349875946798
 30
0.0
 10
964.0427312335139
 20
524.7823666874442
 30
0.0
 10
964.0427312335139
 20
524.7823666874442
 30
0.0
 10
964.0427312335139
 20
524.7823666874442
 30
0.0
 10
963.7746267137002
 20
524.7823666874442
 30
0.0
 10
963.7746267137002
 20
524.7823666874442
 30
0.0
  0
SPLINE
  5
778
330
1F
100
AcDbEntity
  8
ºöåçæÄ
370
     0
100
AcDbSpline
210
0.0
220
0.0
230
0.0
 70
    24
 71
     3
 72
     8
 73
     4
 74
     0
 42
0.000000001
 43
0.0000000001
 40
0.0
 40
0.0
 40
0.0
 40
0.0
 40
1.0
 40
1.0
 40
1.0
 40
1.0
 10
964.2188544755738
 20
525.2255492075253
 30
0.0
 10
964.2188544755738
 20
525.2255492075253
 30
0.0
 10
964.5376532223396
 20
525.544870575178
 30
0.0
 10
964.5376532223396
 20
525.544870575178
 30
0.0
  0
SPLINE
  5
779
330
1F
100
AcDbEntity
  8
ºöåçæÄ
370
     0
100
AcDbSpline
210
0.0
220
0.0
230
0.0
 70
    24
 71
     3
 72
     8
 73
     4
 74
     0
 42
0.000000001
 43
0.0000000001
 40
0.0
 40
0.0
 40
0.0
 40
0.0
 40
1.0
 40
1.0
 40
1.0
 40
1.0
 10
964.5611711626598
 20
522.8810718666233
 30
0.0
 10
964.5611711626598
 20
522.8810718666233
 30
0.0
 10
966.5675127836443
 20
524.8889813502938
 30
0.0
 10
966.5675127836443
 20
524.8889813502938
 30
0.0
  0
SPLINE
  5
77A
330
1F
100
AcDbEntity
  8
ºöåçæÄ
370
     0
100
AcDbSpline
210
0.0
220
0.0
230
1.0
 70
    11
 71
     3
 72
    28
 73
    24
 74
     0
 42
0.000000001
 43
0.0000000001
 40
0.0
 40
0.0
 40
0.0
 40
0.0
 40
0.1428571428571428
 40
0.1428571428571428
 40
0.1428571428571428
 40
0.1428571528571428
 40
0.2857142857142857
 40
0.2857142857142857
 40
0.2857142857142857
 40
0.2857142957142857
 40
0.428571428571429
 40
0.428571428571429
 40
0.428571428571429
 40
0.4285714385714289
 40
0.5714285714285714
 40
0.5714285714285714
 40
0.5714285714285714
 40
0.5714285814285715
 40
0.7142857142857145
 40
0.7142857142857145
 40
0.7142857142857145
 40
0.7142857242857146
 40
1.0
 40
1.0
 40
1.0
 40
1.0
 10
967.2228793876357
 20
525.5453931960726
 30
0.0
 10
967.2228793876357
 20
525.5453931960726
 30
0.0
 10
967.4909839074459
 20
525.5453931960726
 30
0.0
 10
967.4909839074459
 20
525.5453931960726
 30
0.0
 10
967.4909839074459
 20
525.5453931960726
 30
0.0
 10
967.4909839074459
 20
525.6932949097318
 30
0.0
 10
967.3702584803956
 20
525.8134977158893
 30
0.0
 10
967.2228793876357
 20
525.8134977158893
 30
0.0
 10
967.2228793876357
 20
525.8134977158893
 30
0.0
 10
967.0749776739782
 20
525.8134977158893
 30
0.0
 10
966.9547748678327
 20
525.6932949097318
 30
0.0
 10
966.9547748678327
 20
525.5453931960726
 30
0.0
 10
966.9547748678327
 20
525.5453931960726
 30
0.0
 10
966.9547748678327
 20
525.3980141033118
 30
0.0
 10
967.0749776739782
 20
525.2778112971575
 30
0.0
 10
967.2228793876357
 20
525.2778112971575
 30
0.0
 10
967.2228793876357
 20
525.2778112971575
 30
0.0
 10
967.3702584803956
 20
525.2778112971575
 30
0.0
 10
967.4909839074459
 20
525.3980141033118
 30
0.0
 10
967.4909839074459
 20
525.5453931960726
 30
0.0
 10
967.4909839074459
 20
525.5453931960726
 30
0.0
 10
967.4909839074459
 20
525.5453931960726
 30
0.0
 10
967.2228793876357
 20
525.5453931960726
 30
0.0
 10
967.2228793876357
 20
525.5453931960726
 30
0.0
  0
SPLINE
  5
77B
330
1F
100
AcDbEntity
  8
ºöåçæÄ
370
     0
100
AcDbSpline
210
0.0
220
0.0
230
0.0
 70
    24
 71
     3
 72
     8
 73
     4
 74
     0
 42
0.000000001
 43
0.0000000001
 40
0.0
 40
0.0
 40
0.0
 40
0.0
 40
1.0
 40
1.0
 40
1.0
 40
1.0
 10
964.3364441772487
 20
519.9705960950075
 30
0.0
 10
964.3364441772487
 20
519.9705960950075
 30
0.0
 10
965.5598996955324
 20
521.1940516132973
 30
0.0
 10
965.5598996955324
 20
521.1940516132973
 30
0.0
  0
SPLINE
  5
77C
330
1F
100
AcDbEntity
  8
ºöåçæÄ
370
     0
100
AcDbSpline
210
0.0
220
0.0
230
1.0
 70
    11
 71
     3
 72
    28
 73
    24
 74
     0
 42
0.000000001
 43
0.0000000001
 40
0.0
 40
0.0
 40
0.0
 40
0.0
 40
0.1428571428571428
 40
0.1428571428571428
 40
0.1428571428571428
 40
0.1428571528571428
 40
0.2857142857142857
 40
0.2857142857142857
 40
0.2857142857142857
 40
0.2857142957142857
 40
0.428571428571429
 40
0.428571428571429
 40
0.428571428571429
 40
0.4285714385714289
 40
0.5714285714285714
 40
0.5714285714285714
 40
0.5714285714285714
 40
0.5714285814285715
 40
0.7142857142857145
 40
0.7142857142857145
 40
0.7142857142857145
 40
0.7142857242857146
 40
1.0
 40
1.0
 40
1.0
 40
1.0
 10
966.2330354100019
 20
521.8677099486576
 30
0.0
 10
966.2330354100019
 20
521.8677099486576
 30
0.0
 10
966.5011399298157
 20
521.8677099486576
 30
0.0
 10
966.5011399298157
 20
521.8677099486576
 30
0.0
 10
966.5011399298157
 20
521.8677099486576
 30
0.0
 10
966.5011399298157
 20
522.0156116623155
 30
0.0
 10
966.3809371236594
 20
522.1358144684677
 30
0.0
 10
966.2330354100019
 20
522.1358144684677
 30
0.0
 10
966.2330354100019
 20
522.1358144684677
 30
0.0
 10
966.0856563172457
 20
522.1358144684677
 30
0.0
 10
965.9654535110858
 20
522.0156116623155
 30
0.0
 10
965.9654535110858
 20
521.8677099486576
 30
0.0
 10
965.9654535110858
 20
521.8677099486576
 30
0.0
 10
965.9654535110858
 20
521.720330855893
 30
0.0
 10
966.0856563172457
 20
521.5996054288431
 30
0.0
 10
966.2330354100019
 20
521.5996054288431
 30
0.0
 10
966.2330354100019
 20
521.5996054288431
 30
0.0
 10
966.3809371236594
 20
521.5996054288431
 30
0.0
 10
966.5011399298157
 20
521.720330855893
 30
0.0
 10
966.5011399298157
 20
521.8677099486576
 30
0.0
 10
966.5011399298157
 20
521.8677099486576
 30
0.0
 10
966.5011399298157
 20
521.8677099486576
 30
0.0
 10
966.2330354100019
 20
521.8677099486576
 30
0.0
 10
966.2330354100019
 20
521.8677099486576
 30
0.0
  0
SPLINE
  5
77D
330
1F
100
AcDbEntity
  8
ºöåçæÄ
370
     0
100
AcDbSpline
210
0.0
220
0.0
230
0.0
 70
    24
 71
     3
 72
     8
 73
     4
 74
     0
 42
0.000000001
 43
0.0000000001
 40
0.0
 40
0.0
 40
0.0
 40
0.0
 40
1.0
 40
1.0
 40
1.0
 40
1.0
 10
966.9040806408702
 20
522.5377099377408
 30
0.0
 10
966.9040806408702
 20
522.5377099377408
 30
0.0
 10
969.9101960365297
 20
525.544870575178
 30
0.0
 10
969.9101960365297
 20
525.544870575178
 30
0.0
  0
SPLINE
  5
77E
330
1F
100
AcDbEntity
  8
ºöåçæÄ
370
     0
100
AcDbSpline
210
0.0
220
0.0
230
0.0
 70
    24
 71
     3
 72
     8
 73
     4
 74
     0
 42
0.000000001
 43
0.0000000001
 40
0.0
 40
0.0
 40
0.0
 40
0.0
 40
1.0
 40
1.0
 40
1.0
 40
1.0
 10
963.5389246894529
 20
516.4878504419191
 30
0.0
 10
963.5389246894529
 20
516.4878504419191
 30
0.0
 10
964.5528092283255
 20
517.5017349807822
 30
0.0
 10
964.5528092283255
 20
517.5017349807822
 30
0.0
  0
SPLINE
  5
77F
330
1F
100
AcDbEntity
  8
ºöåçæÄ
370
     0
100
AcDbSpline
210
0.0
220
0.0
230
1.0
 70
    11
 71
     3
 72
    28
 73
    24
 74
     0
 42
0.000000001
 43
0.0000000001
 40
0.0
 40
0.0
 40
0.0
 40
0.0
 40
0.1428571428571428
 40
0.1428571428571428
 40
0.1428571428571428
 40
0.1428571528571428
 40
0.2857142857142857
 40
0.2857142857142857
 40
0.2857142857142857
 40
0.2857142957142857
 40
0.428571428571429
 40
0.428571428571429
 40
0.428571428571429
 40
0.4285714385714289
 40
0.5714285714285714
 40
0.5714285714285714
 40
0.5714285714285714
 40
0.5714285814285715
 40
0.7142857142857145
 40
0.7142857142857145
 40
0.7142857142857145
 40
0.7142857242857146
 40
1.0
 40
1.0
 40
1.0
 40
1.0
 10
965.2233318383032
 20
518.1727802116575
 30
0.0
 10
965.2233318383032
 20
518.1727802116575
 30
0.0
 10
965.4914363581275
 20
518.1727802116575
 30
0.0
 10
965.4914363581275
 20
518.1727802116575
 30
0.0
 10
965.4914363581275
 20
518.1727802116575
 30
0.0
 10
965.4914363581275
 20
518.3206819253189
 30
0.0
 10
965.3712335519678
 20
518.4408847314712
 30
0.0
 10
965.2233318383032
 20
518.4408847314712
 30
0.0
 10
965.2233318383032
 20
518.4408847314712
 30
0.0
 10
965.0759527455575
 20
518.4408847314712
 30
0.0
 10
964.9557499393907
 20
518.3206819253189
 30
0.0
 10
964.9557499393907
 20
518.1727802116575
 30
0.0
 10
964.9557499393907
 20
518.1727802116575
 30
0.0
 10
964.9557499393907
 20
518.0254011188967
 30
0.0
 10
965.0759527455575
 20
517.9051983127424
 30
0.0
 10
965.2233318383032
 20
517.9051983127424
 30
0.0
 10
965.2233318383032
 20
517.9051983127424
 30
0.0
 10
965.3712335519678
 20
517.9051983127424
 30
0.0
 10
965.4914363581275
 20
518.0254011188967
 30
0.0
 10
965.4914363581275
 20
518.1727802116575
 30
0.0
 10
965.4914363581275
 20
518.1727802116575
 30
0.0
 10
965.4914363581275
 20
518.1727802116575
 30
0.0
 10
965.2233318383032
 20
518.1727802116575
 30
0.0
 10
965.2233318383032
 20
518.1727802116575
 30
0.0
  0
SPLINE
  5
780
330
1F
100
AcDbEntity
  8
ºöåçæÄ
370
     0
100
AcDbSpline
210
0.0
220
0.0
230
0.0
 70
    24
 71
     3
 72
     8
 73
     4
 74
     0
 42
0.000000001
 43
0.0000000001
 40
0.0
 40
0.0
 40
0.0
 40
0.0
 40
1.0
 40
1.0
 40
1.0
 40
1.0
 10
965.8964675527723
 20
518.8427802007461
 30
0.0
 10
965.8964675527723
 20
518.8427802007461
 30
0.0
 10
969.2548294325343
 20
522.2011420805101
 30
0.0
 10
969.2548294325343
 20
522.2011420805101
 30
0.0
  0
SPLINE
  5
781
330
1F
100
AcDbEntity
  8
ºöåçæÄ
370
     0
100
AcDbSpline
210
0.0
220
0.0
230
1.0
 70
    11
 71
     3
 72
    28
 73
    24
 74
     0
 42
0.000000001
 43
0.0000000001
 40
0.0
 40
0.0
 40
0.0
 40
0.0
 40
0.1428571428571428
 40
0.1428571428571428
 40
0.1428571428571428
 40
0.1428571528571428
 40
0.2857142857142857
 40
0.2857142857142857
 40
0.2857142857142857
 40
0.2857142957142857
 40
0.428571428571429
 40
0.428571428571429
 40
0.428571428571429
 40
0.4285714385714289
 40
0.5714285714285714
 40
0.5714285714285714
 40
0.5714285714285714
 40
0.5714285814285715
 40
0.7142857142857145
 40
0.7142857142857145
 40
0.7142857142857145
 40
0.7142857242857146
 40
1.0
 40
1.0
 40
1.0
 40
1.0
 10
969.9253520425155
 20
522.8748004158691
 30
0.0
 10
969.9253520425155
 20
522.8748004158691
 30
0.0
 10
970.1934565623293
 20
522.8748004158691
 30
0.0
 10
970.1934565623293
 20
522.8748004158691
 30
0.0
 10
970.1934565623293
 20
522.8748004158691
 30
0.0
 10
970.1934565623293
 20
523.0227021295279
 30
0.0
 10
970.0732537561766
 20
523.1429049356818
 30
0.0
 10
969.9253520425155
 20
523.1429049356818
 30
0.0
 10
969.9253520425155
 20
523.1429049356818
 30
0.0
 10
969.7779729497558
 20
523.1429049356818
 30
0.0
 10
969.6577701435964
 20
523.0227021295279
 30
0.0
 10
969.6577701435964
 20
522.8748004158691
 30
0.0
 10
969.6577701435964
 20
522.8748004158691
 30
0.0
 10
969.6577701435964
 20
522.7274213231071
 30
0.0
 10
969.7779729497558
 20
522.6072185169522
 30
0.0
 10
969.9253520425155
 20
522.6072185169522
 30
0.0
 10
969.9253520425155
 20
522.6072185169522
 30
0.0
 10
970.0732537561766
 20
522.6072185169522
 30
0.0
 10
970.1934565623293
 20
522.7274213231071
 30
0.0
 10
970.1934565623293
 20
522.8748004158691
 30
0.0
 10
970.1934565623293
 20
522.8748004158691
 30
0.0
 10
970.1934565623293
 20
522.8748004158691
 30
0.0
 10
969.9253520425155
 20
522.8748004158691
 30
0.0
 10
969.9253520425155
 20
522.8748004158691
 30
0.0
  0
SPLINE
  5
782
330
1F
100
AcDbEntity
  8
ºöåçæÄ
370
     0
100
AcDbSpline
210
0.0
220
0.0
230
0.0
 70
    24
 71
     3
 72
     8
 73
     4
 74
     0
 42
0.000000001
 43
0.0000000001
 40
0.0
 40
0.0
 40
0.0
 40
0.0
 40
1.0
 40
1.0
 40
1.0
 40
1.0
 10
970.598487756971
 20
523.544800404954
 30
0.0
 10
970.598487756971
 20
523.544800404954
 30
0.0
 10
972.5980353063107
 20
525.544870575178
 30
0.0
 10
972.5980353063107
 20
525.544870575178
 30
0.0
  0
SPLINE
  5
783
330
1F
100
AcDbEntity
  8
ºöåçæÄ
370
     0
100
AcDbSpline
210
0.0
220
0.0
230
1.0
 70
    11
 71
     3
 72
    28
 73
    24
 74
     0
 42
0.000000001
 43
0.0000000001
 40
0.0
 40
0.0
 40
0.0
 40
0.0
 40
0.1428571428571428
 40
0.1428571428571428
 40
0.1428571428571428
 40
0.1428571528571428
 40
0.2857142857142857
 40
0.2857142857142857
 40
0.2857142857142857
 40
0.2857142957142857
 40
0.428571428571429
 40
0.428571428571429
 40
0.428571428571429
 40
0.4285714385714289
 40
0.5714285714285714
 40
0.5714285714285714
 40
0.5714285714285714
 40
0.5714285814285715
 40
0.7142857142857145
 40
0.7142857142857145
 40
0.7142857142857145
 40
0.7142857242857146
 40
1.0
 40
1.0
 40
1.0
 40
1.0
 10
964.2188544755738
 20
514.4783730955602
 30
0.0
 10
964.2188544755738
 20
514.4783730955602
 30
0.0
 10
964.4864363745003
 20
514.4783730955602
 30
0.0
 10
964.4864363745003
 20
514.4783730955602
 30
0.0
 10
964.4864363745003
 20
514.4783730955602
 30
0.0
 10
964.4864363745003
 20
514.6257521883221
 30
0.0
 10
964.3662335683407
 20
514.7459549944744
 30
0.0
 10
964.2188544755738
 20
514.7459549944744
 30
0.0
 10
964.2188544755738
 20
514.7459549944744
 30
0.0
 10
964.070952761927
 20
514.7459549944744
 30
0.0
 10
963.9507499557744
 20
514.6257521883221
 30
0.0
 10
963.9507499557744
 20
514.4783730955602
 30
0.0
 10
963.9507499557744
 20
514.4783730955602
 30
0.0
 10
963.9507499557744
 20
514.3304713819
 30
0.0
 10
964.070952761927
 20
514.210268575746
 30
0.0
 10
964.2188544755738
 20
514.210268575746
 30
0.0
 10
964.2188544755738
 20
514.210268575746
 30
0.0
 10
964.3662335683407
 20
514.210268575746
 30
0.0
 10
964.4864363745003
 20
514.3304713819
 30
0.0
 10
964.4864363745003
 20
514.4783730955602
 30
0.0
 10
964.4864363745003
 20
514.4783730955602
 30
0.0
 10
964.4864363745003
 20
514.4783730955602
 30
0.0
 10
964.2188544755738
 20
514.4783730955602
 30
0.0
 10
964.2188544755738
 20
514.4783730955602
 30
0.0
  0
SPLINE
  5
784
330
1F
100
AcDbEntity
  8
ºöåçæÄ
370
     0
100
AcDbSpline
210
0.0
220
0.0
230
0.0
 70
    24
 71
     3
 72
     8
 73
     4
 74
     0
 42
0.000000001
 43
0.0000000001
 40
0.0
 40
0.0
 40
0.0
 40
0.0
 40
1.0
 40
1.0
 40
1.0
 40
1.0
 10
964.8893770855586
 20
515.1504635682281
 30
0.0
 10
964.8893770855586
 20
515.1504635682281
 30
0.0
 10
968.2477389653239
 20
518.5062123435129
 30
0.0
 10
968.2477389653239
 20
518.5062123435129
 30
0.0
  0
SPLINE
  5
785
330
1F
100
AcDbEntity
  8
ºöåçæÄ
370
     0
100
AcDbSpline
210
0.0
220
0.0
230
1.0
 70
    11
 71
     3
 72
    28
 73
    24
 74
     0
 42
0.000000001
 43
0.0000000001
 40
0.0
 40
0.0
 40
0.0
 40
0.0
 40
0.1428571428571428
 40
0.1428571428571428
 40
0.1428571428571428
 40
0.1428571528571428
 40
0.2857142857142857
 40
0.2857142857142857
 40
0.2857142857142857
 40
0.2857142957142857
 40
0.428571428571429
 40
0.428571428571429
 40
0.428571428571429
 40
0.4285714385714289
 40
0.5714285714285714
 40
0.5714285714285714
 40
0.5714285714285714
 40
0.5714285814285715
 40
0.7142857142857145
 40
0.7142857142857145
 40
0.7142857142857145
 40
0.7142857242857146
 40
1.0
 40
1.0
 40
1.0
 40
1.0
 10
968.9182615753052
 20
519.1803932997681
 30
0.0
 10
968.9182615753052
 20
519.1803932997681
 30
0.0
 10
969.1863660951121
 20
519.1803932997681
 30
0.0
 10
969.1863660951121
 20
519.1803932997681
 30
0.0
 10
969.1863660951121
 20
519.1803932997681
 30
0.0
 10
969.1863660951121
 20
519.3277723925316
 30
0.0
 10
969.0661632889662
 20
519.4479751986848
 30
0.0
 10
968.9182615753052
 20
519.4479751986848
 30
0.0
 10
968.9182615753052
 20
519.4479751986848
 30
0.0
 10
968.7708824825417
 20
519.4479751986848
 30
0.0
 10
968.6506796763996
 20
519.3277723925316
 30
0.0
 10
968.6506796763996
 20
519.1803932997681
 30
0.0
 10
968.6506796763996
 20
519.1803932997681
 30
0.0
 10
968.6506796763996
 20
519.0324915861076
 30
0.0
 10
968.7708824825417
 20
518.9122887799554
 30
0.0
 10
968.9182615753052
 20
518.9122887799554
 30
0.0
 10
968.9182615753052
 20
518.9122887799554
 30
0.0
 10
969.0661632889662
 20
518.9122887799554
 30
0.0
 10
969.1863660951121
 20
519.0324915861076
 30
0.0
 10
969.1863660951121
 20
519.1803932997681
 30
0.0
 10
969.1863660951121
 20
519.1803932997681
 30
0.0
 10
969.1863660951121
 20
519.1803932997681
 30
0.0
 10
968.9182615753052
 20
519.1803932997681
 30
0.0
 10
968.9182615753052
 20
519.1803932997681
 30
0.0
  0
SPLINE
  5
786
330
1F
100
AcDbEntity
  8
ºöåçæÄ
370
     0
100
AcDbSpline
210
0.0
220
0.0
230
0.0
 70
    24
 71
     3
 72
     8
 73
     4
 74
     0
 42
0.000000001
 43
0.0000000001
 40
0.0
 40
0.0
 40
0.0
 40
0.0
 40
1.0
 40
1.0
 40
1.0
 40
1.0
 10
969.5913972897672
 20
519.8524837724386
 30
0.0
 10
969.5913972897672
 20
519.8524837724386
 30
0.0
 10
972.9497591695295
 20
523.2082325477223
 30
0.0
 10
972.9497591695295
 20
523.2082325477223
 30
0.0
  0
SPLINE
  5
787
330
1F
100
AcDbEntity
  8
ºöåçæÄ
370
     0
100
AcDbSpline
210
0.0
220
0.0
230
1.0
 70
    11
 71
     3
 72
    28
 73
    24
 74
     0
 42
0.000000001
 43
0.0000000001
 40
0.0
 40
0.0
 40
0.0
 40
0.0
 40
0.1428571428571428
 40
0.1428571428571428
 40
0.1428571428571428
 40
0.1428571528571428
 40
0.2857142857142857
 40
0.2857142857142857
 40
0.2857142857142857
 40
0.2857142957142857
 40
0.428571428571429
 40
0.428571428571429
 40
0.428571428571429
 40
0.4285714385714289
 40
0.5714285714285714
 40
0.5714285714285714
 40
0.5714285714285714
 40
0.5714285814285715
 40
0.7142857142857145
 40
0.7142857142857145
 40
0.7142857142857145
 40
0.7142857242857146
 40
1.0
 40
1.0
 40
1.0
 40
1.0
 10
973.6202817795247
 20
523.8803230203926
 30
0.0
 10
973.6202817795247
 20
523.8803230203926
 30
0.0
 10
973.8883862993384
 20
523.8803230203926
 30
0.0
 10
973.8883862993384
 20
523.8803230203926
 30
0.0
 10
973.8883862993384
 20
523.8803230203926
 30
0.0
 10
973.8883862993384
 20
524.0282247340508
 30
0.0
 10
973.7681834931647
 20
524.1484275402056
 30
0.0
 10
973.6202817795247
 20
524.1484275402056
 30
0.0
 10
973.6202817795247
 20
524.1484275402056
 30
0.0
 10
973.4729026867508
 20
524.1484275402056
 30
0.0
 10
973.3526998805984
 20
524.0282247340508
 30
0.0
 10
973.3526998805984
 20
523.8803230203926
 30
0.0
 10
973.3526998805984
 20
523.8803230203926
 30
0.0
 10
973.3526998805984
 20
523.7329439276281
 30
0.0
 10
973.4729026867508
 20
523.6122185005775
 30
0.0
 10
973.6202817795247
 20
523.6122185005775
 30
0.0
 10
973.6202817795247
 20
523.6122185005775
 30
0.0
 10
973.7681834931647
 20
523.6122185005775
 30
0.0
 10
973.8883862993384
 20
523.7329439276281
 30
0.0
 10
973.8883862993384
 20
523.8803230203926
 30
0.0
 10
973.8883862993384
 20
523.8803230203926
 30
0.0
 10
973.8883862993384
 20
523.8803230203926
 30
0.0
 10
973.6202817795247
 20
523.8803230203926
 30
0.0
 10
973.6202817795247
 20
523.8803230203926
 30
0.0
  0
SPLINE
  5
788
330
1F
100
AcDbEntity
  8
ºöåçæÄ
370
     0
100
AcDbSpline
210
0.0
220
0.0
230
0.0
 70
    24
 71
     3
 72
     8
 73
     4
 74
     0
 42
0.000000001
 43
0.0000000001
 40
0.0
 40
0.0
 40
0.0
 40
0.0
 40
1.0
 40
1.0
 40
1.0
 40
1.0
 10
974.2913270103896
 20
524.5524134930612
 30
0.0
 10
974.2913270103896
 20
524.5524134930612
 30
0.0
 10
975.2832614716105
 20
525.544870575178
 30
0.0
 10
975.2832614716105
 20
525.544870575178
 30
0.0
  0
SPLINE
  5
789
330
1F
100
AcDbEntity
  8
ºöåçæÄ
370
     0
100
AcDbSpline
210
0.0
220
0.0
230
0.0
 70
    24
 71
     3
 72
     8
 73
     4
 74
     0
 42
0.000000001
 43
0.0000000001
 40
0.0
 40
0.0
 40
0.0
 40
0.0
 40
1.0
 40
1.0
 40
1.0
 40
1.0
 10
965.958659439434
 20
513.5329518941126
 30
0.0
 10
965.958659439434
 20
513.5329518941126
 30
0.0
 10
967.240648498117
 20
514.8138957109981
 30
0.0
 10
967.240648498117
 20
514.8138957109981
 30
0.0
  0
SPLINE
  5
78A
330
1F
100
AcDbEntity
  8
ºöåçæÄ
370
     0
100
AcDbSpline
210
0.0
220
0.0
230
1.0
 70
    11
 71
     3
 72
    28
 73
    24
 74
     0
 42
0.000000001
 43
0.0000000001
 40
0.0
 40
0.0
 40
0.0
 40
0.0
 40
0.1428571428571428
 40
0.1428571428571428
 40
0.1428571428571428
 40
0.1428571528571428
 40
0.2857142857142857
 40
0.2857142857142857
 40
0.2857142857142857
 40
0.2857142957142857
 40
0.428571428571429
 40
0.428571428571429
 40
0.428571428571429
 40
0.4285714385714289
 40
0.5714285714285714
 40
0.5714285714285714
 40
0.5714285714285714
 40
0.5714285814285715
 40
0.7142857142857145
 40
0.7142857142857145
 40
0.7142857142857145
 40
0.7142857242857146
 40
1.0
 40
1.0
 40
1.0
 40
1.0
 10
967.9111711081018
 20
515.485463562772
 30
0.0
 10
967.9111711081018
 20
515.485463562772
 30
0.0
 10
968.1792756279049
 20
515.485463562772
 30
0.0
 10
968.1792756279049
 20
515.485463562772
 30
0.0
 10
968.1792756279049
 20
515.485463562772
 30
0.0
 10
968.1792756279049
 20
515.6328426555327
 30
0.0
 10
968.0585502008543
 20
515.7530454616888
 30
0.0
 10
967.9111711081018
 20
515.7530454616888
 30
0.0
 10
967.9111711081018
 20
515.7530454616888
 30
0.0
 10
967.7632693944335
 20
515.7530454616888
 30
0.0
 10
967.6430665882776
 20
515.6328426555327
 30
0.0
 10
967.6430665882776
 20
515.485463562772
 30
0.0
 10
967.6430665882776
 20
515.485463562772
 30
0.0
 10
967.6430665882776
 20
515.337561849111
 30
0.0
 10
967.7632693944335
 20
515.2173590429588
 30
0.0
 10
967.9111711081018
 20
515.2173590429588
 30
0.0
 10
967.9111711081018
 20
515.2173590429588
 30
0.0
 10
968.0585502008543
 20
515.2173590429588
 30
0.0
 10
968.1792756279049
 20
515.337561849111
 30
0.0
 10
968.1792756279049
 20
515.485463562772
 30
0.0
 10
968.1792756279049
 20
515.485463562772
 30
0.0
 10
968.1792756279049
 20
515.485463562772
 30
0.0
 10
967.9111711081018
 20
515.485463562772
 30
0.0
 10
967.9111711081018
 20
515.485463562772
 30
0.0
  0
SPLINE
  5
78B
330
1F
100
AcDbEntity
  8
ºöåçæÄ
370
     0
100
AcDbSpline
210
0.0
220
0.0
230
0.0
 70
    24
 71
     3
 72
     8
 73
     4
 74
     0
 42
0.000000001
 43
0.0000000001
 40
0.0
 40
0.0
 40
0.0
 40
0.0
 40
1.0
 40
1.0
 40
1.0
 40
1.0
 10
968.5816937180794
 20
516.1580766563372
 30
0.0
 10
968.5816937180794
 20
516.1580766563372
 30
0.0
 10
971.9426687023121
 20
519.5159159152072
 30
0.0
 10
971.9426687023121
 20
519.5159159152072
 30
0.0
  0
SPLINE
  5
78C
330
1F
100
AcDbEntity
  8
ºöåçæÄ
370
     0
100
AcDbSpline
210
0.0
220
0.0
230
1.0
 70
    11
 71
     3
 72
    28
 73
    24
 74
     0
 42
0.000000001
 43
0.0000000001
 40
0.0
 40
0.0
 40
0.0
 40
0.0
 40
0.1428571428571428
 40
0.1428571428571428
 40
0.1428571428571428
 40
0.1428571528571428
 40
0.2857142857142857
 40
0.2857142857142857
 40
0.2857142857142857
 40
0.2857142957142857
 40
0.428571428571429
 40
0.428571428571429
 40
0.428571428571429
 40
0.4285714385714289
 40
0.5714285714285714
 40
0.5714285714285714
 40
0.5714285714285714
 40
0.5714285814285715
 40
0.7142857142857145
 40
0.7142857142857145
 40
0.7142857142857145
 40
0.7142857242857146
 40
1.0
 40
1.0
 40
1.0
 40
1.0
 10
972.6131913122999
 20
520.1874837669826
 30
0.0
 10
972.6131913122999
 20
520.1874837669826
 30
0.0
 10
972.8812958321141
 20
520.1874837669826
 30
0.0
 10
972.8812958321141
 20
520.1874837669826
 30
0.0
 10
972.8812958321141
 20
520.1874837669826
 30
0.0
 10
972.8812958321141
 20
520.3348628597439
 30
0.0
 10
972.7605704050564
 20
520.4550656658965
 30
0.0
 10
972.6131913122999
 20
520.4550656658965
 30
0.0
 10
972.6131913122999
 20
520.4550656658965
 30
0.0
 10
972.4652895986425
 20
520.4550656658965
 30
0.0
 10
972.345086792483
 20
520.3348628597439
 30
0.0
 10
972.345086792483
 20
520.1874837669826
 30
0.0
 10
972.345086792483
 20
520.1874837669826
 30
0.0
 10
972.345086792483
 20
520.0395820533198
 30
0.0
 10
972.4652895986425
 20
519.9193792471683
 30
0.0
 10
972.6131913122999
 20
519.9193792471683
 30
0.0
 10
972.6131913122999
 20
519.9193792471683
 30
0.0
 10
972.7605704050564
 20
519.9193792471683
 30
0.0
 10
972.8812958321141
 20
520.0395820533198
 30
0.0
 10
972.8812958321141
 20
520.1874837669826
 30
0.0
 10
972.8812958321141
 20
520.1874837669826
 30
0.0
 10
972.8812958321141
 20
520.1874837669826
 30
0.0
 10
972.6131913122999
 20
520.1874837669826
 30
0.0
 10
972.6131913122999
 20
520.1874837669826
 30
0.0
  0
SPLINE
  5
78D
330
1F
100
AcDbEntity
  8
ºöåçæÄ
370
     0
100
AcDbSpline
210
0.0
220
0.0
230
0.0
 70
    24
 71
     3
 72
     8
 73
     4
 74
     0
 42
0.000000001
 43
0.0000000001
 40
0.0
 40
0.0
 40
0.0
 40
0.0
 40
1.0
 40
1.0
 40
1.0
 40
1.0
 10
973.2837139222848
 20
520.8574837560645
 30
0.0
 10
973.2837139222848
 20
520.8574837560645
 30
0.0
 10
976.6420758020402
 20
524.2163682567259
 30
0.0
 10
976.6420758020402
 20
524.2163682567259
 30
0.0
  0
SPLINE
  5
78E
330
1F
100
AcDbEntity
  8
ºöåçæÄ
370
     0
100
AcDbSpline
210
0.0
220
0.0
230
1.0
 70
    11
 71
     3
 72
    28
 73
    24
 74
     0
 42
0.000000001
 43
0.0000000001
 40
0.0
 40
0.0
 40
0.0
 40
0.0
 40
0.1428571428571428
 40
0.1428571428571428
 40
0.1428571428571428
 40
0.1428571528571428
 40
0.2857142857142857
 40
0.2857142857142857
 40
0.2857142857142857
 40
0.2857142957142857
 40
0.428571428571429
 40
0.428571428571429
 40
0.428571428571429
 40
0.4285714385714289
 40
0.5714285714285714
 40
0.5714285714285714
 40
0.5714285714285714
 40
0.5714285814285715
 40
0.7142857142857145
 40
0.7142857142857145
 40
0.7142857142857145
 40
0.7142857242857146
 40
1.0
 40
1.0
 40
1.0
 40
1.0
 10
977.3152115165093
 20
524.8895039711904
 30
0.0
 10
977.3152115165093
 20
524.8895039711904
 30
0.0
 10
977.5833160363228
 20
524.8895039711904
 30
0.0
 10
977.5833160363228
 20
524.8895039711904
 30
0.0
 10
977.5833160363228
 20
524.8895039711904
 30
0.0
 10
977.5833160363228
 20
525.0368830639533
 30
0.0
 10
977.4625906092655
 20
525.1570858701053
 30
0.0
 10
977.3152115165093
 20
525.1570858701053
 30
0.0
 10
977.3152115165093
 20
525.1570858701053
 30
0.0
 10
977.1673098028516
 20
525.1570858701053
 30
0.0
 10
977.0471069966955
 20
525.0368830639533
 30
0.0
 10
977.0471069966955
 20
524.8895039711904
 30
0.0
 10
977.0471069966955
 20
524.8895039711904
 30
0.0
 10
977.0471069966955
 20
524.7416022575298
 30
0.0
 10
977.1673098028516
 20
524.6213994513773
 30
0.0
 10
977.3152115165093
 20
524.6213994513773
 30
0.0
 10
977.3152115165093
 20
524.6213994513773
 30
0.0
 10
977.4625906092655
 20
524.6213994513773
 30
0.0
 10
977.5833160363228
 20
524.7416022575298
 30
0.0
 10
977.5833160363228
 20
524.8895039711904
 30
0.0
 10
977.5833160363228
 20
524.8895039711904
 30
0.0
 10
977.5833160363228
 20
524.8895039711904
 30
0.0
 10
977.3152115165093
 20
524.8895039711904
 30
0.0
 10
977.3152115165093
 20
524.8895039711904
 30
0.0
  0
SPLINE
  5
78F
330
1F
100
AcDbEntity
  8
ºöåçæÄ
370
     0
100
AcDbSpline
210
0.0
220
0.0
230
0.0
 70
    24
 71
     3
 72
     8
 73
     4
 74
     0
 42
0.000000001
 43
0.0000000001
 40
0.0
 40
0.0
 40
0.0
 40
0.0
 40
1.0
 40
1.0
 40
1.0
 40
1.0
 10
968.6438856047338
 20
513.5329518941126
 30
0.0
 10
968.6438856047338
 20
513.5329518941126
 30
0.0
 10
970.9329651306239
 20
515.8215087991067
 30
0.0
 10
970.9329651306239
 20
515.8215087991067
 30
0.0
  0
SPLINE
  5
790
330
1F
100
AcDbEntity
  8
ºöåçæÄ
370
     0
100
AcDbSpline
210
0.0
220
0.0
230
1.0
 70
    11
 71
     3
 72
    28
 73
    24
 74
     0
 42
0.000000001
 43
0.0000000001
 40
0.0
 40
0.0
 40
0.0
 40
0.0
 40
0.1428571428571428
 40
0.1428571428571428
 40
0.1428571428571428
 40
0.1428571528571428
 40
0.2857142857142857
 40
0.2857142857142857
 40
0.2857142857142857
 40
0.2857142957142857
 40
0.428571428571429
 40
0.428571428571429
 40
0.428571428571429
 40
0.4285714385714289
 40
0.5714285714285714
 40
0.5714285714285714
 40
0.5714285714285714
 40
0.5714285814285715
 40
0.7142857142857145
 40
0.7142857142857145
 40
0.7142857142857145
 40
0.7142857242857146
 40
1.0
 40
1.0
 40
1.0
 40
1.0
 10
971.6061008450791
 20
516.4925540299829
 30
0.0
 10
971.6061008450791
 20
516.4925540299829
 30
0.0
 10
971.8736827440126
 20
516.4925540299829
 30
0.0
 10
971.8736827440126
 20
516.4925540299829
 30
0.0
 10
971.8736827440126
 20
516.4925540299829
 30
0.0
 10
971.8736827440126
 20
516.6404557436435
 30
0.0
 10
971.7534799378533
 20
516.7606585497979
 30
0.0
 10
971.6061008450791
 20
516.7606585497979
 30
0.0
 10
971.6061008450791
 20
516.7606585497979
 30
0.0
 10
971.4581991314357
 20
516.7606585497979
 30
0.0
 10
971.337996325276
 20
516.6404557436435
 30
0.0
 10
971.337996325276
 20
516.4925540299829
 30
0.0
 10
971.337996325276
 20
516.4925540299829
 30
0.0
 10
971.337996325276
 20
516.3451749372212
 30
0.0
 10
971.4581991314357
 20
516.2249721310675
 30
0.0
 10
971.6061008450791
 20
516.2249721310675
 30
0.0
 10
971.6061008450791
 20
516.2249721310675
 30
0.0
 10
971.7534799378533
 20
516.2249721310675
 30
0.0
 10
971.8736827440126
 20
516.3451749372212
 30
0.0
 10
971.8736827440126
 20
516.4925540299829
 30
0.0
 10
971.8736827440126
 20
516.4925540299829
 30
0.0
 10
971.8736827440126
 20
516.4925540299829
 30
0.0
 10
971.6061008450791
 20
516.4925540299829
 30
0.0
 10
971.6061008450791
 20
516.4925540299829
 30
0.0
  0
SPLINE
  5
791
330
1F
100
AcDbEntity
  8
ºöåçæÄ
370
     0
100
AcDbSpline
210
0.0
220
0.0
230
0.0
 70
    24
 71
     3
 72
     8
 73
     4
 74
     0
 42
0.000000001
 43
0.0000000001
 40
0.0
 40
0.0
 40
0.0
 40
0.0
 40
1.0
 40
1.0
 40
1.0
 40
1.0
 10
972.2766234550672
 20
517.1651671235514
 30
0.0
 10
972.2766234550672
 20
517.1651671235514
 30
0.0
 10
975.6349853348327
 20
520.5235290033145
 30
0.0
 10
975.6349853348327
 20
520.5235290033145
 30
0.0
  0
SPLINE
  5
792
330
1F
100
AcDbEntity
  8
ºöåçæÄ
370
     0
100
AcDbSpline
210
0.0
220
0.0
230
1.0
 70
    11
 71
     3
 72
    28
 73
    24
 74
     0
 42
0.000000001
 43
0.0000000001
 40
0.0
 40
0.0
 40
0.0
 40
0.0
 40
0.1428571428571428
 40
0.1428571428571428
 40
0.1428571428571428
 40
0.1428571528571428
 40
0.2857142857142857
 40
0.2857142857142857
 40
0.2857142857142857
 40
0.2857142957142857
 40
0.428571428571429
 40
0.428571428571429
 40
0.428571428571429
 40
0.4285714385714289
 40
0.5714285714285714
 40
0.5714285714285714
 40
0.5714285714285714
 40
0.5714285814285715
 40
0.7142857142857145
 40
0.7142857142857145
 40
0.7142857142857145
 40
0.7142857242857146
 40
1.0
 40
1.0
 40
1.0
 40
1.0
 10
976.3055079448102
 20
521.1945742341936
 30
0.0
 10
976.3055079448102
 20
521.1945742341936
 30
0.0
 10
976.5736124646242
 20
521.1945742341936
 30
0.0
 10
976.5736124646242
 20
521.1945742341936
 30
0.0
 10
976.5736124646242
 20
521.1945742341936
 30
0.0
 10
976.5736124646242
 20
521.3424759478538
 30
0.0
 10
976.453409658475
 20
521.4626787540074
 30
0.0
 10
976.3055079448102
 20
521.4626787540074
 30
0.0
 10
976.3055079448102
 20
521.4626787540074
 30
0.0
 10
976.1581288520472
 20
521.4626787540074
 30
0.0
 10
976.0374034250039
 20
521.3424759478538
 30
0.0
 10
976.0374034250039
 20
521.1945742341936
 30
0.0
 10
976.0374034250039
 20
521.1945742341936
 30
0.0
 10
976.0374034250039
 20
521.0471951414308
 30
0.0
 10
976.1581288520472
 20
520.9269923352768
 30
0.0
 10
976.3055079448102
 20
520.9269923352768
 30
0.0
 10
976.3055079448102
 20
520.9269923352768
 30
0.0
 10
976.453409658475
 20
520.9269923352768
 30
0.0
 10
976.5736124646242
 20
521.0471951414308
 30
0.0
 10
976.5736124646242
 20
521.1945742341936
 30
0.0
 10
976.5736124646242
 20
521.1945742341936
 30
0.0
 10
976.5736124646242
 20
521.1945742341936
 30
0.0
 10
976.3055079448102
 20
521.1945742341936
 30
0.0
 10
976.3055079448102
 20
521.1945742341936
 30
0.0
  0
SPLINE
  5
793
330
1F
100
AcDbEntity
  8
ºöåçæÄ
370
     0
100
AcDbSpline
210
0.0
220
0.0
230
0.0
 70
    24
 71
     3
 72
     8
 73
     4
 74
     0
 42
0.000000001
 43
0.0000000001
 40
0.0
 40
0.0
 40
0.0
 40
0.0
 40
1.0
 40
1.0
 40
1.0
 40
1.0
 10
976.9786436592903
 20
521.8671873277599
 30
0.0
 10
976.9786436592903
 20
521.8671873277599
 30
0.0
 10
980.3370055390418
 20
525.2255492075253
 30
0.0
 10
980.3370055390418
 20
525.2255492075253
 30
0.0
  0
SPLINE
  5
794
330
1F
100
AcDbEntity
  8
ºöåçæÄ
370
     0
100
AcDbSpline
210
0.0
220
0.0
230
1.0
 70
    11
 71
     3
 72
    28
 73
    24
 74
     0
 42
0.000000001
 43
0.0000000001
 40
0.0
 40
0.0
 40
0.0
 40
0.0
 40
0.1428571428571428
 40
0.1428571428571428
 40
0.1428571428571428
 40
0.1428571528571428
 40
0.2857142857142857
 40
0.2857142857142857
 40
0.2857142857142857
 40
0.2857142957142857
 40
0.428571428571429
 40
0.428571428571429
 40
0.428571428571429
 40
0.4285714385714289
 40
0.5714285714285714
 40
0.5714285714285714
 40
0.5714285714285714
 40
0.5714285814285715
 40
0.7142857142857145
 40
0.7142857142857145
 40
0.7142857142857145
 40
0.7142857242857146
 40
1.0
 40
1.0
 40
1.0
 40
1.0
 10
980.6563269067053
 20
525.5453931960726
 30
0.0
 10
980.6563269067053
 20
525.5453931960726
 30
0.0
 10
980.9244314265084
 20
525.5453931960726
 30
0.0
 10
980.9244314265084
 20
525.5453931960726
 30
0.0
 10
980.9244314265084
 20
525.5453931960726
 30
0.0
 10
980.9244314265084
 20
525.6932949097318
 30
0.0
 10
980.8042286203695
 20
525.8134977158893
 30
0.0
 10
980.6563269067053
 20
525.8134977158893
 30
0.0
 10
980.6563269067053
 20
525.8134977158893
 30
0.0
 10
980.5089478139349
 20
525.8134977158893
 30
0.0
 10
980.3887450077786
 20
525.6932949097318
 30
0.0
 10
980.3887450077786
 20
525.5453931960726
 30
0.0
 10
980.3887450077786
 20
525.5453931960726
 30
0.0
 10
980.3887450077786
 20
525.3980141033118
 30
0.0
 10
980.5089478139349
 20
525.2778112971575
 30
0.0
 10
980.6563269067053
 20
525.2778112971575
 30
0.0
 10
980.6563269067053
 20
525.2778112971575
 30
0.0
 10
980.8042286203695
 20
525.2778112971575
 30
0.0
 10
980.9244314265084
 20
525.3980141033118
 30
0.0
 10
980.9244314265084
 20
525.5453931960726
 30
0.0
 10
980.9244314265084
 20
525.5453931960726
 30
0.0
 10
980.9244314265084
 20
525.5453931960726
 30
0.0
 10
980.6563269067053
 20
525.5453931960726
 30
0.0
 10
980.6563269067053
 20
525.5453931960726
 30
0.0
  0
SPLINE
  5
795
330
1F
100
AcDbEntity
  8
ºöåçæÄ
370
     0
100
AcDbSpline
210
0.0
220
0.0
230
0.0
 70
    24
 71
     3
 72
     8
 73
     4
 74
     0
 42
0.000000001
 43
0.0000000001
 40
0.0
 40
0.0
 40
0.0
 40
0.0
 40
1.0
 40
1.0
 40
1.0
 40
1.0
 10
971.3312022536136
 20
513.5329518941126
 30
0.0
 10
971.3312022536136
 20
513.5329518941126
 30
0.0
 10
974.6273722467247
 20
516.8285992663186
 30
0.0
 10
974.6273722467247
 20
516.8285992663186
 30
0.0
  0
SPLINE
  5
796
330
1F
100
AcDbEntity
  8
ºöåçæÄ
370
     0
100
AcDbSpline
210
0.0
220
0.0
230
1.0
 70
    11
 71
     3
 72
    28
 73
    24
 74
     0
 42
0.000000001
 43
0.0000000001
 40
0.0
 40
0.0
 40
0.0
 40
0.0
 40
0.1428571428571428
 40
0.1428571428571428
 40
0.1428571428571428
 40
0.1428571528571428
 40
0.2857142857142857
 40
0.2857142857142857
 40
0.2857142857142857
 40
0.2857142957142857
 40
0.428571428571429
 40
0.428571428571429
 40
0.428571428571429
 40
0.4285714385714289
 40
0.5714285714285714
 40
0.5714285714285714
 40
0.5714285714285714
 40
0.5714285814285715
 40
0.7142857142857145
 40
0.7142857142857145
 40
0.7142857142857145
 40
0.7142857242857146
 40
1.0
 40
1.0
 40
1.0
 40
1.0
 10
975.3005079611906
 20
517.5022576016766
 30
0.0
 10
975.3005079611906
 20
517.5022576016766
 30
0.0
 10
975.5686124810146
 20
517.5022576016766
 30
0.0
 10
975.5686124810146
 20
517.5022576016766
 30
0.0
 10
975.5686124810146
 20
517.5022576016766
 30
0.0
 10
975.5686124810146
 20
517.6496366944411
 30
0.0
 10
975.4484096748514
 20
517.7703621214922
 30
0.0
 10
975.3005079611906
 20
517.7703621214922
 30
0.0
 10
975.3005079611906
 20
517.7703621214922
 30
0.0
 10
975.1531288684237
 20
517.7703621214922
 30
0.0
 10
975.032926062264
 20
517.6496366944411
 30
0.0
 10
975.032926062264
 20
517.5022576016766
 30
0.0
 10
975.032926062264
 20
517.5022576016766
 30
0.0
 10
975.032926062264
 20
517.3548785089157
 30
0.0
 10
975.1531288684237
 20
517.2341530818654
 30
0.0
 10
975.3005079611906
 20
517.2341530818654
 30
0.0
 10
975.3005079611906
 20
517.2341530818654
 30
0.0
 10
975.4484096748514
 20
517.2341530818654
 30
0.0
 10
975.5686124810146
 20
517.3548785089157
 30
0.0
 10
975.5686124810146
 20
517.5022576016766
 30
0.0
 10
975.5686124810146
 20
517.5022576016766
 30
0.0
 10
975.5686124810146
 20
517.5022576016766
 30
0.0
 10
975.3005079611906
 20
517.5022576016766
 30
0.0
 10
975.3005079611906
 20
517.5022576016766
 30
0.0
  0
SPLINE
  5
797
330
1F
100
AcDbEntity
  8
ºöåçæÄ
370
     0
100
AcDbSpline
210
0.0
220
0.0
230
0.0
 70
    24
 71
     3
 72
     8
 73
     4
 74
     0
 42
0.000000001
 43
0.0000000001
 40
0.0
 40
0.0
 40
0.0
 40
0.0
 40
1.0
 40
1.0
 40
1.0
 40
1.0
 10
975.9715531920656
 20
518.1722575907634
 30
0.0
 10
975.9715531920656
 20
518.1722575907634
 30
0.0
 10
979.3293924509336
 20
521.5306194705284
 30
0.0
 10
979.3293924509336
 20
521.5306194705284
 30
0.0
  0
SPLINE
  5
798
330
1F
100
AcDbEntity
  8
ºöåçæÄ
370
     0
100
AcDbSpline
210
0.0
220
0.0
230
1.0
 70
    11
 71
     3
 72
    28
 73
    24
 74
     0
 42
0.000000001
 43
0.0000000001
 40
0.0
 40
0.0
 40
0.0
 40
0.0
 40
0.1428571428571428
 40
0.1428571428571428
 40
0.1428571428571428
 40
0.1428571528571428
 40
0.2857142857142857
 40
0.2857142857142857
 40
0.2857142857142857
 40
0.2857142957142857
 40
0.428571428571429
 40
0.428571428571429
 40
0.428571428571429
 40
0.4285714385714289
 40
0.5714285714285714
 40
0.5714285714285714
 40
0.5714285714285714
 40
0.5714285814285715
 40
0.7142857142857145
 40
0.7142857142857145
 40
0.7142857142857145
 40
0.7142857242857146
 40
1.0
 40
1.0
 40
1.0
 40
1.0
 10
980.000437681816
 20
522.2016647014046
 30
0.0
 10
980.000437681816
 20
522.2016647014046
 30
0.0
 10
980.2680195807212
 20
522.2016647014046
 30
0.0
 10
980.2680195807212
 20
522.2016647014046
 30
0.0
 10
980.2680195807212
 20
522.2016647014046
 30
0.0
 10
980.2680195807212
 20
522.3495664150653
 30
0.0
 10
980.1478167745724
 20
522.4697692212195
 30
0.0
 10
980.000437681816
 20
522.4697692212195
 30
0.0
 10
980.000437681816
 20
522.4697692212195
 30
0.0
 10
979.8525359681654
 20
522.4697692212195
 30
0.0
 10
979.7323331619921
 20
522.3495664150653
 30
0.0
 10
979.7323331619921
 20
522.2016647014046
 30
0.0
 10
979.7323331619921
 20
522.2016647014046
 30
0.0
 10
979.7323331619921
 20
522.0542856086431
 30
0.0
 10
979.8525359681654
 20
521.9340828024908
 30
0.0
 10
980.000437681816
 20
521.9340828024908
 30
0.0
 10
980.000437681816
 20
521.9340828024908
 30
0.0
 10
980.1478167745724
 20
521.9340828024908
 30
0.0
 10
980.2680195807212
 20
522.0542856086431
 30
0.0
 10
980.2680195807212
 20
522.2016647014046
 30
0.0
 10
980.2680195807212
 20
522.2016647014046
 30
0.0
 10
980.2680195807212
 20
522.2016647014046
 30
0.0
 10
980.000437681816
 20
522.2016647014046
 30
0.0
 10
980.000437681816
 20
522.2016647014046
 30
0.0
  0
SPLINE
  5
799
330
1F
100
AcDbEntity
  8
ºöåçæÄ
370
     0
100
AcDbSpline
210
0.0
220
0.0
230
0.0
 70
    24
 71
     3
 72
     8
 73
     4
 74
     0
 42
0.000000001
 43
0.0000000001
 40
0.0
 40
0.0
 40
0.0
 40
0.0
 40
1.0
 40
1.0
 40
1.0
 40
1.0
 10
980.6735733962748
 20
522.874277794971
 30
0.0
 10
980.6735733962748
 20
522.874277794971
 30
0.0
 10
983.3431209346873
 20
525.544870575178
 30
0.0
 10
983.3431209346873
 20
525.544870575178
 30
0.0
  0
SPLINE
  5
79A
330
1F
100
AcDbEntity
  8
ºöåçæÄ
370
     0
100
AcDbSpline
210
0.0
220
0.0
230
1.0
 70
    11
 71
     3
 72
    28
 73
    24
 74
     0
 42
0.000000001
 43
0.0000000001
 40
0.0
 40
0.0
 40
0.0
 40
0.0
 40
0.1428571428571428
 40
0.1428571428571428
 40
0.1428571428571428
 40
0.1428571528571428
 40
0.2857142857142857
 40
0.2857142857142857
 40
0.2857142857142857
 40
0.2857142957142857
 40
0.428571428571429
 40
0.428571428571429
 40
0.428571428571429
 40
0.4285714385714289
 40
0.5714285714285714
 40
0.5714285714285714
 40
0.5714285714285714
 40
0.5714285814285715
 40
0.7142857142857145
 40
0.7142857142857145
 40
0.7142857142857145
 40
0.7142857242857146
 40
1.0
 40
1.0
 40
1.0
 40
1.0
 10
974.2913270103896
 20
513.8073278646817
 30
0.0
 10
974.2913270103896
 20
513.8073278646817
 30
0.0
 10
974.558908909316
 20
513.8073278646817
 30
0.0
 10
974.558908909316
 20
513.8073278646817
 30
0.0
 10
974.558908909316
 20
513.8073278646817
 30
0.0
 10
974.558908909316
 20
513.9552295783394
 30
0.0
 10
974.4387061031527
 20
514.0754323844928
 30
0.0
 10
974.2913270103896
 20
514.0754323844928
 30
0.0
 10
974.2913270103896
 20
514.0754323844928
 30
0.0
 10
974.1434252967321
 20
514.0754323844928
 30
0.0
 10
974.0232224905755
 20
513.9552295783394
 30
0.0
 10
974.0232224905755
 20
513.8073278646817
 30
0.0
 10
974.0232224905755
 20
513.8073278646817
 30
0.0
 10
974.0232224905755
 20
513.6599487719188
 30
0.0
 10
974.1434252967321
 20
513.5397459657648
 30
0.0
 10
974.2913270103896
 20
513.5397459657648
 30
0.0
 10
974.2913270103896
 20
513.5397459657648
 30
0.0
 10
974.4387061031527
 20
513.5397459657648
 30
0.0
 10
974.558908909316
 20
513.6599487719188
 30
0.0
 10
974.558908909316
 20
513.8073278646817
 30
0.0
 10
974.558908909316
 20
513.8073278646817
 30
0.0
 10
974.558908909316
 20
513.8073278646817
 30
0.0
 10
974.2913270103896
 20
513.8073278646817
 30
0.0
 10
974.2913270103896
 20
513.8073278646817
 30
0.0
  0
SPLINE
  5
79B
330
1F
100
AcDbEntity
  8
ºöåçæÄ
370
     0
100
AcDbSpline
210
0.0
220
0.0
230
0.0
 70
    24
 71
     3
 72
     8
 73
     4
 74
     0
 42
0.000000001
 43
0.0000000001
 40
0.0
 40
0.0
 40
0.0
 40
0.0
 40
1.0
 40
1.0
 40
1.0
 40
1.0
 10
974.9639401039576
 20
514.4773278537646
 30
0.0
 10
974.9639401039576
 20
514.4773278537646
 30
0.0
 10
978.3223019837233
 20
517.8356897335318
 30
0.0
 10
978.3223019837233
 20
517.8356897335318
 30
0.0
  0
SPLINE
  5
79C
330
1F
100
AcDbEntity
  8
ºöåçæÄ
370
     0
100
AcDbSpline
210
0.0
220
0.0
230
1.0
 70
    11
 71
     3
 72
    28
 73
    24
 74
     0
 42
0.000000001
 43
0.0000000001
 40
0.0
 40
0.0
 40
0.0
 40
0.0
 40
0.1428571428571428
 40
0.1428571428571428
 40
0.1428571428571428
 40
0.1428571528571428
 40
0.2857142857142857
 40
0.2857142857142857
 40
0.2857142857142857
 40
0.2857142957142857
 40
0.428571428571429
 40
0.428571428571429
 40
0.428571428571429
 40
0.4285714385714289
 40
0.5714285714285714
 40
0.5714285714285714
 40
0.5714285714285714
 40
0.5714285814285715
 40
0.7142857142857145
 40
0.7142857142857145
 40
0.7142857142857145
 40
0.7142857242857146
 40
1.0
 40
1.0
 40
1.0
 40
1.0
 10
978.993347214609
 20
518.5077802062023
 30
0.0
 10
978.993347214609
 20
518.5077802062023
 30
0.0
 10
979.2609291135176
 20
518.5077802062023
 30
0.0
 10
979.2609291135176
 20
518.5077802062023
 30
0.0
 10
979.2609291135176
 20
518.5077802062023
 30
0.0
 10
979.2609291135176
 20
518.6551592989643
 30
0.0
 10
979.1407263073615
 20
518.7753621051191
 30
0.0
 10
978.993347214609
 20
518.7753621051191
 30
0.0
 10
978.993347214609
 20
518.7753621051191
 30
0.0
 10
978.8454455009407
 20
518.7753621051191
 30
0.0
 10
978.7252426947846
 20
518.6551592989643
 30
0.0
 10
978.7252426947846
 20
518.5077802062023
 30
0.0
 10
978.7252426947846
 20
518.5077802062023
 30
0.0
 10
978.7252426947846
 20
518.359878492542
 30
0.0
 10
978.8454455009407
 20
518.239675686387
 30
0.0
 10
978.993347214609
 20
518.239675686387
 30
0.0
 10
978.993347214609
 20
518.239675686387
 30
0.0
 10
979.1407263073615
 20
518.239675686387
 30
0.0
 10
979.2609291135176
 20
518.359878492542
 30
0.0
 10
979.2609291135176
 20
518.5077802062023
 30
0.0
 10
979.2609291135176
 20
518.5077802062023
 30
0.0
 10
979.2609291135176
 20
518.5077802062023
 30
0.0
 10
978.993347214609
 20
518.5077802062023
 30
0.0
 10
978.993347214609
 20
518.5077802062023
 30
0.0
  0
SPLINE
  5
79D
330
1F
100
AcDbEntity
  8
ºöåçæÄ
370
     0
100
AcDbSpline
210
0.0
220
0.0
230
0.0
 70
    24
 71
     3
 72
     8
 73
     4
 74
     0
 42
0.000000001
 43
0.0000000001
 40
0.0
 40
0.0
 40
0.0
 40
0.0
 40
1.0
 40
1.0
 40
1.0
 40
1.0
 10
979.6638698245866
 20
519.179348057974
 30
0.0
 10
979.6638698245866
 20
519.179348057974
 30
0.0
 10
983.0243221879252
 20
522.5377099377408
 30
0.0
 10
983.0243221879252
 20
522.5377099377408
 30
0.0
  0
SPLINE
  5
79E
330
1F
100
AcDbEntity
  8
ºöåçæÄ
370
     0
100
AcDbSpline
210
0.0
220
0.0
230
1.0
 70
    11
 71
     3
 72
    28
 73
    24
 74
     0
 42
0.000000001
 43
0.0000000001
 40
0.0
 40
0.0
 40
0.0
 40
0.0
 40
0.1428571428571428
 40
0.1428571428571428
 40
0.1428571428571428
 40
0.1428571528571428
 40
0.2857142857142857
 40
0.2857142857142857
 40
0.2857142857142857
 40
0.2857142957142857
 40
0.428571428571429
 40
0.428571428571429
 40
0.428571428571429
 40
0.4285714385714289
 40
0.5714285714285714
 40
0.5714285714285714
 40
0.5714285714285714
 40
0.5714285814285715
 40
0.7142857142857145
 40
0.7142857142857145
 40
0.7142857142857145
 40
0.7142857242857146
 40
1.0
 40
1.0
 40
1.0
 40
1.0
 10
983.6953674188071
 20
523.2092777895148
 30
0.0
 10
983.6953674188071
 20
523.2092777895148
 30
0.0
 10
983.962949317727
 20
523.2092777895148
 30
0.0
 10
983.962949317727
 20
523.2092777895148
 30
0.0
 10
983.962949317727
 20
523.2092777895148
 30
0.0
 10
983.962949317727
 20
523.3566568822766
 30
0.0
 10
983.8427465115811
 20
523.47685968843
 30
0.0
 10
983.6953674188071
 20
523.47685968843
 30
0.0
 10
983.6953674188071
 20
523.47685968843
 30
0.0
 10
983.54746570515
 20
523.47685968843
 30
0.0
 10
983.4272628989937
 20
523.3566568822766
 30
0.0
 10
983.4272628989937
 20
523.2092777895148
 30
0.0
 10
983.4272628989937
 20
523.2092777895148
 30
0.0
 10
983.4272628989937
 20
523.061376075856
 30
0.0
 10
983.54746570515
 20
522.9411732697017
 30
0.0
 10
983.6953674188071
 20
522.9411732697017
 30
0.0
 10
983.6953674188071
 20
522.9411732697017
 30
0.0
 10
983.8427465115811
 20
522.9411732697017
 30
0.0
 10
983.962949317727
 20
523.061376075856
 30
0.0
 10
983.962949317727
 20
523.2092777895148
 30
0.0
 10
983.962949317727
 20
523.2092777895148
 30
0.0
 10
983.962949317727
 20
523.2092777895148
 30
0.0
 10
983.6953674188071
 20
523.2092777895148
 30
0.0
 10
983.6953674188071
 20
523.2092777895148
 30
0.0
  0
SPLINE
  5
79F
330
1F
100
AcDbEntity
  8
ºöåçæÄ
370
     0
100
AcDbSpline
210
0.0
220
0.0
230
0.0
 70
    24
 71
     3
 72
     8
 73
     4
 74
     0
 42
0.000000001
 43
0.0000000001
 40
0.0
 40
0.0
 40
0.0
 40
0.0
 40
1.0
 40
1.0
 40
1.0
 40
1.0
 10
984.3658900287882
 20
523.8798003994968
 30
0.0
 10
984.3658900287882
 20
523.8798003994968
 30
0.0
 10
986.0288697208883
 20
525.544870575178
 30
0.0
 10
986.0288697208883
 20
525.544870575178
 30
0.0
  0
SPLINE
  5
7A0
330
1F
100
AcDbEntity
  8
ºöåçæÄ
370
     0
100
AcDbSpline
210
0.0
220
0.0
230
0.0
 70
    24
 71
     3
 72
     8
 73
     4
 74
     0
 42
0.000000001
 43
0.0000000001
 40
0.0
 40
0.0
 40
0.0
 40
0.0
 40
1.0
 40
1.0
 40
1.0
 40
1.0
 10
976.7042676887083
 20
513.5329518941126
 30
0.0
 10
976.7042676887083
 20
513.5329518941126
 30
0.0
 10
977.3152115165093
 20
514.1433731010168
 30
0.0
 10
977.3152115165093
 20
514.1433731010168
 30
0.0
  0
SPLINE
  5
7A1
330
1F
100
AcDbEntity
  8
ºöåçæÄ
370
     0
100
AcDbSpline
210
0.0
220
0.0
230
1.0
 70
    11
 71
     3
 72
    28
 73
    24
 74
     0
 42
0.000000001
 43
0.0000000001
 40
0.0
 40
0.0
 40
0.0
 40
0.0
 40
0.1428571428571428
 40
0.1428571428571428
 40
0.1428571428571428
 40
0.1428571528571428
 40
0.2857142857142857
 40
0.2857142857142857
 40
0.2857142857142857
 40
0.2857142957142857
 40
0.428571428571429
 40
0.428571428571429
 40
0.428571428571429
 40
0.4285714385714289
 40
0.5714285714285714
 40
0.5714285714285714
 40
0.5714285714285714
 40
0.5714285814285715
 40
0.7142857142857145
 40
0.7142857142857145
 40
0.7142857142857145
 40
0.7142857242857146
 40
1.0
 40
1.0
 40
1.0
 40
1.0
 10
977.9857341264866
 20
514.8149409527909
 30
0.0
 10
977.9857341264866
 20
514.8149409527909
 30
0.0
 10
978.2538386463002
 20
514.8149409527909
 30
0.0
 10
978.2538386463002
 20
514.8149409527909
 30
0.0
 10
978.2538386463002
 20
514.8149409527909
 30
0.0
 10
978.2538386463002
 20
514.9623200455517
 30
0.0
 10
978.1336358401514
 20
515.0825228517078
 30
0.0
 10
977.9857341264866
 20
515.0825228517078
 30
0.0
 10
977.9857341264866
 20
515.0825228517078
 30
0.0
 10
977.8383550337339
 20
515.0825228517078
 30
0.0
 10
977.7181522275743
 20
514.9623200455517
 30
0.0
 10
977.7181522275743
 20
514.8149409527909
 30
0.0
 10
977.7181522275743
 20
514.8149409527909
 30
0.0
 10
977.7181522275743
 20
514.6670392391307
 30
0.0
 10
977.8383550337339
 20
514.5468364329758
 30
0.0
 10
977.9857341264866
 20
514.5468364329758
 30
0.0
 10
977.9857341264866
 20
514.5468364329758
 30
0.0
 10
978.1336358401514
 20
514.5468364329758
 30
0.0
 10
978.2538386463002
 20
514.6670392391307
 30
0.0
 10
978.2538386463002
 20
514.8149409527909
 30
0.0
 10
978.2538386463002
 20
514.8149409527909
 30
0.0
 10
978.2538386463002
 20
514.8149409527909
 30
0.0
 10
977.9857341264866
 20
514.8149409527909
 30
0.0
 10
977.9857341264866
 20
514.8149409527909
 30
0.0
  0
SPLINE
  5
7A2
330
1F
100
AcDbEntity
  8
ºöåçæÄ
370
     0
100
AcDbSpline
210
0.0
220
0.0
230
0.0
 70
    24
 71
     3
 72
     8
 73
     4
 74
     0
 42
0.000000001
 43
0.0000000001
 40
0.0
 40
0.0
 40
0.0
 40
0.0
 40
1.0
 40
1.0
 40
1.0
 40
1.0
 10
978.656779357369
 20
515.4849409418757
 30
0.0
 10
978.656779357369
 20
515.4849409418757
 30
0.0
 10
982.01461861623
 20
518.8427802007461
 30
0.0
 10
982.01461861623
 20
518.8427802007461
 30
0.0
  0
SPLINE
  5
7A3
330
1F
100
AcDbEntity
  8
ºöåçæÄ
370
     0
100
AcDbSpline
210
0.0
220
0.0
230
1.0
 70
    11
 71
     3
 72
    28
 73
    24
 74
     0
 42
0.000000001
 43
0.0000000001
 40
0.0
 40
0.0
 40
0.0
 40
0.0
 40
0.1428571428571428
 40
0.1428571428571428
 40
0.1428571428571428
 40
0.1428571528571428
 40
0.2857142857142857
 40
0.2857142857142857
 40
0.2857142857142857
 40
0.2857142957142857
 40
0.428571428571429
 40
0.428571428571429
 40
0.428571428571429
 40
0.4285714385714289
 40
0.5714285714285714
 40
0.5714285714285714
 40
0.5714285714285714
 40
0.5714285814285715
 40
0.7142857142857145
 40
0.7142857142857145
 40
0.7142857142857145
 40
0.7142857242857146
 40
1.0
 40
1.0
 40
1.0
 40
1.0
 10
982.6877543307096
 20
519.5169611569999
 30
0.0
 10
982.6877543307096
 20
519.5169611569999
 30
0.0
 10
982.9558588505195
 20
519.5169611569999
 30
0.0
 10
982.9558588505195
 20
519.5169611569999
 30
0.0
 10
982.9558588505195
 20
519.5169611569999
 30
0.0
 10
982.9558588505195
 20
519.6643402497609
 30
0.0
 10
982.8356560443603
 20
519.7845430559166
 30
0.0
 10
982.6877543307096
 20
519.7845430559166
 30
0.0
 10
982.6877543307096
 20
519.7845430559166
 30
0.0
 10
982.5403752379287
 20
519.7845430559166
 30
0.0
 10
982.4201724317834
 20
519.6643402497609
 30
0.0
 10
982.4201724317834
 20
519.5169611569999
 30
0.0
 10
982.4201724317834
 20
519.5169611569999
 30
0.0
 10
982.4201724317834
 20
519.369059443341
 30
0.0
 10
982.5403752379287
 20
519.2488566371866
 30
0.0
 10
982.6877543307096
 20
519.2488566371866
 30
0.0
 10
982.6877543307096
 20
519.2488566371866
 30
0.0
 10
982.8356560443603
 20
519.2488566371866
 30
0.0
 10
982.9558588505195
 20
519.369059443341
 30
0.0
 10
982.9558588505195
 20
519.5169611569999
 30
0.0
 10
982.9558588505195
 20
519.5169611569999
 30
0.0
 10
982.9558588505195
 20
519.5169611569999
 30
0.0
 10
982.6877543307096
 20
519.5169611569999
 30
0.0
 10
982.6877543307096
 20
519.5169611569999
 30
0.0
  0
SPLINE
  5
7A4
330
1F
100
AcDbEntity
  8
ºöåçæÄ
370
     0
100
AcDbSpline
210
0.0
220
0.0
230
0.0
 70
    24
 71
     3
 72
     8
 73
     4
 74
     0
 42
0.000000001
 43
0.0000000001
 40
0.0
 40
0.0
 40
0.0
 40
0.0
 40
1.0
 40
1.0
 40
1.0
 40
1.0
 10
983.358799561571
 20
520.1869611460852
 30
0.0
 10
983.358799561571
 20
520.1869611460852
 30
0.0
 10
986.71663882046
 20
523.544800404954
 30
0.0
 10
986.71663882046
 20
523.544800404954
 30
0.0
  0
SPLINE
  5
7A5
330
1F
100
AcDbEntity
  8
ºöåçæÄ
370
     0
100
AcDbSpline
210
0.0
220
0.0
230
1.0
 70
    11
 71
     3
 72
    28
 73
    24
 74
     0
 42
0.000000001
 43
0.0000000001
 40
0.0
 40
0.0
 40
0.0
 40
0.0
 40
0.1428571428571428
 40
0.1428571428571428
 40
0.1428571428571428
 40
0.1428571528571428
 40
0.2857142857142857
 40
0.2857142857142857
 40
0.2857142857142857
 40
0.2857142957142857
 40
0.428571428571429
 40
0.428571428571429
 40
0.428571428571429
 40
0.4285714385714289
 40
0.5714285714285714
 40
0.5714285714285714
 40
0.5714285714285714
 40
0.5714285814285715
 40
0.7142857142857145
 40
0.7142857142857145
 40
0.7142857142857145
 40
0.7142857242857146
 40
1.0
 40
1.0
 40
1.0
 40
1.0
 10
987.3876840513212
 20
524.216890877624
 30
0.0
 10
987.3876840513212
 20
524.216890877624
 30
0.0
 10
987.6552659502406
 20
524.216890877624
 30
0.0
 10
987.6552659502406
 20
524.216890877624
 30
0.0
 10
987.6552659502406
 20
524.216890877624
 30
0.0
 10
987.6552659502406
 20
524.364792591284
 30
0.0
 10
987.5350631440879
 20
524.4849953974371
 30
0.0
 10
987.3876840513212
 20
524.4849953974371
 30
0.0
 10
987.3876840513212
 20
524.4849953974371
 30
0.0
 10
987.23978233766
 20
524.4849953974371
 30
0.0
 10
987.1195795315113
 20
524.364792591284
 30
0.0
 10
987.1195795315113
 20
524.216890877624
 30
0.0
 10
987.1195795315113
 20
524.216890877624
 30
0.0
 10
987.1195795315113
 20
524.0695117848591
 30
0.0
 10
987.23978233766
 20
523.948786357809
 30
0.0
 10
987.3876840513212
 20
523.948786357809
 30
0.0
 10
987.3876840513212
 20
523.948786357809
 30
0.0
 10
987.5350631440879
 20
523.948786357809
 30
0.0
 10
987.6552659502406
 20
524.0695117848591
 30
0.0
 10
987.6552659502406
 20
524.216890877624
 30
0.0
 10
987.6552659502406
 20
524.216890877624
 30
0.0
 10
987.6552659502406
 20
524.216890877624
 30
0.0
 10
987.3876840513212
 20
524.216890877624
 30
0.0
 10
987.3876840513212
 20
524.216890877624
 30
0.0
  0
SPLINE
  5
7A6
330
1F
100
AcDbEntity
  8
ºöåçæÄ
370
     0
100
AcDbSpline
210
0.0
220
0.0
230
0.0
 70
    24
 71
     3
 72
     8
 73
     4
 74
     0
 42
0.000000001
 43
0.0000000001
 40
0.0
 40
0.0
 40
0.0
 40
0.0
 40
1.0
 40
1.0
 40
1.0
 40
1.0
 10
988.0608197658013
 20
524.8889813502938
 30
0.0
 10
988.0608197658013
 20
524.8889813502938
 30
0.0
 10
988.7167089906693
 20
525.544870575178
 30
0.0
 10
988.7167089906693
 20
525.544870575178
 30
0.0
  0
SPLINE
  5
7A7
330
1F
100
AcDbEntity
  8
ºöåçæÄ
370
     0
100
AcDbSpline
210
0.0
220
0.0
230
0.0
 70
    24
 71
     3
 72
     8
 73
     4
 74
     0
 42
0.000000001
 43
0.0000000001
 40
0.0
 40
0.0
 40
0.0
 40
0.0
 40
1.0
 40
1.0
 40
1.0
 40
1.0
 10
979.3915843375987
 20
513.5329518941126
 30
0.0
 10
979.3915843375987
 20
513.5329518941126
 30
0.0
 10
981.0075281490263
 20
515.1504635682281
 30
0.0
 10
981.0075281490263
 20
515.1504635682281
 30
0.0
  0
SPLINE
  5
7A8
330
1F
100
AcDbEntity
  8
ºöåçæÄ
370
     0
100
AcDbSpline
210
0.0
220
0.0
230
1.0
 70
    11
 71
     3
 72
    28
 73
    24
 74
     0
 42
0.000000001
 43
0.0000000001
 40
0.0
 40
0.0
 40
0.0
 40
0.0
 40
0.1428571428571428
 40
0.1428571428571428
 40
0.1428571428571428
 40
0.1428571528571428
 40
0.2857142857142857
 40
0.2857142857142857
 40
0.2857142857142857
 40
0.2857142957142857
 40
0.428571428571429
 40
0.428571428571429
 40
0.428571428571429
 40
0.4285714385714289
 40
0.5714285714285714
 40
0.5714285714285714
 40
0.5714285714285714
 40
0.5714285814285715
 40
0.7142857142857145
 40
0.7142857142857145
 40
0.7142857142857145
 40
0.7142857242857146
 40
1.0
 40
1.0
 40
1.0
 40
1.0
 10
981.6780507590076
 20
515.8220314200036
 30
0.0
 10
981.6780507590076
 20
515.8220314200036
 30
0.0
 10
981.9461552788318
 20
515.8220314200036
 30
0.0
 10
981.9461552788318
 20
515.8220314200036
 30
0.0
 10
981.9461552788318
 20
515.8220314200036
 30
0.0
 10
981.9461552788318
 20
515.9694105127669
 30
0.0
 10
981.8259524726686
 20
516.08961331892
 30
0.0
 10
981.6780507590076
 20
516.08961331892
 30
0.0
 10
981.6780507590076
 20
516.08961331892
 30
0.0
 10
981.5306716662407
 20
516.08961331892
 30
0.0
 10
981.410468860081
 20
515.9694105127669
 30
0.0
 10
981.410468860081
 20
515.8220314200036
 30
0.0
 10
981.410468860081
 20
515.8220314200036
 30
0.0
 10
981.410468860081
 20
515.6741297063442
 30
0.0
 10
981.5306716662407
 20
515.5539269001899
 30
0.0
 10
981.6780507590076
 20
515.5539269001899
 30
0.0
 10
981.6780507590076
 20
515.5539269001899
 30
0.0
 10
981.8259524726686
 20
515.5539269001899
 30
0.0
 10
981.9461552788318
 20
515.6741297063442
 30
0.0
 10
981.9461552788318
 20
515.8220314200036
 30
0.0
 10
981.9461552788318
 20
515.8220314200036
 30
0.0
 10
981.9461552788318
 20
515.8220314200036
 30
0.0
 10
981.6780507590076
 20
515.8220314200036
 30
0.0
 10
981.6780507590076
 20
515.8220314200036
 30
0.0
  0
SPLINE
  5
7A9
330
1F
100
AcDbEntity
  8
ºöåçæÄ
370
     0
100
AcDbSpline
210
0.0
220
0.0
230
0.0
 70
    24
 71
     3
 72
     8
 73
     4
 74
     0
 42
0.000000001
 43
0.0000000001
 40
0.0
 40
0.0
 40
0.0
 40
0.0
 40
1.0
 40
1.0
 40
1.0
 40
1.0
 10
982.3511864734697
 20
516.4920314090883
 30
0.0
 10
982.3511864734697
 20
516.4920314090883
 30
0.0
 10
985.5470132544787
 20
519.6899486736827
 30
0.0
 10
985.5470132544787
 20
519.6899486736827
 30
0.0
  0
SPLINE
  5
7AA
330
1F
100
AcDbEntity
  8
ºöåçæÄ
370
     0
100
AcDbSpline
210
0.0
220
0.0
230
0.0
 70
    24
 71
     3
 72
     8
 73
     4
 74
     0
 42
0.000000001
 43
0.0000000001
 40
0.0
 40
0.0
 40
0.0
 40
0.0
 40
1.0
 40
1.0
 40
1.0
 40
1.0
 10
987.9129180521363
 20
522.0537629877472
 30
0.0
 10
987.9129180521363
 20
522.0537629877472
 30
0.0
 10
990.4115685574446
 20
524.5524134930612
 30
0.0
 10
990.4115685574446
 20
524.5524134930612
 30
0.0
  0
SPLINE
  5
7AB
330
1F
100
AcDbEntity
  8
ºöåçæÄ
370
     0
100
AcDbSpline
210
0.0
220
0.0
230
1.0
 70
    11
 71
     3
 72
    28
 73
    24
 74
     0
 42
0.000000001
 43
0.0000000001
 40
0.0
 40
0.0
 40
0.0
 40
0.0
 40
0.1428571428571428
 40
0.1428571428571428
 40
0.1428571428571428
 40
0.1428571528571428
 40
0.2857142857142857
 40
0.2857142857142857
 40
0.2857142857142857
 40
0.2857142957142857
 40
0.428571428571429
 40
0.428571428571429
 40
0.428571428571429
 40
0.4285714385714289
 40
0.5714285714285714
 40
0.5714285714285714
 40
0.5714285714285714
 40
0.5714285814285715
 40
0.7142857142857145
 40
0.7142857142857145
 40
0.7142857142857145
 40
0.7142857242857146
 40
1.0
 40
1.0
 40
1.0
 40
1.0
 10
991.0820911674219
 20
525.2260718284218
 30
0.0
 10
991.0820911674219
 20
525.2260718284218
 30
0.0
 10
991.350195687232
 20
525.2260718284218
 30
0.0
 10
991.350195687232
 20
525.2260718284218
 30
0.0
 10
991.350195687232
 20
525.2260718284218
 30
0.0
 10
991.350195687232
 20
525.3734509211831
 30
0.0
 10
991.2299928810899
 20
525.4936537273388
 30
0.0
 10
991.0820911674219
 20
525.4936537273388
 30
0.0
 10
991.0820911674219
 20
525.4936537273388
 30
0.0
 10
990.9347120746657
 20
525.4936537273388
 30
0.0
 10
990.8145092685163
 20
525.3734509211831
 30
0.0
 10
990.8145092685163
 20
525.2260718284218
 30
0.0
 10
990.8145092685163
 20
525.2260718284218
 30
0.0
 10
990.8145092685163
 20
525.0781701147626
 30
0.0
 10
990.9347120746657
 20
524.9579673086066
 30
0.0
 10
991.0820911674219
 20
524.9579673086066
 30
0.0
 10
991.0820911674219
 20
524.9579673086066
 30
0.0
 10
991.2299928810899
 20
524.9579673086066
 30
0.0
 10
991.350195687232
 20
525.0781701147626
 30
0.0
 10
991.350195687232
 20
525.2260718284218
 30
0.0
 10
991.350195687232
 20
525.2260718284218
 30
0.0
 10
991.350195687232
 20
525.2260718284218
 30
0.0
 10
991.0820911674219
 20
525.2260718284218
 30
0.0
 10
991.0820911674219
 20
525.2260718284218
 30
0.0
  0
SPLINE
  5
7AC
330
1F
100
AcDbEntity
  8
ºöåçæÄ
370
     0
100
AcDbSpline
210
0.0
220
0.0
230
0.0
 70
    24
 71
     3
 72
     8
 73
     4
 74
     0
 42
0.000000001
 43
0.0000000001
 40
0.0
 40
0.0
 40
0.0
 40
0.0
 40
1.0
 40
1.0
 40
1.0
 40
1.0
 10
982.0773331238031
 20
513.5329518941126
 30
0.0
 10
982.0773331238031
 20
513.5329518941126
 30
0.0
 10
984.7024578860352
 20
516.1580766563372
 30
0.0
 10
984.7024578860352
 20
516.1580766563372
 30
0.0
  0
SPLINE
  5
7AD
330
1F
100
AcDbEntity
  8
ºöåçæÄ
370
     0
100
AcDbSpline
210
0.0
220
0.0
230
1.0
 70
    11
 71
     3
 72
    28
 73
    24
 74
     0
 42
0.000000001
 43
0.0000000001
 40
0.0
 40
0.0
 40
0.0
 40
0.0
 40
0.1428571428571428
 40
0.1428571428571428
 40
0.1428571428571428
 40
0.1428571528571428
 40
0.2857142857142857
 40
0.2857142857142857
 40
0.2857142857142857
 40
0.2857142957142857
 40
0.428571428571429
 40
0.428571428571429
 40
0.428571428571429
 40
0.4285714385714289
 40
0.5714285714285714
 40
0.5714285714285714
 40
0.5714285714285714
 40
0.5714285814285715
 40
0.7142857142857145
 40
0.7142857142857145
 40
0.7142857142857145
 40
0.7142857242857146
 40
1.0
 40
1.0
 40
1.0
 40
1.0
 10
985.3729804960023
 20
516.8291218872139
 30
0.0
 10
985.3729804960023
 20
516.8291218872139
 30
0.0
 10
985.6410850158161
 20
516.8291218872139
 30
0.0
 10
985.6410850158161
 20
516.8291218872139
 30
0.0
 10
985.6410850158161
 20
516.8291218872139
 30
0.0
 10
985.6410850158161
 20
516.9770236008746
 30
0.0
 10
985.5208822096599
 20
517.0972264070289
 30
0.0
 10
985.3729804960023
 20
517.0972264070289
 30
0.0
 10
985.3729804960023
 20
517.0972264070289
 30
0.0
 10
985.2256014032391
 20
517.0972264070289
 30
0.0
 10
985.1048759761853
 20
516.9770236008746
 30
0.0
 10
985.1048759761853
 20
516.8291218872139
 30
0.0
 10
985.1048759761853
 20
516.8291218872139
 30
0.0
 10
985.1048759761853
 20
516.6817427944515
 30
0.0
 10
985.2256014032391
 20
516.561017367404
 30
0.0
 10
985.3729804960023
 20
516.561017367404
 30
0.0
 10
985.3729804960023
 20
516.561017367404
 30
0.0
 10
985.5208822096599
 20
516.561017367404
 30
0.0
 10
985.6410850158161
 20
516.6817427944515
 30
0.0
 10
985.6410850158161
 20
516.8291218872139
 30
0.0
 10
985.6410850158161
 20
516.8291218872139
 30
0.0
 10
985.6410850158161
 20
516.8291218872139
 30
0.0
 10
985.3729804960023
 20
516.8291218872139
 30
0.0
 10
985.3729804960023
 20
516.8291218872139
 30
0.0
  0
SPLINE
  5
7AE
330
1F
100
AcDbEntity
  8
ºöåçæÄ
370
     0
100
AcDbSpline
210
0.0
220
0.0
230
1.0
 70
    11
 71
     3
 72
    28
 73
    24
 74
     0
 42
0.000000001
 43
0.0000000001
 40
0.0
 40
0.0
 40
0.0
 40
0.0
 40
0.1428571428571428
 40
0.1428571428571428
 40
0.1428571428571428
 40
0.1428571528571428
 40
0.2857142857142857
 40
0.2857142857142857
 40
0.2857142857142857
 40
0.2857142957142857
 40
0.428571428571429
 40
0.428571428571429
 40
0.428571428571429
 40
0.4285714385714289
 40
0.5714285714285714
 40
0.5714285714285714
 40
0.5714285714285714
 40
0.5714285814285715
 40
0.7142857142857145
 40
0.7142857142857145
 40
0.7142857142857145
 40
0.7142857242857146
 40
1.0
 40
1.0
 40
1.0
 40
1.0
 10
984.7641271517854
 20
513.5334745150095
 30
0.0
 10
984.7641271517854
 20
513.5334745150095
 30
0.0
 10
985.032231671599
 20
513.5334745150095
 30
0.0
 10
985.032231671599
 20
513.5334745150095
 30
0.0
 10
985.032231671599
 20
513.5334745150095
 30
0.0
 10
985.032231671599
 20
513.6813762286683
 30
0.0
 10
984.9120288654535
 20
513.8015790348203
 30
0.0
 10
984.7641271517854
 20
513.8015790348203
 30
0.0
 10
984.7641271517854
 20
513.8015790348203
 30
0.0
 10
984.6167480590255
 20
513.8015790348203
 30
0.0
 10
984.4965452528695
 20
513.6813762286683
 30
0.0
 10
984.4965452528695
 20
513.5334745150095
 30
0.0
 10
984.4965452528695
 20
513.5334745150095
 30
0.0
 10
984.4965452528695
 20
513.3860954222462
 30
0.0
 10
984.6167480590255
 20
513.265369995195
 30
0.0
 10
984.7641271517854
 20
513.265369995195
 30
0.0
 10
984.7641271517854
 20
513.265369995195
 30
0.0
 10
984.9120288654535
 20
513.265369995195
 30
0.0
 10
985.032231671599
 20
513.3860954222462
 30
0.0
 10
985.032231671599
 20
513.5334745150095
 30
0.0
 10
985.032231671599
 20
513.5334745150095
 30
0.0
 10
985.032231671599
 20
513.5334745150095
 30
0.0
 10
984.7641271517854
 20
513.5334745150095
 30
0.0
 10
984.7641271517854
 20
513.5334745150095
 30
0.0
  0
SPLINE
  5
7AF
330
1F
100
AcDbEntity
  8
ºöåçæÄ
370
     0
100
AcDbSpline
210
0.0
220
0.0
230
0.0
 70
    24
 71
     3
 72
     8
 73
     4
 74
     0
 42
0.000000001
 43
0.0000000001
 40
0.0
 40
0.0
 40
0.0
 40
0.0
 40
1.0
 40
1.0
 40
1.0
 40
1.0
 10
985.0390257432506
 20
513.8068052437854
 30
0.0
 10
985.0390257432506
 20
513.8068052437854
 30
0.0
 10
985.5470132544787
 20
514.3174058594905
 30
0.0
 10
985.5470132544787
 20
514.3174058594905
 30
0.0
  0
SPLINE
  5
7B0
330
1F
100
AcDbEntity
  8
ºöåçæÄ
370
     0
100
AcDbSpline
210
0.0
220
0.0
230
0.0
 70
    24
 71
     3
 72
     8
 73
     4
 74
     0
 42
0.000000001
 43
0.0000000001
 40
0.0
 40
0.0
 40
0.0
 40
0.0
 40
1.0
 40
1.0
 40
1.0
 40
1.0
 10
989.3935030514079
 20
520.8491218217244
 30
0.0
 10
989.3935030514079
 20
520.8491218217244
 30
0.0
 10
989.4044780902408
 20
520.8574837560645
 30
0.0
 10
989.4044780902408
 20
520.8574837560645
 30
0.0
  0
SPLINE
  5
7B1
330
1F
100
AcDbEntity
  8
ºöåçæÄ
370
     0
100
AcDbSpline
210
0.0
220
0.0
230
1.0
 70
    11
 71
     3
 72
    28
 73
    24
 74
     0
 42
0.000000001
 43
0.0000000001
 40
0.0
 40
0.0
 40
0.0
 40
0.0
 40
0.1428571428571428
 40
0.1428571428571428
 40
0.1428571428571428
 40
0.1428571528571428
 40
0.2857142857142857
 40
0.2857142857142857
 40
0.2857142857142857
 40
0.2857142957142857
 40
0.428571428571429
 40
0.428571428571429
 40
0.428571428571429
 40
0.4285714385714289
 40
0.5714285714285714
 40
0.5714285714285714
 40
0.5714285714285714
 40
0.5714285814285715
 40
0.7142857142857145
 40
0.7142857142857145
 40
0.7142857142857145
 40
0.7142857242857146
 40
1.0
 40
1.0
 40
1.0
 40
1.0
 10
990.0750007002116
 20
521.5311420914243
 30
0.0
 10
990.0750007002116
 20
521.5311420914243
 30
0.0
 10
990.343105220025
 20
521.5311420914243
 30
0.0
 10
990.343105220025
 20
521.5311420914243
 30
0.0
 10
990.343105220025
 20
521.5311420914243
 30
0.0
 10
990.343105220025
 20
521.6790438050841
 30
0.0
 10
990.222902413876
 20
521.7992466112366
 30
0.0
 10
990.0750007002116
 20
521.7992466112366
 30
0.0
 10
990.0750007002116
 20
521.7992466112366
 30
0.0
 10
989.9276216074552
 20
521.7992466112366
 30
0.0
 10
989.8068961804119
 20
521.6790438050841
 30
0.0
 10
989.8068961804119
 20
521.5311420914243
 30
0.0
 10
989.8068961804119
 20
521.5311420914243
 30
0.0
 10
989.8068961804119
 20
521.383762998662
 30
0.0
 10
989.9276216074552
 20
521.2630375716116
 30
0.0
 10
990.0750007002116
 20
521.2630375716116
 30
0.0
 10
990.0750007002116
 20
521.2630375716116
 30
0.0
 10
990.222902413876
 20
521.2630375716116
 30
0.0
 10
990.343105220025
 20
521.383762998662
 30
0.0
 10
990.343105220025
 20
521.5311420914243
 30
0.0
 10
990.343105220025
 20
521.5311420914243
 30
0.0
 10
990.343105220025
 20
521.5311420914243
 30
0.0
 10
990.0750007002116
 20
521.5311420914243
 30
0.0
 10
990.0750007002116
 20
521.5311420914243
 30
0.0
  0
SPLINE
  5
7B2
330
1F
100
AcDbEntity
  8
ºöåçæÄ
370
     0
100
AcDbSpline
210
0.0
220
0.0
230
0.0
 70
    24
 71
     3
 72
     8
 73
     4
 74
     0
 42
0.000000001
 43
0.0000000001
 40
0.0
 40
0.0
 40
0.0
 40
0.0
 40
1.0
 40
1.0
 40
1.0
 40
1.0
 10
990.7481364146773
 20
522.2011420805101
 30
0.0
 10
990.7481364146773
 20
522.2011420805101
 30
0.0
 10
994.0892518048627
 20
525.544870575178
 30
0.0
 10
994.0892518048627
 20
525.544870575178
 30
0.0
  0
SPLINE
  5
7B3
330
1F
100
AcDbEntity
  8
ºöåçæÄ
370
     0
100
AcDbSpline
210
0.0
220
0.0
230
1.0
 70
    11
 71
     3
 72
    28
 73
    24
 74
     0
 42
0.000000001
 43
0.0000000001
 40
0.0
 40
0.0
 40
0.0
 40
0.0
 40
0.1428571428571428
 40
0.1428571428571428
 40
0.1428571428571428
 40
0.1428571528571428
 40
0.2857142857142857
 40
0.2857142857142857
 40
0.2857142857142857
 40
0.2857142957142857
 40
0.428571428571429
 40
0.428571428571429
 40
0.428571428571429
 40
0.4285714385714289
 40
0.5714285714285714
 40
0.5714285714285714
 40
0.5714285714285714
 40
0.5714285814285715
 40
0.7142857142857145
 40
0.7142857142857145
 40
0.7142857142857145
 40
0.7142857242857146
 40
1.0
 40
1.0
 40
1.0
 40
1.0
 10
989.3935030514079
 20
518.1628504146276
 30
0.0
 10
989.3935030514079
 20
518.1628504146276
 30
0.0
 10
989.6610849503376
 20
518.1628504146276
 30
0.0
 10
989.6610849503376
 20
518.1628504146276
 30
0.0
 10
989.6610849503376
 20
518.1628504146276
 30
0.0
 10
989.6610849503376
 20
518.310229507392
 30
0.0
 10
989.5408821441645
 20
518.4304323135468
 30
0.0
 10
989.3935030514079
 20
518.4304323135468
 30
0.0
 10
989.3935030514079
 20
518.4304323135468
 30
0.0
 10
989.245601337747
 20
518.4304323135468
 30
0.0
 10
989.1253985316014
 20
518.310229507392
 30
0.0
 10
989.1253985316014
 20
518.1628504146276
 30
0.0
 10
989.1253985316014
 20
518.1628504146276
 30
0.0
 10
989.1253985316014
 20
518.014948700971
 30
0.0
 10
989.245601337747
 20
517.8947458948162
 30
0.0
 10
989.3935030514079
 20
517.8947458948162
 30
0.0
 10
989.3935030514079
 20
517.8947458948162
 30
0.0
 10
989.5408821441645
 20
517.8947458948162
 30
0.0
 10
989.6610849503376
 20
518.014948700971
 30
0.0
 10
989.6610849503376
 20
518.1628504146276
 30
0.0
 10
989.6610849503376
 20
518.1628504146276
 30
0.0
 10
989.6610849503376
 20
518.1628504146276
 30
0.0
 10
989.3935030514079
 20
518.1628504146276
 30
0.0
 10
989.3935030514079
 20
518.1628504146276
 30
0.0
  0
SPLINE
  5
7B4
330
1F
100
AcDbEntity
  8
ºöåçæÄ
370
     0
100
AcDbSpline
210
0.0
220
0.0
230
0.0
 70
    24
 71
     3
 72
     8
 73
     4
 74
     0
 42
0.000000001
 43
0.0000000001
 40
0.0
 40
0.0
 40
0.0
 40
0.0
 40
1.0
 40
1.0
 40
1.0
 40
1.0
 10
989.738432842982
 20
518.5072575853041
 30
0.0
 10
989.738432842982
 20
518.5072575853041
 30
0.0
 10
993.0967947227406
 20
521.8671873277599
 30
0.0
 10
993.0967947227406
 20
521.8671873277599
 30
0.0
  0
SPLINE
  5
7B5
330
1F
100
AcDbEntity
  8
ºöåçæÄ
370
     0
100
AcDbSpline
210
0.0
220
0.0
230
1.0
 70
    11
 71
     3
 72
    28
 73
    24
 74
     0
 42
0.000000001
 43
0.0000000001
 40
0.0
 40
0.0
 40
0.0
 40
0.0
 40
0.1428571428571428
 40
0.1428571428571428
 40
0.1428571428571428
 40
0.1428571528571428
 40
0.2857142857142857
 40
0.2857142857142857
 40
0.2857142857142857
 40
0.2857142957142857
 40
0.428571428571429
 40
0.428571428571429
 40
0.428571428571429
 40
0.4285714385714289
 40
0.5714285714285714
 40
0.5714285714285714
 40
0.5714285714285714
 40
0.5714285814285715
 40
0.7142857142857145
 40
0.7142857142857145
 40
0.7142857142857145
 40
0.7142857242857146
 40
1.0
 40
1.0
 40
1.0
 40
1.0
 10
993.7699304372099
 20
522.5382325586374
 30
0.0
 10
993.7699304372099
 20
522.5382325586374
 30
0.0
 10
994.037512336126
 20
522.5382325586374
 30
0.0
 10
994.037512336126
 20
522.5382325586374
 30
0.0
 10
994.037512336126
 20
522.5382325586374
 30
0.0
 10
994.037512336126
 20
522.6861342722943
 30
0.0
 10
993.9173095299697
 20
522.8063370784489
 30
0.0
 10
993.7699304372099
 20
522.8063370784489
 30
0.0
 10
993.7699304372099
 20
522.8063370784489
 30
0.0
 10
993.6220287235595
 20
522.8063370784489
 30
0.0
 10
993.5018259173965
 20
522.6861342722943
 30
0.0
 10
993.5018259173965
 20
522.5382325586374
 30
0.0
 10
993.5018259173965
 20
522.5382325586374
 30
0.0
 10
993.5018259173965
 20
522.3908534658733
 30
0.0
 10
993.6220287235595
 20
522.2706506597187
 30
0.0
 10
993.7699304372099
 20
522.2706506597187
 30
0.0
 10
993.7699304372099
 20
522.2706506597187
 30
0.0
 10
993.9173095299697
 20
522.2706506597187
 30
0.0
 10
994.037512336126
 20
522.3908534658733
 30
0.0
 10
994.037512336126
 20
522.5382325586374
 30
0.0
 10
994.037512336126
 20
522.5382325586374
 30
0.0
 10
994.037512336126
 20
522.5382325586374
 30
0.0
 10
993.7699304372099
 20
522.5382325586374
 30
0.0
 10
993.7699304372099
 20
522.5382325586374
 30
0.0
  0
SPLINE
  5
7B6
330
1F
100
AcDbEntity
  8
ºöåçæÄ
370
     0
100
AcDbSpline
210
0.0
220
0.0
230
0.0
 70
    24
 71
     3
 72
     8
 73
     4
 74
     0
 42
0.000000001
 43
0.0000000001
 40
0.0
 40
0.0
 40
0.0
 40
0.0
 40
1.0
 40
1.0
 40
1.0
 40
1.0
 10
994.4404530471839
 20
523.2082325477223
 30
0.0
 10
994.4404530471839
 20
523.2082325477223
 30
0.0
 10
996.7770910746438
 20
525.544870575178
 30
0.0
 10
996.7770910746438
 20
525.544870575178
 30
0.0
  0
SPLINE
  5
7B7
330
1F
100
AcDbEntity
  8
ºöåçæÄ
370
     0
100
AcDbSpline
210
0.0
220
0.0
230
0.0
 70
    24
 71
     3
 72
     8
 73
     4
 74
     0
 42
0.000000001
 43
0.0000000001
 40
0.0
 40
0.0
 40
0.0
 40
0.0
 40
1.0
 40
1.0
 40
1.0
 40
1.0
 10
989.3935030514079
 20
515.4760563866381
 30
0.0
 10
989.3935030514079
 20
515.4760563866381
 30
0.0
 10
992.0897042555335
 20
518.1722575907634
 30
0.0
 10
992.0897042555335
 20
518.1722575907634
 30
0.0
  0
SPLINE
  5
7B8
330
1F
100
AcDbEntity
  8
ºöåçæÄ
370
     0
100
AcDbSpline
210
0.0
220
0.0
230
1.0
 70
    11
 71
     3
 72
    28
 73
    24
 74
     0
 42
0.000000001
 43
0.0000000001
 40
0.0
 40
0.0
 40
0.0
 40
0.0
 40
0.1428571428571428
 40
0.1428571428571428
 40
0.1428571428571428
 40
0.1428571528571428
 40
0.2857142857142857
 40
0.2857142857142857
 40
0.2857142857142857
 40
0.2857142957142857
 40
0.428571428571429
 40
0.428571428571429
 40
0.428571428571429
 40
0.4285714385714289
 40
0.5714285714285714
 40
0.5714285714285714
 40
0.5714285714285714
 40
0.5714285814285715
 40
0.7142857142857145
 40
0.7142857142857145
 40
0.7142857142857145
 40
0.7142857242857146
 40
1.0
 40
1.0
 40
1.0
 40
1.0
 10
992.760226865518
 20
518.8438254425371
 30
0.0
 10
992.760226865518
 20
518.8438254425371
 30
0.0
 10
993.0283313853214
 20
518.8438254425371
 30
0.0
 10
993.0283313853214
 20
518.8438254425371
 30
0.0
 10
993.0283313853214
 20
518.8438254425371
 30
0.0
 10
993.0283313853214
 20
518.9912045353
 30
0.0
 10
992.9076059582783
 20
519.111407341454
 30
0.0
 10
992.760226865518
 20
519.111407341454
 30
0.0
 10
992.760226865518
 20
519.111407341454
 30
0.0
 10
992.612325151868
 20
519.111407341454
 30
0.0
 10
992.4921223457079
 20
518.9912045353
 30
0.0
 10
992.4921223457079
 20
518.8438254425371
 30
0.0
 10
992.4921223457079
 20
518.8438254425371
 30
0.0
 10
992.4921223457079
 20
518.6959237288788
 30
0.0
 10
992.612325151868
 20
518.5757209227221
 30
0.0
 10
992.760226865518
 20
518.5757209227221
 30
0.0
 10
992.760226865518
 20
518.5757209227221
 30
0.0
 10
992.9076059582783
 20
518.5757209227221
 30
0.0
 10
993.0283313853214
 20
518.6959237288788
 30
0.0
 10
993.0283313853214
 20
518.8438254425371
 30
0.0
 10
993.0283313853214
 20
518.8438254425371
 30
0.0
 10
993.0283313853214
 20
518.8438254425371
 30
0.0
 10
992.760226865518
 20
518.8438254425371
 30
0.0
 10
992.760226865518
 20
518.8438254425371
 30
0.0
  0
SPLINE
  5
7B9
330
1F
100
AcDbEntity
  8
ºöåçæÄ
370
     0
100
AcDbSpline
210
0.0
220
0.0
230
0.0
 70
    24
 71
     3
 72
     8
 73
     4
 74
     0
 42
0.000000001
 43
0.0000000001
 40
0.0
 40
0.0
 40
0.0
 40
0.0
 40
1.0
 40
1.0
 40
1.0
 40
1.0
 10
993.4333625799768
 20
519.5159159152072
 30
0.0
 10
993.4333625799768
 20
519.5159159152072
 30
0.0
 10
996.7917244597495
 20
522.874277794971
 30
0.0
 10
996.7917244597495
 20
522.874277794971
 30
0.0
  0
SPLINE
  5
7BA
330
1F
100
AcDbEntity
  8
ºöåçæÄ
370
     0
100
AcDbSpline
210
0.0
220
0.0
230
1.0
 70
    11
 71
     3
 72
    28
 73
    24
 74
     0
 42
0.000000001
 43
0.0000000001
 40
0.0
 40
0.0
 40
0.0
 40
0.0
 40
0.1428571428571428
 40
0.1428571428571428
 40
0.1428571428571428
 40
0.1428571528571428
 40
0.2857142857142857
 40
0.2857142857142857
 40
0.2857142857142857
 40
0.2857142957142857
 40
0.428571428571429
 40
0.428571428571429
 40
0.428571428571429
 40
0.4285714385714289
 40
0.5714285714285714
 40
0.5714285714285714
 40
0.5714285714285714
 40
0.5714285814285715
 40
0.7142857142857145
 40
0.7142857142857145
 40
0.7142857142857145
 40
0.7142857242857146
 40
1.0
 40
1.0
 40
1.0
 40
1.0
 10
997.4622470697342
 20
523.5458456467447
 30
0.0
 10
997.4622470697342
 20
523.5458456467447
 30
0.0
 10
997.730351589548
 20
523.5458456467447
 30
0.0
 10
997.730351589548
 20
523.5458456467447
 30
0.0
 10
997.730351589548
 20
523.5458456467447
 30
0.0
 10
997.730351589548
 20
523.6932247395076
 30
0.0
 10
997.6096261624906
 20
523.8134275456642
 30
0.0
 10
997.4622470697342
 20
523.8134275456642
 30
0.0
 10
997.4622470697342
 20
523.8134275456642
 30
0.0
 10
997.3143453560592
 20
523.8134275456642
 30
0.0
 10
997.1941425499066
 20
523.6932247395076
 30
0.0
 10
997.1941425499066
 20
523.5458456467447
 30
0.0
 10
997.1941425499066
 20
523.5458456467447
 30
0.0
 10
997.1941425499066
 20
523.3979439330871
 30
0.0
 10
997.3143453560592
 20
523.2777411269323
 30
0.0
 10
997.4622470697342
 20
523.2777411269323
 30
0.0
 10
997.4622470697342
 20
523.2777411269323
 30
0.0
 10
997.6096261624906
 20
523.2777411269323
 30
0.0
 10
997.730351589548
 20
523.3979439330871
 30
0.0
 10
997.730351589548
 20
523.5458456467447
 30
0.0
 10
997.730351589548
 20
523.5458456467447
 30
0.0
 10
997.730351589548
 20
523.5458456467447
 30
0.0
 10
997.4622470697342
 20
523.5458456467447
 30
0.0
 10
997.4622470697342
 20
523.5458456467447
 30
0.0
  0
SPLINE
  5
7BB
330
1F
100
AcDbEntity
  8
ºöåçæÄ
370
     0
100
AcDbSpline
210
0.0
220
0.0
230
0.0
 70
    24
 71
     3
 72
     8
 73
     4
 74
     0
 42
0.000000001
 43
0.0000000001
 40
0.0
 40
0.0
 40
0.0
 40
0.0
 40
1.0
 40
1.0
 40
1.0
 40
1.0
 10
998.1353827841859
 20
524.2163682567259
 30
0.0
 10
998.1353827841859
 20
524.2163682567259
 30
0.0
 10
999.462317239954
 20
525.544870575178
 30
0.0
 10
999.462317239954
 20
525.544870575178
 30
0.0
  0
SPLINE
  5
7BC
330
1F
100
AcDbEntity
  8
ºöåçæÄ
370
     0
100
AcDbSpline
210
0.0
220
0.0
230
0.0
 70
    24
 71
     3
 72
     8
 73
     4
 74
     0
 42
0.000000001
 43
0.0000000001
 40
0.0
 40
0.0
 40
0.0
 40
0.0
 40
1.0
 40
1.0
 40
1.0
 40
1.0
 10
990.1371925868696
 20
513.5329518941126
 30
0.0
 10
990.1371925868696
 20
513.5329518941126
 30
0.0
 10
991.0820911674219
 20
514.4773278537646
 30
0.0
 10
991.0820911674219
 20
514.4773278537646
 30
0.0
  0
SPLINE
  5
7BD
330
1F
100
AcDbEntity
  8
ºöåçæÄ
370
     0
100
AcDbSpline
210
0.0
220
0.0
230
1.0
 70
    11
 71
     3
 72
    28
 73
    24
 74
     0
 42
0.000000001
 43
0.0000000001
 40
0.0
 40
0.0
 40
0.0
 40
0.0
 40
0.1428571428571428
 40
0.1428571428571428
 40
0.1428571428571428
 40
0.1428571528571428
 40
0.2857142857142857
 40
0.2857142857142857
 40
0.2857142857142857
 40
0.2857142957142857
 40
0.428571428571429
 40
0.428571428571429
 40
0.428571428571429
 40
0.4285714385714289
 40
0.5714285714285714
 40
0.5714285714285714
 40
0.5714285714285714
 40
0.5714285814285715
 40
0.7142857142857145
 40
0.7142857142857145
 40
0.7142857142857145
 40
0.7142857242857146
 40
1.0
 40
1.0
 40
1.0
 40
1.0
 10
991.7552268818878
 20
515.1515088100219
 30
0.0
 10
991.7552268818878
 20
515.1515088100219
 30
0.0
 10
992.0233314017014
 20
515.1515088100219
 30
0.0
 10
992.0233314017014
 20
515.1515088100219
 30
0.0
 10
992.0233314017014
 20
515.1515088100219
 30
0.0
 10
992.0233314017014
 20
515.2988879027843
 30
0.0
 10
991.9031285955457
 20
515.4190907089389
 30
0.0
 10
991.7552268818878
 20
515.4190907089389
 30
0.0
 10
991.7552268818878
 20
515.4190907089389
 30
0.0
 10
991.6078477891245
 20
515.4190907089389
 30
0.0
 10
991.4876449829719
 20
515.2988879027843
 30
0.0
 10
991.4876449829719
 20
515.1515088100219
 30
0.0
 10
991.4876449829719
 20
515.1515088100219
 30
0.0
 10
991.4876449829719
 20
515.0036070963643
 30
0.0
 10
991.6078477891245
 20
514.8834042902096
 30
0.0
 10
991.7552268818878
 20
514.8834042902096
 30
0.0
 10
991.7552268818878
 20
514.8834042902096
 30
0.0
 10
991.9031285955457
 20
514.8834042902096
 30
0.0
 10
992.0233314017014
 20
515.0036070963643
 30
0.0
 10
992.0233314017014
 20
515.1515088100219
 30
0.0
 10
992.0233314017014
 20
515.1515088100219
 30
0.0
 10
992.0233314017014
 20
515.1515088100219
 30
0.0
 10
991.7552268818878
 20
515.1515088100219
 30
0.0
 10
991.7552268818878
 20
515.1515088100219
 30
0.0
  0
SPLINE
  5
7BE
330
1F
100
AcDbEntity
  8
ºöåçæÄ
370
     0
100
AcDbSpline
210
0.0
220
0.0
230
0.0
 70
    24
 71
     3
 72
     8
 73
     4
 74
     0
 42
0.000000001
 43
0.0000000001
 40
0.0
 40
0.0
 40
0.0
 40
0.0
 40
1.0
 40
1.0
 40
1.0
 40
1.0
 10
992.4262721127631
 20
515.8215087991067
 30
0.0
 10
992.4262721127631
 20
515.8215087991067
 30
0.0
 10
995.7841113716416
 20
519.179348057974
 30
0.0
 10
995.7841113716416
 20
519.179348057974
 30
0.0
  0
SPLINE
  5
7BF
330
1F
100
AcDbEntity
  8
ºöåçæÄ
370
     0
100
AcDbSpline
210
0.0
220
0.0
230
1.0
 70
    11
 71
     3
 72
    28
 73
    24
 74
     0
 42
0.000000001
 43
0.0000000001
 40
0.0
 40
0.0
 40
0.0
 40
0.0
 40
0.1428571428571428
 40
0.1428571428571428
 40
0.1428571428571428
 40
0.1428571528571428
 40
0.2857142857142857
 40
0.2857142857142857
 40
0.2857142857142857
 40
0.2857142957142857
 40
0.428571428571429
 40
0.428571428571429
 40
0.428571428571429
 40
0.4285714385714289
 40
0.5714285714285714
 40
0.5714285714285714
 40
0.5714285714285714
 40
0.5714285814285715
 40
0.7142857142857145
 40
0.7142857142857145
 40
0.7142857142857145
 40
0.7142857242857146
 40
1.0
 40
1.0
 40
1.0
 40
1.0
 10
996.4551566025097
 20
519.8535290142297
 30
0.0
 10
996.4551566025097
 20
519.8535290142297
 30
0.0
 10
996.7227385014398
 20
519.8535290142297
 30
0.0
 10
996.7227385014398
 20
519.8535290142297
 30
0.0
 10
996.7227385014398
 20
519.8535290142297
 30
0.0
 10
996.7227385014398
 20
520.0009081069947
 30
0.0
 10
996.6025356952659
 20
520.1211109131496
 30
0.0
 10
996.4551566025097
 20
520.1211109131496
 30
0.0
 10
996.4551566025097
 20
520.1211109131496
 30
0.0
 10
996.3072548888522
 20
520.1211109131496
 30
0.0
 10
996.1870520826924
 20
520.0009081069947
 30
0.0
 10
996.1870520826924
 20
519.8535290142297
 30
0.0
 10
996.1870520826924
 20
519.8535290142297
 30
0.0
 10
996.1870520826924
 20
519.7056273005722
 30
0.0
 10
996.3072548888522
 20
519.5854244944178
 30
0.0
 10
996.4551566025097
 20
519.5854244944178
 30
0.0
 10
996.4551566025097
 20
519.5854244944178
 30
0.0
 10
996.6025356952659
 20
519.5854244944178
 30
0.0
 10
996.7227385014398
 20
519.7056273005722
 30
0.0
 10
996.7227385014398
 20
519.8535290142297
 30
0.0
 10
996.7227385014398
 20
519.8535290142297
 30
0.0
 10
996.7227385014398
 20
519.8535290142297
 30
0.0
 10
996.4551566025097
 20
519.8535290142297
 30
0.0
 10
996.4551566025097
 20
519.8535290142297
 30
0.0
  0
SPLINE
  5
7C0
330
1F
100
AcDbEntity
  8
ºöåçæÄ
370
     0
100
AcDbSpline
210
0.0
220
0.0
230
0.0
 70
    24
 71
     3
 72
     8
 73
     4
 74
     0
 42
0.000000001
 43
0.0000000001
 40
0.0
 40
0.0
 40
0.0
 40
0.0
 40
1.0
 40
1.0
 40
1.0
 40
1.0
 10
997.1282923169788
 20
520.5235290033145
 30
0.0
 10
997.1282923169788
 20
520.5235290033145
 30
0.0
 10
1000.48613157584
 20
523.8798003994968
 30
0.0
 10
1000.48613157584
 20
523.8798003994968
 30
0.0
  0
SPLINE
  5
7C1
330
1F
100
AcDbEntity
  8
ºöåçæÄ
370
     0
100
AcDbSpline
210
0.0
220
0.0
230
1.0
 70
    11
 71
     3
 72
    28
 73
    24
 74
     0
 42
0.000000001
 43
0.0000000001
 40
0.0
 40
0.0
 40
0.0
 40
0.0
 40
0.1428571428571428
 40
0.1428571428571428
 40
0.1428571428571428
 40
0.1428571528571428
 40
0.2857142857142857
 40
0.2857142857142857
 40
0.2857142857142857
 40
0.2857142957142857
 40
0.428571428571429
 40
0.428571428571429
 40
0.428571428571429
 40
0.4285714385714289
 40
0.5714285714285714
 40
0.5714285714285714
 40
0.5714285714285714
 40
0.5714285814285715
 40
0.7142857142857145
 40
0.7142857142857145
 40
0.7142857142857145
 40
0.7142857242857146
 40
1.0
 40
1.0
 40
1.0
 40
1.0
 10
1001.157176806719
 20
524.5529361139587
 30
0.0
 10
1001.157176806719
 20
524.5529361139587
 30
0.0
 10
1001.424758705645
 20
524.5529361139587
 30
0.0
 10
1001.424758705645
 20
524.5529361139587
 30
0.0
 10
1001.424758705645
 20
524.5529361139587
 30
0.0
 10
1001.424758705645
 20
524.7003152067218
 30
0.0
 10
1001.304555899475
 20
524.8210406337703
 30
0.0
 10
1001.157176806719
 20
524.8210406337703
 30
0.0
 10
1001.157176806719
 20
524.8210406337703
 30
0.0
 10
1001.009275093061
 20
524.8210406337703
 30
0.0
 10
1000.889072286919
 20
524.7003152067218
 30
0.0
 10
1000.889072286919
 20
524.5529361139587
 30
0.0
 10
1000.889072286919
 20
524.5529361139587
 30
0.0
 10
1000.889072286919
 20
524.4050344003012
 30
0.0
 10
1001.009275093061
 20
524.2848315941463
 30
0.0
 10
1001.157176806719
 20
524.2848315941463
 30
0.0
 10
1001.157176806719
 20
524.2848315941463
 30
0.0
 10
1001.304555899475
 20
524.2848315941463
 30
0.0
 10
1001.424758705645
 20
524.4050344003012
 30
0.0
 10
1001.424758705645
 20
524.5529361139587
 30
0.0
 10
1001.424758705645
 20
524.5529361139587
 30
0.0
 10
1001.424758705645
 20
524.5529361139587
 30
0.0
 10
1001.157176806719
 20
524.5529361139587
 30
0.0
 10
1001.157176806719
 20
524.5529361139587
 30
0.0
  0
SPLINE
  5
7C2
330
1F
100
AcDbEntity
  8
ºöåçæÄ
370
     0
100
AcDbSpline
210
0.0
220
0.0
230
0.0
 70
    24
 71
     3
 72
     8
 73
     4
 74
     0
 42
0.000000001
 43
0.0000000001
 40
0.0
 40
0.0
 40
0.0
 40
0.0
 40
1.0
 40
1.0
 40
1.0
 40
1.0
 10
1001.830312521181
 20
525.2255492075253
 30
0.0
 10
1001.830312521181
 20
525.2255492075253
 30
0.0
 10
1002.149633888841
 20
525.544870575178
 30
0.0
 10
1002.149633888841
 20
525.544870575178
 30
0.0
  0
SPLINE
  5
7C3
330
1F
100
AcDbEntity
  8
ºöåçæÄ
370
     0
100
AcDbSpline
210
0.0
220
0.0
230
0.0
 70
    24
 71
     3
 72
     8
 73
     4
 74
     0
 42
0.000000001
 43
0.0000000001
 40
0.0
 40
0.0
 40
0.0
 40
0.0
 40
1.0
 40
1.0
 40
1.0
 40
1.0
 10
992.8245092357601
 20
513.5329518941126
 30
0.0
 10
992.8245092357601
 20
513.5329518941126
 30
0.0
 10
994.7770209044307
 20
515.4849409418757
 30
0.0
 10
994.7770209044307
 20
515.4849409418757
 30
0.0
  0
SPLINE
  5
7C4
330
1F
100
AcDbEntity
  8
ºöåçæÄ
370
     0
100
AcDbSpline
210
0.0
220
0.0
230
1.0
 70
    11
 71
     3
 72
    28
 73
    24
 74
     0
 42
0.000000001
 43
0.0000000001
 40
0.0
 40
0.0
 40
0.0
 40
0.0
 40
0.1428571428571428
 40
0.1428571428571428
 40
0.1428571428571428
 40
0.1428571528571428
 40
0.2857142857142857
 40
0.2857142857142857
 40
0.2857142857142857
 40
0.2857142957142857
 40
0.428571428571429
 40
0.428571428571429
 40
0.428571428571429
 40
0.4285714385714289
 40
0.5714285714285714
 40
0.5714285714285714
 40
0.5714285714285714
 40
0.5714285814285715
 40
0.7142857142857145
 40
0.7142857142857145
 40
0.7142857142857145
 40
0.7142857242857146
 40
1.0
 40
1.0
 40
1.0
 40
1.0
 10
995.4475435144122
 20
516.1585992772357
 30
0.0
 10
995.4475435144122
 20
516.1585992772357
 30
0.0
 10
995.7156480342153
 20
516.1585992772357
 30
0.0
 10
995.7156480342153
 20
516.1585992772357
 30
0.0
 10
995.7156480342153
 20
516.1585992772357
 30
0.0
 10
995.7156480342153
 20
516.3059783699958
 30
0.0
 10
995.5954452280623
 20
516.4261811761498
 30
0.0
 10
995.4475435144122
 20
516.4261811761498
 30
0.0
 10
995.4475435144122
 20
516.4261811761498
 30
0.0
 10
995.3001644216417
 20
516.4261811761498
 30
0.0
 10
995.1799616154856
 20
516.3059783699958
 30
0.0
 10
995.1799616154856
 20
516.1585992772357
 30
0.0
 10
995.1799616154856
 20
516.1585992772357
 30
0.0
 10
995.1799616154856
 20
516.0106975635755
 30
0.0
 10
995.3001644216417
 20
515.8904947574211
 30
0.0
 10
995.4475435144122
 20
515.8904947574211
 30
0.0
 10
995.4475435144122
 20
515.8904947574211
 30
0.0
 10
995.5954452280623
 20
515.8904947574211
 30
0.0
 10
995.7156480342153
 20
516.0106975635755
 30
0.0
 10
995.7156480342153
 20
516.1585992772357
 30
0.0
 10
995.7156480342153
 20
516.1585992772357
 30
0.0
 10
995.7156480342153
 20
516.1585992772357
 30
0.0
 10
995.4475435144122
 20
516.1585992772357
 30
0.0
 10
995.4475435144122
 20
516.1585992772357
 30
0.0
  0
SPLINE
  5
7C5
330
1F
100
AcDbEntity
  8
ºöåçæÄ
370
     0
100
AcDbSpline
210
0.0
220
0.0
230
0.0
 70
    24
 71
     3
 72
     8
 73
     4
 74
     0
 42
0.000000001
 43
0.0000000001
 40
0.0
 40
0.0
 40
0.0
 40
0.0
 40
1.0
 40
1.0
 40
1.0
 40
1.0
 10
996.1206792288672
 20
516.8285992663186
 30
0.0
 10
996.1206792288672
 20
516.8285992663186
 30
0.0
 10
999.4790411086258
 20
520.1869611460852
 30
0.0
 10
999.4790411086258
 20
520.1869611460852
 30
0.0
  0
SPLINE
  5
7C6
330
1F
100
AcDbEntity
  8
ºöåçæÄ
370
     0
100
AcDbSpline
210
0.0
220
0.0
230
1.0
 70
    11
 71
     3
 72
    28
 73
    24
 74
     0
 42
0.000000001
 43
0.0000000001
 40
0.0
 40
0.0
 40
0.0
 40
0.0
 40
0.1428571428571428
 40
0.1428571428571428
 40
0.1428571428571428
 40
0.1428571528571428
 40
0.2857142857142857
 40
0.2857142857142857
 40
0.2857142857142857
 40
0.2857142957142857
 40
0.428571428571429
 40
0.428571428571429
 40
0.428571428571429
 40
0.4285714385714289
 40
0.5714285714285714
 40
0.5714285714285714
 40
0.5714285714285714
 40
0.5714285814285715
 40
0.7142857142857145
 40
0.7142857142857145
 40
0.7142857142857145
 40
0.7142857242857146
 40
1.0
 40
1.0
 40
1.0
 40
1.0
 10
1000.14956371861
 20
520.8580063769625
 30
0.0
 10
1000.14956371861
 20
520.8580063769625
 30
0.0
 10
1000.417668238424
 20
520.8580063769625
 30
0.0
 10
1000.417668238424
 20
520.8580063769625
 30
0.0
 10
1000.417668238424
 20
520.8580063769625
 30
0.0
 10
1000.417668238424
 20
521.0059080906196
 30
0.0
 10
1000.297465432271
 20
521.1261108967748
 30
0.0
 10
1000.14956371861
 20
521.1261108967748
 30
0.0
 10
1000.14956371861
 20
521.1261108967748
 30
0.0
 10
1000.002184625847
 20
521.1261108967748
 30
0.0
 10
999.8819818197016
 20
521.0059080906196
 30
0.0
 10
999.8819818197016
 20
520.8580063769625
 30
0.0
 10
999.8819818197016
 20
520.8580063769625
 30
0.0
 10
999.8819818197016
 20
520.7106272841977
 30
0.0
 10
1000.002184625847
 20
520.5904244780456
 30
0.0
 10
1000.14956371861
 20
520.5904244780456
 30
0.0
 10
1000.14956371861
 20
520.5904244780456
 30
0.0
 10
1000.297465432271
 20
520.5904244780456
 30
0.0
 10
1000.417668238424
 20
520.7106272841977
 30
0.0
 10
1000.417668238424
 20
520.8580063769625
 30
0.0
 10
1000.417668238424
 20
520.8580063769625
 30
0.0
 10
1000.417668238424
 20
520.8580063769625
 30
0.0
 10
1000.14956371861
 20
520.8580063769625
 30
0.0
 10
1000.14956371861
 20
520.8580063769625
 30
0.0
  0
SPLINE
  5
7C7
330
1F
100
AcDbEntity
  8
ºöåçæÄ
370
     0
100
AcDbSpline
210
0.0
220
0.0
230
0.0
 70
    24
 71
     3
 72
     8
 73
     4
 74
     0
 42
0.000000001
 43
0.0000000001
 40
0.0
 40
0.0
 40
0.0
 40
0.0
 40
1.0
 40
1.0
 40
1.0
 40
1.0
 10
1000.820608949496
 20
521.5306194705284
 30
0.0
 10
1000.820608949496
 20
521.5306194705284
 30
0.0
 10
1004.17844820835
 20
524.8889813502938
 30
0.0
 10
1004.17844820835
 20
524.8889813502938
 30
0.0
  0
SPLINE
  5
7C8
330
1F
100
AcDbEntity
  8
ºöåçæÄ
370
     0
100
AcDbSpline
210
0.0
220
0.0
230
1.0
 70
    11
 71
     3
 72
    28
 73
    24
 74
     0
 42
0.000000001
 43
0.0000000001
 40
0.0
 40
0.0
 40
0.0
 40
0.0
 40
0.1428571428571428
 40
0.1428571428571428
 40
0.1428571428571428
 40
0.1428571528571428
 40
0.2857142857142857
 40
0.2857142857142857
 40
0.2857142857142857
 40
0.2857142957142857
 40
0.428571428571429
 40
0.428571428571429
 40
0.428571428571429
 40
0.4285714385714289
 40
0.5714285714285714
 40
0.5714285714285714
 40
0.5714285714285714
 40
0.5714285814285715
 40
0.7142857142857145
 40
0.7142857142857145
 40
0.7142857142857145
 40
0.7142857242857146
 40
1.0
 40
1.0
 40
1.0
 40
1.0
 10
1004.836950537727
 20
525.5453931960726
 30
0.0
 10
1004.836950537727
 20
525.5453931960726
 30
0.0
 10
1005.105055057538
 20
525.5453931960726
 30
0.0
 10
1005.105055057538
 20
525.5453931960726
 30
0.0
 10
1005.105055057538
 20
525.5453931960726
 30
0.0
 10
1005.105055057538
 20
525.6932949097318
 30
0.0
 10
1004.984852251385
 20
525.8134977158893
 30
0.0
 10
1004.836950537727
 20
525.8134977158893
 30
0.0
 10
1004.836950537727
 20
525.8134977158893
 30
0.0
 10
1004.689571444961
 20
525.8134977158893
 30
0.0
 10
1004.569368638808
 20
525.6932949097318
 30
0.0
 10
1004.569368638808
 20
525.5453931960726
 30
0.0
 10
1004.569368638808
 20
525.5453931960726
 30
0.0
 10
1004.569368638808
 20
525.3980141033118
 30
0.0
 10
1004.689571444961
 20
525.2778112971575
 30
0.0
 10
1004.836950537727
 20
525.2778112971575
 30
0.0
 10
1004.836950537727
 20
525.2778112971575
 30
0.0
 10
1004.984852251385
 20
525.2778112971575
 30
0.0
 10
1005.105055057538
 20
525.3980141033118
 30
0.0
 10
1005.105055057538
 20
525.5453931960726
 30
0.0
 10
1005.105055057538
 20
525.5453931960726
 30
0.0
 10
1005.105055057538
 20
525.5453931960726
 30
0.0
 10
1004.836950537727
 20
525.5453931960726
 30
0.0
 10
1004.836950537727
 20
525.5453931960726
 30
0.0
  0
SPLINE
  5
7C9
330
1F
100
AcDbEntity
  8
ºöåçæÄ
370
     0
100
AcDbSpline
210
0.0
220
0.0
230
0.0
 70
    24
 71
     3
 72
     8
 73
     4
 74
     0
 42
0.000000001
 43
0.0000000001
 40
0.0
 40
0.0
 40
0.0
 40
0.0
 40
1.0
 40
1.0
 40
1.0
 40
1.0
 10
995.5102580219607
 20
513.5329518941126
 30
0.0
 10
995.5102580219607
 20
513.5329518941126
 30
0.0
 10
998.4693375369376
 20
516.4920314090883
 30
0.0
 10
998.4693375369376
 20
516.4920314090883
 30
0.0
  0
SPLINE
  5
7CA
330
1F
100
AcDbEntity
  8
ºöåçæÄ
370
     0
100
AcDbSpline
210
0.0
220
0.0
230
1.0
 70
    11
 71
     3
 72
    28
 73
    24
 74
     0
 42
0.000000001
 43
0.0000000001
 40
0.0
 40
0.0
 40
0.0
 40
0.0
 40
0.1428571428571428
 40
0.1428571428571428
 40
0.1428571428571428
 40
0.1428571528571428
 40
0.2857142857142857
 40
0.2857142857142857
 40
0.2857142857142857
 40
0.2857142957142857
 40
0.428571428571429
 40
0.428571428571429
 40
0.428571428571429
 40
0.4285714385714289
 40
0.5714285714285714
 40
0.5714285714285714
 40
0.5714285714285714
 40
0.5714285814285715
 40
0.7142857142857145
 40
0.7142857142857145
 40
0.7142857142857145
 40
0.7142857242857146
 40
1.0
 40
1.0
 40
1.0
 40
1.0
 10
999.1424732513999
 20
517.165689744447
 30
0.0
 10
999.1424732513999
 20
517.165689744447
 30
0.0
 10
999.4105777712244
 20
517.165689744447
 30
0.0
 10
999.4105777712244
 20
517.165689744447
 30
0.0
 10
999.4105777712244
 20
517.165689744447
 30
0.0
 10
999.4105777712244
 20
517.3135914581052
 30
0.0
 10
999.2903749650611
 20
517.4337942642599
 30
0.0
 10
999.1424732513999
 20
517.4337942642599
 30
0.0
 10
999.1424732513999
 20
517.4337942642599
 30
0.0
 10
998.9950941586508
 20
517.4337942642599
 30
0.0
 10
998.8743687315936
 20
517.3135914581052
 30
0.0
 10
998.8743687315936
 20
517.165689744447
 30
0.0
 10
998.8743687315936
 20
517.165689744447
 30
0.0
 10
998.8743687315936
 20
517.018310651684
 30
0.0
 10
998.9950941586508
 20
516.8975852246325
 30
0.0
 10
999.1424732513999
 20
516.8975852246325
 30
0.0
 10
999.1424732513999
 20
516.8975852246325
 30
0.0
 10
999.2903749650611
 20
516.8975852246325
 30
0.0
 10
999.4105777712244
 20
517.018310651684
 30
0.0
 10
999.4105777712244
 20
517.165689744447
 30
0.0
 10
999.4105777712244
 20
517.165689744447
 30
0.0
 10
999.4105777712244
 20
517.165689744447
 30
0.0
 10
999.1424732513999
 20
517.165689744447
 30
0.0
 10
999.1424732513999
 20
517.165689744447
 30
0.0
  0
SPLINE
  5
7CB
330
1F
100
AcDbEntity
  8
ºöåçæÄ
370
     0
100
AcDbSpline
210
0.0
220
0.0
230
0.0
 70
    24
 71
     3
 72
     8
 73
     4
 74
     0
 42
0.000000001
 43
0.0000000001
 40
0.0
 40
0.0
 40
0.0
 40
0.0
 40
1.0
 40
1.0
 40
1.0
 40
1.0
 10
999.8156089658625
 20
517.8356897335318
 30
0.0
 10
999.8156089658625
 20
517.8356897335318
 30
0.0
 10
1003.171357741146
 20
521.1940516132973
 30
0.0
 10
1003.171357741146
 20
521.1940516132973
 30
0.0
  0
SPLINE
  5
7CC
330
1F
100
AcDbEntity
  8
ºöåçæÄ
370
     0
100
AcDbSpline
210
0.0
220
0.0
230
1.0
 70
    11
 71
     3
 72
    28
 73
    24
 74
     0
 42
0.000000001
 43
0.0000000001
 40
0.0
 40
0.0
 40
0.0
 40
0.0
 40
0.1428571428571428
 40
0.1428571428571428
 40
0.1428571428571428
 40
0.1428571528571428
 40
0.2857142857142857
 40
0.2857142857142857
 40
0.2857142857142857
 40
0.2857142957142857
 40
0.428571428571429
 40
0.428571428571429
 40
0.428571428571429
 40
0.4285714385714289
 40
0.5714285714285714
 40
0.5714285714285714
 40
0.5714285714285714
 40
0.5714285814285715
 40
0.7142857142857145
 40
0.7142857142857145
 40
0.7142857142857145
 40
0.7142857242857146
 40
1.0
 40
1.0
 40
1.0
 40
1.0
 10
1003.844493455609
 20
521.8677099486576
 30
0.0
 10
1003.844493455609
 20
521.8677099486576
 30
0.0
 10
1004.112597975423
 20
521.8677099486576
 30
0.0
 10
1004.112597975423
 20
521.8677099486576
 30
0.0
 10
1004.112597975423
 20
521.8677099486576
 30
0.0
 10
1004.112597975423
 20
522.0156116623155
 30
0.0
 10
1003.992395169263
 20
522.1358144684677
 30
0.0
 10
1003.844493455609
 20
522.1358144684677
 30
0.0
 10
1003.844493455609
 20
522.1358144684677
 30
0.0
 10
1003.697114362849
 20
522.1358144684677
 30
0.0
 10
1003.576388935795
 20
522.0156116623155
 30
0.0
 10
1003.576388935795
 20
521.8677099486576
 30
0.0
 10
1003.576388935795
 20
521.8677099486576
 30
0.0
 10
1003.576388935795
 20
521.720330855893
 30
0.0
 10
1003.697114362849
 20
521.5996054288431
 30
0.0
 10
1003.844493455609
 20
521.5996054288431
 30
0.0
 10
1003.844493455609
 20
521.5996054288431
 30
0.0
 10
1003.992395169263
 20
521.5996054288431
 30
0.0
 10
1004.112597975423
 20
521.720330855893
 30
0.0
 10
1004.112597975423
 20
521.8677099486576
 30
0.0
 10
1004.112597975423
 20
521.8677099486576
 30
0.0
 10
1004.112597975423
 20
521.8677099486576
 30
0.0
 10
1003.844493455609
 20
521.8677099486576
 30
0.0
 10
1003.844493455609
 20
521.8677099486576
 30
0.0
  0
SPLINE
  5
7CD
330
1F
100
AcDbEntity
  8
ºöåçæÄ
370
     0
100
AcDbSpline
210
0.0
220
0.0
230
0.0
 70
    24
 71
     3
 72
     8
 73
     4
 74
     0
 42
0.000000001
 43
0.0000000001
 40
0.0
 40
0.0
 40
0.0
 40
0.0
 40
1.0
 40
1.0
 40
1.0
 40
1.0
 10
1004.515016065597
 20
522.5377099377408
 30
0.0
 10
1004.515016065597
 20
522.5377099377408
 30
0.0
 10
1007.52217670302
 20
525.544870575178
 30
0.0
 10
1007.52217670302
 20
525.544870575178
 30
0.0
  0
SPLINE
  5
7CE
330
1F
100
AcDbEntity
  8
ºöåçæÄ
370
     0
100
AcDbSpline
210
0.0
220
0.0
230
1.0
 70
    11
 71
     3
 72
    28
 73
    24
 74
     0
 42
0.000000001
 43
0.0000000001
 40
0.0
 40
0.0
 40
0.0
 40
0.0
 40
0.1428571428571428
 40
0.1428571428571428
 40
0.1428571428571428
 40
0.1428571528571428
 40
0.2857142857142857
 40
0.2857142857142857
 40
0.2857142857142857
 40
0.2857142957142857
 40
0.428571428571429
 40
0.428571428571429
 40
0.428571428571429
 40
0.4285714385714289
 40
0.5714285714285714
 40
0.5714285714285714
 40
0.5714285714285714
 40
0.5714285814285715
 40
0.7142857142857145
 40
0.7142857142857145
 40
0.7142857142857145
 40
0.7142857242857146
 40
1.0
 40
1.0
 40
1.0
 40
1.0
 10
998.1970520499537
 20
513.5334745150095
 30
0.0
 10
998.1970520499537
 20
513.5334745150095
 30
0.0
 10
998.4651565697635
 20
513.5334745150095
 30
0.0
 10
998.4651565697635
 20
513.5334745150095
 30
0.0
 10
998.4651565697635
 20
513.5334745150095
 30
0.0
 10
998.4651565697635
 20
513.6813762286683
 30
0.0
 10
998.3449537636113
 20
513.8015790348203
 30
0.0
 10
998.1970520499537
 20
513.8015790348203
 30
0.0
 10
998.1970520499537
 20
513.8015790348203
 30
0.0
 10
998.0496729571973
 20
513.8015790348203
 30
0.0
 10
997.9294701510339
 20
513.6813762286683
 30
0.0
 10
997.9294701510339
 20
513.5334745150095
 30
0.0
 10
997.9294701510339
 20
513.5334745150095
 30
0.0
 10
997.9294701510339
 20
513.3860954222462
 30
0.0
 10
998.0496729571973
 20
513.265369995195
 30
0.0
 10
998.1970520499537
 20
513.265369995195
 30
0.0
 10
998.1970520499537
 20
513.265369995195
 30
0.0
 10
998.3449537636113
 20
513.265369995195
 30
0.0
 10
998.4651565697635
 20
513.3860954222462
 30
0.0
 10
998.4651565697635
 20
513.5334745150095
 30
0.0
 10
998.4651565697635
 20
513.5334745150095
 30
0.0
 10
998.4651565697635
 20
513.5334745150095
 30
0.0
 10
998.1970520499537
 20
513.5334745150095
 30
0.0
 10
998.1970520499537
 20
513.5334745150095
 30
0.0
  0
SPLINE
  5
7CF
330
1F
100
AcDbEntity
  8
ºöåçæÄ
370
     0
100
AcDbSpline
210
0.0
220
0.0
230
0.0
 70
    24
 71
     3
 72
     8
 73
     4
 74
     0
 42
0.000000001
 43
0.0000000001
 40
0.0
 40
0.0
 40
0.0
 40
0.0
 40
1.0
 40
1.0
 40
1.0
 40
1.0
 10
998.8059053941672
 20
514.1433731010168
 30
0.0
 10
998.8059053941672
 20
514.1433731010168
 30
0.0
 10
1002.164267273936
 20
517.5017349807822
 30
0.0
 10
1002.164267273936
 20
517.5017349807822
 30
0.0
  0
SPLINE
  5
7D0
330
1F
100
AcDbEntity
  8
ºöåçæÄ
370
     0
100
AcDbSpline
210
0.0
220
0.0
230
1.0
 70
    11
 71
     3
 72
    28
 73
    24
 74
     0
 42
0.000000001
 43
0.0000000001
 40
0.0
 40
0.0
 40
0.0
 40
0.0
 40
0.1428571428571428
 40
0.1428571428571428
 40
0.1428571428571428
 40
0.1428571528571428
 40
0.2857142857142857
 40
0.2857142857142857
 40
0.2857142857142857
 40
0.2857142957142857
 40
0.428571428571429
 40
0.428571428571429
 40
0.428571428571429
 40
0.4285714385714289
 40
0.5714285714285714
 40
0.5714285714285714
 40
0.5714285714285714
 40
0.5714285814285715
 40
0.7142857142857145
 40
0.7142857142857145
 40
0.7142857142857145
 40
0.7142857242857146
 40
1.0
 40
1.0
 40
1.0
 40
1.0
 10
1002.837402988395
 20
518.1727802116575
 30
0.0
 10
1002.837402988395
 20
518.1727802116575
 30
0.0
 10
1003.104984887325
 20
518.1727802116575
 30
0.0
 10
1003.104984887325
 20
518.1727802116575
 30
0.0
 10
1003.104984887325
 20
518.1727802116575
 30
0.0
 10
1003.104984887325
 20
518.3206819253189
 30
0.0
 10
1002.984782081165
 20
518.4408847314712
 30
0.0
 10
1002.837402988395
 20
518.4408847314712
 30
0.0
 10
1002.837402988395
 20
518.4408847314712
 30
0.0
 10
1002.689501274737
 20
518.4408847314712
 30
0.0
 10
1002.569298468578
 20
518.3206819253189
 30
0.0
 10
1002.569298468578
 20
518.1727802116575
 30
0.0
 10
1002.569298468578
 20
518.1727802116575
 30
0.0
 10
1002.569298468578
 20
518.0254011188967
 30
0.0
 10
1002.689501274737
 20
517.9051983127424
 30
0.0
 10
1002.837402988395
 20
517.9051983127424
 30
0.0
 10
1002.837402988395
 20
517.9051983127424
 30
0.0
 10
1002.984782081165
 20
517.9051983127424
 30
0.0
 10
1003.104984887325
 20
518.0254011188967
 30
0.0
 10
1003.104984887325
 20
518.1727802116575
 30
0.0
 10
1003.104984887325
 20
518.1727802116575
 30
0.0
 10
1003.104984887325
 20
518.1727802116575
 30
0.0
 10
1002.837402988395
 20
518.1727802116575
 30
0.0
 10
1002.837402988395
 20
518.1727802116575
 30
0.0
  0
SPLINE
  5
7D1
330
1F
100
AcDbEntity
  8
ºöåçæÄ
370
     0
100
AcDbSpline
210
0.0
220
0.0
230
0.0
 70
    24
 71
     3
 72
     8
 73
     4
 74
     0
 42
0.000000001
 43
0.0000000001
 40
0.0
 40
0.0
 40
0.0
 40
0.0
 40
1.0
 40
1.0
 40
1.0
 40
1.0
 10
1003.507925598376
 20
518.8427802007461
 30
0.0
 10
1003.507925598376
 20
518.8427802007461
 30
0.0
 10
1006.866287478138
 20
522.2011420805101
 30
0.0
 10
1006.866287478138
 20
522.2011420805101
 30
0.0
  0
SPLINE
  5
7D2
330
1F
100
AcDbEntity
  8
ºöåçæÄ
370
     0
100
AcDbSpline
210
0.0
220
0.0
230
1.0
 70
    11
 71
     3
 72
    28
 73
    24
 74
     0
 42
0.000000001
 43
0.0000000001
 40
0.0
 40
0.0
 40
0.0
 40
0.0
 40
0.1428571428571428
 40
0.1428571428571428
 40
0.1428571428571428
 40
0.1428571528571428
 40
0.2857142857142857
 40
0.2857142857142857
 40
0.2857142857142857
 40
0.2857142957142857
 40
0.428571428571429
 40
0.428571428571429
 40
0.428571428571429
 40
0.4285714385714289
 40
0.5714285714285714
 40
0.5714285714285714
 40
0.5714285714285714
 40
0.5714285814285715
 40
0.7142857142857145
 40
0.7142857142857145
 40
0.7142857142857145
 40
0.7142857242857146
 40
1.0
 40
1.0
 40
1.0
 40
1.0
 10
1007.539423192604
 20
522.8748004158691
 30
0.0
 10
1007.539423192604
 20
522.8748004158691
 30
0.0
 10
1007.80700509153
 20
522.8748004158691
 30
0.0
 10
1007.80700509153
 20
522.8748004158691
 30
0.0
 10
1007.80700509153
 20
522.8748004158691
 30
0.0
 10
1007.80700509153
 20
523.0227021295279
 30
0.0
 10
1007.68680228536
 20
523.1429049356818
 30
0.0
 10
1007.539423192604
 20
523.1429049356818
 30
0.0
 10
1007.539423192604
 20
523.1429049356818
 30
0.0
 10
1007.391521478946
 20
523.1429049356818
 30
0.0
 10
1007.271318672804
 20
523.0227021295279
 30
0.0
 10
1007.271318672804
 20
522.8748004158691
 30
0.0
 10
1007.271318672804
 20
522.8748004158691
 30
0.0
 10
1007.271318672804
 20
522.7274213231071
 30
0.0
 10
1007.391521478946
 20
522.6072185169522
 30
0.0
 10
1007.539423192604
 20
522.6072185169522
 30
0.0
 10
1007.539423192604
 20
522.6072185169522
 30
0.0
 10
1007.68680228536
 20
522.6072185169522
 30
0.0
 10
1007.80700509153
 20
522.7274213231071
 30
0.0
 10
1007.80700509153
 20
522.8748004158691
 30
0.0
 10
1007.80700509153
 20
522.8748004158691
 30
0.0
 10
1007.80700509153
 20
522.8748004158691
 30
0.0
 10
1007.539423192604
 20
522.8748004158691
 30
0.0
 10
1007.539423192604
 20
522.8748004158691
 30
0.0
  0
SPLINE
  5
7D3
330
1F
100
AcDbEntity
  8
ºöåçæÄ
370
     0
100
AcDbSpline
210
0.0
220
0.0
230
0.0
 70
    24
 71
     3
 72
     8
 73
     4
 74
     0
 42
0.000000001
 43
0.0000000001
 40
0.0
 40
0.0
 40
0.0
 40
0.0
 40
1.0
 40
1.0
 40
1.0
 40
1.0
 10
1008.209945802585
 20
523.544800404954
 30
0.0
 10
1008.209945802585
 20
523.544800404954
 30
0.0
 10
1010.210015972812
 20
525.544870575178
 30
0.0
 10
1010.210015972812
 20
525.544870575178
 30
0.0
  0
SPLINE
  5
7D4
330
1F
100
AcDbEntity
  8
ºöåçæÄ
370
     0
100
AcDbSpline
210
0.0
220
0.0
230
0.0
 70
    24
 71
     3
 72
     8
 73
     4
 74
     0
 42
0.000000001
 43
0.0000000001
 40
0.0
 40
0.0
 40
0.0
 40
0.0
 40
1.0
 40
1.0
 40
1.0
 40
1.0
 10
1000.88280083615
 20
513.5329518941126
 30
0.0
 10
1000.88280083615
 20
513.5329518941126
 30
0.0
 10
1001.157176806719
 20
513.8068052437854
 30
0.0
 10
1001.157176806719
 20
513.8068052437854
 30
0.0
  0
SPLINE
  5
7D5
330
1F
100
AcDbEntity
  8
ºöåçæÄ
370
     0
100
AcDbSpline
210
0.0
220
0.0
230
1.0
 70
    11
 71
     3
 72
    28
 73
    24
 74
     0
 42
0.000000001
 43
0.0000000001
 40
0.0
 40
0.0
 40
0.0
 40
0.0
 40
0.1428571428571428
 40
0.1428571428571428
 40
0.1428571428571428
 40
0.1428571528571428
 40
0.2857142857142857
 40
0.2857142857142857
 40
0.2857142857142857
 40
0.2857142957142857
 40
0.428571428571429
 40
0.428571428571429
 40
0.428571428571429
 40
0.4285714385714289
 40
0.5714285714285714
 40
0.5714285714285714
 40
0.5714285714285714
 40
0.5714285814285715
 40
0.7142857142857145
 40
0.7142857142857145
 40
0.7142857142857145
 40
0.7142857242857146
 40
1.0
 40
1.0
 40
1.0
 40
1.0
 10
1001.830312521181
 20
514.4783730955602
 30
0.0
 10
1001.830312521181
 20
514.4783730955602
 30
0.0
 10
1002.0978944201
 20
514.4783730955602
 30
0.0
 10
1002.0978944201
 20
514.4783730955602
 30
0.0
 10
1002.0978944201
 20
514.4783730955602
 30
0.0
 10
1002.0978944201
 20
514.6257521883221
 30
0.0
 10
1001.977691613944
 20
514.7459549944744
 30
0.0
 10
1001.830312521181
 20
514.7459549944744
 30
0.0
 10
1001.830312521181
 20
514.7459549944744
 30
0.0
 10
1001.68241080752
 20
514.7459549944744
 30
0.0
 10
1001.562208001371
 20
514.6257521883221
 30
0.0
 10
1001.562208001371
 20
514.4783730955602
 30
0.0
 10
1001.562208001371
 20
514.4783730955602
 30
0.0
 10
1001.562208001371
 20
514.3304713819
 30
0.0
 10
1001.68241080752
 20
514.210268575746
 30
0.0
 10
1001.830312521181
 20
514.210268575746
 30
0.0
 10
1001.830312521181
 20
514.210268575746
 30
0.0
 10
1001.977691613944
 20
514.210268575746
 30
0.0
 10
1002.0978944201
 20
514.3304713819
 30
0.0
 10
1002.0978944201
 20
514.4783730955602
 30
0.0
 10
1002.0978944201
 20
514.4783730955602
 30
0.0
 10
1002.0978944201
 20
514.4783730955602
 30
0.0
 10
1001.830312521181
 20
514.4783730955602
 30
0.0
 10
1001.830312521181
 20
514.4783730955602
 30
0.0
  0
SPLINE
  5
7D6
330
1F
100
AcDbEntity
  8
ºöåçæÄ
370
     0
100
AcDbSpline
210
0.0
220
0.0
230
0.0
 70
    24
 71
     3
 72
     8
 73
     4
 74
     0
 42
0.000000001
 43
0.0000000001
 40
0.0
 40
0.0
 40
0.0
 40
0.0
 40
1.0
 40
1.0
 40
1.0
 40
1.0
 10
1002.500835131176
 20
515.1504635682281
 30
0.0
 10
1002.500835131176
 20
515.1504635682281
 30
0.0
 10
1005.859197010942
 20
518.5072575853041
 30
0.0
 10
1005.859197010942
 20
518.5072575853041
 30
0.0
  0
SPLINE
  5
7D7
330
1F
100
AcDbEntity
  8
ºöåçæÄ
370
     0
100
AcDbSpline
210
0.0
220
0.0
230
1.0
 70
    11
 71
     3
 72
    28
 73
    24
 74
     0
 42
0.000000001
 43
0.0000000001
 40
0.0
 40
0.0
 40
0.0
 40
0.0
 40
0.1428571428571428
 40
0.1428571428571428
 40
0.1428571428571428
 40
0.1428571528571428
 40
0.2857142857142857
 40
0.2857142857142857
 40
0.2857142857142857
 40
0.2857142957142857
 40
0.428571428571429
 40
0.428571428571429
 40
0.428571428571429
 40
0.4285714385714289
 40
0.5714285714285714
 40
0.5714285714285714
 40
0.5714285714285714
 40
0.5714285814285715
 40
0.7142857142857145
 40
0.7142857142857145
 40
0.7142857142857145
 40
0.7142857242857146
 40
1.0
 40
1.0
 40
1.0
 40
1.0
 10
1006.529719620912
 20
519.1803932997681
 30
0.0
 10
1006.529719620912
 20
519.1803932997681
 30
0.0
 10
1006.797824140729
 20
519.1803932997681
 30
0.0
 10
1006.797824140729
 20
519.1803932997681
 30
0.0
 10
1006.797824140729
 20
519.1803932997681
 30
0.0
 10
1006.797824140729
 20
519.3277723925316
 30
0.0
 10
1006.677098713672
 20
519.4479751986848
 30
0.0
 10
1006.529719620912
 20
519.4479751986848
 30
0.0
 10
1006.529719620912
 20
519.4479751986848
 30
0.0
 10
1006.381817907251
 20
519.4479751986848
 30
0.0
 10
1006.261615101099
 20
519.3277723925316
 30
0.0
 10
1006.261615101099
 20
519.1803932997681
 30
0.0
 10
1006.261615101099
 20
519.1803932997681
 30
0.0
 10
1006.261615101099
 20
519.0324915861076
 30
0.0
 10
1006.381817907251
 20
518.9122887799554
 30
0.0
 10
1006.529719620912
 20
518.9122887799554
 30
0.0
 10
1006.529719620912
 20
518.9122887799554
 30
0.0
 10
1006.677098713672
 20
518.9122887799554
 30
0.0
 10
1006.797824140729
 20
519.0324915861076
 30
0.0
 10
1006.797824140729
 20
519.1803932997681
 30
0.0
 10
1006.797824140729
 20
519.1803932997681
 30
0.0
 10
1006.797824140729
 20
519.1803932997681
 30
0.0
 10
1006.529719620912
 20
519.1803932997681
 30
0.0
 10
1006.529719620912
 20
519.1803932997681
 30
0.0
  0
SPLINE
  5
7D8
330
1F
100
AcDbEntity
  8
ºöåçæÄ
370
     0
100
AcDbSpline
210
0.0
220
0.0
230
0.0
 70
    24
 71
     3
 72
     8
 73
     4
 74
     0
 42
0.000000001
 43
0.0000000001
 40
0.0
 40
0.0
 40
0.0
 40
0.0
 40
1.0
 40
1.0
 40
1.0
 40
1.0
 10
1007.202855335374
 20
519.8524837724386
 30
0.0
 10
1007.202855335374
 20
519.8524837724386
 30
0.0
 10
1010.561217215133
 20
523.2082325477223
 30
0.0
 10
1010.561217215133
 20
523.2082325477223
 30
0.0
  0
SPLINE
  5
7D9
330
1F
100
AcDbEntity
  8
ºöåçæÄ
370
     0
100
AcDbSpline
210
0.0
220
0.0
230
1.0
 70
    11
 71
     3
 72
    28
 73
    24
 74
     0
 42
0.000000001
 43
0.0000000001
 40
0.0
 40
0.0
 40
0.0
 40
0.0
 40
0.1428571428571428
 40
0.1428571428571428
 40
0.1428571428571428
 40
0.1428571528571428
 40
0.2857142857142857
 40
0.2857142857142857
 40
0.2857142857142857
 40
0.2857142957142857
 40
0.428571428571429
 40
0.428571428571429
 40
0.428571428571429
 40
0.4285714385714289
 40
0.5714285714285714
 40
0.5714285714285714
 40
0.5714285714285714
 40
0.5714285814285715
 40
0.7142857142857145
 40
0.7142857142857145
 40
0.7142857142857145
 40
0.7142857242857146
 40
1.0
 40
1.0
 40
1.0
 40
1.0
 10
1011.231739825121
 20
523.8803230203926
 30
0.0
 10
1011.231739825121
 20
523.8803230203926
 30
0.0
 10
1011.499844344935
 20
523.8803230203926
 30
0.0
 10
1011.499844344935
 20
523.8803230203926
 30
0.0
 10
1011.499844344935
 20
523.8803230203926
 30
0.0
 10
1011.499844344935
 20
524.0282247340508
 30
0.0
 10
1011.379118917888
 20
524.1484275402056
 30
0.0
 10
1011.231739825121
 20
524.1484275402056
 30
0.0
 10
1011.231739825121
 20
524.1484275402056
 30
0.0
 10
1011.08383811146
 20
524.1484275402056
 30
0.0
 10
1010.963635305307
 20
524.0282247340508
 30
0.0
 10
1010.963635305307
 20
523.8803230203926
 30
0.0
 10
1010.963635305307
 20
523.8803230203926
 30
0.0
 10
1010.963635305307
 20
523.7329439276281
 30
0.0
 10
1011.08383811146
 20
523.6122185005775
 30
0.0
 10
1011.231739825121
 20
523.6122185005775
 30
0.0
 10
1011.231739825121
 20
523.6122185005775
 30
0.0
 10
1011.379118917888
 20
523.6122185005775
 30
0.0
 10
1011.499844344935
 20
523.7329439276281
 30
0.0
 10
1011.499844344935
 20
523.8803230203926
 30
0.0
 10
1011.499844344935
 20
523.8803230203926
 30
0.0
 10
1011.499844344935
 20
523.8803230203926
 30
0.0
 10
1011.231739825121
 20
523.8803230203926
 30
0.0
 10
1011.231739825121
 20
523.8803230203926
 30
0.0
  0
SPLINE
  5
7DA
330
1F
100
AcDbEntity
  8
ºöåçæÄ
370
     0
100
AcDbSpline
210
0.0
220
0.0
230
0.0
 70
    24
 71
     3
 72
     8
 73
     4
 74
     0
 42
0.000000001
 43
0.0000000001
 40
0.0
 40
0.0
 40
0.0
 40
0.0
 40
1.0
 40
1.0
 40
1.0
 40
1.0
 10
1011.90278505601
 20
524.5524134930612
 30
0.0
 10
1011.90278505601
 20
524.5524134930612
 30
0.0
 10
1012.895242138111
 20
525.544870575178
 30
0.0
 10
1012.895242138111
 20
525.544870575178
 30
0.0
  0
SPLINE
  5
7DB
330
1F
100
AcDbEntity
  8
ºöåçæÄ
370
     0
100
AcDbSpline
210
0.0
220
0.0
230
0.0
 70
    24
 71
     3
 72
     8
 73
     4
 74
     0
 42
0.000000001
 43
0.0000000001
 40
0.0
 40
0.0
 40
0.0
 40
0.0
 40
1.0
 40
1.0
 40
1.0
 40
1.0
 10
1003.570640105935
 20
513.5329518941126
 30
0.0
 10
1003.570640105935
 20
513.5329518941126
 30
0.0
 10
1004.851583922819
 20
514.8138957109981
 30
0.0
 10
1004.851583922819
 20
514.8138957109981
 30
0.0
  0
SPLINE
  5
7DC
330
1F
100
AcDbEntity
  8
ºöåçæÄ
370
     0
100
AcDbSpline
210
0.0
220
0.0
230
1.0
 70
    11
 71
     3
 72
    28
 73
    24
 74
     0
 42
0.000000001
 43
0.0000000001
 40
0.0
 40
0.0
 40
0.0
 40
0.0
 40
0.1428571428571428
 40
0.1428571428571428
 40
0.1428571428571428
 40
0.1428571528571428
 40
0.2857142857142857
 40
0.2857142857142857
 40
0.2857142857142857
 40
0.2857142957142857
 40
0.428571428571429
 40
0.428571428571429
 40
0.428571428571429
 40
0.4285714385714289
 40
0.5714285714285714
 40
0.5714285714285714
 40
0.5714285714285714
 40
0.5714285814285715
 40
0.7142857142857145
 40
0.7142857142857145
 40
0.7142857142857145
 40
0.7142857242857146
 40
1.0
 40
1.0
 40
1.0
 40
1.0
 10
1005.522629153691
 20
515.485463562772
 30
0.0
 10
1005.522629153691
 20
515.485463562772
 30
0.0
 10
1005.790211052618
 20
515.485463562772
 30
0.0
 10
1005.790211052618
 20
515.485463562772
 30
0.0
 10
1005.790211052618
 20
515.485463562772
 30
0.0
 10
1005.790211052618
 20
515.6328426555327
 30
0.0
 10
1005.670008246458
 20
515.7530454616888
 30
0.0
 10
1005.522629153691
 20
515.7530454616888
 30
0.0
 10
1005.522629153691
 20
515.7530454616888
 30
0.0
 10
1005.374727440051
 20
515.7530454616888
 30
0.0
 10
1005.254524633877
 20
515.6328426555327
 30
0.0
 10
1005.254524633877
 20
515.485463562772
 30
0.0
 10
1005.254524633877
 20
515.485463562772
 30
0.0
 10
1005.254524633877
 20
515.337561849111
 30
0.0
 10
1005.374727440051
 20
515.2173590429588
 30
0.0
 10
1005.522629153691
 20
515.2173590429588
 30
0.0
 10
1005.522629153691
 20
515.2173590429588
 30
0.0
 10
1005.670008246458
 20
515.2173590429588
 30
0.0
 10
1005.790211052618
 20
515.337561849111
 30
0.0
 10
1005.790211052618
 20
515.485463562772
 30
0.0
 10
1005.790211052618
 20
515.485463562772
 30
0.0
 10
1005.790211052618
 20
515.485463562772
 30
0.0
 10
1005.522629153691
 20
515.485463562772
 30
0.0
 10
1005.522629153691
 20
515.485463562772
 30
0.0
  0
SPLINE
  5
7DD
330
1F
100
AcDbEntity
  8
ºöåçæÄ
370
     0
100
AcDbSpline
210
0.0
220
0.0
230
0.0
 70
    24
 71
     3
 72
     8
 73
     4
 74
     0
 42
0.000000001
 43
0.0000000001
 40
0.0
 40
0.0
 40
0.0
 40
0.0
 40
1.0
 40
1.0
 40
1.0
 40
1.0
 10
1006.193674384577
 20
516.1580766563372
 30
0.0
 10
1006.193674384577
 20
516.1580766563372
 30
0.0
 10
1009.552036264339
 20
519.5159159152072
 30
0.0
 10
1009.552036264339
 20
519.5159159152072
 30
0.0
  0
SPLINE
  5
7DE
330
1F
100
AcDbEntity
  8
ºöåçæÄ
370
     0
100
AcDbSpline
210
0.0
220
0.0
230
1.0
 70
    11
 71
     3
 72
    28
 73
    24
 74
     0
 42
0.000000001
 43
0.0000000001
 40
0.0
 40
0.0
 40
0.0
 40
0.0
 40
0.1428571428571428
 40
0.1428571428571428
 40
0.1428571428571428
 40
0.1428571528571428
 40
0.2857142857142857
 40
0.2857142857142857
 40
0.2857142857142857
 40
0.2857142957142857
 40
0.428571428571429
 40
0.428571428571429
 40
0.428571428571429
 40
0.4285714385714289
 40
0.5714285714285714
 40
0.5714285714285714
 40
0.5714285714285714
 40
0.5714285814285715
 40
0.7142857142857145
 40
0.7142857142857145
 40
0.7142857142857145
 40
0.7142857242857146
 40
1.0
 40
1.0
 40
1.0
 40
1.0
 10
1010.224649357911
 20
520.1874837669826
 30
0.0
 10
1010.224649357911
 20
520.1874837669826
 30
0.0
 10
1010.492231256837
 20
520.1874837669826
 30
0.0
 10
1010.492231256837
 20
520.1874837669826
 30
0.0
 10
1010.492231256837
 20
520.1874837669826
 30
0.0
 10
1010.492231256837
 20
520.3348628597439
 30
0.0
 10
1010.37202845067
 20
520.4550656658965
 30
0.0
 10
1010.224649357911
 20
520.4550656658965
 30
0.0
 10
1010.224649357911
 20
520.4550656658965
 30
0.0
 10
1010.07674764426
 20
520.4550656658965
 30
0.0
 10
1009.95654483809
 20
520.3348628597439
 30
0.0
 10
1009.95654483809
 20
520.1874837669826
 30
0.0
 10
1009.95654483809
 20
520.1874837669826
 30
0.0
 10
1009.95654483809
 20
520.0395820533198
 30
0.0
 10
1010.07674764426
 20
519.9193792471683
 30
0.0
 10
1010.224649357911
 20
519.9193792471683
 30
0.0
 10
1010.224649357911
 20
519.9193792471683
 30
0.0
 10
1010.37202845067
 20
519.9193792471683
 30
0.0
 10
1010.492231256837
 20
520.0395820533198
 30
0.0
 10
1010.492231256837
 20
520.1874837669826
 30
0.0
 10
1010.492231256837
 20
520.1874837669826
 30
0.0
 10
1010.492231256837
 20
520.1874837669826
 30
0.0
 10
1010.224649357911
 20
520.1874837669826
 30
0.0
 10
1010.224649357911
 20
520.1874837669826
 30
0.0
  0
SPLINE
  5
7DF
330
1F
100
AcDbEntity
  8
ºöåçæÄ
370
     0
100
AcDbSpline
210
0.0
220
0.0
230
0.0
 70
    24
 71
     3
 72
     8
 73
     4
 74
     0
 42
0.000000001
 43
0.0000000001
 40
0.0
 40
0.0
 40
0.0
 40
0.0
 40
1.0
 40
1.0
 40
1.0
 40
1.0
 10
1010.895694588786
 20
520.8574837560645
 30
0.0
 10
1010.895694588786
 20
520.8574837560645
 30
0.0
 10
1014.254056468551
 20
524.2163682567259
 30
0.0
 10
1014.254056468551
 20
524.2163682567259
 30
0.0
  0
SPLINE
  5
7E0
330
1F
100
AcDbEntity
  8
ºöåçæÄ
370
     0
100
AcDbSpline
210
0.0
220
0.0
230
1.0
 70
    11
 71
     3
 72
    28
 73
    24
 74
     0
 42
0.000000001
 43
0.0000000001
 40
0.0
 40
0.0
 40
0.0
 40
0.0
 40
0.1428571428571428
 40
0.1428571428571428
 40
0.1428571428571428
 40
0.1428571528571428
 40
0.2857142857142857
 40
0.2857142857142857
 40
0.2857142857142857
 40
0.2857142957142857
 40
0.428571428571429
 40
0.428571428571429
 40
0.428571428571429
 40
0.4285714385714289
 40
0.5714285714285714
 40
0.5714285714285714
 40
0.5714285714285714
 40
0.5714285814285715
 40
0.7142857142857145
 40
0.7142857142857145
 40
0.7142857142857145
 40
0.7142857242857146
 40
1.0
 40
1.0
 40
1.0
 40
1.0
 10
1014.926669562127
 20
524.8895039711904
 30
0.0
 10
1014.926669562127
 20
524.8895039711904
 30
0.0
 10
1015.194251461029
 20
524.8895039711904
 30
0.0
 10
1015.194251461029
 20
524.8895039711904
 30
0.0
 10
1015.194251461029
 20
524.8895039711904
 30
0.0
 10
1015.194251461029
 20
525.0368830639533
 30
0.0
 10
1015.074048654886
 20
525.1570858701053
 30
0.0
 10
1014.926669562127
 20
525.1570858701053
 30
0.0
 10
1014.926669562127
 20
525.1570858701053
 30
0.0
 10
1014.778767848452
 20
525.1570858701053
 30
0.0
 10
1014.658565042299
 20
525.0368830639533
 30
0.0
 10
1014.658565042299
 20
524.8895039711904
 30
0.0
 10
1014.658565042299
 20
524.8895039711904
 30
0.0
 10
1014.658565042299
 20
524.7416022575298
 30
0.0
 10
1014.778767848452
 20
524.6213994513773
 30
0.0
 10
1014.926669562127
 20
524.6213994513773
 30
0.0
 10
1014.926669562127
 20
524.6213994513773
 30
0.0
 10
1015.074048654886
 20
524.6213994513773
 30
0.0
 10
1015.194251461029
 20
524.7416022575298
 30
0.0
 10
1015.194251461029
 20
524.8895039711904
 30
0.0
 10
1015.194251461029
 20
524.8895039711904
 30
0.0
 10
1015.194251461029
 20
524.8895039711904
 30
0.0
 10
1014.926669562127
 20
524.8895039711904
 30
0.0
 10
1014.926669562127
 20
524.8895039711904
 30
0.0
  0
SPLINE
  5
7E1
330
1F
100
AcDbEntity
  8
ºöåçæÄ
370
     0
100
AcDbSpline
210
0.0
220
0.0
230
0.0
 70
    24
 71
     3
 72
     8
 73
     4
 74
     0
 42
0.000000001
 43
0.0000000001
 40
0.0
 40
0.0
 40
0.0
 40
0.0
 40
1.0
 40
1.0
 40
1.0
 40
1.0
 10
1006.257434133924
 20
513.5329518941126
 30
0.0
 10
1006.257434133924
 20
513.5329518941126
 30
0.0
 10
1008.544945797122
 20
515.8215087991067
 30
0.0
 10
1008.544945797122
 20
515.8215087991067
 30
0.0
  0
SPLINE
  5
7E2
330
1F
100
AcDbEntity
  8
ºöåçæÄ
370
     0
100
AcDbSpline
210
0.0
220
0.0
230
1.0
 70
    11
 71
     3
 72
    28
 73
    24
 74
     0
 42
0.000000001
 43
0.0000000001
 40
0.0
 40
0.0
 40
0.0
 40
0.0
 40
0.1428571428571428
 40
0.1428571428571428
 40
0.1428571428571428
 40
0.1428571528571428
 40
0.2857142857142857
 40
0.2857142857142857
 40
0.2857142857142857
 40
0.2857142957142857
 40
0.428571428571429
 40
0.428571428571429
 40
0.428571428571429
 40
0.4285714385714289
 40
0.5714285714285714
 40
0.5714285714285714
 40
0.5714285714285714
 40
0.5714285814285715
 40
0.7142857142857145
 40
0.7142857142857145
 40
0.7142857142857145
 40
0.7142857242857146
 40
1.0
 40
1.0
 40
1.0
 40
1.0
 10
1009.217036269792
 20
516.4925540299829
 30
0.0
 10
1009.217036269792
 20
516.4925540299829
 30
0.0
 10
1009.485140789602
 20
516.4925540299829
 30
0.0
 10
1009.485140789602
 20
516.4925540299829
 30
0.0
 10
1009.485140789602
 20
516.4925540299829
 30
0.0
 10
1009.485140789602
 20
516.6404557436435
 30
0.0
 10
1009.364937983467
 20
516.7606585497979
 30
0.0
 10
1009.217036269792
 20
516.7606585497979
 30
0.0
 10
1009.217036269792
 20
516.7606585497979
 30
0.0
 10
1009.069657177036
 20
516.7606585497979
 30
0.0
 10
1008.949454370879
 20
516.6404557436435
 30
0.0
 10
1008.949454370879
 20
516.4925540299829
 30
0.0
 10
1008.949454370879
 20
516.4925540299829
 30
0.0
 10
1008.949454370879
 20
516.3451749372212
 30
0.0
 10
1009.069657177036
 20
516.2249721310675
 30
0.0
 10
1009.217036269792
 20
516.2249721310675
 30
0.0
 10
1009.217036269792
 20
516.2249721310675
 30
0.0
 10
1009.364937983467
 20
516.2249721310675
 30
0.0
 10
1009.485140789602
 20
516.3451749372212
 30
0.0
 10
1009.485140789602
 20
516.4925540299829
 30
0.0
 10
1009.485140789602
 20
516.4925540299829
 30
0.0
 10
1009.485140789602
 20
516.4925540299829
 30
0.0
 10
1009.217036269792
 20
516.4925540299829
 30
0.0
 10
1009.217036269792
 20
516.4925540299829
 30
0.0
  0
SPLINE
  5
7E3
330
1F
100
AcDbEntity
  8
ºöåçæÄ
370
     0
100
AcDbSpline
210
0.0
220
0.0
230
0.0
 70
    24
 71
     3
 72
     8
 73
     4
 74
     0
 42
0.000000001
 43
0.0000000001
 40
0.0
 40
0.0
 40
0.0
 40
0.0
 40
1.0
 40
1.0
 40
1.0
 40
1.0
 10
1009.888081500681
 20
517.1651671235514
 30
0.0
 10
1009.888081500681
 20
517.1651671235514
 30
0.0
 10
1013.246966001345
 20
520.5235290033145
 30
0.0
 10
1013.246966001345
 20
520.5235290033145
 30
0.0
  0
SPLINE
  5
7E4
330
1F
100
AcDbEntity
  8
ºöåçæÄ
370
     0
100
AcDbSpline
210
0.0
220
0.0
230
1.0
 70
    11
 71
     3
 72
    28
 73
    24
 74
     0
 42
0.000000001
 43
0.0000000001
 40
0.0
 40
0.0
 40
0.0
 40
0.0
 40
0.1428571428571428
 40
0.1428571428571428
 40
0.1428571428571428
 40
0.1428571528571428
 40
0.2857142857142857
 40
0.2857142857142857
 40
0.2857142857142857
 40
0.2857142957142857
 40
0.428571428571429
 40
0.428571428571429
 40
0.428571428571429
 40
0.4285714385714289
 40
0.5714285714285714
 40
0.5714285714285714
 40
0.5714285714285714
 40
0.5714285814285715
 40
0.7142857142857145
 40
0.7142857142857145
 40
0.7142857142857145
 40
0.7142857242857146
 40
1.0
 40
1.0
 40
1.0
 40
1.0
 10
1013.919056474015
 20
521.1945742341936
 30
0.0
 10
1013.919056474015
 20
521.1945742341936
 30
0.0
 10
1014.187160993836
 20
521.1945742341936
 30
0.0
 10
1014.187160993836
 20
521.1945742341936
 30
0.0
 10
1014.187160993836
 20
521.1945742341936
 30
0.0
 10
1014.187160993836
 20
521.3424759478538
 30
0.0
 10
1014.066958187658
 20
521.4626787540074
 30
0.0
 10
1013.919056474015
 20
521.4626787540074
 30
0.0
 10
1013.919056474015
 20
521.4626787540074
 30
0.0
 10
1013.771677381245
 20
521.4626787540074
 30
0.0
 10
1013.651474575085
 20
521.3424759478538
 30
0.0
 10
1013.651474575085
 20
521.1945742341936
 30
0.0
 10
1013.651474575085
 20
521.1945742341936
 30
0.0
 10
1013.651474575085
 20
521.0471951414308
 30
0.0
 10
1013.771677381245
 20
520.9269923352768
 30
0.0
 10
1013.919056474015
 20
520.9269923352768
 30
0.0
 10
1013.919056474015
 20
520.9269923352768
 30
0.0
 10
1014.066958187658
 20
520.9269923352768
 30
0.0
 10
1014.187160993836
 20
521.0471951414308
 30
0.0
 10
1014.187160993836
 20
521.1945742341936
 30
0.0
 10
1014.187160993836
 20
521.1945742341936
 30
0.0
 10
1014.187160993836
 20
521.1945742341936
 30
0.0
 10
1013.919056474015
 20
521.1945742341936
 30
0.0
 10
1013.919056474015
 20
521.1945742341936
 30
0.0
  0
SPLINE
  5
7E5
330
1F
100
AcDbEntity
  8
ºöåçæÄ
370
     0
100
AcDbSpline
210
0.0
220
0.0
230
0.0
 70
    24
 71
     3
 72
     8
 73
     4
 74
     0
 42
0.000000001
 43
0.0000000001
 40
0.0
 40
0.0
 40
0.0
 40
0.0
 40
1.0
 40
1.0
 40
1.0
 40
1.0
 10
1014.590101704887
 20
521.8671873277599
 30
0.0
 10
1014.590101704887
 20
521.8671873277599
 30
0.0
 10
1017.947940963755
 20
525.2255492075253
 30
0.0
 10
1017.947940963755
 20
525.2255492075253
 30
0.0
  0
SPLINE
  5
7E6
330
1F
100
AcDbEntity
  8
ºöåçæÄ
370
     0
100
AcDbSpline
210
0.0
220
0.0
230
1.0
 70
    11
 71
     3
 72
    28
 73
    24
 74
     0
 42
0.000000001
 43
0.0000000001
 40
0.0
 40
0.0
 40
0.0
 40
0.0
 40
0.1428571428571428
 40
0.1428571428571428
 40
0.1428571428571428
 40
0.1428571528571428
 40
0.2857142857142857
 40
0.2857142857142857
 40
0.2857142857142857
 40
0.2857142957142857
 40
0.428571428571429
 40
0.428571428571429
 40
0.428571428571429
 40
0.4285714385714289
 40
0.5714285714285714
 40
0.5714285714285714
 40
0.5714285714285714
 40
0.5714285814285715
 40
0.7142857142857145
 40
0.7142857142857145
 40
0.7142857142857145
 40
0.7142857242857146
 40
1.0
 40
1.0
 40
1.0
 40
1.0
 10
1018.055600868396
 20
525.3311186285833
 30
0.0
 10
1018.055600868396
 20
525.3311186285833
 30
0.0
 10
1018.323705388209
 20
525.3311186285833
 30
0.0
 10
1018.323705388209
 20
525.3311186285833
 30
0.0
 10
1018.323705388209
 20
525.3311186285833
 30
0.0
 10
1018.323705388209
 20
525.4784977213453
 30
0.0
 10
1018.203502582049
 20
525.5992231483936
 30
0.0
 10
1018.055600868396
 20
525.5992231483936
 30
0.0
 10
1018.055600868396
 20
525.5992231483936
 30
0.0
 10
1017.908221775636
 20
525.5992231483936
 30
0.0
 10
1017.788018969479
 20
525.4784977213453
 30
0.0
 10
1017.788018969479
 20
525.3311186285833
 30
0.0
 10
1017.788018969479
 20
525.3311186285833
 30
0.0
 10
1017.788018969479
 20
525.1832169149213
 30
0.0
 10
1017.908221775636
 20
525.0630141087708
 30
0.0
 10
1018.055600868396
 20
525.0630141087708
 30
0.0
 10
1018.055600868396
 20
525.0630141087708
 30
0.0
 10
1018.203502582049
 20
525.0630141087708
 30
0.0
 10
1018.323705388209
 20
525.1832169149213
 30
0.0
 10
1018.323705388209
 20
525.3311186285833
 30
0.0
 10
1018.323705388209
 20
525.3311186285833
 30
0.0
 10
1018.323705388209
 20
525.3311186285833
 30
0.0
 10
1018.055600868396
 20
525.3311186285833
 30
0.0
 10
1018.055600868396
 20
525.3311186285833
 30
0.0
  0
SPLINE
  5
7E7
330
1F
100
AcDbEntity
  8
ºöåçæÄ
370
     0
100
AcDbSpline
210
0.0
220
0.0
230
0.0
 70
    24
 71
     3
 72
     8
 73
     4
 74
     0
 42
0.000000001
 43
0.0000000001
 40
0.0
 40
0.0
 40
0.0
 40
0.0
 40
1.0
 40
1.0
 40
1.0
 40
1.0
 10
1008.943182920125
 20
513.5329518941126
 30
0.0
 10
1008.943182920125
 20
513.5329518941126
 30
0.0
 10
1012.238830292325
 20
516.8285992663186
 30
0.0
 10
1012.238830292325
 20
516.8285992663186
 30
0.0
  0
SPLINE
  5
7E8
330
1F
100
AcDbEntity
  8
ºöåçæÄ
370
     0
100
AcDbSpline
210
0.0
220
0.0
230
1.0
 70
    11
 71
     3
 72
    28
 73
    24
 74
     0
 42
0.000000001
 43
0.0000000001
 40
0.0
 40
0.0
 40
0.0
 40
0.0
 40
0.1428571428571428
 40
0.1428571428571428
 40
0.1428571428571428
 40
0.1428571528571428
 40
0.2857142857142857
 40
0.2857142857142857
 40
0.2857142857142857
 40
0.2857142957142857
 40
0.428571428571429
 40
0.428571428571429
 40
0.428571428571429
 40
0.4285714385714289
 40
0.5714285714285714
 40
0.5714285714285714
 40
0.5714285714285714
 40
0.5714285814285715
 40
0.7142857142857145
 40
0.7142857142857145
 40
0.7142857142857145
 40
0.7142857242857146
 40
1.0
 40
1.0
 40
1.0
 40
1.0
 10
1012.911966006805
 20
517.5022576016766
 30
0.0
 10
1012.911966006805
 20
517.5022576016766
 30
0.0
 10
1013.180070526608
 20
517.5022576016766
 30
0.0
 10
1013.180070526608
 20
517.5022576016766
 30
0.0
 10
1013.180070526608
 20
517.5022576016766
 30
0.0
 10
1013.180070526608
 20
517.6496366944411
 30
0.0
 10
1013.059867720455
 20
517.7703621214922
 30
0.0
 10
1012.911966006805
 20
517.7703621214922
 30
0.0
 10
1012.911966006805
 20
517.7703621214922
 30
0.0
 10
1012.764586914034
 20
517.7703621214922
 30
0.0
 10
1012.644384107878
 20
517.6496366944411
 30
0.0
 10
1012.644384107878
 20
517.5022576016766
 30
0.0
 10
1012.644384107878
 20
517.5022576016766
 30
0.0
 10
1012.644384107878
 20
517.3548785089157
 30
0.0
 10
1012.764586914034
 20
517.2341530818654
 30
0.0
 10
1012.911966006805
 20
517.2341530818654
 30
0.0
 10
1012.911966006805
 20
517.2341530818654
 30
0.0
 10
1013.059867720455
 20
517.2341530818654
 30
0.0
 10
1013.180070526608
 20
517.3548785089157
 30
0.0
 10
1013.180070526608
 20
517.5022576016766
 30
0.0
 10
1013.180070526608
 20
517.5022576016766
 30
0.0
 10
1013.180070526608
 20
517.5022576016766
 30
0.0
 10
1012.911966006805
 20
517.5022576016766
 30
0.0
 10
1012.911966006805
 20
517.5022576016766
 30
0.0
  0
SPLINE
  5
7E9
330
1F
100
AcDbEntity
  8
ºöåçæÄ
370
     0
100
AcDbSpline
210
0.0
220
0.0
230
0.0
 70
    24
 71
     3
 72
     8
 73
     4
 74
     0
 42
0.000000001
 43
0.0000000001
 40
0.0
 40
0.0
 40
0.0
 40
0.0
 40
1.0
 40
1.0
 40
1.0
 40
1.0
 10
1013.582488616782
 20
518.1722575907634
 30
0.0
 10
1013.582488616782
 20
518.1722575907634
 30
0.0
 10
1016.940850496548
 20
521.5306194705284
 30
0.0
 10
1016.940850496548
 20
521.5306194705284
 30
0.0
  0
SPLINE
  5
7EA
330
1F
100
AcDbEntity
  8
ºöåçæÄ
370
     0
100
AcDbSpline
210
0.0
220
0.0
230
1.0
 70
    11
 71
     3
 72
    28
 73
    24
 74
     0
 42
0.000000001
 43
0.0000000001
 40
0.0
 40
0.0
 40
0.0
 40
0.0
 40
0.1428571428571428
 40
0.1428571428571428
 40
0.1428571428571428
 40
0.1428571528571428
 40
0.2857142857142857
 40
0.2857142857142857
 40
0.2857142857142857
 40
0.2857142957142857
 40
0.428571428571429
 40
0.428571428571429
 40
0.428571428571429
 40
0.4285714385714289
 40
0.5714285714285714
 40
0.5714285714285714
 40
0.5714285714285714
 40
0.5714285814285715
 40
0.7142857142857145
 40
0.7142857142857145
 40
0.7142857142857145
 40
0.7142857242857146
 40
1.0
 40
1.0
 40
1.0
 40
1.0
 10
1017.612418348313
 20
522.2016647014046
 30
0.0
 10
1017.612418348313
 20
522.2016647014046
 30
0.0
 10
1017.880000247237
 20
522.2016647014046
 30
0.0
 10
1017.880000247237
 20
522.2016647014046
 30
0.0
 10
1017.880000247237
 20
522.2016647014046
 30
0.0
 10
1017.880000247237
 20
522.3495664150653
 30
0.0
 10
1017.759797441077
 20
522.4697692212195
 30
0.0
 10
1017.612418348313
 20
522.4697692212195
 30
0.0
 10
1017.612418348313
 20
522.4697692212195
 30
0.0
 10
1017.464516634652
 20
522.4697692212195
 30
0.0
 10
1017.3443138285
 20
522.3495664150653
 30
0.0
 10
1017.3443138285
 20
522.2016647014046
 30
0.0
 10
1017.3443138285
 20
522.2016647014046
 30
0.0
 10
1017.3443138285
 20
522.0542856086431
 30
0.0
 10
1017.464516634652
 20
521.9340828024908
 30
0.0
 10
1017.612418348313
 20
521.9340828024908
 30
0.0
 10
1017.612418348313
 20
521.9340828024908
 30
0.0
 10
1017.759797441077
 20
521.9340828024908
 30
0.0
 10
1017.880000247237
 20
522.0542856086431
 30
0.0
 10
1017.880000247237
 20
522.2016647014046
 30
0.0
 10
1017.880000247237
 20
522.2016647014046
 30
0.0
 10
1017.880000247237
 20
522.2016647014046
 30
0.0
 10
1017.612418348313
 20
522.2016647014046
 30
0.0
 10
1017.612418348313
 20
522.2016647014046
 30
0.0
  0
SPLINE
  5
7EB
330
1F
100
AcDbEntity
  8
ºöåçæÄ
370
     0
100
AcDbSpline
210
0.0
220
0.0
230
0.0
 70
    24
 71
     3
 72
     8
 73
     4
 74
     0
 42
0.000000001
 43
0.0000000001
 40
0.0
 40
0.0
 40
0.0
 40
0.0
 40
1.0
 40
1.0
 40
1.0
 40
1.0
 10
1018.284508820984
 20
522.874277794971
 30
0.0
 10
1018.284508820984
 20
522.874277794971
 30
0.0
 10
1019.195959664171
 20
523.7852060172603
 30
0.0
 10
1019.195959664171
 20
523.7852060172603
 30
0.0
  0
SPLINE
  5
7EC
330
1F
100
AcDbEntity
  8
ºöåçæÄ
370
     0
100
AcDbSpline
210
0.0
220
0.0
230
1.0
 70
    11
 71
     3
 72
    28
 73
    24
 74
     0
 42
0.000000001
 43
0.0000000001
 40
0.0
 40
0.0
 40
0.0
 40
0.0
 40
0.1428571428571428
 40
0.1428571428571428
 40
0.1428571428571428
 40
0.1428571528571428
 40
0.2857142857142857
 40
0.2857142857142857
 40
0.2857142857142857
 40
0.2857142957142857
 40
0.428571428571429
 40
0.428571428571429
 40
0.428571428571429
 40
0.4285714385714289
 40
0.5714285714285714
 40
0.5714285714285714
 40
0.5714285714285714
 40
0.5714285814285715
 40
0.7142857142857145
 40
0.7142857142857145
 40
0.7142857142857145
 40
0.7142857242857146
 40
1.0
 40
1.0
 40
1.0
 40
1.0
 10
1011.90278505601
 20
513.8073278646817
 30
0.0
 10
1011.90278505601
 20
513.8073278646817
 30
0.0
 10
1012.170889575824
 20
513.8073278646817
 30
0.0
 10
1012.170889575824
 20
513.8073278646817
 30
0.0
 10
1012.170889575824
 20
513.8073278646817
 30
0.0
 10
1012.170889575824
 20
513.9552295783394
 30
0.0
 10
1012.05068676965
 20
514.0754323844928
 30
0.0
 10
1011.90278505601
 20
514.0754323844928
 30
0.0
 10
1011.90278505601
 20
514.0754323844928
 30
0.0
 10
1011.755405963233
 20
514.0754323844928
 30
0.0
 10
1011.635203157073
 20
513.9552295783394
 30
0.0
 10
1011.635203157073
 20
513.8073278646817
 30
0.0
 10
1011.635203157073
 20
513.8073278646817
 30
0.0
 10
1011.635203157073
 20
513.6599487719188
 30
0.0
 10
1011.755405963233
 20
513.5397459657648
 30
0.0
 10
1011.90278505601
 20
513.5397459657648
 30
0.0
 10
1011.90278505601
 20
513.5397459657648
 30
0.0
 10
1012.05068676965
 20
513.5397459657648
 30
0.0
 10
1012.170889575824
 20
513.6599487719188
 30
0.0
 10
1012.170889575824
 20
513.8073278646817
 30
0.0
 10
1012.170889575824
 20
513.8073278646817
 30
0.0
 10
1012.170889575824
 20
513.8073278646817
 30
0.0
 10
1011.90278505601
 20
513.8073278646817
 30
0.0
 10
1011.90278505601
 20
513.8073278646817
 30
0.0
  0
SPLINE
  5
7ED
330
1F
100
AcDbEntity
  8
ºöåçæÄ
370
     0
100
AcDbSpline
210
0.0
220
0.0
230
0.0
 70
    24
 71
     3
 72
     8
 73
     4
 74
     0
 42
0.000000001
 43
0.0000000001
 40
0.0
 40
0.0
 40
0.0
 40
0.0
 40
1.0
 40
1.0
 40
1.0
 40
1.0
 10
1012.575398149564
 20
514.4773278537646
 30
0.0
 10
1012.575398149564
 20
514.4773278537646
 30
0.0
 10
1015.93376002933
 20
517.8356897335318
 30
0.0
 10
1015.93376002933
 20
517.8356897335318
 30
0.0
  0
SPLINE
  5
7EE
330
1F
100
AcDbEntity
  8
ºöåçæÄ
370
     0
100
AcDbSpline
210
0.0
220
0.0
230
1.0
 70
    11
 71
     3
 72
    28
 73
    24
 74
     0
 42
0.000000001
 43
0.0000000001
 40
0.0
 40
0.0
 40
0.0
 40
0.0
 40
0.1428571428571428
 40
0.1428571428571428
 40
0.1428571428571428
 40
0.1428571528571428
 40
0.2857142857142857
 40
0.2857142857142857
 40
0.2857142857142857
 40
0.2857142957142857
 40
0.428571428571429
 40
0.428571428571429
 40
0.428571428571429
 40
0.4285714385714289
 40
0.5714285714285714
 40
0.5714285714285714
 40
0.5714285714285714
 40
0.5714285814285715
 40
0.7142857142857145
 40
0.7142857142857145
 40
0.7142857142857145
 40
0.7142857242857146
 40
1.0
 40
1.0
 40
1.0
 40
1.0
 10
1016.604805260212
 20
518.5077802062023
 30
0.0
 10
1016.604805260212
 20
518.5077802062023
 30
0.0
 10
1016.872909780022
 20
518.5077802062023
 30
0.0
 10
1016.872909780022
 20
518.5077802062023
 30
0.0
 10
1016.872909780022
 20
518.5077802062023
 30
0.0
 10
1016.872909780022
 20
518.6551592989643
 30
0.0
 10
1016.752706973859
 20
518.7753621051191
 30
0.0
 10
1016.604805260212
 20
518.7753621051191
 30
0.0
 10
1016.604805260212
 20
518.7753621051191
 30
0.0
 10
1016.457426167442
 20
518.7753621051191
 30
0.0
 10
1016.337223361303
 20
518.6551592989643
 30
0.0
 10
1016.337223361303
 20
518.5077802062023
 30
0.0
 10
1016.337223361303
 20
518.5077802062023
 30
0.0
 10
1016.337223361303
 20
518.359878492542
 30
0.0
 10
1016.457426167442
 20
518.239675686387
 30
0.0
 10
1016.604805260212
 20
518.239675686387
 30
0.0
 10
1016.604805260212
 20
518.239675686387
 30
0.0
 10
1016.752706973859
 20
518.239675686387
 30
0.0
 10
1016.872909780022
 20
518.359878492542
 30
0.0
 10
1016.872909780022
 20
518.5077802062023
 30
0.0
 10
1016.872909780022
 20
518.5077802062023
 30
0.0
 10
1016.872909780022
 20
518.5077802062023
 30
0.0
 10
1016.604805260212
 20
518.5077802062023
 30
0.0
 10
1016.604805260212
 20
518.5077802062023
 30
0.0
  0
SPLINE
  5
7EF
330
1F
100
AcDbEntity
  8
ºöåçæÄ
370
     0
100
AcDbSpline
210
0.0
220
0.0
230
0.0
 70
    24
 71
     3
 72
     8
 73
     4
 74
     0
 42
0.000000001
 43
0.0000000001
 40
0.0
 40
0.0
 40
0.0
 40
0.0
 40
1.0
 40
1.0
 40
1.0
 40
1.0
 10
1017.275850491084
 20
519.179348057974
 30
0.0
 10
1017.275850491084
 20
519.179348057974
 30
0.0
 10
1019.262332518
 20
521.1658300848961
 30
0.0
 10
1019.262332518
 20
521.1658300848961
 30
0.0
  0
SPLINE
  5
7F0
330
1F
100
AcDbEntity
  8
ºöåçæÄ
370
     0
100
AcDbSpline
210
0.0
220
0.0
230
0.0
 70
    24
 71
     3
 72
     8
 73
     4
 74
     0
 42
0.000000001
 43
0.0000000001
 40
0.0
 40
0.0
 40
0.0
 40
0.0
 40
1.0
 40
1.0
 40
1.0
 40
1.0
 10
1014.315725734323
 20
513.5329518941126
 30
0.0
 10
1014.315725734323
 20
513.5329518941126
 30
0.0
 10
1014.926669562127
 20
514.1433731010168
 30
0.0
 10
1014.926669562127
 20
514.1433731010168
 30
0.0
  0
SPLINE
  5
7F1
330
1F
100
AcDbEntity
  8
ºöåçæÄ
370
     0
100
AcDbSpline
210
0.0
220
0.0
230
1.0
 70
    11
 71
     3
 72
    28
 73
    24
 74
     0
 42
0.000000001
 43
0.0000000001
 40
0.0
 40
0.0
 40
0.0
 40
0.0
 40
0.1428571428571428
 40
0.1428571428571428
 40
0.1428571428571428
 40
0.1428571528571428
 40
0.2857142857142857
 40
0.2857142857142857
 40
0.2857142857142857
 40
0.2857142957142857
 40
0.428571428571429
 40
0.428571428571429
 40
0.428571428571429
 40
0.4285714385714289
 40
0.5714285714285714
 40
0.5714285714285714
 40
0.5714285714285714
 40
0.5714285814285715
 40
0.7142857142857145
 40
0.7142857142857145
 40
0.7142857142857145
 40
0.7142857242857146
 40
1.0
 40
1.0
 40
1.0
 40
1.0
 10
1015.597192172111
 20
514.8149409527909
 30
0.0
 10
1015.597192172111
 20
514.8149409527909
 30
0.0
 10
1015.865296691911
 20
514.8149409527909
 30
0.0
 10
1015.865296691911
 20
514.8149409527909
 30
0.0
 10
1015.865296691911
 20
514.8149409527909
 30
0.0
 10
1015.865296691911
 20
514.9623200455517
 30
0.0
 10
1015.744571264868
 20
515.0825228517078
 30
0.0
 10
1015.597192172111
 20
515.0825228517078
 30
0.0
 10
1015.597192172111
 20
515.0825228517078
 30
0.0
 10
1015.449290458436
 20
515.0825228517078
 30
0.0
 10
1015.329087652298
 20
514.9623200455517
 30
0.0
 10
1015.329087652298
 20
514.8149409527909
 30
0.0
 10
1015.329087652298
 20
514.8149409527909
 30
0.0
 10
1015.329087652298
 20
514.6670392391307
 30
0.0
 10
1015.449290458436
 20
514.5468364329758
 30
0.0
 10
1015.597192172111
 20
514.5468364329758
 30
0.0
 10
1015.597192172111
 20
514.5468364329758
 30
0.0
 10
1015.744571264868
 20
514.5468364329758
 30
0.0
 10
1015.865296691911
 20
514.6670392391307
 30
0.0
 10
1015.865296691911
 20
514.8149409527909
 30
0.0
 10
1015.865296691911
 20
514.8149409527909
 30
0.0
 10
1015.865296691911
 20
514.8149409527909
 30
0.0
 10
1015.597192172111
 20
514.8149409527909
 30
0.0
 10
1015.597192172111
 20
514.8149409527909
 30
0.0
  0
SPLINE
  5
7F2
330
1F
100
AcDbEntity
  8
ºöåçæÄ
370
     0
100
AcDbSpline
210
0.0
220
0.0
230
0.0
 70
    24
 71
     3
 72
     8
 73
     4
 74
     0
 42
0.000000001
 43
0.0000000001
 40
0.0
 40
0.0
 40
0.0
 40
0.0
 40
1.0
 40
1.0
 40
1.0
 40
1.0
 10
1016.270327886563
 20
515.4849409418757
 30
0.0
 10
1016.270327886563
 20
515.4849409418757
 30
0.0
 10
1019.262332518
 20
518.4790360569043
 30
0.0
 10
1019.262332518
 20
518.4790360569043
 30
0.0
  0
SPLINE
  5
7F3
330
1F
100
AcDbEntity
  8
ºöåçæÄ
370
     0
100
AcDbSpline
210
0.0
220
0.0
230
0.0
 70
    24
 71
     3
 72
     8
 73
     4
 74
     0
 42
0.000000001
 43
0.0000000001
 40
0.0
 40
0.0
 40
0.0
 40
0.0
 40
1.0
 40
1.0
 40
1.0
 40
1.0
 10
1017.0035650041
 20
513.5329518941126
 30
0.0
 10
1017.0035650041
 20
513.5329518941126
 30
0.0
 10
1018.621076678231
 20
515.1504635682281
 30
0.0
 10
1018.621076678231
 20
515.1504635682281
 30
0.0
  0
SPLINE
  5
7F4
330
1F
100
AcDbEntity
  8
ºöåçæÄ
370
     0
100
AcDbSpline
210
0.0
220
0.0
230
1.0
 70
    11
 71
     3
 72
    28
 73
    24
 74
     0
 42
0.000000001
 43
0.0000000001
 40
0.0
 40
0.0
 40
0.0
 40
0.0
 40
0.1428571428571428
 40
0.1428571428571428
 40
0.1428571428571428
 40
0.1428571528571428
 40
0.2857142857142857
 40
0.2857142857142857
 40
0.2857142857142857
 40
0.2857142957142857
 40
0.428571428571429
 40
0.428571428571429
 40
0.428571428571429
 40
0.4285714385714289
 40
0.5714285714285714
 40
0.5714285714285714
 40
0.5714285714285714
 40
0.5714285814285715
 40
0.7142857142857145
 40
0.7142857142857145
 40
0.7142857142857145
 40
0.7142857242857146
 40
1.0
 40
1.0
 40
1.0
 40
1.0
 10
1019.262332518
 20
515.7938098916024
 30
0.0
 10
1019.262332518
 20
515.7938098916024
 30
0.0
 10
1019.529914416916
 20
515.7938098916024
 30
0.0
 10
1019.529914416916
 20
515.7938098916024
 30
0.0
 10
1019.529914416916
 20
515.7938098916024
 30
0.0
 10
1019.529914416916
 20
515.9417116052611
 30
0.0
 10
1019.409711610767
 20
516.0619144114146
 30
0.0
 10
1019.262332518
 20
516.0619144114146
 30
0.0
 10
1019.262332518
 20
516.0619144114146
 30
0.0
 10
1019.114430804357
 20
516.0619144114146
 30
0.0
 10
1018.994227998186
 20
515.9417116052611
 30
0.0
 10
1018.994227998186
 20
515.7938098916024
 30
0.0
 10
1018.994227998186
 20
515.7938098916024
 30
0.0
 10
1018.994227998186
 20
515.6464307988371
 30
0.0
 10
1019.114430804357
 20
515.5262279926828
 30
0.0
 10
1019.262332518
 20
515.5262279926828
 30
0.0
 10
1019.262332518
 20
515.5262279926828
 30
0.0
 10
1019.409711610767
 20
515.5262279926828
 30
0.0
 10
1019.529914416916
 20
515.6464307988371
 30
0.0
 10
1019.529914416916
 20
515.7938098916024
 30
0.0
 10
1019.529914416916
 20
515.7938098916024
 30
0.0
 10
1019.529914416916
 20
515.7938098916024
 30
0.0
 10
1019.262332518
 20
515.7938098916024
 30
0.0
 10
1019.262332518
 20
515.7938098916024
 30
0.0
  0
SPLINE
  5
7F5
330
1F
100
AcDbEntity
  8
ºöåçæÄ
370
     0
100
AcDbSpline
210
0.0
220
0.0
230
0.0
 70
    24
 71
     3
 72
     8
 73
     4
 74
     0
 42
0.000000001
 43
0.0000000001
 40
0.0
 40
0.0
 40
0.0
 40
0.0
 40
1.0
 40
1.0
 40
1.0
 40
1.0
 10
986.1961084077094
 20
513.3526476848816
 30
0.0
 10
986.1961084077094
 20
513.3526476848816
 30
0.0
 10
986.3758899960387
 20
513.5329518941126
 30
0.0
 10
986.3758899960387
 20
513.5329518941126
 30
0.0
  0
SPLINE
  5
7F6
330
1F
100
AcDbEntity
  8
ºöåçæÄ
370
     0
100
AcDbSpline
210
0.0
220
0.0
230
0.0
 70
    24
 71
     3
 72
     8
 73
     4
 74
     0
 42
0.000000001
 43
0.0000000001
 40
0.0
 40
0.0
 40
0.0
 40
0.0
 40
1.0
 40
1.0
 40
1.0
 40
1.0
 10
986.6507885875044
 20
510.5832795552711
 30
0.0
 10
986.6507885875044
 20
510.5832795552711
 30
0.0
 10
988.5343142978619
 20
512.4657600238228
 30
0.0
 10
988.5343142978619
 20
512.4657600238228
 30
0.0
  0
SPLINE
  5
7F7
330
1F
100
AcDbEntity
  8
ºöåçæÄ
370
     0
100
AcDbSpline
210
0.0
220
0.0
230
0.0
 70
    24
 71
     3
 72
     8
 73
     4
 74
     0
 42
0.000000001
 43
0.0000000001
 40
0.0
 40
0.0
 40
0.0
 40
0.0
 40
1.0
 40
1.0
 40
1.0
 40
1.0
 10
986.1961084077094
 20
512.2765712593551
 30
0.0
 10
986.1961084077094
 20
512.2765712593551
 30
0.0
 10
987.4498759380003
 20
513.5329518941126
 30
0.0
 10
987.4498759380003
 20
513.5329518941126
 30
0.0
  0
SPLINE
  5
7F8
330
1F
100
AcDbEntity
  8
ºöåçæÄ
370
     0
100
AcDbSpline
210
0.0
220
0.0
230
0.0
 70
    24
 71
     3
 72
     8
 73
     4
 74
     0
 42
0.000000001
 43
0.0000000001
 40
0.0
 40
0.0
 40
0.0
 40
0.0
 40
1.0
 40
1.0
 40
1.0
 40
1.0
 10
987.6704219562268
 20
510.5284043611574
 30
0.0
 10
987.6704219562268
 20
510.5284043611574
 30
0.0
 10
988.5343142978619
 20
511.3912514609853
 30
0.0
 10
988.5343142978619
 20
511.3912514609853
 30
0.0
  0
SPLINE
  5
7F9
330
1F
100
AcDbEntity
  8
ºöåçæÄ
370
     0
100
AcDbSpline
210
0.0
220
0.0
230
0.0
 70
    24
 71
     3
 72
     8
 73
     4
 74
     0
 42
0.000000001
 43
0.0000000001
 40
0.0
 40
0.0
 40
0.0
 40
0.0
 40
1.0
 40
1.0
 40
1.0
 40
1.0
 10
986.9377074595979
 20
520.5428659764786
 30
0.0
 10
986.9377074595979
 20
520.5428659764786
 30
0.0
 10
987.4263579976593
 20
521.030993893645
 30
0.0
 10
987.4263579976593
 20
521.030993893645
 30
0.0
  0
SPLINE
  5
7FA
330
1F
100
AcDbEntity
  8
ºöåçæÄ
370
     0
100
AcDbSpline
210
0.0
220
0.0
230
0.0
 70
    24
 71
     3
 72
     8
 73
     4
 74
     0
 42
0.000000001
 43
0.0000000001
 40
0.0
 40
0.0
 40
0.0
 40
0.0
 40
1.0
 40
1.0
 40
1.0
 40
1.0
 10
986.1961084077094
 20
516.5782638569797
 30
0.0
 10
986.1961084077094
 20
516.5782638569797
 30
0.0
 10
988.5322238142714
 20
518.9138566426427
 30
0.0
 10
988.5322238142714
 20
518.9138566426427
 30
0.0
  0
SPLINE
  5
7FB
330
1F
100
AcDbEntity
  8
ºöåçæÄ
370
     0
100
AcDbSpline
210
0.0
220
0.0
230
0.0
 70
    24
 71
     3
 72
     8
 73
     4
 74
     0
 42
0.000000001
 43
0.0000000001
 40
0.0
 40
0.0
 40
0.0
 40
0.0
 40
1.0
 40
1.0
 40
1.0
 40
1.0
 10
986.3743221333566
 20
513.5329518941126
 30
0.0
 10
986.3743221333566
 20
513.5329518941126
 30
0.0
 10
988.5322238142714
 20
515.6908535750264
 30
0.0
 10
988.5322238142714
 20
515.6908535750264
 30
0.0
  0
SPLINE
  5
7FC
330
1F
100
AcDbEntity
  8
ºöåçæÄ
370
     0
100
AcDbSpline
210
0.0
220
0.0
230
0.0
 70
    24
 71
     3
 72
     8
 73
     4
 74
     0
 42
0.000000001
 43
0.0000000001
 40
0.0
 40
0.0
 40
0.0
 40
0.0
 40
1.0
 40
1.0
 40
1.0
 40
1.0
 10
986.1961084077094
 20
518.7251904990721
 30
0.0
 10
986.1961084077094
 20
518.7251904990721
 30
0.0
 10
987.8721536222112
 20
520.4012357135771
 30
0.0
 10
987.8721536222112
 20
520.4012357135771
 30
0.0
  0
SPLINE
  5
7FD
330
1F
100
AcDbEntity
  8
ºöåçæÄ
370
     0
100
AcDbSpline
210
0.0
220
0.0
230
0.0
 70
    24
 71
     3
 72
     8
 73
     4
 74
     0
 42
0.000000001
 43
0.0000000001
 40
0.0
 40
0.0
 40
0.0
 40
0.0
 40
1.0
 40
1.0
 40
1.0
 40
1.0
 10
986.1961084077094
 20
515.5021874314542
 30
0.0
 10
986.1961084077094
 20
515.5021874314542
 30
0.0
 10
988.5322238142714
 20
517.8383028380128
 30
0.0
 10
988.5322238142714
 20
517.8383028380128
 30
0.0
  0
SPLINE
  5
7FE
330
1F
100
AcDbEntity
  8
ºöåçæÄ
370
     0
100
AcDbSpline
210
0.0
220
0.0
230
0.0
 70
    24
 71
     3
 72
     8
 73
     4
 74
     0
 42
0.000000001
 43
0.0000000001
 40
0.0
 40
0.0
 40
0.0
 40
0.0
 40
1.0
 40
1.0
 40
1.0
 40
1.0
 10
987.4498759380003
 20
513.5329518941126
 30
0.0
 10
987.4498759380003
 20
513.5329518941126
 30
0.0
 10
988.5322238142714
 20
514.6147771494993
 30
0.0
 10
988.5322238142714
 20
514.6147771494993
 30
0.0
  0
SPLINE
  5
7FF
330
1F
100
AcDbEntity
  8
ºöåçæÄ
370
     0
100
AcDbSpline
210
0.0
220
0.0
230
0.0
 70
    24
 71
     3
 72
     8
 73
     4
 74
     0
 42
0.000000001
 43
0.0000000001
 40
0.0
 40
0.0
 40
0.0
 40
0.0
 40
1.0
 40
1.0
 40
1.0
 40
1.0
 10
986.1961084077094
 20
510.1291219963671
 30
0.0
 10
986.1961084077094
 20
510.1291219963671
 30
0.0
 10
986.6507885875044
 20
510.5832795552711
 30
0.0
 10
986.6507885875044
 20
510.5832795552711
 30
0.0
  0
SPLINE
  5
800
330
1F
100
AcDbEntity
  8
ºöåçæÄ
370
     0
100
AcDbSpline
210
0.0
220
0.0
230
0.0
 70
    24
 71
     3
 72
     8
 73
     4
 74
     0
 42
0.000000001
 43
0.0000000001
 40
0.0
 40
0.0
 40
0.0
 40
0.0
 40
1.0
 40
1.0
 40
1.0
 40
1.0
 10
988.1057651628683
 20
508.8157756839093
 30
0.0
 10
988.1057651628683
 20
508.8157756839093
 30
0.0
 10
988.5343142978619
 20
509.2422343353091
 30
0.0
 10
988.5343142978619
 20
509.2422343353091
 30
0.0
  0
SPLINE
  5
801
330
1F
100
AcDbEntity
  8
ºöåçæÄ
370
     0
100
AcDbSpline
210
0.0
220
0.0
230
0.0
 70
    24
 71
     3
 72
     8
 73
     4
 74
     0
 42
0.000000001
 43
0.0000000001
 40
0.0
 40
0.0
 40
0.0
 40
0.0
 40
1.0
 40
1.0
 40
1.0
 40
1.0
 10
986.1961084077094
 20
509.0530455708418
 30
0.0
 10
986.1961084077094
 20
509.0530455708418
 30
0.0
 10
987.6704219562268
 20
510.5284043611574
 30
0.0
 10
987.6704219562268
 20
510.5284043611574
 30
0.0
  0
SPLINE
  5
802
330
1F
100
AcDbEntity
  8
ºöåçæÄ
370
     0
100
AcDbSpline
210
0.0
220
0.0
230
0.0
 70
    24
 71
     3
 72
     8
 73
     4
 74
     0
 42
0.000000001
 43
0.0000000001
 40
0.0
 40
0.0
 40
0.0
 40
0.0
 40
1.0
 40
1.0
 40
1.0
 40
1.0
 10
984.2435967390487
 20
508.1771329486024
 30
0.0
 10
984.2435967390487
 20
508.1771329486024
 30
0.0
 10
984.9658588177774
 20
508.8988724064249
 30
0.0
 10
984.9658588177774
 20
508.8988724064249
 30
0.0
  0
SPLINE
  5
803
330
1F
100
AcDbEntity
  8
ºöåçæÄ
370
     0
100
AcDbSpline
210
0.0
220
0.0
230
0.0
 70
    24
 71
     3
 72
     8
 73
     4
 74
     0
 42
0.000000001
 43
0.0000000001
 40
0.0
 40
0.0
 40
0.0
 40
0.0
 40
1.0
 40
1.0
 40
1.0
 40
1.0
 10
985.0557496119334
 20
507.9137320168585
 30
0.0
 10
985.0557496119334
 20
507.9137320168585
 30
0.0
 10
985.9818338402162
 20
508.8413841078298
 30
0.0
 10
985.9818338402162
 20
508.8413841078298
 30
0.0
  0
SPLINE
  5
804
330
1F
100
AcDbEntity
  8
ºöåçæÄ
370
     0
100
AcDbSpline
210
0.0
220
0.0
230
0.0
 70
    24
 71
     3
 72
     8
 73
     4
 74
     0
 42
0.000000001
 43
0.0000000001
 40
0.0
 40
0.0
 40
0.0
 40
0.0
 40
1.0
 40
1.0
 40
1.0
 40
1.0
 10
987.0871770359519
 20
507.7977101778746
 30
0.0
 10
987.0871770359519
 20
507.7977101778746
 30
0.0
 10
988.0132612642135
 20
508.7232717852613
 30
0.0
 10
988.0132612642135
 20
508.7232717852613
 30
0.0
  0
SPLINE
  5
805
330
1F
100
AcDbEntity
  8
ºöåçæÄ
370
     0
100
AcDbSpline
210
0.0
220
0.0
230
0.0
 70
    24
 71
     3
 72
     8
 73
     4
 74
     0
 42
0.000000001
 43
0.0000000001
 40
0.0
 40
0.0
 40
0.0
 40
0.0
 40
1.0
 40
1.0
 40
1.0
 40
1.0
 10
988.1036746792847
 20
507.7376087747962
 30
0.0
 10
988.1036746792847
 20
507.7376087747962
 30
0.0
 10
988.5343142978619
 20
508.1687710142634
 30
0.0
 10
988.5343142978619
 20
508.1687710142634
 30
0.0
  0
SPLINE
  5
806
330
1F
100
AcDbEntity
  8
ºöåçæÄ
370
     0
100
AcDbSpline
210
0.0
220
0.0
230
0.0
 70
    24
 71
     3
 72
     8
 73
     4
 74
     0
 42
0.000000001
 43
0.0000000001
 40
0.0
 40
0.0
 40
0.0
 40
0.0
 40
1.0
 40
1.0
 40
1.0
 40
1.0
 10
990.1351021032859
 20
507.6194964522287
 30
0.0
 10
990.1351021032859
 20
507.6194964522287
 30
0.0
 10
990.7246184743359
 20
508.2095354441764
 30
0.0
 10
990.7246184743359
 20
508.2095354441764
 30
0.0
  0
SPLINE
  5
807
330
1F
100
AcDbEntity
  8
ºöåçæÄ
370
     0
100
AcDbSpline
210
0.0
220
0.0
230
0.0
 70
    24
 71
     3
 72
     8
 73
     4
 74
     0
 42
0.000000001
 43
0.0000000001
 40
0.0
 40
0.0
 40
0.0
 40
0.0
 40
1.0
 40
1.0
 40
1.0
 40
1.0
 10
988.5343142978619
 20
508.1687710142634
 30
0.0
 10
988.5343142978619
 20
508.1687710142634
 30
0.0
 10
989.0297589075681
 20
508.6631703821823
 30
0.0
 10
989.0297589075681
 20
508.6631703821823
 30
0.0
  0
SPLINE
  5
808
330
1F
100
AcDbEntity
  8
ºöåçæÄ
370
     0
100
AcDbSpline
210
0.0
220
0.0
230
0.0
 70
    24
 71
     3
 72
     8
 73
     4
 74
     0
 42
0.000000001
 43
0.0000000001
 40
0.0
 40
0.0
 40
0.0
 40
0.0
 40
1.0
 40
1.0
 40
1.0
 40
1.0
 10
985.7482222995734
 20
506.4561423370162
 30
0.0
 10
985.7482222995734
 20
506.4561423370162
 30
0.0
 10
986.8922394416085
 20
507.6006820999616
 30
0.0
 10
986.8922394416085
 20
507.6006820999616
 30
0.0
  0
SPLINE
  5
809
330
1F
100
AcDbEntity
  8
ºöåçæÄ
370
     0
100
AcDbSpline
210
0.0
220
0.0
230
0.0
 70
    24
 71
     3
 72
     8
 73
     4
 74
     0
 42
0.000000001
 43
0.0000000001
 40
0.0
 40
0.0
 40
0.0
 40
0.0
 40
1.0
 40
1.0
 40
1.0
 40
1.0
 10
989.0208743523253
 20
506.5052687012705
 30
0.0
 10
989.0208743523253
 20
506.5052687012705
 30
0.0
 10
989.2053595287269
 20
506.6892312567758
 30
0.0
 10
989.2053595287269
 20
506.6892312567758
 30
0.0
  0
SPLINE
  5
80A
330
1F
100
AcDbEntity
  8
ºöåçæÄ
370
     0
100
AcDbSpline
210
0.0
220
0.0
230
0.0
 70
    24
 71
     3
 72
     8
 73
     4
 74
     0
 42
0.000000001
 43
0.0000000001
 40
0.0
 40
0.0
 40
0.0
 40
0.0
 40
1.0
 40
1.0
 40
1.0
 40
1.0
 10
986.453237888711
 20
506.0871719842144
 30
0.0
 10
986.453237888711
 20
506.0871719842144
 30
0.0
 10
987.9683158671394
 20
507.6006820999616
 30
0.0
 10
987.9683158671394
 20
507.6006820999616
 30
0.0
  0
SPLINE
  5
80B
330
1F
100
AcDbEntity
  8
ºöåçæÄ
370
     0
100
AcDbSpline
210
0.0
220
0.0
230
1.0
 70
     8
 71
     3
 72
    48
 73
    44
 74
     0
 42
0.000000001
 43
0.0000000001
 40
0.0
 40
0.0
 40
0.0
 40
0.0
 40
0.0833333333333333
 40
0.0833333333333333
 40
0.0833333333333333
 40
0.0833333433333333
 40
0.1666666666666666
 40
0.1666666666666666
 40
0.1666666666666666
 40
0.1666666766666666
 40
0.25
 40
0.25
 40
0.25
 40
0.25000001
 40
0.3333333333333333
 40
0.3333333333333333
 40
0.3333333333333333
 40
0.3333333433333333
 40
0.4166666666666667
 40
0.4166666666666667
 40
0.4166666666666667
 40
0.4166666766666669
 40
0.5
 40
0.5
 40
0.5
 40
0.5000000100000001
 40
0.5833333333333334
 40
0.5833333333333334
 40
0.5833333333333334
 40
0.5833333433333335
 40
0.6666666666666666
 40
0.6666666666666666
 40
0.6666666666666666
 40
0.6666666766666669
 40
0.75
 40
0.75
 40
0.75
 40
0.7500000100000001
 40
0.8333333333333332
 40
0.8333333333333332
 40
0.8333333333333332
 40
0.8333333433333331
 40
1.0
 40
1.0
 40
1.0
 40
1.0
 10
1019.1055462491
 20
513.6416570405474
 30
0.0
 10
1019.1055462491
 20
513.6416570405474
 30
0.0
 10
1019.1055462491
 20
506.2889036501915
 30
0.0
 10
1019.1055462491
 20
506.2889036501915
 30
0.0
 10
1019.1055462491
 20
506.2889036501915
 30
0.0
 10
1019.1055462491
 20
506.2889036501915
 30
0.0
 10
1018.261513501551
 20
513.2387163294835
 30
0.0
 10
1018.261513501551
 20
513.2387163294835
 30
0.0
 10
1018.261513501551
 20
513.2387163294835
 30
0.0
 10
1018.261513501551
 20
513.2387163294835
 30
0.0
 10
1017.695515070835
 20
509.9409784736899
 30
0.0
 10
1017.695515070835
 20
509.9409784736899
 30
0.0
 10
1017.695515070835
 20
509.9409784736899
 30
0.0
 10
1017.695515070835
 20
509.9409784736899
 30
0.0
 10
1017.483330986922
 20
513.4404479954637
 30
0.0
 10
1017.483330986922
 20
513.4404479954637
 30
0.0
 10
1017.483330986922
 20
513.4404479954637
 30
0.0
 10
1017.483330986922
 20
513.4404479954637
 30
0.0
 10
1017.011926938441
 20
510.4918208984151
 30
0.0
 10
1017.011926938441
 20
510.4918208984151
 30
0.0
 10
1017.011926938441
 20
510.4918208984151
 30
0.0
 10
1017.011926938441
 20
510.4918208984151
 30
0.0
 10
1016.707761576792
 20
513.2387163294835
 30
0.0
 10
1016.707761576792
 20
513.2387163294835
 30
0.0
 10
1016.707761576792
 20
513.2387163294835
 30
0.0
 10
1016.707761576792
 20
513.2387163294835
 30
0.0
 10
1015.929579062163
 20
511.3959550490513
 30
0.0
 10
1015.929579062163
 20
511.3959550490513
 30
0.0
 10
1015.929579062163
 20
511.3959550490513
 30
0.0
 10
1015.929579062163
 20
511.3959550490513
 30
0.0
 10
1015.445109491269
 20
513.4038645327193
 30
0.0
 10
1015.445109491269
 20
513.4038645327193
 30
0.0
 10
1015.445109491269
 20
513.4038645327193
 30
0.0
 10
1015.445109491269
 20
513.4038645327193
 30
0.0
 10
1014.650203107975
 20
511.991742870859
 30
0.0
 10
1014.650203107975
 20
511.991742870859
 30
0.0
 10
1014.650203107975
 20
511.991742870859
 30
0.0
 10
1014.650203107975
 20
511.991742870859
 30
0.0
 10
1014.230538528217
 20
513.5151827836364
 30
0.0
 10
1014.230538528217
 20
513.5151827836364
 30
0.0
 10
1014.230538528217
 20
513.5151827836364
 30
0.0
 10
1014.230538528217
 20
513.5151827836364
 30
0.0
 10
1013.2809363596
 20
512.4568754685871
 30
0.0
 10
1013.2809363596
 20
512.4568754685871
 30
0.0
  0
MTEXT
  5
80C
330
1F
100
AcDbEntity
  8
ºöåçæÄ
370
     0
100
AcDbMText
 10
961.2722054930326
 20
537.5003473456829
 30
0.0
 40
6.271450755864312
 41
92.81489308951377
 71
     1
 72
     5
  1
{\fTahoma|b0|i0|c0|p34;Flush mount cut}
 73
     1
 44
1.0
1001
ACAD
1000
MTEXTBEGIN
1070
    73
1070
     1
1070
    44
1040
1.0
1070
    74
1070
     0
1000
MTEXTEND
  0
MTEXT
  5
80D
330
1F
100
AcDbEntity
  8
ºöåçæÄ
370
     0
100
AcDbMText
 10
964.5081412575118
 20
548.1084264032753
 30
0.0
 40
6.271450755864312
 41
97.6251077250226
 71
     1
 72
     5
  1
{\fTahoma|b0|i0|c0|p34; }
 73
     1
 44
1.0
1001
ACAD
1000
MTEXTBEGIN
1070
    73
1070
     1
1070
    44
1040
1.0
1070
    74
1070
     0
1000
MTEXTEND
  0
MTEXT
  5
80E
330
1F
100
AcDbEntity
  8
ºöåçæÄ
370
     0
100
AcDbMText
 10
964.5081412575118
 20
539.3973642621403
 30
0.0
 40
6.271450755864312
 41
111.6548951497001
 71
     1
 72
     5
  1
{\fTahoma|b0|i0|c0|p34; }
 73
     1
 44
1.0
1001
ACAD
1000
MTEXTBEGIN
1070
    73
1070
     1
1070
    44
1040
1.0
1070
    74
1070
     0
1000
MTEXTEND
  0
LEADER
  5
80F
330
1F
100
AcDbEntity
  8
≥ﬂ¥ÁòÀ◊¢
370
     0
100
AcDbLeader
  3
9.8
 74
     0
 76
     3
 10
1062.447894771542
 20
505.9739951153883
 30
0.0
 10
1046.531834463704
 20
526.8014515058617
 30
0.0
 10
1041.328994140541
 20
526.8014515058617
 30
0.0
211
0.0
221
0.0
231
0.0
1001
ACAD
1000
DSTYLE
1002
{
1070
   271
1070
     2
1002
}
  0
SPLINE
  5
810
330
1F
100
AcDbEntity
  8
≥ﬂ¥ÁòÀ◊¢
370
     0
100
AcDbSpline
210
0.0
220
0.0
230
1.0
 70
     8
 71
     3
 72
    12
 73
     8
 74
     0
 42
0.000000001
 43
0.0000000001
 40
0.0
 40
0.0
 40
0.0
 40
0.0
 40
0.3333333333333333
 40
0.3333333333333333
 40
0.3333333333333333
 40
0.3333333433333333
 40
1.0
 40
1.0
 40
1.0
 40
1.0
 10
541.2896540008516
 20
603.3736343303749
 30
0.0
 10
541.2896540008516
 20
603.9044937635267
 30
0.0
 10
541.0772058304678
 20
604.4139517839351
 30
0.0
 10
540.7029421003008
 20
604.7882155140921
 30
0.0
 10
540.7029421003008
 20
604.7882155140921
 30
0.0
 10
540.3260684417533
 20
605.1650891726279
 30
0.0
 10
539.8186983640596
 20
605.3770153573467
 30
0.0
 10
539.2857509882029
 20
605.3770153573467
 30
0.0
  0
SPLINE
  5
811
330
1F
100
AcDbEntity
  8
≥ﬂ¥ÁòÀ◊¢
370
     0
100
AcDbSpline
210
0.0
220
0.0
230
1.0
 70
     8
 71
     3
 72
    16
 73
    12
 74
     0
 42
0.000000001
 43
0.0000000001
 40
0.0
 40
0.0
 40
0.0
 40
0.0
 40
0.25
 40
0.25
 40
0.25
 40
0.25000001
 40
0.5
 40
0.5
 40
0.5
 40
0.5000000100000001
 40
1.0
 40
1.0
 40
1.0
 40
1.0
 10
506.9038475517221
 20
587.4546371496681
 30
0.0
 10
507.1627524473432
 20
586.7760557700237
 30
0.0
 10
507.6894359950702
 20
586.2326686806336
 30
0.0
 10
508.3575776611785
 20
585.9497524438928
 30
0.0
 10
508.3575776611785
 20
585.9497524438928
 30
0.0
 10
509.0251973416108
 20
585.6678801785017
 30
0.0
 10
509.7789446586912
 20
585.6678801785017
 30
0.0
 10
510.4486522818308
 20
585.9497524438928
 30
0.0
 10
510.4486522818308
 20
585.9497524438928
 30
0.0
 10
511.1167939479321
 20
586.2326686806336
 30
0.0
 10
511.6408675672963
 20
586.7760557700237
 30
0.0
 10
511.899772462907
 20
587.4546371496681
 30
0.0
  0
SPLINE
  5
812
330
1F
100
AcDbEntity
  8
≥ﬂ¥ÁòÀ◊¢
370
     0
100
AcDbSpline
210
0.0
220
0.0
230
1.0
 70
     8
 71
     3
 72
    12
 73
     8
 74
     0
 42
0.000000001
 43
0.0000000001
 40
0.0
 40
0.0
 40
0.0
 40
0.0
 40
0.3333333333333333
 40
0.3333333333333333
 40
0.3333333333333333
 40
0.3333333433333333
 40
1.0
 40
1.0
 40
1.0
 40
1.0
 10
536.0943305611903
 20
585.1563342153895
 30
0.0
 10
536.0943305611903
 20
586.6695706919897
 30
0.0
 10
535.4924810760071
 20
588.1206908730684
 30
0.0
 10
534.4224104388829
 20
589.192849452902
 30
0.0
 10
534.4224104388829
 20
589.192849452902
 30
0.0
 10
533.352339801755
 20
590.2634420757057
 30
0.0
 10
531.9012196206752
 20
590.8626816324944
 30
0.0
 10
530.3853732156913
 20
590.8626816324944
 30
0.0
  0
SPLINE
  5
813
330
1F
100
AcDbEntity
  8
≥ﬂ¥ÁòÀ◊¢
370
     0
100
AcDbSpline
210
0.0
220
0.0
230
1.0
 70
     8
 71
     3
 72
    12
 73
     8
 74
     0
 42
0.000000001
 43
0.0000000001
 40
0.0
 40
0.0
 40
0.0
 40
0.0
 40
0.3333333333333333
 40
0.3333333333333333
 40
0.3333333333333333
 40
0.3333333433333333
 40
1.0
 40
1.0
 40
1.0
 40
1.0
 10
537.4942961459485
 20
585.1563342153895
 30
0.0
 10
537.4942961459485
 20
587.0422684651136
 30
0.0
 10
536.7447247142761
 20
588.8483389063147
 30
0.0
 10
535.4136612388372
 20
590.1820123101481
 30
0.0
 10
535.4136612388372
 20
590.1820123101481
 30
0.0
 10
534.0799878350005
 20
591.5130757855977
 30
0.0
 10
532.2713074654101
 20
592.262647217263
 30
0.0
 10
530.3879831440748
 20
592.262647217263
 30
0.0
  0
SPLINE
  5
814
330
1F
100
AcDbEntity
  8
≥ﬂ¥ÁòÀ◊¢
370
     0
100
AcDbSpline
210
0.0
220
0.0
230
1.0
 70
     8
 71
     3
 72
     8
 73
     4
 74
     0
 42
0.000000001
 43
0.0000000001
 40
0.0
 40
0.0
 40
0.0
 40
0.0
 40
1.0
 40
1.0
 40
1.0
 40
1.0
 10
541.2896540008516
 20
593.3796965652892
 30
0.0
 10
539.193881509115
 20
591.6545339039701
 30
0.0
 10
537.7960038670574
 20
589.2267785218838
 30
0.0
 10
537.3570139129927
 20
586.549513986359
 30
0.0
  0
SPLINE
  5
815
330
1F
100
AcDbEntity
  8
≥ﬂ¥ÁòÀ◊¢
370
     0
100
AcDbSpline
210
0.0
220
0.0
230
0.0
 70
    24
 71
     3
 72
     8
 73
     4
 74
     0
 42
0.000000001
 43
0.0000000001
 40
0.0
 40
0.0
 40
0.0
 40
0.0
 40
1.0
 40
1.0
 40
1.0
 40
1.0
 10
490.9164702473803
 20
591.38675525185
 30
0.0
 10
490.9164702473803
 20
591.38675525185
 30
0.0
 10
489.3202380481736
 20
593.0456257322342
 30
0.0
 10
489.3202380481736
 20
593.0456257322342
 30
0.0
  0
SPLINE
  5
816
330
1F
100
AcDbEntity
  8
≥ﬂ¥ÁòÀ◊¢
370
     0
100
AcDbSpline
210
0.0
220
0.0
230
0.0
 70
    24
 71
     3
 72
     8
 73
     4
 74
     0
 42
0.000000001
 43
0.0000000001
 40
0.0
 40
0.0
 40
0.0
 40
0.0
 40
1.0
 40
1.0
 40
1.0
 40
1.0
 10
509.4172085847689
 20
600.9787640459173
 30
0.0
 10
509.4172085847689
 20
600.9787640459173
 30
0.0
 10
510.5984621710385
 20
599.3026680382047
 30
0.0
 10
510.5984621710385
 20
599.3026680382047
 30
0.0
  0
SPLINE
  5
817
330
1F
100
AcDbEntity
  8
≥ﬂ¥ÁòÀ◊¢
370
     0
100
AcDbSpline
210
0.0
220
0.0
230
0.0
 70
    24
 71
     3
 72
     8
 73
     4
 74
     0
 42
0.000000001
 43
0.0000000001
 40
0.0
 40
0.0
 40
0.0
 40
0.0
 40
1.0
 40
1.0
 40
1.0
 40
1.0
 10
489.3218040052051
 20
593.0435377895297
 30
0.0
 10
489.3218040052051
 20
593.0435377895297
 30
0.0
 10
488.0356312979476
 20
591.8043437931657
 30
0.0
 10
488.0356312979476
 20
591.8043437931657
 30
0.0
  0
SPLINE
  5
818
330
1F
100
AcDbEntity
  8
≥ﬂ¥ÁòÀ◊¢
370
     0
100
AcDbSpline
210
0.0
220
0.0
230
0.0
 70
    24
 71
     3
 72
     8
 73
     4
 74
     0
 42
0.000000001
 43
0.0000000001
 40
0.0
 40
0.0
 40
0.0
 40
0.0
 40
1.0
 40
1.0
 40
1.0
 40
1.0
 10
528.5960063161374
 20
589.3682366402551
 30
0.0
 10
528.5960063161374
 20
589.3682366402551
 30
0.0
 10
530.1948484437136
 20
590.9075724006877
 30
0.0
 10
530.1948484437136
 20
590.9075724006877
 30
0.0
  0
SPLINE
  5
819
330
1F
100
AcDbEntity
  8
≥ﬂ¥ÁòÀ◊¢
370
     0
100
AcDbSpline
210
0.0
220
0.0
230
0.0
 70
    24
 71
     3
 72
     8
 73
     4
 74
     0
 42
0.000000001
 43
0.0000000001
 40
0.0
 40
0.0
 40
0.0
 40
0.0
 40
1.0
 40
1.0
 40
1.0
 40
1.0
 10
510.5984621710385
 20
599.3026680382047
 30
0.0
 10
510.5984621710385
 20
599.3026680382047
 30
0.0
 10
510.5984621710385
 20
587.4546371496681
 30
0.0
 10
510.5984621710385
 20
587.4546371496681
 30
0.0
  0
SPLINE
  5
81A
330
1F
100
AcDbEntity
  8
≥ﬂ¥ÁòÀ◊¢
370
     0
100
AcDbSpline
210
0.0
220
0.0
230
0.0
 70
    24
 71
     3
 72
     8
 73
     4
 74
     0
 42
0.000000001
 43
0.0000000001
 40
0.0
 40
0.0
 40
0.0
 40
0.0
 40
1.0
 40
1.0
 40
1.0
 40
1.0
 10
507.6147920433077
 20
601.8880630946385
 30
0.0
 10
507.6147920433077
 20
601.8880630946385
 30
0.0
 10
507.6147920433077
 20
593.3776086225824
 30
0.0
 10
507.6147920433077
 20
593.3776086225824
 30
0.0
  0
SPLINE
  5
81B
330
1F
100
AcDbEntity
  8
≥ﬂ¥ÁòÀ◊¢
370
     0
100
AcDbSpline
210
0.0
220
0.0
230
0.0
 70
    24
 71
     3
 72
     8
 73
     4
 74
     0
 42
0.000000001
 43
0.0000000001
 40
0.0
 40
0.0
 40
0.0
 40
0.0
 40
1.0
 40
1.0
 40
1.0
 40
1.0
 10
531.4878069647734
 20
589.5613713406133
 30
0.0
 10
531.4878069647734
 20
589.5613713406133
 30
0.0
 10
529.3962103584483
 20
587.5491165571379
 30
0.0
 10
529.3962103584483
 20
587.5491165571379
 30
0.0
  0
SPLINE
  5
81C
330
1F
100
AcDbEntity
  8
≥ﬂ¥ÁòÀ◊¢
370
     0
100
AcDbSpline
210
0.0
220
0.0
230
0.0
 70
    24
 71
     3
 72
     8
 73
     4
 74
     0
 42
0.000000001
 43
0.0000000001
 40
0.0
 40
0.0
 40
0.0
 40
0.0
 40
1.0
 40
1.0
 40
1.0
 40
1.0
 10
539.2857509882029
 20
605.3754494003186
 30
0.0
 10
539.2857509882029
 20
605.3754494003186
 30
0.0
 10
485.2461398419475
 20
605.3754494003186
 30
0.0
 10
485.2461398419475
 20
605.3754494003186
 30
0.0
  0
SPLINE
  5
81D
330
1F
100
AcDbEntity
  8
≥ﬂ¥ÁòÀ◊¢
370
     0
100
AcDbSpline
210
0.0
220
0.0
230
0.0
 70
    24
 71
     3
 72
     8
 73
     4
 74
     0
 42
0.000000001
 43
0.0000000001
 40
0.0
 40
0.0
 40
0.0
 40
0.0
 40
1.0
 40
1.0
 40
1.0
 40
1.0
 10
507.1758020892503
 20
590.5155611575257
 30
0.0
 10
507.1758020892503
 20
590.5155611575257
 30
0.0
 10
507.1758020892503
 20
588.8415530925182
 30
0.0
 10
507.1758020892503
 20
588.8415530925182
 30
0.0
  0
SPLINE
  5
81E
330
1F
100
AcDbEntity
  8
≥ﬂ¥ÁòÀ◊¢
370
     0
100
AcDbSpline
210
0.0
220
0.0
230
0.0
 70
    24
 71
     3
 72
     8
 73
     4
 74
     0
 42
0.000000001
 43
0.0000000001
 40
0.0
 40
0.0
 40
0.0
 40
0.0
 40
1.0
 40
1.0
 40
1.0
 40
1.0
 10
512.8054176118886
 20
588.4156127803739
 30
0.0
 10
512.8054176118886
 20
588.4156127803739
 30
0.0
 10
512.7500871301629
 20
587.4400215507196
 30
0.0
 10
512.7500871301629
 20
587.4400215507196
 30
0.0
  0
SPLINE
  5
81F
330
1F
100
AcDbEntity
  8
≥ﬂ¥ÁòÀ◊¢
370
     0
100
AcDbSpline
210
0.0
220
0.0
230
0.0
 70
    24
 71
     3
 72
     8
 73
     4
 74
     0
 42
0.000000001
 43
0.0000000001
 40
0.0
 40
0.0
 40
0.0
 40
0.0
 40
1.0
 40
1.0
 40
1.0
 40
1.0
 10
488.0330213695676
 20
591.8064317358743
 30
0.0
 10
488.0330213695676
 20
591.8064317358743
 30
0.0
 10
489.9189556192967
 20
589.8474194914157
 30
0.0
 10
489.9189556192967
 20
589.8474194914157
 30
0.0
  0
SPLINE
  5
820
330
1F
100
AcDbEntity
  8
≥ﬂ¥ÁòÀ◊¢
370
     0
100
AcDbSpline
210
0.0
220
0.0
230
0.0
 70
    24
 71
     3
 72
     8
 73
     4
 74
     0
 42
0.000000001
 43
0.0000000001
 40
0.0
 40
0.0
 40
0.0
 40
0.0
 40
1.0
 40
1.0
 40
1.0
 40
1.0
 10
516.998528552393
 20
590.8626816324944
 30
0.0
 10
516.998528552393
 20
590.8626816324944
 30
0.0
 10
516.998528552393
 20
592.262647217263
 30
0.0
 10
516.998528552393
 20
592.262647217263
 30
0.0
  0
SPLINE
  5
821
330
1F
100
AcDbEntity
  8
≥ﬂ¥ÁòÀ◊¢
370
     0
100
AcDbSpline
210
0.0
220
0.0
230
0.0
 70
    24
 71
     3
 72
     8
 73
     4
 74
     0
 42
0.000000001
 43
0.0000000001
 40
0.0
 40
0.0
 40
0.0
 40
0.0
 40
1.0
 40
1.0
 40
1.0
 40
1.0
 10
490.9164702473803
 20
591.38675525185
 30
0.0
 10
490.9164702473803
 20
591.38675525185
 30
0.0
 10
528.5960063161374
 20
589.3682366402551
 30
0.0
 10
528.5960063161374
 20
589.3682366402551
 30
0.0
  0
SPLINE
  5
822
330
1F
100
AcDbEntity
  8
≥ﬂ¥ÁòÀ◊¢
370
     0
100
AcDbSpline
210
0.0
220
0.0
230
0.0
 70
    24
 71
     3
 72
     8
 73
     4
 74
     0
 42
0.000000001
 43
0.0000000001
 40
0.0
 40
0.0
 40
0.0
 40
0.0
 40
1.0
 40
1.0
 40
1.0
 40
1.0
 10
506.3583725196208
 20
588.7909204818837
 30
0.0
 10
506.3583725196208
 20
588.7909204818837
 30
0.0
 10
512.8075055546137
 20
588.4156127803739
 30
0.0
 10
512.8075055546137
 20
588.4156127803739
 30
0.0
  0
SPLINE
  5
823
330
1F
100
AcDbEntity
  8
≥ﬂ¥ÁòÀ◊¢
370
     0
100
AcDbSpline
210
0.0
220
0.0
230
0.0
 70
    24
 71
     3
 72
     8
 73
     4
 74
     0
 42
0.000000001
 43
0.0000000001
 40
0.0
 40
0.0
 40
0.0
 40
0.0
 40
1.0
 40
1.0
 40
1.0
 40
1.0
 10
541.2896540008516
 20
593.3776086225824
 30
0.0
 10
541.2896540008516
 20
593.3776086225824
 30
0.0
 10
541.2896540008516
 20
603.3715463876704
 30
0.0
 10
541.2896540008516
 20
603.3715463876704
 30
0.0
  0
SPLINE
  5
824
330
1F
100
AcDbEntity
  8
≥ﬂ¥ÁòÀ◊¢
370
     0
100
AcDbSpline
210
0.0
220
0.0
230
0.0
 70
    24
 71
     3
 72
     8
 73
     4
 74
     0
 42
0.000000001
 43
0.0000000001
 40
0.0
 40
0.0
 40
0.0
 40
0.0
 40
1.0
 40
1.0
 40
1.0
 40
1.0
 10
530.3879831440748
 20
590.8626816324944
 30
0.0
 10
530.3879831440748
 20
590.8626816324944
 30
0.0
 10
517.0011384807869
 20
590.8626816324944
 30
0.0
 10
517.0011384807869
 20
590.8626816324944
 30
0.0
  0
SPLINE
  5
825
330
1F
100
AcDbEntity
  8
≥ﬂ¥ÁòÀ◊¢
370
     0
100
AcDbSpline
210
0.0
220
0.0
230
0.0
 70
    24
 71
     3
 72
     8
 73
     4
 74
     0
 42
0.000000001
 43
0.0000000001
 40
0.0
 40
0.0
 40
0.0
 40
0.0
 40
1.0
 40
1.0
 40
1.0
 40
1.0
 10
536.0943305611903
 20
573.2889898568157
 30
0.0
 10
536.0943305611903
 20
573.2889898568157
 30
0.0
 10
536.0943305611903
 20
585.1563342153895
 30
0.0
 10
536.0943305611903
 20
585.1563342153895
 30
0.0
  0
SPLINE
  5
826
330
1F
100
AcDbEntity
  8
≥ﬂ¥ÁòÀ◊¢
370
     0
100
AcDbSpline
210
0.0
220
0.0
230
0.0
 70
    24
 71
     3
 72
     8
 73
     4
 74
     0
 42
0.000000001
 43
0.0000000001
 40
0.0
 40
0.0
 40
0.0
 40
0.0
 40
1.0
 40
1.0
 40
1.0
 40
1.0
 10
506.9038475517221
 20
587.4546371496681
 30
0.0
 10
506.9038475517221
 20
587.4546371496681
 30
0.0
 10
511.899772462907
 20
587.4546371496681
 30
0.0
 10
511.899772462907
 20
587.4546371496681
 30
0.0
  0
SPLINE
  5
827
330
1F
100
AcDbEntity
  8
≥ﬂ¥ÁòÀ◊¢
370
     0
100
AcDbSpline
210
0.0
220
0.0
230
0.0
 70
    24
 71
     3
 72
     8
 73
     4
 74
     0
 42
0.000000001
 43
0.0000000001
 40
0.0
 40
0.0
 40
0.0
 40
0.0
 40
1.0
 40
1.0
 40
1.0
 40
1.0
 10
512.7500871301629
 20
587.4400215507196
 30
0.0
 10
512.7500871301629
 20
587.4400215507196
 30
0.0
 10
506.3004321095148
 20
587.8142852808751
 30
0.0
 10
506.3004321095148
 20
587.8142852808751
 30
0.0
  0
SPLINE
  5
828
330
1F
100
AcDbEntity
  8
≥ﬂ¥ÁòÀ◊¢
370
     0
100
AcDbSpline
210
0.0
220
0.0
230
0.0
 70
    24
 71
     3
 72
     8
 73
     4
 74
     0
 42
0.000000001
 43
0.0000000001
 40
0.0
 40
0.0
 40
0.0
 40
0.0
 40
1.0
 40
1.0
 40
1.0
 40
1.0
 10
537.4942961459485
 20
573.2889898568157
 30
0.0
 10
537.4942961459485
 20
573.2889898568157
 30
0.0
 10
536.0943305611903
 20
573.2889898568157
 30
0.0
 10
536.0943305611903
 20
573.2889898568157
 30
0.0
  0
SPLINE
  5
829
330
1F
100
AcDbEntity
  8
≥ﬂ¥ÁòÀ◊¢
370
     0
100
AcDbSpline
210
0.0
220
0.0
230
0.0
 70
    24
 71
     3
 72
     8
 73
     4
 74
     0
 42
0.000000001
 43
0.0000000001
 40
0.0
 40
0.0
 40
0.0
 40
0.0
 40
1.0
 40
1.0
 40
1.0
 40
1.0
 10
537.4942961459485
 20
585.1563342153895
 30
0.0
 10
537.4942961459485
 20
585.1563342153895
 30
0.0
 10
537.4942961459485
 20
573.2889898568157
 30
0.0
 10
537.4942961459485
 20
573.2889898568157
 30
0.0
  0
SPLINE
  5
82A
330
1F
100
AcDbEntity
  8
≥ﬂ¥ÁòÀ◊¢
370
     0
100
AcDbSpline
210
0.0
220
0.0
230
0.0
 70
    24
 71
     3
 72
     8
 73
     4
 74
     0
 42
0.000000001
 43
0.0000000001
 40
0.0
 40
0.0
 40
0.0
 40
0.0
 40
1.0
 40
1.0
 40
1.0
 40
1.0
 10
529.3962103584483
 20
587.5491165571379
 30
0.0
 10
529.3962103584483
 20
587.5491165571379
 30
0.0
 10
489.9189556192967
 20
589.8474194914157
 30
0.0
 10
489.9189556192967
 20
589.8474194914157
 30
0.0
  0
SPLINE
  5
82B
330
1F
100
AcDbEntity
  8
≥ﬂ¥ÁòÀ◊¢
370
     0
100
AcDbSpline
210
0.0
220
0.0
230
0.0
 70
    24
 71
     3
 72
     8
 73
     4
 74
     0
 42
0.000000001
 43
0.0000000001
 40
0.0
 40
0.0
 40
0.0
 40
0.0
 40
1.0
 40
1.0
 40
1.0
 40
1.0
 10
486.1470871198522
 20
593.3796965652892
 30
0.0
 10
486.1470871198522
 20
593.3796965652892
 30
0.0
 10
541.2896540008516
 20
593.3796965652892
 30
0.0
 10
541.2896540008516
 20
593.3796965652892
 30
0.0
  0
SPLINE
  5
82C
330
1F
100
AcDbEntity
  8
≥ﬂ¥ÁòÀ◊¢
370
     0
100
AcDbSpline
210
0.0
220
0.0
230
0.0
 70
    24
 71
     3
 72
     8
 73
     4
 74
     0
 42
0.000000001
 43
0.0000000001
 40
0.0
 40
0.0
 40
0.0
 40
0.0
 40
1.0
 40
1.0
 40
1.0
 40
1.0
 10
508.2630982537
 20
599.3047559809114
 30
0.0
 10
508.2630982537
 20
599.3047559809114
 30
0.0
 10
509.4145986563993
 20
600.9803300029492
 30
0.0
 10
509.4145986563993
 20
600.9803300029492
 30
0.0
  0
SPLINE
  5
82D
330
1F
100
AcDbEntity
  8
≥ﬂ¥ÁòÀ◊¢
370
     0
100
AcDbSpline
210
0.0
220
0.0
230
0.0
 70
    24
 71
     3
 72
     8
 73
     4
 74
     0
 42
0.000000001
 43
0.0000000001
 40
0.0
 40
0.0
 40
0.0
 40
0.0
 40
1.0
 40
1.0
 40
1.0
 40
1.0
 10
516.998528552393
 20
592.2642131742941
 30
0.0
 10
516.998528552393
 20
592.2642131742941
 30
0.0
 10
530.3853732156913
 20
592.2642131742941
 30
0.0
 10
530.3853732156913
 20
592.2642131742941
 30
0.0
  0
SPLINE
  5
82E
330
1F
100
AcDbEntity
  8
≥ﬂ¥ÁòÀ◊¢
370
     0
100
AcDbSpline
210
0.0
220
0.0
230
0.0
 70
    24
 71
     3
 72
     8
 73
     4
 74
     0
 42
0.000000001
 43
0.0000000001
 40
0.0
 40
0.0
 40
0.0
 40
0.0
 40
1.0
 40
1.0
 40
1.0
 40
1.0
 10
508.2630982537
 20
599.3047559809114
 30
0.0
 10
508.2630982537
 20
599.3047559809114
 30
0.0
 10
508.2630982537
 20
587.4572470780495
 30
0.0
 10
508.2630982537
 20
587.4572470780495
 30
0.0
  0
SPLINE
  5
82F
330
1F
100
AcDbEntity
  8
≥ﬂ¥ÁòÀ◊¢
370
     0
100
AcDbSpline
210
0.0
220
0.0
230
0.0
 70
    24
 71
     3
 72
     8
 73
     4
 74
     0
 42
0.000000001
 43
0.0000000001
 40
0.0
 40
0.0
 40
0.0
 40
0.0
 40
1.0
 40
1.0
 40
1.0
 40
1.0
 10
511.4571286091069
 20
601.8906730230221
 30
0.0
 10
511.4571286091069
 20
601.8906730230221
 30
0.0
 10
507.6147920433077
 20
601.8906730230221
 30
0.0
 10
507.6147920433077
 20
601.8906730230221
 30
0.0
  0
SPLINE
  5
830
330
1F
100
AcDbEntity
  8
≥ﬂ¥ÁòÀ◊¢
370
     0
100
AcDbSpline
210
0.0
220
0.0
230
0.0
 70
    24
 71
     3
 72
     8
 73
     4
 74
     0
 42
0.000000001
 43
0.0000000001
 40
0.0
 40
0.0
 40
0.0
 40
0.0
 40
1.0
 40
1.0
 40
1.0
 40
1.0
 10
530.1948484437136
 20
590.9075724006877
 30
0.0
 10
530.1948484437136
 20
590.9075724006877
 30
0.0
 10
531.4898949074843
 20
589.5613713406133
 30
0.0
 10
531.4898949074843
 20
589.5613713406133
 30
0.0
  0
SPLINE
  5
831
330
1F
100
AcDbEntity
  8
≥ﬂ¥ÁòÀ◊¢
370
     0
100
AcDbSpline
210
0.0
220
0.0
230
0.0
 70
    24
 71
     3
 72
     8
 73
     4
 74
     0
 42
0.000000001
 43
0.0000000001
 40
0.0
 40
0.0
 40
0.0
 40
0.0
 40
1.0
 40
1.0
 40
1.0
 40
1.0
 10
506.3583725196208
 20
588.7909204818837
 30
0.0
 10
506.3583725196208
 20
588.7909204818837
 30
0.0
 10
506.3025200522186
 20
587.8142852808751
 30
0.0
 10
506.3025200522186
 20
587.8142852808751
 30
0.0
  0
SPLINE
  5
832
330
1F
100
AcDbEntity
  8
≥ﬂ¥ÁòÀ◊¢
370
     0
100
AcDbSpline
210
0.0
220
0.0
230
0.0
 70
    24
 71
     3
 72
     8
 73
     4
 74
     0
 42
0.000000001
 43
0.0000000001
 40
0.0
 40
0.0
 40
0.0
 40
0.0
 40
1.0
 40
1.0
 40
1.0
 40
1.0
 10
511.4571286091069
 20
593.3796965652892
 30
0.0
 10
511.4571286091069
 20
593.3796965652892
 30
0.0
 10
511.4571286091069
 20
601.8906730230221
 30
0.0
 10
511.4571286091069
 20
601.8906730230221
 30
0.0
  0
SPLINE
  5
833
330
1F
100
AcDbEntity
  8
≥ﬂ¥ÁòÀ◊¢
370
     0
100
AcDbSpline
210
0.0
220
0.0
230
0.0
 70
    24
 71
     3
 72
     8
 73
     4
 74
     0
 42
0.000000001
 43
0.0000000001
 40
0.0
 40
0.0
 40
0.0
 40
0.0
 40
1.0
 40
1.0
 40
1.0
 40
1.0
 10
511.8721072220473
 20
590.265008032733
 30
0.0
 10
511.8721072220473
 20
590.265008032733
 30
0.0
 10
511.8721072220473
 20
588.5695985549847
 30
0.0
 10
511.8721072220473
 20
588.5695985549847
 30
0.0
  0
SPLINE
  5
834
330
1F
100
AcDbEntity
  8
≥ﬂ¥ÁòÀ◊¢
370
     0
100
AcDbSpline
210
0.0
220
0.0
230
0.0
 70
    24
 71
     3
 72
     8
 73
     4
 74
     0
 42
0.000000001
 43
0.0000000001
 40
0.0
 40
0.0
 40
0.0
 40
0.0
 40
1.0
 40
1.0
 40
1.0
 40
1.0
 10
517.0011384807869
 20
592.2642131742941
 30
0.0
 10
517.0011384807869
 20
592.2642131742941
 30
0.0
 10
515.3699332412636
 20
593.3796965652892
 30
0.0
 10
515.3699332412636
 20
593.3796965652892
 30
0.0
  0
SPLINE
  5
835
330
1F
100
AcDbEntity
  8
≥ﬂ¥ÁòÀ◊¢
370
     0
100
AcDbSpline
210
0.0
220
0.0
230
1.0
 70
     8
 71
     3
 72
    12
 73
     8
 74
     0
 42
0.000000001
 43
0.0000000001
 40
0.0
 40
0.0
 40
0.0
 40
0.0
 40
0.3333333333333333
 40
0.3333333333333333
 40
0.3333333333333333
 40
0.3333333433333333
 40
1.0
 40
1.0
 40
1.0
 40
1.0
 10
486.1496970482185
 20
593.3796965652892
 30
0.0
 10
484.7967101743591
 20
595.9849270774354
 30
0.0
 10
486.226950928385
 20
598.1318541654854
 30
0.0
 10
486.6163522431492
 20
600.6509570409831
 30
0.0
 10
486.6163522431492
 20
600.6509570409831
 30
0.0
 10
486.8841308952694
 20
602.3808175733941
 30
0.0
 10
486.6596770543167
 20
604.2876312501861
 30
0.0
 10
485.2487497703307
 20
605.3754494003186
 30
0.0
  0
SPLINE
  5
836
330
1F
100
AcDbEntity
  8
≥ﬂ¥ÁòÀ◊¢
370
     0
100
AcDbSpline
210
0.0
220
0.0
230
1.0
 70
    11
 71
     3
 72
    28
 73
    24
 74
     0
 42
0.000000001
 43
0.0000000001
 40
0.0
 40
0.0
 40
0.0
 40
0.0
 40
0.1428571428571428
 40
0.1428571428571428
 40
0.1428571428571428
 40
0.1428571528571428
 40
0.2857142857142857
 40
0.2857142857142857
 40
0.2857142857142857
 40
0.2857142957142857
 40
0.428571428571429
 40
0.428571428571429
 40
0.428571428571429
 40
0.4285714385714289
 40
0.5714285714285714
 40
0.5714285714285714
 40
0.5714285714285714
 40
0.5714285814285715
 40
0.7142857142857145
 40
0.7142857142857145
 40
0.7142857142857145
 40
0.7142857242857146
 40
1.0
 40
1.0
 40
1.0
 40
1.0
 10
485.8699127255328
 20
604.6159602407956
 30
0.0
 10
485.8699127255328
 20
604.6159602407956
 30
0.0
 10
486.1376913776704
 20
604.6159602407956
 30
0.0
 10
486.1376913776704
 20
604.6159602407956
 30
0.0
 10
486.1376913776704
 20
604.6159602407956
 30
0.0
 10
486.1376913776704
 20
604.7636821872875
 30
0.0
 10
486.0176346720258
 20
604.8837388929167
 30
0.0
 10
485.8699127255328
 20
604.8837388929167
 30
0.0
 10
485.8699127255328
 20
604.8837388929167
 30
0.0
 10
485.7227127647261
 20
604.8837388929167
 30
0.0
 10
485.6026560590993
 20
604.7636821872875
 30
0.0
 10
485.6026560590993
 20
604.6159602407956
 30
0.0
 10
485.6026560590993
 20
604.6159602407956
 30
0.0
 10
485.6026560590993
 20
604.4687602799817
 30
0.0
 10
485.7227127647261
 20
604.3487035743519
 30
0.0
 10
485.8699127255328
 20
604.3487035743519
 30
0.0
 10
485.8699127255328
 20
604.3487035743519
 30
0.0
 10
486.0176346720258
 20
604.3487035743519
 30
0.0
 10
486.1376913776704
 20
604.4687602799817
 30
0.0
 10
486.1376913776704
 20
604.6159602407956
 30
0.0
 10
486.1376913776704
 20
604.6159602407956
 30
0.0
 10
486.1376913776704
 20
604.6159602407956
 30
0.0
 10
485.8699127255328
 20
604.6159602407956
 30
0.0
 10
485.8699127255328
 20
604.6159602407956
 30
0.0
  0
SPLINE
  5
837
330
1F
100
AcDbEntity
  8
≥ﬂ¥ÁòÀ◊¢
370
     0
100
AcDbSpline
210
0.0
220
0.0
230
0.0
 70
    24
 71
     3
 72
     8
 73
     4
 74
     0
 42
0.000000001
 43
0.0000000001
 40
0.0
 40
0.0
 40
0.0
 40
0.0
 40
1.0
 40
1.0
 40
1.0
 40
1.0
 10
486.3125565793468
 20
605.0586040945939
 30
0.0
 10
486.3125565793468
 20
605.0586040945939
 30
0.0
 10
486.6314898277777
 20
605.3770153573467
 30
0.0
 10
486.6314898277777
 20
605.3770153573467
 30
0.0
  0
SPLINE
  5
838
330
1F
100
AcDbEntity
  8
≥ﬂ¥ÁòÀ◊¢
370
     0
100
AcDbSpline
210
0.0
220
0.0
230
0.0
 70
    24
 71
     3
 72
     8
 73
     4
 74
     0
 42
0.000000001
 43
0.0000000001
 40
0.0
 40
0.0
 40
0.0
 40
0.0
 40
1.0
 40
1.0
 40
1.0
 40
1.0
 10
486.6549791832292
 20
602.7164543634756
 30
0.0
 10
486.6549791832292
 20
602.7164543634756
 30
0.0
 10
488.6588821958673
 20
604.7224453188331
 30
0.0
 10
488.6588821958673
 20
604.7224453188331
 30
0.0
  0
SPLINE
  5
839
330
1F
100
AcDbEntity
  8
≥ﬂ¥ÁòÀ◊¢
370
     0
100
AcDbSpline
210
0.0
220
0.0
230
1.0
 70
    11
 71
     3
 72
    28
 73
    24
 74
     0
 42
0.000000001
 43
0.0000000001
 40
0.0
 40
0.0
 40
0.0
 40
0.0
 40
0.1428571428571428
 40
0.1428571428571428
 40
0.1428571428571428
 40
0.1428571528571428
 40
0.2857142857142857
 40
0.2857142857142857
 40
0.2857142857142857
 40
0.2857142957142857
 40
0.428571428571429
 40
0.428571428571429
 40
0.428571428571429
 40
0.4285714385714289
 40
0.5714285714285714
 40
0.5714285714285714
 40
0.5714285714285714
 40
0.5714285814285715
 40
0.7142857142857145
 40
0.7142857142857145
 40
0.7142857142857145
 40
0.7142857242857146
 40
1.0
 40
1.0
 40
1.0
 40
1.0
 10
489.3139742200546
 20
605.3775373430251
 30
0.0
 10
489.3139742200546
 20
605.3775373430251
 30
0.0
 10
489.5817528721781
 20
605.3775373430251
 30
0.0
 10
489.5817528721781
 20
605.3775373430251
 30
0.0
 10
489.5817528721781
 20
605.3775373430251
 30
0.0
 10
489.5817528721781
 20
605.5252592895167
 30
0.0
 10
489.4616961665512
 20
605.6453159951432
 30
0.0
 10
489.3139742200546
 20
605.6453159951432
 30
0.0
 10
489.3139742200546
 20
605.6453159951432
 30
0.0
 10
489.1667742592407
 20
605.6453159951432
 30
0.0
 10
489.0461955679382
 20
605.5252592895167
 30
0.0
 10
489.0461955679382
 20
605.3775373430251
 30
0.0
 10
489.0461955679382
 20
605.3775373430251
 30
0.0
 10
489.0461955679382
 20
605.2303373822089
 30
0.0
 10
489.1667742592407
 20
605.1102806765823
 30
0.0
 10
489.3139742200546
 20
605.1102806765823
 30
0.0
 10
489.3139742200546
 20
605.1102806765823
 30
0.0
 10
489.4616961665512
 20
605.1102806765823
 30
0.0
 10
489.5817528721781
 20
605.2303373822089
 30
0.0
 10
489.5817528721781
 20
605.3775373430251
 30
0.0
 10
489.5817528721781
 20
605.3775373430251
 30
0.0
 10
489.5817528721781
 20
605.3775373430251
 30
0.0
 10
489.3139742200546
 20
605.3775373430251
 30
0.0
 10
489.3139742200546
 20
605.3775373430251
 30
0.0
  0
SPLINE
  5
83A
330
1F
100
AcDbEntity
  8
≥ﬂ¥ÁòÀ◊¢
370
     0
100
AcDbSpline
210
0.0
220
0.0
230
0.0
 70
    24
 71
     3
 72
     8
 73
     4
 74
     0
 42
0.000000001
 43
0.0000000001
 40
0.0
 40
0.0
 40
0.0
 40
0.0
 40
1.0
 40
1.0
 40
1.0
 40
1.0
 10
486.4300033565937
 20
599.8100381159062
 30
0.0
 10
486.4300033565937
 20
599.8100381159062
 30
0.0
 10
487.6524938112918
 20
601.0320065849357
 30
0.0
 10
487.6524938112918
 20
601.0320065849357
 30
0.0
  0
SPLINE
  5
83B
330
1F
100
AcDbEntity
  8
≥ﬂ¥ÁòÀ◊¢
370
     0
100
AcDbSpline
210
0.0
220
0.0
230
1.0
 70
    11
 71
     3
 72
    28
 73
    24
 74
     0
 42
0.000000001
 43
0.0000000001
 40
0.0
 40
0.0
 40
0.0
 40
0.0
 40
0.1428571428571428
 40
0.1428571428571428
 40
0.1428571428571428
 40
0.1428571528571428
 40
0.2857142857142857
 40
0.2857142857142857
 40
0.2857142857142857
 40
0.2857142957142857
 40
0.428571428571429
 40
0.428571428571429
 40
0.428571428571429
 40
0.4285714385714289
 40
0.5714285714285714
 40
0.5714285714285714
 40
0.5714285714285714
 40
0.5714285814285715
 40
0.7142857142857145
 40
0.7142857142857145
 40
0.7142857142857145
 40
0.7142857242857146
 40
1.0
 40
1.0
 40
1.0
 40
1.0
 10
488.3248113628254
 20
601.7048461221357
 30
0.0
 10
488.3248113628254
 20
601.7048461221357
 30
0.0
 10
488.5925900149386
 20
601.7048461221357
 30
0.0
 10
488.5925900149386
 20
601.7048461221357
 30
0.0
 10
488.5925900149386
 20
601.7048461221357
 30
0.0
 10
488.5925900149386
 20
601.8525680686267
 30
0.0
 10
488.4725333092977
 20
601.9726247742537
 30
0.0
 10
488.3248113628254
 20
601.9726247742537
 30
0.0
 10
488.3248113628254
 20
601.9726247742537
 30
0.0
 10
488.1776114019979
 20
601.9726247742537
 30
0.0
 10
488.0575546963711
 20
601.8525680686267
 30
0.0
 10
488.0575546963711
 20
601.7048461221357
 30
0.0
 10
488.0575546963711
 20
601.7048461221357
 30
0.0
 10
488.0575546963711
 20
601.5576461613207
 30
0.0
 10
488.1776114019979
 20
601.437589455692
 30
0.0
 10
488.3248113628254
 20
601.437589455692
 30
0.0
 10
488.3248113628254
 20
601.437589455692
 30
0.0
 10
488.4725333092977
 20
601.437589455692
 30
0.0
 10
488.5925900149386
 20
601.5576461613207
 30
0.0
 10
488.5925900149386
 20
601.7048461221357
 30
0.0
 10
488.5925900149386
 20
601.7048461221357
 30
0.0
 10
488.5925900149386
 20
601.7048461221357
 30
0.0
 10
488.3248113628254
 20
601.7048461221357
 30
0.0
 10
488.3248113628254
 20
601.7048461221357
 30
0.0
  0
SPLINE
  5
83C
330
1F
100
AcDbEntity
  8
≥ﬂ¥ÁòÀ◊¢
370
     0
100
AcDbSpline
210
0.0
220
0.0
230
0.0
 70
    24
 71
     3
 72
     8
 73
     4
 74
     0
 42
0.000000001
 43
0.0000000001
 40
0.0
 40
0.0
 40
0.0
 40
0.0
 40
1.0
 40
1.0
 40
1.0
 40
1.0
 10
488.9939970002857
 20
602.3740317595975
 30
0.0
 10
488.9939970002857
 20
602.3740317595975
 30
0.0
 10
491.9975025837043
 20
605.3770153573467
 30
0.0
 10
491.9975025837043
 20
605.3770153573467
 30
0.0
  0
SPLINE
  5
83D
330
1F
100
AcDbEntity
  8
≥ﬂ¥ÁòÀ◊¢
370
     0
100
AcDbSpline
210
0.0
220
0.0
230
0.0
 70
    24
 71
     3
 72
     8
 73
     4
 74
     0
 42
0.000000001
 43
0.0000000001
 40
0.0
 40
0.0
 40
0.0
 40
0.0
 40
1.0
 40
1.0
 40
1.0
 40
1.0
 10
485.6339751996907
 20
596.3315255667271
 30
0.0
 10
485.6339751996907
 20
596.3315255667271
 30
0.0
 10
486.6461054267126
 20
597.3441777794247
 30
0.0
 10
486.6461054267126
 20
597.3441777794247
 30
0.0
  0
SPLINE
  5
83E
330
1F
100
AcDbEntity
  8
≥ﬂ¥ÁòÀ◊¢
370
     0
100
AcDbSpline
210
0.0
220
0.0
230
1.0
 70
    11
 71
     3
 72
    28
 73
    24
 74
     0
 42
0.000000001
 43
0.0000000001
 40
0.0
 40
0.0
 40
0.0
 40
0.0
 40
0.1428571428571428
 40
0.1428571428571428
 40
0.1428571428571428
 40
0.1428571528571428
 40
0.2857142857142857
 40
0.2857142857142857
 40
0.2857142857142857
 40
0.2857142957142857
 40
0.428571428571429
 40
0.428571428571429
 40
0.428571428571429
 40
0.4285714385714289
 40
0.5714285714285714
 40
0.5714285714285714
 40
0.5714285714285714
 40
0.5714285814285715
 40
0.7142857142857145
 40
0.7142857142857145
 40
0.7142857142857145
 40
0.7142857242857146
 40
1.0
 40
1.0
 40
1.0
 40
1.0
 10
487.3173790068805
 20
598.0144073882391
 30
0.0
 10
487.3173790068805
 20
598.0144073882391
 30
0.0
 10
487.5846356733277
 20
598.0144073882391
 30
0.0
 10
487.5846356733277
 20
598.0144073882391
 30
0.0
 10
487.5846356733277
 20
598.0144073882391
 30
0.0
 10
487.5846356733277
 20
598.1621293347309
 30
0.0
 10
487.4645789677082
 20
598.2821860403581
 30
0.0
 10
487.3173790068805
 20
598.2821860403581
 30
0.0
 10
487.3173790068805
 20
598.2821860403581
 30
0.0
 10
487.1696570603909
 20
598.2821860403581
 30
0.0
 10
487.0496003547637
 20
598.1621293347309
 30
0.0
 10
487.0496003547637
 20
598.0144073882391
 30
0.0
 10
487.0496003547637
 20
598.0144073882391
 30
0.0
 10
487.0496003547637
 20
597.8672074274252
 30
0.0
 10
487.1696570603909
 20
597.7471507217963
 30
0.0
 10
487.3173790068805
 20
597.7471507217963
 30
0.0
 10
487.3173790068805
 20
597.7471507217963
 30
0.0
 10
487.4645789677082
 20
597.7471507217963
 30
0.0
 10
487.5846356733277
 20
597.8672074274252
 30
0.0
 10
487.5846356733277
 20
598.0144073882391
 30
0.0
 10
487.5846356733277
 20
598.0144073882391
 30
0.0
 10
487.5846356733277
 20
598.0144073882391
 30
0.0
 10
487.3173790068805
 20
598.0144073882391
 30
0.0
 10
487.3173790068805
 20
598.0144073882391
 30
0.0
  0
SPLINE
  5
83F
330
1F
100
AcDbEntity
  8
≥ﬂ¥ÁòÀ◊¢
370
     0
100
AcDbSpline
210
0.0
220
0.0
230
0.0
 70
    24
 71
     3
 72
     8
 73
     4
 74
     0
 42
0.000000001
 43
0.0000000001
 40
0.0
 40
0.0
 40
0.0
 40
0.0
 40
1.0
 40
1.0
 40
1.0
 40
1.0
 10
487.9881306013758
 20
598.6841150113763
 30
0.0
 10
487.9881306013758
 20
598.6841150113763
 30
0.0
 10
491.3424105595101
 20
602.0378729838362
 30
0.0
 10
491.3424105595101
 20
602.0378729838362
 30
0.0
  0
SPLINE
  5
840
330
1F
100
AcDbEntity
  8
≥ﬂ¥ÁòÀ◊¢
370
     0
100
AcDbSpline
210
0.0
220
0.0
230
1.0
 70
    11
 71
     3
 72
    28
 73
    24
 74
     0
 42
0.000000001
 43
0.0000000001
 40
0.0
 40
0.0
 40
0.0
 40
0.0
 40
0.1428571428571428
 40
0.1428571428571428
 40
0.1428571428571428
 40
0.1428571528571428
 40
0.2857142857142857
 40
0.2857142857142857
 40
0.2857142857142857
 40
0.2857142957142857
 40
0.428571428571429
 40
0.428571428571429
 40
0.428571428571429
 40
0.4285714385714289
 40
0.5714285714285714
 40
0.5714285714285714
 40
0.5714285714285714
 40
0.5714285814285715
 40
0.7142857142857145
 40
0.7142857142857145
 40
0.7142857142857145
 40
0.7142857242857146
 40
1.0
 40
1.0
 40
1.0
 40
1.0
 10
492.0136841396779
 20
602.7107125210349
 30
0.0
 10
492.0136841396779
 20
602.7107125210349
 30
0.0
 10
492.2809408061219
 20
602.7107125210349
 30
0.0
 10
492.2809408061219
 20
602.7107125210349
 30
0.0
 10
492.2809408061219
 20
602.7107125210349
 30
0.0
 10
492.2809408061219
 20
602.8584344675264
 30
0.0
 10
492.1608841004881
 20
602.9784911731542
 30
0.0
 10
492.0136841396779
 20
602.9784911731542
 30
0.0
 10
492.0136841396779
 20
602.9784911731542
 30
0.0
 10
491.865962193188
 20
602.9784911731542
 30
0.0
 10
491.7459054875579
 20
602.8584344675264
 30
0.0
 10
491.7459054875579
 20
602.7107125210349
 30
0.0
 10
491.7459054875579
 20
602.7107125210349
 30
0.0
 10
491.7459054875579
 20
602.5635125602185
 30
0.0
 10
491.865962193188
 20
602.4434558545915
 30
0.0
 10
492.0136841396779
 20
602.4434558545915
 30
0.0
 10
492.0136841396779
 20
602.4434558545915
 30
0.0
 10
492.1608841004881
 20
602.4434558545915
 30
0.0
 10
492.2809408061219
 20
602.5635125602185
 30
0.0
 10
492.2809408061219
 20
602.7107125210349
 30
0.0
 10
492.2809408061219
 20
602.7107125210349
 30
0.0
 10
492.2809408061219
 20
602.7107125210349
 30
0.0
 10
492.0136841396779
 20
602.7107125210349
 30
0.0
 10
492.0136841396779
 20
602.7107125210349
 30
0.0
  0
SPLINE
  5
841
330
1F
100
AcDbEntity
  8
≥ﬂ¥ÁòÀ◊¢
370
     0
100
AcDbSpline
210
0.0
220
0.0
230
0.0
 70
    24
 71
     3
 72
     8
 73
     4
 74
     0
 42
0.000000001
 43
0.0000000001
 40
0.0
 40
0.0
 40
0.0
 40
0.0
 40
1.0
 40
1.0
 40
1.0
 40
1.0
 10
492.6844357341694
 20
603.3804201441712
 30
0.0
 10
492.6844357341694
 20
603.3804201441712
 30
0.0
 10
494.6794649903156
 20
605.3770153573467
 30
0.0
 10
494.6794649903156
 20
605.3770153573467
 30
0.0
  0
SPLINE
  5
842
330
1F
100
AcDbEntity
  8
≥ﬂ¥ÁòÀ◊¢
370
     0
100
AcDbSpline
210
0.0
220
0.0
230
1.0
 70
    11
 71
     3
 72
    28
 73
    24
 74
     0
 42
0.000000001
 43
0.0000000001
 40
0.0
 40
0.0
 40
0.0
 40
0.0
 40
0.1428571428571428
 40
0.1428571428571428
 40
0.1428571428571428
 40
0.1428571528571428
 40
0.2857142857142857
 40
0.2857142857142857
 40
0.2857142857142857
 40
0.2857142957142857
 40
0.428571428571429
 40
0.428571428571429
 40
0.428571428571429
 40
0.4285714385714289
 40
0.5714285714285714
 40
0.5714285714285714
 40
0.5714285714285714
 40
0.5714285814285715
 40
0.7142857142857145
 40
0.7142857142857145
 40
0.7142857142857145
 40
0.7142857242857146
 40
1.0
 40
1.0
 40
1.0
 40
1.0
 10
486.3130785650122
 20
594.3244906400217
 30
0.0
 10
486.3130785650122
 20
594.3244906400217
 30
0.0
 10
486.5803352314634
 20
594.3244906400217
 30
0.0
 10
486.5803352314634
 20
594.3244906400217
 30
0.0
 10
486.5803352314634
 20
594.3244906400217
 30
0.0
 10
486.5803352314634
 20
594.4716906008335
 30
0.0
 10
486.4602785258297
 20
594.5917473064637
 30
0.0
 10
486.3130785650122
 20
594.5917473064637
 30
0.0
 10
486.3130785650122
 20
594.5917473064637
 30
0.0
 10
486.1653566185156
 20
594.5917473064637
 30
0.0
 10
486.0452999128961
 20
594.4716906008335
 30
0.0
 10
486.0452999128961
 20
594.3244906400217
 30
0.0
 10
486.0452999128961
 20
594.3244906400217
 30
0.0
 10
486.0452999128961
 20
594.1767686935295
 30
0.0
 10
486.1653566185156
 20
594.0567119878984
 30
0.0
 10
486.3130785650122
 20
594.0567119878984
 30
0.0
 10
486.3130785650122
 20
594.0567119878984
 30
0.0
 10
486.4602785258297
 20
594.0567119878984
 30
0.0
 10
486.5803352314634
 20
594.1767686935295
 30
0.0
 10
486.5803352314634
 20
594.3244906400217
 30
0.0
 10
486.5803352314634
 20
594.3244906400217
 30
0.0
 10
486.5803352314634
 20
594.3244906400217
 30
0.0
 10
486.3130785650122
 20
594.3244906400217
 30
0.0
 10
486.3130785650122
 20
594.3244906400217
 30
0.0
  0
SPLINE
  5
843
330
1F
100
AcDbEntity
  8
≥ﬂ¥ÁòÀ◊¢
370
     0
100
AcDbSpline
210
0.0
220
0.0
230
0.0
 70
    24
 71
     3
 72
     8
 73
     4
 74
     0
 42
0.000000001
 43
0.0000000001
 40
0.0
 40
0.0
 40
0.0
 40
0.0
 40
1.0
 40
1.0
 40
1.0
 40
1.0
 10
486.9822642024868
 20
594.9957642201877
 30
0.0
 10
486.9822642024868
 20
594.9957642201877
 30
0.0
 10
490.3365441606246
 20
598.3479562356176
 30
0.0
 10
490.3365441606246
 20
598.3479562356176
 30
0.0
  0
SPLINE
  5
844
330
1F
100
AcDbEntity
  8
≥ﬂ¥ÁòÀ◊¢
370
     0
100
AcDbSpline
210
0.0
220
0.0
230
1.0
 70
    11
 71
     3
 72
    28
 73
    24
 74
     0
 42
0.000000001
 43
0.0000000001
 40
0.0
 40
0.0
 40
0.0
 40
0.0
 40
0.1428571428571428
 40
0.1428571428571428
 40
0.1428571428571428
 40
0.1428571528571428
 40
0.2857142857142857
 40
0.2857142857142857
 40
0.2857142857142857
 40
0.2857142957142857
 40
0.428571428571429
 40
0.428571428571429
 40
0.428571428571429
 40
0.4285714385714289
 40
0.5714285714285714
 40
0.5714285714285714
 40
0.5714285714285714
 40
0.5714285814285715
 40
0.7142857142857145
 40
0.7142857142857145
 40
0.7142857142857145
 40
0.7142857242857146
 40
1.0
 40
1.0
 40
1.0
 40
1.0
 10
491.0072957551058
 20
599.0207957728155
 30
0.0
 10
491.0072957551058
 20
599.0207957728155
 30
0.0
 10
491.2750744072257
 20
599.0207957728155
 30
0.0
 10
491.2750744072257
 20
599.0207957728155
 30
0.0
 10
491.2750744072257
 20
599.0207957728155
 30
0.0
 10
491.2750744072257
 20
599.1679957336282
 30
0.0
 10
491.1550177015956
 20
599.2880524392589
 30
0.0
 10
491.0072957551058
 20
599.2880524392589
 30
0.0
 10
491.0072957551058
 20
599.2880524392589
 30
0.0
 10
490.8600957942921
 20
599.2880524392589
 30
0.0
 10
490.7400390886755
 20
599.1679957336282
 30
0.0
 10
490.7400390886755
 20
599.0207957728155
 30
0.0
 10
490.7400390886755
 20
599.0207957728155
 30
0.0
 10
490.7400390886755
 20
598.8730738263234
 30
0.0
 10
490.8600957942921
 20
598.7530171206941
 30
0.0
 10
491.0072957551058
 20
598.7530171206941
 30
0.0
 10
491.0072957551058
 20
598.7530171206941
 30
0.0
 10
491.1550177015956
 20
598.7530171206941
 30
0.0
 10
491.2750744072257
 20
598.8730738263234
 30
0.0
 10
491.2750744072257
 20
599.0207957728155
 30
0.0
 10
491.2750744072257
 20
599.0207957728155
 30
0.0
 10
491.2750744072257
 20
599.0207957728155
 30
0.0
 10
491.0072957551058
 20
599.0207957728155
 30
0.0
 10
491.0072957551058
 20
599.0207957728155
 30
0.0
  0
SPLINE
  5
845
330
1F
100
AcDbEntity
  8
≥ﬂ¥ÁòÀ◊¢
370
     0
100
AcDbSpline
210
0.0
220
0.0
230
0.0
 70
    24
 71
     3
 72
     8
 73
     4
 74
     0
 42
0.000000001
 43
0.0000000001
 40
0.0
 40
0.0
 40
0.0
 40
0.0
 40
1.0
 40
1.0
 40
1.0
 40
1.0
 10
491.678569335277
 20
599.6920693529838
 30
0.0
 10
491.678569335277
 20
599.6920693529838
 30
0.0
 10
495.0328492934079
 20
603.0442613684122
 30
0.0
 10
495.0328492934079
 20
603.0442613684122
 30
0.0
  0
SPLINE
  5
846
330
1F
100
AcDbEntity
  8
≥ﬂ¥ÁòÀ◊¢
370
     0
100
AcDbSpline
210
0.0
220
0.0
230
1.0
 70
    11
 71
     3
 72
    28
 73
    24
 74
     0
 42
0.000000001
 43
0.0000000001
 40
0.0
 40
0.0
 40
0.0
 40
0.0
 40
0.1428571428571428
 40
0.1428571428571428
 40
0.1428571428571428
 40
0.1428571528571428
 40
0.2857142857142857
 40
0.2857142857142857
 40
0.2857142857142857
 40
0.2857142957142857
 40
0.428571428571429
 40
0.428571428571429
 40
0.428571428571429
 40
0.4285714385714289
 40
0.5714285714285714
 40
0.5714285714285714
 40
0.5714285714285714
 40
0.5714285814285715
 40
0.7142857142857145
 40
0.7142857142857145
 40
0.7142857142857145
 40
0.7142857242857146
 40
1.0
 40
1.0
 40
1.0
 40
1.0
 10
495.7030789022201
 20
603.7144909772288
 30
0.0
 10
495.7030789022201
 20
603.7144909772288
 30
0.0
 10
495.9708575543366
 20
603.7144909772288
 30
0.0
 10
495.9708575543366
 20
603.7144909772288
 30
0.0
 10
495.9708575543366
 20
603.7144909772288
 30
0.0
 10
495.9708575543366
 20
603.8616909380403
 30
0.0
 10
495.8508008487132
 20
603.9822696293457
 30
0.0
 10
495.7030789022201
 20
603.9822696293457
 30
0.0
 10
495.7030789022201
 20
603.9822696293457
 30
0.0
 10
495.5558789414133
 20
603.9822696293457
 30
0.0
 10
495.4358222357726
 20
603.8616909380403
 30
0.0
 10
495.4358222357726
 20
603.7144909772288
 30
0.0
 10
495.4358222357726
 20
603.7144909772288
 30
0.0
 10
495.4358222357726
 20
603.5672910164122
 30
0.0
 10
495.5558789414133
 20
603.4467123251054
 30
0.0
 10
495.7030789022201
 20
603.4467123251054
 30
0.0
 10
495.7030789022201
 20
603.4467123251054
 30
0.0
 10
495.8508008487132
 20
603.4467123251054
 30
0.0
 10
495.9708575543366
 20
603.5672910164122
 30
0.0
 10
495.9708575543366
 20
603.7144909772288
 30
0.0
 10
495.9708575543366
 20
603.7144909772288
 30
0.0
 10
495.9708575543366
 20
603.7144909772288
 30
0.0
 10
495.7030789022201
 20
603.7144909772288
 30
0.0
 10
495.7030789022201
 20
603.7144909772288
 30
0.0
  0
SPLINE
  5
847
330
1F
100
AcDbEntity
  8
≥ﬂ¥ÁòÀ◊¢
370
     0
100
AcDbSpline
210
0.0
220
0.0
230
0.0
 70
    24
 71
     3
 72
     8
 73
     4
 74
     0
 42
0.000000001
 43
0.0000000001
 40
0.0
 40
0.0
 40
0.0
 40
0.0
 40
1.0
 40
1.0
 40
1.0
 40
1.0
 10
496.3727865253598
 20
604.3862865430719
 30
0.0
 10
496.3727865253598
 20
604.3862865430719
 30
0.0
 10
497.3640373253102
 20
605.3770153573467
 30
0.0
 10
497.3640373253102
 20
605.3770153573467
 30
0.0
  0
SPLINE
  5
848
330
1F
100
AcDbEntity
  8
≥ﬂ¥ÁòÀ◊¢
370
     0
100
AcDbSpline
210
0.0
220
0.0
230
0.0
 70
    24
 71
     3
 72
     8
 73
     4
 74
     0
 42
0.000000001
 43
0.0000000001
 40
0.0
 40
0.0
 40
0.0
 40
0.0
 40
1.0
 40
1.0
 40
1.0
 40
1.0
 10
488.0507688825657
 20
593.3796965652892
 30
0.0
 10
488.0507688825657
 20
593.3796965652892
 30
0.0
 10
489.330155776035
 20
594.659605444428
 30
0.0
 10
489.330155776035
 20
594.659605444428
 30
0.0
  0
SPLINE
  5
849
330
1F
100
AcDbEntity
  8
≥ﬂ¥ÁòÀ◊¢
370
     0
100
AcDbSpline
210
0.0
220
0.0
230
1.0
 70
    11
 71
     3
 72
    28
 73
    24
 74
     0
 42
0.000000001
 43
0.0000000001
 40
0.0
 40
0.0
 40
0.0
 40
0.0
 40
0.1428571428571428
 40
0.1428571428571428
 40
0.1428571428571428
 40
0.1428571528571428
 40
0.2857142857142857
 40
0.2857142857142857
 40
0.2857142857142857
 40
0.2857142957142857
 40
0.428571428571429
 40
0.428571428571429
 40
0.428571428571429
 40
0.4285714385714289
 40
0.5714285714285714
 40
0.5714285714285714
 40
0.5714285714285714
 40
0.5714285814285715
 40
0.7142857142857145
 40
0.7142857142857145
 40
0.7142857142857145
 40
0.7142857242857146
 40
1.0
 40
1.0
 40
1.0
 40
1.0
 10
490.0009073705406
 20
595.3303570389197
 30
0.0
 10
490.0009073705406
 20
595.3303570389197
 30
0.0
 10
490.2686860226608
 20
595.3303570389197
 30
0.0
 10
490.2686860226608
 20
595.3303570389197
 30
0.0
 10
490.2686860226608
 20
595.3303570389197
 30
0.0
 10
490.2686860226608
 20
595.4775569997342
 30
0.0
 10
490.148107331337
 20
595.5981356910397
 30
0.0
 10
490.0009073705406
 20
595.5981356910397
 30
0.0
 10
490.0009073705406
 20
595.5981356910397
 30
0.0
 10
489.8531854240405
 20
595.5981356910397
 30
0.0
 10
489.7331287184242
 20
595.4775569997342
 30
0.0
 10
489.7331287184242
 20
595.3303570389197
 30
0.0
 10
489.7331287184242
 20
595.3303570389197
 30
0.0
 10
489.7331287184242
 20
595.1826350924299
 30
0.0
 10
489.8531854240405
 20
595.0625783867981
 30
0.0
 10
490.0009073705406
 20
595.0625783867981
 30
0.0
 10
490.0009073705406
 20
595.0625783867981
 30
0.0
 10
490.148107331337
 20
595.0625783867981
 30
0.0
 10
490.2686860226608
 20
595.1826350924299
 30
0.0
 10
490.2686860226608
 20
595.3303570389197
 30
0.0
 10
490.2686860226608
 20
595.3303570389197
 30
0.0
 10
490.2686860226608
 20
595.3303570389197
 30
0.0
 10
490.0009073705406
 20
595.3303570389197
 30
0.0
 10
490.0009073705406
 20
595.3303570389197
 30
0.0
  0
SPLINE
  5
84A
330
1F
100
AcDbEntity
  8
≥ﬂ¥ÁòÀ◊¢
370
     0
100
AcDbSpline
210
0.0
220
0.0
230
0.0
 70
    24
 71
     3
 72
     8
 73
     4
 74
     0
 42
0.000000001
 43
0.0000000001
 40
0.0
 40
0.0
 40
0.0
 40
0.0
 40
1.0
 40
1.0
 40
1.0
 40
1.0
 10
490.6706149936663
 20
596.0021526047649
 30
0.0
 10
490.6706149936663
 20
596.0021526047649
 30
0.0
 10
494.0264609088289
 20
599.3559105772212
 30
0.0
 10
494.0264609088289
 20
599.3559105772212
 30
0.0
  0
SPLINE
  5
84B
330
1F
100
AcDbEntity
  8
≥ﬂ¥ÁòÀ◊¢
370
     0
100
AcDbSpline
210
0.0
220
0.0
230
1.0
 70
    11
 71
     3
 72
    28
 73
    24
 74
     0
 42
0.000000001
 43
0.0000000001
 40
0.0
 40
0.0
 40
0.0
 40
0.0
 40
0.1428571428571428
 40
0.1428571428571428
 40
0.1428571428571428
 40
0.1428571528571428
 40
0.2857142857142857
 40
0.2857142857142857
 40
0.2857142857142857
 40
0.2857142957142857
 40
0.428571428571429
 40
0.428571428571429
 40
0.428571428571429
 40
0.4285714385714289
 40
0.5714285714285714
 40
0.5714285714285714
 40
0.5714285714285714
 40
0.5714285814285715
 40
0.7142857142857145
 40
0.7142857142857145
 40
0.7142857142857145
 40
0.7142857242857146
 40
1.0
 40
1.0
 40
1.0
 40
1.0
 10
494.6972125033242
 20
600.0266621717132
 30
0.0
 10
494.6972125033242
 20
600.0266621717132
 30
0.0
 10
494.9649911554441
 20
600.0266621717132
 30
0.0
 10
494.9649911554441
 20
600.0266621717132
 30
0.0
 10
494.9649911554441
 20
600.0266621717132
 30
0.0
 10
494.9649911554441
 20
600.1738621325277
 30
0.0
 10
494.8444124641376
 20
600.2944408238331
 30
0.0
 10
494.6972125033242
 20
600.2944408238331
 30
0.0
 10
494.6972125033242
 20
600.2944408238331
 30
0.0
 10
494.5494905568344
 20
600.2944408238331
 30
0.0
 10
494.4294338512041
 20
600.1738621325277
 30
0.0
 10
494.4294338512041
 20
600.0266621717132
 30
0.0
 10
494.4294338512041
 20
600.0266621717132
 30
0.0
 10
494.4294338512041
 20
599.8789402252232
 30
0.0
 10
494.5494905568344
 20
599.7588835195941
 30
0.0
 10
494.6972125033242
 20
599.7588835195941
 30
0.0
 10
494.6972125033242
 20
599.7588835195941
 30
0.0
 10
494.8444124641376
 20
599.7588835195941
 30
0.0
 10
494.9649911554441
 20
599.8789402252232
 30
0.0
 10
494.9649911554441
 20
600.0266621717132
 30
0.0
 10
494.9649911554441
 20
600.0266621717132
 30
0.0
 10
494.9649911554441
 20
600.0266621717132
 30
0.0
 10
494.6972125033242
 20
600.0266621717132
 30
0.0
 10
494.6972125033242
 20
600.0266621717132
 30
0.0
  0
SPLINE
  5
84C
330
1F
100
AcDbEntity
  8
≥ﬂ¥ÁòÀ◊¢
370
     0
100
AcDbSpline
210
0.0
220
0.0
230
0.0
 70
    24
 71
     3
 72
     8
 73
     4
 74
     0
 42
0.000000001
 43
0.0000000001
 40
0.0
 40
0.0
 40
0.0
 40
0.0
 40
1.0
 40
1.0
 40
1.0
 40
1.0
 10
495.3669201264708
 20
600.6958478091777
 30
0.0
 10
495.3669201264708
 20
600.6958478091777
 30
0.0
 10
498.7212000845946
 20
604.0501277673095
 30
0.0
 10
498.7212000845946
 20
604.0501277673095
 30
0.0
  0
SPLINE
  5
84D
330
1F
100
AcDbEntity
  8
≥ﬂ¥ÁòÀ◊¢
370
     0
100
AcDbSpline
210
0.0
220
0.0
230
1.0
 70
    11
 71
     3
 72
    28
 73
    24
 74
     0
 42
0.000000001
 43
0.0000000001
 40
0.0
 40
0.0
 40
0.0
 40
0.0
 40
0.1428571428571428
 40
0.1428571428571428
 40
0.1428571428571428
 40
0.1428571528571428
 40
0.2857142857142857
 40
0.2857142857142857
 40
0.2857142857142857
 40
0.2857142957142857
 40
0.428571428571429
 40
0.428571428571429
 40
0.428571428571429
 40
0.4285714385714289
 40
0.5714285714285714
 40
0.5714285714285714
 40
0.5714285714285714
 40
0.5714285814285715
 40
0.7142857142857145
 40
0.7142857142857145
 40
0.7142857142857145
 40
0.7142857242857146
 40
1.0
 40
1.0
 40
1.0
 40
1.0
 10
499.3935176361111
 20
604.7229673045096
 30
0.0
 10
499.3935176361111
 20
604.7229673045096
 30
0.0
 10
499.6612962882448
 20
604.7229673045096
 30
0.0
 10
499.6612962882448
 20
604.7229673045096
 30
0.0
 10
499.6612962882448
 20
604.7229673045096
 30
0.0
 10
499.6612962882448
 20
604.870167265324
 30
0.0
 10
499.5407175969281
 20
604.9907459566301
 30
0.0
 10
499.3935176361111
 20
604.9907459566301
 30
0.0
 10
499.3935176361111
 20
604.9907459566301
 30
0.0
 10
499.2457956896423
 20
604.9907459566301
 30
0.0
 10
499.1257389839945
 20
604.870167265324
 30
0.0
 10
499.1257389839945
 20
604.7229673045096
 30
0.0
 10
499.1257389839945
 20
604.7229673045096
 30
0.0
 10
499.1257389839945
 20
604.5752453580182
 30
0.0
 10
499.2457956896423
 20
604.4551886523877
 30
0.0
 10
499.3935176361111
 20
604.4551886523877
 30
0.0
 10
499.3935176361111
 20
604.4551886523877
 30
0.0
 10
499.5407175969281
 20
604.4551886523877
 30
0.0
 10
499.6612962882448
 20
604.5752453580182
 30
0.0
 10
499.6612962882448
 20
604.7229673045096
 30
0.0
 10
499.6612962882448
 20
604.7229673045096
 30
0.0
 10
499.6612962882448
 20
604.7229673045096
 30
0.0
 10
499.3935176361111
 20
604.7229673045096
 30
0.0
 10
499.3935176361111
 20
604.7229673045096
 30
0.0
  0
SPLINE
  5
84E
330
1F
100
AcDbEntity
  8
≥ﬂ¥ÁòÀ◊¢
370
     0
100
AcDbSpline
210
0.0
220
0.0
230
0.0
 70
    24
 71
     3
 72
     8
 73
     4
 74
     0
 42
0.000000001
 43
0.0000000001
 40
0.0
 40
0.0
 40
0.0
 40
0.0
 40
1.0
 40
1.0
 40
1.0
 40
1.0
 10
490.7327312891871
 20
593.3796965652892
 30
0.0
 10
490.7327312891871
 20
593.3796965652892
 30
0.0
 10
493.0190285528944
 20
595.665993829004
 30
0.0
 10
493.0190285528944
 20
595.665993829004
 30
0.0
  0
SPLINE
  5
84F
330
1F
100
AcDbEntity
  8
≥ﬂ¥ÁòÀ◊¢
370
     0
100
AcDbSpline
210
0.0
220
0.0
230
1.0
 70
    11
 71
     3
 72
    28
 73
    24
 74
     0
 42
0.000000001
 43
0.0000000001
 40
0.0
 40
0.0
 40
0.0
 40
0.0
 40
0.1428571428571428
 40
0.1428571428571428
 40
0.1428571428571428
 40
0.1428571528571428
 40
0.2857142857142857
 40
0.2857142857142857
 40
0.2857142857142857
 40
0.2857142957142857
 40
0.428571428571429
 40
0.428571428571429
 40
0.428571428571429
 40
0.4285714385714289
 40
0.5714285714285714
 40
0.5714285714285714
 40
0.5714285714285714
 40
0.5714285814285715
 40
0.7142857142857145
 40
0.7142857142857145
 40
0.7142857142857145
 40
0.7142857242857146
 40
1.0
 40
1.0
 40
1.0
 40
1.0
 10
493.6913461044211
 20
596.3362234378189
 30
0.0
 10
493.6913461044211
 20
596.3362234378189
 30
0.0
 10
493.9586027708648
 20
596.3362234378189
 30
0.0
 10
493.9586027708648
 20
596.3362234378189
 30
0.0
 10
493.9586027708648
 20
596.3362234378189
 30
0.0
 10
493.9586027708648
 20
596.4839453843102
 30
0.0
 10
493.8385460652416
 20
596.6040020899375
 30
0.0
 10
493.6913461044211
 20
596.6040020899375
 30
0.0
 10
493.6913461044211
 20
596.6040020899375
 30
0.0
 10
493.5436241579417
 20
596.6040020899375
 30
0.0
 10
493.423567452301
 20
596.4839453843102
 30
0.0
 10
493.423567452301
 20
596.3362234378189
 30
0.0
 10
493.423567452301
 20
596.3362234378189
 30
0.0
 10
493.423567452301
 20
596.1890234770041
 30
0.0
 10
493.5436241579417
 20
596.0689667713757
 30
0.0
 10
493.6913461044211
 20
596.0689667713757
 30
0.0
 10
493.6913461044211
 20
596.0689667713757
 30
0.0
 10
493.8385460652416
 20
596.0689667713757
 30
0.0
 10
493.9586027708648
 20
596.1890234770041
 30
0.0
 10
493.9586027708648
 20
596.3362234378189
 30
0.0
 10
493.9586027708648
 20
596.3362234378189
 30
0.0
 10
493.9586027708648
 20
596.3362234378189
 30
0.0
 10
493.6913461044211
 20
596.3362234378189
 30
0.0
 10
493.6913461044211
 20
596.3362234378189
 30
0.0
  0
SPLINE
  5
850
330
1F
100
AcDbEntity
  8
≥ﬂ¥ÁòÀ◊¢
370
     0
100
AcDbSpline
210
0.0
220
0.0
230
0.0
 70
    24
 71
     3
 72
     8
 73
     4
 74
     0
 42
0.000000001
 43
0.0000000001
 40
0.0
 40
0.0
 40
0.0
 40
0.0
 40
1.0
 40
1.0
 40
1.0
 40
1.0
 10
494.3610537275572
 20
597.0080190036626
 30
0.0
 10
494.3610537275572
 20
597.0080190036626
 30
0.0
 10
497.7153336856987
 20
600.3622989617976
 30
0.0
 10
497.7153336856987
 20
600.3622989617976
 30
0.0
  0
SPLINE
  5
851
330
1F
100
AcDbEntity
  8
≥ﬂ¥ÁòÀ◊¢
370
     0
100
AcDbSpline
210
0.0
220
0.0
230
1.0
 70
    11
 71
     3
 72
    28
 73
    24
 74
     0
 42
0.000000001
 43
0.0000000001
 40
0.0
 40
0.0
 40
0.0
 40
0.0
 40
0.1428571428571428
 40
0.1428571428571428
 40
0.1428571428571428
 40
0.1428571528571428
 40
0.2857142857142857
 40
0.2857142857142857
 40
0.2857142857142857
 40
0.2857142957142857
 40
0.428571428571429
 40
0.428571428571429
 40
0.428571428571429
 40
0.4285714385714289
 40
0.5714285714285714
 40
0.5714285714285714
 40
0.5714285714285714
 40
0.5714285814285715
 40
0.7142857142857145
 40
0.7142857142857145
 40
0.7142857142857145
 40
0.7142857242857146
 40
1.0
 40
1.0
 40
1.0
 40
1.0
 10
498.3855632945108
 20
601.0325285706121
 30
0.0
 10
498.3855632945108
 20
601.0325285706121
 30
0.0
 10
498.653341946631
 20
601.0325285706121
 30
0.0
 10
498.653341946631
 20
601.0325285706121
 30
0.0
 10
498.653341946631
 20
601.0325285706121
 30
0.0
 10
498.653341946631
 20
601.1802505171067
 30
0.0
 10
498.5332852410005
 20
601.3003072227318
 30
0.0
 10
498.3855632945108
 20
601.3003072227318
 30
0.0
 10
498.3855632945108
 20
601.3003072227318
 30
0.0
 10
498.2383633336971
 20
601.3003072227318
 30
0.0
 10
498.118306628067
 20
601.1802505171067
 30
0.0
 10
498.118306628067
 20
601.0325285706121
 30
0.0
 10
498.118306628067
 20
601.0325285706121
 30
0.0
 10
498.118306628067
 20
600.8853286097976
 30
0.0
 10
498.2383633336971
 20
600.7652719041705
 30
0.0
 10
498.3855632945108
 20
600.7652719041705
 30
0.0
 10
498.3855632945108
 20
600.7652719041705
 30
0.0
 10
498.5332852410005
 20
600.7652719041705
 30
0.0
 10
498.653341946631
 20
600.8853286097976
 30
0.0
 10
498.653341946631
 20
601.0325285706121
 30
0.0
 10
498.653341946631
 20
601.0325285706121
 30
0.0
 10
498.653341946631
 20
601.0325285706121
 30
0.0
 10
498.3855632945108
 20
601.0325285706121
 30
0.0
 10
498.3855632945108
 20
601.0325285706121
 30
0.0
  0
SPLINE
  5
852
330
1F
100
AcDbEntity
  8
≥ﬂ¥ÁòÀ◊¢
370
     0
100
AcDbSpline
210
0.0
220
0.0
230
0.0
 70
    24
 71
     3
 72
     8
 73
     4
 74
     0
 42
0.000000001
 43
0.0000000001
 40
0.0
 40
0.0
 40
0.0
 40
0.0
 40
1.0
 40
1.0
 40
1.0
 40
1.0
 10
499.0573588603511
 20
601.7043241364582
 30
0.0
 10
499.0573588603511
 20
601.7043241364582
 30
0.0
 10
502.411638818503
 20
605.0586040945939
 30
0.0
 10
502.411638818503
 20
605.0586040945939
 30
0.0
  0
SPLINE
  5
853
330
1F
100
AcDbEntity
  8
≥ﬂ¥ÁòÀ◊¢
370
     0
100
AcDbSpline
210
0.0
220
0.0
230
1.0
 70
    11
 71
     3
 72
    28
 73
    24
 74
     0
 42
0.000000001
 43
0.0000000001
 40
0.0
 40
0.0
 40
0.0
 40
0.0
 40
0.1428571428571428
 40
0.1428571428571428
 40
0.1428571428571428
 40
0.1428571528571428
 40
0.2857142857142857
 40
0.2857142857142857
 40
0.2857142857142857
 40
0.2857142957142857
 40
0.428571428571429
 40
0.428571428571429
 40
0.428571428571429
 40
0.4285714385714289
 40
0.5714285714285714
 40
0.5714285714285714
 40
0.5714285714285714
 40
0.5714285814285715
 40
0.7142857142857145
 40
0.7142857142857145
 40
0.7142857142857145
 40
0.7142857242857146
 40
1.0
 40
1.0
 40
1.0
 40
1.0
 10
502.730572066927
 20
605.3780593287016
 30
0.0
 10
502.730572066927
 20
605.3780593287016
 30
0.0
 10
502.9983507190504
 20
605.3780593287016
 30
0.0
 10
502.9983507190504
 20
605.3780593287016
 30
0.0
 10
502.9983507190504
 20
605.3780593287016
 30
0.0
 10
502.9983507190504
 20
605.5257812751912
 30
0.0
 10
502.8782940134096
 20
605.64583798082
 30
0.0
 10
502.730572066927
 20
605.64583798082
 30
0.0
 10
502.730572066927
 20
605.64583798082
 30
0.0
 10
502.5833721061167
 20
605.64583798082
 30
0.0
 10
502.4627934148035
 20
605.5257812751912
 30
0.0
 10
502.4627934148035
 20
605.3780593287016
 30
0.0
 10
502.4627934148035
 20
605.3780593287016
 30
0.0
 10
502.4627934148035
 20
605.2308593678873
 30
0.0
 10
502.5833721061167
 20
605.1108026622586
 30
0.0
 10
502.730572066927
 20
605.1108026622586
 30
0.0
 10
502.730572066927
 20
605.1108026622586
 30
0.0
 10
502.8782940134096
 20
605.1108026622586
 30
0.0
 10
502.9983507190504
 20
605.2308593678873
 30
0.0
 10
502.9983507190504
 20
605.3780593287016
 30
0.0
 10
502.9983507190504
 20
605.3780593287016
 30
0.0
 10
502.9983507190504
 20
605.3780593287016
 30
0.0
 10
502.730572066927
 20
605.3780593287016
 30
0.0
 10
502.730572066927
 20
605.3780593287016
 30
0.0
  0
SPLINE
  5
854
330
1F
100
AcDbEntity
  8
≥ﬂ¥ÁòÀ◊¢
370
     0
100
AcDbSpline
210
0.0
220
0.0
230
0.0
 70
    24
 71
     3
 72
     8
 73
     4
 74
     0
 42
0.000000001
 43
0.0000000001
 40
0.0
 40
0.0
 40
0.0
 40
0.0
 40
1.0
 40
1.0
 40
1.0
 40
1.0
 10
493.4167816385062
 20
593.3796965652892
 30
0.0
 10
493.4167816385062
 20
593.3796965652892
 30
0.0
 10
496.7089453011126
 20
596.6718602279036
 30
0.0
 10
496.7089453011126
 20
596.6718602279036
 30
0.0
  0
SPLINE
  5
855
330
1F
100
AcDbEntity
  8
≥ﬂ¥ÁòÀ◊¢
370
     0
100
AcDbSpline
210
0.0
220
0.0
230
1.0
 70
    11
 71
     3
 72
    28
 73
    24
 74
     0
 42
0.000000001
 43
0.0000000001
 40
0.0
 40
0.0
 40
0.0
 40
0.0
 40
0.1428571428571428
 40
0.1428571428571428
 40
0.1428571428571428
 40
0.1428571528571428
 40
0.2857142857142857
 40
0.2857142857142857
 40
0.2857142857142857
 40
0.2857142957142857
 40
0.428571428571429
 40
0.428571428571429
 40
0.428571428571429
 40
0.4285714385714289
 40
0.5714285714285714
 40
0.5714285714285714
 40
0.5714285714285714
 40
0.5714285814285715
 40
0.7142857142857145
 40
0.7142857142857145
 40
0.7142857142857145
 40
0.7142857242857146
 40
1.0
 40
1.0
 40
1.0
 40
1.0
 10
497.3812628526427
 20
597.3446997651015
 30
0.0
 10
497.3812628526427
 20
597.3446997651015
 30
0.0
 10
497.6490415047591
 20
597.3446997651015
 30
0.0
 10
497.6490415047591
 20
597.3446997651015
 30
0.0
 10
497.6490415047591
 20
597.3446997651015
 30
0.0
 10
497.6490415047591
 20
597.4924217115913
 30
0.0
 10
497.5289847991326
 20
597.6124784172192
 30
0.0
 10
497.3812628526427
 20
597.6124784172192
 30
0.0
 10
497.3812628526427
 20
597.6124784172192
 30
0.0
 10
497.2340628918184
 20
597.6124784172192
 30
0.0
 10
497.1140061861953
 20
597.4924217115913
 30
0.0
 10
497.1140061861953
 20
597.3446997651015
 30
0.0
 10
497.1140061861953
 20
597.3446997651015
 30
0.0
 10
497.1140061861953
 20
597.1974998042851
 30
0.0
 10
497.2340628918184
 20
597.0769211129797
 30
0.0
 10
497.3812628526427
 20
597.0769211129797
 30
0.0
 10
497.3812628526427
 20
597.0769211129797
 30
0.0
 10
497.5289847991326
 20
597.0769211129797
 30
0.0
 10
497.6490415047591
 20
597.1974998042851
 30
0.0
 10
497.6490415047591
 20
597.3446997651015
 30
0.0
 10
497.6490415047591
 20
597.3446997651015
 30
0.0
 10
497.6490415047591
 20
597.3446997651015
 30
0.0
 10
497.3812628526427
 20
597.3446997651015
 30
0.0
 10
497.3812628526427
 20
597.3446997651015
 30
0.0
  0
SPLINE
  5
856
330
1F
100
AcDbEntity
  8
≥ﬂ¥ÁòÀ◊¢
370
     0
100
AcDbSpline
210
0.0
220
0.0
230
0.0
 70
    24
 71
     3
 72
     8
 73
     4
 74
     0
 42
0.000000001
 43
0.0000000001
 40
0.0
 40
0.0
 40
0.0
 40
0.0
 40
1.0
 40
1.0
 40
1.0
 40
1.0
 10
498.0504484901097
 20
598.0138854025613
 30
0.0
 10
498.0504484901097
 20
598.0138854025613
 30
0.0
 10
501.4047284482411
 20
601.3681653606981
 30
0.0
 10
501.4047284482411
 20
601.3681653606981
 30
0.0
  0
SPLINE
  5
857
330
1F
100
AcDbEntity
  8
≥ﬂ¥ÁòÀ◊¢
370
     0
100
AcDbSpline
210
0.0
220
0.0
230
1.0
 70
    11
 71
     3
 72
    28
 73
    24
 74
     0
 42
0.000000001
 43
0.0000000001
 40
0.0
 40
0.0
 40
0.0
 40
0.0
 40
0.1428571428571428
 40
0.1428571428571428
 40
0.1428571428571428
 40
0.1428571528571428
 40
0.2857142857142857
 40
0.2857142857142857
 40
0.2857142857142857
 40
0.2857142957142857
 40
0.428571428571429
 40
0.428571428571429
 40
0.428571428571429
 40
0.4285714385714289
 40
0.5714285714285714
 40
0.5714285714285714
 40
0.5714285714285714
 40
0.5714285814285715
 40
0.7142857142857145
 40
0.7142857142857145
 40
0.7142857142857145
 40
0.7142857242857146
 40
1.0
 40
1.0
 40
1.0
 40
1.0
 10
502.0760020284086
 20
602.038394969514
 30
0.0
 10
502.0760020284086
 20
602.038394969514
 30
0.0
 10
502.3432586948458
 20
602.038394969514
 30
0.0
 10
502.3432586948458
 20
602.038394969514
 30
0.0
 10
502.3432586948458
 20
602.038394969514
 30
0.0
 10
502.3432586948458
 20
602.186116916004
 30
0.0
 10
502.2232019892223
 20
602.3061736216313
 30
0.0
 10
502.0760020284086
 20
602.3061736216313
 30
0.0
 10
502.0760020284086
 20
602.3061736216313
 30
0.0
 10
501.9282800819085
 20
602.3061736216313
 30
0.0
 10
501.8082233762921
 20
602.186116916004
 30
0.0
 10
501.8082233762921
 20
602.038394969514
 30
0.0
 10
501.8082233762921
 20
602.038394969514
 30
0.0
 10
501.8082233762921
 20
601.8911950086967
 30
0.0
 10
501.9282800819085
 20
601.7711383030697
 30
0.0
 10
502.0760020284086
 20
601.7711383030697
 30
0.0
 10
502.0760020284086
 20
601.7711383030697
 30
0.0
 10
502.2232019892223
 20
601.7711383030697
 30
0.0
 10
502.3432586948458
 20
601.8911950086967
 30
0.0
 10
502.3432586948458
 20
602.038394969514
 30
0.0
 10
502.3432586948458
 20
602.038394969514
 30
0.0
 10
502.3432586948458
 20
602.038394969514
 30
0.0
 10
502.0760020284086
 20
602.038394969514
 30
0.0
 10
502.0760020284086
 20
602.038394969514
 30
0.0
  0
SPLINE
  5
858
330
1F
100
AcDbEntity
  8
≥ﬂ¥ÁòÀ◊¢
370
     0
100
AcDbSpline
210
0.0
220
0.0
230
0.0
 70
    24
 71
     3
 72
     8
 73
     4
 74
     0
 42
0.000000001
 43
0.0000000001
 40
0.0
 40
0.0
 40
0.0
 40
0.0
 40
1.0
 40
1.0
 40
1.0
 40
1.0
 10
502.7467536229003
 20
602.7101905353561
 30
0.0
 10
502.7467536229003
 20
602.7101905353561
 30
0.0
 10
505.4141004305837
 20
605.3775373430251
 30
0.0
 10
505.4141004305837
 20
605.3775373430251
 30
0.0
  0
SPLINE
  5
859
330
1F
100
AcDbEntity
  8
≥ﬂ¥ÁòÀ◊¢
370
     0
100
AcDbSpline
210
0.0
220
0.0
230
1.0
 70
    11
 71
     3
 72
    28
 73
    24
 74
     0
 42
0.000000001
 43
0.0000000001
 40
0.0
 40
0.0
 40
0.0
 40
0.0
 40
0.1428571428571428
 40
0.1428571428571428
 40
0.1428571428571428
 40
0.1428571528571428
 40
0.2857142857142857
 40
0.2857142857142857
 40
0.2857142857142857
 40
0.2857142957142857
 40
0.428571428571429
 40
0.428571428571429
 40
0.428571428571429
 40
0.4285714385714289
 40
0.5714285714285714
 40
0.5714285714285714
 40
0.5714285714285714
 40
0.5714285814285715
 40
0.7142857142857145
 40
0.7142857142857145
 40
0.7142857142857145
 40
0.7142857242857146
 40
1.0
 40
1.0
 40
1.0
 40
1.0
 10
496.3738304967119
 20
593.6542610312052
 30
0.0
 10
496.3738304967119
 20
593.6542610312052
 30
0.0
 10
496.6410871631558
 20
593.6542610312052
 30
0.0
 10
496.6410871631558
 20
593.6542610312052
 30
0.0
 10
496.6410871631558
 20
593.6542610312052
 30
0.0
 10
496.6410871631558
 20
593.8019829776965
 30
0.0
 10
496.5210304575361
 20
593.9220396833252
 30
0.0
 10
496.3738304967119
 20
593.9220396833252
 30
0.0
 10
496.3738304967119
 20
593.9220396833252
 30
0.0
 10
496.2261085502221
 20
593.9220396833252
 30
0.0
 10
496.1060518445917
 20
593.8019829776965
 30
0.0
 10
496.1060518445917
 20
593.6542610312052
 30
0.0
 10
496.1060518445917
 20
593.6542610312052
 30
0.0
 10
496.1060518445917
 20
593.5070610703896
 30
0.0
 10
496.2261085502221
 20
593.3870043647622
 30
0.0
 10
496.3738304967119
 20
593.3870043647622
 30
0.0
 10
496.3738304967119
 20
593.3870043647622
 30
0.0
 10
496.5210304575361
 20
593.3870043647622
 30
0.0
 10
496.6410871631558
 20
593.5070610703896
 30
0.0
 10
496.6410871631558
 20
593.6542610312052
 30
0.0
 10
496.6410871631558
 20
593.6542610312052
 30
0.0
 10
496.6410871631558
 20
593.6542610312052
 30
0.0
 10
496.3738304967119
 20
593.6542610312052
 30
0.0
 10
496.3738304967119
 20
593.6542610312052
 30
0.0
  0
SPLINE
  5
85A
330
1F
100
AcDbEntity
  8
≥ﬂ¥ÁòÀ◊¢
370
     0
100
AcDbSpline
210
0.0
220
0.0
230
0.0
 70
    24
 71
     3
 72
     8
 73
     4
 74
     0
 42
0.000000001
 43
0.0000000001
 40
0.0
 40
0.0
 40
0.0
 40
0.0
 40
1.0
 40
1.0
 40
1.0
 40
1.0
 10
497.0445820912138
 20
594.3239686543437
 30
0.0
 10
497.0445820912138
 20
594.3239686543437
 30
0.0
 10
500.3988620493378
 20
597.6777266268022
 30
0.0
 10
500.3988620493378
 20
597.6777266268022
 30
0.0
  0
SPLINE
  5
85B
330
1F
100
AcDbEntity
  8
≥ﬂ¥ÁòÀ◊¢
370
     0
100
AcDbSpline
210
0.0
220
0.0
230
1.0
 70
    11
 71
     3
 72
    28
 73
    24
 74
     0
 42
0.000000001
 43
0.0000000001
 40
0.0
 40
0.0
 40
0.0
 40
0.0
 40
0.1428571428571428
 40
0.1428571428571428
 40
0.1428571428571428
 40
0.1428571528571428
 40
0.2857142857142857
 40
0.2857142857142857
 40
0.2857142857142857
 40
0.2857142957142857
 40
0.428571428571429
 40
0.428571428571429
 40
0.428571428571429
 40
0.4285714385714289
 40
0.5714285714285714
 40
0.5714285714285714
 40
0.5714285714285714
 40
0.5714285814285715
 40
0.7142857142857145
 40
0.7142857142857145
 40
0.7142857142857145
 40
0.7142857242857146
 40
1.0
 40
1.0
 40
1.0
 40
1.0
 10
501.0701356295056
 20
598.348478221292
 30
0.0
 10
501.0701356295056
 20
598.348478221292
 30
0.0
 10
501.337392295967
 20
598.348478221292
 30
0.0
 10
501.337392295967
 20
598.348478221292
 30
0.0
 10
501.337392295967
 20
598.348478221292
 30
0.0
 10
501.337392295967
 20
598.4956781821085
 30
0.0
 10
501.2173355903159
 20
598.6157348877387
 30
0.0
 10
501.0701356295056
 20
598.6157348877387
 30
0.0
 10
501.0701356295056
 20
598.6157348877387
 30
0.0
 10
500.922413683016
 20
598.6157348877387
 30
0.0
 10
500.8023569773961
 20
598.4956781821085
 30
0.0
 10
500.8023569773961
 20
598.348478221292
 30
0.0
 10
500.8023569773961
 20
598.348478221292
 30
0.0
 10
500.8023569773961
 20
598.2007562748028
 30
0.0
 10
500.922413683016
 20
598.0806995691732
 30
0.0
 10
501.0701356295056
 20
598.0806995691732
 30
0.0
 10
501.0701356295056
 20
598.0806995691732
 30
0.0
 10
501.2173355903159
 20
598.0806995691732
 30
0.0
 10
501.337392295967
 20
598.2007562748028
 30
0.0
 10
501.337392295967
 20
598.348478221292
 30
0.0
 10
501.337392295967
 20
598.348478221292
 30
0.0
 10
501.337392295967
 20
598.348478221292
 30
0.0
 10
501.0701356295056
 20
598.348478221292
 30
0.0
 10
501.0701356295056
 20
598.348478221292
 30
0.0
  0
SPLINE
  5
85C
330
1F
100
AcDbEntity
  8
≥ﬂ¥ÁòÀ◊¢
370
     0
100
AcDbSpline
210
0.0
220
0.0
230
0.0
 70
    24
 71
     3
 72
     8
 73
     4
 74
     0
 42
0.000000001
 43
0.0000000001
 40
0.0
 40
0.0
 40
0.0
 40
0.0
 40
1.0
 40
1.0
 40
1.0
 40
1.0
 10
501.7393212669694
 20
599.0202737871388
 30
0.0
 10
501.7393212669694
 20
599.0202737871388
 30
0.0
 10
505.0951671821318
 20
602.3740317595975
 30
0.0
 10
505.0951671821318
 20
602.3740317595975
 30
0.0
  0
SPLINE
  5
85D
330
1F
100
AcDbEntity
  8
≥ﬂ¥ÁòÀ◊¢
370
     0
100
AcDbSpline
210
0.0
220
0.0
230
1.0
 70
    11
 71
     3
 72
    28
 73
    24
 74
     0
 42
0.000000001
 43
0.0000000001
 40
0.0
 40
0.0
 40
0.0
 40
0.0
 40
0.1428571428571428
 40
0.1428571428571428
 40
0.1428571428571428
 40
0.1428571528571428
 40
0.2857142857142857
 40
0.2857142857142857
 40
0.2857142857142857
 40
0.2857142957142857
 40
0.428571428571429
 40
0.428571428571429
 40
0.428571428571429
 40
0.4285714385714289
 40
0.5714285714285714
 40
0.5714285714285714
 40
0.5714285714285714
 40
0.5714285814285715
 40
0.7142857142857145
 40
0.7142857142857145
 40
0.7142857142857145
 40
0.7142857242857146
 40
1.0
 40
1.0
 40
1.0
 40
1.0
 10
505.7664407623031
 20
603.0447833540886
 30
0.0
 10
505.7664407623031
 20
603.0447833540886
 30
0.0
 10
506.0336974287539
 20
603.0447833540886
 30
0.0
 10
506.0336974287539
 20
603.0447833540886
 30
0.0
 10
506.0336974287539
 20
603.0447833540886
 30
0.0
 10
506.0336974287539
 20
603.1919833149032
 30
0.0
 10
505.9136407231236
 20
603.3120400205322
 30
0.0
 10
505.7664407623031
 20
603.3120400205322
 30
0.0
 10
505.7664407623031
 20
603.3120400205322
 30
0.0
 10
505.6187188158097
 20
603.3120400205322
 30
0.0
 10
505.4986621101758
 20
603.1919833149032
 30
0.0
 10
505.4986621101758
 20
603.0447833540886
 30
0.0
 10
505.4986621101758
 20
603.0447833540886
 30
0.0
 10
505.4986621101758
 20
602.8970614075984
 30
0.0
 10
505.6187188158097
 20
602.7770047019687
 30
0.0
 10
505.7664407623031
 20
602.7770047019687
 30
0.0
 10
505.7664407623031
 20
602.7770047019687
 30
0.0
 10
505.9136407231236
 20
602.7770047019687
 30
0.0
 10
506.0336974287539
 20
602.8970614075984
 30
0.0
 10
506.0336974287539
 20
603.0447833540886
 30
0.0
 10
506.0336974287539
 20
603.0447833540886
 30
0.0
 10
506.0336974287539
 20
603.0447833540886
 30
0.0
 10
505.7664407623031
 20
603.0447833540886
 30
0.0
 10
505.7664407623031
 20
603.0447833540886
 30
0.0
  0
SPLINE
  5
85E
330
1F
100
AcDbEntity
  8
≥ﬂ¥ÁòÀ◊¢
370
     0
100
AcDbSpline
210
0.0
220
0.0
230
0.0
 70
    24
 71
     3
 72
     8
 73
     4
 74
     0
 42
0.000000001
 43
0.0000000001
 40
0.0
 40
0.0
 40
0.0
 40
0.0
 40
1.0
 40
1.0
 40
1.0
 40
1.0
 10
506.435626399763
 20
603.7139689915504
 30
0.0
 10
506.435626399763
 20
603.7139689915504
 30
0.0
 10
508.0960628371776
 20
605.3775373430251
 30
0.0
 10
508.0960628371776
 20
605.3775373430251
 30
0.0
  0
SPLINE
  5
85F
330
1F
100
AcDbEntity
  8
≥ﬂ¥ÁòÀ◊¢
370
     0
100
AcDbSpline
210
0.0
220
0.0
230
0.0
 70
    24
 71
     3
 72
     8
 73
     4
 74
     0
 42
0.000000001
 43
0.0000000001
 40
0.0
 40
0.0
 40
0.0
 40
0.0
 40
1.0
 40
1.0
 40
1.0
 40
1.0
 10
498.7833163801191
 20
593.3796965652892
 30
0.0
 10
498.7833163801191
 20
593.3796965652892
 30
0.0
 10
499.3929956504453
 20
593.9898978212895
 30
0.0
 10
499.3929956504453
 20
593.9898978212895
 30
0.0
  0
SPLINE
  5
860
330
1F
100
AcDbEntity
  8
≥ﬂ¥ÁòÀ◊¢
370
     0
100
AcDbSpline
210
0.0
220
0.0
230
1.0
 70
    11
 71
     3
 72
    28
 73
    24
 74
     0
 42
0.000000001
 43
0.0000000001
 40
0.0
 40
0.0
 40
0.0
 40
0.0
 40
0.1428571428571428
 40
0.1428571428571428
 40
0.1428571428571428
 40
0.1428571528571428
 40
0.2857142857142857
 40
0.2857142857142857
 40
0.2857142857142857
 40
0.2857142957142857
 40
0.428571428571429
 40
0.428571428571429
 40
0.428571428571429
 40
0.4285714385714289
 40
0.5714285714285714
 40
0.5714285714285714
 40
0.5714285714285714
 40
0.5714285814285715
 40
0.7142857142857145
 40
0.7142857142857145
 40
0.7142857142857145
 40
0.7142857242857146
 40
1.0
 40
1.0
 40
1.0
 40
1.0
 10
500.0637472449334
 20
594.6606494157797
 30
0.0
 10
500.0637472449334
 20
594.6606494157797
 30
0.0
 10
500.3315258970537
 20
594.6606494157797
 30
0.0
 10
500.3315258970537
 20
594.6606494157797
 30
0.0
 10
500.3315258970537
 20
594.6606494157797
 30
0.0
 10
500.3315258970537
 20
594.807849376596
 30
0.0
 10
500.2114691914234
 20
594.9279060822233
 30
0.0
 10
500.0637472449334
 20
594.9279060822233
 30
0.0
 10
500.0637472449334
 20
594.9279060822233
 30
0.0
 10
499.9165472841196
 20
594.9279060822233
 30
0.0
 10
499.7964905784896
 20
594.807849376596
 30
0.0
 10
499.7964905784896
 20
594.6606494157797
 30
0.0
 10
499.7964905784896
 20
594.6606494157797
 30
0.0
 10
499.7964905784896
 20
594.5129274692898
 30
0.0
 10
499.9165472841196
 20
594.3928707636616
 30
0.0
 10
500.0637472449334
 20
594.3928707636616
 30
0.0
 10
500.0637472449334
 20
594.3928707636616
 30
0.0
 10
500.2114691914234
 20
594.3928707636616
 30
0.0
 10
500.3315258970537
 20
594.5129274692898
 30
0.0
 10
500.3315258970537
 20
594.6606494157797
 30
0.0
 10
500.3315258970537
 20
594.6606494157797
 30
0.0
 10
500.3315258970537
 20
594.6606494157797
 30
0.0
 10
500.0637472449334
 20
594.6606494157797
 30
0.0
 10
500.0637472449334
 20
594.6606494157797
 30
0.0
  0
SPLINE
  5
861
330
1F
100
AcDbEntity
  8
≥ﬂ¥ÁòÀ◊¢
370
     0
100
AcDbSpline
210
0.0
220
0.0
230
0.0
 70
    24
 71
     3
 72
     8
 73
     4
 74
     0
 42
0.000000001
 43
0.0000000001
 40
0.0
 40
0.0
 40
0.0
 40
0.0
 40
1.0
 40
1.0
 40
1.0
 40
1.0
 10
500.7329328823939
 20
595.3298350532413
 30
0.0
 10
500.7329328823939
 20
595.3298350532413
 30
0.0
 10
504.0872128405246
 20
598.6841150113763
 30
0.0
 10
504.0872128405246
 20
598.6841150113763
 30
0.0
  0
SPLINE
  5
862
330
1F
100
AcDbEntity
  8
≥ﬂ¥ÁòÀ◊¢
370
     0
100
AcDbSpline
210
0.0
220
0.0
230
1.0
 70
    11
 71
     3
 72
    28
 73
    24
 74
     0
 42
0.000000001
 43
0.0000000001
 40
0.0
 40
0.0
 40
0.0
 40
0.0
 40
0.1428571428571428
 40
0.1428571428571428
 40
0.1428571428571428
 40
0.1428571528571428
 40
0.2857142857142857
 40
0.2857142857142857
 40
0.2857142857142857
 40
0.2857142957142857
 40
0.428571428571429
 40
0.428571428571429
 40
0.428571428571429
 40
0.4285714385714289
 40
0.5714285714285714
 40
0.5714285714285714
 40
0.5714285714285714
 40
0.5714285814285715
 40
0.7142857142857145
 40
0.7142857142857145
 40
0.7142857142857145
 40
0.7142857242857146
 40
1.0
 40
1.0
 40
1.0
 40
1.0
 10
504.7600523777273
 20
599.356954548574
 30
0.0
 10
504.7600523777273
 20
599.356954548574
 30
0.0
 10
505.0278310298473
 20
599.356954548574
 30
0.0
 10
505.0278310298473
 20
599.356954548574
 30
0.0
 10
505.0278310298473
 20
599.356954548574
 30
0.0
 10
505.0278310298473
 20
599.5041545093916
 30
0.0
 10
504.9077743242172
 20
599.6242112150196
 30
0.0
 10
504.7600523777273
 20
599.6242112150196
 30
0.0
 10
504.7600523777273
 20
599.6242112150196
 30
0.0
 10
504.6128524169104
 20
599.6242112150196
 30
0.0
 10
504.4927957112833
 20
599.5041545093916
 30
0.0
 10
504.4927957112833
 20
599.356954548574
 30
0.0
 10
504.4927957112833
 20
599.356954548574
 30
0.0
 10
504.4927957112833
 20
599.2092326020862
 30
0.0
 10
504.6128524169104
 20
599.0891758964566
 30
0.0
 10
504.7600523777273
 20
599.0891758964566
 30
0.0
 10
504.7600523777273
 20
599.0891758964566
 30
0.0
 10
504.9077743242172
 20
599.0891758964566
 30
0.0
 10
505.0278310298473
 20
599.2092326020862
 30
0.0
 10
505.0278310298473
 20
599.356954548574
 30
0.0
 10
505.0278310298473
 20
599.356954548574
 30
0.0
 10
505.0278310298473
 20
599.356954548574
 30
0.0
 10
504.7600523777273
 20
599.356954548574
 30
0.0
 10
504.7600523777273
 20
599.356954548574
 30
0.0
  0
SPLINE
  5
863
330
1F
100
AcDbEntity
  8
≥ﬂ¥ÁòÀ◊¢
370
     0
100
AcDbSpline
210
0.0
220
0.0
230
0.0
 70
    24
 71
     3
 72
     8
 73
     4
 74
     0
 42
0.000000001
 43
0.0000000001
 40
0.0
 40
0.0
 40
0.0
 40
0.0
 40
1.0
 40
1.0
 40
1.0
 40
1.0
 10
505.4292380151876
 20
600.0261401860377
 30
0.0
 10
505.4292380151876
 20
600.0261401860377
 30
0.0
 10
508.7835179733186
 20
603.3804201441712
 30
0.0
 10
508.7835179733186
 20
603.3804201441712
 30
0.0
  0
SPLINE
  5
864
330
1F
100
AcDbEntity
  8
≥ﬂ¥ÁòÀ◊¢
370
     0
100
AcDbSpline
210
0.0
220
0.0
230
1.0
 70
    11
 71
     3
 72
    28
 73
    24
 74
     0
 42
0.000000001
 43
0.0000000001
 40
0.0
 40
0.0
 40
0.0
 40
0.0
 40
0.1428571428571428
 40
0.1428571428571428
 40
0.1428571428571428
 40
0.1428571528571428
 40
0.2857142857142857
 40
0.2857142857142857
 40
0.2857142857142857
 40
0.2857142957142857
 40
0.428571428571429
 40
0.428571428571429
 40
0.428571428571429
 40
0.4285714385714289
 40
0.5714285714285714
 40
0.5714285714285714
 40
0.5714285714285714
 40
0.5714285814285715
 40
0.7142857142857145
 40
0.7142857142857145
 40
0.7142857142857145
 40
0.7142857242857146
 40
1.0
 40
1.0
 40
1.0
 40
1.0
 10
509.454269567824
 20
604.0506497529864
 30
0.0
 10
509.454269567824
 20
604.0506497529864
 30
0.0
 10
509.7215262342541
 20
604.0506497529864
 30
0.0
 10
509.7215262342541
 20
604.0506497529864
 30
0.0
 10
509.7215262342541
 20
604.0506497529864
 30
0.0
 10
509.7215262342541
 20
604.1978497138027
 30
0.0
 10
509.6014695286415
 20
604.3184284051083
 30
0.0
 10
509.454269567824
 20
604.3184284051083
 30
0.0
 10
509.454269567824
 20
604.3184284051083
 30
0.0
 10
509.3065476213241
 20
604.3184284051083
 30
0.0
 10
509.1864909156938
 20
604.1978497138027
 30
0.0
 10
509.1864909156938
 20
604.0506497529864
 30
0.0
 10
509.1864909156938
 20
604.0506497529864
 30
0.0
 10
509.1864909156938
 20
603.903449792174
 30
0.0
 10
509.3065476213241
 20
603.7828711008685
 30
0.0
 10
509.454269567824
 20
603.7828711008685
 30
0.0
 10
509.454269567824
 20
603.7828711008685
 30
0.0
 10
509.6014695286415
 20
603.7828711008685
 30
0.0
 10
509.7215262342541
 20
603.903449792174
 30
0.0
 10
509.7215262342541
 20
604.0506497529864
 30
0.0
 10
509.7215262342541
 20
604.0506497529864
 30
0.0
 10
509.7215262342541
 20
604.0506497529864
 30
0.0
 10
509.454269567824
 20
604.0506497529864
 30
0.0
 10
509.454269567824
 20
604.0506497529864
 30
0.0
  0
SPLINE
  5
865
330
1F
100
AcDbEntity
  8
≥ﬂ¥ÁòÀ◊¢
370
     0
100
AcDbSpline
210
0.0
220
0.0
230
0.0
 70
    24
 71
     3
 72
     8
 73
     4
 74
     0
 42
0.000000001
 43
0.0000000001
 40
0.0
 40
0.0
 40
0.0
 40
0.0
 40
1.0
 40
1.0
 40
1.0
 40
1.0
 10
510.1255431479851
 20
604.7224453188331
 30
0.0
 10
510.1255431479851
 20
604.7224453188331
 30
0.0
 10
510.7806351721825
 20
605.3775373430251
 30
0.0
 10
510.7806351721825
 20
605.3775373430251
 30
0.0
  0
SPLINE
  5
866
330
1F
100
AcDbEntity
  8
≥ﬂ¥ÁòÀ◊¢
370
     0
100
AcDbSpline
210
0.0
220
0.0
230
0.0
 70
    24
 71
     3
 72
     8
 73
     4
 74
     0
 42
0.000000001
 43
0.0000000001
 40
0.0
 40
0.0
 40
0.0
 40
0.0
 40
1.0
 40
1.0
 40
1.0
 40
1.0
 10
501.4673667294449
 20
593.3796965652892
 30
0.0
 10
501.4673667294449
 20
593.3796965652892
 30
0.0
 10
503.0813464416461
 20
594.9957642201877
 30
0.0
 10
503.0813464416461
 20
594.9957642201877
 30
0.0
  0
SPLINE
  5
867
330
1F
100
AcDbEntity
  8
≥ﬂ¥ÁòÀ◊¢
370
     0
100
AcDbSpline
210
0.0
220
0.0
230
1.0
 70
    11
 71
     3
 72
    28
 73
    24
 74
     0
 42
0.000000001
 43
0.0000000001
 40
0.0
 40
0.0
 40
0.0
 40
0.0
 40
0.1428571428571428
 40
0.1428571428571428
 40
0.1428571428571428
 40
0.1428571528571428
 40
0.2857142857142857
 40
0.2857142857142857
 40
0.2857142857142857
 40
0.2857142957142857
 40
0.428571428571429
 40
0.428571428571429
 40
0.428571428571429
 40
0.4285714385714289
 40
0.5714285714285714
 40
0.5714285714285714
 40
0.5714285714285714
 40
0.5714285814285715
 40
0.7142857142857145
 40
0.7142857142857145
 40
0.7142857142857145
 40
0.7142857242857146
 40
1.0
 40
1.0
 40
1.0
 40
1.0
 10
503.7515760504409
 20
595.6665158146804
 30
0.0
 10
503.7515760504409
 20
595.6665158146804
 30
0.0
 10
504.0193547025608
 20
595.6665158146804
 30
0.0
 10
504.0193547025608
 20
595.6665158146804
 30
0.0
 10
504.0193547025608
 20
595.6665158146804
 30
0.0
 10
504.0193547025608
 20
595.8137157754955
 30
0.0
 10
503.8992979969377
 20
595.9342944667996
 30
0.0
 10
503.7515760504409
 20
595.9342944667996
 30
0.0
 10
503.7515760504409
 20
595.9342944667996
 30
0.0
 10
503.6043760896339
 20
595.9342944667996
 30
0.0
 10
503.4843193840075
 20
595.8137157754955
 30
0.0
 10
503.4843193840075
 20
595.6665158146804
 30
0.0
 10
503.4843193840075
 20
595.6665158146804
 30
0.0
 10
503.4843193840075
 20
595.5187938681876
 30
0.0
 10
503.6043760896339
 20
595.3987371625601
 30
0.0
 10
503.7515760504409
 20
595.3987371625601
 30
0.0
 10
503.7515760504409
 20
595.3987371625601
 30
0.0
 10
503.8992979969377
 20
595.3987371625601
 30
0.0
 10
504.0193547025608
 20
595.5187938681876
 30
0.0
 10
504.0193547025608
 20
595.6665158146804
 30
0.0
 10
504.0193547025608
 20
595.6665158146804
 30
0.0
 10
504.0193547025608
 20
595.6665158146804
 30
0.0
 10
503.7515760504409
 20
595.6665158146804
 30
0.0
 10
503.7515760504409
 20
595.6665158146804
 30
0.0
  0
SPLINE
  5
868
330
1F
100
AcDbEntity
  8
≥ﬂ¥ÁòÀ◊¢
370
     0
100
AcDbSpline
210
0.0
220
0.0
230
0.0
 70
    24
 71
     3
 72
     8
 73
     4
 74
     0
 42
0.000000001
 43
0.0000000001
 40
0.0
 40
0.0
 40
0.0
 40
0.0
 40
1.0
 40
1.0
 40
1.0
 40
1.0
 10
504.423371616295
 20
596.3357014521415
 30
0.0
 10
504.423371616295
 20
596.3357014521415
 30
0.0
 10
507.6147920433077
 20
599.5297318075456
 30
0.0
 10
507.6147920433077
 20
599.5297318075456
 30
0.0
  0
SPLINE
  5
869
330
1F
100
AcDbEntity
  8
≥ﬂ¥ÁòÀ◊¢
370
     0
100
AcDbSpline
210
0.0
220
0.0
230
0.0
 70
    24
 71
     3
 72
     8
 73
     4
 74
     0
 42
0.000000001
 43
0.0000000001
 40
0.0
 40
0.0
 40
0.0
 40
0.0
 40
1.0
 40
1.0
 40
1.0
 40
1.0
 10
509.9778212014917
 20
601.8922389800527
 30
0.0
 10
509.9778212014917
 20
601.8922389800527
 30
0.0
 10
512.4739567072267
 20
604.3862865430719
 30
0.0
 10
512.4739567072267
 20
604.3862865430719
 30
0.0
  0
SPLINE
  5
86A
330
1F
100
AcDbEntity
  8
≥ﬂ¥ÁòÀ◊¢
370
     0
100
AcDbSpline
210
0.0
220
0.0
230
1.0
 70
    11
 71
     3
 72
    28
 73
    24
 74
     0
 42
0.000000001
 43
0.0000000001
 40
0.0
 40
0.0
 40
0.0
 40
0.0
 40
0.1428571428571428
 40
0.1428571428571428
 40
0.1428571428571428
 40
0.1428571528571428
 40
0.2857142857142857
 40
0.2857142857142857
 40
0.2857142857142857
 40
0.2857142957142857
 40
0.428571428571429
 40
0.428571428571429
 40
0.428571428571429
 40
0.4285714385714289
 40
0.5714285714285714
 40
0.5714285714285714
 40
0.5714285714285714
 40
0.5714285814285715
 40
0.7142857142857145
 40
0.7142857142857145
 40
0.7142857142857145
 40
0.7142857242857146
 40
1.0
 40
1.0
 40
1.0
 40
1.0
 10
513.1441863160391
 20
605.0591260802697
 30
0.0
 10
513.1441863160391
 20
605.0591260802697
 30
0.0
 10
513.411964968159
 20
605.0591260802697
 30
0.0
 10
513.411964968159
 20
605.0591260802697
 30
0.0
 10
513.411964968159
 20
605.0591260802697
 30
0.0
 10
513.411964968159
 20
605.2063260410866
 30
0.0
 10
513.2919082625253
 20
605.3269047323888
 30
0.0
 10
513.1441863160391
 20
605.3269047323888
 30
0.0
 10
513.1441863160391
 20
605.3269047323888
 30
0.0
 10
512.9969863552253
 20
605.3269047323888
 30
0.0
 10
512.8769296495877
 20
605.2063260410866
 30
0.0
 10
512.8769296495877
 20
605.0591260802697
 30
0.0
 10
512.8769296495877
 20
605.0591260802697
 30
0.0
 10
512.8769296495877
 20
604.9114041337774
 30
0.0
 10
512.9969863552253
 20
604.7913474281504
 30
0.0
 10
513.1441863160391
 20
604.7913474281504
 30
0.0
 10
513.1441863160391
 20
604.7913474281504
 30
0.0
 10
513.2919082625253
 20
604.7913474281504
 30
0.0
 10
513.411964968159
 20
604.9114041337774
 30
0.0
 10
513.411964968159
 20
605.0591260802697
 30
0.0
 10
513.411964968159
 20
605.0591260802697
 30
0.0
 10
513.411964968159
 20
605.0591260802697
 30
0.0
 10
513.1441863160391
 20
605.0591260802697
 30
0.0
 10
513.1441863160391
 20
605.0591260802697
 30
0.0
  0
SPLINE
  5
86B
330
1F
100
AcDbEntity
  8
≥ﬂ¥ÁòÀ◊¢
370
     0
100
AcDbSpline
210
0.0
220
0.0
230
0.0
 70
    24
 71
     3
 72
     8
 73
     4
 74
     0
 42
0.000000001
 43
0.0000000001
 40
0.0
 40
0.0
 40
0.0
 40
0.0
 40
1.0
 40
1.0
 40
1.0
 40
1.0
 10
504.1493291360492
 20
593.3796965652892
 30
0.0
 10
504.1493291360492
 20
593.3796965652892
 30
0.0
 10
506.7717851755266
 20
596.0021526047649
 30
0.0
 10
506.7717851755266
 20
596.0021526047649
 30
0.0
  0
SPLINE
  5
86C
330
1F
100
AcDbEntity
  8
≥ﬂ¥ÁòÀ◊¢
370
     0
100
AcDbSpline
210
0.0
220
0.0
230
1.0
 70
    11
 71
     3
 72
    28
 73
    24
 74
     0
 42
0.000000001
 43
0.0000000001
 40
0.0
 40
0.0
 40
0.0
 40
0.0
 40
0.1428571428571428
 40
0.1428571428571428
 40
0.1428571428571428
 40
0.1428571528571428
 40
0.2857142857142857
 40
0.2857142857142857
 40
0.2857142857142857
 40
0.2857142957142857
 40
0.428571428571429
 40
0.428571428571429
 40
0.428571428571429
 40
0.4285714385714289
 40
0.5714285714285714
 40
0.5714285714285714
 40
0.5714285714285714
 40
0.5714285814285715
 40
0.7142857142857145
 40
0.7142857142857145
 40
0.7142857142857145
 40
0.7142857242857146
 40
1.0
 40
1.0
 40
1.0
 40
1.0
 10
507.4420147843492
 20
596.6723822135783
 30
0.0
 10
507.4420147843492
 20
596.6723822135783
 30
0.0
 10
507.7097934364585
 20
596.6723822135783
 30
0.0
 10
507.7097934364585
 20
596.6723822135783
 30
0.0
 10
507.7097934364585
 20
596.6723822135783
 30
0.0
 10
507.7097934364585
 20
596.8201041600689
 30
0.0
 10
507.5897367308494
 20
596.9401608656998
 30
0.0
 10
507.4420147843492
 20
596.9401608656998
 30
0.0
 10
507.4420147843492
 20
596.9401608656998
 30
0.0
 10
507.294814823525
 20
596.9401608656998
 30
0.0
 10
507.1747581178946
 20
596.8201041600689
 30
0.0
 10
507.1747581178946
 20
596.6723822135783
 30
0.0
 10
507.1747581178946
 20
596.6723822135783
 30
0.0
 10
507.1747581178946
 20
596.5251822527647
 30
0.0
 10
507.294814823525
 20
596.4051255471347
 30
0.0
 10
507.4420147843492
 20
596.4051255471347
 30
0.0
 10
507.4420147843492
 20
596.4051255471347
 30
0.0
 10
507.5897367308494
 20
596.4051255471347
 30
0.0
 10
507.7097934364585
 20
596.5251822527647
 30
0.0
 10
507.7097934364585
 20
596.6723822135783
 30
0.0
 10
507.7097934364585
 20
596.6723822135783
 30
0.0
 10
507.7097934364585
 20
596.6723822135783
 30
0.0
 10
507.4420147843492
 20
596.6723822135783
 30
0.0
 10
507.4420147843492
 20
596.6723822135783
 30
0.0
  0
SPLINE
  5
86D
330
1F
100
AcDbEntity
  8
≥ﬂ¥ÁòÀ◊¢
370
     0
100
AcDbSpline
210
0.0
220
0.0
230
1.0
 70
    11
 71
     3
 72
    28
 73
    24
 74
     0
 42
0.000000001
 43
0.0000000001
 40
0.0
 40
0.0
 40
0.0
 40
0.0
 40
0.1428571428571428
 40
0.1428571428571428
 40
0.1428571428571428
 40
0.1428571528571428
 40
0.2857142857142857
 40
0.2857142857142857
 40
0.2857142857142857
 40
0.2857142957142857
 40
0.428571428571429
 40
0.428571428571429
 40
0.428571428571429
 40
0.4285714385714289
 40
0.5714285714285714
 40
0.5714285714285714
 40
0.5714285714285714
 40
0.5714285814285715
 40
0.7142857142857145
 40
0.7142857142857145
 40
0.7142857142857145
 40
0.7142857242857146
 40
1.0
 40
1.0
 40
1.0
 40
1.0
 10
506.8339014710579
 20
593.3802185509655
 30
0.0
 10
506.8339014710579
 20
593.3802185509655
 30
0.0
 10
507.1016801231745
 20
593.3802185509655
 30
0.0
 10
507.1016801231745
 20
593.3802185509655
 30
0.0
 10
507.1016801231745
 20
593.3802185509655
 30
0.0
 10
507.1016801231745
 20
593.52741851178
 30
0.0
 10
506.9816234175441
 20
593.6479972030857
 30
0.0
 10
506.8339014710579
 20
593.6479972030857
 30
0.0
 10
506.8339014710579
 20
593.6479972030857
 30
0.0
 10
506.68670151023
 20
593.6479972030857
 30
0.0
 10
506.5666448045964
 20
593.52741851178
 30
0.0
 10
506.5666448045964
 20
593.3802185509655
 30
0.0
 10
506.5666448045964
 20
593.3802185509655
 30
0.0
 10
506.5666448045964
 20
593.2330185901496
 30
0.0
 10
506.68670151023
 20
593.1124398988441
 30
0.0
 10
506.8339014710579
 20
593.1124398988441
 30
0.0
 10
506.8339014710579
 20
593.1124398988441
 30
0.0
 10
506.9816234175441
 20
593.1124398988441
 30
0.0
 10
507.1016801231745
 20
593.2330185901496
 30
0.0
 10
507.1016801231745
 20
593.3802185509655
 30
0.0
 10
507.1016801231745
 20
593.3802185509655
 30
0.0
 10
507.1016801231745
 20
593.3802185509655
 30
0.0
 10
506.8339014710579
 20
593.3802185509655
 30
0.0
 10
506.8339014710579
 20
593.3802185509655
 30
0.0
  0
SPLINE
  5
86E
330
1F
100
AcDbEntity
  8
≥ﬂ¥ÁòÀ◊¢
370
     0
100
AcDbSpline
210
0.0
220
0.0
230
0.0
 70
    24
 71
     3
 72
     8
 73
     4
 74
     0
 42
0.000000001
 43
0.0000000001
 40
0.0
 40
0.0
 40
0.0
 40
0.0
 40
1.0
 40
1.0
 40
1.0
 40
1.0
 10
507.1074219656103
 20
593.6537390455272
 30
0.0
 10
507.1074219656103
 20
593.6537390455272
 30
0.0
 10
507.6147920433077
 20
594.1626750802597
 30
0.0
 10
507.6147920433077
 20
594.1626750802597
 30
0.0
  0
SPLINE
  5
86F
330
1F
100
AcDbEntity
  8
≥ﬂ¥ÁòÀ◊¢
370
     0
100
AcDbSpline
210
0.0
220
0.0
230
0.0
 70
    24
 71
     3
 72
     8
 73
     4
 74
     0
 42
0.000000001
 43
0.0000000001
 40
0.0
 40
0.0
 40
0.0
 40
0.0
 40
1.0
 40
1.0
 40
1.0
 40
1.0
 10
511.4571286091069
 20
600.6874960383481
 30
0.0
 10
511.4571286091069
 20
600.6874960383481
 30
0.0
 10
511.4680903083203
 20
600.6958478091777
 30
0.0
 10
511.4680903083203
 20
600.6958478091777
 30
0.0
  0
SPLINE
  5
870
330
1F
100
AcDbEntity
  8
≥ﬂ¥ÁòÀ◊¢
370
     0
100
AcDbSpline
210
0.0
220
0.0
230
1.0
 70
    11
 71
     3
 72
    28
 73
    24
 74
     0
 42
0.000000001
 43
0.0000000001
 40
0.0
 40
0.0
 40
0.0
 40
0.0
 40
0.1428571428571428
 40
0.1428571428571428
 40
0.1428571428571428
 40
0.1428571528571428
 40
0.2857142857142857
 40
0.2857142857142857
 40
0.2857142857142857
 40
0.2857142957142857
 40
0.428571428571429
 40
0.428571428571429
 40
0.428571428571429
 40
0.4285714385714289
 40
0.5714285714285714
 40
0.5714285714285714
 40
0.5714285714285714
 40
0.5714285814285715
 40
0.7142857142857145
 40
0.7142857142857145
 40
0.7142857142857145
 40
0.7142857242857146
 40
1.0
 40
1.0
 40
1.0
 40
1.0
 10
512.1383199171291
 20
601.3686873463747
 30
0.0
 10
512.1383199171291
 20
601.3686873463747
 30
0.0
 10
512.4060985692489
 20
601.3686873463747
 30
0.0
 10
512.4060985692489
 20
601.3686873463747
 30
0.0
 10
512.4060985692489
 20
601.3686873463747
 30
0.0
 10
512.4060985692489
 20
601.5164092928645
 30
0.0
 10
512.2860418636328
 20
601.6364659984942
 30
0.0
 10
512.1383199171291
 20
601.6364659984942
 30
0.0
 10
512.1383199171291
 20
601.6364659984942
 30
0.0
 10
511.9911199563185
 20
601.6364659984942
 30
0.0
 10
511.8710632506988
 20
601.5164092928645
 30
0.0
 10
511.8710632506988
 20
601.3686873463747
 30
0.0
 10
511.8710632506988
 20
601.3686873463747
 30
0.0
 10
511.8710632506988
 20
601.2214873855597
 30
0.0
 10
511.9911199563185
 20
601.1014306799312
 30
0.0
 10
512.1383199171291
 20
601.1014306799312
 30
0.0
 10
512.1383199171291
 20
601.1014306799312
 30
0.0
 10
512.2860418636328
 20
601.1014306799312
 30
0.0
 10
512.4060985692489
 20
601.2214873855597
 30
0.0
 10
512.4060985692489
 20
601.3686873463747
 30
0.0
 10
512.4060985692489
 20
601.3686873463747
 30
0.0
 10
512.4060985692489
 20
601.3686873463747
 30
0.0
 10
512.1383199171291
 20
601.3686873463747
 30
0.0
 10
512.1383199171291
 20
601.3686873463747
 30
0.0
  0
SPLINE
  5
871
330
1F
100
AcDbEntity
  8
≥ﬂ¥ÁòÀ◊¢
370
     0
100
AcDbSpline
210
0.0
220
0.0
230
0.0
 70
    24
 71
     3
 72
     8
 73
     4
 74
     0
 42
0.000000001
 43
0.0000000001
 40
0.0
 40
0.0
 40
0.0
 40
0.0
 40
1.0
 40
1.0
 40
1.0
 40
1.0
 10
512.8095934972968
 20
602.0378729838362
 30
0.0
 10
512.8095934972968
 20
602.0378729838362
 30
0.0
 10
516.1466479281058
 20
605.3775373430251
 30
0.0
 10
516.1466479281058
 20
605.3775373430251
 30
0.0
  0
SPLINE
  5
872
330
1F
100
AcDbEntity
  8
≥ﬂ¥ÁòÀ◊¢
370
     0
100
AcDbSpline
210
0.0
220
0.0
230
1.0
 70
    11
 71
     3
 72
    28
 73
    24
 74
     0
 42
0.000000001
 43
0.0000000001
 40
0.0
 40
0.0
 40
0.0
 40
0.0
 40
0.1428571428571428
 40
0.1428571428571428
 40
0.1428571428571428
 40
0.1428571528571428
 40
0.2857142857142857
 40
0.2857142857142857
 40
0.2857142857142857
 40
0.2857142957142857
 40
0.428571428571429
 40
0.428571428571429
 40
0.428571428571429
 40
0.4285714385714289
 40
0.5714285714285714
 40
0.5714285714285714
 40
0.5714285714285714
 40
0.5714285814285715
 40
0.7142857142857145
 40
0.7142857142857145
 40
0.7142857142857145
 40
0.7142857242857146
 40
1.0
 40
1.0
 40
1.0
 40
1.0
 10
511.4576505947899
 20
598.0034456890286
 30
0.0
 10
511.4576505947899
 20
598.0034456890286
 30
0.0
 10
511.7254292469096
 20
598.0034456890286
 30
0.0
 10
511.7254292469096
 20
598.0034456890286
 30
0.0
 10
511.7254292469096
 20
598.0034456890286
 30
0.0
 10
511.7254292469096
 20
598.1511676355212
 30
0.0
 10
511.6048505556036
 20
598.2712243411502
 30
0.0
 10
511.4576505947899
 20
598.2712243411502
 30
0.0
 10
511.4576505947899
 20
598.2712243411502
 30
0.0
 10
511.3099286482897
 20
598.2712243411502
 30
0.0
 10
511.1898719426699
 20
598.1511676355212
 30
0.0
 10
511.1898719426699
 20
598.0034456890286
 30
0.0
 10
511.1898719426699
 20
598.0034456890286
 30
0.0
 10
511.1898719426699
 20
597.8562457282158
 30
0.0
 10
511.3099286482897
 20
597.7361890225877
 30
0.0
 10
511.4576505947899
 20
597.7361890225877
 30
0.0
 10
511.4576505947899
 20
597.7361890225877
 30
0.0
 10
511.6048505556036
 20
597.7361890225877
 30
0.0
 10
511.7254292469096
 20
597.8562457282158
 30
0.0
 10
511.7254292469096
 20
598.0034456890286
 30
0.0
 10
511.7254292469096
 20
598.0034456890286
 30
0.0
 10
511.7254292469096
 20
598.0034456890286
 30
0.0
 10
511.4576505947899
 20
598.0034456890286
 30
0.0
 10
511.4576505947899
 20
598.0034456890286
 30
0.0
  0
SPLINE
  5
873
330
1F
100
AcDbEntity
  8
≥ﬂ¥ÁòÀ◊¢
370
     0
100
AcDbSpline
210
0.0
220
0.0
230
0.0
 70
    24
 71
     3
 72
     8
 73
     4
 74
     0
 42
0.000000001
 43
0.0000000001
 40
0.0
 40
0.0
 40
0.0
 40
0.0
 40
1.0
 40
1.0
 40
1.0
 40
1.0
 10
511.8016391557036
 20
598.3479562356176
 30
0.0
 10
511.8016391557036
 20
598.3479562356176
 30
0.0
 10
515.1559191138345
 20
601.7043241364582
 30
0.0
 10
515.1559191138345
 20
601.7043241364582
 30
0.0
  0
SPLINE
  5
874
330
1F
100
AcDbEntity
  8
≥ﬂ¥ÁòÀ◊¢
370
     0
100
AcDbSpline
210
0.0
220
0.0
230
1.0
 70
    11
 71
     3
 72
    28
 73
    24
 74
     0
 42
0.000000001
 43
0.0000000001
 40
0.0
 40
0.0
 40
0.0
 40
0.0
 40
0.1428571428571428
 40
0.1428571428571428
 40
0.1428571428571428
 40
0.1428571528571428
 40
0.2857142857142857
 40
0.2857142857142857
 40
0.2857142857142857
 40
0.2857142957142857
 40
0.428571428571429
 40
0.428571428571429
 40
0.428571428571429
 40
0.4285714385714289
 40
0.5714285714285714
 40
0.5714285714285714
 40
0.5714285714285714
 40
0.5714285814285715
 40
0.7142857142857145
 40
0.7142857142857145
 40
0.7142857142857145
 40
0.7142857242857146
 40
1.0
 40
1.0
 40
1.0
 40
1.0
 10
515.8287586510303
 20
602.3745537452725
 30
0.0
 10
515.8287586510303
 20
602.3745537452725
 30
0.0
 10
516.0965373031504
 20
602.3745537452725
 30
0.0
 10
516.0965373031504
 20
602.3745537452725
 30
0.0
 10
516.0965373031504
 20
602.3745537452725
 30
0.0
 10
516.0965373031504
 20
602.5222756917647
 30
0.0
 10
515.9759586118475
 20
602.6423323973935
 30
0.0
 10
515.8287586510303
 20
602.6423323973935
 30
0.0
 10
515.8287586510303
 20
602.6423323973935
 30
0.0
 10
515.6810367045407
 20
602.6423323973935
 30
0.0
 10
515.5609799989104
 20
602.5222756917647
 30
0.0
 10
515.5609799989104
 20
602.3745537452725
 30
0.0
 10
515.5609799989104
 20
602.3745537452725
 30
0.0
 10
515.5609799989104
 20
602.2273537844597
 30
0.0
 10
515.6810367045407
 20
602.1072970788302
 30
0.0
 10
515.8287586510303
 20
602.1072970788302
 30
0.0
 10
515.8287586510303
 20
602.1072970788302
 30
0.0
 10
515.9759586118475
 20
602.1072970788302
 30
0.0
 10
516.0965373031504
 20
602.2273537844597
 30
0.0
 10
516.0965373031504
 20
602.3745537452725
 30
0.0
 10
516.0965373031504
 20
602.3745537452725
 30
0.0
 10
516.0965373031504
 20
602.3745537452725
 30
0.0
 10
515.8287586510303
 20
602.3745537452725
 30
0.0
 10
515.8287586510303
 20
602.3745537452725
 30
0.0
  0
SPLINE
  5
875
330
1F
100
AcDbEntity
  8
≥ﬂ¥ÁòÀ◊¢
370
     0
100
AcDbSpline
210
0.0
220
0.0
230
0.0
 70
    24
 71
     3
 72
     8
 73
     4
 74
     0
 42
0.000000001
 43
0.0000000001
 40
0.0
 40
0.0
 40
0.0
 40
0.0
 40
1.0
 40
1.0
 40
1.0
 40
1.0
 10
516.497944288494
 20
603.0442613684122
 30
0.0
 10
516.497944288494
 20
603.0442613684122
 30
0.0
 10
518.8306982774279
 20
605.3775373430251
 30
0.0
 10
518.8306982774279
 20
605.3775373430251
 30
0.0
  0
SPLINE
  5
876
330
1F
100
AcDbEntity
  8
≥ﬂ¥ÁòÀ◊¢
370
     0
100
AcDbSpline
210
0.0
220
0.0
230
0.0
 70
    24
 71
     3
 72
     8
 73
     4
 74
     0
 42
0.000000001
 43
0.0000000001
 40
0.0
 40
0.0
 40
0.0
 40
0.0
 40
1.0
 40
1.0
 40
1.0
 40
1.0
 10
511.4571286091069
 20
595.3209612967382
 30
0.0
 10
511.4571286091069
 20
595.3209612967382
 30
0.0
 10
514.1500527149521
 20
598.0138854025613
 30
0.0
 10
514.1500527149521
 20
598.0138854025613
 30
0.0
  0
SPLINE
  5
877
330
1F
100
AcDbEntity
  8
≥ﬂ¥ÁòÀ◊¢
370
     0
100
AcDbSpline
210
0.0
220
0.0
230
1.0
 70
    11
 71
     3
 72
    28
 73
    24
 74
     0
 42
0.000000001
 43
0.0000000001
 40
0.0
 40
0.0
 40
0.0
 40
0.0
 40
0.1428571428571428
 40
0.1428571428571428
 40
0.1428571428571428
 40
0.1428571528571428
 40
0.2857142857142857
 40
0.2857142857142857
 40
0.2857142857142857
 40
0.2857142957142857
 40
0.428571428571429
 40
0.428571428571429
 40
0.428571428571429
 40
0.4285714385714289
 40
0.5714285714285714
 40
0.5714285714285714
 40
0.5714285714285714
 40
0.5714285814285715
 40
0.7142857142857145
 40
0.7142857142857145
 40
0.7142857142857145
 40
0.7142857242857146
 40
1.0
 40
1.0
 40
1.0
 40
1.0
 10
514.8202823237506
 20
598.6846369970545
 30
0.0
 10
514.8202823237506
 20
598.6846369970545
 30
0.0
 10
515.0880609758708
 20
598.6846369970545
 30
0.0
 10
515.0880609758708
 20
598.6846369970545
 30
0.0
 10
515.0880609758708
 20
598.6846369970545
 30
0.0
 10
515.0880609758708
 20
598.8318369578693
 30
0.0
 10
514.9674822845645
 20
598.9518936634981
 30
0.0
 10
514.8202823237506
 20
598.9518936634981
 30
0.0
 10
514.8202823237506
 20
598.9518936634981
 30
0.0
 10
514.673082362937
 20
598.9518936634981
 30
0.0
 10
514.5525036716308
 20
598.8318369578693
 30
0.0
 10
514.5525036716308
 20
598.6846369970545
 30
0.0
 10
514.5525036716308
 20
598.6846369970545
 30
0.0
 10
514.5525036716308
 20
598.5369150505642
 30
0.0
 10
514.673082362937
 20
598.4168583449359
 30
0.0
 10
514.8202823237506
 20
598.4168583449359
 30
0.0
 10
514.8202823237506
 20
598.4168583449359
 30
0.0
 10
514.9674822845645
 20
598.4168583449359
 30
0.0
 10
515.0880609758708
 20
598.5369150505642
 30
0.0
 10
515.0880609758708
 20
598.6846369970545
 30
0.0
 10
515.0880609758708
 20
598.6846369970545
 30
0.0
 10
515.0880609758708
 20
598.6846369970545
 30
0.0
 10
514.8202823237506
 20
598.6846369970545
 30
0.0
 10
514.8202823237506
 20
598.6846369970545
 30
0.0
  0
SPLINE
  5
878
330
1F
100
AcDbEntity
  8
≥ﬂ¥ÁòÀ◊¢
370
     0
100
AcDbSpline
210
0.0
220
0.0
230
0.0
 70
    24
 71
     3
 72
     8
 73
     4
 74
     0
 42
0.000000001
 43
0.0000000001
 40
0.0
 40
0.0
 40
0.0
 40
0.0
 40
1.0
 40
1.0
 40
1.0
 40
1.0
 10
515.4920778896085
 20
599.3559105772212
 30
0.0
 10
515.4920778896085
 20
599.3559105772212
 30
0.0
 10
518.8463578477393
 20
602.7101905353561
 30
0.0
 10
518.8463578477393
 20
602.7101905353561
 30
0.0
  0
SPLINE
  5
879
330
1F
100
AcDbEntity
  8
≥ﬂ¥ÁòÀ◊¢
370
     0
100
AcDbSpline
210
0.0
220
0.0
230
1.0
 70
    11
 71
     3
 72
    28
 73
    24
 74
     0
 42
0.000000001
 43
0.0000000001
 40
0.0
 40
0.0
 40
0.0
 40
0.0
 40
0.1428571428571428
 40
0.1428571428571428
 40
0.1428571428571428
 40
0.1428571528571428
 40
0.2857142857142857
 40
0.2857142857142857
 40
0.2857142857142857
 40
0.2857142957142857
 40
0.428571428571429
 40
0.428571428571429
 40
0.428571428571429
 40
0.4285714385714289
 40
0.5714285714285714
 40
0.5714285714285714
 40
0.5714285714285714
 40
0.5714285814285715
 40
0.7142857142857145
 40
0.7142857142857145
 40
0.7142857142857145
 40
0.7142857242857146
 40
1.0
 40
1.0
 40
1.0
 40
1.0
 10
519.5165874565411
 20
603.3809421298492
 30
0.0
 10
519.5165874565411
 20
603.3809421298492
 30
0.0
 10
519.7843661086647
 20
603.3809421298492
 30
0.0
 10
519.7843661086647
 20
603.3809421298492
 30
0.0
 10
519.7843661086647
 20
603.3809421298492
 30
0.0
 10
519.7843661086647
 20
603.5281420906656
 30
0.0
 10
519.6637874173582
 20
603.6481987962933
 30
0.0
 10
519.5165874565411
 20
603.6481987962933
 30
0.0
 10
519.5165874565411
 20
603.6481987962933
 30
0.0
 10
519.3693874957205
 20
603.6481987962933
 30
0.0
 10
519.2488088044247
 20
603.5281420906656
 30
0.0
 10
519.2488088044247
 20
603.3809421298492
 30
0.0
 10
519.2488088044247
 20
603.3809421298492
 30
0.0
 10
519.2488088044247
 20
603.2332201833587
 30
0.0
 10
519.3693874957205
 20
603.1131634777296
 30
0.0
 10
519.5165874565411
 20
603.1131634777296
 30
0.0
 10
519.5165874565411
 20
603.1131634777296
 30
0.0
 10
519.6637874173582
 20
603.1131634777296
 30
0.0
 10
519.7843661086647
 20
603.2332201833587
 30
0.0
 10
519.7843661086647
 20
603.3809421298492
 30
0.0
 10
519.7843661086647
 20
603.3809421298492
 30
0.0
 10
519.7843661086647
 20
603.3809421298492
 30
0.0
 10
519.5165874565411
 20
603.3809421298492
 30
0.0
 10
519.5165874565411
 20
603.3809421298492
 30
0.0
  0
SPLINE
  5
87A
330
1F
100
AcDbEntity
  8
≥ﬂ¥ÁòÀ◊¢
370
     0
100
AcDbSpline
210
0.0
220
0.0
230
0.0
 70
    24
 71
     3
 72
     8
 73
     4
 74
     0
 42
0.000000001
 43
0.0000000001
 40
0.0
 40
0.0
 40
0.0
 40
0.0
 40
1.0
 40
1.0
 40
1.0
 40
1.0
 10
520.1883830223919
 20
604.0501277673095
 30
0.0
 10
520.1883830223919
 20
604.0501277673095
 30
0.0
 10
521.5126606840462
 20
605.3775373430251
 30
0.0
 10
521.5126606840462
 20
605.3775373430251
 30
0.0
  0
SPLINE
  5
87B
330
1F
100
AcDbEntity
  8
≥ﬂ¥ÁòÀ◊¢
370
     0
100
AcDbSpline
210
0.0
220
0.0
230
0.0
 70
    24
 71
     3
 72
     8
 73
     4
 74
     0
 42
0.000000001
 43
0.0000000001
 40
0.0
 40
0.0
 40
0.0
 40
0.0
 40
1.0
 40
1.0
 40
1.0
 40
1.0
 10
512.1999142269774
 20
593.3796965652892
 30
0.0
 10
512.1999142269774
 20
593.3796965652892
 30
0.0
 10
513.1436643303561
 20
594.3239686543437
 30
0.0
 10
513.1436643303561
 20
594.3239686543437
 30
0.0
  0
SPLINE
  5
87C
330
1F
100
AcDbEntity
  8
≥ﬂ¥ÁòÀ◊¢
370
     0
100
AcDbSpline
210
0.0
220
0.0
230
1.0
 70
    11
 71
     3
 72
    28
 73
    24
 74
     0
 42
0.000000001
 43
0.0000000001
 40
0.0
 40
0.0
 40
0.0
 40
0.0
 40
0.1428571428571428
 40
0.1428571428571428
 40
0.1428571428571428
 40
0.1428571528571428
 40
0.2857142857142857
 40
0.2857142857142857
 40
0.2857142857142857
 40
0.2857142957142857
 40
0.428571428571429
 40
0.428571428571429
 40
0.428571428571429
 40
0.4285714385714289
 40
0.5714285714285714
 40
0.5714285714285714
 40
0.5714285714285714
 40
0.5714285814285715
 40
0.7142857142857145
 40
0.7142857142857145
 40
0.7142857142857145
 40
0.7142857242857146
 40
1.0
 40
1.0
 40
1.0
 40
1.0
 10
513.8165038675484
 20
594.9968081915423
 30
0.0
 10
513.8165038675484
 20
594.9968081915423
 30
0.0
 10
514.0842825196783
 20
594.9968081915423
 30
0.0
 10
514.0842825196783
 20
594.9968081915423
 30
0.0
 10
514.0842825196783
 20
594.9968081915423
 30
0.0
 10
514.0842825196783
 20
595.1440081523567
 30
0.0
 10
513.9642258140554
 20
595.2640648579857
 30
0.0
 10
513.8165038675484
 20
595.2640648579857
 30
0.0
 10
513.8165038675484
 20
595.2640648579857
 30
0.0
 10
513.6693039067417
 20
595.2640648579857
 30
0.0
 10
513.5492472011216
 20
595.1440081523567
 30
0.0
 10
513.5492472011216
 20
594.9968081915423
 30
0.0
 10
513.5492472011216
 20
594.9968081915423
 30
0.0
 10
513.5492472011216
 20
594.8490862450515
 30
0.0
 10
513.6693039067417
 20
594.7290295394208
 30
0.0
 10
513.8165038675484
 20
594.7290295394208
 30
0.0
 10
513.8165038675484
 20
594.7290295394208
 30
0.0
 10
513.9642258140554
 20
594.7290295394208
 30
0.0
 10
514.0842825196783
 20
594.8490862450515
 30
0.0
 10
514.0842825196783
 20
594.9968081915423
 30
0.0
 10
514.0842825196783
 20
594.9968081915423
 30
0.0
 10
514.0842825196783
 20
594.9968081915423
 30
0.0
 10
513.8165038675484
 20
594.9968081915423
 30
0.0
 10
513.8165038675484
 20
594.9968081915423
 30
0.0
  0
SPLINE
  5
87D
330
1F
100
AcDbEntity
  8
≥ﬂ¥ÁòÀ◊¢
370
     0
100
AcDbSpline
210
0.0
220
0.0
230
0.0
 70
    24
 71
     3
 72
     8
 73
     4
 74
     0
 42
0.000000001
 43
0.0000000001
 40
0.0
 40
0.0
 40
0.0
 40
0.0
 40
1.0
 40
1.0
 40
1.0
 40
1.0
 10
514.486211490695
 20
595.665993829004
 30
0.0
 10
514.486211490695
 20
595.665993829004
 30
0.0
 10
517.8399694631536
 20
599.0202737871388
 30
0.0
 10
517.8399694631536
 20
599.0202737871388
 30
0.0
  0
SPLINE
  5
87E
330
1F
100
AcDbEntity
  8
≥ﬂ¥ÁòÀ◊¢
370
     0
100
AcDbSpline
210
0.0
220
0.0
230
1.0
 70
    11
 71
     3
 72
    28
 73
    24
 74
     0
 42
0.000000001
 43
0.0000000001
 40
0.0
 40
0.0
 40
0.0
 40
0.0
 40
0.1428571428571428
 40
0.1428571428571428
 40
0.1428571428571428
 40
0.1428571528571428
 40
0.2857142857142857
 40
0.2857142857142857
 40
0.2857142857142857
 40
0.2857142957142857
 40
0.428571428571429
 40
0.428571428571429
 40
0.428571428571429
 40
0.4285714385714289
 40
0.5714285714285714
 40
0.5714285714285714
 40
0.5714285714285714
 40
0.5714285814285715
 40
0.7142857142857145
 40
0.7142857142857145
 40
0.7142857142857145
 40
0.7142857242857146
 40
1.0
 40
1.0
 40
1.0
 40
1.0
 10
518.5107210576557
 20
599.6931133243378
 30
0.0
 10
518.5107210576557
 20
599.6931133243378
 30
0.0
 10
518.777977724082
 20
599.6931133243378
 30
0.0
 10
518.777977724082
 20
599.6931133243378
 30
0.0
 10
518.777977724082
 20
599.6931133243378
 30
0.0
 10
518.777977724082
 20
599.8403132851501
 30
0.0
 10
518.6579210184657
 20
599.9603699907786
 30
0.0
 10
518.5107210576557
 20
599.9603699907786
 30
0.0
 10
518.5107210576557
 20
599.9603699907786
 30
0.0
 10
518.3629991111621
 20
599.9603699907786
 30
0.0
 10
518.2429424055357
 20
599.8403132851501
 30
0.0
 10
518.2429424055357
 20
599.6931133243378
 30
0.0
 10
518.2429424055357
 20
599.6931133243378
 30
0.0
 10
518.2429424055357
 20
599.5453913778463
 30
0.0
 10
518.3629991111621
 20
599.4253346722172
 30
0.0
 10
518.5107210576557
 20
599.4253346722172
 30
0.0
 10
518.5107210576557
 20
599.4253346722172
 30
0.0
 10
518.6579210184657
 20
599.4253346722172
 30
0.0
 10
518.777977724082
 20
599.5453913778463
 30
0.0
 10
518.777977724082
 20
599.6931133243378
 30
0.0
 10
518.777977724082
 20
599.6931133243378
 30
0.0
 10
518.777977724082
 20
599.6931133243378
 30
0.0
 10
518.5107210576557
 20
599.6931133243378
 30
0.0
 10
518.5107210576557
 20
599.6931133243378
 30
0.0
  0
SPLINE
  5
87F
330
1F
100
AcDbEntity
  8
≥ﬂ¥ÁòÀ◊¢
370
     0
100
AcDbSpline
210
0.0
220
0.0
230
0.0
 70
    24
 71
     3
 72
     8
 73
     4
 74
     0
 42
0.000000001
 43
0.0000000001
 40
0.0
 40
0.0
 40
0.0
 40
0.0
 40
1.0
 40
1.0
 40
1.0
 40
1.0
 10
519.1825166234888
 20
600.3622989617976
 30
0.0
 10
519.1825166234888
 20
600.3622989617976
 30
0.0
 10
522.5362745959473
 20
603.7139689915504
 30
0.0
 10
522.5362745959473
 20
603.7139689915504
 30
0.0
  0
SPLINE
  5
880
330
1F
100
AcDbEntity
  8
≥ﬂ¥ÁòÀ◊¢
370
     0
100
AcDbSpline
210
0.0
220
0.0
230
1.0
 70
    11
 71
     3
 72
    28
 73
    24
 74
     0
 42
0.000000001
 43
0.0000000001
 40
0.0
 40
0.0
 40
0.0
 40
0.0
 40
0.1428571428571428
 40
0.1428571428571428
 40
0.1428571428571428
 40
0.1428571528571428
 40
0.2857142857142857
 40
0.2857142857142857
 40
0.2857142857142857
 40
0.2857142957142857
 40
0.428571428571429
 40
0.428571428571429
 40
0.428571428571429
 40
0.4285714385714289
 40
0.5714285714285714
 40
0.5714285714285714
 40
0.5714285714285714
 40
0.5714285814285715
 40
0.7142857142857145
 40
0.7142857142857145
 40
0.7142857142857145
 40
0.7142857242857146
 40
1.0
 40
1.0
 40
1.0
 40
1.0
 10
523.2070261904425
 20
604.3868085287487
 30
0.0
 10
523.2070261904425
 20
604.3868085287487
 30
0.0
 10
523.4742828568897
 20
604.3868085287487
 30
0.0
 10
523.4742828568897
 20
604.3868085287487
 30
0.0
 10
523.4742828568897
 20
604.3868085287487
 30
0.0
 10
523.4742828568897
 20
604.5340084895634
 30
0.0
 10
523.354226151256
 20
604.6545871808689
 30
0.0
 10
523.2070261904425
 20
604.6545871808689
 30
0.0
 10
523.2070261904425
 20
604.6545871808689
 30
0.0
 10
523.059304243942
 20
604.6545871808689
 30
0.0
 10
522.9392475383223
 20
604.5340084895634
 30
0.0
 10
522.9392475383223
 20
604.3868085287487
 30
0.0
 10
522.9392475383223
 20
604.3868085287487
 30
0.0
 10
522.9392475383223
 20
604.2390865822582
 30
0.0
 10
523.059304243942
 20
604.1190298766271
 30
0.0
 10
523.2070261904425
 20
604.1190298766271
 30
0.0
 10
523.2070261904425
 20
604.1190298766271
 30
0.0
 10
523.354226151256
 20
604.1190298766271
 30
0.0
 10
523.4742828568897
 20
604.2390865822582
 30
0.0
 10
523.4742828568897
 20
604.3868085287487
 30
0.0
 10
523.4742828568897
 20
604.3868085287487
 30
0.0
 10
523.4742828568897
 20
604.3868085287487
 30
0.0
 10
523.2070261904425
 20
604.3868085287487
 30
0.0
 10
523.2070261904425
 20
604.3868085287487
 30
0.0
  0
SPLINE
  5
881
330
1F
100
AcDbEntity
  8
≥ﬂ¥ÁòÀ◊¢
370
     0
100
AcDbSpline
210
0.0
220
0.0
230
0.0
 70
    24
 71
     3
 72
     8
 73
     4
 74
     0
 42
0.000000001
 43
0.0000000001
 40
0.0
 40
0.0
 40
0.0
 40
0.0
 40
1.0
 40
1.0
 40
1.0
 40
1.0
 10
523.8788217562825
 20
605.0586040945939
 30
0.0
 10
523.8788217562825
 20
605.0586040945939
 30
0.0
 10
524.1972330190304
 20
605.3775373430251
 30
0.0
 10
524.1972330190304
 20
605.3775373430251
 30
0.0
  0
SPLINE
  5
882
330
1F
100
AcDbEntity
  8
≥ﬂ¥ÁòÀ◊¢
370
     0
100
AcDbSpline
210
0.0
220
0.0
230
0.0
 70
    24
 71
     3
 72
     8
 73
     4
 74
     0
 42
0.000000001
 43
0.0000000001
 40
0.0
 40
0.0
 40
0.0
 40
0.0
 40
1.0
 40
1.0
 40
1.0
 40
1.0
 10
514.8839645762997
 20
593.3796965652892
 30
0.0
 10
514.8839645762997
 20
593.3796965652892
 30
0.0
 10
516.8341030642607
 20
595.3298350532413
 30
0.0
 10
516.8341030642607
 20
595.3298350532413
 30
0.0
  0
SPLINE
  5
883
330
1F
100
AcDbEntity
  8
≥ﬂ¥ÁòÀ◊¢
370
     0
100
AcDbSpline
210
0.0
220
0.0
230
1.0
 70
    11
 71
     3
 72
    28
 73
    24
 74
     0
 42
0.000000001
 43
0.0000000001
 40
0.0
 40
0.0
 40
0.0
 40
0.0
 40
0.1428571428571428
 40
0.1428571428571428
 40
0.1428571428571428
 40
0.1428571528571428
 40
0.2857142857142857
 40
0.2857142857142857
 40
0.2857142857142857
 40
0.2857142957142857
 40
0.428571428571429
 40
0.428571428571429
 40
0.428571428571429
 40
0.4285714385714289
 40
0.5714285714285714
 40
0.5714285714285714
 40
0.5714285714285714
 40
0.5714285814285715
 40
0.7142857142857145
 40
0.7142857142857145
 40
0.7142857142857145
 40
0.7142857242857146
 40
1.0
 40
1.0
 40
1.0
 40
1.0
 10
517.504332673066
 20
596.0026745904415
 30
0.0
 10
517.504332673066
 20
596.0026745904415
 30
0.0
 10
517.7721113251894
 20
596.0026745904415
 30
0.0
 10
517.7721113251894
 20
596.0026745904415
 30
0.0
 10
517.7721113251894
 20
596.0026745904415
 30
0.0
 10
517.7721113251894
 20
596.1498745512542
 30
0.0
 10
517.652054619559
 20
596.2699312568842
 30
0.0
 10
517.504332673066
 20
596.2699312568842
 30
0.0
 10
517.504332673066
 20
596.2699312568842
 30
0.0
 10
517.3571327122557
 20
596.2699312568842
 30
0.0
 10
517.2370760066185
 20
596.1498745512542
 30
0.0
 10
517.2370760066185
 20
596.0026745904415
 30
0.0
 10
517.2370760066185
 20
596.0026745904415
 30
0.0
 10
517.2370760066185
 20
595.8549526439502
 30
0.0
 10
517.3571327122557
 20
595.7348959383211
 30
0.0
 10
517.504332673066
 20
595.7348959383211
 30
0.0
 10
517.504332673066
 20
595.7348959383211
 30
0.0
 10
517.652054619559
 20
595.7348959383211
 30
0.0
 10
517.7721113251894
 20
595.8549526439502
 30
0.0
 10
517.7721113251894
 20
596.0026745904415
 30
0.0
 10
517.7721113251894
 20
596.0026745904415
 30
0.0
 10
517.7721113251894
 20
596.0026745904415
 30
0.0
 10
517.504332673066
 20
596.0026745904415
 30
0.0
 10
517.504332673066
 20
596.0026745904415
 30
0.0
  0
SPLINE
  5
884
330
1F
100
AcDbEntity
  8
≥ﬂ¥ÁòÀ◊¢
370
     0
100
AcDbSpline
210
0.0
220
0.0
230
0.0
 70
    24
 71
     3
 72
     8
 73
     4
 74
     0
 42
0.000000001
 43
0.0000000001
 40
0.0
 40
0.0
 40
0.0
 40
0.0
 40
1.0
 40
1.0
 40
1.0
 40
1.0
 10
518.1761282389133
 20
596.6718602279036
 30
0.0
 10
518.1761282389133
 20
596.6718602279036
 30
0.0
 10
521.5304081970441
 20
600.0261401860377
 30
0.0
 10
521.5304081970441
 20
600.0261401860377
 30
0.0
  0
SPLINE
  5
885
330
1F
100
AcDbEntity
  8
≥ﬂ¥ÁòÀ◊¢
370
     0
100
AcDbSpline
210
0.0
220
0.0
230
1.0
 70
    11
 71
     3
 72
    28
 73
    24
 74
     0
 42
0.000000001
 43
0.0000000001
 40
0.0
 40
0.0
 40
0.0
 40
0.0
 40
0.1428571428571428
 40
0.1428571428571428
 40
0.1428571428571428
 40
0.1428571528571428
 40
0.2857142857142857
 40
0.2857142857142857
 40
0.2857142857142857
 40
0.2857142957142857
 40
0.428571428571429
 40
0.428571428571429
 40
0.428571428571429
 40
0.4285714385714289
 40
0.5714285714285714
 40
0.5714285714285714
 40
0.5714285714285714
 40
0.5714285814285715
 40
0.7142857142857145
 40
0.7142857142857145
 40
0.7142857142857145
 40
0.7142857242857146
 40
1.0
 40
1.0
 40
1.0
 40
1.0
 10
522.2006378058633
 20
600.6963697948515
 30
0.0
 10
522.2006378058633
 20
600.6963697948515
 30
0.0
 10
522.4684164579833
 20
600.6963697948515
 30
0.0
 10
522.4684164579833
 20
600.6963697948515
 30
0.0
 10
522.4684164579833
 20
600.6963697948515
 30
0.0
 10
522.4684164579833
 20
600.8440917413442
 30
0.0
 10
522.3483597523494
 20
600.9641484469732
 30
0.0
 10
522.2006378058633
 20
600.9641484469732
 30
0.0
 10
522.2006378058633
 20
600.9641484469732
 30
0.0
 10
522.0534378450496
 20
600.9641484469732
 30
0.0
 10
521.9333811394194
 20
600.8440917413442
 30
0.0
 10
521.9333811394194
 20
600.6963697948515
 30
0.0
 10
521.9333811394194
 20
600.6963697948515
 30
0.0
 10
521.9333811394194
 20
600.54916983404
 30
0.0
 10
522.0534378450496
 20
600.4291131284079
 30
0.0
 10
522.2006378058633
 20
600.4291131284079
 30
0.0
 10
522.2006378058633
 20
600.4291131284079
 30
0.0
 10
522.3483597523494
 20
600.4291131284079
 30
0.0
 10
522.4684164579833
 20
600.54916983404
 30
0.0
 10
522.4684164579833
 20
600.6963697948515
 30
0.0
 10
522.4684164579833
 20
600.6963697948515
 30
0.0
 10
522.4684164579833
 20
600.6963697948515
 30
0.0
 10
522.2006378058633
 20
600.6963697948515
 30
0.0
 10
522.2006378058633
 20
600.6963697948515
 30
0.0
  0
SPLINE
  5
886
330
1F
100
AcDbEntity
  8
≥ﬂ¥ÁòÀ◊¢
370
     0
100
AcDbSpline
210
0.0
220
0.0
230
0.0
 70
    24
 71
     3
 72
     8
 73
     4
 74
     0
 42
0.000000001
 43
0.0000000001
 40
0.0
 40
0.0
 40
0.0
 40
0.0
 40
1.0
 40
1.0
 40
1.0
 40
1.0
 10
522.8703454290032
 20
601.3681653606981
 30
0.0
 10
522.8703454290032
 20
601.3681653606981
 30
0.0
 10
526.2241034014616
 20
604.7224453188331
 30
0.0
 10
526.2241034014616
 20
604.7224453188331
 30
0.0
  0
SPLINE
  5
887
330
1F
100
AcDbEntity
  8
≥ﬂ¥ÁòÀ◊¢
370
     0
100
AcDbSpline
210
0.0
220
0.0
230
1.0
 70
    11
 71
     3
 72
    28
 73
    24
 74
     0
 42
0.000000001
 43
0.0000000001
 40
0.0
 40
0.0
 40
0.0
 40
0.0
 40
0.1428571428571428
 40
0.1428571428571428
 40
0.1428571428571428
 40
0.1428571528571428
 40
0.2857142857142857
 40
0.2857142857142857
 40
0.2857142857142857
 40
0.2857142957142857
 40
0.428571428571429
 40
0.428571428571429
 40
0.428571428571429
 40
0.4285714385714289
 40
0.5714285714285714
 40
0.5714285714285714
 40
0.5714285714285714
 40
0.5714285814285715
 40
0.7142857142857145
 40
0.7142857142857145
 40
0.7142857142857145
 40
0.7142857242857146
 40
1.0
 40
1.0
 40
1.0
 40
1.0
 10
526.8818053540321
 20
605.3780593287016
 30
0.0
 10
526.8818053540321
 20
605.3780593287016
 30
0.0
 10
527.1495840061524
 20
605.3780593287016
 30
0.0
 10
527.1495840061524
 20
605.3780593287016
 30
0.0
 10
527.1495840061524
 20
605.3780593287016
 30
0.0
 10
527.1495840061524
 20
605.5257812751912
 30
0.0
 10
527.029527300522
 20
605.64583798082
 30
0.0
 10
526.8818053540321
 20
605.64583798082
 30
0.0
 10
526.8818053540321
 20
605.64583798082
 30
0.0
 10
526.7346053932149
 20
605.64583798082
 30
0.0
 10
526.6145486875987
 20
605.5257812751912
 30
0.0
 10
526.6145486875987
 20
605.3780593287016
 30
0.0
 10
526.6145486875987
 20
605.3780593287016
 30
0.0
 10
526.6145486875987
 20
605.2308593678873
 30
0.0
 10
526.7346053932149
 20
605.1108026622586
 30
0.0
 10
526.8818053540321
 20
605.1108026622586
 30
0.0
 10
526.8818053540321
 20
605.1108026622586
 30
0.0
 10
527.029527300522
 20
605.1108026622586
 30
0.0
 10
527.1495840061524
 20
605.2308593678873
 30
0.0
 10
527.1495840061524
 20
605.3780593287016
 30
0.0
 10
527.1495840061524
 20
605.3780593287016
 30
0.0
 10
527.1495840061524
 20
605.3780593287016
 30
0.0
 10
526.8818053540321
 20
605.3780593287016
 30
0.0
 10
526.8818053540321
 20
605.3780593287016
 30
0.0
  0
SPLINE
  5
888
330
1F
100
AcDbEntity
  8
≥ﬂ¥ÁòÀ◊¢
370
     0
100
AcDbSpline
210
0.0
220
0.0
230
0.0
 70
    24
 71
     3
 72
     8
 73
     4
 74
     0
 42
0.000000001
 43
0.0000000001
 40
0.0
 40
0.0
 40
0.0
 40
0.0
 40
1.0
 40
1.0
 40
1.0
 40
1.0
 10
517.5659269829142
 20
593.3796965652892
 30
0.0
 10
517.5659269829142
 20
593.3796965652892
 30
0.0
 10
520.5219318697577
 20
596.3357014521415
 30
0.0
 10
520.5219318697577
 20
596.3357014521415
 30
0.0
  0
SPLINE
  5
889
330
1F
100
AcDbEntity
  8
≥ﬂ¥ÁòÀ◊¢
370
     0
100
AcDbSpline
210
0.0
220
0.0
230
1.0
 70
    11
 71
     3
 72
    28
 73
    24
 74
     0
 42
0.000000001
 43
0.0000000001
 40
0.0
 40
0.0
 40
0.0
 40
0.0
 40
0.1428571428571428
 40
0.1428571428571428
 40
0.1428571428571428
 40
0.1428571528571428
 40
0.2857142857142857
 40
0.2857142857142857
 40
0.2857142857142857
 40
0.2857142957142857
 40
0.428571428571429
 40
0.428571428571429
 40
0.428571428571429
 40
0.4285714385714289
 40
0.5714285714285714
 40
0.5714285714285714
 40
0.5714285714285714
 40
0.5714285814285715
 40
0.7142857142857145
 40
0.7142857142857145
 40
0.7142857142857145
 40
0.7142857242857146
 40
1.0
 40
1.0
 40
1.0
 40
1.0
 10
521.1947714069602
 20
597.0085409893407
 30
0.0
 10
521.1947714069602
 20
597.0085409893407
 30
0.0
 10
521.4625500590803
 20
597.0085409893407
 30
0.0
 10
521.4625500590803
 20
597.0085409893407
 30
0.0
 10
521.4625500590803
 20
597.0085409893407
 30
0.0
 10
521.4625500590803
 20
597.1562629358321
 30
0.0
 10
521.342493353457
 20
597.2763196414606
 30
0.0
 10
521.1947714069602
 20
597.2763196414606
 30
0.0
 10
521.1947714069602
 20
597.2763196414606
 30
0.0
 10
521.0475714461535
 20
597.2763196414606
 30
0.0
 10
520.9275147405269
 20
597.1562629358321
 30
0.0
 10
520.9275147405269
 20
597.0085409893407
 30
0.0
 10
520.9275147405269
 20
597.0085409893407
 30
0.0
 10
520.9275147405269
 20
596.8613410285272
 30
0.0
 10
521.0475714461535
 20
596.7412843228981
 30
0.0
 10
521.1947714069602
 20
596.7412843228981
 30
0.0
 10
521.1947714069602
 20
596.7412843228981
 30
0.0
 10
521.342493353457
 20
596.7412843228981
 30
0.0
 10
521.4625500590803
 20
596.8613410285272
 30
0.0
 10
521.4625500590803
 20
597.0085409893407
 30
0.0
 10
521.4625500590803
 20
597.0085409893407
 30
0.0
 10
521.4625500590803
 20
597.0085409893407
 30
0.0
 10
521.1947714069602
 20
597.0085409893407
 30
0.0
 10
521.1947714069602
 20
597.0085409893407
 30
0.0
  0
SPLINE
  5
88A
330
1F
100
AcDbEntity
  8
≥ﬂ¥ÁòÀ◊¢
370
     0
100
AcDbSpline
210
0.0
220
0.0
230
0.0
 70
    24
 71
     3
 72
     8
 73
     4
 74
     0
 42
0.000000001
 43
0.0000000001
 40
0.0
 40
0.0
 40
0.0
 40
0.0
 40
1.0
 40
1.0
 40
1.0
 40
1.0
 10
521.8639570444239
 20
597.6777266268022
 30
0.0
 10
521.8639570444239
 20
597.6777266268022
 30
0.0
 10
525.2182370025689
 20
601.0320065849357
 30
0.0
 10
525.2182370025689
 20
601.0320065849357
 30
0.0
  0
SPLINE
  5
88B
330
1F
100
AcDbEntity
  8
≥ﬂ¥ÁòÀ◊¢
370
     0
100
AcDbSpline
210
0.0
220
0.0
230
1.0
 70
    11
 71
     3
 72
    28
 73
    24
 74
     0
 42
0.000000001
 43
0.0000000001
 40
0.0
 40
0.0
 40
0.0
 40
0.0
 40
0.1428571428571428
 40
0.1428571428571428
 40
0.1428571428571428
 40
0.1428571528571428
 40
0.2857142857142857
 40
0.2857142857142857
 40
0.2857142857142857
 40
0.2857142957142857
 40
0.428571428571429
 40
0.428571428571429
 40
0.428571428571429
 40
0.4285714385714289
 40
0.5714285714285714
 40
0.5714285714285714
 40
0.5714285714285714
 40
0.5714285814285715
 40
0.7142857142857145
 40
0.7142857142857145
 40
0.7142857142857145
 40
0.7142857242857146
 40
1.0
 40
1.0
 40
1.0
 40
1.0
 10
525.8910765397647
 20
601.7048461221357
 30
0.0
 10
525.8910765397647
 20
601.7048461221357
 30
0.0
 10
526.1588551918812
 20
601.7048461221357
 30
0.0
 10
526.1588551918812
 20
601.7048461221357
 30
0.0
 10
526.1588551918812
 20
601.7048461221357
 30
0.0
 10
526.1588551918812
 20
601.8525680686267
 30
0.0
 10
526.0387984862508
 20
601.9726247742537
 30
0.0
 10
525.8910765397647
 20
601.9726247742537
 30
0.0
 10
525.8910765397647
 20
601.9726247742537
 30
0.0
 10
525.7438765789579
 20
601.9726247742537
 30
0.0
 10
525.6238198733138
 20
601.8525680686267
 30
0.0
 10
525.6238198733138
 20
601.7048461221357
 30
0.0
 10
525.6238198733138
 20
601.7048461221357
 30
0.0
 10
525.6238198733138
 20
601.5576461613207
 30
0.0
 10
525.7438765789579
 20
601.437589455692
 30
0.0
 10
525.8910765397647
 20
601.437589455692
 30
0.0
 10
525.8910765397647
 20
601.437589455692
 30
0.0
 10
526.0387984862508
 20
601.437589455692
 30
0.0
 10
526.1588551918812
 20
601.5576461613207
 30
0.0
 10
526.1588551918812
 20
601.7048461221357
 30
0.0
 10
526.1588551918812
 20
601.7048461221357
 30
0.0
 10
526.1588551918812
 20
601.7048461221357
 30
0.0
 10
525.8910765397647
 20
601.7048461221357
 30
0.0
 10
525.8910765397647
 20
601.7048461221357
 30
0.0
  0
SPLINE
  5
88C
330
1F
100
AcDbEntity
  8
≥ﬂ¥ÁòÀ◊¢
370
     0
100
AcDbSpline
210
0.0
220
0.0
230
0.0
 70
    24
 71
     3
 72
     8
 73
     4
 74
     0
 42
0.000000001
 43
0.0000000001
 40
0.0
 40
0.0
 40
0.0
 40
0.0
 40
1.0
 40
1.0
 40
1.0
 40
1.0
 10
526.5602621772212
 20
602.3740317595975
 30
0.0
 10
526.5602621772212
 20
602.3740317595975
 30
0.0
 10
529.5632457749711
 20
605.3775373430251
 30
0.0
 10
529.5632457749711
 20
605.3775373430251
 30
0.0
  0
SPLINE
  5
88D
330
1F
100
AcDbEntity
  8
≥ﬂ¥ÁòÀ◊¢
370
     0
100
AcDbSpline
210
0.0
220
0.0
230
1.0
 70
    11
 71
     3
 72
    28
 73
    24
 74
     0
 42
0.000000001
 43
0.0000000001
 40
0.0
 40
0.0
 40
0.0
 40
0.0
 40
0.1428571428571428
 40
0.1428571428571428
 40
0.1428571428571428
 40
0.1428571528571428
 40
0.2857142857142857
 40
0.2857142857142857
 40
0.2857142857142857
 40
0.2857142957142857
 40
0.428571428571429
 40
0.428571428571429
 40
0.428571428571429
 40
0.4285714385714289
 40
0.5714285714285714
 40
0.5714285714285714
 40
0.5714285714285714
 40
0.5714285814285715
 40
0.7142857142857145
 40
0.7142857142857145
 40
0.7142857142857145
 40
0.7142857242857146
 40
1.0
 40
1.0
 40
1.0
 40
1.0
 10
520.2504993179091
 20
593.3802185509655
 30
0.0
 10
520.2504993179091
 20
593.3802185509655
 30
0.0
 10
520.5182779700292
 20
593.3802185509655
 30
0.0
 10
520.5182779700292
 20
593.3802185509655
 30
0.0
 10
520.5182779700292
 20
593.3802185509655
 30
0.0
 10
520.5182779700292
 20
593.52741851178
 30
0.0
 10
520.3982212643989
 20
593.6479972030857
 30
0.0
 10
520.2504993179091
 20
593.6479972030857
 30
0.0
 10
520.2504993179091
 20
593.6479972030857
 30
0.0
 10
520.1032993570956
 20
593.6479972030857
 30
0.0
 10
519.9832426514651
 20
593.52741851178
 30
0.0
 10
519.9832426514651
 20
593.3802185509655
 30
0.0
 10
519.9832426514651
 20
593.3802185509655
 30
0.0
 10
519.9832426514651
 20
593.2330185901496
 30
0.0
 10
520.1032993570956
 20
593.1124398988441
 30
0.0
 10
520.2504993179091
 20
593.1124398988441
 30
0.0
 10
520.2504993179091
 20
593.1124398988441
 30
0.0
 10
520.3982212643989
 20
593.1124398988441
 30
0.0
 10
520.5182779700292
 20
593.2330185901496
 30
0.0
 10
520.5182779700292
 20
593.3802185509655
 30
0.0
 10
520.5182779700292
 20
593.3802185509655
 30
0.0
 10
520.5182779700292
 20
593.3802185509655
 30
0.0
 10
520.2504993179091
 20
593.3802185509655
 30
0.0
 10
520.2504993179091
 20
593.3802185509655
 30
0.0
  0
SPLINE
  5
88E
330
1F
100
AcDbEntity
  8
≥ﬂ¥ÁòÀ◊¢
370
     0
100
AcDbSpline
210
0.0
220
0.0
230
0.0
 70
    24
 71
     3
 72
     8
 73
     4
 74
     0
 42
0.000000001
 43
0.0000000001
 40
0.0
 40
0.0
 40
0.0
 40
0.0
 40
1.0
 40
1.0
 40
1.0
 40
1.0
 10
520.8580906455247
 20
593.9898978212895
 30
0.0
 10
520.8580906455247
 20
593.9898978212895
 30
0.0
 10
524.2123706036625
 20
597.3441777794247
 30
0.0
 10
524.2123706036625
 20
597.3441777794247
 30
0.0
  0
SPLINE
  5
88F
330
1F
100
AcDbEntity
  8
≥ﬂ¥ÁòÀ◊¢
370
     0
100
AcDbSpline
210
0.0
220
0.0
230
1.0
 70
    11
 71
     3
 72
    28
 73
    24
 74
     0
 42
0.000000001
 43
0.0000000001
 40
0.0
 40
0.0
 40
0.0
 40
0.0
 40
0.1428571428571428
 40
0.1428571428571428
 40
0.1428571428571428
 40
0.1428571528571428
 40
0.2857142857142857
 40
0.2857142857142857
 40
0.2857142857142857
 40
0.2857142957142857
 40
0.428571428571429
 40
0.428571428571429
 40
0.428571428571429
 40
0.4285714385714289
 40
0.5714285714285714
 40
0.5714285714285714
 40
0.5714285714285714
 40
0.5714285814285715
 40
0.7142857142857145
 40
0.7142857142857145
 40
0.7142857142857145
 40
0.7142857242857146
 40
1.0
 40
1.0
 40
1.0
 40
1.0
 10
524.8852101408615
 20
598.0144073882391
 30
0.0
 10
524.8852101408615
 20
598.0144073882391
 30
0.0
 10
525.1529887929816
 20
598.0144073882391
 30
0.0
 10
525.1529887929816
 20
598.0144073882391
 30
0.0
 10
525.1529887929816
 20
598.0144073882391
 30
0.0
 10
525.1529887929816
 20
598.1621293347309
 30
0.0
 10
525.0324101016823
 20
598.2821860403581
 30
0.0
 10
524.8852101408615
 20
598.2821860403581
 30
0.0
 10
524.8852101408615
 20
598.2821860403581
 30
0.0
 10
524.7374881943756
 20
598.2821860403581
 30
0.0
 10
524.6174314887483
 20
598.1621293347309
 30
0.0
 10
524.6174314887483
 20
598.0144073882391
 30
0.0
 10
524.6174314887483
 20
598.0144073882391
 30
0.0
 10
524.6174314887483
 20
597.8672074274252
 30
0.0
 10
524.7374881943756
 20
597.7471507217963
 30
0.0
 10
524.8852101408615
 20
597.7471507217963
 30
0.0
 10
524.8852101408615
 20
597.7471507217963
 30
0.0
 10
525.0324101016823
 20
597.7471507217963
 30
0.0
 10
525.1529887929816
 20
597.8672074274252
 30
0.0
 10
525.1529887929816
 20
598.0144073882391
 30
0.0
 10
525.1529887929816
 20
598.0144073882391
 30
0.0
 10
525.1529887929816
 20
598.0144073882391
 30
0.0
 10
524.8852101408615
 20
598.0144073882391
 30
0.0
 10
524.8852101408615
 20
598.0144073882391
 30
0.0
  0
SPLINE
  5
890
330
1F
100
AcDbEntity
  8
≥ﬂ¥ÁòÀ◊¢
370
     0
100
AcDbSpline
210
0.0
220
0.0
230
0.0
 70
    24
 71
     3
 72
     8
 73
     4
 74
     0
 42
0.000000001
 43
0.0000000001
 40
0.0
 40
0.0
 40
0.0
 40
0.0
 40
1.0
 40
1.0
 40
1.0
 40
1.0
 10
525.5543957783253
 20
598.6841150113763
 30
0.0
 10
525.5543957783253
 20
598.6841150113763
 30
0.0
 10
528.9086757364526
 20
602.0378729838362
 30
0.0
 10
528.9086757364526
 20
602.0378729838362
 30
0.0
  0
SPLINE
  5
891
330
1F
100
AcDbEntity
  8
≥ﬂ¥ÁòÀ◊¢
370
     0
100
AcDbSpline
210
0.0
220
0.0
230
1.0
 70
    11
 71
     3
 72
    28
 73
    24
 74
     0
 42
0.000000001
 43
0.0000000001
 40
0.0
 40
0.0
 40
0.0
 40
0.0
 40
0.1428571428571428
 40
0.1428571428571428
 40
0.1428571428571428
 40
0.1428571528571428
 40
0.2857142857142857
 40
0.2857142857142857
 40
0.2857142857142857
 40
0.2857142957142857
 40
0.428571428571429
 40
0.428571428571429
 40
0.428571428571429
 40
0.4285714385714289
 40
0.5714285714285714
 40
0.5714285714285714
 40
0.5714285714285714
 40
0.5714285814285715
 40
0.7142857142857145
 40
0.7142857142857145
 40
0.7142857142857145
 40
0.7142857242857146
 40
1.0
 40
1.0
 40
1.0
 40
1.0
 10
529.5815152736486
 20
602.7107125210349
 30
0.0
 10
529.5815152736486
 20
602.7107125210349
 30
0.0
 10
529.8492939257685
 20
602.7107125210349
 30
0.0
 10
529.8492939257685
 20
602.7107125210349
 30
0.0
 10
529.8492939257685
 20
602.7107125210349
 30
0.0
 10
529.8492939257685
 20
602.8584344675264
 30
0.0
 10
529.7287152344656
 20
602.9784911731542
 30
0.0
 10
529.5815152736486
 20
602.9784911731542
 30
0.0
 10
529.5815152736486
 20
602.9784911731542
 30
0.0
 10
529.4337933271798
 20
602.9784911731542
 30
0.0
 10
529.3137366215353
 20
602.8584344675264
 30
0.0
 10
529.3137366215353
 20
602.7107125210349
 30
0.0
 10
529.3137366215353
 20
602.7107125210349
 30
0.0
 10
529.3137366215353
 20
602.5635125602185
 30
0.0
 10
529.4337933271798
 20
602.4434558545915
 30
0.0
 10
529.5815152736486
 20
602.4434558545915
 30
0.0
 10
529.5815152736486
 20
602.4434558545915
 30
0.0
 10
529.7287152344656
 20
602.4434558545915
 30
0.0
 10
529.8492939257685
 20
602.5635125602185
 30
0.0
 10
529.8492939257685
 20
602.7107125210349
 30
0.0
 10
529.8492939257685
 20
602.7107125210349
 30
0.0
 10
529.8492939257685
 20
602.7107125210349
 30
0.0
 10
529.5815152736486
 20
602.7107125210349
 30
0.0
 10
529.5815152736486
 20
602.7107125210349
 30
0.0
  0
SPLINE
  5
892
330
1F
100
AcDbEntity
  8
≥ﬂ¥ÁòÀ◊¢
370
     0
100
AcDbSpline
210
0.0
220
0.0
230
0.0
 70
    24
 71
     3
 72
     8
 73
     4
 74
     0
 42
0.000000001
 43
0.0000000001
 40
0.0
 40
0.0
 40
0.0
 40
0.0
 40
1.0
 40
1.0
 40
1.0
 40
1.0
 10
530.2507009111332
 20
603.3804201441712
 30
0.0
 10
530.2507009111332
 20
603.3804201441712
 30
0.0
 10
532.2478181099727
 20
605.3775373430251
 30
0.0
 10
532.2478181099727
 20
605.3775373430251
 30
0.0
  0
SPLINE
  5
893
330
1F
100
AcDbEntity
  8
≥ﬂ¥ÁòÀ◊¢
370
     0
100
AcDbSpline
210
0.0
220
0.0
230
0.0
 70
    24
 71
     3
 72
     8
 73
     4
 74
     0
 42
0.000000001
 43
0.0000000001
 40
0.0
 40
0.0
 40
0.0
 40
0.0
 40
1.0
 40
1.0
 40
1.0
 40
1.0
 10
522.9319397388445
 20
593.3796965652892
 30
0.0
 10
522.9319397388445
 20
593.3796965652892
 30
0.0
 10
523.2065042047595
 20
593.6537390455272
 30
0.0
 10
523.2065042047595
 20
593.6537390455272
 30
0.0
  0
SPLINE
  5
894
330
1F
100
AcDbEntity
  8
≥ﬂ¥ÁòÀ◊¢
370
     0
100
AcDbSpline
210
0.0
220
0.0
230
1.0
 70
    11
 71
     3
 72
    28
 73
    24
 74
     0
 42
0.000000001
 43
0.0000000001
 40
0.0
 40
0.0
 40
0.0
 40
0.0
 40
0.1428571428571428
 40
0.1428571428571428
 40
0.1428571428571428
 40
0.1428571528571428
 40
0.2857142857142857
 40
0.2857142857142857
 40
0.2857142857142857
 40
0.2857142957142857
 40
0.428571428571429
 40
0.428571428571429
 40
0.428571428571429
 40
0.4285714385714289
 40
0.5714285714285714
 40
0.5714285714285714
 40
0.5714285714285714
 40
0.5714285814285715
 40
0.7142857142857145
 40
0.7142857142857145
 40
0.7142857142857145
 40
0.7142857242857146
 40
1.0
 40
1.0
 40
1.0
 40
1.0
 10
523.8793437419619
 20
594.3244906400217
 30
0.0
 10
523.8793437419619
 20
594.3244906400217
 30
0.0
 10
524.1466004084026
 20
594.3244906400217
 30
0.0
 10
524.1466004084026
 20
594.3244906400217
 30
0.0
 10
524.1466004084026
 20
594.3244906400217
 30
0.0
 10
524.1466004084026
 20
594.4716906008335
 30
0.0
 10
524.0265437027756
 20
594.5917473064637
 30
0.0
 10
523.8793437419619
 20
594.5917473064637
 30
0.0
 10
523.8793437419619
 20
594.5917473064637
 30
0.0
 10
523.731621795479
 20
594.5917473064637
 30
0.0
 10
523.6115650898422
 20
594.4716906008335
 30
0.0
 10
523.6115650898422
 20
594.3244906400217
 30
0.0
 10
523.6115650898422
 20
594.3244906400217
 30
0.0
 10
523.6115650898422
 20
594.1767686935295
 30
0.0
 10
523.731621795479
 20
594.0567119878984
 30
0.0
 10
523.8793437419619
 20
594.0567119878984
 30
0.0
 10
523.8793437419619
 20
594.0567119878984
 30
0.0
 10
524.0265437027756
 20
594.0567119878984
 30
0.0
 10
524.1466004084026
 20
594.1767686935295
 30
0.0
 10
524.1466004084026
 20
594.3244906400217
 30
0.0
 10
524.1466004084026
 20
594.3244906400217
 30
0.0
 10
524.1466004084026
 20
594.3244906400217
 30
0.0
 10
523.8793437419619
 20
594.3244906400217
 30
0.0
 10
523.8793437419619
 20
594.3244906400217
 30
0.0
  0
SPLINE
  5
895
330
1F
100
AcDbEntity
  8
≥ﬂ¥ÁòÀ◊¢
370
     0
100
AcDbSpline
210
0.0
220
0.0
230
0.0
 70
    24
 71
     3
 72
     8
 73
     4
 74
     0
 42
0.000000001
 43
0.0000000001
 40
0.0
 40
0.0
 40
0.0
 40
0.0
 40
1.0
 40
1.0
 40
1.0
 40
1.0
 10
524.5485293794293
 20
594.9957642201877
 30
0.0
 10
524.5485293794293
 20
594.9957642201877
 30
0.0
 10
527.9028093375601
 20
598.3479562356176
 30
0.0
 10
527.9028093375601
 20
598.3479562356176
 30
0.0
  0
SPLINE
  5
896
330
1F
100
AcDbEntity
  8
≥ﬂ¥ÁòÀ◊¢
370
     0
100
AcDbSpline
210
0.0
220
0.0
230
1.0
 70
    11
 71
     3
 72
    28
 73
    24
 74
     0
 42
0.000000001
 43
0.0000000001
 40
0.0
 40
0.0
 40
0.0
 40
0.0
 40
0.1428571428571428
 40
0.1428571428571428
 40
0.1428571428571428
 40
0.1428571528571428
 40
0.2857142857142857
 40
0.2857142857142857
 40
0.2857142857142857
 40
0.2857142957142857
 40
0.428571428571429
 40
0.428571428571429
 40
0.428571428571429
 40
0.4285714385714289
 40
0.5714285714285714
 40
0.5714285714285714
 40
0.5714285714285714
 40
0.5714285814285715
 40
0.7142857142857145
 40
0.7142857142857145
 40
0.7142857142857145
 40
0.7142857242857146
 40
1.0
 40
1.0
 40
1.0
 40
1.0
 10
528.5730389463723
 20
599.0207957728155
 30
0.0
 10
528.5730389463723
 20
599.0207957728155
 30
0.0
 10
528.8408175984923
 20
599.0207957728155
 30
0.0
 10
528.8408175984923
 20
599.0207957728155
 30
0.0
 10
528.8408175984923
 20
599.0207957728155
 30
0.0
 10
528.8408175984923
 20
599.1679957336282
 30
0.0
 10
528.7202389071897
 20
599.2880524392589
 30
0.0
 10
528.5730389463723
 20
599.2880524392589
 30
0.0
 10
528.5730389463723
 20
599.2880524392589
 30
0.0
 10
528.4258389855588
 20
599.2880524392589
 30
0.0
 10
528.3052602942524
 20
599.1679957336282
 30
0.0
 10
528.3052602942524
 20
599.0207957728155
 30
0.0
 10
528.3052602942524
 20
599.0207957728155
 30
0.0
 10
528.3052602942524
 20
598.8730738263234
 30
0.0
 10
528.4258389855588
 20
598.7530171206941
 30
0.0
 10
528.5730389463723
 20
598.7530171206941
 30
0.0
 10
528.5730389463723
 20
598.7530171206941
 30
0.0
 10
528.7202389071897
 20
598.7530171206941
 30
0.0
 10
528.8408175984923
 20
598.8730738263234
 30
0.0
 10
528.8408175984923
 20
599.0207957728155
 30
0.0
 10
528.8408175984923
 20
599.0207957728155
 30
0.0
 10
528.8408175984923
 20
599.0207957728155
 30
0.0
 10
528.5730389463723
 20
599.0207957728155
 30
0.0
 10
528.5730389463723
 20
599.0207957728155
 30
0.0
  0
SPLINE
  5
897
330
1F
100
AcDbEntity
  8
≥ﬂ¥ÁòÀ◊¢
370
     0
100
AcDbSpline
210
0.0
220
0.0
230
0.0
 70
    24
 71
     3
 72
     8
 73
     4
 74
     0
 42
0.000000001
 43
0.0000000001
 40
0.0
 40
0.0
 40
0.0
 40
0.0
 40
1.0
 40
1.0
 40
1.0
 40
1.0
 10
529.2448345122267
 20
599.6920693529838
 30
0.0
 10
529.2448345122267
 20
599.6920693529838
 30
0.0
 10
532.5991144703541
 20
603.0442613684122
 30
0.0
 10
532.5991144703541
 20
603.0442613684122
 30
0.0
  0
SPLINE
  5
898
330
1F
100
AcDbEntity
  8
≥ﬂ¥ÁòÀ◊¢
370
     0
100
AcDbSpline
210
0.0
220
0.0
230
1.0
 70
    11
 71
     3
 72
    28
 73
    24
 74
     0
 42
0.000000001
 43
0.0000000001
 40
0.0
 40
0.0
 40
0.0
 40
0.0
 40
0.1428571428571428
 40
0.1428571428571428
 40
0.1428571428571428
 40
0.1428571528571428
 40
0.2857142857142857
 40
0.2857142857142857
 40
0.2857142857142857
 40
0.2857142957142857
 40
0.428571428571429
 40
0.428571428571429
 40
0.428571428571429
 40
0.4285714385714289
 40
0.5714285714285714
 40
0.5714285714285714
 40
0.5714285714285714
 40
0.5714285814285715
 40
0.7142857142857145
 40
0.7142857142857145
 40
0.7142857142857145
 40
0.7142857242857146
 40
1.0
 40
1.0
 40
1.0
 40
1.0
 10
533.2693440791663
 20
603.7144909772288
 30
0.0
 10
533.2693440791663
 20
603.7144909772288
 30
0.0
 10
533.5371227312862
 20
603.7144909772288
 30
0.0
 10
533.5371227312862
 20
603.7144909772288
 30
0.0
 10
533.5371227312862
 20
603.7144909772288
 30
0.0
 10
533.5371227312862
 20
603.8616909380403
 30
0.0
 10
533.4165440399938
 20
603.9822696293457
 30
0.0
 10
533.2693440791663
 20
603.9822696293457
 30
0.0
 10
533.2693440791663
 20
603.9822696293457
 30
0.0
 10
533.1221441183522
 20
603.9822696293457
 30
0.0
 10
533.0015654270637
 20
603.8616909380403
 30
0.0
 10
533.0015654270637
 20
603.7144909772288
 30
0.0
 10
533.0015654270637
 20
603.7144909772288
 30
0.0
 10
533.0015654270637
 20
603.5672910164122
 30
0.0
 10
533.1221441183522
 20
603.4467123251054
 30
0.0
 10
533.2693440791663
 20
603.4467123251054
 30
0.0
 10
533.2693440791663
 20
603.4467123251054
 30
0.0
 10
533.4165440399938
 20
603.4467123251054
 30
0.0
 10
533.5371227312862
 20
603.5672910164122
 30
0.0
 10
533.5371227312862
 20
603.7144909772288
 30
0.0
 10
533.5371227312862
 20
603.7144909772288
 30
0.0
 10
533.5371227312862
 20
603.7144909772288
 30
0.0
 10
533.2693440791663
 20
603.7144909772288
 30
0.0
 10
533.2693440791663
 20
603.7144909772288
 30
0.0
  0
SPLINE
  5
899
330
1F
100
AcDbEntity
  8
≥ﬂ¥ÁòÀ◊¢
370
     0
100
AcDbSpline
210
0.0
220
0.0
230
0.0
 70
    24
 71
     3
 72
     8
 73
     4
 74
     0
 42
0.000000001
 43
0.0000000001
 40
0.0
 40
0.0
 40
0.0
 40
0.0
 40
1.0
 40
1.0
 40
1.0
 40
1.0
 10
533.93852971663
 20
604.3862865430719
 30
0.0
 10
533.93852971663
 20
604.3862865430719
 30
0.0
 10
534.9303025022668
 20
605.3775373430251
 30
0.0
 10
534.9303025022668
 20
605.3775373430251
 30
0.0
  0
SPLINE
  5
89A
330
1F
100
AcDbEntity
  8
≥ﬂ¥ÁòÀ◊¢
370
     0
100
AcDbSpline
210
0.0
220
0.0
230
0.0
 70
    24
 71
     3
 72
     8
 73
     4
 74
     0
 42
0.000000001
 43
0.0000000001
 40
0.0
 40
0.0
 40
0.0
 40
0.0
 40
1.0
 40
1.0
 40
1.0
 40
1.0
 10
525.6165120738496
 20
593.3796965652892
 30
0.0
 10
525.6165120738496
 20
593.3796965652892
 30
0.0
 10
526.896420952974
 20
594.659605444428
 30
0.0
 10
526.896420952974
 20
594.659605444428
 30
0.0
  0
SPLINE
  5
89B
330
1F
100
AcDbEntity
  8
≥ﬂ¥ÁòÀ◊¢
370
     0
100
AcDbSpline
210
0.0
220
0.0
230
1.0
 70
    11
 71
     3
 72
    28
 73
    24
 74
     0
 42
0.000000001
 43
0.0000000001
 40
0.0
 40
0.0
 40
0.0
 40
0.0
 40
0.1428571428571428
 40
0.1428571428571428
 40
0.1428571428571428
 40
0.1428571528571428
 40
0.2857142857142857
 40
0.2857142857142857
 40
0.2857142857142857
 40
0.2857142957142857
 40
0.428571428571429
 40
0.428571428571429
 40
0.428571428571429
 40
0.4285714385714289
 40
0.5714285714285714
 40
0.5714285714285714
 40
0.5714285714285714
 40
0.5714285814285715
 40
0.7142857142857145
 40
0.7142857142857145
 40
0.7142857142857145
 40
0.7142857242857146
 40
1.0
 40
1.0
 40
1.0
 40
1.0
 10
527.5671725474694
 20
595.3303570389197
 30
0.0
 10
527.5671725474694
 20
595.3303570389197
 30
0.0
 10
527.834429213917
 20
595.3303570389197
 30
0.0
 10
527.834429213917
 20
595.3303570389197
 30
0.0
 10
527.834429213917
 20
595.3303570389197
 30
0.0
 10
527.834429213917
 20
595.4775569997342
 30
0.0
 10
527.7143725082972
 20
595.5981356910397
 30
0.0
 10
527.5671725474694
 20
595.5981356910397
 30
0.0
 10
527.5671725474694
 20
595.5981356910397
 30
0.0
 10
527.4194506009831
 20
595.5981356910397
 30
0.0
 10
527.2993938953493
 20
595.4775569997342
 30
0.0
 10
527.2993938953493
 20
595.3303570389197
 30
0.0
 10
527.2993938953493
 20
595.3303570389197
 30
0.0
 10
527.2993938953493
 20
595.1826350924299
 30
0.0
 10
527.4194506009831
 20
595.0625783867981
 30
0.0
 10
527.5671725474694
 20
595.0625783867981
 30
0.0
 10
527.5671725474694
 20
595.0625783867981
 30
0.0
 10
527.7143725082972
 20
595.0625783867981
 30
0.0
 10
527.834429213917
 20
595.1826350924299
 30
0.0
 10
527.834429213917
 20
595.3303570389197
 30
0.0
 10
527.834429213917
 20
595.3303570389197
 30
0.0
 10
527.834429213917
 20
595.3303570389197
 30
0.0
 10
527.5671725474694
 20
595.3303570389197
 30
0.0
 10
527.5671725474694
 20
595.3303570389197
 30
0.0
  0
SPLINE
  5
89C
330
1F
100
AcDbEntity
  8
≥ﬂ¥ÁòÀ◊¢
370
     0
100
AcDbSpline
210
0.0
220
0.0
230
0.0
 70
    24
 71
     3
 72
     8
 73
     4
 74
     0
 42
0.000000001
 43
0.0000000001
 40
0.0
 40
0.0
 40
0.0
 40
0.0
 40
1.0
 40
1.0
 40
1.0
 40
1.0
 10
528.23635818494
 20
596.0021526047649
 30
0.0
 10
528.23635818494
 20
596.0021526047649
 30
0.0
 10
531.5906381430711
 20
599.3559105772212
 30
0.0
 10
531.5906381430711
 20
599.3559105772212
 30
0.0
  0
SPLINE
  5
89D
330
1F
100
AcDbEntity
  8
≥ﬂ¥ÁòÀ◊¢
370
     0
100
AcDbSpline
210
0.0
220
0.0
230
1.0
 70
    11
 71
     3
 72
    28
 73
    24
 74
     0
 42
0.000000001
 43
0.0000000001
 40
0.0
 40
0.0
 40
0.0
 40
0.0
 40
0.1428571428571428
 40
0.1428571428571428
 40
0.1428571428571428
 40
0.1428571528571428
 40
0.2857142857142857
 40
0.2857142857142857
 40
0.2857142857142857
 40
0.2857142957142857
 40
0.428571428571429
 40
0.428571428571429
 40
0.428571428571429
 40
0.4285714385714289
 40
0.5714285714285714
 40
0.5714285714285714
 40
0.5714285714285714
 40
0.5714285814285715
 40
0.7142857142857145
 40
0.7142857142857145
 40
0.7142857142857145
 40
0.7142857242857146
 40
1.0
 40
1.0
 40
1.0
 40
1.0
 10
532.2634776802702
 20
600.0266621717132
 30
0.0
 10
532.2634776802702
 20
600.0266621717132
 30
0.0
 10
532.5307343467106
 20
600.0266621717132
 30
0.0
 10
532.5307343467106
 20
600.0266621717132
 30
0.0
 10
532.5307343467106
 20
600.0266621717132
 30
0.0
 10
532.5307343467106
 20
600.1738621325277
 30
0.0
 10
532.410677641084
 20
600.2944408238331
 30
0.0
 10
532.2634776802702
 20
600.2944408238331
 30
0.0
 10
532.2634776802702
 20
600.2944408238331
 30
0.0
 10
532.1157557337736
 20
600.2944408238331
 30
0.0
 10
531.9956990281503
 20
600.1738621325277
 30
0.0
 10
531.9956990281503
 20
600.0266621717132
 30
0.0
 10
531.9956990281503
 20
600.0266621717132
 30
0.0
 10
531.9956990281503
 20
599.8789402252232
 30
0.0
 10
532.1157557337736
 20
599.7588835195941
 30
0.0
 10
532.2634776802702
 20
599.7588835195941
 30
0.0
 10
532.2634776802702
 20
599.7588835195941
 30
0.0
 10
532.410677641084
 20
599.7588835195941
 30
0.0
 10
532.5307343467106
 20
599.8789402252232
 30
0.0
 10
532.5307343467106
 20
600.0266621717132
 30
0.0
 10
532.5307343467106
 20
600.0266621717132
 30
0.0
 10
532.5307343467106
 20
600.0266621717132
 30
0.0
 10
532.2634776802702
 20
600.0266621717132
 30
0.0
 10
532.2634776802702
 20
600.0266621717132
 30
0.0
  0
SPLINE
  5
89E
330
1F
100
AcDbEntity
  8
≥ﬂ¥ÁòÀ◊¢
370
     0
100
AcDbSpline
210
0.0
220
0.0
230
0.0
 70
    24
 71
     3
 72
     8
 73
     4
 74
     0
 42
0.000000001
 43
0.0000000001
 40
0.0
 40
0.0
 40
0.0
 40
0.0
 40
1.0
 40
1.0
 40
1.0
 40
1.0
 10
532.932663317727
 20
600.6958478091777
 30
0.0
 10
532.932663317727
 20
600.6958478091777
 30
0.0
 10
536.2869432758579
 20
604.0501277673095
 30
0.0
 10
536.2869432758579
 20
604.0501277673095
 30
0.0
  0
SPLINE
  5
89F
330
1F
100
AcDbEntity
  8
≥ﬂ¥ÁòÀ◊¢
370
     0
100
AcDbSpline
210
0.0
220
0.0
230
1.0
 70
    11
 71
     3
 72
    28
 73
    24
 74
     0
 42
0.000000001
 43
0.0000000001
 40
0.0
 40
0.0
 40
0.0
 40
0.0
 40
0.1428571428571428
 40
0.1428571428571428
 40
0.1428571428571428
 40
0.1428571528571428
 40
0.2857142857142857
 40
0.2857142857142857
 40
0.2857142857142857
 40
0.2857142957142857
 40
0.428571428571429
 40
0.428571428571429
 40
0.428571428571429
 40
0.4285714385714289
 40
0.5714285714285714
 40
0.5714285714285714
 40
0.5714285714285714
 40
0.5714285814285715
 40
0.7142857142857145
 40
0.7142857142857145
 40
0.7142857142857145
 40
0.7142857242857146
 40
1.0
 40
1.0
 40
1.0
 40
1.0
 10
536.9597828130641
 20
604.7229673045096
 30
0.0
 10
536.9597828130641
 20
604.7229673045096
 30
0.0
 10
537.2270394795078
 20
604.7229673045096
 30
0.0
 10
537.2270394795078
 20
604.7229673045096
 30
0.0
 10
537.2270394795078
 20
604.7229673045096
 30
0.0
 10
537.2270394795078
 20
604.870167265324
 30
0.0
 10
537.1069827738777
 20
604.9907459566301
 30
0.0
 10
536.9597828130641
 20
604.9907459566301
 30
0.0
 10
536.9597828130641
 20
604.9907459566301
 30
0.0
 10
536.8120608665779
 20
604.9907459566301
 30
0.0
 10
536.6920041609441
 20
604.870167265324
 30
0.0
 10
536.6920041609441
 20
604.7229673045096
 30
0.0
 10
536.6920041609441
 20
604.7229673045096
 30
0.0
 10
536.6920041609441
 20
604.5752453580182
 30
0.0
 10
536.8120608665779
 20
604.4551886523877
 30
0.0
 10
536.9597828130641
 20
604.4551886523877
 30
0.0
 10
536.9597828130641
 20
604.4551886523877
 30
0.0
 10
537.1069827738777
 20
604.4551886523877
 30
0.0
 10
537.2270394795078
 20
604.5752453580182
 30
0.0
 10
537.2270394795078
 20
604.7229673045096
 30
0.0
 10
537.2270394795078
 20
604.7229673045096
 30
0.0
 10
537.2270394795078
 20
604.7229673045096
 30
0.0
 10
536.9597828130641
 20
604.7229673045096
 30
0.0
 10
536.9597828130641
 20
604.7229673045096
 30
0.0
  0
SPLINE
  5
8A0
330
1F
100
AcDbEntity
  8
≥ﬂ¥ÁòÀ◊¢
370
     0
100
AcDbSpline
210
0.0
220
0.0
230
0.0
 70
    24
 71
     3
 72
     8
 73
     4
 74
     0
 42
0.000000001
 43
0.0000000001
 40
0.0
 40
0.0
 40
0.0
 40
0.0
 40
1.0
 40
1.0
 40
1.0
 40
1.0
 10
528.2979524947951
 20
593.3796965652892
 30
0.0
 10
528.2979524947951
 20
593.3796965652892
 30
0.0
 10
530.584249758492
 20
595.665993829004
 30
0.0
 10
530.584249758492
 20
595.665993829004
 30
0.0
  0
SPLINE
  5
8A1
330
1F
100
AcDbEntity
  8
≥ﬂ¥ÁòÀ◊¢
370
     0
100
AcDbSpline
210
0.0
220
0.0
230
1.0
 70
    11
 71
     3
 72
    28
 73
    24
 74
     0
 42
0.000000001
 43
0.0000000001
 40
0.0
 40
0.0
 40
0.0
 40
0.0
 40
0.1428571428571428
 40
0.1428571428571428
 40
0.1428571428571428
 40
0.1428571528571428
 40
0.2857142857142857
 40
0.2857142857142857
 40
0.2857142857142857
 40
0.2857142957142857
 40
0.428571428571429
 40
0.428571428571429
 40
0.428571428571429
 40
0.4285714385714289
 40
0.5714285714285714
 40
0.5714285714285714
 40
0.5714285714285714
 40
0.5714285814285715
 40
0.7142857142857145
 40
0.7142857142857145
 40
0.7142857142857145
 40
0.7142857242857146
 40
1.0
 40
1.0
 40
1.0
 40
1.0
 10
531.2570892956841
 20
596.3362234378189
 30
0.0
 10
531.2570892956841
 20
596.3362234378189
 30
0.0
 10
531.524867947825
 20
596.3362234378189
 30
0.0
 10
531.524867947825
 20
596.3362234378189
 30
0.0
 10
531.524867947825
 20
596.3362234378189
 30
0.0
 10
531.524867947825
 20
596.4839453843102
 30
0.0
 10
531.4048112421808
 20
596.6040020899375
 30
0.0
 10
531.2570892956841
 20
596.6040020899375
 30
0.0
 10
531.2570892956841
 20
596.6040020899375
 30
0.0
 10
531.1098893348915
 20
596.6040020899375
 30
0.0
 10
530.9898326292575
 20
596.4839453843102
 30
0.0
 10
530.9898326292575
 20
596.3362234378189
 30
0.0
 10
530.9898326292575
 20
596.3362234378189
 30
0.0
 10
530.9898326292575
 20
596.1890234770041
 30
0.0
 10
531.1098893348915
 20
596.0689667713757
 30
0.0
 10
531.2570892956841
 20
596.0689667713757
 30
0.0
 10
531.2570892956841
 20
596.0689667713757
 30
0.0
 10
531.4048112421808
 20
596.0689667713757
 30
0.0
 10
531.524867947825
 20
596.1890234770041
 30
0.0
 10
531.524867947825
 20
596.3362234378189
 30
0.0
 10
531.524867947825
 20
596.3362234378189
 30
0.0
 10
531.524867947825
 20
596.3362234378189
 30
0.0
 10
531.2570892956841
 20
596.3362234378189
 30
0.0
 10
531.2570892956841
 20
596.3362234378189
 30
0.0
  0
SPLINE
  5
8A2
330
1F
100
AcDbEntity
  8
≥ﬂ¥ÁòÀ◊¢
370
     0
100
AcDbSpline
210
0.0
220
0.0
230
0.0
 70
    24
 71
     3
 72
     8
 73
     4
 74
     0
 42
0.000000001
 43
0.0000000001
 40
0.0
 40
0.0
 40
0.0
 40
0.0
 40
1.0
 40
1.0
 40
1.0
 40
1.0
 10
531.9267969188309
 20
597.0080190036626
 30
0.0
 10
531.9267969188309
 20
597.0080190036626
 30
0.0
 10
535.2805548912929
 20
600.3622989617976
 30
0.0
 10
535.2805548912929
 20
600.3622989617976
 30
0.0
  0
SPLINE
  5
8A3
330
1F
100
AcDbEntity
  8
≥ﬂ¥ÁòÀ◊¢
370
     0
100
AcDbSpline
210
0.0
220
0.0
230
1.0
 70
    11
 71
     3
 72
    28
 73
    24
 74
     0
 42
0.000000001
 43
0.0000000001
 40
0.0
 40
0.0
 40
0.0
 40
0.0
 40
0.1428571428571428
 40
0.1428571428571428
 40
0.1428571428571428
 40
0.1428571528571428
 40
0.2857142857142857
 40
0.2857142857142857
 40
0.2857142857142857
 40
0.2857142957142857
 40
0.428571428571429
 40
0.428571428571429
 40
0.428571428571429
 40
0.4285714385714289
 40
0.5714285714285714
 40
0.5714285714285714
 40
0.5714285714285714
 40
0.5714285814285715
 40
0.7142857142857145
 40
0.7142857142857145
 40
0.7142857142857145
 40
0.7142857242857146
 40
1.0
 40
1.0
 40
1.0
 40
1.0
 10
535.951306485774
 20
601.0325285706121
 30
0.0
 10
535.951306485774
 20
601.0325285706121
 30
0.0
 10
536.2185631522319
 20
601.0325285706121
 30
0.0
 10
536.2185631522319
 20
601.0325285706121
 30
0.0
 10
536.2185631522319
 20
601.0325285706121
 30
0.0
 10
536.2185631522319
 20
601.1802505171067
 30
0.0
 10
536.0985064465912
 20
601.3003072227318
 30
0.0
 10
535.951306485774
 20
601.3003072227318
 30
0.0
 10
535.951306485774
 20
601.3003072227318
 30
0.0
 10
535.8035845393053
 20
601.3003072227318
 30
0.0
 10
535.6835278336608
 20
601.1802505171067
 30
0.0
 10
535.6835278336608
 20
601.0325285706121
 30
0.0
 10
535.6835278336608
 20
601.0325285706121
 30
0.0
 10
535.6835278336608
 20
600.8853286097976
 30
0.0
 10
535.8035845393053
 20
600.7652719041705
 30
0.0
 10
535.951306485774
 20
600.7652719041705
 30
0.0
 10
535.951306485774
 20
600.7652719041705
 30
0.0
 10
536.0985064465912
 20
600.7652719041705
 30
0.0
 10
536.2185631522319
 20
600.8853286097976
 30
0.0
 10
536.2185631522319
 20
601.0325285706121
 30
0.0
 10
536.2185631522319
 20
601.0325285706121
 30
0.0
 10
536.2185631522319
 20
601.0325285706121
 30
0.0
 10
535.951306485774
 20
601.0325285706121
 30
0.0
 10
535.951306485774
 20
601.0325285706121
 30
0.0
  0
SPLINE
  5
8A4
330
1F
100
AcDbEntity
  8
≥ﬂ¥ÁòÀ◊¢
370
     0
100
AcDbSpline
210
0.0
220
0.0
230
0.0
 70
    24
 71
     3
 72
     8
 73
     4
 74
     0
 42
0.000000001
 43
0.0000000001
 40
0.0
 40
0.0
 40
0.0
 40
0.0
 40
1.0
 40
1.0
 40
1.0
 40
1.0
 10
536.6231020516281
 20
601.7043241364582
 30
0.0
 10
536.6231020516281
 20
601.7043241364582
 30
0.0
 10
539.976860024076
 20
605.0586040945939
 30
0.0
 10
539.976860024076
 20
605.0586040945939
 30
0.0
  0
SPLINE
  5
8A5
330
1F
100
AcDbEntity
  8
≥ﬂ¥ÁòÀ◊¢
370
     0
100
AcDbSpline
210
0.0
220
0.0
230
1.0
 70
    11
 71
     3
 72
    28
 73
    24
 74
     0
 42
0.000000001
 43
0.0000000001
 40
0.0
 40
0.0
 40
0.0
 40
0.0
 40
0.1428571428571428
 40
0.1428571428571428
 40
0.1428571428571428
 40
0.1428571528571428
 40
0.2857142857142857
 40
0.2857142857142857
 40
0.2857142857142857
 40
0.2857142957142857
 40
0.428571428571429
 40
0.428571428571429
 40
0.428571428571429
 40
0.4285714385714289
 40
0.5714285714285714
 40
0.5714285714285714
 40
0.5714285714285714
 40
0.5714285814285715
 40
0.7142857142857145
 40
0.7142857142857145
 40
0.7142857142857145
 40
0.7142857242857146
 40
1.0
 40
1.0
 40
1.0
 40
1.0
 10
540.0843890734646
 20
605.1640452012752
 30
0.0
 10
540.0843890734646
 20
605.1640452012752
 30
0.0
 10
540.3521677255954
 20
605.1640452012752
 30
0.0
 10
540.3521677255954
 20
605.1640452012752
 30
0.0
 10
540.3521677255954
 20
605.1640452012752
 30
0.0
 10
540.3521677255954
 20
605.3112451620911
 30
0.0
 10
540.232111019965
 20
605.4318238533965
 30
0.0
 10
540.0843890734646
 20
605.4318238533965
 30
0.0
 10
540.0843890734646
 20
605.4318238533965
 30
0.0
 10
539.9371891126722
 20
605.4318238533965
 30
0.0
 10
539.8171324070315
 20
605.3112451620911
 30
0.0
 10
539.8171324070315
 20
605.1640452012752
 30
0.0
 10
539.8171324070315
 20
605.1640452012752
 30
0.0
 10
539.8171324070315
 20
605.0168452404617
 30
0.0
 10
539.9371891126722
 20
604.8962665491557
 30
0.0
 10
540.0843890734646
 20
604.8962665491557
 30
0.0
 10
540.0843890734646
 20
604.8962665491557
 30
0.0
 10
540.232111019965
 20
604.8962665491557
 30
0.0
 10
540.3521677255954
 20
605.0168452404617
 30
0.0
 10
540.3521677255954
 20
605.1640452012752
 30
0.0
 10
540.3521677255954
 20
605.1640452012752
 30
0.0
 10
540.3521677255954
 20
605.1640452012752
 30
0.0
 10
540.0843890734646
 20
605.1640452012752
 30
0.0
 10
540.0843890734646
 20
605.1640452012752
 30
0.0
  0
SPLINE
  5
8A6
330
1F
100
AcDbEntity
  8
≥ﬂ¥ÁòÀ◊¢
370
     0
100
AcDbSpline
210
0.0
220
0.0
230
0.0
 70
    24
 71
     3
 72
     8
 73
     4
 74
     0
 42
0.000000001
 43
0.0000000001
 40
0.0
 40
0.0
 40
0.0
 40
0.0
 40
1.0
 40
1.0
 40
1.0
 40
1.0
 10
530.9825248297832
 20
593.3796965652892
 30
0.0
 10
530.9825248297832
 20
593.3796965652892
 30
0.0
 10
534.2746884923966
 20
596.6718602279036
 30
0.0
 10
534.2746884923966
 20
596.6718602279036
 30
0.0
  0
SPLINE
  5
8A7
330
1F
100
AcDbEntity
  8
≥ﬂ¥ÁòÀ◊¢
370
     0
100
AcDbSpline
210
0.0
220
0.0
230
1.0
 70
    11
 71
     3
 72
    28
 73
    24
 74
     0
 42
0.000000001
 43
0.0000000001
 40
0.0
 40
0.0
 40
0.0
 40
0.0
 40
0.1428571428571428
 40
0.1428571428571428
 40
0.1428571428571428
 40
0.1428571528571428
 40
0.2857142857142857
 40
0.2857142857142857
 40
0.2857142857142857
 40
0.2857142957142857
 40
0.428571428571429
 40
0.428571428571429
 40
0.428571428571429
 40
0.4285714385714289
 40
0.5714285714285714
 40
0.5714285714285714
 40
0.5714285714285714
 40
0.5714285814285715
 40
0.7142857142857145
 40
0.7142857142857145
 40
0.7142857142857145
 40
0.7142857242857146
 40
1.0
 40
1.0
 40
1.0
 40
1.0
 10
534.9475280295887
 20
597.3446997651015
 30
0.0
 10
534.9475280295887
 20
597.3446997651015
 30
0.0
 10
535.215306681709
 20
597.3446997651015
 30
0.0
 10
535.215306681709
 20
597.3446997651015
 30
0.0
 10
535.215306681709
 20
597.3446997651015
 30
0.0
 10
535.215306681709
 20
597.4924217115913
 30
0.0
 10
535.0952499760891
 20
597.6124784172192
 30
0.0
 10
534.9475280295887
 20
597.6124784172192
 30
0.0
 10
534.9475280295887
 20
597.6124784172192
 30
0.0
 10
534.8003280687751
 20
597.6124784172192
 30
0.0
 10
534.6802713631416
 20
597.4924217115913
 30
0.0
 10
534.6802713631416
 20
597.3446997651015
 30
0.0
 10
534.6802713631416
 20
597.3446997651015
 30
0.0
 10
534.6802713631416
 20
597.1974998042851
 30
0.0
 10
534.8003280687751
 20
597.0769211129797
 30
0.0
 10
534.9475280295887
 20
597.0769211129797
 30
0.0
 10
534.9475280295887
 20
597.0769211129797
 30
0.0
 10
535.0952499760891
 20
597.0769211129797
 30
0.0
 10
535.215306681709
 20
597.1974998042851
 30
0.0
 10
535.215306681709
 20
597.3446997651015
 30
0.0
 10
535.215306681709
 20
597.3446997651015
 30
0.0
 10
535.215306681709
 20
597.3446997651015
 30
0.0
 10
534.9475280295887
 20
597.3446997651015
 30
0.0
 10
534.9475280295887
 20
597.3446997651015
 30
0.0
  0
SPLINE
  5
8A8
330
1F
100
AcDbEntity
  8
≥ﬂ¥ÁòÀ◊¢
370
     0
100
AcDbSpline
210
0.0
220
0.0
230
0.0
 70
    24
 71
     3
 72
     8
 73
     4
 74
     0
 42
0.000000001
 43
0.0000000001
 40
0.0
 40
0.0
 40
0.0
 40
0.0
 40
1.0
 40
1.0
 40
1.0
 40
1.0
 10
535.6167136670491
 20
598.0138854025613
 30
0.0
 10
535.6167136670491
 20
598.0138854025613
 30
0.0
 10
538.9709936251835
 20
601.3681653606981
 30
0.0
 10
538.9709936251835
 20
601.3681653606981
 30
0.0
  0
SPLINE
  5
8A9
330
1F
100
AcDbEntity
  8
≥ﬂ¥ÁòÀ◊¢
370
     0
100
AcDbSpline
210
0.0
220
0.0
230
1.0
 70
    11
 71
     3
 72
    28
 73
    24
 74
     0
 42
0.000000001
 43
0.0000000001
 40
0.0
 40
0.0
 40
0.0
 40
0.0
 40
0.1428571428571428
 40
0.1428571428571428
 40
0.1428571428571428
 40
0.1428571528571428
 40
0.2857142857142857
 40
0.2857142857142857
 40
0.2857142857142857
 40
0.2857142957142857
 40
0.428571428571429
 40
0.428571428571429
 40
0.428571428571429
 40
0.4285714385714289
 40
0.5714285714285714
 40
0.5714285714285714
 40
0.5714285714285714
 40
0.5714285814285715
 40
0.7142857142857145
 40
0.7142857142857145
 40
0.7142857142857145
 40
0.7142857242857146
 40
1.0
 40
1.0
 40
1.0
 40
1.0
 10
539.6417452196754
 20
602.038394969514
 30
0.0
 10
539.6417452196754
 20
602.038394969514
 30
0.0
 10
539.9090018861122
 20
602.038394969514
 30
0.0
 10
539.9090018861122
 20
602.038394969514
 30
0.0
 10
539.9090018861122
 20
602.038394969514
 30
0.0
 10
539.9090018861122
 20
602.186116916004
 30
0.0
 10
539.7889451804925
 20
602.3061736216313
 30
0.0
 10
539.6417452196754
 20
602.3061736216313
 30
0.0
 10
539.6417452196754
 20
602.3061736216313
 30
0.0
 10
539.4940232731856
 20
602.3061736216313
 30
0.0
 10
539.3739665675552
 20
602.186116916004
 30
0.0
 10
539.3739665675552
 20
602.038394969514
 30
0.0
 10
539.3739665675552
 20
602.038394969514
 30
0.0
 10
539.3739665675552
 20
601.8911950086967
 30
0.0
 10
539.4940232731856
 20
601.7711383030697
 30
0.0
 10
539.6417452196754
 20
601.7711383030697
 30
0.0
 10
539.6417452196754
 20
601.7711383030697
 30
0.0
 10
539.7889451804925
 20
601.7711383030697
 30
0.0
 10
539.9090018861122
 20
601.8911950086967
 30
0.0
 10
539.9090018861122
 20
602.038394969514
 30
0.0
 10
539.9090018861122
 20
602.038394969514
 30
0.0
 10
539.9090018861122
 20
602.038394969514
 30
0.0
 10
539.6417452196754
 20
602.038394969514
 30
0.0
 10
539.6417452196754
 20
602.038394969514
 30
0.0
  0
SPLINE
  5
8AA
330
1F
100
AcDbEntity
  8
≥ﬂ¥ÁòÀ◊¢
370
     0
100
AcDbSpline
210
0.0
220
0.0
230
0.0
 70
    24
 71
     3
 72
     8
 73
     4
 74
     0
 42
0.000000001
 43
0.0000000001
 40
0.0
 40
0.0
 40
0.0
 40
0.0
 40
1.0
 40
1.0
 40
1.0
 40
1.0
 10
540.3130187998431
 20
602.7101905353561
 30
0.0
 10
540.3130187998431
 20
602.7101905353561
 30
0.0
 10
541.2228398342326
 20
603.620011569754
 30
0.0
 10
541.2228398342326
 20
603.620011569754
 30
0.0
  0
SPLINE
  5
8AB
330
1F
100
AcDbEntity
  8
≥ﬂ¥ÁòÀ◊¢
370
     0
100
AcDbSpline
210
0.0
220
0.0
230
1.0
 70
    11
 71
     3
 72
    28
 73
    24
 74
     0
 42
0.000000001
 43
0.0000000001
 40
0.0
 40
0.0
 40
0.0
 40
0.0
 40
0.1428571428571428
 40
0.1428571428571428
 40
0.1428571428571428
 40
0.1428571528571428
 40
0.2857142857142857
 40
0.2857142857142857
 40
0.2857142857142857
 40
0.2857142957142857
 40
0.428571428571429
 40
0.428571428571429
 40
0.428571428571429
 40
0.4285714385714289
 40
0.5714285714285714
 40
0.5714285714285714
 40
0.5714285714285714
 40
0.5714285814285715
 40
0.7142857142857145
 40
0.7142857142857145
 40
0.7142857142857145
 40
0.7142857242857146
 40
1.0
 40
1.0
 40
1.0
 40
1.0
 10
533.9390517023059
 20
593.6542610312052
 30
0.0
 10
533.9390517023059
 20
593.6542610312052
 30
0.0
 10
534.2068303544225
 20
593.6542610312052
 30
0.0
 10
534.2068303544225
 20
593.6542610312052
 30
0.0
 10
534.2068303544225
 20
593.6542610312052
 30
0.0
 10
534.2068303544225
 20
593.8019829776965
 30
0.0
 10
534.0867736487954
 20
593.9220396833252
 30
0.0
 10
533.9390517023059
 20
593.9220396833252
 30
0.0
 10
533.9390517023059
 20
593.9220396833252
 30
0.0
 10
533.7918517414923
 20
593.9220396833252
 30
0.0
 10
533.6717950358586
 20
593.8019829776965
 30
0.0
 10
533.6717950358586
 20
593.6542610312052
 30
0.0
 10
533.6717950358586
 20
593.6542610312052
 30
0.0
 10
533.6717950358586
 20
593.5070610703896
 30
0.0
 10
533.7918517414923
 20
593.3870043647622
 30
0.0
 10
533.9390517023059
 20
593.3870043647622
 30
0.0
 10
533.9390517023059
 20
593.3870043647622
 30
0.0
 10
534.0867736487954
 20
593.3870043647622
 30
0.0
 10
534.2068303544225
 20
593.5070610703896
 30
0.0
 10
534.2068303544225
 20
593.6542610312052
 30
0.0
 10
534.2068303544225
 20
593.6542610312052
 30
0.0
 10
534.2068303544225
 20
593.6542610312052
 30
0.0
 10
533.9390517023059
 20
593.6542610312052
 30
0.0
 10
533.9390517023059
 20
593.6542610312052
 30
0.0
  0
SPLINE
  5
8AC
330
1F
100
AcDbEntity
  8
≥ﬂ¥ÁòÀ◊¢
370
     0
100
AcDbSpline
210
0.0
220
0.0
230
0.0
 70
    24
 71
     3
 72
     8
 73
     4
 74
     0
 42
0.000000001
 43
0.0000000001
 40
0.0
 40
0.0
 40
0.0
 40
0.0
 40
1.0
 40
1.0
 40
1.0
 40
1.0
 10
534.6108472681462
 20
594.3239686543437
 30
0.0
 10
534.6108472681462
 20
594.3239686543437
 30
0.0
 10
537.9651272262771
 20
597.6777266268022
 30
0.0
 10
537.9651272262771
 20
597.6777266268022
 30
0.0
  0
SPLINE
  5
8AD
330
1F
100
AcDbEntity
  8
≥ﬂ¥ÁòÀ◊¢
370
     0
100
AcDbSpline
210
0.0
220
0.0
230
1.0
 70
    11
 71
     3
 72
    28
 73
    24
 74
     0
 42
0.000000001
 43
0.0000000001
 40
0.0
 40
0.0
 40
0.0
 40
0.0
 40
0.1428571428571428
 40
0.1428571428571428
 40
0.1428571428571428
 40
0.1428571528571428
 40
0.2857142857142857
 40
0.2857142857142857
 40
0.2857142857142857
 40
0.2857142957142857
 40
0.428571428571429
 40
0.428571428571429
 40
0.428571428571429
 40
0.4285714385714289
 40
0.5714285714285714
 40
0.5714285714285714
 40
0.5714285714285714
 40
0.5714285814285715
 40
0.7142857142857145
 40
0.7142857142857145
 40
0.7142857142857145
 40
0.7142857242857146
 40
1.0
 40
1.0
 40
1.0
 40
1.0
 10
538.6353568351103
 20
598.348478221292
 30
0.0
 10
538.6353568351103
 20
598.348478221292
 30
0.0
 10
538.9031354872233
 20
598.348478221292
 30
0.0
 10
538.9031354872233
 20
598.348478221292
 30
0.0
 10
538.9031354872233
 20
598.348478221292
 30
0.0
 10
538.9031354872233
 20
598.4956781821085
 30
0.0
 10
538.7830787815927
 20
598.6157348877387
 30
0.0
 10
538.6353568351103
 20
598.6157348877387
 30
0.0
 10
538.6353568351103
 20
598.6157348877387
 30
0.0
 10
538.4881568742931
 20
598.6157348877387
 30
0.0
 10
538.3681001686593
 20
598.4956781821085
 30
0.0
 10
538.3681001686593
 20
598.348478221292
 30
0.0
 10
538.3681001686593
 20
598.348478221292
 30
0.0
 10
538.3681001686593
 20
598.2007562748028
 30
0.0
 10
538.4881568742931
 20
598.0806995691732
 30
0.0
 10
538.6353568351103
 20
598.0806995691732
 30
0.0
 10
538.6353568351103
 20
598.0806995691732
 30
0.0
 10
538.7830787815927
 20
598.0806995691732
 30
0.0
 10
538.9031354872233
 20
598.2007562748028
 30
0.0
 10
538.9031354872233
 20
598.348478221292
 30
0.0
 10
538.9031354872233
 20
598.348478221292
 30
0.0
 10
538.9031354872233
 20
598.348478221292
 30
0.0
 10
538.6353568351103
 20
598.348478221292
 30
0.0
 10
538.6353568351103
 20
598.348478221292
 30
0.0
  0
SPLINE
  5
8AE
330
1F
100
AcDbEntity
  8
≥ﬂ¥ÁòÀ◊¢
370
     0
100
AcDbSpline
210
0.0
220
0.0
230
0.0
 70
    24
 71
     3
 72
     8
 73
     4
 74
     0
 42
0.000000001
 43
0.0000000001
 40
0.0
 40
0.0
 40
0.0
 40
0.0
 40
1.0
 40
1.0
 40
1.0
 40
1.0
 10
539.3045424725634
 20
599.0202737871388
 30
0.0
 10
539.3045424725634
 20
599.0202737871388
 30
0.0
 10
541.2896540008516
 20
601.0043413440747
 30
0.0
 10
541.2896540008516
 20
601.0043413440747
 30
0.0
  0
SPLINE
  5
8AF
330
1F
100
AcDbEntity
  8
≥ﬂ¥ÁòÀ◊¢
370
     0
100
AcDbSpline
210
0.0
220
0.0
230
0.0
 70
    24
 71
     3
 72
     8
 73
     4
 74
     0
 42
0.000000001
 43
0.0000000001
 40
0.0
 40
0.0
 40
0.0
 40
0.0
 40
1.0
 40
1.0
 40
1.0
 40
1.0
 10
536.3485375857131
 20
593.3796965652892
 30
0.0
 10
536.3485375857131
 20
593.3796965652892
 30
0.0
 10
536.959260827388
 20
593.9898978212895
 30
0.0
 10
536.959260827388
 20
593.9898978212895
 30
0.0
  0
SPLINE
  5
8B0
330
1F
100
AcDbEntity
  8
≥ﬂ¥ÁòÀ◊¢
370
     0
100
AcDbSpline
210
0.0
220
0.0
230
1.0
 70
    11
 71
     3
 72
    28
 73
    24
 74
     0
 42
0.000000001
 43
0.0000000001
 40
0.0
 40
0.0
 40
0.0
 40
0.0
 40
0.1428571428571428
 40
0.1428571428571428
 40
0.1428571428571428
 40
0.1428571528571428
 40
0.2857142857142857
 40
0.2857142857142857
 40
0.2857142857142857
 40
0.2857142957142857
 40
0.428571428571429
 40
0.428571428571429
 40
0.428571428571429
 40
0.4285714385714289
 40
0.5714285714285714
 40
0.5714285714285714
 40
0.5714285714285714
 40
0.5714285814285715
 40
0.7142857142857145
 40
0.7142857142857145
 40
0.7142857142857145
 40
0.7142857242857146
 40
1.0
 40
1.0
 40
1.0
 40
1.0
 10
537.6294904361931
 20
594.6606494157797
 30
0.0
 10
537.6294904361931
 20
594.6606494157797
 30
0.0
 10
537.8972690883236
 20
594.6606494157797
 30
0.0
 10
537.8972690883236
 20
594.6606494157797
 30
0.0
 10
537.8972690883236
 20
594.6606494157797
 30
0.0
 10
537.8972690883236
 20
594.807849376596
 30
0.0
 10
537.7772123827005
 20
594.9279060822233
 30
0.0
 10
537.6294904361931
 20
594.9279060822233
 30
0.0
 10
537.6294904361931
 20
594.9279060822233
 30
0.0
 10
537.4822904753862
 20
594.9279060822233
 30
0.0
 10
537.3617117840733
 20
594.807849376596
 30
0.0
 10
537.3617117840733
 20
594.6606494157797
 30
0.0
 10
537.3617117840733
 20
594.6606494157797
 30
0.0
 10
537.3617117840733
 20
594.5129274692898
 30
0.0
 10
537.4822904753862
 20
594.3928707636616
 30
0.0
 10
537.6294904361931
 20
594.3928707636616
 30
0.0
 10
537.6294904361931
 20
594.3928707636616
 30
0.0
 10
537.7772123827005
 20
594.3928707636616
 30
0.0
 10
537.8972690883236
 20
594.5129274692898
 30
0.0
 10
537.8972690883236
 20
594.6606494157797
 30
0.0
 10
537.8972690883236
 20
594.6606494157797
 30
0.0
 10
537.8972690883236
 20
594.6606494157797
 30
0.0
 10
537.6294904361931
 20
594.6606494157797
 30
0.0
 10
537.6294904361931
 20
594.6606494157797
 30
0.0
  0
SPLINE
  5
8B1
330
1F
100
AcDbEntity
  8
≥ﬂ¥ÁòÀ◊¢
370
     0
100
AcDbSpline
210
0.0
220
0.0
230
0.0
 70
    24
 71
     3
 72
     8
 73
     4
 74
     0
 42
0.000000001
 43
0.0000000001
 40
0.0
 40
0.0
 40
0.0
 40
0.0
 40
1.0
 40
1.0
 40
1.0
 40
1.0
 10
538.3012860020578
 20
595.3298350532413
 30
0.0
 10
538.3012860020578
 20
595.3298350532413
 30
0.0
 10
541.2896540008516
 20
598.3197690090782
 30
0.0
 10
541.2896540008516
 20
598.3197690090782
 30
0.0
  0
SPLINE
  5
8B2
330
1F
100
AcDbEntity
  8
≥ﬂ¥ÁòÀ◊¢
370
     0
100
AcDbSpline
210
0.0
220
0.0
230
0.0
 70
    24
 71
     3
 72
     8
 73
     4
 74
     0
 42
0.000000001
 43
0.0000000001
 40
0.0
 40
0.0
 40
0.0
 40
0.0
 40
1.0
 40
1.0
 40
1.0
 40
1.0
 10
539.0331099206973
 20
593.3796965652892
 30
0.0
 10
539.0331099206973
 20
593.3796965652892
 30
0.0
 10
540.6491775756169
 20
594.9957642201877
 30
0.0
 10
540.6491775756169
 20
594.9957642201877
 30
0.0
  0
SPLINE
  5
8B3
330
1F
100
AcDbEntity
  8
≥ﬂ¥ÁòÀ◊¢
370
     0
100
AcDbSpline
210
0.0
220
0.0
230
1.0
 70
    11
 71
     3
 72
    28
 73
    24
 74
     0
 42
0.000000001
 43
0.0000000001
 40
0.0
 40
0.0
 40
0.0
 40
0.0
 40
0.1428571428571428
 40
0.1428571428571428
 40
0.1428571428571428
 40
0.1428571528571428
 40
0.2857142857142857
 40
0.2857142857142857
 40
0.2857142857142857
 40
0.2857142957142857
 40
0.428571428571429
 40
0.428571428571429
 40
0.428571428571429
 40
0.4285714385714289
 40
0.5714285714285714
 40
0.5714285714285714
 40
0.5714285714285714
 40
0.5714285814285715
 40
0.7142857142857145
 40
0.7142857142857145
 40
0.7142857142857145
 40
0.7142857242857146
 40
1.0
 40
1.0
 40
1.0
 40
1.0
 10
541.2901759865312
 20
595.6383285881397
 30
0.0
 10
541.2901759865312
 20
595.6383285881397
 30
0.0
 10
541.5574326529718
 20
595.6383285881397
 30
0.0
 10
541.5574326529718
 20
595.6383285881397
 30
0.0
 10
541.5574326529718
 20
595.6383285881397
 30
0.0
 10
541.5574326529718
 20
595.7860505346334
 30
0.0
 10
541.4373759473411
 20
595.9061072402631
 30
0.0
 10
541.2901759865312
 20
595.9061072402631
 30
0.0
 10
541.2901759865312
 20
595.9061072402631
 30
0.0
 10
541.1424540400344
 20
595.9061072402631
 30
0.0
 10
541.0223973344145
 20
595.7860505346334
 30
0.0
 10
541.0223973344145
 20
595.6383285881397
 30
0.0
 10
541.0223973344145
 20
595.6383285881397
 30
0.0
 10
541.0223973344145
 20
595.4911286273269
 30
0.0
 10
541.1424540400344
 20
595.371071921698
 30
0.0
 10
541.2901759865312
 20
595.371071921698
 30
0.0
 10
541.2901759865312
 20
595.371071921698
 30
0.0
 10
541.4373759473411
 20
595.371071921698
 30
0.0
 10
541.5574326529718
 20
595.4911286273269
 30
0.0
 10
541.5574326529718
 20
595.6383285881397
 30
0.0
 10
541.5574326529718
 20
595.6383285881397
 30
0.0
 10
541.5574326529718
 20
595.6383285881397
 30
0.0
 10
541.2901759865312
 20
595.6383285881397
 30
0.0
 10
541.2901759865312
 20
595.6383285881397
 30
0.0
  0
SPLINE
  5
8B4
330
1F
100
AcDbEntity
  8
≥ﬂ¥ÁòÀ◊¢
370
     0
100
AcDbSpline
210
0.0
220
0.0
230
0.0
 70
    24
 71
     3
 72
     8
 73
     4
 74
     0
 42
0.000000001
 43
0.0000000001
 40
0.0
 40
0.0
 40
0.0
 40
0.0
 40
1.0
 40
1.0
 40
1.0
 40
1.0
 10
508.2657081821009
 20
593.2022214352297
 30
0.0
 10
508.2657081821009
 20
593.2022214352297
 30
0.0
 10
508.445271254858
 20
593.3817845079942
 30
0.0
 10
508.445271254858
 20
593.3817845079942
 30
0.0
  0
SPLINE
  5
8B5
330
1F
100
AcDbEntity
  8
≥ﬂ¥ÁòÀ◊¢
370
     0
100
AcDbSpline
210
0.0
220
0.0
230
0.0
 70
    24
 71
     3
 72
     8
 73
     4
 74
     0
 42
0.000000001
 43
0.0000000001
 40
0.0
 40
0.0
 40
0.0
 40
0.0
 40
1.0
 40
1.0
 40
1.0
 40
1.0
 10
508.7193137350936
 20
590.4367413203519
 30
0.0
 10
508.7193137350936
 20
590.4367413203519
 30
0.0
 10
510.6010720994113
 20
592.3158897562822
 30
0.0
 10
510.6010720994113
 20
592.3158897562822
 30
0.0
  0
SPLINE
  5
8B6
330
1F
100
AcDbEntity
  8
≥ﬂ¥ÁòÀ◊¢
370
     0
100
AcDbSpline
210
0.0
220
0.0
230
0.0
 70
    24
 71
     3
 72
     8
 73
     4
 74
     0
 42
0.000000001
 43
0.0000000001
 40
0.0
 40
0.0
 40
0.0
 40
0.0
 40
1.0
 40
1.0
 40
1.0
 40
1.0
 10
508.2657081821009
 20
592.1279749126894
 30
0.0
 10
508.2657081821009
 20
592.1279749126894
 30
0.0
 10
509.5179518203661
 20
593.3817845079942
 30
0.0
 10
509.5179518203661
 20
593.3817845079942
 30
0.0
  0
SPLINE
  5
8B7
330
1F
100
AcDbEntity
  8
≥ﬂ¥ÁòÀ◊¢
370
     0
100
AcDbSpline
210
0.0
220
0.0
230
0.0
 70
    24
 71
     3
 72
     8
 73
     4
 74
     0
 42
0.000000001
 43
0.0000000001
 40
0.0
 40
0.0
 40
0.0
 40
0.0
 40
1.0
 40
1.0
 40
1.0
 40
1.0
 10
509.7382297759107
 20
590.3808888529513
 30
0.0
 10
509.7382297759107
 20
590.3808888529513
 30
0.0
 10
510.6010720994113
 20
591.2437311764465
 30
0.0
 10
510.6010720994113
 20
591.2437311764465
 30
0.0
  0
SPLINE
  5
8B8
330
1F
100
AcDbEntity
  8
≥ﬂ¥ÁòÀ◊¢
370
     0
100
AcDbSpline
210
0.0
220
0.0
230
0.0
 70
    24
 71
     3
 72
     8
 73
     4
 74
     0
 42
0.000000001
 43
0.0000000001
 40
0.0
 40
0.0
 40
0.0
 40
0.0
 40
1.0
 40
1.0
 40
1.0
 40
1.0
 10
509.0064058572571
 20
600.3831783888645
 30
0.0
 10
509.0064058572571
 20
600.3831783888645
 30
0.0
 10
509.4939404792388
 20
600.8717569822063
 30
0.0
 10
509.4939404792388
 20
600.8717569822063
 30
0.0
  0
SPLINE
  5
8B9
330
1F
100
AcDbEntity
  8
≥ﬂ¥ÁòÀ◊¢
370
     0
100
AcDbSpline
210
0.0
220
0.0
230
0.0
 70
    24
 71
     3
 72
     8
 73
     4
 74
     0
 42
0.000000001
 43
0.0000000001
 40
0.0
 40
0.0
 40
0.0
 40
0.0
 40
1.0
 40
1.0
 40
1.0
 40
1.0
 10
508.2657081821009
 20
596.423917031497
 30
0.0
 10
508.2657081821009
 20
596.423917031497
 30
0.0
 10
510.5984621710385
 20
598.7566710204297
 30
0.0
 10
510.5984621710385
 20
598.7566710204297
 30
0.0
  0
SPLINE
  5
8BA
330
1F
100
AcDbEntity
  8
≥ﬂ¥ÁòÀ◊¢
370
     0
100
AcDbSpline
210
0.0
220
0.0
230
0.0
 70
    24
 71
     3
 72
     8
 73
     4
 74
     0
 42
0.000000001
 43
0.0000000001
 40
0.0
 40
0.0
 40
0.0
 40
0.0
 40
1.0
 40
1.0
 40
1.0
 40
1.0
 10
508.4431833121471
 20
593.3817845079942
 30
0.0
 10
508.4431833121471
 20
593.3817845079942
 30
0.0
 10
510.5984621710385
 20
595.5370633668726
 30
0.0
 10
510.5984621710385
 20
595.5370633668726
 30
0.0
  0
SPLINE
  5
8BB
330
1F
100
AcDbEntity
  8
≥ﬂ¥ÁòÀ◊¢
370
     0
100
AcDbSpline
210
0.0
220
0.0
230
0.0
 70
    24
 71
     3
 72
     8
 73
     4
 74
     0
 42
0.000000001
 43
0.0000000001
 40
0.0
 40
0.0
 40
0.0
 40
0.0
 40
1.0
 40
1.0
 40
1.0
 40
1.0
 10
508.2657081821009
 20
598.5687561768399
 30
0.0
 10
508.2657081821009
 20
598.5687561768399
 30
0.0
 10
509.9397162470949
 20
600.2422422561685
 30
0.0
 10
509.9397162470949
 20
600.2422422561685
 30
0.0
  0
SPLINE
  5
8BC
330
1F
100
AcDbEntity
  8
≥ﬂ¥ÁòÀ◊¢
370
     0
100
AcDbSpline
210
0.0
220
0.0
230
0.0
 70
    24
 71
     3
 72
     8
 73
     4
 74
     0
 42
0.000000001
 43
0.0000000001
 40
0.0
 40
0.0
 40
0.0
 40
0.0
 40
1.0
 40
1.0
 40
1.0
 40
1.0
 10
508.2657081821009
 20
595.3491485232789
 30
0.0
 10
508.2657081821009
 20
595.3491485232789
 30
0.0
 10
510.5984621710385
 20
597.6819025122137
 30
0.0
 10
510.5984621710385
 20
597.6819025122137
 30
0.0
  0
SPLINE
  5
8BD
330
1F
100
AcDbEntity
  8
≥ﬂ¥ÁòÀ◊¢
370
     0
100
AcDbSpline
210
0.0
220
0.0
230
0.0
 70
    24
 71
     3
 72
     8
 73
     4
 74
     0
 42
0.000000001
 43
0.0000000001
 40
0.0
 40
0.0
 40
0.0
 40
0.0
 40
1.0
 40
1.0
 40
1.0
 40
1.0
 10
509.5179518203661
 20
593.3817845079942
 30
0.0
 10
509.5179518203661
 20
593.3817845079942
 30
0.0
 10
510.5984621710385
 20
594.462816844332
 30
0.0
 10
510.5984621710385
 20
594.462816844332
 30
0.0
  0
SPLINE
  5
8BE
330
1F
100
AcDbEntity
  8
≥ﬂ¥ÁòÀ◊¢
370
     0
100
AcDbSpline
210
0.0
220
0.0
230
0.0
 70
    24
 71
     3
 72
     8
 73
     4
 74
     0
 42
0.000000001
 43
0.0000000001
 40
0.0
 40
0.0
 40
0.0
 40
0.0
 40
1.0
 40
1.0
 40
1.0
 40
1.0
 10
508.2657081821009
 20
589.9831357673457
 30
0.0
 10
508.2657081821009
 20
589.9831357673457
 30
0.0
 10
508.7193137350936
 20
590.4367413203519
 30
0.0
 10
508.7193137350936
 20
590.4367413203519
 30
0.0
  0
SPLINE
  5
8BF
330
1F
100
AcDbEntity
  8
≥ﬂ¥ÁòÀ◊¢
370
     0
100
AcDbSpline
210
0.0
220
0.0
230
0.0
 70
    24
 71
     3
 72
     8
 73
     4
 74
     0
 42
0.000000001
 43
0.0000000001
 40
0.0
 40
0.0
 40
0.0
 40
0.0
 40
1.0
 40
1.0
 40
1.0
 40
1.0
 10
510.1725218588808
 20
588.6703417905762
 30
0.0
 10
510.1725218588808
 20
588.6703417905762
 30
0.0
 10
510.6010720994113
 20
589.0962821027218
 30
0.0
 10
510.6010720994113
 20
589.0962821027218
 30
0.0
  0
SPLINE
  5
8C0
330
1F
100
AcDbEntity
  8
≥ﬂ¥ÁòÀ◊¢
370
     0
100
AcDbSpline
210
0.0
220
0.0
230
0.0
 70
    24
 71
     3
 72
     8
 73
     4
 74
     0
 42
0.000000001
 43
0.0000000001
 40
0.0
 40
0.0
 40
0.0
 40
0.0
 40
1.0
 40
1.0
 40
1.0
 40
1.0
 10
508.2657081821009
 20
588.9083672591302
 30
0.0
 10
508.2657081821009
 20
588.9083672591302
 30
0.0
 10
509.7382297759107
 20
590.3808888529513
 30
0.0
 10
509.7382297759107
 20
590.3808888529513
 30
0.0
  0
SPLINE
  5
8C1
330
1F
100
AcDbEntity
  8
≥ﬂ¥ÁòÀ◊¢
370
     0
100
AcDbSpline
210
0.0
220
0.0
230
0.0
 70
    24
 71
     3
 72
     8
 73
     4
 74
     0
 42
0.000000001
 43
0.0000000001
 40
0.0
 40
0.0
 40
0.0
 40
0.0
 40
1.0
 40
1.0
 40
1.0
 40
1.0
 10
506.3155696941469
 20
588.0329972793914
 30
0.0
 10
506.3155696941469
 20
588.0329972793914
 30
0.0
 10
507.0369538992628
 20
588.7543814845186
 30
0.0
 10
507.0369538992628
 20
588.7543814845186
 30
0.0
  0
SPLINE
  5
8C2
330
1F
100
AcDbEntity
  8
≥ﬂ¥ÁòÀ◊¢
370
     0
100
AcDbSpline
210
0.0
220
0.0
230
0.0
 70
    24
 71
     3
 72
     8
 73
     4
 74
     0
 42
0.000000001
 43
0.0000000001
 40
0.0
 40
0.0
 40
0.0
 40
0.0
 40
1.0
 40
1.0
 40
1.0
 40
1.0
 10
507.1267354356434
 20
587.7693945126857
 30
0.0
 10
507.1267354356434
 20
587.7693945126857
 30
0.0
 10
508.0511720689822
 20
588.6964410744106
 30
0.0
 10
508.0511720689822
 20
588.6964410744106
 30
0.0
  0
SPLINE
  5
8C3
330
1F
100
AcDbEntity
  8
≥ﬂ¥ÁòÀ◊¢
370
     0
100
AcDbSpline
210
0.0
220
0.0
230
0.0
 70
    24
 71
     3
 72
     8
 73
     4
 74
     0
 42
0.000000001
 43
0.0000000001
 40
0.0
 40
0.0
 40
0.0
 40
0.0
 40
1.0
 40
1.0
 40
1.0
 40
1.0
 10
509.1562157464506
 20
587.6540356781458
 30
0.0
 10
509.1562157464506
 20
587.6540356781458
 30
0.0
 10
510.0806523798
 20
588.5789942971647
 30
0.0
 10
510.0806523798
 20
588.5789942971647
 30
0.0
  0
SPLINE
  5
8C4
330
1F
100
AcDbEntity
  8
≥ﬂ¥ÁòÀ◊¢
370
     0
100
AcDbSpline
210
0.0
220
0.0
230
0.0
 70
    24
 71
     3
 72
     8
 73
     4
 74
     0
 42
0.000000001
 43
0.0000000001
 40
0.0
 40
0.0
 40
0.0
 40
0.0
 40
1.0
 40
1.0
 40
1.0
 40
1.0
 10
510.1704339161768
 20
587.5940073253332
 30
0.0
 10
510.1704339161768
 20
587.5940073253332
 30
0.0
 10
510.6010720994113
 20
588.0241235228882
 30
0.0
 10
510.6010720994113
 20
588.0241235228882
 30
0.0
  0
SPLINE
  5
8C5
330
1F
100
AcDbEntity
  8
≥ﬂ¥ÁòÀ◊¢
370
     0
100
AcDbSpline
210
0.0
220
0.0
230
0.0
 70
    24
 71
     3
 72
     8
 73
     4
 74
     0
 42
0.000000001
 43
0.0000000001
 40
0.0
 40
0.0
 40
0.0
 40
0.0
 40
1.0
 40
1.0
 40
1.0
 40
1.0
 10
512.1978262842735
 20
587.4765605480859
 30
0.0
 10
512.1978262842735
 20
587.4765605480859
 30
0.0
 10
512.7866261275316
 20
588.0648384056687
 30
0.0
 10
512.7866261275316
 20
588.0648384056687
 30
0.0
  0
SPLINE
  5
8C6
330
1F
100
AcDbEntity
  8
≥ﬂ¥ÁòÀ◊¢
370
     0
100
AcDbSpline
210
0.0
220
0.0
230
0.0
 70
    24
 71
     3
 72
     8
 73
     4
 74
     0
 42
0.000000001
 43
0.0000000001
 40
0.0
 40
0.0
 40
0.0
 40
0.0
 40
1.0
 40
1.0
 40
1.0
 40
1.0
 10
510.5984621710385
 20
588.0241235228882
 30
0.0
 10
510.5984621710385
 20
588.0241235228882
 30
0.0
 10
511.0927826068115
 20
588.5189659443507
 30
0.0
 10
511.0927826068115
 20
588.5189659443507
 30
0.0
  0
SPLINE
  5
8C7
330
1F
100
AcDbEntity
  8
≥ﬂ¥ÁòÀ◊¢
370
     0
100
AcDbSpline
210
0.0
220
0.0
230
0.0
 70
    24
 71
     3
 72
     8
 73
     4
 74
     0
 42
0.000000001
 43
0.0000000001
 40
0.0
 40
0.0
 40
0.0
 40
0.0
 40
1.0
 40
1.0
 40
1.0
 40
1.0
 10
507.8157565288193
 20
586.3140984461922
 30
0.0
 10
507.8157565288193
 20
586.3140984461922
 30
0.0
 10
508.9589051606782
 20
587.4572470780495
 30
0.0
 10
508.9589051606782
 20
587.4572470780495
 30
0.0
  0
SPLINE
  5
8C8
330
1F
100
AcDbEntity
  8
≥ﬂ¥ÁòÀ◊¢
370
     0
100
AcDbSpline
210
0.0
220
0.0
230
0.0
 70
    24
 71
     3
 72
     8
 73
     4
 74
     0
 42
0.000000001
 43
0.0000000001
 40
0.0
 40
0.0
 40
0.0
 40
0.0
 40
1.0
 40
1.0
 40
1.0
 40
1.0
 10
511.0844308359956
 20
586.3631650997972
 30
0.0
 10
511.0844308359956
 20
586.3631650997972
 30
0.0
 10
511.2681697941641
 20
586.5474260436521
 30
0.0
 10
511.2681697941641
 20
586.5474260436521
 30
0.0
  0
SPLINE
  5
8C9
330
1F
100
AcDbEntity
  8
≥ﬂ¥ÁòÀ◊¢
370
     0
100
AcDbSpline
210
0.0
220
0.0
230
0.0
 70
    24
 71
     3
 72
     8
 73
     4
 74
     0
 42
0.000000001
 43
0.0000000001
 40
0.0
 40
0.0
 40
0.0
 40
0.0
 40
1.0
 40
1.0
 40
1.0
 40
1.0
 10
508.5204371922931
 20
585.9455765584796
 30
0.0
 10
508.5204371922931
 20
585.9455765584796
 30
0.0
 10
510.0336736688936
 20
587.4572470780495
 30
0.0
 10
510.0336736688936
 20
587.4572470780495
 30
0.0
  0
SPLINE
  5
8CA
330
1F
100
AcDbEntity
  8
≥ﬂ¥ÁòÀ◊¢
370
     0
100
AcDbSpline
210
0.0
220
0.0
230
1.0
 70
    11
 71
     3
 72
    16
 73
    12
 74
     0
 42
0.000000001
 43
0.0000000001
 40
0.0
 40
0.0
 40
0.0
 40
0.0
 40
0.25
 40
0.25
 40
0.25
 40
0.25000001
 40
0.5
 40
0.5
 40
0.5
 40
0.5000000100000001
 40
1.0
 40
1.0
 40
1.0
 40
1.0
 10
517.0011384807869
 20
592.2668231026772
 30
0.0
 10
517.0011384807869
 20
592.2668231026772
 30
0.0
 10
515.3699332412636
 20
593.3817845079942
 30
0.0
 10
515.3699332412636
 20
593.3817845079942
 30
0.0
 10
515.3699332412636
 20
593.3817845079942
 30
0.0
 10
515.3699332412636
 20
593.3817845079942
 30
0.0
 10
517.0011384807869
 20
593.3817845079942
 30
0.0
 10
517.0011384807869
 20
593.3817845079942
 30
0.0
 10
517.0011384807869
 20
593.3817845079942
 30
0.0
 10
517.0011384807869
 20
593.3817845079942
 30
0.0
 10
517.0011384807869
 20
592.2668231026772
 30
0.0
 10
517.0011384807869
 20
592.2668231026772
 30
0.0
  0
SPLINE
  5
8CB
330
1F
100
AcDbEntity
  8
≥ﬂ¥ÁòÀ◊¢
370
     0
100
AcDbSpline
210
0.0
220
0.0
230
1.0
 70
    11
 71
     3
 72
    16
 73
    12
 74
     0
 42
0.000000001
 43
0.0000000001
 40
0.0
 40
0.0
 40
0.0
 40
0.0
 40
0.25
 40
0.25
 40
0.25
 40
0.25000001
 40
0.5
 40
0.5
 40
0.5
 40
0.5000000100000001
 40
1.0
 40
1.0
 40
1.0
 40
1.0
 10
517.0011384807869
 20
592.2668231026772
 30
0.0
 10
517.0011384807869
 20
592.2668231026772
 30
0.0
 10
517.0011384807869
 20
593.3817845079942
 30
0.0
 10
517.0011384807869
 20
593.3817845079942
 30
0.0
 10
517.0011384807869
 20
593.3817845079942
 30
0.0
 10
517.0011384807869
 20
593.3817845079942
 30
0.0
 10
530.3879831440748
 20
592.2668231026772
 30
0.0
 10
530.3879831440748
 20
592.2668231026772
 30
0.0
 10
530.3879831440748
 20
592.2668231026772
 30
0.0
 10
530.3879831440748
 20
592.2668231026772
 30
0.0
 10
517.0011384807869
 20
592.2668231026772
 30
0.0
 10
517.0011384807869
 20
592.2668231026772
 30
0.0
  0
SPLINE
  5
8CC
330
1F
100
AcDbEntity
  8
≥ﬂ¥ÁòÀ◊¢
370
     0
100
AcDbSpline
210
0.0
220
0.0
230
1.0
 70
    11
 71
     3
 72
    16
 73
    12
 74
     0
 42
0.000000001
 43
0.0000000001
 40
0.0
 40
0.0
 40
0.0
 40
0.0
 40
0.25
 40
0.25
 40
0.25
 40
0.25000001
 40
0.5
 40
0.5
 40
0.5
 40
0.5000000100000001
 40
1.0
 40
1.0
 40
1.0
 40
1.0
 10
530.3879831440748
 20
592.2668231026772
 30
0.0
 10
530.3879831440748
 20
592.2668231026772
 30
0.0
 10
517.0011384807869
 20
593.3817845079942
 30
0.0
 10
517.0011384807869
 20
593.3817845079942
 30
0.0
 10
517.0011384807869
 20
593.3817845079942
 30
0.0
 10
517.0011384807869
 20
593.3817845079942
 30
0.0
 10
530.3879831440748
 20
593.3817845079942
 30
0.0
 10
530.3879831440748
 20
593.3817845079942
 30
0.0
 10
530.3879831440748
 20
593.3817845079942
 30
0.0
 10
530.3879831440748
 20
593.3817845079942
 30
0.0
 10
530.3879831440748
 20
592.2668231026772
 30
0.0
 10
530.3879831440748
 20
592.2668231026772
 30
0.0
  0
SPLINE
  5
8CD
330
1F
100
AcDbEntity
  8
≥ﬂ¥ÁòÀ◊¢
370
     0
100
AcDbSpline
210
0.0
220
0.0
230
1.0
 70
    11
 71
     3
 72
    16
 73
    12
 74
     0
 42
0.000000001
 43
0.0000000001
 40
0.0
 40
0.0
 40
0.0
 40
0.0
 40
0.25
 40
0.25
 40
0.25
 40
0.25000001
 40
0.5
 40
0.5
 40
0.5
 40
0.5000000100000001
 40
1.0
 40
1.0
 40
1.0
 40
1.0
 10
530.3879831440748
 20
592.2668231026772
 30
0.0
 10
530.3879831440748
 20
592.2668231026772
 30
0.0
 10
530.3879831440748
 20
593.3817845079942
 30
0.0
 10
530.3879831440748
 20
593.3817845079942
 30
0.0
 10
530.3879831440748
 20
593.3817845079942
 30
0.0
 10
530.3879831440748
 20
593.3817845079942
 30
0.0
 10
532.3161982336126
 20
591.9990444505572
 30
0.0
 10
532.3161982336126
 20
591.9990444505572
 30
0.0
 10
532.3161982336126
 20
591.9990444505572
 30
0.0
 10
532.3161982336126
 20
591.9990444505572
 30
0.0
 10
530.3879831440748
 20
592.2668231026772
 30
0.0
 10
530.3879831440748
 20
592.2668231026772
 30
0.0
  0
SPLINE
  5
8CE
330
1F
100
AcDbEntity
  8
≥ﬂ¥ÁòÀ◊¢
370
     0
100
AcDbSpline
210
0.0
220
0.0
230
1.0
 70
    11
 71
     3
 72
    16
 73
    12
 74
     0
 42
0.000000001
 43
0.0000000001
 40
0.0
 40
0.0
 40
0.0
 40
0.0
 40
0.25
 40
0.25
 40
0.25
 40
0.25000001
 40
0.5
 40
0.5
 40
0.5
 40
0.5000000100000001
 40
1.0
 40
1.0
 40
1.0
 40
1.0
 10
532.3161982336126
 20
591.9990444505572
 30
0.0
 10
532.3161982336126
 20
591.9990444505572
 30
0.0
 10
530.3879831440748
 20
593.3817845079942
 30
0.0
 10
530.3879831440748
 20
593.3817845079942
 30
0.0
 10
530.3879831440748
 20
593.3817845079942
 30
0.0
 10
530.3879831440748
 20
593.3817845079942
 30
0.0
 10
532.3161982336126
 20
593.3817845079942
 30
0.0
 10
532.3161982336126
 20
593.3817845079942
 30
0.0
 10
532.3161982336126
 20
593.3817845079942
 30
0.0
 10
532.3161982336126
 20
593.3817845079942
 30
0.0
 10
532.3161982336126
 20
591.9990444505572
 30
0.0
 10
532.3161982336126
 20
591.9990444505572
 30
0.0
  0
SPLINE
  5
8CF
330
1F
100
AcDbEntity
  8
≥ﬂ¥ÁòÀ◊¢
370
     0
100
AcDbSpline
210
0.0
220
0.0
230
1.0
 70
    11
 71
     3
 72
    16
 73
    12
 74
     0
 42
0.000000001
 43
0.0000000001
 40
0.0
 40
0.0
 40
0.0
 40
0.0
 40
0.25
 40
0.25
 40
0.25
 40
0.25000001
 40
0.5
 40
0.5
 40
0.5
 40
0.5000000100000001
 40
1.0
 40
1.0
 40
1.0
 40
1.0
 10
532.3161982336126
 20
591.9990444505572
 30
0.0
 10
532.3161982336126
 20
591.9990444505572
 30
0.0
 10
532.3161982336126
 20
593.3817845079942
 30
0.0
 10
532.3161982336126
 20
593.3817845079942
 30
0.0
 10
532.3161982336126
 20
593.3817845079942
 30
0.0
 10
532.3161982336126
 20
593.3817845079942
 30
0.0
 10
534.0993013050301
 20
591.2202418209999
 30
0.0
 10
534.0993013050301
 20
591.2202418209999
 30
0.0
 10
534.0993013050301
 20
591.2202418209999
 30
0.0
 10
534.0993013050301
 20
591.2202418209999
 30
0.0
 10
532.3161982336126
 20
591.9990444505572
 30
0.0
 10
532.3161982336126
 20
591.9990444505572
 30
0.0
  0
SPLINE
  5
8D0
330
1F
100
AcDbEntity
  8
≥ﬂ¥ÁòÀ◊¢
370
     0
100
AcDbSpline
210
0.0
220
0.0
230
1.0
 70
    11
 71
     3
 72
    16
 73
    12
 74
     0
 42
0.000000001
 43
0.0000000001
 40
0.0
 40
0.0
 40
0.0
 40
0.0
 40
0.25
 40
0.25
 40
0.25
 40
0.25000001
 40
0.5
 40
0.5
 40
0.5
 40
0.5000000100000001
 40
1.0
 40
1.0
 40
1.0
 40
1.0
 10
534.0993013050301
 20
591.2202418209999
 30
0.0
 10
534.0993013050301
 20
591.2202418209999
 30
0.0
 10
532.3161982336126
 20
593.3817845079942
 30
0.0
 10
532.3161982336126
 20
593.3817845079942
 30
0.0
 10
532.3161982336126
 20
593.3817845079942
 30
0.0
 10
532.3161982336126
 20
593.3817845079942
 30
0.0
 10
534.0993013050301
 20
593.3817845079942
 30
0.0
 10
534.0993013050301
 20
593.3817845079942
 30
0.0
 10
534.0993013050301
 20
593.3817845079942
 30
0.0
 10
534.0993013050301
 20
593.3817845079942
 30
0.0
 10
534.0993013050301
 20
591.2202418209999
 30
0.0
 10
534.0993013050301
 20
591.2202418209999
 30
0.0
  0
SPLINE
  5
8D1
330
1F
100
AcDbEntity
  8
≥ﬂ¥ÁòÀ◊¢
370
     0
100
AcDbSpline
210
0.0
220
0.0
230
1.0
 70
    11
 71
     3
 72
    16
 73
    12
 74
     0
 42
0.000000001
 43
0.0000000001
 40
0.0
 40
0.0
 40
0.0
 40
0.0
 40
0.25
 40
0.25
 40
0.25
 40
0.25000001
 40
0.5
 40
0.5
 40
0.5
 40
0.5000000100000001
 40
1.0
 40
1.0
 40
1.0
 40
1.0
 10
534.0993013050301
 20
591.2202418209999
 30
0.0
 10
534.0993013050301
 20
591.2202418209999
 30
0.0
 10
534.0993013050301
 20
593.3817845079942
 30
0.0
 10
534.0993013050301
 20
593.3817845079942
 30
0.0
 10
534.0993013050301
 20
593.3817845079942
 30
0.0
 10
534.0993013050301
 20
593.3817845079942
 30
0.0
 10
535.6041860108147
 20
589.9873116527592
 30
0.0
 10
535.6041860108147
 20
589.9873116527592
 30
0.0
 10
535.6041860108147
 20
589.9873116527592
 30
0.0
 10
535.6041860108147
 20
589.9873116527592
 30
0.0
 10
534.0993013050301
 20
591.2202418209999
 30
0.0
 10
534.0993013050301
 20
591.2202418209999
 30
0.0
  0
SPLINE
  5
8D2
330
1F
100
AcDbEntity
  8
≥ﬂ¥ÁòÀ◊¢
370
     0
100
AcDbSpline
210
0.0
220
0.0
230
1.0
 70
    11
 71
     3
 72
    16
 73
    12
 74
     0
 42
0.000000001
 43
0.0000000001
 40
0.0
 40
0.0
 40
0.0
 40
0.0
 40
0.25
 40
0.25
 40
0.25
 40
0.25000001
 40
0.5
 40
0.5
 40
0.5
 40
0.5000000100000001
 40
1.0
 40
1.0
 40
1.0
 40
1.0
 10
535.6041860108147
 20
589.9873116527592
 30
0.0
 10
535.6041860108147
 20
589.9873116527592
 30
0.0
 10
534.0993013050301
 20
593.3817845079942
 30
0.0
 10
534.0993013050301
 20
593.3817845079942
 30
0.0
 10
534.0993013050301
 20
593.3817845079942
 30
0.0
 10
534.0993013050301
 20
593.3817845079942
 30
0.0
 10
535.6041860108147
 20
593.3817845079942
 30
0.0
 10
535.6041860108147
 20
593.3817845079942
 30
0.0
 10
535.6041860108147
 20
593.3817845079942
 30
0.0
 10
535.6041860108147
 20
593.3817845079942
 30
0.0
 10
535.6041860108147
 20
589.9873116527592
 30
0.0
 10
535.6041860108147
 20
589.9873116527592
 30
0.0
  0
SPLINE
  5
8D3
330
1F
100
AcDbEntity
  8
≥ﬂ¥ÁòÀ◊¢
370
     0
100
AcDbSpline
210
0.0
220
0.0
230
1.0
 70
    11
 71
     3
 72
    16
 73
    12
 74
     0
 42
0.000000001
 43
0.0000000001
 40
0.0
 40
0.0
 40
0.0
 40
0.0
 40
0.25
 40
0.25
 40
0.25
 40
0.25000001
 40
0.5
 40
0.5
 40
0.5
 40
0.5000000100000001
 40
1.0
 40
1.0
 40
1.0
 40
1.0
 10
535.6041860108147
 20
589.9873116527592
 30
0.0
 10
535.6041860108147
 20
589.9873116527592
 30
0.0
 10
535.6041860108147
 20
593.3817845079942
 30
0.0
 10
535.6041860108147
 20
593.3817845079942
 30
0.0
 10
535.6041860108147
 20
593.3817845079942
 30
0.0
 10
535.6041860108147
 20
593.3817845079942
 30
0.0
 10
536.7191474161378
 20
588.3900354822181
 30
0.0
 10
536.7191474161378
 20
588.3900354822181
 30
0.0
 10
536.7191474161378
 20
588.3900354822181
 30
0.0
 10
536.7191474161378
 20
588.3900354822181
 30
0.0
 10
535.6041860108147
 20
589.9873116527592
 30
0.0
 10
535.6041860108147
 20
589.9873116527592
 30
0.0
  0
SPLINE
  5
8D4
330
1F
100
AcDbEntity
  8
≥ﬂ¥ÁòÀ◊¢
370
     0
100
AcDbSpline
210
0.0
220
0.0
230
1.0
 70
    11
 71
     3
 72
    16
 73
    12
 74
     0
 42
0.000000001
 43
0.0000000001
 40
0.0
 40
0.0
 40
0.0
 40
0.0
 40
0.25
 40
0.25
 40
0.25
 40
0.25000001
 40
0.5
 40
0.5
 40
0.5
 40
0.5000000100000001
 40
1.0
 40
1.0
 40
1.0
 40
1.0
 10
536.7191474161378
 20
588.3900354822181
 30
0.0
 10
536.7191474161378
 20
588.3900354822181
 30
0.0
 10
535.6041860108147
 20
593.3817845079942
 30
0.0
 10
535.6041860108147
 20
593.3817845079942
 30
0.0
 10
535.6041860108147
 20
593.3817845079942
 30
0.0
 10
535.6041860108147
 20
593.3817845079942
 30
0.0
 10
536.7191474161378
 20
593.3817845079942
 30
0.0
 10
536.7191474161378
 20
593.3817845079942
 30
0.0
 10
536.7191474161378
 20
593.3817845079942
 30
0.0
 10
536.7191474161378
 20
593.3817845079942
 30
0.0
 10
536.7191474161378
 20
588.3900354822181
 30
0.0
 10
536.7191474161378
 20
588.3900354822181
 30
0.0
  0
SPLINE
  5
8D5
330
1F
100
AcDbEntity
  8
≥ﬂ¥ÁòÀ◊¢
370
     0
100
AcDbSpline
210
0.0
220
0.0
230
1.0
 70
    11
 71
     3
 72
    16
 73
    12
 74
     0
 42
0.000000001
 43
0.0000000001
 40
0.0
 40
0.0
 40
0.0
 40
0.0
 40
0.25
 40
0.25
 40
0.25
 40
0.25000001
 40
0.5
 40
0.5
 40
0.5
 40
0.5000000100000001
 40
1.0
 40
1.0
 40
1.0
 40
1.0
 10
536.7191474161378
 20
588.3900354822181
 30
0.0
 10
536.7191474161378
 20
588.3900354822181
 30
0.0
 10
536.7191474161378
 20
593.3817845079942
 30
0.0
 10
536.7191474161378
 20
593.3817845079942
 30
0.0
 10
536.7191474161378
 20
593.3817845079942
 30
0.0
 10
536.7191474161378
 20
593.3817845079942
 30
0.0
 10
537.3570139129927
 20
586.5516019290668
 30
0.0
 10
537.3570139129927
 20
586.5516019290668
 30
0.0
 10
537.3570139129927
 20
586.5516019290668
 30
0.0
 10
537.3570139129927
 20
586.5516019290668
 30
0.0
 10
536.7191474161378
 20
588.3900354822181
 30
0.0
 10
536.7191474161378
 20
588.3900354822181
 30
0.0
  0
SPLINE
  5
8D6
330
1F
100
AcDbEntity
  8
≥ﬂ¥ÁòÀ◊¢
370
     0
100
AcDbSpline
210
0.0
220
0.0
230
1.0
 70
    11
 71
     3
 72
    16
 73
    12
 74
     0
 42
0.000000001
 43
0.0000000001
 40
0.0
 40
0.0
 40
0.0
 40
0.0
 40
0.25
 40
0.25
 40
0.25
 40
0.25000001
 40
0.5
 40
0.5
 40
0.5
 40
0.5000000100000001
 40
1.0
 40
1.0
 40
1.0
 40
1.0
 10
537.3570139129927
 20
586.5516019290668
 30
0.0
 10
537.3570139129927
 20
586.5516019290668
 30
0.0
 10
536.7191474161378
 20
593.3817845079942
 30
0.0
 10
536.7191474161378
 20
593.3817845079942
 30
0.0
 10
536.7191474161378
 20
593.3817845079942
 30
0.0
 10
536.7191474161378
 20
593.3817845079942
 30
0.0
 10
537.3570139129927
 20
593.3817845079942
 30
0.0
 10
537.3570139129927
 20
593.3817845079942
 30
0.0
 10
537.3570139129927
 20
593.3817845079942
 30
0.0
 10
537.3570139129927
 20
593.3817845079942
 30
0.0
 10
537.3570139129927
 20
586.5516019290668
 30
0.0
 10
537.3570139129927
 20
586.5516019290668
 30
0.0
  0
SPLINE
  5
8D7
330
1F
100
AcDbEntity
  8
≥ﬂ¥ÁòÀ◊¢
370
     0
100
AcDbSpline
210
0.0
220
0.0
230
1.0
 70
    11
 71
     3
 72
    16
 73
    12
 74
     0
 42
0.000000001
 43
0.0000000001
 40
0.0
 40
0.0
 40
0.0
 40
0.0
 40
0.25
 40
0.25
 40
0.25
 40
0.25000001
 40
0.5
 40
0.5
 40
0.5
 40
0.5000000100000001
 40
1.0
 40
1.0
 40
1.0
 40
1.0
 10
537.3570139129927
 20
586.5516019290668
 30
0.0
 10
537.3570139129927
 20
586.5516019290668
 30
0.0
 10
537.3570139129927
 20
593.3817845079942
 30
0.0
 10
537.3570139129927
 20
593.3817845079942
 30
0.0
 10
537.3570139129927
 20
593.3817845079942
 30
0.0
 10
537.3570139129927
 20
593.3817845079942
 30
0.0
 10
538.1039754162818
 20
589.1244693292613
 30
0.0
 10
538.1039754162818
 20
589.1244693292613
 30
0.0
 10
538.1039754162818
 20
589.1244693292613
 30
0.0
 10
538.1039754162818
 20
589.1244693292613
 30
0.0
 10
537.3570139129927
 20
586.5516019290668
 30
0.0
 10
537.3570139129927
 20
586.5516019290668
 30
0.0
  0
SPLINE
  5
8D8
330
1F
100
AcDbEntity
  8
≥ﬂ¥ÁòÀ◊¢
370
     0
100
AcDbSpline
210
0.0
220
0.0
230
1.0
 70
    11
 71
     3
 72
    16
 73
    12
 74
     0
 42
0.000000001
 43
0.0000000001
 40
0.0
 40
0.0
 40
0.0
 40
0.0
 40
0.25
 40
0.25
 40
0.25
 40
0.25000001
 40
0.5
 40
0.5
 40
0.5
 40
0.5000000100000001
 40
1.0
 40
1.0
 40
1.0
 40
1.0
 10
538.1039754162818
 20
589.1244693292613
 30
0.0
 10
538.1039754162818
 20
589.1244693292613
 30
0.0
 10
537.3570139129927
 20
593.3817845079942
 30
0.0
 10
537.3570139129927
 20
593.3817845079942
 30
0.0
 10
537.3570139129927
 20
593.3817845079942
 30
0.0
 10
537.3570139129927
 20
593.3817845079942
 30
0.0
 10
538.1039754162818
 20
593.3817845079942
 30
0.0
 10
538.1039754162818
 20
593.3817845079942
 30
0.0
 10
538.1039754162818
 20
593.3817845079942
 30
0.0
 10
538.1039754162818
 20
593.3817845079942
 30
0.0
 10
538.1039754162818
 20
589.1244693292613
 30
0.0
 10
538.1039754162818
 20
589.1244693292613
 30
0.0
  0
SPLINE
  5
8D9
330
1F
100
AcDbEntity
  8
≥ﬂ¥ÁòÀ◊¢
370
     0
100
AcDbSpline
210
0.0
220
0.0
230
1.0
 70
    11
 71
     3
 72
    16
 73
    12
 74
     0
 42
0.000000001
 43
0.0000000001
 40
0.0
 40
0.0
 40
0.0
 40
0.0
 40
0.25
 40
0.25
 40
0.25
 40
0.25000001
 40
0.5
 40
0.5
 40
0.5
 40
0.5000000100000001
 40
1.0
 40
1.0
 40
1.0
 40
1.0
 10
538.1039754162818
 20
589.1244693292613
 30
0.0
 10
538.1039754162818
 20
589.1244693292613
 30
0.0
 10
538.1039754162818
 20
593.3817845079942
 30
0.0
 10
538.1039754162818
 20
593.3817845079942
 30
0.0
 10
538.1039754162818
 20
593.3817845079942
 30
0.0
 10
538.1039754162818
 20
593.3817845079942
 30
0.0
 10
539.4418247055296
 20
591.4446956619582
 30
0.0
 10
539.4418247055296
 20
591.4446956619582
 30
0.0
 10
539.4418247055296
 20
591.4446956619582
 30
0.0
 10
539.4418247055296
 20
591.4446956619582
 30
0.0
 10
538.1039754162818
 20
589.1244693292613
 30
0.0
 10
538.1039754162818
 20
589.1244693292613
 30
0.0
  0
SPLINE
  5
8DA
330
1F
100
AcDbEntity
  8
≥ﬂ¥ÁòÀ◊¢
370
     0
100
AcDbSpline
210
0.0
220
0.0
230
1.0
 70
    11
 71
     3
 72
    16
 73
    12
 74
     0
 42
0.000000001
 43
0.0000000001
 40
0.0
 40
0.0
 40
0.0
 40
0.0
 40
0.25
 40
0.25
 40
0.25
 40
0.25000001
 40
0.5
 40
0.5
 40
0.5
 40
0.5000000100000001
 40
1.0
 40
1.0
 40
1.0
 40
1.0
 10
539.4418247055296
 20
591.4446956619582
 30
0.0
 10
539.4418247055296
 20
591.4446956619582
 30
0.0
 10
538.1039754162818
 20
593.3817845079942
 30
0.0
 10
538.1039754162818
 20
593.3817845079942
 30
0.0
 10
538.1039754162818
 20
593.3817845079942
 30
0.0
 10
538.1039754162818
 20
593.3817845079942
 30
0.0
 10
539.4418247055296
 20
593.3817845079942
 30
0.0
 10
539.4418247055296
 20
593.3817845079942
 30
0.0
 10
539.4418247055296
 20
593.3817845079942
 30
0.0
 10
539.4418247055296
 20
593.3817845079942
 30
0.0
 10
539.4418247055296
 20
591.4446956619582
 30
0.0
 10
539.4418247055296
 20
591.4446956619582
 30
0.0
  0
SPLINE
  5
8DB
330
1F
100
AcDbEntity
  8
≥ﬂ¥ÁòÀ◊¢
370
     0
100
AcDbSpline
210
0.0
220
0.0
230
1.0
 70
    11
 71
     3
 72
    16
 73
    12
 74
     0
 42
0.000000001
 43
0.0000000001
 40
0.0
 40
0.0
 40
0.0
 40
0.0
 40
0.25
 40
0.25
 40
0.25
 40
0.25000001
 40
0.5
 40
0.5
 40
0.5
 40
0.5000000100000001
 40
1.0
 40
1.0
 40
1.0
 40
1.0
 10
539.4418247055296
 20
591.4446956619582
 30
0.0
 10
539.4418247055296
 20
591.4446956619582
 30
0.0
 10
539.4418247055296
 20
593.3817845079942
 30
0.0
 10
539.4418247055296
 20
593.3817845079942
 30
0.0
 10
539.4418247055296
 20
593.3817845079942
 30
0.0
 10
539.4418247055296
 20
593.3817845079942
 30
0.0
 10
541.2912199578761
 20
593.3817845079942
 30
0.0
 10
541.2912199578761
 20
593.3817845079942
 30
0.0
 10
541.2912199578761
 20
593.3817845079942
 30
0.0
 10
541.2912199578761
 20
593.3817845079942
 30
0.0
 10
539.4418247055296
 20
591.4446956619582
 30
0.0
 10
539.4418247055296
 20
591.4446956619582
 30
0.0
  0
SPLINE
  5
8DC
330
1F
100
AcDbEntity
  8
≥ﬂ¥ÁòÀ◊¢
370
     0
100
AcDbSpline
210
0.0
220
0.0
230
1.0
 70
    11
 71
     3
 72
    16
 73
    12
 74
     0
 42
0.000000001
 43
0.0000000001
 40
0.0
 40
0.0
 40
0.0
 40
0.0
 40
0.25
 40
0.25
 40
0.25
 40
0.25000001
 40
0.5
 40
0.5
 40
0.5
 40
0.5000000100000001
 40
1.0
 40
1.0
 40
1.0
 40
1.0
 10
537.4942961459485
 20
579.0939925668084
 30
0.0
 10
537.4942961459485
 20
579.0939925668084
 30
0.0
 10
534.424498381587
 20
579.5674335755269
 30
0.0
 10
534.424498381587
 20
579.5674335755269
 30
0.0
 10
534.424498381587
 20
579.5674335755269
 30
0.0
 10
534.424498381587
 20
579.5674335755269
 30
0.0
 10
534.424498381587
 20
578.6210735437657
 30
0.0
 10
534.424498381587
 20
578.6210735437657
 30
0.0
 10
534.424498381587
 20
578.6210735437657
 30
0.0
 10
534.424498381587
 20
578.6210735437657
 30
0.0
 10
537.4942961459485
 20
579.0939925668084
 30
0.0
 10
537.4942961459485
 20
579.0939925668084
 30
0.0
  0
SPLINE
  5
8DD
330
1F
100
AcDbEntity
  8
≥ﬂ¥ÁòÀ◊¢
370
     0
100
AcDbSpline
210
0.0
220
0.0
230
1.0
 70
    11
 71
     3
 72
    16
 73
    12
 74
     0
 42
0.000000001
 43
0.0000000001
 40
0.0
 40
0.0
 40
0.0
 40
0.0
 40
0.25
 40
0.25
 40
0.25
 40
0.25000001
 40
0.5
 40
0.5
 40
0.5
 40
0.5000000100000001
 40
1.0
 40
1.0
 40
1.0
 40
1.0
 10
541.2896540008516
 20
579.0939925668084
 30
0.0
 10
541.2896540008516
 20
579.0939925668084
 30
0.0
 10
544.3584077938643
 20
578.6210735437657
 30
0.0
 10
544.3584077938643
 20
578.6210735437657
 30
0.0
 10
544.3584077938643
 20
578.6210735437657
 30
0.0
 10
544.3584077938643
 20
578.6210735437657
 30
0.0
 10
544.3584077938643
 20
579.5674335755269
 30
0.0
 10
544.3584077938643
 20
579.5674335755269
 30
0.0
 10
544.3584077938643
 20
579.5674335755269
 30
0.0
 10
544.3584077938643
 20
579.5674335755269
 30
0.0
 10
541.2896540008516
 20
579.0939925668084
 30
0.0
 10
541.2896540008516
 20
579.0939925668084
 30
0.0
  0
SPLINE
  5
8DE
330
1F
100
AcDbEntity
  8
≥ﬂ¥ÁòÀ◊¢
370
     0
100
AcDbSpline
210
0.0
220
0.0
230
0.0
 70
    24
 71
     3
 72
     8
 73
     4
 74
     0
 42
0.000000001
 43
0.0000000001
 40
0.0
 40
0.0
 40
0.0
 40
0.0
 40
1.0
 40
1.0
 40
1.0
 40
1.0
 10
525.7000297821007
 20
578.2937885245096
 30
0.0
 10
525.7000297821007
 20
578.2937885245096
 30
0.0
 10
528.620017657272
 20
578.2937885245096
 30
0.0
 10
528.620017657272
 20
578.2937885245096
 30
0.0
  0
SPLINE
  5
8DF
330
1F
100
AcDbEntity
  8
≥ﬂ¥ÁòÀ◊¢
370
     0
100
AcDbSpline
210
0.0
220
0.0
230
0.0
 70
    24
 71
     3
 72
     8
 73
     4
 74
     0
 42
0.000000001
 43
0.0000000001
 40
0.0
 40
0.0
 40
0.0
 40
0.0
 40
1.0
 40
1.0
 40
1.0
 40
1.0
 10
541.2896540008516
 20
591.8601962605691
 30
0.0
 10
541.2896540008516
 20
591.8601962605691
 30
0.0
 10
541.2896540008516
 20
575.298634711908
 30
0.0
 10
541.2896540008516
 20
575.298634711908
 30
0.0
  0
SPLINE
  5
8E0
330
1F
100
AcDbEntity
  8
≥ﬂ¥ÁòÀ◊¢
370
     0
100
AcDbSpline
210
0.0
220
0.0
230
0.0
 70
    24
 71
     3
 72
     8
 73
     4
 74
     0
 42
0.000000001
 43
0.0000000001
 40
0.0
 40
0.0
 40
0.0
 40
0.0
 40
1.0
 40
1.0
 40
1.0
 40
1.0
 10
537.4942961459485
 20
579.0939925668084
 30
0.0
 10
537.4942961459485
 20
579.0939925668084
 30
0.0
 10
531.4042892565187
 20
579.0939925668084
 30
0.0
 10
531.4042892565187
 20
579.0939925668084
 30
0.0
  0
SPLINE
  5
8E1
330
1F
100
AcDbEntity
  8
≥ﬂ¥ÁòÀ◊¢
370
     0
100
AcDbSpline
210
0.0
220
0.0
230
0.0
 70
    24
 71
     3
 72
     8
 73
     4
 74
     0
 42
0.000000001
 43
0.0000000001
 40
0.0
 40
0.0
 40
0.0
 40
0.0
 40
1.0
 40
1.0
 40
1.0
 40
1.0
 10
541.2896540008516
 20
579.0939925668084
 30
0.0
 10
541.2896540008516
 20
579.0939925668084
 30
0.0
 10
547.1927900180563
 20
579.0939925668084
 30
0.0
 10
547.1927900180563
 20
579.0939925668084
 30
0.0
  0
TEXT
  5
8E2
330
1F
100
AcDbEntity
  8
≥ﬂ¥ÁòÀ◊¢
370
     0
100
AcDbText
 10
525.649168266359
 20
578.9297357802612
 30
0.0
 40
3.236269436358576
  1
1
  7
0
100
AcDbText
  0
TEXT
  5
8E3
330
1F
100
AcDbEntity
  8
≥ﬂ¥ÁòÀ◊¢
370
     0
100
AcDbText
 10
525.6581579668219
 20
574.4029721043395
 30
0.0
 40
3.236269436358576
  1
4
  7
0
100
AcDbText
  0
TEXT
  5
8E4
330
1F
100
AcDbEntity
  8
≥ﬂ¥ÁòÀ◊¢
370
     0
100
AcDbText
 10
528.7805156709622
 20
579.1806031777743
 30
0.0
 40
1.634859139259063
  1
"
 41
1.979076343072556
  7
0
100
AcDbText
  0
MTEXT
  5
8E5
330
1F
100
AcDbEntity
  8
≥ﬂ¥ÁòÀ◊¢
370
     0
100
AcDbMText
 10
486.2128763292812
 20
615.9121772532809
 30
0.0
 40
6.263828119766527
 41
73.45243555129515
 71
     1
 72
     5
  1
{\fTahoma|b0|i0|c163|p34;1/4" Conceal}
 73
     1
 44
1.0
1001
ACAD
1000
MTEXTBEGIN
1070
    73
1070
     1
1070
    44
1040
1.0
1070
    74
1070
     0
1000
MTEXTEND
  0
MTEXT
  5
8E6
330
1F
100
AcDbEntity
  8
≥ﬂ¥ÁòÀ◊¢
370
     0
100
AcDbMText
 10
486.9460048296438
 20
628.7346071260135
 30
0.0
 40
6.263828119766527
 41
78.33308559125859
 71
     1
 72
     5
  1
{\fTahoma|b0|i0|c163|p34; }
 73
     1
 44
1.0
1001
ACAD
1000
MTEXTBEGIN
1070
    73
1070
     1
1070
    44
1040
1.0
1070
    74
1070
     0
1000
MTEXTEND
  0
MTEXT
  5
8E7
330
1F
100
AcDbEntity
  8
≥ﬂ¥ÁòÀ◊¢
370
     0
100
AcDbMText
 10
486.8856147085856
 20
619.3385155987733
 30
0.0
 40
6.263828119766527
 41
81.84391322022873
 71
     1
 72
     5
  1
{\fTahoma|b0|i0|c163|p34; }
 73
     1
 44
1.0
1001
ACAD
1000
MTEXTBEGIN
1070
    73
1070
     1
1070
    44
1040
1.0
1070
    74
1070
     0
1000
MTEXTEND
  0
LEADER
  5
8E8
330
1F
100
AcDbEntity
  8
≥ﬂ¥ÁòÀ◊¢
 62
     1
 48
5.0
370
     0
100
AcDbLeader
  3
DIMSTYLE_1
 74
     0
 76
     3
 10
459.6416179749811
 20
574.4187678281653
 30
0.0
 10
477.4366082422234
 20
610.6923248006717
 30
0.0
 10
484.8770131378498
 20
610.6923248006717
 30
0.0
211
0.0
221
0.0
231
0.0
  0
MTEXT
  5
8E9
330
1F
100
AcDbEntity
  8
Œƒ◊÷
370
     0
100
AcDbMText
 10
655.4680785109698
 20
604.0685911918951
 30
0.0
 40
4.792320000000001
 41
392.4052018198615
 71
     1
 72
     5
  3
\A1;\fTahoma|b1|i0|c0|p34;Use outside line for reveal mount cut\fTahoma|b0|i0|c0|p34; \PSink rim is {\H0.7x;\S1#4;}\H1.00002x;'' revealed from the countertop opening\P\fTahoma|b1|i0|c0|p34;Use the inside line for flush mount cut \P\fTahoma|b0|i0|c0|
  1
p34;Sink wall is flush to the edge of countertop opening \PPlease check the actual template against physical sink unit for the most accurate cut \P\fTahoma|b1|i0|c0|p34; 
 73
     1
 44
1.0
1001
ACAD
1000
MTEXTBEGIN
1070
    73
1070
     1
1070
    44
1040
1.0
1070
    74
1070
     0
1000
MTEXTEND
  0
MTEXT
  5
8EA
330
1F
100
AcDbEntity
  8
Œƒ◊÷
370
     0
100
AcDbMText
 10
706.338494807461
 20
573.0396210568962
 30
0.0
 40
2.156543999999998
 41
20.30567052004022
 71
     1
 72
     5
  1
{\fTahoma|b0|i0|c163|p34;^ }
 73
     1
 44
1.0
1001
ACAD
1000
MTEXTBEGIN
1070
    73
1070
     1
1070
    44
1040
1.0
1070
    74
1070
     0
1000
MTEXTEND
  0
INSERT
  5
8EB
330
1F
100
AcDbEntity
  8
0
370
     0
100
AcDbBlockReference
  2
VDL
 10
238.7157493337761
 20
726.7763995762706
 30
0.0
 41
0.2048
 42
0.2048
 43
0.2048
  0
DIMENSION
  5
8EC
330
1F
100
AcDbEntity
  8
0
370
     0
100
AcDbDimension
  2
*D28
 10
474.9880834429879
 20
681.466544846736
 30
0.0
 11
388.9018940981877
 21
645.9720650235547
 31
0.0
 70
   163
 71
     5
 42
5.000000000000006
  3
mm+in
100
AcDbDiametricDimension
 15
471.3147769875333
 25
678.0743744966038
 35
0.0
 40
0.0
1001
ACAD_DSTYLE_DIMRADIAL_EXTENSION
1070
   387
1070
     1
1070
   388
1040
0.0
1070
   390
1040
-0.0000000000000002
  0
LWPOLYLINE
  5
8ED
330
1F
100
AcDbEntity
  8
0
370
     0
100
AcDbPolyline
 90
        4
 70
     1
 43
0.0
 10
1399.028427816474
 20
1085.938553999364
 10
249.9846155549458
 20
1085.938553999364
 10
249.9846155549458
 20
282.4384832945534
 10
1399.028427816476
 20
282.4384832945547
  0
MTEXT
  5
8EF
330
1F
100
AcDbEntity
  8
Œƒ◊÷
370
     0
100
AcDbMText
 10
978.9490546711045
 20
499.7994693452623
 30
0.0
 40
5.0
 41
227.9313402368144
 71
     2
 72
     5
  1
{\fNSimSun|b0|i0|c0|p49; }
 73
     1
 44
1.0
1001
ACAD
1000
MTEXTBEGIN
1070
    73
1070
     1
1070
    44
1040
1.0
1070
    74
1070
     0
1000
MTEXTEND
1000
ACAD_MTEXT_DEFINED_HEIGHT_BEGIN
1070
    46
1040
13.77475149577517
1000
ACAD_MTEXT_DEFINED_HEIGHT_END
  0
DIMENSION
  5
8F3
330
1F
100
AcDbEntity
  8
0
370
     0
100
AcDbDimension
  2
*D29
 10
551.1514302152606
 20
575.2704596716697
 30
0.0
 11
369.8206411981644
 21
489.7335072206703
 31
0.0
 70
   164
 71
     5
 42
91.65000000000002
  3
mm+in
100
AcDbRadialDimension
 15
476.9997419923709
 25
521.4072102923819
 35
0.0
 40
0.0
1001
ACAD_DSTYLE_DIMRADIAL_EXTENSION
1070
   387
1070
     1
1070
   388
1040
3.141592653589792
1070
   390
1040
-1.570796326794896
  0
DIMENSION
  5
8F4
330
1F
100
AcDbEntity
  8
0
370
     0
100
AcDbDimension
  2
*D30
 10
551.1514302152606
 20
575.2704596716697
 30
0.0
 11
362.6609514841244
 21
463.3184310745972
 31
0.0
 70
   164
 71
     5
 42
97.99999999999998
  3
mm+in
100
AcDbRadialDimension
 15
476.3493593876983
 25
511.9565575655101
 35
0.0
 40
0.0
1001
ACAD_DSTYLE_DIMRADIAL_EXTENSION
1070
   387
1070
     1
1070
   388
1040
3.141592653589792
1070
   390
1040
-1.570796326794896
  0
DIMENSION
  5
8F5
330
1F
100
AcDbEntity
  8
0
370
     0
100
AcDbDimension
  2
*D31
 10
551.1514302152606
 20
575.2704596716697
 30
0.0
 11
369.0992711761675
 21
438.0194849065278
 31
0.0
 70
   164
 71
     5
 42
104.35
  3
mm+in
100
AcDbRadialDimension
 15
483.5772788583126
 25
495.7553254619593
 35
0.0
 40
0.0
1001
ACAD_DSTYLE_DIMRADIAL_EXTENSION
1070
   387
1070
     1
1070
   388
1040
3.141592653589792
1070
   390
1040
-1.570796326794896
  0
ENDSEC
  0
SECTION
  2
OBJECTS
  0
DICTIONARY
  5
C
330
0
100
AcDbDictionary
281
     1
  3
ACAD_CIP_PREVIOUS_PRODUCT_INFO
350
19E
  3
ACAD_COLOR
350
6C
  3
ACAD_DATALINK
350
247
  3
ACAD_DETAILVIEWSTYLE
350
1EB
  3
ACAD_GROUP
350
D
  3
ACAD_LAYOUT
350
1A
  3
ACAD_MATERIAL
350
6B
  3
ACAD_MLEADERSTYLE
350
DE
  3
ACAD_MLINESTYLE
350
17
  3
ACAD_PLOTSETTINGS
350
19
  3
ACAD_PLOTSTYLENAME
350
E
  3
ACAD_SCALELIST
350
B7
  3
ACAD_SECTIONVIEWSTYLE
350
1E9
  3
ACAD_TABLESTYLE
350
92
  3
ACAD_VISUALSTYLE
350
17F
  3
ACDB_RECOMPOSE_DATA
350
A2E
  3
ACDBHEADERROUNDTRIPXREC
350
B5D
  3
AcDbVariableDictionary
350
59
  3
DWGPROPS
350
B60
  0
DICTIONARY
  5
9EF
330
8
100
AcDbDictionary
280
     1
281
     1
  3
ACAD_XREC_ROUNDTRIP
360
B69
  0
DICTIONARY
  5
FA
330
2
100
AcDbDictionary
280
     1
281
     1
  3
ACAD_LAYERSTATES
360
FB
  0
DICTIONARY
  5
9E3
330
10
100
AcDbDictionary
280
     1
281
     1
  3
ACAD_XREC_ROUNDTRIP
360
B61
  0
DICTIONARY
  5
38A
330
389
100
AcDbDictionary
280
     1
281
     1
  3
ACAD_XREC_ROUNDTRIP
360
B62
  3
ADSK_XREC_LAYER_RECONCILED
360
38B
  0
DICTIONARY
  5
38D
330
38C
100
AcDbDictionary
280
     1
281
     1
  3
ACAD_XREC_ROUNDTRIP
360
B63
  3
ADSK_XREC_LAYER_RECONCILED
360
38E
  0
DICTIONARY
  5
390
330
38F
100
AcDbDictionary
280
     1
281
     1
  3
ACAD_XREC_ROUNDTRIP
360
B64
  3
ADSK_XREC_LAYER_RECONCILED
360
391
  0
DICTIONARY
  5
393
330
392
100
AcDbDictionary
280
     1
281
     1
  3
ACAD_XREC_ROUNDTRIP
360
B65
  3
ADSK_XREC_LAYER_RECONCILED
360
394
  0
DICTIONARY
  5
9E9
330
395
100
AcDbDictionary
280
     1
281
     1
  3
ACAD_XREC_ROUNDTRIP
360
B66
  0
DICTIONARY
  5
9EB
330
396
100
AcDbDictionary
280
     1
281
     1
  3
ACAD_XREC_ROUNDTRIP
360
B67
  0
DICTIONARY
  5
9ED
330
397
100
AcDbDictionary
280
     1
281
     1
  3
ACAD_XREC_ROUNDTRIP
360
B68
  0
DICTIONARY
  5
B58
330
253
100
AcDbDictionary
280
     1
281
     1
  0
XRECORD
  5
19E
102
{ACAD_REACTORS
330
C
102
}
330
C
100
AcDbXrecord
280
     1
300
ACD
300
2013
300
ACD_F_S
  0
DICTIONARY
  5
6C
102
{ACAD_REACTORS
330
C
102
}
330
C
100
AcDbDictionary
281
     1
  0
DICTIONARY
  5
247
102
{ACAD_REACTORS
330
C
102
}
330
C
100
AcDbDictionary
280
     1
281
     1
  0
DICTIONARY
  5
1EB
102
{ACAD_REACTORS
330
C
102
}
330
C
100
AcDbDictionary
281
     1
  3
Metric50
350
1EC
  0
DICTIONARY
  5
D
102
{ACAD_REACTORS
330
C
102
}
330
C
100
AcDbDictionary
281
     1
  0
DICTIONARY
  5
1A
102
{ACAD_REACTORS
330
C
102
}
330
C
100
AcDbDictionary
281
     1
  3
Layout1
350
1E0
  3
Layout2
350
1E4
  3
Model
350
22
  0
DICTIONARY
  5
6B
102
{ACAD_REACTORS
330
C
102
}
330
C
100
AcDbDictionary
281
     1
  3
ByBlock
350
16F
  3
ByLayer
350
167
  3
Global
350
177
  0
DICTIONARY
  5
DE
102
{ACAD_REACTORS
330
C
102
}
330
C
100
AcDbDictionary
281
     1
  3
Annotative
350
246
  3
Standard
350
E1
  0
DICTIONARY
  5
17
102
{ACAD_REACTORS
330
C
102
}
330
C
100
AcDbDictionary
281
     1
  3
Standard
350
18
  0
DICTIONARY
  5
19
102
{ACAD_REACTORS
330
C
102
}
330
C
100
AcDbDictionary
281
     1
  0
ACDBDICTIONARYWDFLT
  5
E
102
{ACAD_REACTORS
330
C
102
}
330
C
100
AcDbDictionary
281
     1
  3
Normal
350
F
100
AcDbDictionaryWithDefault
340
F
  0
DICTIONARY
  5
B7
102
{ACAD_REACTORS
330
C
102
}
330
C
100
AcDbDictionary
281
     1
  3
A0
350
B8
  3
A1
350
229
  3
A2
350
22A
  3
A3
350
22B
  3
A4
350
22C
  3
A5
350
22D
  3
A6
350
22E
  3
A7
350
22F
  3
A8
350
230
  3
A9
350
231
  3
B0
350
232
  3
B1
350
233
  3
B2
350
234
  3
B3
350
235
  3
B4
350
236
  3
B5
350
237
  3
B6
350
238
  0
DICTIONARY
  5
1E9
102
{ACAD_REACTORS
330
C
102
}
330
C
100
AcDbDictionary
281
     1
  3
Metric50
350
1EA
  0
DICTIONARY
  5
92
102
{ACAD_REACTORS
330
C
102
}
330
C
100
AcDbDictionary
281
     1
  3
Standard
350
93
  0
DICTIONARY
  5
17F
102
{ACAD_REACTORS
330
C
102
}
330
C
100
AcDbDictionary
281
     1
  3
2dWireframe
350
185
  3
Basic
350
184
  3
Brighten
350
18B
  3
ColorChange
350
18F
  3
Conceptual
350
188
  3
Dim
350
18A
  3
EdgeColorOff
350
197
  3
Facepattern
350
18E
  3
Flat
350
180
  3
FlatWithEdges
350
181
  3
Gouraud
350
182
  3
GouraudWithEdges
350
183
  3
Hidden
350
187
  3
JitterOff
350
195
  3
Linepattern
350
18D
  3
OverhangOff
350
196
  3
Realistic
350
189
  3
Shaded
350
194
  3
Shaded with edges
350
193
  3
Shades of Gray
350
190
  3
Sketchy
350
191
  3
Thicken
350
18C
  3
Wireframe
350
186
  3
X-Ray
350
192
  0
XRECORD
  5
A2E
102
{ACAD_REACTORS
330
C
102
}
330
C
100
AcDbXrecord
280
     1
 90
        1
330
93
  0
DICTIONARY
  5
B5D
102
{ACAD_REACTORS
330
C
102
}
330
C
100
AcDbDictionary
281
     1
  3
COLORDICT
350
B5E
  3
MATERIALDICT
350
B5F
  0
DICTIONARY
  5
59
102
{ACAD_REACTORS
330
C
102
}
330
C
100
AcDbDictionary
281
     1
  3
CANNOSCALE
350
B5A
  3
CMLEADERSTYLE
350
E9
  3
CTABLESTYLE
350
98
  3
CVIEWDETAILSTYLE
350
209
  3
CVIEWSECTIONSTYLE
350
20A
  3
DGNFRAME
350
24D
  3
DIMASSOC
350
43
  3
DWFFRAME
350
24C
  3
HIDETEXT
350
5E
  3
MSLTSCALE
350
9E1
  3
PROJECTNAME
350
B6
  0
XRECORD
  5
B60
102
{ACAD_REACTORS
330
C
102
}
330
C
100
AcDbXrecord
280
     1
  1
DWGPROPS COOKIE
  2

  3

  4

  6

  7

  8
HZY
  9

300
=
301
=
302
=
303
=
304
=
305
=
306
=
307
=
308
=
309
=
 40
0.0
 41
2460425.632830498
 42
2461244.423488264
  1

 90
        0
  0
XRECORD
  5
B69
102
{ACAD_REACTORS
330
9EF
102
}
330
9EF
100
AcDbXrecord
280
     1
102
VTR_0.000_0.000_1.000_1.000_VISUALSTYLE
340
185
102
VTR_0.000_0.000_1.000_1.000_GRIDDISPLAY
 70
     3
102
VTR_0.000_0.000_1.000_1.000_GRIDMAJOR
 70
     5
102
VTR_0.000_0.000_1.000_1.000_DEFAULTLIGHTING
280
     1
102
VTR_0.000_0.000_1.000_1.000_DEFAULTLIGHTINGTYPE
 70
     1
102
VTR_0.000_0.000_1.000_1.000_BRIGHTNESS
141
0.0
102
VTR_0.000_0.000_1.000_1.000_CONTRAST
142
0.0
  0
DICTIONARY
  5
FB
102
{ACAD_REACTORS
330
FA
102
}
330
FA
100
AcDbDictionary
281
     1
  0
XRECORD
  5
B61
102
{ACAD_REACTORS
330
9E3
102
}
330
9E3
100
AcDbXrecord
280
     1
102
MATERIAL
340
177
  0
XRECORD
  5
B62
102
{ACAD_REACTORS
330
38A
102
}
330
38A
100
AcDbXrecord
280
     1
102
MATERIAL
340
177
  0
XRECORD
  5
38B
102
{ACAD_REACTORS
330
38A
102
}
330
38A
100
AcDbXrecord
280
     1
290
     0
  0
XRECORD
  5
B63
102
{ACAD_REACTORS
330
38D
102
}
330
38D
100
AcDbXrecord
280
     1
102
MATERIAL
340
177
  0
XRECORD
  5
38E
102
{ACAD_REACTORS
330
38D
102
}
330
38D
100
AcDbXrecord
280
     1
290
     0
  0
XRECORD
  5
B64
102
{ACAD_REACTORS
330
390
102
}
330
390
100
AcDbXrecord
280
     1
102
MATERIAL
340
177
  0
XRECORD
  5
391
102
{ACAD_REACTORS
330
390
102
}
330
390
100
AcDbXrecord
280
     1
290
     0
  0
XRECORD
  5
B65
102
{ACAD_REACTORS
330
393
102
}
330
393
100
AcDbXrecord
280
     1
102
MATERIAL
340
177
  0
XRECORD
  5
394
102
{ACAD_REACTORS
330
393
102
}
330
393
100
AcDbXrecord
280
     1
290
     0
  0
XRECORD
  5
B66
102
{ACAD_REACTORS
330
9E9
102
}
330
9E9
100
AcDbXrecord
280
     1
102
MATERIAL
340
177
  0
XRECORD
  5
B67
102
{ACAD_REACTORS
330
9EB
102
}
330
9EB
100
AcDbXrecord
280
     1
102
MATERIAL
340
177
  0
XRECORD
  5
B68
102
{ACAD_REACTORS
330
9ED
102
}
330
9ED
100
AcDbXrecord
280
     1
102
MATERIAL
340
177
  0
ACDBDETAILVIEWSTYLE
  5
1EC
102
{ACAD_REACTORS
330
1EB
102
}
330
1EB
100
AcDbModelDocViewStyle
 70
     0
  3
Metric50
290
     1
100
AcDbDetailViewStyle
 70
     0
 71
     0
 90
        3
 71
     1
340
11
 40
5.0
340
0
 40
5.0
300

 40
0.0
280
     1
 71
     2
340
16
 90
       25
 71
     3
340
11
 40
5.0
 90
        0
 40
15.0
 90
        1
300
%<\AcVar ViewDetailId>% (%<\AcVar ViewScale \f "%sn">%)
 71
     4
340
16
 90
       25
340
16
 90
       25
280
     0
  0
LAYOUT
  5
1E0
102
{ACAD_REACTORS
330
1A
102
}
330
1A
100
AcDbPlotSettings
  1

  2
ZWCAD Virtual Eps Plotter 1.0#:4
  4

  6

 40
0.0
 41
0.0
 42
0.0
 43
0.0
 44
0.0
 45
0.0
 46
0.0
 47
0.0
 48
0.0
 49
0.0
140
0.0
141
0.0
142
1.0
143
1.0
 70
   688
 72
     0
 73
     0
 74
     5
  7

 75
    16
147
1.0
148
0.0
149
0.0
100
AcDbLayout
  1
Layout1
 70
     1
 71
     1
 10
0.0
 20
0.0
 11
12.0
 21
9.0
 12
0.0
 22
0.0
 32
0.0
 14
0.0
 24
0.0
 34
0.0
 15
0.0
 25
0.0
 35
0.0
146
0.0
 13
0.0
 23
0.0
 33
0.0
 16
1.0
 26
0.0
 36
0.0
 17
0.0
 27
1.0
 37
0.0
 76
     0
330
1DF
  0
LAYOUT
  5
1E4
102
{ACAD_REACTORS
330
1A
102
}
330
1A
100
AcDbPlotSettings
  1

  2
ZWCAD Virtual Eps Plotter 1.0#:4
  4

  6

 40
0.0
 41
0.0
 42
0.0
 43
0.0
 44
0.0
 45
0.0
 46
0.0
 47
0.0
 48
0.0
 49
0.0
140
0.0
141
0.0
142
1.0
143
1.0
 70
   688
 72
     0
 73
     0
 74
     5
  7

 75
    16
147
1.0
148
0.0
149
0.0
100
AcDbLayout
  1
Layout2
 70
     1
 71
     2
 10
0.0
 20
0.0
 11
12.0
 21
9.0
 12
0.0
 22
0.0
 32
0.0
 14
0.0
 24
0.0
 34
0.0
 15
0.0
 25
0.0
 35
0.0
146
0.0
 13
0.0
 23
0.0
 33
0.0
 16
1.0
 26
0.0
 36
0.0
 17
0.0
 27
1.0
 37
0.0
 76
     0
330
1E3
  0
LAYOUT
  5
22
102
{ACAD_REACTORS
330
1A
102
}
330
1A
100
AcDbPlotSettings
  1

  2
None
  4
none_user_media
  6

 40
6.349999904632567
 41
6.349999904632567
 42
6.350006103515625
 43
6.350006103515625
 44
215.8999938964844
 45
279.3999938964844
 46
0.0
 47
93.24890429069769
 48
0.0
 49
0.0
140
0.0
141
0.0
142
1.0
143
5.333922030356132
 70
 11445
 72
     1
 73
     0
 74
     0
  7

 75
     0
147
0.1874793059045207
148
84.95211750282676
149
-33.53116226043312
100
AcDbLayout
  1
Model
 70
     1
 71
     0
 10
0.0
 20
0.0
 11
420.0
 21
297.0
 12
0.0
 22
0.0
 32
0.0
 14
1.000000000000000E+20
 24
1.000000000000000E+20
 34
1.000000000000000E+20
 15
-1.000000000000000E+20
 25
-1.000000000000000E+20
 35
-1.000000000000000E+20
146
0.0
 13
0.0
 23
0.0
 33
0.0
 16
1.0
 26
0.0
 36
0.0
 17
0.0
 27
1.0
 37
0.0
 76
     0
330
1F
331
1CC
1001
ACAD_PSEXT
1000
None
1000
None
1000
Not applicable
1000
Select a new plotter configuration name to plot the layout.
1070
     0
  0
MATERIAL
  5
16F
102
{ACAD_XDICTIONARY
360
9F1
102
}
102
{ACAD_REACTORS
330
6B
102
}
330
6B
100
AcDbMaterial
  1
ByBlock
 72
     0
 73
     2
 77
     0
 78
     2
171
     0
172
     2
175
     0
176
     2
179
     0
270
     2
274
     2
  0
MATERIAL
  5
167
102
{ACAD_XDICTIONARY
360
9F3
102
}
102
{ACAD_REACTORS
330
6B
102
}
330
6B
100
AcDbMaterial
  1
ByLayer
 72
     0
 73
     2
 77
     0
 78
     2
171
     0
172
     2
175
     0
176
     2
179
     0
270
     2
274
     2
  0
MATERIAL
  5
177
102
{ACAD_XDICTIONARY
360
9F5
102
}
102
{ACAD_REACTORS
330
6B
102
}
330
6B
100
AcDbMaterial
  1
Global
 72
     0
 73
     2
 77
     0
 78
     2
171
     0
172
     2
175
     0
176
     2
179
     0
270
     2
274
     2
  0
MLEADERSTYLE
  5
246
102
{ACAD_XDICTIONARY
360
9F8
102
}
102
{ACAD_REACTORS
330
DE
102
}
330
DE
100
AcDbMLeaderStyle
170
     2
171
     1
172
     0
 90
        2
 40
0.0
 41
0.0
173
     1
 91
-1056964608
340
14
 92
       -2
290
     1
 42
2.0
291
     1
 43
8.0
  3
Standard
 44
4.0
300

342
11
174
     1
178
     1
175
     1
176
     0
 93
-1056964608
 45
4.0
292
     0
297
     0
 46
0.18
 94
-1056964608
 47
1.0
 49
1.0
140
1.0
293
     1
141
0.0
294
     1
177
     0
142
1.0
295
     0
296
     1
143
3.75
1001
ACAD_MLEADERVER
1070
     2
  0
MLEADERSTYLE
  5
E1
102
{ACAD_XDICTIONARY
360
9FA
102
}
102
{ACAD_REACTORS
330
DE
102
}
330
DE
100
AcDbMLeaderStyle
170
     2
171
     1
172
     0
 90
        2
 40
0.0
 41
0.0
173
     1
 91
-1056964608
340
14
 92
       -2
290
     1
 42
2.0
291
     1
 43
8.0
  3
Standard
 44
4.0
300

342
11
174
     1
178
     1
175
     1
176
     0
 93
-1056964608
 45
4.0
292
     0
297
     0
 46
0.18
 94
-1056964608
 47
1.0
 49
1.0
140
1.0
293
     1
141
0.0
294
     1
177
     0
142
1.0
295
     0
296
     0
143
3.75
1001
ACAD_MLEADERVER
1070
     2
  0
MLINESTYLE
  5
18
102
{ACAD_REACTORS
330
17
102
}
330
17
100
AcDbMlineStyle
  2
STANDARD
 70
     0
  3

 62
   256
 51
90.0
 52
90.0
 71
     2
 49
0.5
 62
   256
  6
BYLAYER
 49
-0.5
 62
   256
  6
BYLAYER
  0
ACDBPLACEHOLDER
  5
F
102
{ACAD_REACTORS
330
E
102
}
330
E
  0
SCALE
  5
B8
102
{ACAD_REACTORS
330
B7
102
}
330
B7
100
AcDbScale
 70
     0
300
1:1
140
1.0
141
1.0
290
     1
  0
SCALE
  5
229
102
{ACAD_REACTORS
330
B7
102
}
330
B7
100
AcDbScale
 70
     0
300
1:2
140
1.0
141
2.0
290
     0
  0
SCALE
  5
22A
102
{ACAD_REACTORS
330
B7
102
}
330
B7
100
AcDbScale
 70
     0
300
1:4
140
1.0
141
4.0
290
     0
  0
SCALE
  5
22B
102
{ACAD_REACTORS
330
B7
102
}
330
B7
100
AcDbScale
 70
     0
300
1:5
140
1.0
141
5.0
290
     0
  0
SCALE
  5
22C
102
{ACAD_REACTORS
330
B7
102
}
330
B7
100
AcDbScale
 70
     0
300
1:8
140
1.0
141
8.0
290
     0
  0
SCALE
  5
22D
102
{ACAD_REACTORS
330
B7
102
}
330
B7
100
AcDbScale
 70
     0
300
1:10
140
1.0
141
10.0
290
     0
  0
SCALE
  5
22E
102
{ACAD_REACTORS
330
B7
102
}
330
B7
100
AcDbScale
 70
     0
300
1:16
140
1.0
141
16.0
290
     0
  0
SCALE
  5
22F
102
{ACAD_REACTORS
330
B7
102
}
330
B7
100
AcDbScale
 70
     0
300
1:20
140
1.0
141
20.0
290
     0
  0
SCALE
  5
230
102
{ACAD_REACTORS
330
B7
102
}
330
B7
100
AcDbScale
 70
     0
300
1:30
140
1.0
141
30.0
290
     0
  0
SCALE
  5
231
102
{ACAD_REACTORS
330
B7
102
}
330
B7
100
AcDbScale
 70
     0
300
1:40
140
1.0
141
40.0
290
     0
  0
SCALE
  5
232
102
{ACAD_REACTORS
330
B7
102
}
330
B7
100
AcDbScale
 70
     0
300
1:50
140
1.0
141
50.0
290
     0
  0
SCALE
  5
233
102
{ACAD_REACTORS
330
B7
102
}
330
B7
100
AcDbScale
 70
     0
300
1:100
140
1.0
141
100.0
290
     0
  0
SCALE
  5
234
102
{ACAD_REACTORS
330
B7
102
}
330
B7
100
AcDbScale
 70
     0
300
2:1
140
2.0
141
1.0
290
     0
  0
SCALE
  5
235
102
{ACAD_REACTORS
330
B7
102
}
330
B7
100
AcDbScale
 70
     0
300
4:1
140
4.0
141
1.0
290
     0
  0
SCALE
  5
236
102
{ACAD_REACTORS
330
B7
102
}
330
B7
100
AcDbScale
 70
     0
300
8:1
140
8.0
141
1.0
290
     0
  0
SCALE
  5
237
102
{ACAD_REACTORS
330
B7
102
}
330
B7
100
AcDbScale
 70
     0
300
10:1
140
10.0
141
1.0
290
     0
  0
SCALE
  5
238
102
{ACAD_REACTORS
330
B7
102
}
330
B7
100
AcDbScale
 70
     0
300
100:1
140
100.0
141
1.0
290
     0
  0
ACDBSECTIONVIEWSTYLE
  5
1EA
102
{ACAD_REACTORS
330
1E9
102
}
330
1E9
100
AcDbModelDocViewStyle
 70
     0
  3
Metric50
290
     1
100
AcDbSectionViewStyle
 70
     0
 71
     0
 90
      102
 71
     1
340
11
 40
5.0
340
0
340
0
 40
5.0
300
I, O, Q, S, X, Z
 40
10.0
 90
        0
 40
2.5
 90
        0
 71
     2
340
16
 90
       25
340
16
 90
       50
 40
5.0
 40
2.5
 40
5.0
 71
     3
340
11
 40
5.0
 90
        0
 40
15.0
 90
        1
300
%<\AcVar ViewSectionStartId>%-%<\AcVar ViewSectionEndId>% (%<\AcVar ViewScale \f "%sn">%)
 71
     4
300
ANSI31
 40
1.0
 90
        0
290
     0
290
     0
 90
        6
 40
0.0
 40
1.570796326794896
 40
0.2617993877991494
 40
1.308996938995747
 40
-0.2617993877991494
 40
1.832595714594044
  0
TABLESTYLE
  5
93
102
{ACAD_XDICTIONARY
360
249
102
}
102
{ACAD_REACTORS
330
92
102
}
330
92
100
AcDbTableStyle
  3
Standard
 70
     0
 71
     0
 40
1.5
 41
1.5
280
     0
281
     0
  7
Standard
140
4.5
170
     2
 62
     0
 63
   257
283
     0
274
    -2
284
     1
 64
     0
275
    -2
285
     1
 65
     0
276
    -2
286
     1
 66
     0
277
    -2
287
     1
 67
     0
278
    -2
288
     1
 68
     0
279
    -2
289
     1
 69
     0
  7
Standard
140
6.0
170
     5
 62
     0
 63
   257
283
     0
274
    -2
284
     1
 64
     0
275
    -2
285
     1
 65
     0
276
    -2
286
     1
 66
     0
277
    -2
287
     1
 67
     0
278
    -2
288
     1
 68
     0
279
    -2
289
     1
 69
     0
  7
Standard
140
4.5
170
     5
 62
     0
 63
   257
283
     0
274
    -2
284
     1
 64
     0
275
    -2
285
     1
 65
     0
276
    -2
286
     1
 66
     0
277
    -2
287
     1
 67
     0
278
    -2
288
     1
 68
     0
279
    -2
289
     1
 69
     0
1001
ACAD
1000
AcRTDxfName
1000
TABLESTYLE
  0
VISUALSTYLE
  5
185
102
{ACAD_XDICTIONARY
360
9FE
102
}
102
{ACAD_REACTORS
330
17F
102
}
330
17F
100
AcDbVisualStyle
  2
2dWireframe
 70
     4
 71
     0
 72
     2
 73
     0
 90
        0
 40
0.6
 41
30.0
 62
     5
 63
     7
 74
     1
 91
        4
 64
     7
 65
   257
 75
     1
175
     1
 42
1.0
 92
        0
 66
   257
 43
1.0
 76
     1
 77
     6
 78
     2
 67
     7
 79
     5
170
     0
171
     0
290
     0
174
     0
 93
        1
 44
0.0
173
     0
291
     0
 45
0.0
1001
ACAD
1000
AcDbSavedByObjectVersion
1070
     0
  0
VISUALSTYLE
  5
184
102
{ACAD_XDICTIONARY
360
A00
102
}
102
{ACAD_REACTORS
330
17F
102
}
330
17F
100
AcDbVisualStyle
  2
Basic
 70
     7
 71
     1
 72
     0
 73
     1
 90
        0
 40
0.6
 41
30.0
 62
     5
 63
     7
 74
     0
 91
        4
 64
     7
 65
   257
 75
     1
175
     1
 42
1.0
 92
        8
 66
     7
 43
1.0
 76
     1
 77
     6
 78
     2
 67
     7
 79
     5
170
     0
171
     0
290
     0
174
     0
 93
        1
 44
0.0
173
     0
291
     1
 45
0.0
1001
ACAD
1000
AcDbSavedByObjectVersion
1070
     0
  0
VISUALSTYLE
  5
18B
102
{ACAD_XDICTIONARY
360
A02
102
}
102
{ACAD_REACTORS
330
17F
102
}
330
17F
100
AcDbVisualStyle
  2
Brighten
 70
    12
 71
     2
 72
     2
 73
     0
 90
        0
 40
0.6
 41
30.0
 62
     5
 63
     7
 74
     1
 91
        4
 64
     7
 65
   257
 75
     1
175
     1
 42
1.0
 92
        8
 66
     7
 43
1.0
 76
     1
 77
     6
 78
     2
 67
     7
 79
     5
170
     0
171
     0
290
     0
174
-24780
 93
        1
 44
50.0
173
     0
291
     1
 45
0.0
1001
ACAD
1000
AcDbSavedByObjectVersion
1070
     0
  0
VISUALSTYLE
  5
18F
102
{ACAD_XDICTIONARY
360
A04
102
}
102
{ACAD_REACTORS
330
17F
102
}
330
17F
100
AcDbVisualStyle
  2
ColorChange
 70
    16
 71
     2
 72
     2
 73
     3
 90
        0
 40
0.6
 41
30.0
 62
     5
 63
     8
 74
     1
 91
        4
 64
     7
 65
   257
 75
     1
175
     1
 42
1.0
 92
        8
 66
     8
 43
1.0
 76
     1
 77
     6
 78
     2
 67
     7
 79
     5
170
     0
171
     0
290
     0
174
-25989
 93
        1
 44
0.0
173
     0
291
     1
 45
0.0
1001
ACAD
1000
AcDbSavedByObjectVersion
1070
     0
  0
VISUALSTYLE
  5
188
102
{ACAD_XDICTIONARY
360
A06
102
}
102
{ACAD_REACTORS
330
17F
102
}
330
17F
100
AcDbVisualStyle
  2
Conceptual
 70
     9
 71
     3
 72
     2
 73
     0
 90
        0
 40
0.6
 41
30.0
 62
     5
 63
     7
 74
     2
 91
        2
 64
     7
 65
   257
 75
     1
175
     1
 42
179.0
 92
        8
 66
     7
 43
1.0
 76
     1
 77
     6
 78
     2
 67
     7
 79
     3
170
     0
171
     0
290
     0
174
     0
 93
        1
 44
0.0
173
     0
291
     0
 45
0.0
1001
ACAD
1000
AcDbSavedByObjectVersion
1070
     0
  0
VISUALSTYLE
  5
18A
102
{ACAD_XDICTIONARY
360
A08
102
}
102
{ACAD_REACTORS
330
17F
102
}
330
17F
100
AcDbVisualStyle
  2
Dim
 70
    11
 71
     2
 72
     2
 73
     0
 90
        0
 40
0.6
 41
30.0
 62
     5
 63
     7
 74
     1
 91
        4
 64
     7
 65
   257
 75
     1
175
     1
 42
1.0
 92
        8
 66
     7
 43
1.0
 76
     1
 77
     6
 78
     2
 67
     7
 79
     5
170
     0
171
     0
290
     0
174
 -4974
 93
        1
 44
-50.0
173
     0
291
     1
 45
0.0
1001
ACAD
1000
AcDbSavedByObjectVersion
1070
     0
  0
VISUALSTYLE
  5
197
102
{ACAD_XDICTIONARY
360
A0A
102
}
102
{ACAD_REACTORS
330
17F
102
}
330
17F
100
AcDbVisualStyle
  2
EdgeColorOff
 70
    22
 71
     2
 72
     2
 73
     0
 90
        0
 40
0.6
 41
30.0
 62
     5
 63
     7
 74
     1
 91
        4
 64
     7
 65
   257
 75
     1
175
     1
 42
1.0
 92
        8
 66
     7
 43
1.0
 76
     1
 77
     6
 78
     2
 67
     7
 79
     5
170
     0
171
     0
290
     0
174
     0
 93
        1
 44
0.0
173
     0
291
     1
 45
0.0
1001
ACAD
1000
AcDbSavedByObjectVersion
1070
     0
  0
VISUALSTYLE
  5
18E
102
{ACAD_XDICTIONARY
360
A0C
102
}
102
{ACAD_REACTORS
330
17F
102
}
330
17F
100
AcDbVisualStyle
  2
Facepattern
 70
    15
 71
     2
 72
     2
 73
     0
 90
        0
 40
0.6
 41
30.0
 62
     5
 63
     7
 74
     1
 91
        4
 64
     7
 65
   257
 75
     1
175
     1
 42
1.0
 92
        8
 66
     7
 43
1.0
 76
     1
 77
     6
 78
     2
 67
     7
 79
     5
170
     0
171
     0
290
     0
174
-28219
 93
        1
 44
0.0
173
     0
291
     1
 45
0.0
1001
ACAD
1000
AcDbSavedByObjectVersion
1070
     0
  0
VISUALSTYLE
  5
180
102
{ACAD_XDICTIONARY
360
A0E
102
}
102
{ACAD_REACTORS
330
17F
102
}
330
17F
100
AcDbVisualStyle
  2
Flat
 70
     0
 71
     2
 72
     1
 73
     1
 90
        2
 40
0.6
 41
30.0
 62
     5
 63
     7
 74
     0
 91
        0
 64
     7
 65
   257
 75
     1
175
     1
 42
1.0
 92
        8
 66
     7
 43
1.0
 76
     1
 77
     6
 78
     2
 67
     7
 79
     5
170
     0
171
     0
290
     0
174
   103
 93
       13
 44
0.0
173
     0
291
     1
 45
0.0
1001
ACAD
1000
AcDbSavedByObjectVersion
1070
     0
  0
VISUALSTYLE
  5
181
102
{ACAD_XDICTIONARY
360
A10
102
}
102
{ACAD_REACTORS
330
17F
102
}
330
17F
100
AcDbVisualStyle
  2
FlatWithEdges
 70
     1
 71
     2
 72
     1
 73
     1
 90
        2
 40
0.6
 41
30.0
 62
     5
 63
     7
 74
     1
 91
        0
 64
     7
 65
   257
 75
     1
175
     1
 42
1.0
 92
        0
 66
   257
 43
1.0
 76
     1
 77
     6
 78
     2
 67
     7
 79
     5
170
     0
171
     0
290
     0
174
     0
 93
       13
 44
0.0
173
     0
291
     1
 45
0.0
1001
ACAD
1000
AcDbSavedByObjectVersion
1070
     0
  0
VISUALSTYLE
  5
182
102
{ACAD_XDICTIONARY
360
A12
102
}
102
{ACAD_REACTORS
330
17F
102
}
330
17F
100
AcDbVisualStyle
  2
Gouraud
 70
     2
 71
     2
 72
     2
 73
     1
 90
        2
 40
0.6
 41
30.0
 62
     5
 63
     7
 74
     0
 91
        0
 64
     7
 65
   257
 75
     1
175
     1
 42
1.0
 92
        0
 66
     7
 43
1.0
 76
     1
 77
     6
 78
     2
 67
     7
 79
     5
170
     0
171
     0
290
     0
174
 -4974
 93
       13
 44
0.0
173
     0
291
     1
 45
0.0
1001
ACAD
1000
AcDbSavedByObjectVersion
1070
     0
  0
VISUALSTYLE
  5
183
102
{ACAD_XDICTIONARY
360
A14
102
}
102
{ACAD_REACTORS
330
17F
102
}
330
17F
100
AcDbVisualStyle
  2
GouraudWithEdges
 70
     3
 71
     2
 72
     2
 73
     1
 90
        2
 40
0.6
 41
30.0
 62
     5
 63
     7
 74
     1
 91
        0
 64
     7
 65
   257
 75
     1
175
     1
 42
1.0
 92
        0
 66
   257
 43
1.0
 76
     1
 77
     6
 78
     2
 67
     7
 79
     5
170
     0
171
     0
290
     0
174
-24780
 93
       13
 44
0.0
173
     0
291
     1
 45
0.0
1001
ACAD
1000
AcDbSavedByObjectVersion
1070
     0
  0
VISUALSTYLE
  5
187
102
{ACAD_XDICTIONARY
360
A16
102
}
102
{ACAD_REACTORS
330
17F
102
}
330
17F
100
AcDbVisualStyle
  2
Hidden
 70
     6
 71
     1
 72
     2
 73
     2
 90
        0
 40
0.6
 41
30.0
 62
     5
 63
     7
 74
     2
 91
        2
 64
     7
 65
   257
 75
     2
175
     1
 42
40.0
 92
        0
 66
   257
 43
1.0
 76
     1
 77
     6
 78
     2
 67
     7
 79
     3
170
     0
171
     0
290
     0
174
   103
 93
        1
 44
0.0
173
     0
291
     0
 45
0.0
1001
ACAD
1000
AcDbSavedByObjectVersion
1070
     0
  0
VISUALSTYLE
  5
195
102
{ACAD_XDICTIONARY
360
A18
102
}
102
{ACAD_REACTORS
330
17F
102
}
330
17F
100
AcDbVisualStyle
  2
JitterOff
 70
    20
 71
     2
 72
     2
 73
     0
 90
        0
 40
0.6
 41
30.0
 62
     5
 63
     7
 74
     1
 91
        4
 64
     7
 65
   257
 75
     1
175
     1
 42
1.0
 92
       10
 66
     7
 43
1.0
 76
     1
 77
     6
 78
     2
 67
     7
 79
     5
170
     0
171
     0
290
     0
174
     0
 93
        1
 44
0.0
173
     0
291
     1
 45
0.0
1001
ACAD
1000
AcDbSavedByObjectVersion
1070
     0
  0
VISUALSTYLE
  5
18D
102
{ACAD_XDICTIONARY
360
A1A
102
}
102
{ACAD_REACTORS
330
17F
102
}
330
17F
100
AcDbVisualStyle
  2
Linepattern
 70
    14
 71
     2
 72
     2
 73
     0
 90
        0
 40
0.6
 41
30.0
 62
     5
 63
     7
 74
     1
 91
        4
 64
     7
 65
   257
 75
     7
175
     7
 42
1.0
 92
        8
 66
     7
 43
1.0
 76
     1
 77
     6
 78
     2
 67
     7
 79
     5
170
     0
171
     0
290
     0
174
-23098
 93
        1
 44
0.0
173
     0
291
     1
 45
0.0
1001
ACAD
1000
AcDbSavedByObjectVersion
1070
     0
  0
VISUALSTYLE
  5
196
102
{ACAD_XDICTIONARY
360
A1C
102
}
102
{ACAD_REACTORS
330
17F
102
}
330
17F
100
AcDbVisualStyle
  2
OverhangOff
 70
    21
 71
     2
 72
     2
 73
     0
 90
        0
 40
0.6
 41
30.0
 62
     5
 63
     7
 74
     1
 91
        4
 64
     7
 65
   257
 75
     1
175
     1
 42
1.0
 92
        9
 66
     7
 43
1.0
 76
     1
 77
     6
 78
     2
 67
     7
 79
     5
170
     0
171
     0
290
     0
174
     0
 93
        1
 44
0.0
173
     0
291
     1
 45
0.0
1001
ACAD
1000
AcDbSavedByObjectVersion
1070
     0
  0
VISUALSTYLE
  5
189
102
{ACAD_XDICTIONARY
360
A1E
102
}
102
{ACAD_REACTORS
330
17F
102
}
330
17F
100
AcDbVisualStyle
  2
Realistic
 70
     8
 71
     2
 72
     3
 73
     0
 90
        2
 40
0.6
 41
30.0
 62
     5
 63
     7
 74
     0
 91
        0
 64
     7
 65
   257
 75
     1
175
     1
 42
1.0
 92
        8
 66
   257
 43
1.0
 76
     1
 77
     6
 78
     2
 67
     7
 79
     3
170
     0
171
     0
290
     0
174
   106
 93
       13
 44
0.0
173
     0
291
     0
 45
0.0
1001
ACAD
1000
AcDbSavedByObjectVersion
1070
     0
  0
VISUALSTYLE
  5
194
102
{ACAD_XDICTIONARY
360
A20
102
}
102
{ACAD_REACTORS
330
17F
102
}
330
17F
100
AcDbVisualStyle
  2
Shaded
 70
    27
 71
     2
 72
     2
 73
     1
 90
        2
 40
0.6
 41
30.0
 62
     5
 63
     7
 74
     0
 91
        4
 64
     7
 65
   257
 75
     1
175
     1
 42
1.0
 92
        8
 66
   257
 43
1.0
 76
     1
 77
     6
 78
     2
 67
     8
 79
     3
170
     0
171
     0
290
     0
174
     0
 93
        5
 44
0.0
173
     0
291
     0
 45
0.0
1001
ACAD
1000
AcDbSavedByObjectVersion
1070
     0
  0
VISUALSTYLE
  5
193
102
{ACAD_XDICTIONARY
360
A22
102
}
102
{ACAD_REACTORS
330
17F
102
}
330
17F
100
AcDbVisualStyle
  2
Shaded with edges
 70
    26
 71
     2
 72
     2
 73
     1
 90
        2
 40
0.6
 41
30.0
 62
     5
 63
     7
 74
     1
 91
       10
 64
     7
 65
   257
 75
     2
175
     1
 42
1.0
 92
        8
 66
   257
 43
1.0
 76
     1
 77
     6
 78
     2
 67
     7
 79
     3
170
     0
171
     0
290
     0
174
-24832
 93
        5
 44
0.0
173
     0
291
     0
 45
0.0
1001
ACAD
1000
AcDbSavedByObjectVersion
1070
     0
  0
VISUALSTYLE
  5
190
102
{ACAD_XDICTIONARY
360
A24
102
}
102
{ACAD_REACTORS
330
17F
102
}
330
17F
100
AcDbVisualStyle
  2
Shades of Gray
 70
    23
 71
     2
 72
     2
 73
     3
 90
        0
 40
0.6
 41
30.0
 62
     5
 63
     7
 74
     2
 91
        2
 64
     7
 65
     7
 75
     1
175
     1
 42
40.0
 92
        8
 66
     7
 43
1.0
 76
     1
 77
     6
 78
     2
 67
     7
 79
     3
170
     0
171
     0
290
     0
174
 29395
 93
        1
 44
0.0
173
     0
291
     0
 45
0.0
1001
ACAD
1000
AcDbSavedByObjectVersion
1070
     0
  0
VISUALSTYLE
  5
191
102
{ACAD_XDICTIONARY
360
A26
102
}
102
{ACAD_REACTORS
330
17F
102
}
330
17F
100
AcDbVisualStyle
  2
Sketchy
 70
    24
 71
     1
 72
     2
 73
     2
 90
        0
 40
0.6
 41
30.0
 62
     5
 63
     7
 74
     2
 91
        2
 64
     7
 65
     7
 75
     1
175
     1
 42
40.0
 92
       11
 66
     7
 43
1.0
 76
     1
 77
     6
 78
     2
 67
     7
 79
     6
170
     0
171
     0
290
     0
174
     0
 93
        1
 44
0.0
173
     0
291
     0
 45
0.0
1001
ACAD
1000
AcDbSavedByObjectVersion
1070
     0
  0
VISUALSTYLE
  5
18C
102
{ACAD_XDICTIONARY
360
A28
102
}
102
{ACAD_REACTORS
330
17F
102
}
330
17F
100
AcDbVisualStyle
  2
Thicken
 70
    13
 71
     2
 72
     2
 73
     0
 90
        0
 40
0.6
 41
30.0
 62
     5
 63
     7
 74
     1
 91
        4
 64
     7
 65
   257
 75
     1
175
     1
 42
1.0
 92
       12
 66
     7
 43
1.0
 76
     1
 77
     6
 78
     2
 67
     7
 79
     5
170
     0
171
     0
290
     0
174
    -1
 93
        1
 44
0.0
173
     0
291
     1
 45
0.0
1001
ACAD
1000
AcDbSavedByObjectVersion
1070
     0
  0
VISUALSTYLE
  5
186
102
{ACAD_XDICTIONARY
360
A2A
102
}
102
{ACAD_REACTORS
330
17F
102
}
330
17F
100
AcDbVisualStyle
  2
Wireframe
 70
     5
 71
     0
 72
     2
 73
     0
 90
        0
 40
0.6
 41
30.0
 62
     5
 63
     7
 74
     1
 91
        4
 64
     7
 65
   257
 75
     1
175
     1
 42
1.0
 92
        0
 66
   257
 43
1.0
 76
     1
 77
     6
 78
     2
 67
     7
 79
     3
170
     0
171
     0
290
     0
174
     0
 93
        1
 44
0.0
173
     0
291
     0
 45
0.0
1001
ACAD
1000
AcDbSavedByObjectVersion
1070
     0
  0
VISUALSTYLE
  5
192
102
{ACAD_XDICTIONARY
360
A2C
102
}
102
{ACAD_REACTORS
330
17F
102
}
330
17F
100
AcDbVisualStyle
  2
X-Ray
 70
    25
 71
     2
 72
     2
 73
     1
 90
        1
 40
0.5
 41
30.0
 62
     5
 63
     7
 74
     1
 91
        0
 64
     7
 65
   257
 75
     1
175
     1
 42
1.0
 92
        8
 66
     7
 43
1.0
 76
     1
 77
     6
 78
     2
 67
     7
 79
     3
170
     0
171
     0
290
     0
174
     0
 93
       13
 44
0.0
173
     0
291
     0
 45
0.0
1001
ACAD
1000
AcDbSavedByObjectVersion
1070
     0
  0
XRECORD
  5
B5E
102
{ACAD_REACTORS
330
B5D
102
}
330
B5D
100
AcDbXrecord
280
     1
340
6C
  0
XRECORD
  5
B5F
102
{ACAD_REACTORS
330
B5D
102
}
330
B5D
100
AcDbXrecord
280
     1
340
6B
  0
DICTIONARYVAR
  5
B5A
102
{ACAD_REACTORS
330
59
102
}
330
59
100
DictionaryVariables
280
     0
  1
1:1
  0
DICTIONARYVAR
  5
E9
102
{ACAD_REACTORS
330
59
102
}
330
59
100
DictionaryVariables
280
     0
  1
STANDARD
  0
DICTIONARYVAR
  5
98
102
{ACAD_REACTORS
330
59
102
}
330
59
100
DictionaryVariables
280
     0
  1
STANDARD
  0
DICTIONARYVAR
  5
209
102
{ACAD_REACTORS
330
59
102
}
330
59
100
DictionaryVariables
280
     0
  1
Metric50
  0
DICTIONARYVAR
  5
20A
102
{ACAD_REACTORS
330
59
102
}
330
59
100
DictionaryVariables
280
     0
  1
Metric50
  0
DICTIONARYVAR
  5
24D
102
{ACAD_REACTORS
330
59
102
}
330
59
100
DictionaryVariables
280
     0
  1
1
  0
DICTIONARYVAR
  5
43
102
{ACAD_REACTORS
330
59
102
}
330
59
100
DictionaryVariables
280
     0
  1
2
  0
DICTIONARYVAR
  5
24C
102
{ACAD_REACTORS
330
59
102
}
330
59
100
DictionaryVariables
280
     0
  1
1
  0
DICTIONARYVAR
  5
5E
102
{ACAD_REACTORS
330
59
102
}
330
59
100
DictionaryVariables
280
     0
  1
1
  0
DICTIONARYVAR
  5
9E1
102
{ACAD_REACTORS
330
59
102
}
330
59
100
DictionaryVariables
280
     0
  1
1
  0
DICTIONARYVAR
  5
B6
102
{ACAD_REACTORS
330
59
102
}
330
59
100
DictionaryVariables
280
     0
  1

  0
DICTIONARY
  5
9F1
330
16F
100
AcDbDictionary
280
     1
281
     1
  3
ACAD_XREC_ROUNDTRIP
360
B6A
  0
DICTIONARY
  5
9F3
330
167
100
AcDbDictionary
280
     1
281
     1
  3
ACAD_XREC_ROUNDTRIP
360
B6B
  0
DICTIONARY
  5
9F5
330
177
100
AcDbDictionary
280
     1
281
     1
  3
ACAD_XREC_ROUNDTRIP
360
B6C
  0
DICTIONARY
  5
9F8
330
246
100
AcDbDictionary
280
     1
281
     1
  3
ACAD_XREC_ROUNDTRIP
360
B6D
  0
DICTIONARY
  5
9FA
330
E1
100
AcDbDictionary
280
     1
281
     1
  3
ACAD_XREC_ROUNDTRIP
360
B6E
  0
DICTIONARY
  5
249
330
93
100
AcDbDictionary
280
     1
281
     1
  3
ACAD_ROUNDTRIP_2008_TABLESTYLE_CELLSTYLEMAP
360
B70
  3
ACAD_XREC_ROUNDTRIP
360
B6F
  0
DICTIONARY
  5
9FE
330
185
100
AcDbDictionary
280
     1
281
     1
  3
ACAD_XREC_ROUNDTRIP
360
B71
  0
DICTIONARY
  5
A00
330
184
100
AcDbDictionary
280
     1
281
     1
  3
ACAD_XREC_ROUNDTRIP
360
B72
  0
DICTIONARY
  5
A02
330
18B
100
AcDbDictionary
280
     1
281
     1
  3
ACAD_XREC_ROUNDTRIP
360
B73
  0
DICTIONARY
  5
A04
330
18F
100
AcDbDictionary
280
     1
281
     1
  3
ACAD_XREC_ROUNDTRIP
360
B74
  0
DICTIONARY
  5
A06
330
188
100
AcDbDictionary
280
     1
281
     1
  3
ACAD_XREC_ROUNDTRIP
360
B75
  0
DICTIONARY
  5
A08
330
18A
100
AcDbDictionary
280
     1
281
     1
  3
ACAD_XREC_ROUNDTRIP
360
B76
  0
DICTIONARY
  5
A0A
330
197
100
AcDbDictionary
280
     1
281
     1
  3
ACAD_XREC_ROUNDTRIP
360
B77
  0
DICTIONARY
  5
A0C
330
18E
100
AcDbDictionary
280
     1
281
     1
  3
ACAD_XREC_ROUNDTRIP
360
B78
  0
DICTIONARY
  5
A0E
330
180
100
AcDbDictionary
280
     1
281
     1
  3
ACAD_XREC_ROUNDTRIP
360
B79
  0
DICTIONARY
  5
A10
330
181
100
AcDbDictionary
280
     1
281
     1
  3
ACAD_XREC_ROUNDTRIP
360
B7A
  0
DICTIONARY
  5
A12
330
182
100
AcDbDictionary
280
     1
281
     1
  3
ACAD_XREC_ROUNDTRIP
360
B7B
  0
DICTIONARY
  5
A14
330
183
100
AcDbDictionary
280
     1
281
     1
  3
ACAD_XREC_ROUNDTRIP
360
B7C
  0
DICTIONARY
  5
A16
330
187
100
AcDbDictionary
280
     1
281
     1
  3
ACAD_XREC_ROUNDTRIP
360
B7D
  0
DICTIONARY
  5
A18
330
195
100
AcDbDictionary
280
     1
281
     1
  3
ACAD_XREC_ROUNDTRIP
360
B7E
  0
DICTIONARY
  5
A1A
330
18D
100
AcDbDictionary
280
     1
281
     1
  3
ACAD_XREC_ROUNDTRIP
360
B7F
  0
DICTIONARY
  5
A1C
330
196
100
AcDbDictionary
280
     1
281
     1
  3
ACAD_XREC_ROUNDTRIP
360
B80
  0
DICTIONARY
  5
A1E
330
189
100
AcDbDictionary
280
     1
281
     1
  3
ACAD_XREC_ROUNDTRIP
360
B81
  0
DICTIONARY
  5
A20
330
194
100
AcDbDictionary
280
     1
281
     1
  3
ACAD_XREC_ROUNDTRIP
360
B82
  0
DICTIONARY
  5
A22
330
193
100
AcDbDictionary
280
     1
281
     1
  3
ACAD_XREC_ROUNDTRIP
360
B83
  0
DICTIONARY
  5
A24
330
190
100
AcDbDictionary
280
     1
281
     1
  3
ACAD_XREC_ROUNDTRIP
360
B84
  0
DICTIONARY
  5
A26
330
191
100
AcDbDictionary
280
     1
281
     1
  3
ACAD_XREC_ROUNDTRIP
360
B85
  0
DICTIONARY
  5
A28
330
18C
100
AcDbDictionary
280
     1
281
     1
  3
ACAD_XREC_ROUNDTRIP
360
B86
  0
DICTIONARY
  5
A2A
330
186
100
AcDbDictionary
280
     1
281
     1
  3
ACAD_XREC_ROUNDTRIP
360
B87
  0
DICTIONARY
  5
A2C
330
192
100
AcDbDictionary
280
     1
281
     1
  3
ACAD_XREC_ROUNDTRIP
360
B88
  0
XRECORD
  5
B6A
102
{ACAD_REACTORS
330
9F1
102
}
330
9F1
100
AcDbXrecord
280
     1
102
MATERIAL
148
0.0
149
0.0
149
0.0
 93
        0
 94
      127
282
     0
 72
     0
 77
     0
171
     0
175
     0
179
     0
273
     0
  0
XRECORD
  5
B6B
102
{ACAD_REACTORS
330
9F3
102
}
330
9F3
100
AcDbXrecord
280
     1
102
MATERIAL
148
0.0
149
0.0
149
0.0
 93
        0
 94
      127
282
     0
 72
     0
 77
     0
171
     0
175
     0
179
     0
273
     0
  0
XRECORD
  5
B6C
102
{ACAD_REACTORS
330
9F5
102
}
330
9F5
100
AcDbXrecord
280
     1
102
MATERIAL
148
0.0
149
0.0
149
0.0
 93
        0
 94
      127
282
     0
 72
     0
 77
     0
171
     0
175
     0
179
     0
273
     0
  0
XRECORD
  5
B6D
102
{ACAD_REACTORS
330
9F8
102
}
330
9F8
100
AcDbXrecord
280
     1
102
ACAD_ROUNDTRIP_2010_MLEADER_STYLE
  0
XRECORD
  5
B6E
102
{ACAD_REACTORS
330
9FA
102
}
330
9FA
100
AcDbXrecord
280
     1
102
ACAD_ROUNDTRIP_2010_MLEADER_STYLE
  0
CELLSTYLEMAP
  5
B70
102
{ACAD_REACTORS
330
249
102
}
330
249
100
AcDbCellStyleMap
 90
        3
300
CELLSTYLE
  1
TABLEFORMAT_BEGIN
 90
        5
170
     1
 91
        0
 92
    32768
 62
   257
 93
        1
300
CONTENTFORMAT
  1
CONTENTFORMAT_BEGIN
 90
        0
 91
        0
 92
      512
 93
        0
300

 40
0.0
140
1.0
 94
        5
 62
     0
340
11
144
6.0
309
CONTENTFORMAT_END
171
     1
301
MARGIN
  1
CELLMARGIN_BEGIN
 40
1.5
 40
1.5
 40
1.5
 40
1.5
 40
0.18
 40
0.18
309
CELLMARGIN_END
 94
        6
 95
        1
302
GRIDFORMAT
  1
GRIDFORMAT_BEGIN
 90
        0
 91
        1
 62
     0
 92
       -2
340
0
 93
        0
 40
0.045
309
GRIDFORMAT_END
 95
        2
302
GRIDFORMAT
  1
GRIDFORMAT_BEGIN
 90
        0
 91
        1
 62
     0
 92
       -2
340
0
 93
        0
 40
0.045
309
GRIDFORMAT_END
 95
        4
302
GRIDFORMAT
  1
GRIDFORMAT_BEGIN
 90
        0
 91
        1
 62
     0
 92
       -2
340
0
 93
        0
 40
0.045
309
GRIDFORMAT_END
 95
        8
302
GRIDFORMAT
  1
GRIDFORMAT_BEGIN
 90
        0
 91
        1
 62
     0
 92
       -2
340
0
 93
        0
 40
0.045
309
GRIDFORMAT_END
 95
       16
302
GRIDFORMAT
  1
GRIDFORMAT_BEGIN
 90
        0
 91
        1
 62
     0
 92
       -2
340
0
 93
        0
 40
0.045
309
GRIDFORMAT_END
 95
       32
302
GRIDFORMAT
  1
GRIDFORMAT_BEGIN
 90
        0
 91
        1
 62
     0
 92
       -2
340
0
 93
        0
 40
0.045
309
GRIDFORMAT_END
309
TABLEFORMAT_END
  1
CELLSTYLE_BEGIN
 90
        1
 91
        1
300
_TITLE
309
CELLSTYLE_END
300
CELLSTYLE
  1
TABLEFORMAT_BEGIN
 90
        5
170
     1
 91
        0
 92
        0
 62
   257
 93
        1
300
CONTENTFORMAT
  1
CONTENTFORMAT_BEGIN
 90
        0
 91
        0
 92
      512
 93
        0
300

 40
0.0
140
1.0
 94
        5
 62
     0
340
11
144
4.5
309
CONTENTFORMAT_END
171
     1
301
MARGIN
  1
CELLMARGIN_BEGIN
 40
1.5
 40
1.5
 40
1.5
 40
1.5
 40
0.18
 40
0.18
309
CELLMARGIN_END
 94
        6
 95
        1
302
GRIDFORMAT
  1
GRIDFORMAT_BEGIN
 90
        0
 91
        1
 62
     0
 92
       -2
340
0
 93
        0
 40
0.045
309
GRIDFORMAT_END
 95
        2
302
GRIDFORMAT
  1
GRIDFORMAT_BEGIN
 90
        0
 91
        1
 62
     0
 92
       -2
340
0
 93
        0
 40
0.045
309
GRIDFORMAT_END
 95
        4
302
GRIDFORMAT
  1
GRIDFORMAT_BEGIN
 90
        0
 91
        1
 62
     0
 92
       -2
340
0
 93
        0
 40
0.045
309
GRIDFORMAT_END
 95
        8
302
GRIDFORMAT
  1
GRIDFORMAT_BEGIN
 90
        0
 91
        1
 62
     0
 92
       -2
340
0
 93
        0
 40
0.045
309
GRIDFORMAT_END
 95
       16
302
GRIDFORMAT
  1
GRIDFORMAT_BEGIN
 90
        0
 91
        1
 62
     0
 92
       -2
340
0
 93
        0
 40
0.045
309
GRIDFORMAT_END
 95
       32
302
GRIDFORMAT
  1
GRIDFORMAT_BEGIN
 90
        0
 91
        1
 62
     0
 92
       -2
340
0
 93
        0
 40
0.045
309
GRIDFORMAT_END
309
TABLEFORMAT_END
  1
CELLSTYLE_BEGIN
 90
        2
 91
        1
300
_HEADER
309
CELLSTYLE_END
300
CELLSTYLE
  1
TABLEFORMAT_BEGIN
 90
        5
170
     1
 91
        0
 92
        0
 62
   257
 93
        1
300
CONTENTFORMAT
  1
CONTENTFORMAT_BEGIN
 90
        0
 91
        0
 92
      512
 93
        0
300

 40
0.0
140
1.0
 94
        2
 62
     0
340
11
144
4.5
309
CONTENTFORMAT_END
171
     1
301
MARGIN
  1
CELLMARGIN_BEGIN
 40
1.5
 40
1.5
 40
1.5
 40
1.5
 40
0.18
 40
0.18
309
CELLMARGIN_END
 94
        6
 95
        1
302
GRIDFORMAT
  1
GRIDFORMAT_BEGIN
 90
        0
 91
        1
 62
     0
 92
       -2
340
0
 93
        0
 40
0.045
309
GRIDFORMAT_END
 95
        2
302
GRIDFORMAT
  1
GRIDFORMAT_BEGIN
 90
        0
 91
        1
 62
     0
 92
       -2
340
0
 93
        0
 40
0.045
309
GRIDFORMAT_END
 95
        4
302
GRIDFORMAT
  1
GRIDFORMAT_BEGIN
 90
        0
 91
        1
 62
     0
 92
       -2
340
0
 93
        0
 40
0.045
309
GRIDFORMAT_END
 95
        8
302
GRIDFORMAT
  1
GRIDFORMAT_BEGIN
 90
        0
 91
        1
 62
     0
 92
       -2
340
0
 93
        0
 40
0.045
309
GRIDFORMAT_END
 95
       16
302
GRIDFORMAT
  1
GRIDFORMAT_BEGIN
 90
        0
 91
        1
 62
     0
 92
       -2
340
0
 93
        0
 40
0.045
309
GRIDFORMAT_END
 95
       32
302
GRIDFORMAT
  1
GRIDFORMAT_BEGIN
 90
        0
 91
        1
 62
     0
 92
       -2
340
0
 93
        0
 40
0.045
309
GRIDFORMAT_END
309
TABLEFORMAT_END
  1
CELLSTYLE_BEGIN
 90
        3
 91
        2
300
_DATA
309
CELLSTYLE_END
  0
XRECORD
  5
B6F
102
{ACAD_REACTORS
330
249
102
}
330
249
100
AcDbXrecord
280
     1
102
ACAD_ROUNDTRIP_PRE2007_TABLESTYLE
 90
      512
 91
        0
  1

 92
      512
 93
        0
  2

 94
      512
 95
        0
  3

  0
XRECORD
  5
B71
102
{ACAD_REACTORS
330
9FE
102
}
330
9FE
100
AcDbXrecord
280
     1
102
RTVSPropertyOp0
 70
     1
102
RTVSPropertyOp1
 70
     1
102
RTVSPropertyOp2
 70
     1
102
RTVSPropertyOp3
 70
     1
102
RTVSPropertyOp4
 70
     1
102
RTVSPropertyOp5
 70
     1
102
RTVSPropertyOp6
 70
     1
102
RTVSPropertyOp7
 70
     1
102
RTVSPropertyOp8
 70
     1
102
RTVSPropertyOp9
 70
     1
102
RTVSPropertyOp10
 70
     1
102
RTVSPropertyOp11
 70
     1
102
RTVSPropertyOp12
 70
     1
102
RTVSPropertyOp13
 70
     1
102
RTVSPropertyOp14
 70
     1
102
RTVSPropertyOp15
 70
     1
102
RTVSPropertyOp16
 70
     1
102
RTVSPropertyOp17
 70
     1
102
RTVSPropertyOp18
 70
     1
102
RTVSPropertyOp19
 70
     1
102
RTVSPropertyOp20
 70
     1
102
RTVSPropertyOp21
 70
     1
102
RTVSPropertyOp22
 70
     1
102
RTVSPropertyOp23
 70
     1
102
RTVSPropertyOp24
 70
     1
102
RTVSPropertyOp25
 70
     1
102
RTVSPropertyOp26
 70
     1
102
RTVSPropertyOp27
 70
     1
102
RTVSPropertyOp28
 70
     1
102
RTVSPropertyOp29
 70
     1
102
RTVSPropertyOp30
 70
     1
102
RTVSPropertyOp31
 70
     1
102
RTVSPropertyOp32
 70
     1
102
RTVSPropertyOp33
 70
     1
102
RTVSPropertyOp34
 70
     1
102
RTVSPropertyOp35
 70
     1
102
RTVSPropertyOp36
 70
     1
102
RTVSPropertyOp37
 70
     1
102
RTVSPropertyOp38
 70
     1
102
RTVSPropertyOp39
 70
     1
102
RTVSPropertyOp40
 70
     1
102
RTVSPropertyOp41
 70
     1
102
RTVSPropertyOp42
 70
     1
102
RTVSPropertyOp43
 70
     1
102
RTVSPropertyOp44
 70
     1
102
RTVSPropertyOp45
 70
     1
102
RTVSPropertyOp46
 70
     1
102
RTVSPropertyOp47
 70
     1
102
RTVSPropertyOp48
 70
     1
102
RTVSPropertyOp49
 70
     1
102
RTVSPropertyOp50
 70
     1
102
RTVSPropertyOp51
 70
     0
102
RTVSPropertyOp52
 70
     0
102
RTVSPropertyOp53
 70
     1
102
RTVSPropertyOp54
 70
     1
102
RTVSPropertyOp55
 70
     1
102
RTVSPropertyOp56
 70
     1
102
RTVSPropertyOp57
 70
     1
102
RTVSPost2010Prop28
280
     1
102
RTVSPost2010PropOp28
 70
     1
102
RTVSPost2010Prop29
280
     1
102
RTVSPost2010PropOp29
 70
     1
102
RTVSPost2010Prop30
280
     0
102
RTVSPost2010PropOp30
 70
     1
102
RTVSPost2010Prop31
280
     0
102
RTVSPost2010PropOp31
 70
     1
102
RTVSPost2010Prop32
280
     0
102
RTVSPost2010PropOp32
 70
     1
102
RTVSPost2010Prop33
280
     0
102
RTVSPost2010PropOp33
 70
     1
102
RTVSPost2010Prop34
280
     0
102
RTVSPost2010PropOp34
 70
     1
102
RTVSPost2010Prop35
280
     0
102
RTVSPost2010PropOp35
 70
     1
102
RTVSPost2010Prop36
280
     0
102
RTVSPost2010PropOp36
 70
     1
102
RTVSPost2010Prop37
 90
       50
102
RTVSPost2010PropOp37
 70
     1
102
RTVSPost2010Prop38
140
0.0
102
RTVSPost2010PropOp38
 70
     1
102
RTVSPost2010Prop39
140
1.0
102
RTVSPost2010PropOp39
 70
     1
102
RTVSPost2010Prop40
 90
        0
102
RTVSPost2010PropOp40
 70
     1
102
RTVSPost2010Prop41ColorIndex
 90
       18
102
RTVSPost2010Prop41ColorRGB
 90
        0
102
RTVSPost2010PropOp41
 70
     1
102
RTVSPost2010Prop42
 90
       50
102
RTVSPost2010PropOp42
 70
     1
102
RTVSPost2010Prop43
 90
        3
102
RTVSPost2010PropOp43
 70
     1
102
RTVSPost2010Prop44ColorIndex
 90
        5
102
RTVSPost2010Prop44ColorRGB
 90
      255
102
RTVSPost2010PropOp44
 70
     1
102
RTVSPost2010Prop45
280
     0
102
RTVSPost2010PropOp45
 70
     1
102
RTVSPost2010Prop46
 90
       50
102
RTVSPost2010PropOp46
 70
     1
102
RTVSPost2010Prop47
 90
       50
102
RTVSPost2010PropOp47
 70
     1
102
RTVSPost2010Prop48
 90
       50
102
RTVSPost2010PropOp48
 70
     1
102
RTVSPost2010Prop49
280
     0
102
RTVSPost2010PropOp49
 70
     1
102
RTVSPost2010Prop50
 90
       50
102
RTVSPost2010PropOp50
 70
     1
102
RTVSPost2010Prop51ColorIndex
 90
      256
102
RTVSPost2010Prop51ColorRGB
 90
-16777216
102
RTVSPost2010PropOp51
 70
     0
102
RTVSPost2010Prop52
140
1.0
102
RTVSPost2010PropOp52
 70
     0
102
RTVSPost2010Prop53
 90
        0
102
RTVSPost2010PropOp53
 70
     1
102
RTVSPost2010Prop54
  1
strokes_ogs.tif
102
RTVSPost2010PropOp54
 70
     1
102
RTVSPost2010Prop55
280
     0
102
RTVSPost2010PropOp55
 70
     1
102
RTVSPost2010Prop56
140
1.0
102
RTVSPost2010PropOp56
 70
     1
102
RTVSPost2010Prop57
140
1.0
102
RTVSPost2010PropOp57
 70
     1
  0
XRECORD
  5
B72
102
{ACAD_REACTORS
330
A00
102
}
330
A00
100
AcDbXrecord
280
     1
102
RTVSPropertyOp0
 70
     1
102
RTVSPropertyOp1
 70
     1
102
RTVSPropertyOp2
 70
     1
102
RTVSPropertyOp3
 70
     1
102
RTVSPropertyOp4
 70
     1
102
RTVSPropertyOp5
 70
     1
102
RTVSPropertyOp6
 70
     1
102
RTVSPropertyOp7
 70
     1
102
RTVSPropertyOp8
 70
     1
102
RTVSPropertyOp9
 70
     1
102
RTVSPropertyOp10
 70
     1
102
RTVSPropertyOp11
 70
     1
102
RTVSPropertyOp12
 70
     1
102
RTVSPropertyOp13
 70
     1
102
RTVSPropertyOp14
 70
     1
102
RTVSPropertyOp15
 70
     1
102
RTVSPropertyOp16
 70
     1
102
RTVSPropertyOp17
 70
     1
102
RTVSPropertyOp18
 70
     1
102
RTVSPropertyOp19
 70
     1
102
RTVSPropertyOp20
 70
     1
102
RTVSPropertyOp21
 70
     1
102
RTVSPropertyOp22
 70
     1
102
RTVSPropertyOp23
 70
     1
102
RTVSPropertyOp24
 70
     1
102
RTVSPropertyOp25
 70
     1
102
RTVSPropertyOp26
 70
     1
102
RTVSPropertyOp27
 70
     1
102
RTVSPropertyOp28
 70
     1
102
RTVSPropertyOp29
 70
     1
102
RTVSPropertyOp30
 70
     1
102
RTVSPropertyOp31
 70
     1
102
RTVSPropertyOp32
 70
     1
102
RTVSPropertyOp33
 70
     1
102
RTVSPropertyOp34
 70
     1
102
RTVSPropertyOp35
 70
     1
102
RTVSPropertyOp36
 70
     1
102
RTVSPropertyOp37
 70
     1
102
RTVSPropertyOp38
 70
     1
102
RTVSPropertyOp39
 70
     1
102
RTVSPropertyOp40
 70
     1
102
RTVSPropertyOp41
 70
     1
102
RTVSPropertyOp42
 70
     1
102
RTVSPropertyOp43
 70
     1
102
RTVSPropertyOp44
 70
     1
102
RTVSPropertyOp45
 70
     1
102
RTVSPropertyOp46
 70
     1
102
RTVSPropertyOp47
 70
     1
102
RTVSPropertyOp48
 70
     1
102
RTVSPropertyOp49
 70
     1
102
RTVSPropertyOp50
 70
     1
102
RTVSPropertyOp51
 70
     0
102
RTVSPropertyOp52
 70
     0
102
RTVSPropertyOp53
 70
     1
102
RTVSPropertyOp54
 70
     1
102
RTVSPropertyOp55
 70
     1
102
RTVSPropertyOp56
 70
     1
102
RTVSPropertyOp57
 70
     1
102
RTVSPost2010Prop28
280
     0
102
RTVSPost2010PropOp28
 70
     1
102
RTVSPost2010Prop29
280
     1
102
RTVSPost2010PropOp29
 70
     1
102
RTVSPost2010Prop30
280
     1
102
RTVSPost2010PropOp30
 70
     1
102
RTVSPost2010Prop31
280
     0
102
RTVSPost2010PropOp31
 70
     1
102
RTVSPost2010Prop32
280
     0
102
RTVSPost2010PropOp32
 70
     1
102
RTVSPost2010Prop33
280
     0
102
RTVSPost2010PropOp33
 70
     1
102
RTVSPost2010Prop34
280
     0
102
RTVSPost2010PropOp34
 70
     1
102
RTVSPost2010Prop35
280
     0
102
RTVSPost2010PropOp35
 70
     1
102
RTVSPost2010Prop36
280
     0
102
RTVSPost2010PropOp36
 70
     1
102
RTVSPost2010Prop37
 90
       50
102
RTVSPost2010PropOp37
 70
     1
102
RTVSPost2010Prop38
140
0.0
102
RTVSPost2010PropOp38
 70
     1
102
RTVSPost2010Prop39
140
1.0
102
RTVSPost2010PropOp39
 70
     1
102
RTVSPost2010Prop40
 90
        0
102
RTVSPost2010PropOp40
 70
     1
102
RTVSPost2010Prop41ColorIndex
 90
       18
102
RTVSPost2010Prop41ColorRGB
 90
        0
102
RTVSPost2010PropOp41
 70
     1
102
RTVSPost2010Prop42
 90
       50
102
RTVSPost2010PropOp42
 70
     1
102
RTVSPost2010Prop43
 90
        3
102
RTVSPost2010PropOp43
 70
     1
102
RTVSPost2010Prop44ColorIndex
 90
        5
102
RTVSPost2010Prop44ColorRGB
 90
      255
102
RTVSPost2010PropOp44
 70
     1
102
RTVSPost2010Prop45
280
     0
102
RTVSPost2010PropOp45
 70
     1
102
RTVSPost2010Prop46
 90
       50
102
RTVSPost2010PropOp46
 70
     1
102
RTVSPost2010Prop47
 90
       50
102
RTVSPost2010PropOp47
 70
     1
102
RTVSPost2010Prop48
 90
       50
102
RTVSPost2010PropOp48
 70
     1
102
RTVSPost2010Prop49
280
     0
102
RTVSPost2010PropOp49
 70
     1
102
RTVSPost2010Prop50
 90
       50
102
RTVSPost2010PropOp50
 70
     1
102
RTVSPost2010Prop51ColorIndex
 90
      256
102
RTVSPost2010Prop51ColorRGB
 90
-16777216
102
RTVSPost2010PropOp51
 70
     0
102
RTVSPost2010Prop52
140
1.0
102
RTVSPost2010PropOp52
 70
     0
102
RTVSPost2010Prop53
 90
        0
102
RTVSPost2010PropOp53
 70
     1
102
RTVSPost2010Prop54
  1
strokes_ogs.tif
102
RTVSPost2010PropOp54
 70
     1
102
RTVSPost2010Prop55
280
     0
102
RTVSPost2010PropOp55
 70
     1
102
RTVSPost2010Prop56
140
1.0
102
RTVSPost2010PropOp56
 70
     1
102
RTVSPost2010Prop57
140
1.0
102
RTVSPost2010PropOp57
 70
     1
  0
XRECORD
  5
B73
102
{ACAD_REACTORS
330
A02
102
}
330
A02
100
AcDbXrecord
280
     1
102
RTVSPropertyOp0
 70
     1
102
RTVSPropertyOp1
 70
     1
102
RTVSPropertyOp2
 70
     1
102
RTVSPropertyOp3
 70
     1
102
RTVSPropertyOp4
 70
     1
102
RTVSPropertyOp5
 70
     1
102
RTVSPropertyOp6
 70
     1
102
RTVSPropertyOp7
 70
     1
102
RTVSPropertyOp8
 70
     1
102
RTVSPropertyOp9
 70
     1
102
RTVSPropertyOp10
 70
     1
102
RTVSPropertyOp11
 70
     1
102
RTVSPropertyOp12
 70
     1
102
RTVSPropertyOp13
 70
     1
102
RTVSPropertyOp14
 70
     1
102
RTVSPropertyOp15
 70
     1
102
RTVSPropertyOp16
 70
     1
102
RTVSPropertyOp17
 70
     1
102
RTVSPropertyOp18
 70
     1
102
RTVSPropertyOp19
 70
     1
102
RTVSPropertyOp20
 70
     1
102
RTVSPropertyOp21
 70
     1
102
RTVSPropertyOp22
 70
     1
102
RTVSPropertyOp23
 70
     1
102
RTVSPropertyOp24
 70
     1
102
RTVSPropertyOp25
 70
     1
102
RTVSPropertyOp26
 70
     1
102
RTVSPropertyOp27
 70
     1
102
RTVSPropertyOp28
 70
     1
102
RTVSPropertyOp29
 70
     1
102
RTVSPropertyOp30
 70
     1
102
RTVSPropertyOp31
 70
     1
102
RTVSPropertyOp32
 70
     1
102
RTVSPropertyOp33
 70
     1
102
RTVSPropertyOp34
 70
     1
102
RTVSPropertyOp35
 70
     1
102
RTVSPropertyOp36
 70
     1
102
RTVSPropertyOp37
 70
     1
102
RTVSPropertyOp38
 70
     1
102
RTVSPropertyOp39
 70
     1
102
RTVSPropertyOp40
 70
     1
102
RTVSPropertyOp41
 70
     1
102
RTVSPropertyOp42
 70
     1
102
RTVSPropertyOp43
 70
     1
102
RTVSPropertyOp44
 70
     1
102
RTVSPropertyOp45
 70
     1
102
RTVSPropertyOp46
 70
     1
102
RTVSPropertyOp47
 70
     1
102
RTVSPropertyOp48
 70
     1
102
RTVSPropertyOp49
 70
     1
102
RTVSPropertyOp50
 70
     1
102
RTVSPropertyOp51
 70
     0
102
RTVSPropertyOp52
 70
     0
102
RTVSPropertyOp53
 70
     1
102
RTVSPropertyOp54
 70
     1
102
RTVSPropertyOp55
 70
     1
102
RTVSPropertyOp56
 70
     1
102
RTVSPropertyOp57
 70
     1
102
RTVSPost2010Prop28
280
     0
102
RTVSPost2010PropOp28
 70
     1
102
RTVSPost2010Prop29
280
     1
102
RTVSPost2010PropOp29
 70
     1
102
RTVSPost2010Prop30
280
     1
102
RTVSPost2010PropOp30
 70
     1
102
RTVSPost2010Prop31
280
     0
102
RTVSPost2010PropOp31
 70
     1
102
RTVSPost2010Prop32
280
     0
102
RTVSPost2010PropOp32
 70
     1
102
RTVSPost2010Prop33
280
     0
102
RTVSPost2010PropOp33
 70
     1
102
RTVSPost2010Prop34
280
     0
102
RTVSPost2010PropOp34
 70
     1
102
RTVSPost2010Prop35
280
     0
102
RTVSPost2010PropOp35
 70
     1
102
RTVSPost2010Prop36
280
     0
102
RTVSPost2010PropOp36
 70
     1
102
RTVSPost2010Prop37
 90
       50
102
RTVSPost2010PropOp37
 70
     1
102
RTVSPost2010Prop38
140
0.0
102
RTVSPost2010PropOp38
 70
     1
102
RTVSPost2010Prop39
140
1.0
102
RTVSPost2010PropOp39
 70
     1
102
RTVSPost2010Prop40
 90
        0
102
RTVSPost2010PropOp40
 70
     1
102
RTVSPost2010Prop41ColorIndex
 90
       18
102
RTVSPost2010Prop41ColorRGB
 90
        0
102
RTVSPost2010PropOp41
 70
     1
102
RTVSPost2010Prop42
 90
       50
102
RTVSPost2010PropOp42
 70
     1
102
RTVSPost2010Prop43
 90
        3
102
RTVSPost2010PropOp43
 70
     1
102
RTVSPost2010Prop44ColorIndex
 90
        5
102
RTVSPost2010Prop44ColorRGB
 90
      255
102
RTVSPost2010PropOp44
 70
     1
102
RTVSPost2010Prop45
280
     0
102
RTVSPost2010PropOp45
 70
     1
102
RTVSPost2010Prop46
 90
       50
102
RTVSPost2010PropOp46
 70
     1
102
RTVSPost2010Prop47
 90
       50
102
RTVSPost2010PropOp47
 70
     1
102
RTVSPost2010Prop48
 90
       50
102
RTVSPost2010PropOp48
 70
     1
102
RTVSPost2010Prop49
280
     0
102
RTVSPost2010PropOp49
 70
     1
102
RTVSPost2010Prop50
 90
       50
102
RTVSPost2010PropOp50
 70
     1
102
RTVSPost2010Prop51ColorIndex
 90
      256
102
RTVSPost2010Prop51ColorRGB
 90
-16777216
102
RTVSPost2010PropOp51
 70
     0
102
RTVSPost2010Prop52
140
1.0
102
RTVSPost2010PropOp52
 70
     0
102
RTVSPost2010Prop53
 90
        0
102
RTVSPost2010PropOp53
 70
     1
102
RTVSPost2010Prop54
  1
strokes_ogs.tif
102
RTVSPost2010PropOp54
 70
     1
102
RTVSPost2010Prop55
280
     0
102
RTVSPost2010PropOp55
 70
     1
102
RTVSPost2010Prop56
140
1.0
102
RTVSPost2010PropOp56
 70
     1
102
RTVSPost2010Prop57
140
1.0
102
RTVSPost2010PropOp57
 70
     1
  0
XRECORD
  5
B74
102
{ACAD_REACTORS
330
A04
102
}
330
A04
100
AcDbXrecord
280
     1
102
RTVSPropertyOp0
 70
     1
102
RTVSPropertyOp1
 70
     1
102
RTVSPropertyOp2
 70
     1
102
RTVSPropertyOp3
 70
     1
102
RTVSPropertyOp4
 70
     1
102
RTVSPropertyOp5
 70
     1
102
RTVSPropertyOp6
 70
     1
102
RTVSPropertyOp7
 70
     1
102
RTVSPropertyOp8
 70
     1
102
RTVSPropertyOp9
 70
     1
102
RTVSPropertyOp10
 70
     1
102
RTVSPropertyOp11
 70
     1
102
RTVSPropertyOp12
 70
     1
102
RTVSPropertyOp13
 70
     1
102
RTVSPropertyOp14
 70
     1
102
RTVSPropertyOp15
 70
     1
102
RTVSPropertyOp16
 70
     1
102
RTVSPropertyOp17
 70
     1
102
RTVSPropertyOp18
 70
     1
102
RTVSPropertyOp19
 70
     1
102
RTVSPropertyOp20
 70
     1
102
RTVSPropertyOp21
 70
     1
102
RTVSPropertyOp22
 70
     1
102
RTVSPropertyOp23
 70
     1
102
RTVSPropertyOp24
 70
     1
102
RTVSPropertyOp25
 70
     1
102
RTVSPropertyOp26
 70
     1
102
RTVSPropertyOp27
 70
     1
102
RTVSPropertyOp28
 70
     1
102
RTVSPropertyOp29
 70
     1
102
RTVSPropertyOp30
 70
     1
102
RTVSPropertyOp31
 70
     1
102
RTVSPropertyOp32
 70
     1
102
RTVSPropertyOp33
 70
     1
102
RTVSPropertyOp34
 70
     1
102
RTVSPropertyOp35
 70
     1
102
RTVSPropertyOp36
 70
     1
102
RTVSPropertyOp37
 70
     1
102
RTVSPropertyOp38
 70
     1
102
RTVSPropertyOp39
 70
     1
102
RTVSPropertyOp40
 70
     1
102
RTVSPropertyOp41
 70
     1
102
RTVSPropertyOp42
 70
     1
102
RTVSPropertyOp43
 70
     1
102
RTVSPropertyOp44
 70
     1
102
RTVSPropertyOp45
 70
     1
102
RTVSPropertyOp46
 70
     1
102
RTVSPropertyOp47
 70
     1
102
RTVSPropertyOp48
 70
     1
102
RTVSPropertyOp49
 70
     1
102
RTVSPropertyOp50
 70
     1
102
RTVSPropertyOp51
 70
     0
102
RTVSPropertyOp52
 70
     0
102
RTVSPropertyOp53
 70
     1
102
RTVSPropertyOp54
 70
     1
102
RTVSPropertyOp55
 70
     1
102
RTVSPropertyOp56
 70
     1
102
RTVSPropertyOp57
 70
     1
102
RTVSPost2010Prop28
280
     0
102
RTVSPost2010PropOp28
 70
     1
102
RTVSPost2010Prop29
280
     1
102
RTVSPost2010PropOp29
 70
     1
102
RTVSPost2010Prop30
280
     1
102
RTVSPost2010PropOp30
 70
     1
102
RTVSPost2010Prop31
280
     0
102
RTVSPost2010PropOp31
 70
     1
102
RTVSPost2010Prop32
280
     0
102
RTVSPost2010PropOp32
 70
     1
102
RTVSPost2010Prop33
280
     0
102
RTVSPost2010PropOp33
 70
     1
102
RTVSPost2010Prop34
280
     0
102
RTVSPost2010PropOp34
 70
     1
102
RTVSPost2010Prop35
280
     0
102
RTVSPost2010PropOp35
 70
     1
102
RTVSPost2010Prop36
280
     0
102
RTVSPost2010PropOp36
 70
     1
102
RTVSPost2010Prop37
 90
       50
102
RTVSPost2010PropOp37
 70
     1
102
RTVSPost2010Prop38
140
0.0
102
RTVSPost2010PropOp38
 70
     1
102
RTVSPost2010Prop39
140
1.0
102
RTVSPost2010PropOp39
 70
     1
102
RTVSPost2010Prop40
 90
        0
102
RTVSPost2010PropOp40
 70
     1
102
RTVSPost2010Prop41ColorIndex
 90
       18
102
RTVSPost2010Prop41ColorRGB
 90
        0
102
RTVSPost2010PropOp41
 70
     1
102
RTVSPost2010Prop42
 90
       50
102
RTVSPost2010PropOp42
 70
     1
102
RTVSPost2010Prop43
 90
        3
102
RTVSPost2010PropOp43
 70
     1
102
RTVSPost2010Prop44ColorIndex
 90
        5
102
RTVSPost2010Prop44ColorRGB
 90
      255
102
RTVSPost2010PropOp44
 70
     1
102
RTVSPost2010Prop45
280
     0
102
RTVSPost2010PropOp45
 70
     1
102
RTVSPost2010Prop46
 90
       50
102
RTVSPost2010PropOp46
 70
     1
102
RTVSPost2010Prop47
 90
       50
102
RTVSPost2010PropOp47
 70
     1
102
RTVSPost2010Prop48
 90
       50
102
RTVSPost2010PropOp48
 70
     1
102
RTVSPost2010Prop49
280
     0
102
RTVSPost2010PropOp49
 70
     1
102
RTVSPost2010Prop50
 90
       50
102
RTVSPost2010PropOp50
 70
     1
102
RTVSPost2010Prop51ColorIndex
 90
      256
102
RTVSPost2010Prop51ColorRGB
 90
-16777216
102
RTVSPost2010PropOp51
 70
     0
102
RTVSPost2010Prop52
140
1.0
102
RTVSPost2010PropOp52
 70
     0
102
RTVSPost2010Prop53
 90
        0
102
RTVSPost2010PropOp53
 70
     1
102
RTVSPost2010Prop54
  1
strokes_ogs.tif
102
RTVSPost2010PropOp54
 70
     1
102
RTVSPost2010Prop55
280
     0
102
RTVSPost2010PropOp55
 70
     1
102
RTVSPost2010Prop56
140
1.0
102
RTVSPost2010PropOp56
 70
     1
102
RTVSPost2010Prop57
140
1.0
102
RTVSPost2010PropOp57
 70
     1
  0
XRECORD
  5
B75
102
{ACAD_REACTORS
330
A06
102
}
330
A06
100
AcDbXrecord
280
     1
102
RTVSPropertyOp0
 70
     1
102
RTVSPropertyOp1
 70
     1
102
RTVSPropertyOp2
 70
     1
102
RTVSPropertyOp3
 70
     1
102
RTVSPropertyOp4
 70
     1
102
RTVSPropertyOp5
 70
     1
102
RTVSPropertyOp6
 70
     1
102
RTVSPropertyOp7
 70
     1
102
RTVSPropertyOp8
 70
     1
102
RTVSPropertyOp9
 70
     1
102
RTVSPropertyOp10
 70
     1
102
RTVSPropertyOp11
 70
     1
102
RTVSPropertyOp12
 70
     1
102
RTVSPropertyOp13
 70
     1
102
RTVSPropertyOp14
 70
     1
102
RTVSPropertyOp15
 70
     1
102
RTVSPropertyOp16
 70
     1
102
RTVSPropertyOp17
 70
     1
102
RTVSPropertyOp18
 70
     1
102
RTVSPropertyOp19
 70
     1
102
RTVSPropertyOp20
 70
     1
102
RTVSPropertyOp21
 70
     1
102
RTVSPropertyOp22
 70
     1
102
RTVSPropertyOp23
 70
     1
102
RTVSPropertyOp24
 70
     1
102
RTVSPropertyOp25
 70
     1
102
RTVSPropertyOp26
 70
     1
102
RTVSPropertyOp27
 70
     1
102
RTVSPropertyOp28
 70
     1
102
RTVSPropertyOp29
 70
     1
102
RTVSPropertyOp30
 70
     1
102
RTVSPropertyOp31
 70
     1
102
RTVSPropertyOp32
 70
     1
102
RTVSPropertyOp33
 70
     1
102
RTVSPropertyOp34
 70
     1
102
RTVSPropertyOp35
 70
     1
102
RTVSPropertyOp36
 70
     1
102
RTVSPropertyOp37
 70
     1
102
RTVSPropertyOp38
 70
     1
102
RTVSPropertyOp39
 70
     1
102
RTVSPropertyOp40
 70
     1
102
RTVSPropertyOp41
 70
     1
102
RTVSPropertyOp42
 70
     1
102
RTVSPropertyOp43
 70
     1
102
RTVSPropertyOp44
 70
     1
102
RTVSPropertyOp45
 70
     1
102
RTVSPropertyOp46
 70
     1
102
RTVSPropertyOp47
 70
     1
102
RTVSPropertyOp48
 70
     1
102
RTVSPropertyOp49
 70
     1
102
RTVSPropertyOp50
 70
     1
102
RTVSPropertyOp51
 70
     0
102
RTVSPropertyOp52
 70
     0
102
RTVSPropertyOp53
 70
     1
102
RTVSPropertyOp54
 70
     1
102
RTVSPropertyOp55
 70
     1
102
RTVSPropertyOp56
 70
     1
102
RTVSPropertyOp57
 70
     1
102
RTVSPost2010Prop28
280
     0
102
RTVSPost2010PropOp28
 70
     1
102
RTVSPost2010Prop29
280
     1
102
RTVSPost2010PropOp29
 70
     1
102
RTVSPost2010Prop30
280
     1
102
RTVSPost2010PropOp30
 70
     1
102
RTVSPost2010Prop31
280
     0
102
RTVSPost2010PropOp31
 70
     1
102
RTVSPost2010Prop32
280
     0
102
RTVSPost2010PropOp32
 70
     1
102
RTVSPost2010Prop33
280
     0
102
RTVSPost2010PropOp33
 70
     1
102
RTVSPost2010Prop34
280
     0
102
RTVSPost2010PropOp34
 70
     1
102
RTVSPost2010Prop35
280
     0
102
RTVSPost2010PropOp35
 70
     1
102
RTVSPost2010Prop36
280
     0
102
RTVSPost2010PropOp36
 70
     1
102
RTVSPost2010Prop37
 90
       50
102
RTVSPost2010PropOp37
 70
     1
102
RTVSPost2010Prop38
140
0.0
102
RTVSPost2010PropOp38
 70
     1
102
RTVSPost2010Prop39
140
1.0
102
RTVSPost2010PropOp39
 70
     1
102
RTVSPost2010Prop40
 90
        0
102
RTVSPost2010PropOp40
 70
     1
102
RTVSPost2010Prop41ColorIndex
 90
       18
102
RTVSPost2010Prop41ColorRGB
 90
        0
102
RTVSPost2010PropOp41
 70
     1
102
RTVSPost2010Prop42
 90
       50
102
RTVSPost2010PropOp42
 70
     1
102
RTVSPost2010Prop43
 90
        3
102
RTVSPost2010PropOp43
 70
     1
102
RTVSPost2010Prop44ColorIndex
 90
        5
102
RTVSPost2010Prop44ColorRGB
 90
      255
102
RTVSPost2010PropOp44
 70
     1
102
RTVSPost2010Prop45
280
     0
102
RTVSPost2010PropOp45
 70
     1
102
RTVSPost2010Prop46
 90
       50
102
RTVSPost2010PropOp46
 70
     1
102
RTVSPost2010Prop47
 90
       50
102
RTVSPost2010PropOp47
 70
     1
102
RTVSPost2010Prop48
 90
       50
102
RTVSPost2010PropOp48
 70
     1
102
RTVSPost2010Prop49
280
     0
102
RTVSPost2010PropOp49
 70
     1
102
RTVSPost2010Prop50
 90
       50
102
RTVSPost2010PropOp50
 70
     1
102
RTVSPost2010Prop51ColorIndex
 90
      256
102
RTVSPost2010Prop51ColorRGB
 90
-16777216
102
RTVSPost2010PropOp51
 70
     0
102
RTVSPost2010Prop52
140
1.0
102
RTVSPost2010PropOp52
 70
     0
102
RTVSPost2010Prop53
 90
        0
102
RTVSPost2010PropOp53
 70
     1
102
RTVSPost2010Prop54
  1
strokes_ogs.tif
102
RTVSPost2010PropOp54
 70
     1
102
RTVSPost2010Prop55
280
     0
102
RTVSPost2010PropOp55
 70
     1
102
RTVSPost2010Prop56
140
1.0
102
RTVSPost2010PropOp56
 70
     1
102
RTVSPost2010Prop57
140
1.0
102
RTVSPost2010PropOp57
 70
     1
  0
XRECORD
  5
B76
102
{ACAD_REACTORS
330
A08
102
}
330
A08
100
AcDbXrecord
280
     1
102
RTVSPropertyOp0
 70
     1
102
RTVSPropertyOp1
 70
     1
102
RTVSPropertyOp2
 70
     1
102
RTVSPropertyOp3
 70
     1
102
RTVSPropertyOp4
 70
     1
102
RTVSPropertyOp5
 70
     1
102
RTVSPropertyOp6
 70
     1
102
RTVSPropertyOp7
 70
     1
102
RTVSPropertyOp8
 70
     1
102
RTVSPropertyOp9
 70
     1
102
RTVSPropertyOp10
 70
     1
102
RTVSPropertyOp11
 70
     1
102
RTVSPropertyOp12
 70
     1
102
RTVSPropertyOp13
 70
     1
102
RTVSPropertyOp14
 70
     1
102
RTVSPropertyOp15
 70
     1
102
RTVSPropertyOp16
 70
     1
102
RTVSPropertyOp17
 70
     1
102
RTVSPropertyOp18
 70
     1
102
RTVSPropertyOp19
 70
     1
102
RTVSPropertyOp20
 70
     1
102
RTVSPropertyOp21
 70
     1
102
RTVSPropertyOp22
 70
     1
102
RTVSPropertyOp23
 70
     1
102
RTVSPropertyOp24
 70
     1
102
RTVSPropertyOp25
 70
     1
102
RTVSPropertyOp26
 70
     1
102
RTVSPropertyOp27
 70
     1
102
RTVSPropertyOp28
 70
     1
102
RTVSPropertyOp29
 70
     1
102
RTVSPropertyOp30
 70
     1
102
RTVSPropertyOp31
 70
     1
102
RTVSPropertyOp32
 70
     1
102
RTVSPropertyOp33
 70
     1
102
RTVSPropertyOp34
 70
     1
102
RTVSPropertyOp35
 70
     1
102
RTVSPropertyOp36
 70
     1
102
RTVSPropertyOp37
 70
     1
102
RTVSPropertyOp38
 70
     1
102
RTVSPropertyOp39
 70
     1
102
RTVSPropertyOp40
 70
     1
102
RTVSPropertyOp41
 70
     1
102
RTVSPropertyOp42
 70
     1
102
RTVSPropertyOp43
 70
     1
102
RTVSPropertyOp44
 70
     1
102
RTVSPropertyOp45
 70
     1
102
RTVSPropertyOp46
 70
     1
102
RTVSPropertyOp47
 70
     1
102
RTVSPropertyOp48
 70
     1
102
RTVSPropertyOp49
 70
     1
102
RTVSPropertyOp50
 70
     1
102
RTVSPropertyOp51
 70
     0
102
RTVSPropertyOp52
 70
     0
102
RTVSPropertyOp53
 70
     1
102
RTVSPropertyOp54
 70
     1
102
RTVSPropertyOp55
 70
     1
102
RTVSPropertyOp56
 70
     1
102
RTVSPropertyOp57
 70
     1
102
RTVSPost2010Prop28
280
     0
102
RTVSPost2010PropOp28
 70
     1
102
RTVSPost2010Prop29
280
     1
102
RTVSPost2010PropOp29
 70
     1
102
RTVSPost2010Prop30
280
     1
102
RTVSPost2010PropOp30
 70
     1
102
RTVSPost2010Prop31
280
     0
102
RTVSPost2010PropOp31
 70
     1
102
RTVSPost2010Prop32
280
     0
102
RTVSPost2010PropOp32
 70
     1
102
RTVSPost2010Prop33
280
     0
102
RTVSPost2010PropOp33
 70
     1
102
RTVSPost2010Prop34
280
     0
102
RTVSPost2010PropOp34
 70
     1
102
RTVSPost2010Prop35
280
     0
102
RTVSPost2010PropOp35
 70
     1
102
RTVSPost2010Prop36
280
     0
102
RTVSPost2010PropOp36
 70
     1
102
RTVSPost2010Prop37
 90
       50
102
RTVSPost2010PropOp37
 70
     1
102
RTVSPost2010Prop38
140
0.0
102
RTVSPost2010PropOp38
 70
     1
102
RTVSPost2010Prop39
140
1.0
102
RTVSPost2010PropOp39
 70
     1
102
RTVSPost2010Prop40
 90
        0
102
RTVSPost2010PropOp40
 70
     1
102
RTVSPost2010Prop41ColorIndex
 90
       18
102
RTVSPost2010Prop41ColorRGB
 90
        0
102
RTVSPost2010PropOp41
 70
     1
102
RTVSPost2010Prop42
 90
       50
102
RTVSPost2010PropOp42
 70
     1
102
RTVSPost2010Prop43
 90
        3
102
RTVSPost2010PropOp43
 70
     1
102
RTVSPost2010Prop44ColorIndex
 90
        5
102
RTVSPost2010Prop44ColorRGB
 90
      255
102
RTVSPost2010PropOp44
 70
     1
102
RTVSPost2010Prop45
280
     0
102
RTVSPost2010PropOp45
 70
     1
102
RTVSPost2010Prop46
 90
       50
102
RTVSPost2010PropOp46
 70
     1
102
RTVSPost2010Prop47
 90
       50
102
RTVSPost2010PropOp47
 70
     1
102
RTVSPost2010Prop48
 90
       50
102
RTVSPost2010PropOp48
 70
     1
102
RTVSPost2010Prop49
280
     0
102
RTVSPost2010PropOp49
 70
     1
102
RTVSPost2010Prop50
 90
       50
102
RTVSPost2010PropOp50
 70
     1
102
RTVSPost2010Prop51ColorIndex
 90
      256
102
RTVSPost2010Prop51ColorRGB
 90
-16777216
102
RTVSPost2010PropOp51
 70
     0
102
RTVSPost2010Prop52
140
1.0
102
RTVSPost2010PropOp52
 70
     0
102
RTVSPost2010Prop53
 90
        0
102
RTVSPost2010PropOp53
 70
     1
102
RTVSPost2010Prop54
  1
strokes_ogs.tif
102
RTVSPost2010PropOp54
 70
     1
102
RTVSPost2010Prop55
280
     0
102
RTVSPost2010PropOp55
 70
     1
102
RTVSPost2010Prop56
140
1.0
102
RTVSPost2010PropOp56
 70
     1
102
RTVSPost2010Prop57
140
1.0
102
RTVSPost2010PropOp57
 70
     1
  0
XRECORD
  5
B77
102
{ACAD_REACTORS
330
A0A
102
}
330
A0A
100
AcDbXrecord
280
     1
102
RTVSPropertyOp0
 70
     0
102
RTVSPropertyOp1
 70
     0
102
RTVSPropertyOp2
 70
     0
102
RTVSPropertyOp3
 70
     0
102
RTVSPropertyOp4
 70
     0
102
RTVSPropertyOp5
 70
     0
102
RTVSPropertyOp6
 70
     0
102
RTVSPropertyOp7
 70
     0
102
RTVSPropertyOp8
 70
     0
102
RTVSPropertyOp9
 70
     0
102
RTVSPropertyOp10
 70
     0
102
RTVSPropertyOp11
 70
     0
102
RTVSPropertyOp12
 70
     0
102
RTVSPropertyOp13
 70
     0
102
RTVSPropertyOp14
 70
     2
102
RTVSPropertyOp15
 70
     0
102
RTVSPropertyOp16
 70
     0
102
RTVSPropertyOp17
 70
     0
102
RTVSPropertyOp18
 70
     0
102
RTVSPropertyOp19
 70
     0
102
RTVSPropertyOp20
 70
     0
102
RTVSPropertyOp21
 70
     0
102
RTVSPropertyOp22
 70
     0
102
RTVSPropertyOp23
 70
     0
102
RTVSPropertyOp24
 70
     0
102
RTVSPropertyOp25
 70
     0
102
RTVSPropertyOp26
 70
     0
102
RTVSPropertyOp27
 70
     0
102
RTVSPropertyOp28
 70
     1
102
RTVSPropertyOp29
 70
     1
102
RTVSPropertyOp30
 70
     1
102
RTVSPropertyOp31
 70
     1
102
RTVSPropertyOp32
 70
     1
102
RTVSPropertyOp33
 70
     1
102
RTVSPropertyOp34
 70
     1
102
RTVSPropertyOp35
 70
     1
102
RTVSPropertyOp36
 70
     1
102
RTVSPropertyOp37
 70
     1
102
RTVSPropertyOp38
 70
     1
102
RTVSPropertyOp39
 70
     1
102
RTVSPropertyOp40
 70
     1
102
RTVSPropertyOp41
 70
     1
102
RTVSPropertyOp42
 70
     1
102
RTVSPropertyOp43
 70
     1
102
RTVSPropertyOp44
 70
     1
102
RTVSPropertyOp45
 70
     1
102
RTVSPropertyOp46
 70
     1
102
RTVSPropertyOp47
 70
     1
102
RTVSPropertyOp48
 70
     1
102
RTVSPropertyOp49
 70
     1
102
RTVSPropertyOp50
 70
     1
102
RTVSPropertyOp51
 70
     0
102
RTVSPropertyOp52
 70
     0
102
RTVSPropertyOp53
 70
     1
102
RTVSPropertyOp54
 70
     1
102
RTVSPropertyOp55
 70
     1
102
RTVSPropertyOp56
 70
     1
102
RTVSPropertyOp57
 70
     1
102
RTVSPost2010Prop28
280
     0
102
RTVSPost2010PropOp28
 70
     1
102
RTVSPost2010Prop29
280
     1
102
RTVSPost2010PropOp29
 70
     1
102
RTVSPost2010Prop30
280
     1
102
RTVSPost2010PropOp30
 70
     1
102
RTVSPost2010Prop31
280
     0
102
RTVSPost2010PropOp31
 70
     1
102
RTVSPost2010Prop32
280
     0
102
RTVSPost2010PropOp32
 70
     1
102
RTVSPost2010Prop33
280
     0
102
RTVSPost2010PropOp33
 70
     1
102
RTVSPost2010Prop34
280
     0
102
RTVSPost2010PropOp34
 70
     1
102
RTVSPost2010Prop35
280
     0
102
RTVSPost2010PropOp35
 70
     1
102
RTVSPost2010Prop36
280
     0
102
RTVSPost2010PropOp36
 70
     1
102
RTVSPost2010Prop37
 90
       50
102
RTVSPost2010PropOp37
 70
     1
102
RTVSPost2010Prop38
140
0.0
102
RTVSPost2010PropOp38
 70
     1
102
RTVSPost2010Prop39
140
1.0
102
RTVSPost2010PropOp39
 70
     1
102
RTVSPost2010Prop40
 90
        0
102
RTVSPost2010PropOp40
 70
     1
102
RTVSPost2010Prop41ColorIndex
 90
       18
102
RTVSPost2010Prop41ColorRGB
 90
        0
102
RTVSPost2010PropOp41
 70
     1
102
RTVSPost2010Prop42
 90
       50
102
RTVSPost2010PropOp42
 70
     1
102
RTVSPost2010Prop43
 90
        3
102
RTVSPost2010PropOp43
 70
     1
102
RTVSPost2010Prop44ColorIndex
 90
        5
102
RTVSPost2010Prop44ColorRGB
 90
      255
102
RTVSPost2010PropOp44
 70
     1
102
RTVSPost2010Prop45
280
     0
102
RTVSPost2010PropOp45
 70
     1
102
RTVSPost2010Prop46
 90
       50
102
RTVSPost2010PropOp46
 70
     1
102
RTVSPost2010Prop47
 90
       50
102
RTVSPost2010PropOp47
 70
     1
102
RTVSPost2010Prop48
 90
       50
102
RTVSPost2010PropOp48
 70
     1
102
RTVSPost2010Prop49
280
     0
102
RTVSPost2010PropOp49
 70
     1
102
RTVSPost2010Prop50
 90
       50
102
RTVSPost2010PropOp50
 70
     1
102
RTVSPost2010Prop51ColorIndex
 90
      256
102
RTVSPost2010Prop51ColorRGB
 90
-16777216
102
RTVSPost2010PropOp51
 70
     0
102
RTVSPost2010Prop52
140
1.0
102
RTVSPost2010PropOp52
 70
     0
102
RTVSPost2010Prop53
 90
        0
102
RTVSPost2010PropOp53
 70
     1
102
RTVSPost2010Prop54
  1
strokes_ogs.tif
102
RTVSPost2010PropOp54
 70
     1
102
RTVSPost2010Prop55
280
     0
102
RTVSPost2010PropOp55
 70
     1
102
RTVSPost2010Prop56
140
1.0
102
RTVSPost2010PropOp56
 70
     1
102
RTVSPost2010Prop57
140
1.0
102
RTVSPost2010PropOp57
 70
     1
  0
XRECORD
  5
B78
102
{ACAD_REACTORS
330
A0C
102
}
330
A0C
100
AcDbXrecord
280
     1
102
RTVSPropertyOp0
 70
     1
102
RTVSPropertyOp1
 70
     1
102
RTVSPropertyOp2
 70
     1
102
RTVSPropertyOp3
 70
     1
102
RTVSPropertyOp4
 70
     1
102
RTVSPropertyOp5
 70
     1
102
RTVSPropertyOp6
 70
     1
102
RTVSPropertyOp7
 70
     1
102
RTVSPropertyOp8
 70
     1
102
RTVSPropertyOp9
 70
     1
102
RTVSPropertyOp10
 70
     1
102
RTVSPropertyOp11
 70
     1
102
RTVSPropertyOp12
 70
     1
102
RTVSPropertyOp13
 70
     1
102
RTVSPropertyOp14
 70
     1
102
RTVSPropertyOp15
 70
     1
102
RTVSPropertyOp16
 70
     1
102
RTVSPropertyOp17
 70
     1
102
RTVSPropertyOp18
 70
     1
102
RTVSPropertyOp19
 70
     1
102
RTVSPropertyOp20
 70
     1
102
RTVSPropertyOp21
 70
     1
102
RTVSPropertyOp22
 70
     1
102
RTVSPropertyOp23
 70
     1
102
RTVSPropertyOp24
 70
     1
102
RTVSPropertyOp25
 70
     1
102
RTVSPropertyOp26
 70
     1
102
RTVSPropertyOp27
 70
     1
102
RTVSPropertyOp28
 70
     1
102
RTVSPropertyOp29
 70
     1
102
RTVSPropertyOp30
 70
     1
102
RTVSPropertyOp31
 70
     1
102
RTVSPropertyOp32
 70
     1
102
RTVSPropertyOp33
 70
     1
102
RTVSPropertyOp34
 70
     1
102
RTVSPropertyOp35
 70
     1
102
RTVSPropertyOp36
 70
     1
102
RTVSPropertyOp37
 70
     1
102
RTVSPropertyOp38
 70
     1
102
RTVSPropertyOp39
 70
     1
102
RTVSPropertyOp40
 70
     1
102
RTVSPropertyOp41
 70
     1
102
RTVSPropertyOp42
 70
     1
102
RTVSPropertyOp43
 70
     1
102
RTVSPropertyOp44
 70
     1
102
RTVSPropertyOp45
 70
     1
102
RTVSPropertyOp46
 70
     1
102
RTVSPropertyOp47
 70
     1
102
RTVSPropertyOp48
 70
     1
102
RTVSPropertyOp49
 70
     1
102
RTVSPropertyOp50
 70
     1
102
RTVSPropertyOp51
 70
     0
102
RTVSPropertyOp52
 70
     0
102
RTVSPropertyOp53
 70
     1
102
RTVSPropertyOp54
 70
     1
102
RTVSPropertyOp55
 70
     1
102
RTVSPropertyOp56
 70
     1
102
RTVSPropertyOp57
 70
     1
102
RTVSPost2010Prop28
280
     0
102
RTVSPost2010PropOp28
 70
     1
102
RTVSPost2010Prop29
280
     1
102
RTVSPost2010PropOp29
 70
     1
102
RTVSPost2010Prop30
280
     1
102
RTVSPost2010PropOp30
 70
     1
102
RTVSPost2010Prop31
280
     0
102
RTVSPost2010PropOp31
 70
     1
102
RTVSPost2010Prop32
280
     0
102
RTVSPost2010PropOp32
 70
     1
102
RTVSPost2010Prop33
280
     0
102
RTVSPost2010PropOp33
 70
     1
102
RTVSPost2010Prop34
280
     0
102
RTVSPost2010PropOp34
 70
     1
102
RTVSPost2010Prop35
280
     0
102
RTVSPost2010PropOp35
 70
     1
102
RTVSPost2010Prop36
280
     0
102
RTVSPost2010PropOp36
 70
     1
102
RTVSPost2010Prop37
 90
       50
102
RTVSPost2010PropOp37
 70
     1
102
RTVSPost2010Prop38
140
0.0
102
RTVSPost2010PropOp38
 70
     1
102
RTVSPost2010Prop39
140
1.0
102
RTVSPost2010PropOp39
 70
     1
102
RTVSPost2010Prop40
 90
        0
102
RTVSPost2010PropOp40
 70
     1
102
RTVSPost2010Prop41ColorIndex
 90
       18
102
RTVSPost2010Prop41ColorRGB
 90
        0
102
RTVSPost2010PropOp41
 70
     1
102
RTVSPost2010Prop42
 90
       50
102
RTVSPost2010PropOp42
 70
     1
102
RTVSPost2010Prop43
 90
        3
102
RTVSPost2010PropOp43
 70
     1
102
RTVSPost2010Prop44ColorIndex
 90
        5
102
RTVSPost2010Prop44ColorRGB
 90
      255
102
RTVSPost2010PropOp44
 70
     1
102
RTVSPost2010Prop45
280
     0
102
RTVSPost2010PropOp45
 70
     1
102
RTVSPost2010Prop46
 90
       50
102
RTVSPost2010PropOp46
 70
     1
102
RTVSPost2010Prop47
 90
       50
102
RTVSPost2010PropOp47
 70
     1
102
RTVSPost2010Prop48
 90
       50
102
RTVSPost2010PropOp48
 70
     1
102
RTVSPost2010Prop49
280
     0
102
RTVSPost2010PropOp49
 70
     1
102
RTVSPost2010Prop50
 90
       50
102
RTVSPost2010PropOp50
 70
     1
102
RTVSPost2010Prop51ColorIndex
 90
      256
102
RTVSPost2010Prop51ColorRGB
 90
-16777216
102
RTVSPost2010PropOp51
 70
     0
102
RTVSPost2010Prop52
140
1.0
102
RTVSPost2010PropOp52
 70
     0
102
RTVSPost2010Prop53
 90
        0
102
RTVSPost2010PropOp53
 70
     1
102
RTVSPost2010Prop54
  1
strokes_ogs.tif
102
RTVSPost2010PropOp54
 70
     1
102
RTVSPost2010Prop55
280
     0
102
RTVSPost2010PropOp55
 70
     1
102
RTVSPost2010Prop56
140
1.0
102
RTVSPost2010PropOp56
 70
     1
102
RTVSPost2010Prop57
140
1.0
102
RTVSPost2010PropOp57
 70
     1
  0
XRECORD
  5
B79
102
{ACAD_REACTORS
330
A0E
102
}
330
A0E
100
AcDbXrecord
280
     1
102
RTVSPropertyOp0
 70
     1
102
RTVSPropertyOp1
 70
     1
102
RTVSPropertyOp2
 70
     1
102
RTVSPropertyOp3
 70
     1
102
RTVSPropertyOp4
 70
     1
102
RTVSPropertyOp5
 70
     1
102
RTVSPropertyOp6
 70
     1
102
RTVSPropertyOp7
 70
     1
102
RTVSPropertyOp8
 70
     1
102
RTVSPropertyOp9
 70
     1
102
RTVSPropertyOp10
 70
     1
102
RTVSPropertyOp11
 70
     1
102
RTVSPropertyOp12
 70
     1
102
RTVSPropertyOp13
 70
     1
102
RTVSPropertyOp14
 70
     1
102
RTVSPropertyOp15
 70
     1
102
RTVSPropertyOp16
 70
     1
102
RTVSPropertyOp17
 70
     1
102
RTVSPropertyOp18
 70
     1
102
RTVSPropertyOp19
 70
     1
102
RTVSPropertyOp20
 70
     1
102
RTVSPropertyOp21
 70
     1
102
RTVSPropertyOp22
 70
     1
102
RTVSPropertyOp23
 70
     1
102
RTVSPropertyOp24
 70
     1
102
RTVSPropertyOp25
 70
     1
102
RTVSPropertyOp26
 70
     1
102
RTVSPropertyOp27
 70
     1
102
RTVSPropertyOp28
 70
     1
102
RTVSPropertyOp29
 70
     1
102
RTVSPropertyOp30
 70
     1
102
RTVSPropertyOp31
 70
     1
102
RTVSPropertyOp32
 70
     1
102
RTVSPropertyOp33
 70
     1
102
RTVSPropertyOp34
 70
     1
102
RTVSPropertyOp35
 70
     1
102
RTVSPropertyOp36
 70
     1
102
RTVSPropertyOp37
 70
     1
102
RTVSPropertyOp38
 70
     1
102
RTVSPropertyOp39
 70
     1
102
RTVSPropertyOp40
 70
     1
102
RTVSPropertyOp41
 70
     1
102
RTVSPropertyOp42
 70
     1
102
RTVSPropertyOp43
 70
     1
102
RTVSPropertyOp44
 70
     1
102
RTVSPropertyOp45
 70
     1
102
RTVSPropertyOp46
 70
     1
102
RTVSPropertyOp47
 70
     1
102
RTVSPropertyOp48
 70
     1
102
RTVSPropertyOp49
 70
     1
102
RTVSPropertyOp50
 70
     1
102
RTVSPropertyOp51
 70
     0
102
RTVSPropertyOp52
 70
     0
102
RTVSPropertyOp53
 70
     1
102
RTVSPropertyOp54
 70
     1
102
RTVSPropertyOp55
 70
     1
102
RTVSPropertyOp56
 70
     1
102
RTVSPropertyOp57
 70
     1
102
RTVSPost2010Prop28
280
     0
102
RTVSPost2010PropOp28
 70
     1
102
RTVSPost2010Prop29
280
     1
102
RTVSPost2010PropOp29
 70
     1
102
RTVSPost2010Prop30
280
     1
102
RTVSPost2010PropOp30
 70
     1
102
RTVSPost2010Prop31
280
     0
102
RTVSPost2010PropOp31
 70
     1
102
RTVSPost2010Prop32
280
     0
102
RTVSPost2010PropOp32
 70
     1
102
RTVSPost2010Prop33
280
     0
102
RTVSPost2010PropOp33
 70
     1
102
RTVSPost2010Prop34
280
     0
102
RTVSPost2010PropOp34
 70
     1
102
RTVSPost2010Prop35
280
     0
102
RTVSPost2010PropOp35
 70
     1
102
RTVSPost2010Prop36
280
     0
102
RTVSPost2010PropOp36
 70
     1
102
RTVSPost2010Prop37
 90
       50
102
RTVSPost2010PropOp37
 70
     1
102
RTVSPost2010Prop38
140
0.0
102
RTVSPost2010PropOp38
 70
     1
102
RTVSPost2010Prop39
140
1.0
102
RTVSPost2010PropOp39
 70
     1
102
RTVSPost2010Prop40
 90
        0
102
RTVSPost2010PropOp40
 70
     1
102
RTVSPost2010Prop41ColorIndex
 90
       18
102
RTVSPost2010Prop41ColorRGB
 90
        0
102
RTVSPost2010PropOp41
 70
     1
102
RTVSPost2010Prop42
 90
       50
102
RTVSPost2010PropOp42
 70
     1
102
RTVSPost2010Prop43
 90
        3
102
RTVSPost2010PropOp43
 70
     1
102
RTVSPost2010Prop44ColorIndex
 90
        5
102
RTVSPost2010Prop44ColorRGB
 90
      255
102
RTVSPost2010PropOp44
 70
     1
102
RTVSPost2010Prop45
280
     0
102
RTVSPost2010PropOp45
 70
     1
102
RTVSPost2010Prop46
 90
       50
102
RTVSPost2010PropOp46
 70
     1
102
RTVSPost2010Prop47
 90
       50
102
RTVSPost2010PropOp47
 70
     1
102
RTVSPost2010Prop48
 90
       50
102
RTVSPost2010PropOp48
 70
     1
102
RTVSPost2010Prop49
280
     0
102
RTVSPost2010PropOp49
 70
     1
102
RTVSPost2010Prop50
 90
       50
102
RTVSPost2010PropOp50
 70
     1
102
RTVSPost2010Prop51ColorIndex
 90
      256
102
RTVSPost2010Prop51ColorRGB
 90
-16777216
102
RTVSPost2010PropOp51
 70
     0
102
RTVSPost2010Prop52
140
1.0
102
RTVSPost2010PropOp52
 70
     0
102
RTVSPost2010Prop53
 90
        0
102
RTVSPost2010PropOp53
 70
     1
102
RTVSPost2010Prop54
  1
strokes_ogs.tif
102
RTVSPost2010PropOp54
 70
     1
102
RTVSPost2010Prop55
280
     0
102
RTVSPost2010PropOp55
 70
     1
102
RTVSPost2010Prop56
140
1.0
102
RTVSPost2010PropOp56
 70
     1
102
RTVSPost2010Prop57
140
1.0
102
RTVSPost2010PropOp57
 70
     1
  0
XRECORD
  5
B7A
102
{ACAD_REACTORS
330
A10
102
}
330
A10
100
AcDbXrecord
280
     1
102
RTVSPropertyOp0
 70
     1
102
RTVSPropertyOp1
 70
     1
102
RTVSPropertyOp2
 70
     1
102
RTVSPropertyOp3
 70
     1
102
RTVSPropertyOp4
 70
     1
102
RTVSPropertyOp5
 70
     1
102
RTVSPropertyOp6
 70
     1
102
RTVSPropertyOp7
 70
     1
102
RTVSPropertyOp8
 70
     1
102
RTVSPropertyOp9
 70
     1
102
RTVSPropertyOp10
 70
     1
102
RTVSPropertyOp11
 70
     1
102
RTVSPropertyOp12
 70
     1
102
RTVSPropertyOp13
 70
     1
102
RTVSPropertyOp14
 70
     1
102
RTVSPropertyOp15
 70
     1
102
RTVSPropertyOp16
 70
     1
102
RTVSPropertyOp17
 70
     1
102
RTVSPropertyOp18
 70
     1
102
RTVSPropertyOp19
 70
     1
102
RTVSPropertyOp20
 70
     1
102
RTVSPropertyOp21
 70
     1
102
RTVSPropertyOp22
 70
     1
102
RTVSPropertyOp23
 70
     1
102
RTVSPropertyOp24
 70
     1
102
RTVSPropertyOp25
 70
     1
102
RTVSPropertyOp26
 70
     1
102
RTVSPropertyOp27
 70
     1
102
RTVSPropertyOp28
 70
     1
102
RTVSPropertyOp29
 70
     1
102
RTVSPropertyOp30
 70
     1
102
RTVSPropertyOp31
 70
     1
102
RTVSPropertyOp32
 70
     1
102
RTVSPropertyOp33
 70
     1
102
RTVSPropertyOp34
 70
     1
102
RTVSPropertyOp35
 70
     1
102
RTVSPropertyOp36
 70
     1
102
RTVSPropertyOp37
 70
     1
102
RTVSPropertyOp38
 70
     1
102
RTVSPropertyOp39
 70
     1
102
RTVSPropertyOp40
 70
     1
102
RTVSPropertyOp41
 70
     1
102
RTVSPropertyOp42
 70
     1
102
RTVSPropertyOp43
 70
     1
102
RTVSPropertyOp44
 70
     1
102
RTVSPropertyOp45
 70
     1
102
RTVSPropertyOp46
 70
     1
102
RTVSPropertyOp47
 70
     1
102
RTVSPropertyOp48
 70
     1
102
RTVSPropertyOp49
 70
     1
102
RTVSPropertyOp50
 70
     1
102
RTVSPropertyOp51
 70
     0
102
RTVSPropertyOp52
 70
     0
102
RTVSPropertyOp53
 70
     1
102
RTVSPropertyOp54
 70
     1
102
RTVSPropertyOp55
 70
     1
102
RTVSPropertyOp56
 70
     1
102
RTVSPropertyOp57
 70
     1
102
RTVSPost2010Prop28
280
     0
102
RTVSPost2010PropOp28
 70
     1
102
RTVSPost2010Prop29
280
     1
102
RTVSPost2010PropOp29
 70
     1
102
RTVSPost2010Prop30
280
     1
102
RTVSPost2010PropOp30
 70
     1
102
RTVSPost2010Prop31
280
     0
102
RTVSPost2010PropOp31
 70
     1
102
RTVSPost2010Prop32
280
     0
102
RTVSPost2010PropOp32
 70
     1
102
RTVSPost2010Prop33
280
     0
102
RTVSPost2010PropOp33
 70
     1
102
RTVSPost2010Prop34
280
     0
102
RTVSPost2010PropOp34
 70
     1
102
RTVSPost2010Prop35
280
     0
102
RTVSPost2010PropOp35
 70
     1
102
RTVSPost2010Prop36
280
     0
102
RTVSPost2010PropOp36
 70
     1
102
RTVSPost2010Prop37
 90
       50
102
RTVSPost2010PropOp37
 70
     1
102
RTVSPost2010Prop38
140
0.0
102
RTVSPost2010PropOp38
 70
     1
102
RTVSPost2010Prop39
140
1.0
102
RTVSPost2010PropOp39
 70
     1
102
RTVSPost2010Prop40
 90
        0
102
RTVSPost2010PropOp40
 70
     1
102
RTVSPost2010Prop41ColorIndex
 90
       18
102
RTVSPost2010Prop41ColorRGB
 90
        0
102
RTVSPost2010PropOp41
 70
     1
102
RTVSPost2010Prop42
 90
       50
102
RTVSPost2010PropOp42
 70
     1
102
RTVSPost2010Prop43
 90
        3
102
RTVSPost2010PropOp43
 70
     1
102
RTVSPost2010Prop44ColorIndex
 90
        5
102
RTVSPost2010Prop44ColorRGB
 90
      255
102
RTVSPost2010PropOp44
 70
     1
102
RTVSPost2010Prop45
280
     0
102
RTVSPost2010PropOp45
 70
     1
102
RTVSPost2010Prop46
 90
       50
102
RTVSPost2010PropOp46
 70
     1
102
RTVSPost2010Prop47
 90
       50
102
RTVSPost2010PropOp47
 70
     1
102
RTVSPost2010Prop48
 90
       50
102
RTVSPost2010PropOp48
 70
     1
102
RTVSPost2010Prop49
280
     0
102
RTVSPost2010PropOp49
 70
     1
102
RTVSPost2010Prop50
 90
       50
102
RTVSPost2010PropOp50
 70
     1
102
RTVSPost2010Prop51ColorIndex
 90
      256
102
RTVSPost2010Prop51ColorRGB
 90
-16777216
102
RTVSPost2010PropOp51
 70
     0
102
RTVSPost2010Prop52
140
1.0
102
RTVSPost2010PropOp52
 70
     0
102
RTVSPost2010Prop53
 90
        0
102
RTVSPost2010PropOp53
 70
     1
102
RTVSPost2010Prop54
  1
strokes_ogs.tif
102
RTVSPost2010PropOp54
 70
     1
102
RTVSPost2010Prop55
280
     0
102
RTVSPost2010PropOp55
 70
     1
102
RTVSPost2010Prop56
140
1.0
102
RTVSPost2010PropOp56
 70
     1
102
RTVSPost2010Prop57
140
1.0
102
RTVSPost2010PropOp57
 70
     1
  0
XRECORD
  5
B7B
102
{ACAD_REACTORS
330
A12
102
}
330
A12
100
AcDbXrecord
280
     1
102
RTVSPropertyOp0
 70
     1
102
RTVSPropertyOp1
 70
     1
102
RTVSPropertyOp2
 70
     1
102
RTVSPropertyOp3
 70
     1
102
RTVSPropertyOp4
 70
     1
102
RTVSPropertyOp5
 70
     1
102
RTVSPropertyOp6
 70
     1
102
RTVSPropertyOp7
 70
     1
102
RTVSPropertyOp8
 70
     1
102
RTVSPropertyOp9
 70
     1
102
RTVSPropertyOp10
 70
     1
102
RTVSPropertyOp11
 70
     1
102
RTVSPropertyOp12
 70
     1
102
RTVSPropertyOp13
 70
     1
102
RTVSPropertyOp14
 70
     1
102
RTVSPropertyOp15
 70
     1
102
RTVSPropertyOp16
 70
     1
102
RTVSPropertyOp17
 70
     1
102
RTVSPropertyOp18
 70
     1
102
RTVSPropertyOp19
 70
     1
102
RTVSPropertyOp20
 70
     1
102
RTVSPropertyOp21
 70
     1
102
RTVSPropertyOp22
 70
     1
102
RTVSPropertyOp23
 70
     1
102
RTVSPropertyOp24
 70
     1
102
RTVSPropertyOp25
 70
     1
102
RTVSPropertyOp26
 70
     1
102
RTVSPropertyOp27
 70
     1
102
RTVSPropertyOp28
 70
     1
102
RTVSPropertyOp29
 70
     1
102
RTVSPropertyOp30
 70
     1
102
RTVSPropertyOp31
 70
     1
102
RTVSPropertyOp32
 70
     1
102
RTVSPropertyOp33
 70
     1
102
RTVSPropertyOp34
 70
     1
102
RTVSPropertyOp35
 70
     1
102
RTVSPropertyOp36
 70
     1
102
RTVSPropertyOp37
 70
     1
102
RTVSPropertyOp38
 70
     1
102
RTVSPropertyOp39
 70
     1
102
RTVSPropertyOp40
 70
     1
102
RTVSPropertyOp41
 70
     1
102
RTVSPropertyOp42
 70
     1
102
RTVSPropertyOp43
 70
     1
102
RTVSPropertyOp44
 70
     1
102
RTVSPropertyOp45
 70
     1
102
RTVSPropertyOp46
 70
     1
102
RTVSPropertyOp47
 70
     1
102
RTVSPropertyOp48
 70
     1
102
RTVSPropertyOp49
 70
     1
102
RTVSPropertyOp50
 70
     1
102
RTVSPropertyOp51
 70
     0
102
RTVSPropertyOp52
 70
     0
102
RTVSPropertyOp53
 70
     1
102
RTVSPropertyOp54
 70
     1
102
RTVSPropertyOp55
 70
     1
102
RTVSPropertyOp56
 70
     1
102
RTVSPropertyOp57
 70
     1
102
RTVSPost2010Prop28
280
     0
102
RTVSPost2010PropOp28
 70
     1
102
RTVSPost2010Prop29
280
     1
102
RTVSPost2010PropOp29
 70
     1
102
RTVSPost2010Prop30
280
     1
102
RTVSPost2010PropOp30
 70
     1
102
RTVSPost2010Prop31
280
     0
102
RTVSPost2010PropOp31
 70
     1
102
RTVSPost2010Prop32
280
     0
102
RTVSPost2010PropOp32
 70
     1
102
RTVSPost2010Prop33
280
     0
102
RTVSPost2010PropOp33
 70
     1
102
RTVSPost2010Prop34
280
     0
102
RTVSPost2010PropOp34
 70
     1
102
RTVSPost2010Prop35
280
     0
102
RTVSPost2010PropOp35
 70
     1
102
RTVSPost2010Prop36
280
     0
102
RTVSPost2010PropOp36
 70
     1
102
RTVSPost2010Prop37
 90
       50
102
RTVSPost2010PropOp37
 70
     1
102
RTVSPost2010Prop38
140
0.0
102
RTVSPost2010PropOp38
 70
     1
102
RTVSPost2010Prop39
140
1.0
102
RTVSPost2010PropOp39
 70
     1
102
RTVSPost2010Prop40
 90
        0
102
RTVSPost2010PropOp40
 70
     1
102
RTVSPost2010Prop41ColorIndex
 90
       18
102
RTVSPost2010Prop41ColorRGB
 90
        0
102
RTVSPost2010PropOp41
 70
     1
102
RTVSPost2010Prop42
 90
       50
102
RTVSPost2010PropOp42
 70
     1
102
RTVSPost2010Prop43
 90
        3
102
RTVSPost2010PropOp43
 70
     1
102
RTVSPost2010Prop44ColorIndex
 90
        5
102
RTVSPost2010Prop44ColorRGB
 90
      255
102
RTVSPost2010PropOp44
 70
     1
102
RTVSPost2010Prop45
280
     0
102
RTVSPost2010PropOp45
 70
     1
102
RTVSPost2010Prop46
 90
       50
102
RTVSPost2010PropOp46
 70
     1
102
RTVSPost2010Prop47
 90
       50
102
RTVSPost2010PropOp47
 70
     1
102
RTVSPost2010Prop48
 90
       50
102
RTVSPost2010PropOp48
 70
     1
102
RTVSPost2010Prop49
280
     0
102
RTVSPost2010PropOp49
 70
     1
102
RTVSPost2010Prop50
 90
       50
102
RTVSPost2010PropOp50
 70
     1
102
RTVSPost2010Prop51ColorIndex
 90
      256
102
RTVSPost2010Prop51ColorRGB
 90
-16777216
102
RTVSPost2010PropOp51
 70
     0
102
RTVSPost2010Prop52
140
1.0
102
RTVSPost2010PropOp52
 70
     0
102
RTVSPost2010Prop53
 90
        0
102
RTVSPost2010PropOp53
 70
     1
102
RTVSPost2010Prop54
  1
strokes_ogs.tif
102
RTVSPost2010PropOp54
 70
     1
102
RTVSPost2010Prop55
280
     0
102
RTVSPost2010PropOp55
 70
     1
102
RTVSPost2010Prop56
140
1.0
102
RTVSPost2010PropOp56
 70
     1
102
RTVSPost2010Prop57
140
1.0
102
RTVSPost2010PropOp57
 70
     1
  0
XRECORD
  5
B7C
102
{ACAD_REACTORS
330
A14
102
}
330
A14
100
AcDbXrecord
280
     1
102
RTVSPropertyOp0
 70
     1
102
RTVSPropertyOp1
 70
     1
102
RTVSPropertyOp2
 70
     1
102
RTVSPropertyOp3
 70
     1
102
RTVSPropertyOp4
 70
     1
102
RTVSPropertyOp5
 70
     1
102
RTVSPropertyOp6
 70
     1
102
RTVSPropertyOp7
 70
     1
102
RTVSPropertyOp8
 70
     1
102
RTVSPropertyOp9
 70
     1
102
RTVSPropertyOp10
 70
     1
102
RTVSPropertyOp11
 70
     1
102
RTVSPropertyOp12
 70
     1
102
RTVSPropertyOp13
 70
     1
102
RTVSPropertyOp14
 70
     1
102
RTVSPropertyOp15
 70
     1
102
RTVSPropertyOp16
 70
     1
102
RTVSPropertyOp17
 70
     1
102
RTVSPropertyOp18
 70
     1
102
RTVSPropertyOp19
 70
     1
102
RTVSPropertyOp20
 70
     1
102
RTVSPropertyOp21
 70
     1
102
RTVSPropertyOp22
 70
     1
102
RTVSPropertyOp23
 70
     1
102
RTVSPropertyOp24
 70
     1
102
RTVSPropertyOp25
 70
     1
102
RTVSPropertyOp26
 70
     1
102
RTVSPropertyOp27
 70
     1
102
RTVSPropertyOp28
 70
     1
102
RTVSPropertyOp29
 70
     1
102
RTVSPropertyOp30
 70
     1
102
RTVSPropertyOp31
 70
     1
102
RTVSPropertyOp32
 70
     1
102
RTVSPropertyOp33
 70
     1
102
RTVSPropertyOp34
 70
     1
102
RTVSPropertyOp35
 70
     1
102
RTVSPropertyOp36
 70
     1
102
RTVSPropertyOp37
 70
     1
102
RTVSPropertyOp38
 70
     1
102
RTVSPropertyOp39
 70
     1
102
RTVSPropertyOp40
 70
     1
102
RTVSPropertyOp41
 70
     1
102
RTVSPropertyOp42
 70
     1
102
RTVSPropertyOp43
 70
     1
102
RTVSPropertyOp44
 70
     1
102
RTVSPropertyOp45
 70
     1
102
RTVSPropertyOp46
 70
     1
102
RTVSPropertyOp47
 70
     1
102
RTVSPropertyOp48
 70
     1
102
RTVSPropertyOp49
 70
     1
102
RTVSPropertyOp50
 70
     1
102
RTVSPropertyOp51
 70
     0
102
RTVSPropertyOp52
 70
     0
102
RTVSPropertyOp53
 70
     1
102
RTVSPropertyOp54
 70
     1
102
RTVSPropertyOp55
 70
     1
102
RTVSPropertyOp56
 70
     1
102
RTVSPropertyOp57
 70
     1
102
RTVSPost2010Prop28
280
     0
102
RTVSPost2010PropOp28
 70
     1
102
RTVSPost2010Prop29
280
     1
102
RTVSPost2010PropOp29
 70
     1
102
RTVSPost2010Prop30
280
     1
102
RTVSPost2010PropOp30
 70
     1
102
RTVSPost2010Prop31
280
     0
102
RTVSPost2010PropOp31
 70
     1
102
RTVSPost2010Prop32
280
     0
102
RTVSPost2010PropOp32
 70
     1
102
RTVSPost2010Prop33
280
     0
102
RTVSPost2010PropOp33
 70
     1
102
RTVSPost2010Prop34
280
     0
102
RTVSPost2010PropOp34
 70
     1
102
RTVSPost2010Prop35
280
     0
102
RTVSPost2010PropOp35
 70
     1
102
RTVSPost2010Prop36
280
     0
102
RTVSPost2010PropOp36
 70
     1
102
RTVSPost2010Prop37
 90
       50
102
RTVSPost2010PropOp37
 70
     1
102
RTVSPost2010Prop38
140
0.0
102
RTVSPost2010PropOp38
 70
     1
102
RTVSPost2010Prop39
140
1.0
102
RTVSPost2010PropOp39
 70
     1
102
RTVSPost2010Prop40
 90
        0
102
RTVSPost2010PropOp40
 70
     1
102
RTVSPost2010Prop41ColorIndex
 90
       18
102
RTVSPost2010Prop41ColorRGB
 90
        0
102
RTVSPost2010PropOp41
 70
     1
102
RTVSPost2010Prop42
 90
       50
102
RTVSPost2010PropOp42
 70
     1
102
RTVSPost2010Prop43
 90
        3
102
RTVSPost2010PropOp43
 70
     1
102
RTVSPost2010Prop44ColorIndex
 90
        5
102
RTVSPost2010Prop44ColorRGB
 90
      255
102
RTVSPost2010PropOp44
 70
     1
102
RTVSPost2010Prop45
280
     0
102
RTVSPost2010PropOp45
 70
     1
102
RTVSPost2010Prop46
 90
       50
102
RTVSPost2010PropOp46
 70
     1
102
RTVSPost2010Prop47
 90
       50
102
RTVSPost2010PropOp47
 70
     1
102
RTVSPost2010Prop48
 90
       50
102
RTVSPost2010PropOp48
 70
     1
102
RTVSPost2010Prop49
280
     0
102
RTVSPost2010PropOp49
 70
     1
102
RTVSPost2010Prop50
 90
       50
102
RTVSPost2010PropOp50
 70
     1
102
RTVSPost2010Prop51ColorIndex
 90
      256
102
RTVSPost2010Prop51ColorRGB
 90
-16777216
102
RTVSPost2010PropOp51
 70
     0
102
RTVSPost2010Prop52
140
1.0
102
RTVSPost2010PropOp52
 70
     0
102
RTVSPost2010Prop53
 90
        0
102
RTVSPost2010PropOp53
 70
     1
102
RTVSPost2010Prop54
  1
strokes_ogs.tif
102
RTVSPost2010PropOp54
 70
     1
102
RTVSPost2010Prop55
280
     0
102
RTVSPost2010PropOp55
 70
     1
102
RTVSPost2010Prop56
140
1.0
102
RTVSPost2010PropOp56
 70
     1
102
RTVSPost2010Prop57
140
1.0
102
RTVSPost2010PropOp57
 70
     1
  0
XRECORD
  5
B7D
102
{ACAD_REACTORS
330
A16
102
}
330
A16
100
AcDbXrecord
280
     1
102
RTVSPropertyOp0
 70
     1
102
RTVSPropertyOp1
 70
     1
102
RTVSPropertyOp2
 70
     1
102
RTVSPropertyOp3
 70
     1
102
RTVSPropertyOp4
 70
     1
102
RTVSPropertyOp5
 70
     1
102
RTVSPropertyOp6
 70
     1
102
RTVSPropertyOp7
 70
     1
102
RTVSPropertyOp8
 70
     1
102
RTVSPropertyOp9
 70
     1
102
RTVSPropertyOp10
 70
     1
102
RTVSPropertyOp11
 70
     1
102
RTVSPropertyOp12
 70
     1
102
RTVSPropertyOp13
 70
     1
102
RTVSPropertyOp14
 70
     1
102
RTVSPropertyOp15
 70
     1
102
RTVSPropertyOp16
 70
     1
102
RTVSPropertyOp17
 70
     1
102
RTVSPropertyOp18
 70
     1
102
RTVSPropertyOp19
 70
     1
102
RTVSPropertyOp20
 70
     1
102
RTVSPropertyOp21
 70
     1
102
RTVSPropertyOp22
 70
     1
102
RTVSPropertyOp23
 70
     1
102
RTVSPropertyOp24
 70
     1
102
RTVSPropertyOp25
 70
     1
102
RTVSPropertyOp26
 70
     1
102
RTVSPropertyOp27
 70
     1
102
RTVSPropertyOp28
 70
     1
102
RTVSPropertyOp29
 70
     1
102
RTVSPropertyOp30
 70
     1
102
RTVSPropertyOp31
 70
     1
102
RTVSPropertyOp32
 70
     1
102
RTVSPropertyOp33
 70
     1
102
RTVSPropertyOp34
 70
     1
102
RTVSPropertyOp35
 70
     1
102
RTVSPropertyOp36
 70
     1
102
RTVSPropertyOp37
 70
     1
102
RTVSPropertyOp38
 70
     1
102
RTVSPropertyOp39
 70
     1
102
RTVSPropertyOp40
 70
     1
102
RTVSPropertyOp41
 70
     1
102
RTVSPropertyOp42
 70
     1
102
RTVSPropertyOp43
 70
     1
102
RTVSPropertyOp44
 70
     1
102
RTVSPropertyOp45
 70
     1
102
RTVSPropertyOp46
 70
     1
102
RTVSPropertyOp47
 70
     1
102
RTVSPropertyOp48
 70
     1
102
RTVSPropertyOp49
 70
     1
102
RTVSPropertyOp50
 70
     1
102
RTVSPropertyOp51
 70
     0
102
RTVSPropertyOp52
 70
     0
102
RTVSPropertyOp53
 70
     1
102
RTVSPropertyOp54
 70
     1
102
RTVSPropertyOp55
 70
     1
102
RTVSPropertyOp56
 70
     1
102
RTVSPropertyOp57
 70
     1
102
RTVSPost2010Prop28
280
     0
102
RTVSPost2010PropOp28
 70
     1
102
RTVSPost2010Prop29
280
     1
102
RTVSPost2010PropOp29
 70
     1
102
RTVSPost2010Prop30
280
     1
102
RTVSPost2010PropOp30
 70
     1
102
RTVSPost2010Prop31
280
     0
102
RTVSPost2010PropOp31
 70
     1
102
RTVSPost2010Prop32
280
     0
102
RTVSPost2010PropOp32
 70
     1
102
RTVSPost2010Prop33
280
     0
102
RTVSPost2010PropOp33
 70
     1
102
RTVSPost2010Prop34
280
     0
102
RTVSPost2010PropOp34
 70
     1
102
RTVSPost2010Prop35
280
     0
102
RTVSPost2010PropOp35
 70
     1
102
RTVSPost2010Prop36
280
     0
102
RTVSPost2010PropOp36
 70
     1
102
RTVSPost2010Prop37
 90
       50
102
RTVSPost2010PropOp37
 70
     1
102
RTVSPost2010Prop38
140
0.0
102
RTVSPost2010PropOp38
 70
     1
102
RTVSPost2010Prop39
140
1.0
102
RTVSPost2010PropOp39
 70
     1
102
RTVSPost2010Prop40
 90
        0
102
RTVSPost2010PropOp40
 70
     1
102
RTVSPost2010Prop41ColorIndex
 90
       18
102
RTVSPost2010Prop41ColorRGB
 90
        0
102
RTVSPost2010PropOp41
 70
     1
102
RTVSPost2010Prop42
 90
       50
102
RTVSPost2010PropOp42
 70
     1
102
RTVSPost2010Prop43
 90
        3
102
RTVSPost2010PropOp43
 70
     1
102
RTVSPost2010Prop44ColorIndex
 90
        5
102
RTVSPost2010Prop44ColorRGB
 90
      255
102
RTVSPost2010PropOp44
 70
     1
102
RTVSPost2010Prop45
280
     0
102
RTVSPost2010PropOp45
 70
     1
102
RTVSPost2010Prop46
 90
       50
102
RTVSPost2010PropOp46
 70
     1
102
RTVSPost2010Prop47
 90
       50
102
RTVSPost2010PropOp47
 70
     1
102
RTVSPost2010Prop48
 90
       50
102
RTVSPost2010PropOp48
 70
     1
102
RTVSPost2010Prop49
280
     0
102
RTVSPost2010PropOp49
 70
     1
102
RTVSPost2010Prop50
 90
       50
102
RTVSPost2010PropOp50
 70
     1
102
RTVSPost2010Prop51ColorIndex
 90
      256
102
RTVSPost2010Prop51ColorRGB
 90
-16777216
102
RTVSPost2010PropOp51
 70
     0
102
RTVSPost2010Prop52
140
1.0
102
RTVSPost2010PropOp52
 70
     0
102
RTVSPost2010Prop53
 90
        0
102
RTVSPost2010PropOp53
 70
     1
102
RTVSPost2010Prop54
  1
strokes_ogs.tif
102
RTVSPost2010PropOp54
 70
     1
102
RTVSPost2010Prop55
280
     0
102
RTVSPost2010PropOp55
 70
     1
102
RTVSPost2010Prop56
140
1.0
102
RTVSPost2010PropOp56
 70
     1
102
RTVSPost2010Prop57
140
1.0
102
RTVSPost2010PropOp57
 70
     1
  0
XRECORD
  5
B7E
102
{ACAD_REACTORS
330
A18
102
}
330
A18
100
AcDbXrecord
280
     1
102
RTVSPropertyOp0
 70
     0
102
RTVSPropertyOp1
 70
     0
102
RTVSPropertyOp2
 70
     0
102
RTVSPropertyOp3
 70
     0
102
RTVSPropertyOp4
 70
     0
102
RTVSPropertyOp5
 70
     0
102
RTVSPropertyOp6
 70
     0
102
RTVSPropertyOp7
 70
     0
102
RTVSPropertyOp8
 70
     0
102
RTVSPropertyOp9
 70
     0
102
RTVSPropertyOp10
 70
     0
102
RTVSPropertyOp11
 70
     0
102
RTVSPropertyOp12
 70
     0
102
RTVSPropertyOp13
 70
     0
102
RTVSPropertyOp14
 70
     2
102
RTVSPropertyOp15
 70
     0
102
RTVSPropertyOp16
 70
     0
102
RTVSPropertyOp17
 70
     0
102
RTVSPropertyOp18
 70
     0
102
RTVSPropertyOp19
 70
     0
102
RTVSPropertyOp20
 70
     0
102
RTVSPropertyOp21
 70
     0
102
RTVSPropertyOp22
 70
     0
102
RTVSPropertyOp23
 70
     0
102
RTVSPropertyOp24
 70
     0
102
RTVSPropertyOp25
 70
     0
102
RTVSPropertyOp26
 70
     0
102
RTVSPropertyOp27
 70
     0
102
RTVSPropertyOp28
 70
     1
102
RTVSPropertyOp29
 70
     1
102
RTVSPropertyOp30
 70
     1
102
RTVSPropertyOp31
 70
     1
102
RTVSPropertyOp32
 70
     1
102
RTVSPropertyOp33
 70
     1
102
RTVSPropertyOp34
 70
     1
102
RTVSPropertyOp35
 70
     1
102
RTVSPropertyOp36
 70
     1
102
RTVSPropertyOp37
 70
     1
102
RTVSPropertyOp38
 70
     1
102
RTVSPropertyOp39
 70
     1
102
RTVSPropertyOp40
 70
     1
102
RTVSPropertyOp41
 70
     1
102
RTVSPropertyOp42
 70
     1
102
RTVSPropertyOp43
 70
     1
102
RTVSPropertyOp44
 70
     1
102
RTVSPropertyOp45
 70
     1
102
RTVSPropertyOp46
 70
     1
102
RTVSPropertyOp47
 70
     1
102
RTVSPropertyOp48
 70
     1
102
RTVSPropertyOp49
 70
     1
102
RTVSPropertyOp50
 70
     1
102
RTVSPropertyOp51
 70
     0
102
RTVSPropertyOp52
 70
     0
102
RTVSPropertyOp53
 70
     1
102
RTVSPropertyOp54
 70
     1
102
RTVSPropertyOp55
 70
     1
102
RTVSPropertyOp56
 70
     1
102
RTVSPropertyOp57
 70
     1
102
RTVSPost2010Prop28
280
     0
102
RTVSPost2010PropOp28
 70
     1
102
RTVSPost2010Prop29
280
     1
102
RTVSPost2010PropOp29
 70
     1
102
RTVSPost2010Prop30
280
     1
102
RTVSPost2010PropOp30
 70
     1
102
RTVSPost2010Prop31
280
     0
102
RTVSPost2010PropOp31
 70
     1
102
RTVSPost2010Prop32
280
     0
102
RTVSPost2010PropOp32
 70
     1
102
RTVSPost2010Prop33
280
     0
102
RTVSPost2010PropOp33
 70
     1
102
RTVSPost2010Prop34
280
     0
102
RTVSPost2010PropOp34
 70
     1
102
RTVSPost2010Prop35
280
     0
102
RTVSPost2010PropOp35
 70
     1
102
RTVSPost2010Prop36
280
     0
102
RTVSPost2010PropOp36
 70
     1
102
RTVSPost2010Prop37
 90
       50
102
RTVSPost2010PropOp37
 70
     1
102
RTVSPost2010Prop38
140
0.0
102
RTVSPost2010PropOp38
 70
     1
102
RTVSPost2010Prop39
140
1.0
102
RTVSPost2010PropOp39
 70
     1
102
RTVSPost2010Prop40
 90
        0
102
RTVSPost2010PropOp40
 70
     1
102
RTVSPost2010Prop41ColorIndex
 90
       18
102
RTVSPost2010Prop41ColorRGB
 90
        0
102
RTVSPost2010PropOp41
 70
     1
102
RTVSPost2010Prop42
 90
       50
102
RTVSPost2010PropOp42
 70
     1
102
RTVSPost2010Prop43
 90
        3
102
RTVSPost2010PropOp43
 70
     1
102
RTVSPost2010Prop44ColorIndex
 90
        5
102
RTVSPost2010Prop44ColorRGB
 90
      255
102
RTVSPost2010PropOp44
 70
     1
102
RTVSPost2010Prop45
280
     0
102
RTVSPost2010PropOp45
 70
     1
102
RTVSPost2010Prop46
 90
       50
102
RTVSPost2010PropOp46
 70
     1
102
RTVSPost2010Prop47
 90
       50
102
RTVSPost2010PropOp47
 70
     1
102
RTVSPost2010Prop48
 90
       50
102
RTVSPost2010PropOp48
 70
     1
102
RTVSPost2010Prop49
280
     0
102
RTVSPost2010PropOp49
 70
     1
102
RTVSPost2010Prop50
 90
       50
102
RTVSPost2010PropOp50
 70
     1
102
RTVSPost2010Prop51ColorIndex
 90
      256
102
RTVSPost2010Prop51ColorRGB
 90
-16777216
102
RTVSPost2010PropOp51
 70
     0
102
RTVSPost2010Prop52
140
1.0
102
RTVSPost2010PropOp52
 70
     0
102
RTVSPost2010Prop53
 90
        0
102
RTVSPost2010PropOp53
 70
     1
102
RTVSPost2010Prop54
  1
strokes_ogs.tif
102
RTVSPost2010PropOp54
 70
     1
102
RTVSPost2010Prop55
280
     0
102
RTVSPost2010PropOp55
 70
     1
102
RTVSPost2010Prop56
140
1.0
102
RTVSPost2010PropOp56
 70
     1
102
RTVSPost2010Prop57
140
1.0
102
RTVSPost2010PropOp57
 70
     1
  0
XRECORD
  5
B7F
102
{ACAD_REACTORS
330
A1A
102
}
330
A1A
100
AcDbXrecord
280
     1
102
RTVSPropertyOp0
 70
     1
102
RTVSPropertyOp1
 70
     1
102
RTVSPropertyOp2
 70
     1
102
RTVSPropertyOp3
 70
     1
102
RTVSPropertyOp4
 70
     1
102
RTVSPropertyOp5
 70
     1
102
RTVSPropertyOp6
 70
     1
102
RTVSPropertyOp7
 70
     1
102
RTVSPropertyOp8
 70
     1
102
RTVSPropertyOp9
 70
     1
102
RTVSPropertyOp10
 70
     1
102
RTVSPropertyOp11
 70
     1
102
RTVSPropertyOp12
 70
     1
102
RTVSPropertyOp13
 70
     1
102
RTVSPropertyOp14
 70
     1
102
RTVSPropertyOp15
 70
     1
102
RTVSPropertyOp16
 70
     1
102
RTVSPropertyOp17
 70
     1
102
RTVSPropertyOp18
 70
     1
102
RTVSPropertyOp19
 70
     1
102
RTVSPropertyOp20
 70
     1
102
RTVSPropertyOp21
 70
     1
102
RTVSPropertyOp22
 70
     1
102
RTVSPropertyOp23
 70
     1
102
RTVSPropertyOp24
 70
     1
102
RTVSPropertyOp25
 70
     1
102
RTVSPropertyOp26
 70
     1
102
RTVSPropertyOp27
 70
     1
102
RTVSPropertyOp28
 70
     1
102
RTVSPropertyOp29
 70
     1
102
RTVSPropertyOp30
 70
     1
102
RTVSPropertyOp31
 70
     1
102
RTVSPropertyOp32
 70
     1
102
RTVSPropertyOp33
 70
     1
102
RTVSPropertyOp34
 70
     1
102
RTVSPropertyOp35
 70
     1
102
RTVSPropertyOp36
 70
     1
102
RTVSPropertyOp37
 70
     1
102
RTVSPropertyOp38
 70
     1
102
RTVSPropertyOp39
 70
     1
102
RTVSPropertyOp40
 70
     1
102
RTVSPropertyOp41
 70
     1
102
RTVSPropertyOp42
 70
     1
102
RTVSPropertyOp43
 70
     1
102
RTVSPropertyOp44
 70
     1
102
RTVSPropertyOp45
 70
     1
102
RTVSPropertyOp46
 70
     1
102
RTVSPropertyOp47
 70
     1
102
RTVSPropertyOp48
 70
     1
102
RTVSPropertyOp49
 70
     1
102
RTVSPropertyOp50
 70
     1
102
RTVSPropertyOp51
 70
     0
102
RTVSPropertyOp52
 70
     0
102
RTVSPropertyOp53
 70
     1
102
RTVSPropertyOp54
 70
     1
102
RTVSPropertyOp55
 70
     1
102
RTVSPropertyOp56
 70
     1
102
RTVSPropertyOp57
 70
     1
102
RTVSPost2010Prop28
280
     0
102
RTVSPost2010PropOp28
 70
     1
102
RTVSPost2010Prop29
280
     1
102
RTVSPost2010PropOp29
 70
     1
102
RTVSPost2010Prop30
280
     1
102
RTVSPost2010PropOp30
 70
     1
102
RTVSPost2010Prop31
280
     0
102
RTVSPost2010PropOp31
 70
     1
102
RTVSPost2010Prop32
280
     0
102
RTVSPost2010PropOp32
 70
     1
102
RTVSPost2010Prop33
280
     0
102
RTVSPost2010PropOp33
 70
     1
102
RTVSPost2010Prop34
280
     0
102
RTVSPost2010PropOp34
 70
     1
102
RTVSPost2010Prop35
280
     0
102
RTVSPost2010PropOp35
 70
     1
102
RTVSPost2010Prop36
280
     0
102
RTVSPost2010PropOp36
 70
     1
102
RTVSPost2010Prop37
 90
       50
102
RTVSPost2010PropOp37
 70
     1
102
RTVSPost2010Prop38
140
0.0
102
RTVSPost2010PropOp38
 70
     1
102
RTVSPost2010Prop39
140
1.0
102
RTVSPost2010PropOp39
 70
     1
102
RTVSPost2010Prop40
 90
        0
102
RTVSPost2010PropOp40
 70
     1
102
RTVSPost2010Prop41ColorIndex
 90
       18
102
RTVSPost2010Prop41ColorRGB
 90
        0
102
RTVSPost2010PropOp41
 70
     1
102
RTVSPost2010Prop42
 90
       50
102
RTVSPost2010PropOp42
 70
     1
102
RTVSPost2010Prop43
 90
        3
102
RTVSPost2010PropOp43
 70
     1
102
RTVSPost2010Prop44ColorIndex
 90
        5
102
RTVSPost2010Prop44ColorRGB
 90
      255
102
RTVSPost2010PropOp44
 70
     1
102
RTVSPost2010Prop45
280
     0
102
RTVSPost2010PropOp45
 70
     1
102
RTVSPost2010Prop46
 90
       50
102
RTVSPost2010PropOp46
 70
     1
102
RTVSPost2010Prop47
 90
       50
102
RTVSPost2010PropOp47
 70
     1
102
RTVSPost2010Prop48
 90
       50
102
RTVSPost2010PropOp48
 70
     1
102
RTVSPost2010Prop49
280
     0
102
RTVSPost2010PropOp49
 70
     1
102
RTVSPost2010Prop50
 90
       50
102
RTVSPost2010PropOp50
 70
     1
102
RTVSPost2010Prop51ColorIndex
 90
      256
102
RTVSPost2010Prop51ColorRGB
 90
-16777216
102
RTVSPost2010PropOp51
 70
     0
102
RTVSPost2010Prop52
140
1.0
102
RTVSPost2010PropOp52
 70
     0
102
RTVSPost2010Prop53
 90
        0
102
RTVSPost2010PropOp53
 70
     1
102
RTVSPost2010Prop54
  1
strokes_ogs.tif
102
RTVSPost2010PropOp54
 70
     1
102
RTVSPost2010Prop55
280
     0
102
RTVSPost2010PropOp55
 70
     1
102
RTVSPost2010Prop56
140
1.0
102
RTVSPost2010PropOp56
 70
     1
102
RTVSPost2010Prop57
140
1.0
102
RTVSPost2010PropOp57
 70
     1
  0
XRECORD
  5
B80
102
{ACAD_REACTORS
330
A1C
102
}
330
A1C
100
AcDbXrecord
280
     1
102
RTVSPropertyOp0
 70
     0
102
RTVSPropertyOp1
 70
     0
102
RTVSPropertyOp2
 70
     0
102
RTVSPropertyOp3
 70
     0
102
RTVSPropertyOp4
 70
     0
102
RTVSPropertyOp5
 70
     0
102
RTVSPropertyOp6
 70
     0
102
RTVSPropertyOp7
 70
     0
102
RTVSPropertyOp8
 70
     0
102
RTVSPropertyOp9
 70
     0
102
RTVSPropertyOp10
 70
     0
102
RTVSPropertyOp11
 70
     0
102
RTVSPropertyOp12
 70
     0
102
RTVSPropertyOp13
 70
     0
102
RTVSPropertyOp14
 70
     2
102
RTVSPropertyOp15
 70
     0
102
RTVSPropertyOp16
 70
     0
102
RTVSPropertyOp17
 70
     0
102
RTVSPropertyOp18
 70
     0
102
RTVSPropertyOp19
 70
     0
102
RTVSPropertyOp20
 70
     0
102
RTVSPropertyOp21
 70
     0
102
RTVSPropertyOp22
 70
     0
102
RTVSPropertyOp23
 70
     0
102
RTVSPropertyOp24
 70
     0
102
RTVSPropertyOp25
 70
     0
102
RTVSPropertyOp26
 70
     0
102
RTVSPropertyOp27
 70
     0
102
RTVSPropertyOp28
 70
     1
102
RTVSPropertyOp29
 70
     1
102
RTVSPropertyOp30
 70
     1
102
RTVSPropertyOp31
 70
     1
102
RTVSPropertyOp32
 70
     1
102
RTVSPropertyOp33
 70
     1
102
RTVSPropertyOp34
 70
     1
102
RTVSPropertyOp35
 70
     1
102
RTVSPropertyOp36
 70
     1
102
RTVSPropertyOp37
 70
     1
102
RTVSPropertyOp38
 70
     1
102
RTVSPropertyOp39
 70
     1
102
RTVSPropertyOp40
 70
     1
102
RTVSPropertyOp41
 70
     1
102
RTVSPropertyOp42
 70
     1
102
RTVSPropertyOp43
 70
     1
102
RTVSPropertyOp44
 70
     1
102
RTVSPropertyOp45
 70
     1
102
RTVSPropertyOp46
 70
     1
102
RTVSPropertyOp47
 70
     1
102
RTVSPropertyOp48
 70
     1
102
RTVSPropertyOp49
 70
     1
102
RTVSPropertyOp50
 70
     1
102
RTVSPropertyOp51
 70
     0
102
RTVSPropertyOp52
 70
     0
102
RTVSPropertyOp53
 70
     1
102
RTVSPropertyOp54
 70
     1
102
RTVSPropertyOp55
 70
     1
102
RTVSPropertyOp56
 70
     1
102
RTVSPropertyOp57
 70
     1
102
RTVSPost2010Prop28
280
     0
102
RTVSPost2010PropOp28
 70
     1
102
RTVSPost2010Prop29
280
     1
102
RTVSPost2010PropOp29
 70
     1
102
RTVSPost2010Prop30
280
     1
102
RTVSPost2010PropOp30
 70
     1
102
RTVSPost2010Prop31
280
     0
102
RTVSPost2010PropOp31
 70
     1
102
RTVSPost2010Prop32
280
     0
102
RTVSPost2010PropOp32
 70
     1
102
RTVSPost2010Prop33
280
     0
102
RTVSPost2010PropOp33
 70
     1
102
RTVSPost2010Prop34
280
     0
102
RTVSPost2010PropOp34
 70
     1
102
RTVSPost2010Prop35
280
     0
102
RTVSPost2010PropOp35
 70
     1
102
RTVSPost2010Prop36
280
     0
102
RTVSPost2010PropOp36
 70
     1
102
RTVSPost2010Prop37
 90
       50
102
RTVSPost2010PropOp37
 70
     1
102
RTVSPost2010Prop38
140
0.0
102
RTVSPost2010PropOp38
 70
     1
102
RTVSPost2010Prop39
140
1.0
102
RTVSPost2010PropOp39
 70
     1
102
RTVSPost2010Prop40
 90
        0
102
RTVSPost2010PropOp40
 70
     1
102
RTVSPost2010Prop41ColorIndex
 90
       18
102
RTVSPost2010Prop41ColorRGB
 90
        0
102
RTVSPost2010PropOp41
 70
     1
102
RTVSPost2010Prop42
 90
       50
102
RTVSPost2010PropOp42
 70
     1
102
RTVSPost2010Prop43
 90
        3
102
RTVSPost2010PropOp43
 70
     1
102
RTVSPost2010Prop44ColorIndex
 90
        5
102
RTVSPost2010Prop44ColorRGB
 90
      255
102
RTVSPost2010PropOp44
 70
     1
102
RTVSPost2010Prop45
280
     0
102
RTVSPost2010PropOp45
 70
     1
102
RTVSPost2010Prop46
 90
       50
102
RTVSPost2010PropOp46
 70
     1
102
RTVSPost2010Prop47
 90
       50
102
RTVSPost2010PropOp47
 70
     1
102
RTVSPost2010Prop48
 90
       50
102
RTVSPost2010PropOp48
 70
     1
102
RTVSPost2010Prop49
280
     0
102
RTVSPost2010PropOp49
 70
     1
102
RTVSPost2010Prop50
 90
       50
102
RTVSPost2010PropOp50
 70
     1
102
RTVSPost2010Prop51ColorIndex
 90
      256
102
RTVSPost2010Prop51ColorRGB
 90
-16777216
102
RTVSPost2010PropOp51
 70
     0
102
RTVSPost2010Prop52
140
1.0
102
RTVSPost2010PropOp52
 70
     0
102
RTVSPost2010Prop53
 90
        0
102
RTVSPost2010PropOp53
 70
     1
102
RTVSPost2010Prop54
  1
strokes_ogs.tif
102
RTVSPost2010PropOp54
 70
     1
102
RTVSPost2010Prop55
280
     0
102
RTVSPost2010PropOp55
 70
     1
102
RTVSPost2010Prop56
140
1.0
102
RTVSPost2010PropOp56
 70
     1
102
RTVSPost2010Prop57
140
1.0
102
RTVSPost2010PropOp57
 70
     1
  0
XRECORD
  5
B81
102
{ACAD_REACTORS
330
A1E
102
}
330
A1E
100
AcDbXrecord
280
     1
102
RTVSPropertyOp0
 70
     1
102
RTVSPropertyOp1
 70
     1
102
RTVSPropertyOp2
 70
     1
102
RTVSPropertyOp3
 70
     1
102
RTVSPropertyOp4
 70
     1
102
RTVSPropertyOp5
 70
     1
102
RTVSPropertyOp6
 70
     1
102
RTVSPropertyOp7
 70
     1
102
RTVSPropertyOp8
 70
     1
102
RTVSPropertyOp9
 70
     1
102
RTVSPropertyOp10
 70
     1
102
RTVSPropertyOp11
 70
     1
102
RTVSPropertyOp12
 70
     1
102
RTVSPropertyOp13
 70
     1
102
RTVSPropertyOp14
 70
     1
102
RTVSPropertyOp15
 70
     1
102
RTVSPropertyOp16
 70
     1
102
RTVSPropertyOp17
 70
     1
102
RTVSPropertyOp18
 70
     1
102
RTVSPropertyOp19
 70
     1
102
RTVSPropertyOp20
 70
     1
102
RTVSPropertyOp21
 70
     1
102
RTVSPropertyOp22
 70
     1
102
RTVSPropertyOp23
 70
     1
102
RTVSPropertyOp24
 70
     1
102
RTVSPropertyOp25
 70
     1
102
RTVSPropertyOp26
 70
     1
102
RTVSPropertyOp27
 70
     1
102
RTVSPropertyOp28
 70
     1
102
RTVSPropertyOp29
 70
     1
102
RTVSPropertyOp30
 70
     1
102
RTVSPropertyOp31
 70
     1
102
RTVSPropertyOp32
 70
     1
102
RTVSPropertyOp33
 70
     1
102
RTVSPropertyOp34
 70
     1
102
RTVSPropertyOp35
 70
     1
102
RTVSPropertyOp36
 70
     1
102
RTVSPropertyOp37
 70
     1
102
RTVSPropertyOp38
 70
     1
102
RTVSPropertyOp39
 70
     1
102
RTVSPropertyOp40
 70
     1
102
RTVSPropertyOp41
 70
     1
102
RTVSPropertyOp42
 70
     1
102
RTVSPropertyOp43
 70
     1
102
RTVSPropertyOp44
 70
     1
102
RTVSPropertyOp45
 70
     1
102
RTVSPropertyOp46
 70
     1
102
RTVSPropertyOp47
 70
     1
102
RTVSPropertyOp48
 70
     1
102
RTVSPropertyOp49
 70
     1
102
RTVSPropertyOp50
 70
     1
102
RTVSPropertyOp51
 70
     0
102
RTVSPropertyOp52
 70
     0
102
RTVSPropertyOp53
 70
     1
102
RTVSPropertyOp54
 70
     1
102
RTVSPropertyOp55
 70
     1
102
RTVSPropertyOp56
 70
     1
102
RTVSPropertyOp57
 70
     1
102
RTVSPost2010Prop28
280
     0
102
RTVSPost2010PropOp28
 70
     1
102
RTVSPost2010Prop29
280
     1
102
RTVSPost2010PropOp29
 70
     1
102
RTVSPost2010Prop30
280
     1
102
RTVSPost2010PropOp30
 70
     1
102
RTVSPost2010Prop31
280
     0
102
RTVSPost2010PropOp31
 70
     1
102
RTVSPost2010Prop32
280
     0
102
RTVSPost2010PropOp32
 70
     1
102
RTVSPost2010Prop33
280
     0
102
RTVSPost2010PropOp33
 70
     1
102
RTVSPost2010Prop34
280
     0
102
RTVSPost2010PropOp34
 70
     1
102
RTVSPost2010Prop35
280
     0
102
RTVSPost2010PropOp35
 70
     1
102
RTVSPost2010Prop36
280
     0
102
RTVSPost2010PropOp36
 70
     1
102
RTVSPost2010Prop37
 90
       50
102
RTVSPost2010PropOp37
 70
     1
102
RTVSPost2010Prop38
140
0.0
102
RTVSPost2010PropOp38
 70
     1
102
RTVSPost2010Prop39
140
1.0
102
RTVSPost2010PropOp39
 70
     1
102
RTVSPost2010Prop40
 90
        0
102
RTVSPost2010PropOp40
 70
     1
102
RTVSPost2010Prop41ColorIndex
 90
       18
102
RTVSPost2010Prop41ColorRGB
 90
        0
102
RTVSPost2010PropOp41
 70
     1
102
RTVSPost2010Prop42
 90
       50
102
RTVSPost2010PropOp42
 70
     1
102
RTVSPost2010Prop43
 90
        3
102
RTVSPost2010PropOp43
 70
     1
102
RTVSPost2010Prop44ColorIndex
 90
        5
102
RTVSPost2010Prop44ColorRGB
 90
      255
102
RTVSPost2010PropOp44
 70
     1
102
RTVSPost2010Prop45
280
     0
102
RTVSPost2010PropOp45
 70
     1
102
RTVSPost2010Prop46
 90
       50
102
RTVSPost2010PropOp46
 70
     1
102
RTVSPost2010Prop47
 90
       50
102
RTVSPost2010PropOp47
 70
     1
102
RTVSPost2010Prop48
 90
       50
102
RTVSPost2010PropOp48
 70
     1
102
RTVSPost2010Prop49
280
     0
102
RTVSPost2010PropOp49
 70
     1
102
RTVSPost2010Prop50
 90
       50
102
RTVSPost2010PropOp50
 70
     1
102
RTVSPost2010Prop51ColorIndex
 90
      256
102
RTVSPost2010Prop51ColorRGB
 90
-16777216
102
RTVSPost2010PropOp51
 70
     0
102
RTVSPost2010Prop52
140
1.0
102
RTVSPost2010PropOp52
 70
     0
102
RTVSPost2010Prop53
 90
        0
102
RTVSPost2010PropOp53
 70
     1
102
RTVSPost2010Prop54
  1
strokes_ogs.tif
102
RTVSPost2010PropOp54
 70
     1
102
RTVSPost2010Prop55
280
     0
102
RTVSPost2010PropOp55
 70
     1
102
RTVSPost2010Prop56
140
1.0
102
RTVSPost2010PropOp56
 70
     1
102
RTVSPost2010Prop57
140
1.0
102
RTVSPost2010PropOp57
 70
     1
  0
XRECORD
  5
B82
102
{ACAD_REACTORS
330
A20
102
}
330
A20
100
AcDbXrecord
280
     1
102
RTVSPropertyOp0
 70
     1
102
RTVSPropertyOp1
 70
     1
102
RTVSPropertyOp2
 70
     1
102
RTVSPropertyOp3
 70
     1
102
RTVSPropertyOp4
 70
     1
102
RTVSPropertyOp5
 70
     1
102
RTVSPropertyOp6
 70
     1
102
RTVSPropertyOp7
 70
     1
102
RTVSPropertyOp8
 70
     1
102
RTVSPropertyOp9
 70
     1
102
RTVSPropertyOp10
 70
     1
102
RTVSPropertyOp11
 70
     1
102
RTVSPropertyOp12
 70
     1
102
RTVSPropertyOp13
 70
     1
102
RTVSPropertyOp14
 70
     1
102
RTVSPropertyOp15
 70
     1
102
RTVSPropertyOp16
 70
     1
102
RTVSPropertyOp17
 70
     1
102
RTVSPropertyOp18
 70
     1
102
RTVSPropertyOp19
 70
     1
102
RTVSPropertyOp20
 70
     1
102
RTVSPropertyOp21
 70
     1
102
RTVSPropertyOp22
 70
     1
102
RTVSPropertyOp23
 70
     1
102
RTVSPropertyOp24
 70
     1
102
RTVSPropertyOp25
 70
     1
102
RTVSPropertyOp26
 70
     1
102
RTVSPropertyOp27
 70
     1
102
RTVSPropertyOp28
 70
     1
102
RTVSPropertyOp29
 70
     1
102
RTVSPropertyOp30
 70
     1
102
RTVSPropertyOp31
 70
     1
102
RTVSPropertyOp32
 70
     1
102
RTVSPropertyOp33
 70
     1
102
RTVSPropertyOp34
 70
     1
102
RTVSPropertyOp35
 70
     1
102
RTVSPropertyOp36
 70
     1
102
RTVSPropertyOp37
 70
     1
102
RTVSPropertyOp38
 70
     1
102
RTVSPropertyOp39
 70
     1
102
RTVSPropertyOp40
 70
     1
102
RTVSPropertyOp41
 70
     1
102
RTVSPropertyOp42
 70
     1
102
RTVSPropertyOp43
 70
     1
102
RTVSPropertyOp44
 70
     1
102
RTVSPropertyOp45
 70
     1
102
RTVSPropertyOp46
 70
     1
102
RTVSPropertyOp47
 70
     1
102
RTVSPropertyOp48
 70
     1
102
RTVSPropertyOp49
 70
     1
102
RTVSPropertyOp50
 70
     1
102
RTVSPropertyOp51
 70
     0
102
RTVSPropertyOp52
 70
     0
102
RTVSPropertyOp53
 70
     1
102
RTVSPropertyOp54
 70
     1
102
RTVSPropertyOp55
 70
     1
102
RTVSPropertyOp56
 70
     1
102
RTVSPropertyOp57
 70
     1
102
RTVSPost2010Prop28
280
     0
102
RTVSPost2010PropOp28
 70
     1
102
RTVSPost2010Prop29
280
     1
102
RTVSPost2010PropOp29
 70
     1
102
RTVSPost2010Prop30
280
     1
102
RTVSPost2010PropOp30
 70
     1
102
RTVSPost2010Prop31
280
     0
102
RTVSPost2010PropOp31
 70
     1
102
RTVSPost2010Prop32
280
     0
102
RTVSPost2010PropOp32
 70
     1
102
RTVSPost2010Prop33
280
     0
102
RTVSPost2010PropOp33
 70
     1
102
RTVSPost2010Prop34
280
     0
102
RTVSPost2010PropOp34
 70
     1
102
RTVSPost2010Prop35
280
     0
102
RTVSPost2010PropOp35
 70
     1
102
RTVSPost2010Prop36
280
     0
102
RTVSPost2010PropOp36
 70
     1
102
RTVSPost2010Prop37
 90
       50
102
RTVSPost2010PropOp37
 70
     1
102
RTVSPost2010Prop38
140
0.0
102
RTVSPost2010PropOp38
 70
     1
102
RTVSPost2010Prop39
140
1.0
102
RTVSPost2010PropOp39
 70
     1
102
RTVSPost2010Prop40
 90
        0
102
RTVSPost2010PropOp40
 70
     1
102
RTVSPost2010Prop41ColorIndex
 90
       18
102
RTVSPost2010Prop41ColorRGB
 90
        0
102
RTVSPost2010PropOp41
 70
     1
102
RTVSPost2010Prop42
 90
       50
102
RTVSPost2010PropOp42
 70
     1
102
RTVSPost2010Prop43
 90
        3
102
RTVSPost2010PropOp43
 70
     1
102
RTVSPost2010Prop44ColorIndex
 90
        5
102
RTVSPost2010Prop44ColorRGB
 90
      255
102
RTVSPost2010PropOp44
 70
     1
102
RTVSPost2010Prop45
280
     0
102
RTVSPost2010PropOp45
 70
     1
102
RTVSPost2010Prop46
 90
       50
102
RTVSPost2010PropOp46
 70
     1
102
RTVSPost2010Prop47
 90
       50
102
RTVSPost2010PropOp47
 70
     1
102
RTVSPost2010Prop48
 90
       50
102
RTVSPost2010PropOp48
 70
     1
102
RTVSPost2010Prop49
280
     0
102
RTVSPost2010PropOp49
 70
     1
102
RTVSPost2010Prop50
 90
       50
102
RTVSPost2010PropOp50
 70
     1
102
RTVSPost2010Prop51ColorIndex
 90
      256
102
RTVSPost2010Prop51ColorRGB
 90
-16777216
102
RTVSPost2010PropOp51
 70
     0
102
RTVSPost2010Prop52
140
1.0
102
RTVSPost2010PropOp52
 70
     0
102
RTVSPost2010Prop53
 90
        0
102
RTVSPost2010PropOp53
 70
     1
102
RTVSPost2010Prop54
  1
strokes_ogs.tif
102
RTVSPost2010PropOp54
 70
     1
102
RTVSPost2010Prop55
280
     0
102
RTVSPost2010PropOp55
 70
     1
102
RTVSPost2010Prop56
140
1.0
102
RTVSPost2010PropOp56
 70
     1
102
RTVSPost2010Prop57
140
1.0
102
RTVSPost2010PropOp57
 70
     1
  0
XRECORD
  5
B83
102
{ACAD_REACTORS
330
A22
102
}
330
A22
100
AcDbXrecord
280
     1
102
RTVSPropertyOp0
 70
     1
102
RTVSPropertyOp1
 70
     1
102
RTVSPropertyOp2
 70
     1
102
RTVSPropertyOp3
 70
     1
102
RTVSPropertyOp4
 70
     1
102
RTVSPropertyOp5
 70
     1
102
RTVSPropertyOp6
 70
     1
102
RTVSPropertyOp7
 70
     1
102
RTVSPropertyOp8
 70
     1
102
RTVSPropertyOp9
 70
     1
102
RTVSPropertyOp10
 70
     1
102
RTVSPropertyOp11
 70
     1
102
RTVSPropertyOp12
 70
     1
102
RTVSPropertyOp13
 70
     1
102
RTVSPropertyOp14
 70
     1
102
RTVSPropertyOp15
 70
     1
102
RTVSPropertyOp16
 70
     1
102
RTVSPropertyOp17
 70
     1
102
RTVSPropertyOp18
 70
     1
102
RTVSPropertyOp19
 70
     1
102
RTVSPropertyOp20
 70
     1
102
RTVSPropertyOp21
 70
     1
102
RTVSPropertyOp22
 70
     1
102
RTVSPropertyOp23
 70
     1
102
RTVSPropertyOp24
 70
     1
102
RTVSPropertyOp25
 70
     1
102
RTVSPropertyOp26
 70
     1
102
RTVSPropertyOp27
 70
     1
102
RTVSPropertyOp28
 70
     1
102
RTVSPropertyOp29
 70
     1
102
RTVSPropertyOp30
 70
     1
102
RTVSPropertyOp31
 70
     1
102
RTVSPropertyOp32
 70
     1
102
RTVSPropertyOp33
 70
     1
102
RTVSPropertyOp34
 70
     1
102
RTVSPropertyOp35
 70
     1
102
RTVSPropertyOp36
 70
     1
102
RTVSPropertyOp37
 70
     1
102
RTVSPropertyOp38
 70
     1
102
RTVSPropertyOp39
 70
     1
102
RTVSPropertyOp40
 70
     1
102
RTVSPropertyOp41
 70
     1
102
RTVSPropertyOp42
 70
     1
102
RTVSPropertyOp43
 70
     1
102
RTVSPropertyOp44
 70
     1
102
RTVSPropertyOp45
 70
     1
102
RTVSPropertyOp46
 70
     1
102
RTVSPropertyOp47
 70
     1
102
RTVSPropertyOp48
 70
     1
102
RTVSPropertyOp49
 70
     1
102
RTVSPropertyOp50
 70
     1
102
RTVSPropertyOp51
 70
     0
102
RTVSPropertyOp52
 70
     0
102
RTVSPropertyOp53
 70
     1
102
RTVSPropertyOp54
 70
     1
102
RTVSPropertyOp55
 70
     1
102
RTVSPropertyOp56
 70
     1
102
RTVSPropertyOp57
 70
     1
102
RTVSPost2010Prop28
280
     0
102
RTVSPost2010PropOp28
 70
     1
102
RTVSPost2010Prop29
280
     1
102
RTVSPost2010PropOp29
 70
     1
102
RTVSPost2010Prop30
280
     1
102
RTVSPost2010PropOp30
 70
     1
102
RTVSPost2010Prop31
280
     0
102
RTVSPost2010PropOp31
 70
     1
102
RTVSPost2010Prop32
280
     0
102
RTVSPost2010PropOp32
 70
     1
102
RTVSPost2010Prop33
280
     0
102
RTVSPost2010PropOp33
 70
     1
102
RTVSPost2010Prop34
280
     0
102
RTVSPost2010PropOp34
 70
     1
102
RTVSPost2010Prop35
280
     0
102
RTVSPost2010PropOp35
 70
     1
102
RTVSPost2010Prop36
280
     0
102
RTVSPost2010PropOp36
 70
     1
102
RTVSPost2010Prop37
 90
       50
102
RTVSPost2010PropOp37
 70
     1
102
RTVSPost2010Prop38
140
0.0
102
RTVSPost2010PropOp38
 70
     1
102
RTVSPost2010Prop39
140
1.0
102
RTVSPost2010PropOp39
 70
     1
102
RTVSPost2010Prop40
 90
        0
102
RTVSPost2010PropOp40
 70
     1
102
RTVSPost2010Prop41ColorIndex
 90
       18
102
RTVSPost2010Prop41ColorRGB
 90
        0
102
RTVSPost2010PropOp41
 70
     1
102
RTVSPost2010Prop42
 90
       50
102
RTVSPost2010PropOp42
 70
     1
102
RTVSPost2010Prop43
 90
        3
102
RTVSPost2010PropOp43
 70
     1
102
RTVSPost2010Prop44ColorIndex
 90
        5
102
RTVSPost2010Prop44ColorRGB
 90
      255
102
RTVSPost2010PropOp44
 70
     1
102
RTVSPost2010Prop45
280
     0
102
RTVSPost2010PropOp45
 70
     1
102
RTVSPost2010Prop46
 90
       50
102
RTVSPost2010PropOp46
 70
     1
102
RTVSPost2010Prop47
 90
       50
102
RTVSPost2010PropOp47
 70
     1
102
RTVSPost2010Prop48
 90
       50
102
RTVSPost2010PropOp48
 70
     1
102
RTVSPost2010Prop49
280
     0
102
RTVSPost2010PropOp49
 70
     1
102
RTVSPost2010Prop50
 90
       50
102
RTVSPost2010PropOp50
 70
     1
102
RTVSPost2010Prop51ColorIndex
 90
      256
102
RTVSPost2010Prop51ColorRGB
 90
-16777216
102
RTVSPost2010PropOp51
 70
     0
102
RTVSPost2010Prop52
140
1.0
102
RTVSPost2010PropOp52
 70
     0
102
RTVSPost2010Prop53
 90
        0
102
RTVSPost2010PropOp53
 70
     1
102
RTVSPost2010Prop54
  1
strokes_ogs.tif
102
RTVSPost2010PropOp54
 70
     1
102
RTVSPost2010Prop55
280
     0
102
RTVSPost2010PropOp55
 70
     1
102
RTVSPost2010Prop56
140
1.0
102
RTVSPost2010PropOp56
 70
     1
102
RTVSPost2010Prop57
140
1.0
102
RTVSPost2010PropOp57
 70
     1
  0
XRECORD
  5
B84
102
{ACAD_REACTORS
330
A24
102
}
330
A24
100
AcDbXrecord
280
     1
102
RTVSPropertyOp0
 70
     1
102
RTVSPropertyOp1
 70
     1
102
RTVSPropertyOp2
 70
     1
102
RTVSPropertyOp3
 70
     1
102
RTVSPropertyOp4
 70
     1
102
RTVSPropertyOp5
 70
     1
102
RTVSPropertyOp6
 70
     1
102
RTVSPropertyOp7
 70
     1
102
RTVSPropertyOp8
 70
     1
102
RTVSPropertyOp9
 70
     1
102
RTVSPropertyOp10
 70
     1
102
RTVSPropertyOp11
 70
     1
102
RTVSPropertyOp12
 70
     1
102
RTVSPropertyOp13
 70
     1
102
RTVSPropertyOp14
 70
     1
102
RTVSPropertyOp15
 70
     1
102
RTVSPropertyOp16
 70
     1
102
RTVSPropertyOp17
 70
     1
102
RTVSPropertyOp18
 70
     1
102
RTVSPropertyOp19
 70
     1
102
RTVSPropertyOp20
 70
     1
102
RTVSPropertyOp21
 70
     1
102
RTVSPropertyOp22
 70
     1
102
RTVSPropertyOp23
 70
     1
102
RTVSPropertyOp24
 70
     1
102
RTVSPropertyOp25
 70
     1
102
RTVSPropertyOp26
 70
     1
102
RTVSPropertyOp27
 70
     1
102
RTVSPropertyOp28
 70
     1
102
RTVSPropertyOp29
 70
     1
102
RTVSPropertyOp30
 70
     1
102
RTVSPropertyOp31
 70
     1
102
RTVSPropertyOp32
 70
     1
102
RTVSPropertyOp33
 70
     1
102
RTVSPropertyOp34
 70
     1
102
RTVSPropertyOp35
 70
     1
102
RTVSPropertyOp36
 70
     1
102
RTVSPropertyOp37
 70
     1
102
RTVSPropertyOp38
 70
     1
102
RTVSPropertyOp39
 70
     1
102
RTVSPropertyOp40
 70
     1
102
RTVSPropertyOp41
 70
     1
102
RTVSPropertyOp42
 70
     1
102
RTVSPropertyOp43
 70
     1
102
RTVSPropertyOp44
 70
     1
102
RTVSPropertyOp45
 70
     1
102
RTVSPropertyOp46
 70
     1
102
RTVSPropertyOp47
 70
     1
102
RTVSPropertyOp48
 70
     1
102
RTVSPropertyOp49
 70
     1
102
RTVSPropertyOp50
 70
     1
102
RTVSPropertyOp51
 70
     0
102
RTVSPropertyOp52
 70
     0
102
RTVSPropertyOp53
 70
     1
102
RTVSPropertyOp54
 70
     1
102
RTVSPropertyOp55
 70
     1
102
RTVSPropertyOp56
 70
     1
102
RTVSPropertyOp57
 70
     1
102
RTVSPost2010Prop28
280
     0
102
RTVSPost2010PropOp28
 70
     1
102
RTVSPost2010Prop29
280
     1
102
RTVSPost2010PropOp29
 70
     1
102
RTVSPost2010Prop30
280
     1
102
RTVSPost2010PropOp30
 70
     1
102
RTVSPost2010Prop31
280
     0
102
RTVSPost2010PropOp31
 70
     1
102
RTVSPost2010Prop32
280
     0
102
RTVSPost2010PropOp32
 70
     1
102
RTVSPost2010Prop33
280
     0
102
RTVSPost2010PropOp33
 70
     1
102
RTVSPost2010Prop34
280
     0
102
RTVSPost2010PropOp34
 70
     1
102
RTVSPost2010Prop35
280
     0
102
RTVSPost2010PropOp35
 70
     1
102
RTVSPost2010Prop36
280
     0
102
RTVSPost2010PropOp36
 70
     1
102
RTVSPost2010Prop37
 90
       50
102
RTVSPost2010PropOp37
 70
     1
102
RTVSPost2010Prop38
140
0.0
102
RTVSPost2010PropOp38
 70
     1
102
RTVSPost2010Prop39
140
1.0
102
RTVSPost2010PropOp39
 70
     1
102
RTVSPost2010Prop40
 90
        0
102
RTVSPost2010PropOp40
 70
     1
102
RTVSPost2010Prop41ColorIndex
 90
       18
102
RTVSPost2010Prop41ColorRGB
 90
        0
102
RTVSPost2010PropOp41
 70
     1
102
RTVSPost2010Prop42
 90
       50
102
RTVSPost2010PropOp42
 70
     1
102
RTVSPost2010Prop43
 90
        3
102
RTVSPost2010PropOp43
 70
     1
102
RTVSPost2010Prop44ColorIndex
 90
        5
102
RTVSPost2010Prop44ColorRGB
 90
      255
102
RTVSPost2010PropOp44
 70
     1
102
RTVSPost2010Prop45
280
     0
102
RTVSPost2010PropOp45
 70
     1
102
RTVSPost2010Prop46
 90
       50
102
RTVSPost2010PropOp46
 70
     1
102
RTVSPost2010Prop47
 90
       50
102
RTVSPost2010PropOp47
 70
     1
102
RTVSPost2010Prop48
 90
       50
102
RTVSPost2010PropOp48
 70
     1
102
RTVSPost2010Prop49
280
     0
102
RTVSPost2010PropOp49
 70
     1
102
RTVSPost2010Prop50
 90
       50
102
RTVSPost2010PropOp50
 70
     1
102
RTVSPost2010Prop51ColorIndex
 90
      256
102
RTVSPost2010Prop51ColorRGB
 90
-16777216
102
RTVSPost2010PropOp51
 70
     0
102
RTVSPost2010Prop52
140
1.0
102
RTVSPost2010PropOp52
 70
     0
102
RTVSPost2010Prop53
 90
        0
102
RTVSPost2010PropOp53
 70
     1
102
RTVSPost2010Prop54
  1
strokes_ogs.tif
102
RTVSPost2010PropOp54
 70
     1
102
RTVSPost2010Prop55
280
     0
102
RTVSPost2010PropOp55
 70
     1
102
RTVSPost2010Prop56
140
1.0
102
RTVSPost2010PropOp56
 70
     1
102
RTVSPost2010Prop57
140
1.0
102
RTVSPost2010PropOp57
 70
     1
  0
XRECORD
  5
B85
102
{ACAD_REACTORS
330
A26
102
}
330
A26
100
AcDbXrecord
280
     1
102
RTVSPropertyOp0
 70
     1
102
RTVSPropertyOp1
 70
     1
102
RTVSPropertyOp2
 70
     1
102
RTVSPropertyOp3
 70
     1
102
RTVSPropertyOp4
 70
     1
102
RTVSPropertyOp5
 70
     1
102
RTVSPropertyOp6
 70
     1
102
RTVSPropertyOp7
 70
     1
102
RTVSPropertyOp8
 70
     1
102
RTVSPropertyOp9
 70
     1
102
RTVSPropertyOp10
 70
     1
102
RTVSPropertyOp11
 70
     1
102
RTVSPropertyOp12
 70
     1
102
RTVSPropertyOp13
 70
     1
102
RTVSPropertyOp14
 70
     1
102
RTVSPropertyOp15
 70
     1
102
RTVSPropertyOp16
 70
     1
102
RTVSPropertyOp17
 70
     1
102
RTVSPropertyOp18
 70
     1
102
RTVSPropertyOp19
 70
     1
102
RTVSPropertyOp20
 70
     1
102
RTVSPropertyOp21
 70
     1
102
RTVSPropertyOp22
 70
     1
102
RTVSPropertyOp23
 70
     1
102
RTVSPropertyOp24
 70
     1
102
RTVSPropertyOp25
 70
     1
102
RTVSPropertyOp26
 70
     1
102
RTVSPropertyOp27
 70
     1
102
RTVSPropertyOp28
 70
     1
102
RTVSPropertyOp29
 70
     1
102
RTVSPropertyOp30
 70
     1
102
RTVSPropertyOp31
 70
     1
102
RTVSPropertyOp32
 70
     1
102
RTVSPropertyOp33
 70
     1
102
RTVSPropertyOp34
 70
     1
102
RTVSPropertyOp35
 70
     1
102
RTVSPropertyOp36
 70
     1
102
RTVSPropertyOp37
 70
     1
102
RTVSPropertyOp38
 70
     1
102
RTVSPropertyOp39
 70
     1
102
RTVSPropertyOp40
 70
     1
102
RTVSPropertyOp41
 70
     1
102
RTVSPropertyOp42
 70
     1
102
RTVSPropertyOp43
 70
     1
102
RTVSPropertyOp44
 70
     1
102
RTVSPropertyOp45
 70
     1
102
RTVSPropertyOp46
 70
     1
102
RTVSPropertyOp47
 70
     1
102
RTVSPropertyOp48
 70
     1
102
RTVSPropertyOp49
 70
     1
102
RTVSPropertyOp50
 70
     1
102
RTVSPropertyOp51
 70
     0
102
RTVSPropertyOp52
 70
     0
102
RTVSPropertyOp53
 70
     1
102
RTVSPropertyOp54
 70
     1
102
RTVSPropertyOp55
 70
     1
102
RTVSPropertyOp56
 70
     1
102
RTVSPropertyOp57
 70
     1
102
RTVSPost2010Prop28
280
     0
102
RTVSPost2010PropOp28
 70
     1
102
RTVSPost2010Prop29
280
     1
102
RTVSPost2010PropOp29
 70
     1
102
RTVSPost2010Prop30
280
     1
102
RTVSPost2010PropOp30
 70
     1
102
RTVSPost2010Prop31
280
     0
102
RTVSPost2010PropOp31
 70
     1
102
RTVSPost2010Prop32
280
     0
102
RTVSPost2010PropOp32
 70
     1
102
RTVSPost2010Prop33
280
     0
102
RTVSPost2010PropOp33
 70
     1
102
RTVSPost2010Prop34
280
     0
102
RTVSPost2010PropOp34
 70
     1
102
RTVSPost2010Prop35
280
     0
102
RTVSPost2010PropOp35
 70
     1
102
RTVSPost2010Prop36
280
     0
102
RTVSPost2010PropOp36
 70
     1
102
RTVSPost2010Prop37
 90
       50
102
RTVSPost2010PropOp37
 70
     1
102
RTVSPost2010Prop38
140
0.0
102
RTVSPost2010PropOp38
 70
     1
102
RTVSPost2010Prop39
140
1.0
102
RTVSPost2010PropOp39
 70
     1
102
RTVSPost2010Prop40
 90
        0
102
RTVSPost2010PropOp40
 70
     1
102
RTVSPost2010Prop41ColorIndex
 90
       18
102
RTVSPost2010Prop41ColorRGB
 90
        0
102
RTVSPost2010PropOp41
 70
     1
102
RTVSPost2010Prop42
 90
       50
102
RTVSPost2010PropOp42
 70
     1
102
RTVSPost2010Prop43
 90
        3
102
RTVSPost2010PropOp43
 70
     1
102
RTVSPost2010Prop44ColorIndex
 90
        5
102
RTVSPost2010Prop44ColorRGB
 90
      255
102
RTVSPost2010PropOp44
 70
     1
102
RTVSPost2010Prop45
280
     0
102
RTVSPost2010PropOp45
 70
     1
102
RTVSPost2010Prop46
 90
       50
102
RTVSPost2010PropOp46
 70
     1
102
RTVSPost2010Prop47
 90
       50
102
RTVSPost2010PropOp47
 70
     1
102
RTVSPost2010Prop48
 90
       50
102
RTVSPost2010PropOp48
 70
     1
102
RTVSPost2010Prop49
280
     0
102
RTVSPost2010PropOp49
 70
     1
102
RTVSPost2010Prop50
 90
       50
102
RTVSPost2010PropOp50
 70
     1
102
RTVSPost2010Prop51ColorIndex
 90
      256
102
RTVSPost2010Prop51ColorRGB
 90
-16777216
102
RTVSPost2010PropOp51
 70
     0
102
RTVSPost2010Prop52
140
1.0
102
RTVSPost2010PropOp52
 70
     0
102
RTVSPost2010Prop53
 90
        0
102
RTVSPost2010PropOp53
 70
     1
102
RTVSPost2010Prop54
  1
strokes_ogs.tif
102
RTVSPost2010PropOp54
 70
     1
102
RTVSPost2010Prop55
280
     0
102
RTVSPost2010PropOp55
 70
     1
102
RTVSPost2010Prop56
140
1.0
102
RTVSPost2010PropOp56
 70
     1
102
RTVSPost2010Prop57
140
1.0
102
RTVSPost2010PropOp57
 70
     1
  0
XRECORD
  5
B86
102
{ACAD_REACTORS
330
A28
102
}
330
A28
100
AcDbXrecord
280
     1
102
RTVSPropertyOp0
 70
     1
102
RTVSPropertyOp1
 70
     1
102
RTVSPropertyOp2
 70
     1
102
RTVSPropertyOp3
 70
     1
102
RTVSPropertyOp4
 70
     1
102
RTVSPropertyOp5
 70
     1
102
RTVSPropertyOp6
 70
     1
102
RTVSPropertyOp7
 70
     1
102
RTVSPropertyOp8
 70
     1
102
RTVSPropertyOp9
 70
     1
102
RTVSPropertyOp10
 70
     1
102
RTVSPropertyOp11
 70
     1
102
RTVSPropertyOp12
 70
     1
102
RTVSPropertyOp13
 70
     1
102
RTVSPropertyOp14
 70
     1
102
RTVSPropertyOp15
 70
     1
102
RTVSPropertyOp16
 70
     1
102
RTVSPropertyOp17
 70
     1
102
RTVSPropertyOp18
 70
     1
102
RTVSPropertyOp19
 70
     1
102
RTVSPropertyOp20
 70
     1
102
RTVSPropertyOp21
 70
     1
102
RTVSPropertyOp22
 70
     1
102
RTVSPropertyOp23
 70
     1
102
RTVSPropertyOp24
 70
     1
102
RTVSPropertyOp25
 70
     1
102
RTVSPropertyOp26
 70
     1
102
RTVSPropertyOp27
 70
     1
102
RTVSPropertyOp28
 70
     1
102
RTVSPropertyOp29
 70
     1
102
RTVSPropertyOp30
 70
     1
102
RTVSPropertyOp31
 70
     1
102
RTVSPropertyOp32
 70
     1
102
RTVSPropertyOp33
 70
     1
102
RTVSPropertyOp34
 70
     1
102
RTVSPropertyOp35
 70
     1
102
RTVSPropertyOp36
 70
     1
102
RTVSPropertyOp37
 70
     1
102
RTVSPropertyOp38
 70
     1
102
RTVSPropertyOp39
 70
     1
102
RTVSPropertyOp40
 70
     1
102
RTVSPropertyOp41
 70
     1
102
RTVSPropertyOp42
 70
     1
102
RTVSPropertyOp43
 70
     1
102
RTVSPropertyOp44
 70
     1
102
RTVSPropertyOp45
 70
     1
102
RTVSPropertyOp46
 70
     1
102
RTVSPropertyOp47
 70
     1
102
RTVSPropertyOp48
 70
     1
102
RTVSPropertyOp49
 70
     1
102
RTVSPropertyOp50
 70
     1
102
RTVSPropertyOp51
 70
     0
102
RTVSPropertyOp52
 70
     0
102
RTVSPropertyOp53
 70
     1
102
RTVSPropertyOp54
 70
     1
102
RTVSPropertyOp55
 70
     1
102
RTVSPropertyOp56
 70
     1
102
RTVSPropertyOp57
 70
     1
102
RTVSPost2010Prop28
280
     0
102
RTVSPost2010PropOp28
 70
     1
102
RTVSPost2010Prop29
280
     1
102
RTVSPost2010PropOp29
 70
     1
102
RTVSPost2010Prop30
280
     1
102
RTVSPost2010PropOp30
 70
     1
102
RTVSPost2010Prop31
280
     0
102
RTVSPost2010PropOp31
 70
     1
102
RTVSPost2010Prop32
280
     0
102
RTVSPost2010PropOp32
 70
     1
102
RTVSPost2010Prop33
280
     0
102
RTVSPost2010PropOp33
 70
     1
102
RTVSPost2010Prop34
280
     0
102
RTVSPost2010PropOp34
 70
     1
102
RTVSPost2010Prop35
280
     0
102
RTVSPost2010PropOp35
 70
     1
102
RTVSPost2010Prop36
280
     0
102
RTVSPost2010PropOp36
 70
     1
102
RTVSPost2010Prop37
 90
       50
102
RTVSPost2010PropOp37
 70
     1
102
RTVSPost2010Prop38
140
0.0
102
RTVSPost2010PropOp38
 70
     1
102
RTVSPost2010Prop39
140
1.0
102
RTVSPost2010PropOp39
 70
     1
102
RTVSPost2010Prop40
 90
        0
102
RTVSPost2010PropOp40
 70
     1
102
RTVSPost2010Prop41ColorIndex
 90
       18
102
RTVSPost2010Prop41ColorRGB
 90
        0
102
RTVSPost2010PropOp41
 70
     1
102
RTVSPost2010Prop42
 90
       50
102
RTVSPost2010PropOp42
 70
     1
102
RTVSPost2010Prop43
 90
        3
102
RTVSPost2010PropOp43
 70
     1
102
RTVSPost2010Prop44ColorIndex
 90
        5
102
RTVSPost2010Prop44ColorRGB
 90
      255
102
RTVSPost2010PropOp44
 70
     1
102
RTVSPost2010Prop45
280
     0
102
RTVSPost2010PropOp45
 70
     1
102
RTVSPost2010Prop46
 90
       50
102
RTVSPost2010PropOp46
 70
     1
102
RTVSPost2010Prop47
 90
       50
102
RTVSPost2010PropOp47
 70
     1
102
RTVSPost2010Prop48
 90
       50
102
RTVSPost2010PropOp48
 70
     1
102
RTVSPost2010Prop49
280
     0
102
RTVSPost2010PropOp49
 70
     1
102
RTVSPost2010Prop50
 90
       50
102
RTVSPost2010PropOp50
 70
     1
102
RTVSPost2010Prop51ColorIndex
 90
      256
102
RTVSPost2010Prop51ColorRGB
 90
-16777216
102
RTVSPost2010PropOp51
 70
     0
102
RTVSPost2010Prop52
140
1.0
102
RTVSPost2010PropOp52
 70
     0
102
RTVSPost2010Prop53
 90
        0
102
RTVSPost2010PropOp53
 70
     1
102
RTVSPost2010Prop54
  1
strokes_ogs.tif
102
RTVSPost2010PropOp54
 70
     1
102
RTVSPost2010Prop55
280
     0
102
RTVSPost2010PropOp55
 70
     1
102
RTVSPost2010Prop56
140
1.0
102
RTVSPost2010PropOp56
 70
     1
102
RTVSPost2010Prop57
140
1.0
102
RTVSPost2010PropOp57
 70
     1
  0
XRECORD
  5
B87
102
{ACAD_REACTORS
330
A2A
102
}
330
A2A
100
AcDbXrecord
280
     1
102
RTVSPropertyOp0
 70
     1
102
RTVSPropertyOp1
 70
     1
102
RTVSPropertyOp2
 70
     1
102
RTVSPropertyOp3
 70
     1
102
RTVSPropertyOp4
 70
     1
102
RTVSPropertyOp5
 70
     1
102
RTVSPropertyOp6
 70
     1
102
RTVSPropertyOp7
 70
     1
102
RTVSPropertyOp8
 70
     1
102
RTVSPropertyOp9
 70
     1
102
RTVSPropertyOp10
 70
     1
102
RTVSPropertyOp11
 70
     1
102
RTVSPropertyOp12
 70
     1
102
RTVSPropertyOp13
 70
     1
102
RTVSPropertyOp14
 70
     1
102
RTVSPropertyOp15
 70
     1
102
RTVSPropertyOp16
 70
     1
102
RTVSPropertyOp17
 70
     1
102
RTVSPropertyOp18
 70
     1
102
RTVSPropertyOp19
 70
     1
102
RTVSPropertyOp20
 70
     1
102
RTVSPropertyOp21
 70
     1
102
RTVSPropertyOp22
 70
     1
102
RTVSPropertyOp23
 70
     1
102
RTVSPropertyOp24
 70
     1
102
RTVSPropertyOp25
 70
     1
102
RTVSPropertyOp26
 70
     1
102
RTVSPropertyOp27
 70
     1
102
RTVSPropertyOp28
 70
     1
102
RTVSPropertyOp29
 70
     1
102
RTVSPropertyOp30
 70
     1
102
RTVSPropertyOp31
 70
     1
102
RTVSPropertyOp32
 70
     1
102
RTVSPropertyOp33
 70
     1
102
RTVSPropertyOp34
 70
     1
102
RTVSPropertyOp35
 70
     1
102
RTVSPropertyOp36
 70
     1
102
RTVSPropertyOp37
 70
     1
102
RTVSPropertyOp38
 70
     1
102
RTVSPropertyOp39
 70
     1
102
RTVSPropertyOp40
 70
     1
102
RTVSPropertyOp41
 70
     1
102
RTVSPropertyOp42
 70
     1
102
RTVSPropertyOp43
 70
     1
102
RTVSPropertyOp44
 70
     1
102
RTVSPropertyOp45
 70
     1
102
RTVSPropertyOp46
 70
     1
102
RTVSPropertyOp47
 70
     1
102
RTVSPropertyOp48
 70
     1
102
RTVSPropertyOp49
 70
     1
102
RTVSPropertyOp50
 70
     1
102
RTVSPropertyOp51
 70
     0
102
RTVSPropertyOp52
 70
     0
102
RTVSPropertyOp53
 70
     1
102
RTVSPropertyOp54
 70
     1
102
RTVSPropertyOp55
 70
     1
102
RTVSPropertyOp56
 70
     1
102
RTVSPropertyOp57
 70
     1
102
RTVSPost2010Prop28
280
     0
102
RTVSPost2010PropOp28
 70
     1
102
RTVSPost2010Prop29
280
     1
102
RTVSPost2010PropOp29
 70
     1
102
RTVSPost2010Prop30
280
     1
102
RTVSPost2010PropOp30
 70
     1
102
RTVSPost2010Prop31
280
     0
102
RTVSPost2010PropOp31
 70
     1
102
RTVSPost2010Prop32
280
     0
102
RTVSPost2010PropOp32
 70
     1
102
RTVSPost2010Prop33
280
     0
102
RTVSPost2010PropOp33
 70
     1
102
RTVSPost2010Prop34
280
     0
102
RTVSPost2010PropOp34
 70
     1
102
RTVSPost2010Prop35
280
     0
102
RTVSPost2010PropOp35
 70
     1
102
RTVSPost2010Prop36
280
     0
102
RTVSPost2010PropOp36
 70
     1
102
RTVSPost2010Prop37
 90
       50
102
RTVSPost2010PropOp37
 70
     1
102
RTVSPost2010Prop38
140
0.0
102
RTVSPost2010PropOp38
 70
     1
102
RTVSPost2010Prop39
140
1.0
102
RTVSPost2010PropOp39
 70
     1
102
RTVSPost2010Prop40
 90
        0
102
RTVSPost2010PropOp40
 70
     1
102
RTVSPost2010Prop41ColorIndex
 90
       18
102
RTVSPost2010Prop41ColorRGB
 90
        0
102
RTVSPost2010PropOp41
 70
     1
102
RTVSPost2010Prop42
 90
       50
102
RTVSPost2010PropOp42
 70
     1
102
RTVSPost2010Prop43
 90
        3
102
RTVSPost2010PropOp43
 70
     1
102
RTVSPost2010Prop44ColorIndex
 90
        5
102
RTVSPost2010Prop44ColorRGB
 90
      255
102
RTVSPost2010PropOp44
 70
     1
102
RTVSPost2010Prop45
280
     0
102
RTVSPost2010PropOp45
 70
     1
102
RTVSPost2010Prop46
 90
       50
102
RTVSPost2010PropOp46
 70
     1
102
RTVSPost2010Prop47
 90
       50
102
RTVSPost2010PropOp47
 70
     1
102
RTVSPost2010Prop48
 90
       50
102
RTVSPost2010PropOp48
 70
     1
102
RTVSPost2010Prop49
280
     0
102
RTVSPost2010PropOp49
 70
     1
102
RTVSPost2010Prop50
 90
       50
102
RTVSPost2010PropOp50
 70
     1
102
RTVSPost2010Prop51ColorIndex
 90
      256
102
RTVSPost2010Prop51ColorRGB
 90
-16777216
102
RTVSPost2010PropOp51
 70
     0
102
RTVSPost2010Prop52
140
1.0
102
RTVSPost2010PropOp52
 70
     0
102
RTVSPost2010Prop53
 90
        0
102
RTVSPost2010PropOp53
 70
     1
102
RTVSPost2010Prop54
  1
strokes_ogs.tif
102
RTVSPost2010PropOp54
 70
     1
102
RTVSPost2010Prop55
280
     0
102
RTVSPost2010PropOp55
 70
     1
102
RTVSPost2010Prop56
140
1.0
102
RTVSPost2010PropOp56
 70
     1
102
RTVSPost2010Prop57
140
1.0
102
RTVSPost2010PropOp57
 70
     1
  0
XRECORD
  5
B88
102
{ACAD_REACTORS
330
A2C
102
}
330
A2C
100
AcDbXrecord
280
     1
102
RTVSPropertyOp0
 70
     1
102
RTVSPropertyOp1
 70
     1
102
RTVSPropertyOp2
 70
     1
102
RTVSPropertyOp3
 70
     1
102
RTVSPropertyOp4
 70
     1
102
RTVSPropertyOp5
 70
     1
102
RTVSPropertyOp6
 70
     1
102
RTVSPropertyOp7
 70
     1
102
RTVSPropertyOp8
 70
     1
102
RTVSPropertyOp9
 70
     1
102
RTVSPropertyOp10
 70
     1
102
RTVSPropertyOp11
 70
     1
102
RTVSPropertyOp12
 70
     1
102
RTVSPropertyOp13
 70
     1
102
RTVSPropertyOp14
 70
     1
102
RTVSPropertyOp15
 70
     1
102
RTVSPropertyOp16
 70
     1
102
RTVSPropertyOp17
 70
     1
102
RTVSPropertyOp18
 70
     1
102
RTVSPropertyOp19
 70
     1
102
RTVSPropertyOp20
 70
     1
102
RTVSPropertyOp21
 70
     1
102
RTVSPropertyOp22
 70
     1
102
RTVSPropertyOp23
 70
     1
102
RTVSPropertyOp24
 70
     1
102
RTVSPropertyOp25
 70
     1
102
RTVSPropertyOp26
 70
     1
102
RTVSPropertyOp27
 70
     1
102
RTVSPropertyOp28
 70
     1
102
RTVSPropertyOp29
 70
     1
102
RTVSPropertyOp30
 70
     1
102
RTVSPropertyOp31
 70
     1
102
RTVSPropertyOp32
 70
     1
102
RTVSPropertyOp33
 70
     1
102
RTVSPropertyOp34
 70
     1
102
RTVSPropertyOp35
 70
     1
102
RTVSPropertyOp36
 70
     1
102
RTVSPropertyOp37
 70
     1
102
RTVSPropertyOp38
 70
     1
102
RTVSPropertyOp39
 70
     1
102
RTVSPropertyOp40
 70
     1
102
RTVSPropertyOp41
 70
     1
102
RTVSPropertyOp42
 70
     1
102
RTVSPropertyOp43
 70
     1
102
RTVSPropertyOp44
 70
     1
102
RTVSPropertyOp45
 70
     1
102
RTVSPropertyOp46
 70
     1
102
RTVSPropertyOp47
 70
     1
102
RTVSPropertyOp48
 70
     1
102
RTVSPropertyOp49
 70
     1
102
RTVSPropertyOp50
 70
     1
102
RTVSPropertyOp51
 70
     0
102
RTVSPropertyOp52
 70
     0
102
RTVSPropertyOp53
 70
     1
102
RTVSPropertyOp54
 70
     1
102
RTVSPropertyOp55
 70
     1
102
RTVSPropertyOp56
 70
     1
102
RTVSPropertyOp57
 70
     1
102
RTVSPost2010Prop28
280
     0
102
RTVSPost2010PropOp28
 70
     1
102
RTVSPost2010Prop29
280
     1
102
RTVSPost2010PropOp29
 70
     1
102
RTVSPost2010Prop30
280
     1
102
RTVSPost2010PropOp30
 70
     1
102
RTVSPost2010Prop31
280
     0
102
RTVSPost2010PropOp31
 70
     1
102
RTVSPost2010Prop32
280
     0
102
RTVSPost2010PropOp32
 70
     1
102
RTVSPost2010Prop33
280
     0
102
RTVSPost2010PropOp33
 70
     1
102
RTVSPost2010Prop34
280
     0
102
RTVSPost2010PropOp34
 70
     1
102
RTVSPost2010Prop35
280
     0
102
RTVSPost2010PropOp35
 70
     1
102
RTVSPost2010Prop36
280
     0
102
RTVSPost2010PropOp36
 70
     1
102
RTVSPost2010Prop37
 90
       50
102
RTVSPost2010PropOp37
 70
     1
102
RTVSPost2010Prop38
140
0.0
102
RTVSPost2010PropOp38
 70
     1
102
RTVSPost2010Prop39
140
1.0
102
RTVSPost2010PropOp39
 70
     1
102
RTVSPost2010Prop40
 90
        0
102
RTVSPost2010PropOp40
 70
     1
102
RTVSPost2010Prop41ColorIndex
 90
       18
102
RTVSPost2010Prop41ColorRGB
 90
        0
102
RTVSPost2010PropOp41
 70
     1
102
RTVSPost2010Prop42
 90
       50
102
RTVSPost2010PropOp42
 70
     1
102
RTVSPost2010Prop43
 90
        3
102
RTVSPost2010PropOp43
 70
     1
102
RTVSPost2010Prop44ColorIndex
 90
        5
102
RTVSPost2010Prop44ColorRGB
 90
      255
102
RTVSPost2010PropOp44
 70
     1
102
RTVSPost2010Prop45
280
     0
102
RTVSPost2010PropOp45
 70
     1
102
RTVSPost2010Prop46
 90
       50
102
RTVSPost2010PropOp46
 70
     1
102
RTVSPost2010Prop47
 90
       50
102
RTVSPost2010PropOp47
 70
     1
102
RTVSPost2010Prop48
 90
       50
102
RTVSPost2010PropOp48
 70
     1
102
RTVSPost2010Prop49
280
     0
102
RTVSPost2010PropOp49
 70
     1
102
RTVSPost2010Prop50
 90
       50
102
RTVSPost2010PropOp50
 70
     1
102
RTVSPost2010Prop51ColorIndex
 90
      256
102
RTVSPost2010Prop51ColorRGB
 90
-16777216
102
RTVSPost2010PropOp51
 70
     0
102
RTVSPost2010Prop52
140
1.0
102
RTVSPost2010PropOp52
 70
     0
102
RTVSPost2010Prop53
 90
        0
102
RTVSPost2010PropOp53
 70
     1
102
RTVSPost2010Prop54
  1
strokes_ogs.tif
102
RTVSPost2010PropOp54
 70
     1
102
RTVSPost2010Prop55
280
     0
102
RTVSPost2010PropOp55
 70
     1
102
RTVSPost2010Prop56
140
1.0
102
RTVSPost2010PropOp56
 70
     1
102
RTVSPost2010Prop57
140
1.0
102
RTVSPost2010PropOp57
 70
     1
  0
ENDSEC
  0
EOF
