  0
SECTION
  2
HEADER
  9
$ACADVER
  1
AC1015
  9
$ACADMAINTVER
 70
    20
  9
$DWGCODEPAGE
  3
ANSI_936
  9
$INSBASE
 10
0.0
 20
0.0
 30
0.0
  9
$EXTMIN
 10
2940.729551858914
 20
9758.932092100645
 30
0.0
  9
$EXTMAX
 10
4340.649317871133
 20
10725.54084368671
 30
0.0
  9
$LIMMIN
 10
0.0
 20
0.0
  9
$LIMMAX
 10
12.0
 20
9.0
  9
$ORTHOMODE
 70
     0
  9
$REGENMODE
 70
     1
  9
$FILLMODE
 70
     1
  9
$QTEXTMODE
 70
     0
  9
$MIRRTEXT
 70
     1
  9
$LTSCALE
 40
1.0
  9
$ATTMODE
 70
     1
  9
$TEXTSIZE
 40
3.5
  9
$TRACEWID
 40
0.05
  9
$TEXTSTYLE
  7
style1
  9
$CLAYER
  8
0
  9
$CELTYPE
  6
BYLAYER
  9
$CECOLOR
 62
   256
  9
$CELTSCALE
 40
1.0
  9
$DISPSILH
 70
     0
  9
$DIMSCALE
 40
1.0
  9
$DIMASZ
 40
3.5
  9
$DIMEXO
 40
0.0625
  9
$DIMDLI
 40
0.38
  9
$DIMRND
 40
0.0
  9
$DIMDLE
 40
0.0
  9
$DIMEXE
 40
0.18
  9
$DIMTP
 40
0.01
  9
$DIMTM
 40
0.01
  9
$DIMTXT
 40
3.5
  9
$DIMCEN
 40
0.09
  9
$DIMTSZ
 40
0.0
  9
$DIMTOL
 70
     1
  9
$DIMLIM
 70
     0
  9
$DIMTIH
 70
     0
  9
$DIMTOH
 70
     0
  9
$DIMSE1
 70
     0
  9
$DIMSE2
 70
     0
  9
$DIMTAD
 70
     1
  9
$DIMZIN
 70
     8
  9
$DIMBLK
  1

  9
$DIMASO
 70
     1
  9
$DIMSHO
 70
     1
  9
$DIMPOST
  1

  9
$DIMAPOST
  1

  9
$DIMALT
 70
     0
  9
$DIMALTD
 70
     2
  9
$DIMALTF
 40
25.4
  9
$DIMLFAC
 40
1.0
  9
$DIMTOFL
 70
     0
  9
$DIMTVP
 40
0.0
  9
$DIMTIX
 70
     0
  9
$DIMSOXD
 70
     0
  9
$DIMSAH
 70
     0
  9
$DIMBLK1
  1

  9
$DIMBLK2
  1

  9
$DIMSTYLE
  2
STANDARD
  9
$DIMCLRD
 70
     0
  9
$DIMCLRE
 70
     0
  9
$DIMCLRT
 70
     0
  9
$DIMTFAC
 40
1.0
  9
$DIMGAP
 40
0.09
  9
$DIMJUST
 70
     0
  9
$DIMSD1
 70
     0
  9
$DIMSD2
 70
     0
  9
$DIMTOLJ
 70
     1
  9
$DIMTZIN
 70
     8
  9
$DIMALTZ
 70
     0
  9
$DIMALTTZ
 70
     0
  9
$DIMUPT
 70
     0
  9
$DIMDEC
 70
     2
  9
$DIMTDEC
 70
     2
  9
$DIMALTU
 70
     2
  9
$DIMALTTD
 70
     2
  9
$DIMTXSTY
  7
STANDARD
  9
$DIMAUNIT
 70
     0
  9
$DIMADEC
 70
     0
  9
$DIMALTRND
 40
0.0
  9
$DIMAZIN
 70
     0
  9
$DIMDSEP
 70
    46
  9
$DIMATFIT
 70
     3
  9
$DIMFRAC
 70
     0
  9
$DIMLDRBLK
  1

  9
$DIMLUNIT
 70
     2
  9
$DIMLWD
 70
    -2
  9
$DIMLWE
 70
    -2
  9
$DIMTMOVE
 70
     0
  9
$LUNITS
 70
     2
  9
$LUPREC
 70
     4
  9
$SKETCHINC
 40
0.1
  9
$FILLETRAD
 40
0.0
  9
$AUNITS
 70
     0
  9
$AUPREC
 70
     0
  9
$MENU
  1
.
  9
$ELEVATION
 40
0.0
  9
$PELEVATION
 40
0.0
  9
$THICKNESS
 40
0.0
  9
$LIMCHECK
 70
     0
  9
$CHAMFERA
 40
30.0
  9
$CHAMFERB
 40
30.0
  9
$CHAMFERC
 40
1.0
  9
$CHAMFERD
 40
0.0
  9
$SKPOLY
 70
     1
  9
$TDCREATE
 40
2457822.714884259
  9
$TDUCREATE
 40
2457822.381550926
  9
$TDUPDATE
 40
2461244.416652199
  9
$TDUUPDATE
 40
2461244.083318866
  9
$TDINDWG
 40
3.413072894
  9
$TDUSRTIMER
 40
3.413072894
  9
$USRTIMER
 70
     1
  9
$ANGBASE
 50
0.0
  9
$ANGDIR
 70
     0
  9
$PDMODE
 70
     0
  9
$PDSIZE
 40
0.0
  9
$PLINEWID
 40
0.0
  9
$SPLFRAME
 70
     0
  9
$SPLINETYPE
 70
     6
  9
$SPLINESEGS
 70
 20000
  9
$HANDSEED
  5
23A36
  9
$SURFTAB1
 70
     6
  9
$SURFTAB2
 70
     6
  9
$SURFTYPE
 70
     6
  9
$SURFU
 70
     6
  9
$SURFV
 70
     6
  9
$UCSBASE
  2

  9
$UCSNAME
  2

  9
$UCSORG
 10
0.0
 20
0.0
 30
0.0
  9
$UCSXDIR
 10
1.0
 20
0.0
 30
0.0
  9
$UCSYDIR
 10
0.0
 20
1.0
 30
0.0
  9
$UCSORTHOREF
  2

  9
$UCSORTHOVIEW
 70
     0
  9
$UCSORGTOP
 10
0.0
 20
0.0
 30
0.0
  9
$UCSORGBOTTOM
 10
0.0
 20
0.0
 30
0.0
  9
$UCSORGLEFT
 10
0.0
 20
0.0
 30
0.0
  9
$UCSORGRIGHT
 10
0.0
 20
0.0
 30
0.0
  9
$UCSORGFRONT
 10
0.0
 20
0.0
 30
0.0
  9
$UCSORGBACK
 10
0.0
 20
0.0
 30
0.0
  9
$PUCSBASE
  2

  9
$PUCSNAME
  2

  9
$PUCSORG
 10
0.0
 20
0.0
 30
0.0
  9
$PUCSXDIR
 10
1.0
 20
0.0
 30
0.0
  9
$PUCSYDIR
 10
0.0
 20
1.0
 30
0.0
  9
$PUCSORTHOREF
  2

  9
$PUCSORTHOVIEW
 70
     0
  9
$PUCSORGTOP
 10
0.0
 20
0.0
 30
0.0
  9
$PUCSORGBOTTOM
 10
0.0
 20
0.0
 30
0.0
  9
$PUCSORGLEFT
 10
0.0
 20
0.0
 30
0.0
  9
$PUCSORGRIGHT
 10
0.0
 20
0.0
 30
0.0
  9
$PUCSORGFRONT
 10
0.0
 20
0.0
 30
0.0
  9
$PUCSORGBACK
 10
0.0
 20
0.0
 30
0.0
  9
$USERI1
 70
     0
  9
$USERI2
 70
     0
  9
$USERI3
 70
     0
  9
$USERI4
 70
     0
  9
$USERI5
 70
     0
  9
$USERR1
 40
0.0
  9
$USERR2
 40
0.0
  9
$USERR3
 40
0.0
  9
$USERR4
 40
0.0
  9
$USERR5
 40
2.5
  9
$WORLDVIEW
 70
     1
  9
$SHADEDGE
 70
     3
  9
$SHADEDIF
 70
    70
  9
$TILEMODE
 70
     1
  9
$MAXACTVP
 70
    48
  9
$PINSBASE
 10
0.0
 20
0.0
 30
0.0
  9
$PLIMCHECK
 70
     0
  9
$PEXTMIN
 10
-0.0186767298945654
 20
0.0313110561474588
 30
-0.0015258207003583
  9
$PEXTMAX
 10
11.19470217543969
 20
7.728607197209036
 30
0.0000000349246037
  9
$PLIMMIN
 10
0.1967036897754383
 20
-0.1640104104512572
  9
$PLIMMAX
 10
11.88834655659673
 20
8.102639498606359
  9
$UNITMODE
 70
     0
  9
$VISRETAIN
 70
     1
  9
$PLINEGEN
 70
     0
  9
$PSLTSCALE
 70
     1
  9
$TREEDEPTH
 70
  3020
  9
$CMLSTYLE
  2
STANDARD
  9
$CMLJUST
 70
     0
  9
$CMLSCALE
 40
1.0
  9
$PROXYGRAPHICS
 70
     1
  9
$MEASUREMENT
 70
     1
  9
$CELWEIGHT
370
    -1
  9
$ENDCAPS
280
     0
  9
$JOINSTYLE
280
     0
  9
$LWDISPLAY
290
     0
  9
$INSUNITS
 70
     0
  9
$HYPERLINKBASE
  1

  9
$STYLESHEET
  1
monochrome.ctb
  9
$XEDIT
290
     1
  9
$CEPSNTYPE
380
     0
  9
$PSTYLEMODE
290
     1
  9
$FINGERPRINTGUID
  2
{987C28FC-FBCB-45A0-BA8C-A60E29CD1555}
  9
$VERSIONGUID
  2
{7A87443A-6B89-A348-8D98-1C32BA964450}
  9
$EXTNAMES
290
     1
  9
$PSVPSCALE
 40
0.0
  9
$OLESTARTUP
290
     0
  0
ENDSEC
  0
SECTION
  2
CLASSES
  0
CLASS
  1
ACDBDICTIONARYWDFLT
  2
AcDbDictionaryWithDefault
  3
ObjectDBX Classes
 90
        0
280
     0
281
     0
  0
CLASS
  1
ACDBPLACEHOLDER
  2
AcDbPlaceHolder
  3
ObjectDBX Classes
 90
    32768
280
     0
281
     0
  0
CLASS
  1
LAYOUT
  2
AcDbLayout
  3
ObjectDBX Classes
 90
    32768
280
     0
281
     0
  0
CLASS
  1
DICTIONARYVAR
  2
AcDbDictionaryVar
  3
ObjectDBX Classes
 90
        0
280
     0
281
     0
  0
CLASS
  1
LONG_TRANSACTION
  2
AcDbLongTransaction
  3
ObjectDBX Classes
 90
    32768
280
     0
281
     0
  0
CLASS
  1
LWPOLYLINE
  2
AcDbPolyline
  3
ObjectDBX Classes
 90
    32768
280
     0
281
     1
  0
CLASS
  1
HATCH
  2
AcDbHatch
  3
ObjectDBX Classes
 90
    32768
280
     0
281
     1
  0
CLASS
  1
XRECORD
  2
AcDbXrecord
  3
ObjectDBX Classes
 90
    32768
280
     0
281
     0
  0
CLASS
  1
LONG_TRANSACTION
  2
AcDbLongTransaction
  3
ObjectDBX Classes
 90
    32768
280
     0
281
     0
  0
CLASS
  1
LWPOLYLINE
  2
AcDbPolyline
  3
ObjectDBX Classes
 90
    32768
280
     0
281
     1
  0
CLASS
  1
HATCH
  2
AcDbHatch
  3
ObjectDBX Classes
 90
    32768
280
     0
281
     1
  0
CLASS
  1
XRECORD
  2
AcDbXrecord
  3
ObjectDBX Classes
 90
    32768
280
     0
281
     0
  0
CLASS
  1
LONG_TRANSACTION
  2
AcDbLongTransaction
  3
ObjectDBX Classes
 90
    32768
280
     0
281
     0
  0
CLASS
  1
LWPOLYLINE
  2
AcDbPolyline
  3
ObjectDBX Classes
 90
    32768
280
     0
281
     1
  0
CLASS
  1
HATCH
  2
AcDbHatch
  3
ObjectDBX Classes
 90
    32768
280
     0
281
     1
  0
CLASS
  1
XRECORD
  2
AcDbXrecord
  3
ObjectDBX Classes
 90
    32768
280
     0
281
     0
  0
CLASS
  1
DIMASSOC
  2
AcDbDimAssoc
  3
"AcDbDimAssoc|Product Desc:     AcDim ARX App For Dimension|Company:          Autodesk, Inc.|WEB Address:      www.autodesk.com"
 90
        0
280
     0
281
     0
  0
CLASS
  1
LONG_TRANSACTION
  2
AcDbLongTransaction
  3
ObjectDBX Classes
 90
    32768
280
     0
281
     0
  0
CLASS
  1
LWPOLYLINE
  2
AcDbPolyline
  3
ObjectDBX Classes
 90
    32768
280
     0
281
     1
  0
CLASS
  1
HATCH
  2
AcDbHatch
  3
ObjectDBX Classes
 90
    32768
280
     0
281
     1
  0
CLASS
  1
XRECORD
  2
AcDbXrecord
  3
ObjectDBX Classes
 90
    32768
280
     0
281
     0
  0
CLASS
  1
LONG_TRANSACTION
  2
AcDbLongTransaction
  3
ObjectDBX Classes
 90
    32768
280
     0
281
     0
  0
CLASS
  1
LWPOLYLINE
  2
AcDbPolyline
  3
ObjectDBX Classes
 90
    32768
280
     0
281
     1
  0
CLASS
  1
HATCH
  2
AcDbHatch
  3
ObjectDBX Classes
 90
    32768
280
     0
281
     1
  0
CLASS
  1
XRECORD
  2
AcDbXrecord
  3
ObjectDBX Classes
 90
    32768
280
     0
281
     0
  0
CLASS
  1
TABLESTYLE
  2
AcDbTableStyle
  3
ObjectDBX Classes
 90
     4095
280
     0
281
     0
  0
CLASS
  1
MATERIAL
  2
AcDbMaterial
  3
ObjectDBX Classes
 90
     1153
280
     0
281
     0
  0
CLASS
  1
VISUALSTYLE
  2
AcDbVisualStyle
  3
ObjectDBX Classes
 90
     4095
280
     0
281
     0
  0
CLASS
  1
SCALE
  2
AcDbScale
  3
ObjectDBX Classes
 90
     1153
280
     0
281
     0
  0
CLASS
  1
MLEADERSTYLE
  2
AcDbMLeaderStyle
  3
ACDB_MLEADERSTYLE_CLASS
 90
     4095
280
     0
281
     0
  0
CLASS
  1
CELLSTYLEMAP
  2
AcDbCellStyleMap
  3
ObjectDBX Classes
 90
     1152
280
     0
281
     0
  0
CLASS
  1
SORTENTSTABLE
  2
AcDbSortentsTable
  3
ObjectDBX Classes
 90
        0
280
     0
281
     0
  0
CLASS
  1
EXACXREFPANELOBJECT
  2
ExAcXREFPanelObject
  3
EXAC_ESW
 90
    33793
280
     0
281
     0
  0
CLASS
  1
NPOCOLLECTION
  2
AcDbImpNonPersistentObjectsCollection
  3
ObjectDBX Classes
 90
    33921
280
     0
281
     0
  0
CLASS
  1
VLO-VL
  2
vlo_VL
  3
VL|AutoLISP based application
 90
      129
280
     0
281
     0
  0
CLASS
  1
AEC_REFEDIT_STATUS_TRACKER
  2
AecDbRefEditStatusTracker
  3
AecArchBase70|Product Desc: Autodesk Architectural Desktop 2007 |Company: Autodesk,Inc. |WEB Address: www.autodesk.com
 90
    32897
280
     0
281
     0
  0
CLASS
  1
IMAGEDEF
  2
AcDbRasterImageDef
  3
ISM
 90
    32768
280
     0
281
     0
  0
CLASS
  1
RASTERVARIABLES
  2
AcDbRasterVariables
  3
ISM
 90
        0
280
     0
281
     0
  0
CLASS
  1
ACDBSECTIONVIEWSTYLE
  2
AcDbSectionViewStyle
  3
ObjectDBX Classes
 90
     1025
280
     0
281
     0
  0
CLASS
  1
ACDBDETAILVIEWSTYLE
  2
AcDbDetailViewStyle
  3
ObjectDBX Classes
 90
     1025
280
     0
281
     0
  0
CLASS
  1
ACDB_ALDIMOBJECTCONTEXTDATA_CLASS
  2
AcDbAlignedDimensionObjectContextData
  3
ObjectDBX Classes
 90
    33921
280
     0
281
     0
  0
CLASS
  1
RAPIDRTRENDERSETTINGS
  2
AcDbRapidRTRenderSettings
  3
ObjectDBX Classes
 90
    33792
280
     0
281
     0
  0
CLASS
  1
ZRXEBBLOCKEDITORCUSTOBJ
  2
CZrxEbBlockEditorObject
  3
CZrxEbBlockEditorObject
 90
    33792
280
     0
281
     0
  0
CLASS
  1
ACAD_EVALUATION_GRAPH
  2
AcDbEvalGraph
  3
ObjectDBX Classes
 90
    33921
280
     0
281
     0
  0
CLASS
  1
ACDB_DYNAMICBLOCKPURGEPREVENTER_VERSION
  2
AcDbDynamicBlockPurgePreventer
  3
ObjectDBX Classes
 90
    33921
280
     0
281
     0
  0
CLASS
  1
ACDBPLACEHOLDER
  2
AcDbPlaceHolder
  3
ObjectDBX Classes
 90
        0
280
     0
281
     0
  0
CLASS
  1
LAYOUT
  2
AcDbLayout
  3
ObjectDBX Classes
 90
        0
280
     0
281
     0
  0
ENDSEC
  0
SECTION
  2
TABLES
  0
TABLE
  2
VPORT
  5
8
102
{ACAD_XDICTIONARY
360
239F3
102
}
330
0
100
AcDbSymbolTable
 70
     1
  0
VPORT
  5
316D
330
8
100
AcDbSymbolTableRecord
100
AcDbViewportTableRecord
  2
*Active
 70
     0
 10
0.0
 20
0.0
 11
1.0
 21
1.0
 12
4333.838057180947
 22
10580.66952730185
 13
0.0
 23
0.0
 14
0.5
 24
0.5
 15
0.5
 25
0.5
 16
0.0
 26
0.0
 36
1.0
 17
0.0
 27
0.0
 37
0.0
 40
4155.764548438255
 41
1.636152055857253
 42
50.0
 43
0.0
 44
0.0
 50
0.0
 51
0.0
 71
     0
 72
 20000
 73
     1
 74
     1
 75
     0
 76
     0
 77
     0
 78
     0
281
     0
 65
     1
110
0.0
120
0.0
130
0.0
111
1.0
121
0.0
131
0.0
112
0.0
122
1.0
132
0.0
 79
     0
146
0.0
1001
ACAD_NAV_VCDISPLAY
1070
     3
  0
ENDTAB
  0
TABLE
  2
LTYPE
  5
5
330
0
100
AcDbSymbolTable
 70
     3
  0
LTYPE
  5
13
330
5
100
AcDbSymbolTableRecord
100
AcDbLinetypeTableRecord
  2
BYBLOCK
 70
     0
  3

 72
    65
 73
     0
 40
0.0
  0
LTYPE
  5
14
330
5
100
AcDbSymbolTableRecord
100
AcDbLinetypeTableRecord
  2
BYLAYER
 70
     0
  3

 72
    65
 73
     0
 40
0.0
  0
LTYPE
  5
15
330
5
100
AcDbSymbolTableRecord
100
AcDbLinetypeTableRecord
  2
CONTINUOUS
 70
     0
  3
Solid line
 72
    65
 73
     0
 40
0.0
  0
LTYPE
  5
1AB
330
5
100
AcDbSymbolTableRecord
100
AcDbLinetypeTableRecord
  2
PHANTOM2
 70
     0
  3
Phantom (.5x) ___ _ _ ___ _ _ ___ _ _ ___ _ _
 72
    65
 73
     6
 40
1.25
 49
0.625
 74
     0
 49
-0.125
 74
     0
 49
0.125
 74
     0
 49
-0.125
 74
     0
 49
0.125
 74
     0
 49
-0.125
 74
     0
  0
LTYPE
  5
23212
330
5
100
AcDbSymbolTableRecord
100
AcDbLinetypeTableRecord
  2
ACAD_ISO02W100
 70
     0
  3
ISO dash __ __ __ __ __ __ __ __ __ __ __ __ __
 72
    65
 73
     2
 40
15.0
 49
12.0
 74
     0
 49
-3.0
 74
     0
  0
ENDTAB
  0
TABLE
  2
LAYER
  5
2
102
{ACAD_XDICTIONARY
360
3626
102
}
330
0
100
AcDbSymbolTable
 70
     7
  0
LAYER
  5
F
102
{ACAD_XDICTIONARY
360
31CD
102
}
330
2
100
AcDbSymbolTableRecord
100
AcDbLayerTableRecord
  2
0
 70
     0
 62
     7
  6
CONTINUOUS
370
    30
390
11A
1071
 33554687
  0
LAYER
  5
4C
102
{ACAD_XDICTIONARY
360
31CF
102
}
330
2
100
AcDbSymbolTableRecord
100
AcDbLayerTableRecord
  2
≥ﬂ¥ÁòÀ◊¢
 70
     0
 62
     1
  6
CONTINUOUS
370
    30
390
11A
1071
 33554687
1001
AcadStringInfo
1000
MIFCodePage
1070
     2
  0
LAYER
  5
4D
102
{ACAD_XDICTIONARY
360
31D1
102
}
330
2
100
AcDbSymbolTableRecord
100
AcDbLayerTableRecord
  2
ºöåçæÄ
 70
     0
 62
     1
  6
CONTINUOUS
370
    13
390
11A
1071
 33554687
1001
AcadStringInfo
1000
MIFCodePage
1070
     2
  0
LAYER
  5
1B1
102
{ACAD_XDICTIONARY
360
31D9
102
}
330
2
100
AcDbSymbolTableRecord
100
AcDbLayerTableRecord
  2
Œƒ◊÷
 70
     0
 62
     3
  6
CONTINUOUS
370
    30
390
11A
1071
 33554687
1001
AcadStringInfo
1000
MIFCodePage
1070
     2
  0
LAYER
  5
4566
102
{ACAD_XDICTIONARY
360
45A6
102
}
330
2
100
AcDbSymbolTableRecord
100
AcDbLayerTableRecord
  2
—b”ÜÖ^”Ú
 70
     0
 62
     6
  6
PHANTOM2
290
     0
370
    13
390
11A
1071
 33554687
1001
AcAecLayerStandard
1000

1000

1001
AcCmTransparency
1071
 33554687
1001
AcadStringInfo
1000
MIFCodePage
1070
     2
  0
LAYER
  5
50CB
102
{ACAD_XDICTIONARY
360
239EF
102
}
330
2
100
AcDbSymbolTableRecord
100
AcDbLayerTableRecord
  2
Defpoints
 70
     0
 62
     7
  6
CONTINUOUS
290
     0
370
    -3
390
11A
1071
 33554687
  0
LAYER
  5
23213
102
{ACAD_XDICTIONARY
360
239F1
102
}
330
2
100
AcDbSymbolTableRecord
100
AcDbLayerTableRecord
  2
CONT
 70
     0
 62
     7
  6
CONTINUOUS
370
    -3
390
11A
1071
 33554687
1001
AcAecLayerStandard
1000

1000

  0
ENDTAB
  0
TABLE
  2
STYLE
  5
3
330
0
100
AcDbSymbolTable
 70
     4
  0
STYLE
  5
10
330
3
100
AcDbSymbolTableRecord
100
AcDbTextStyleTableRecord
  2
STANDARD
 70
     0
 40
3.5
 41
1.0
 50
0.0
 71
     0
 42
3.5
  3
PMingLiU.ttf
  4

1001
ACAD
1000
PMingLiU
1071
    34834
  0
STYLE
  5
1560
330
3
100
AcDbSymbolTableRecord
100
AcDbTextStyleTableRecord
  2
style1
 70
     0
 40
0.0
 41
0.9
 50
0.0
 71
     0
 42
3.5
  3
PMingLiU.ttf
  4

1001
ACAD
1000
PMingLiU
1071
    34834
  0
STYLE
  5
23214
330
3
100
AcDbSymbolTableRecord
100
AcDbTextStyleTableRecord
  2
DIM
 70
     0
 40
0.0
 41
0.7
 50
0.0
 71
     0
 42
0.2
  3
txt.shx
  4
chineset.shx
  0
STYLE
  5
23215
330
3
100
AcDbSymbolTableRecord
100
AcDbTextStyleTableRecord
  2
0
 70
     0
 40
1.0
 41
1.0
 50
0.0
 71
     0
 42
0.2
  3
arial.ttf
  4

1001
ACAD
1000
Arial
1071
       34
  0
ENDTAB
  0
TABLE
  2
VIEW
  5
6
330
0
100
AcDbSymbolTable
 70
     0
  0
ENDTAB
  0
TABLE
  2
UCS
  5
7
330
0
100
AcDbSymbolTable
 70
     0
  0
ENDTAB
  0
TABLE
  2
APPID
  5
9
330
0
100
AcDbSymbolTable
 70
    31
  0
APPID
  5
11
330
9
100
AcDbSymbolTableRecord
100
AcDbRegAppTableRecord
  2
ACAD
 70
     0
  0
APPID
  5
133
330
9
100
AcDbSymbolTableRecord
100
AcDbRegAppTableRecord
  2
DCO15
 70
     0
  0
APPID
  5
32F1
330
9
100
AcDbSymbolTableRecord
100
AcDbRegAppTableRecord
  2
ACAD_EXEMPT_FROM_CAD_STANDARDS
 70
     0
  0
APPID
  5
3800
330
9
100
AcDbSymbolTableRecord
100
AcDbRegAppTableRecord
  2
ACAD_MLEADERVER
 70
     0
  0
APPID
  5
42CE
330
9
100
AcDbSymbolTableRecord
100
AcDbRegAppTableRecord
  2
ACAD_DSTYLE_DIMRADIAL_EXTENSION
 70
     0
  0
APPID
  5
42CF
330
9
100
AcDbSymbolTableRecord
100
AcDbRegAppTableRecord
  2
GradientColor1ACI
 70
     0
  0
APPID
  5
42D0
330
9
100
AcDbSymbolTableRecord
100
AcDbRegAppTableRecord
  2
GradientColor2ACI
 70
     0
  0
APPID
  5
43CE
330
9
100
AcDbSymbolTableRecord
100
AcDbRegAppTableRecord
  2
ACAD_DSTYLE_DIMJAG
 70
     0
  0
APPID
  5
43CF
330
9
100
AcDbSymbolTableRecord
100
AcDbRegAppTableRecord
  2
ACAD_DSTYLE_DIMTALN
 70
     0
  0
APPID
  5
4484
330
9
100
AcDbSymbolTableRecord
100
AcDbRegAppTableRecord
  2
AcAecLayerStandard
 70
     0
  0
APPID
  5
4485
330
9
100
AcDbSymbolTableRecord
100
AcDbRegAppTableRecord
  2
AcCmTransparency
 70
     0
  0
APPID
  5
44AE
330
9
100
AcDbSymbolTableRecord
100
AcDbRegAppTableRecord
  2
ACAD_PSEXT
 70
     0
  0
APPID
  5
4EE1
330
9
100
AcDbSymbolTableRecord
100
AcDbRegAppTableRecord
  2
AcadStringInfo
 70
     0
  0
APPID
  5
50D8
330
9
100
AcDbSymbolTableRecord
100
AcDbRegAppTableRecord
  2
my_tag
 70
     0
  0
APPID
  5
50D9
330
9
100
AcDbSymbolTableRecord
100
AcDbRegAppTableRecord
  2
ACAD_DSTYLE_DIMBREAK
 70
     0
  0
APPID
  5
7F89
330
9
100
AcDbSymbolTableRecord
100
AcDbRegAppTableRecord
  2
AcDbDynamicBlockGUID
 70
     0
  0
APPID
  5
9661
330
9
100
AcDbSymbolTableRecord
100
AcDbRegAppTableRecord
  2
ACAD_NAV_VCDISPLAY
 70
     0
  0
APPID
  5
A89E
330
9
100
AcDbSymbolTableRecord
100
AcDbRegAppTableRecord
  2
AcadAnnoPO
 70
     0
  0
APPID
  5
D513
330
9
100
AcDbSymbolTableRecord
100
AcDbRegAppTableRecord
  2
AcadAnnotative
 70
     0
  0
APPID
  5
14A1D
330
9
100
AcDbSymbolTableRecord
100
AcDbRegAppTableRecord
  2
AcadAnnoMonitorAlertIconDisabled
 70
     0
  0
APPID
  5
22CB4
330
9
100
AcDbSymbolTableRecord
100
AcDbRegAppTableRecord
  2
ACAD_DSTYLE_DIMARC_LENGTH_SYMBOL
 70
     0
  0
APPID
  5
22CB5
330
9
100
AcDbSymbolTableRecord
100
AcDbRegAppTableRecord
  2
ACAD_DSTYLE_DIMTEXT_FILL
 70
     0
  0
APPID
  5
22CB6
330
9
100
AcDbSymbolTableRecord
100
AcDbRegAppTableRecord
  2
ACAD_DSTYLE_DIM_LINETYPE
 70
     0
  0
APPID
  5
22CB7
330
9
100
AcDbSymbolTableRecord
100
AcDbRegAppTableRecord
  2
ACAD_DSTYLE_DIM_EXT1_LINETYPE
 70
     0
  0
APPID
  5
22CB8
330
9
100
AcDbSymbolTableRecord
100
AcDbRegAppTableRecord
  2
ACAD_DSTYLE_DIM_EXT2_LINETYPE
 70
     0
  0
APPID
  5
22CED
330
9
100
AcDbSymbolTableRecord
100
AcDbRegAppTableRecord
  2
ACAD_DSTYLE_DIMEXT_LENGTH
 70
     0
  0
APPID
  5
22DEF
330
9
100
AcDbSymbolTableRecord
100
AcDbRegAppTableRecord
  2
ACAUTHENVIRON
 70
     0
  0
APPID
  5
22E45
330
9
100
AcDbSymbolTableRecord
100
AcDbRegAppTableRecord
  2
AcDbDynamicBlockTrueName
 70
     0
  0
APPID
  5
22F7E
330
9
100
AcDbSymbolTableRecord
100
AcDbRegAppTableRecord
  2
PLOTTRANSPARENCY
 70
     0
  0
APPID
  5
23033
330
9
100
AcDbSymbolTableRecord
100
AcDbRegAppTableRecord
  2
ACAD_SPLINE_DATA
 70
     0
  0
APPID
  5
23034
330
9
100
AcDbSymbolTableRecord
100
AcDbRegAppTableRecord
  2
ACAD_SPLINE_DATA2
 70
     0
  0
ENDTAB
  0
TABLE
  2
DIMSTYLE
  5
A
330
0
100
AcDbSymbolTable
 70
     5
100
AcDbDimStyleTable
 71
     1
340
50D4
  0
DIMSTYLE
105
50D4
330
A
100
AcDbSymbolTableRecord
100
AcDbDimStyleTableRecord
  2
STANDARD
 70
     0
 41
3.5
 47
0.01
 48
0.01
 71
     1
 73
     0
 74
     0
 77
     1
 78
     8
140
3.5
271
     2
272
     2
284
     8
340
10
  0
DIMSTYLE
105
23216
330
A
100
AcDbSymbolTableRecord
100
AcDbDimStyleTableRecord
  2
DIMSTYLE_1
 70
     0
 41
7.0
 47
0.01
 48
0.01
 73
     0
 77
     1
 78
     8
140
9.5
147
1.0
271
     2
272
     2
284
     8
340
10
341
230B7
342
230B7
1001
ACAD_DSTYLE_DIMJAG
1070
   388
1040
1.5
1001
ACAD_DSTYLE_DIMTALN
1070
   392
1070
     0
  0
DIMSTYLE
105
23217
102
{ACAD_REACTORS
330
2355E
102
}
330
A
100
AcDbSymbolTableRecord
100
AcDbDimStyleTableRecord
  2
in+mm
 70
     0
  3
"
  4
mm
 41
10.0
 47
0.01
 48
0.01
 73
     0
 77
     1
 78
     8
140
15.0
144
0.03937007874
147
3.0
170
     1
176
   256
177
   256
276
     2
277
     5
284
     8
340
10
371
     0
372
     0
1001
ACAD_DSTYLE_DIMBREAK
1070
   391
1040
3.75
1001
ACAD_DSTYLE_DIMJAG
1070
   388
1040
1.5
1001
ACAD_DSTYLE_DIMTALN
1070
   392
1070
     0
  0
DIMSTYLE
105
23218
102
{ACAD_REACTORS
330
23498
330
2349C
330
236F7
330
236F8
330
236F9
330
236FA
330
236FB
330
236FC
330
236FD
330
236FE
330
236FF
330
23700
330
237B4
330
237B7
330
237B8
330
237BB
102
}
330
A
100
AcDbSymbolTableRecord
100
AcDbDimStyleTableRecord
  2
mm+in
 70
     0
  3
mm
  4
"
 40
3.0
 41
4.0
 42
0.625
 43
3.75
 44
1.25
 73
     0
 74
     0
 77
     1
 78
     8
140
5.0
141
0.0
143
0.03937007874016
147
2.0
170
     1
171
     4
176
     1
177
     1
271
     2
178
     3
271
     2
272
     2
273
     7
274
     4
278
    44
283
     0
284
     8
340
23214
371
    -1
1001
ACAD_DSTYLE_DIMBREAK
1070
   391
1040
3.75
1001
ACAD_DSTYLE_DIMJAG
1070
   388
1040
1.5
1001
ACAD_DSTYLE_DIMTALN
1070
   392
1070
     0
1001
ACAD_DSTYLE_DIMARC_LENGTH_SYMBOL
1070
   379
1070
     1
  0
DIMSTYLE
105
23219
330
A
100
AcDbSymbolTableRecord
100
AcDbDimStyleTableRecord
  2
5-1
 70
     0
 40
5.0
 41
1.8
 42
0.625
 43
3.75
 44
1.6
 73
     0
 74
     0
 77
     1
 78
     8
 79
     1
140
2.5
141
0.0
143
0.0394
147
0.625
172
     1
176
     1
177
     1
271
     1
178
     3
179
     1
271
     1
272
     1
273
     8
277
     6
284
     8
340
23214
371
    13
372
    13
1001
ACAD_DSTYLE_DIMBREAK
1070
   391
1040
3.75
1001
ACAD_DSTYLE_DIMJAG
1070
   388
1040
1.5
1001
ACAD_DSTYLE_DIMTALN
1070
   392
1070
     0
  0
ENDTAB
  0
TABLE
  2
BLOCK_RECORD
  5
1
330
0
100
AcDbSymbolTable
 70
    20
  0
BLOCK_RECORD
  5
19
102
{ACAD_XDICTIONARY
360
348
102
}
330
1
100
AcDbSymbolTableRecord
100
AcDbBlockTableRecord
  2
*MODEL_SPACE
340
11D
  0
BLOCK_RECORD
  5
16
330
1
100
AcDbSymbolTableRecord
100
AcDbBlockTableRecord
  2
*PAPER_SPACE
340
11E
  0
BLOCK_RECORD
  5
230B7
330
1
100
AcDbSymbolTableRecord
100
AcDbBlockTableRecord
  2
_FILLED
340
0
  0
BLOCK_RECORD
  5
230BB
330
1
100
AcDbSymbolTableRecord
100
AcDbBlockTableRecord
  2
df
340
0
310
2800000020000000200000000100080000000000000400000000000000000000000000000000000000000000000080000080000000808000800000008000800080800000C0C0C000C0DCC000F0CAA6000020400000206000002080000020A0000020C0000020E00000400000004020000040400000406000004080000040A0
310
000040C0000040E00000600000006020000060400000606000006080000060A0000060C0000060E00000800000008020000080400000806000008080000080A0000080C0000080E00000A0000000A0200000A0400000A0600000A0800000A0A00000A0C00000A0E00000C0000000C0200000C0400000C0600000C0800000C0
310
A00000C0C00000C0E00000E0000000E0200000E0400000E0600000E0800000E0A00000E0C00000E0E00040000000400020004000400040006000400080004000A0004000C0004000E00040200000402020004020400040206000402080004020A0004020C0004020E000404000004040200040404000404060004040800040
310
40A0004040C0004040E00040600000406020004060400040606000406080004060A0004060C0004060E00040800000408020004080400040806000408080004080A0004080C0004080E00040A0000040A0200040A0400040A0600040A0800040A0A00040A0C00040A0E00040C0000040C0200040C0400040C0600040C08000
310
40C0A00040C0C00040C0E00040E0000040E0200040E0400040E0600040E0800040E0A00040E0C00040E0E00080000000800020008000400080006000800080008000A0008000C0008000E00080200000802020008020400080206000802080008020A0008020C0008020E00080400000804020008040400080406000804080
310
008040A0008040C0008040E00080600000806020008060400080606000806080008060A0008060C0008060E00080800000808020008080400080806000808080008080A0008080C0008080E00080A0000080A0200080A0400080A0600080A0800080A0A00080A0C00080A0E00080C0000080C0200080C0400080C0600080C0
310
800080C0A00080C0C00080C0E00080E0000080E0200080E0400080E0600080E0800080E0A00080E0C00080E0E000C0000000C0002000C0004000C0006000C0008000C000A000C000C000C000E000C0200000C0202000C0204000C0206000C0208000C020A000C020C000C020E000C0400000C0402000C0404000C0406000C0
310
408000C040A000C040C000C040E000C0600000C0602000C0604000C0606000C0608000C060A000C060C000C060E000C0800000C0802000C0804000C0806000C0808000C080A000C080C000C080E000C0A00000C0A02000C0A04000C0A06000C0A08000C0A0A000C0A0C000C0A0E000C0C00000C0C02000C0C04000C0C06000
310
C0C08000C0C0A000F0FBFF00A4A0A000808080000000FF0000FF000000FFFF00FF000000FF00FF00FFFF0000FFFFFF0000000000000000000000000000000000000000000000000000000000000000000000000000000000000000000000000000000000000000000000000000000000000000000000000000000000000000
310
00000000000000000000000000000000000000000000000000000000000000000000000000000000000000000000000000000000000000000000000000000000000000000000000000000000000000000000000000000000FFFFFFFFFFFF0000000000000000000000000000000000000000000000000000FFFFFFFFFFFF00
310
00000000000000000000000000000000000000000000000000FFFF000000000000000000000000000000000000000000000000000000000000FFFFFFFFFFFFFF00000000000000000000000000000000000000000000000000FFFFFFFFFF00FF00000000000000000000000000000000000000000000000000000000000000
310
00FF000000000000000000000000000000000000FFFFFFFFFFFF00000000000000FF0000000000000000FFFF0000000000000000FFFFFFFFFFFFFFFF00FF000000FF0000000000000000FFFF0000000000000000FFFFFFFFFFFFFFFF0000FF0000FF0000000000000000FFFF0000000000000000FFFFFFFFFFFFFF00000000
310
FF0000FF00000000000000FFFF00000000000000000000000000000000000000FF0000FFFFFF00FFFFFF00FFFF0000000000000000000000000000000000FFFFFFFFFFFFFFFFFFFFFFFFFFFFFF00000000000000000000000000FFFFFFFFFFFFFFFFFFFFFFFFFFFFFFFFFFFFFF00000000000000000000000000FFFFFFFFFF
310
FFFFFFFFFFFFFFFFFFFFFFFF00FF00000000000000000000000000FFFFFFFFFFFFFFFFFFFFFFFFFFFFFFFFFF0000FF00FFFFFFFFFF00000000000000FFFFFFFFFFFFFFFFFFFFFFFFFFFFFFFF0000FF00FFFFFFFFFF000000000000FFFFFFFFFFFFFFFFFFFFFFFFFFFFFFFFFF000000FFFFFFFFFF0000FFFFFFFFFFFF000000
310
0000FF0000000000000000000000000000FFFFFFFF0000FFFFFFFFFFFF000000FFFF000000000000000000000000000000FFFFFFFF0000FFFFFFFFFFFFFFFF000000000000000000000000000000000000000000000000FFFFFFFFFFFFFFFF00000000000000000000000000000000000000000000000000FFFFFFFFFFFFFF
310
00000000000000000000000000000000000000000000000000000000000000000000000000000000000000000000000000000000000000000000000000000000000000000000000000000000000000000000000000000000000000000000000000000000000000000000000000000000000000000000000000000000000000
310
0000000000000000000000000000000000000000000000000000000000000000000000000000000000000000000000000000000000000000
102
{BLKREFS
331
2349F
102
}
1001
ACAD
1000
DesignCenter Data
1002
{
1070
     1
1070
     1
1002
}
1001
AcDbDynamicBlockGUID
1000
{DD3971C5-C869-4469-9A0F-6CC31920C4FD}
  0
BLOCK_RECORD
  5
2317F
102
{ACAD_XDICTIONARY
360
237BE
102
}
330
1
100
AcDbSymbolTableRecord
100
AcDbBlockTableRecord
  2
A$C34A91011
340
0
102
{BLKREFS
331
236F6
102
}
1001
AcDbDynamicBlockGUID
1000
{CA7DC873-3972-4E29-979E-FEE72426E641}
  0
BLOCK_RECORD
  5
23701
330
1
100
AcDbSymbolTableRecord
100
AcDbBlockTableRecord
  2
*D3
340
0
  0
BLOCK_RECORD
  5
2370E
330
1
100
AcDbSymbolTableRecord
100
AcDbBlockTableRecord
  2
*D4
340
0
  0
BLOCK_RECORD
  5
23716
330
1
100
AcDbSymbolTableRecord
100
AcDbBlockTableRecord
  2
*D5
340
0
  0
BLOCK_RECORD
  5
23724
330
1
100
AcDbSymbolTableRecord
100
AcDbBlockTableRecord
  2
*D6
340
0
  0
BLOCK_RECORD
  5
23730
330
1
100
AcDbSymbolTableRecord
100
AcDbBlockTableRecord
  2
*D7
340
0
  0
BLOCK_RECORD
  5
2373C
330
1
100
AcDbSymbolTableRecord
100
AcDbBlockTableRecord
  2
*D8
340
0
  0
BLOCK_RECORD
  5
23748
330
1
100
AcDbSymbolTableRecord
100
AcDbBlockTableRecord
  2
*D9
340
0
  0
BLOCK_RECORD
  5
23754
330
1
100
AcDbSymbolTableRecord
100
AcDbBlockTableRecord
  2
*D10
340
0
  0
BLOCK_RECORD
  5
23760
330
1
100
AcDbSymbolTableRecord
100
AcDbBlockTableRecord
  2
*D11
340
0
  0
BLOCK_RECORD
  5
2376C
330
1
100
AcDbSymbolTableRecord
100
AcDbBlockTableRecord
  2
*D12
340
0
  0
BLOCK_RECORD
  5
23779
330
1
100
AcDbSymbolTableRecord
100
AcDbBlockTableRecord
  2
*D13
340
0
  0
BLOCK_RECORD
  5
23781
330
1
100
AcDbSymbolTableRecord
100
AcDbBlockTableRecord
  2
*D14
340
0
  0
BLOCK_RECORD
  5
23789
330
1
100
AcDbSymbolTableRecord
100
AcDbBlockTableRecord
  2
*D15
340
0
  0
BLOCK_RECORD
  5
237C1
330
1
100
AcDbSymbolTableRecord
100
AcDbBlockTableRecord
  2
*D16
340
0
  0
BLOCK_RECORD
  5
237CD
330
1
100
AcDbSymbolTableRecord
100
AcDbBlockTableRecord
  2
*D17
340
0
  0
BLOCK_RECORD
  5
237D9
330
1
100
AcDbSymbolTableRecord
100
AcDbBlockTableRecord
  2
*D18
340
0
  0
BLOCK_RECORD
  5
237E5
330
1
100
AcDbSymbolTableRecord
100
AcDbBlockTableRecord
  2
*D19
340
0
  0
ENDTAB
  0
ENDSEC
  0
SECTION
  2
BLOCKS
  0
BLOCK
  5
1A
330
19
100
AcDbEntity
  8
0
100
AcDbBlockBegin
  2
*MODEL_SPACE
 70
     0
 10
0.0
 20
0.0
 30
0.0
  3
*MODEL_SPACE
  1

  0
ENDBLK
  5
1B
330
19
100
AcDbEntity
  8
0
100
AcDbBlockEnd
  0
BLOCK
  5
17
330
16
100
AcDbEntity
 67
     1
  8
0
100
AcDbBlockBegin
  2
*PAPER_SPACE
 70
     0
 10
0.0
 20
0.0
 30
0.0
  3
*PAPER_SPACE
  1

  0
ENDBLK
  5
18
330
16
100
AcDbEntity
 67
     1
  8
0
100
AcDbBlockEnd
  0
BLOCK
  5
230B8
330
230B7
100
AcDbEntity
  8
0
100
AcDbBlockBegin
  2
_FILLED
 70
     0
 10
0.0
 20
0.0
 30
0.0
  3
_FILLED
  1

  0
SOLID
  5
230B9
330
230B7
100
AcDbEntity
  8
0
  6
ByBlock
 62
     0
100
AcDbTrace
 10
0.0
 20
0.0
 30
0.0
 11
-1.0
 21
0.2142857143
 31
0.0
 12
-1.0
 22
-0.2142857143
 32
0.0
 13
-1.0
 23
-0.2142857143
 33
0.0
  0
ENDBLK
  5
230BA
330
230B7
100
AcDbEntity
  8
0
  6
ByBlock
 62
     0
100
AcDbBlockEnd
  0
BLOCK
  5
230BC
330
230BB
100
AcDbEntity
  8
0
100
AcDbBlockBegin
  2
df
 70
     0
 10
0.0
 20
0.0
 30
0.0
  3
df
  1

  0
LINE
  5
2391A
330
230BB
100
AcDbEntity
  8
CONT
370
    25
100
AcDbLine
 10
-1506.537564828808
 20
363.3726688055749
 30
0.0
 11
-1512.885905597073
 21
376.7140590429928
 31
0.0
  0
LINE
  5
2391B
330
230BB
100
AcDbEntity
  8
CONT
370
    25
100
AcDbLine
 10
-1512.885905597073
 20
376.7140590429928
 30
0.0
 11
-1520.335405498488
 21
376.7140590429928
 31
0.0
  0
MTEXT
  5
2391C
330
230BB
100
AcDbEntity
  8
CONT
100
AcDbMText
 10
-1566.124439488402
 20
378.8121930803547
 30
0.0
 40
5.197500000000001
 41
14.86428794324001
 71
     1
 72
     5
  1
{\fTahoma|b0|i0|c0|p34;COUNTERTOP\P }
 73
     1
 44
1.0
1001
ACAD
1000
MTEXTBEGIN
1070
    73
1070
     1
1070
    44
1040
1.0
1070
    74
1070
     0
1000
MTEXTEND
  0
HATCH
  5
2391D
330
230BB
100
AcDbEntity
  8
CONT
370
    25
100
AcDbHatch
 10
0.0
 20
0.0
 30
0.0
210
0.0
220
0.0
230
1.0
  2
ANSI31
 70
     0
 71
     0
 91
        1
 92
        5
 93
        9
 72
     2
 10
-1442.773441481348
 20
359.3310928055748
 40
4.041576000000001
 50
0.0
 51
90.0
 73
     1
 72
     1
 10
-1442.773441481348
 20
363.3726688055749
 11
-1542.440001210061
 21
363.3726688055749
 72
     4
 94
        3
 73
     0
 74
     0
 95
       10
 96
        6
 40
0.0
 40
0.0
 40
0.0
 40
0.0
 40
4.788302325801334
 40
31.21107527172549
 40
37.13587413347397
 40
37.13587413347397
 40
37.13587413347397
 40
37.13587413347397
 10
-1542.440001210061
 20
363.3726688055749
 10
-1541.657600448337
 20
362.3106809161964
 10
-1536.557761840566
 20
355.3884396503415
 10
-1543.622359076717
 20
343.4442023501933
 10
-1538.92288691224
 20
335.894011361501
 10
-1538.062129032285
 20
334.5111142698195
 72
     1
 10
-1538.062129032285
 20
334.5111142698195
 11
-1484.465155926939
 21
334.5111142698195
 72
     1
 10
-1484.465155926939
 20
334.5111142698195
 11
-1484.465155926939
 21
346.0804006482017
 72
     1
 10
-1484.465155926939
 20
346.0804006482017
 11
-1475.596951040834
 21
346.0804006482017
 72
     1
 10
-1475.596951040836
 20
346.0804006482017
 11
-1475.596951040836
 21
334.5111142698195
 72
     1
 10
-1475.596951040836
 20
334.5111142698195
 11
-1438.731865481346
 21
334.5111142698195
 72
     1
 10
-1438.731865481346
 20
334.5111142698195
 11
-1438.731865481346
 21
359.3310928055748
 97
        0
 75
     0
 76
     1
 52
0.0
 41
0.8083152000000003
 77
     0
 78
     1
 53
44.99999999999999
 43
-1992.10230992608
 44
310.9052611490463
 45
-1.814719380638309
 46
1.81471938063831
 79
     0
 47
0.122909712210988
 98
        1
 10
-1507.5789853649
 20
358.972821306229
1001
ACAD
1010
0.0
1020
0.0
1030
0.0
  0
LINE
  5
2391E
330
230BB
100
AcDbEntity
  8
CONT
370
    25
100
AcDbLine
 10
-1542.440001210061
 20
363.3726688055749
 30
0.0
 11
-1442.773441481348
 21
363.3726688055749
 31
0.0
  0
ARC
  5
2391F
330
230BB
100
AcDbEntity
  8
CONT
370
    25
100
AcDbCircle
 10
-1442.773441481348
 20
359.3310928055748
 30
0.0
 40
4.041576000000001
100
AcDbArc
 50
0.0
 51
90.0
  0
LINE
  5
23920
330
230BB
100
AcDbEntity
  8
CONT
370
    25
100
AcDbLine
 10
-1438.731865481346
 20
334.5111142698195
 30
0.0
 11
-1475.596951040836
 21
334.5111142698195
 31
0.0
  0
LINE
  5
23921
330
230BB
100
AcDbEntity
  8
CONT
370
    25
100
AcDbLine
 10
-1484.430002879761
 20
334.5111142698195
 30
0.0
 11
-1538.062129032285
 21
334.5111142698195
 31
0.0
  0
LINE
  5
23922
330
230BB
100
AcDbEntity
  8
CONT
370
    25
100
AcDbLine
 10
-1438.731865481346
 20
334.5111142698195
 30
0.0
 11
-1438.731865481346
 21
359.3310928055748
 31
0.0
  0
SPLINE
  5
23923
330
230BB
100
AcDbEntity
  8
CONT
370
    25
100
AcDbSpline
210
0.0
220
0.0
230
1.0
 70
  1064
 71
     3
 72
    10
 73
     6
 74
     4
 42
0.000000001
 43
0.0000000001
 44
0.0000000001
 40
0.0
 40
0.0
 40
0.0
 40
0.0
 40
3.870457552141221
 40
25.22838655048051
 40
30.017491527374
 40
30.017491527374
 40
30.017491527374
 40
30.017491527374
 10
-1542.440001210061
 20
363.3726688055749
 30
0.0
 10
-1541.657600448337
 20
362.3106809161965
 30
0.0
 10
-1536.557761840565
 20
355.3884396503429
 30
0.0
 10
-1543.622359076714
 20
343.4442023501941
 30
0.0
 10
-1538.922886912241
 20
335.894011361501
 30
0.0
 10
-1538.062129032285
 20
334.5111142698195
 30
0.0
 11
-1542.440001210061
 21
363.3726688055749
 31
0.0
 11
-1540.352581142439
 21
360.1133561289184
 31
0.0
 11
-1540.280303203211
 21
338.7555494297838
 31
0.0
 11
-1538.062129032285
 21
334.5111142698195
 31
0.0
  0
LINE
  5
23924
330
230BB
100
AcDbEntity
  8
CONT
370
    25
100
AcDbLine
 10
-1475.596951040836
 20
333.6604572526835
 30
0.0
 11
-1475.596951040836
 21
346.0804006482017
 31
0.0
  0
LINE
  5
23925
330
230BB
100
AcDbEntity
  8
CONT
370
    25
100
AcDbLine
 10
-1484.465155926939
 20
346.0804006482017
 30
0.0
 11
-1475.596951040836
 21
346.0804006482017
 31
0.0
  0
LINE
  5
23926
330
230BB
100
AcDbEntity
  8
CONT
370
    25
100
AcDbLine
 10
-1478.653854419386
 20
345.1970479990987
 30
0.0
 11
-1478.076293879423
 21
345.1970479990987
 31
0.0
  0
SPLINE
  5
23927
330
230BB
100
AcDbEntity
  8
CONT
370
    25
100
AcDbSpline
210
0.0
220
0.0
230
1.0
 70
     8
 71
     3
 72
     9
 73
     5
 74
     0
 42
0.000000001
 43
0.0000000001
 40
0.3047320513593001
 40
0.3047320513593001
 40
0.3047320513593001
 40
0.3047320513593001
 40
3.312564643708207
 40
5.150382399370386
 40
5.150382399370386
 40
5.150382399370386
 40
5.150382399370386
 10
-1478.076293879423
 20
345.1970479990987
 30
0.0
 10
-1478.064447827271
 20
344.3850749498629
 30
0.0
 10
-1478.055629802022
 20
343.0776614831941
 30
0.0
 10
-1478.226595241984
 20
341.7822223615053
 30
0.0
 10
-1478.293639963622
 20
341.2910457287669
 30
0.0
  0
LINE
  5
23928
330
230BB
100
AcDbEntity
  8
CONT
370
    25
100
AcDbLine
 10
-1478.261776399113
 20
341.5309147975402
 30
0.0
 11
-1477.08820677197
 21
341.527647914138
 31
0.0
  0
LINE
  5
23929
330
230BB
100
AcDbEntity
  8
CONT
370
    25
100
AcDbLine
 10
-1477.08820677197
 20
341.527647914138
 30
0.0
 11
-1477.08820677197
 21
333.6604572526835
 31
0.0
  0
LINE
  5
2392A
330
230BB
100
AcDbEntity
  8
CONT
370
    25
100
AcDbLine
 10
-1478.293639963622
 20
341.2910457287671
 30
0.0
 11
-1477.619434510261
 21
340.6405296765879
 31
0.0
  0
LINE
  5
2392B
330
230BB
100
AcDbEntity
  8
CONT
370
    25
100
AcDbLine
 10
-1478.293639963622
 20
339.9900136244087
 30
0.0
 11
-1477.619434510261
 21
340.6405296765879
 31
0.0
  0
LINE
  5
2392C
330
230BB
100
AcDbEntity
  8
CONT
370
    25
100
AcDbLine
 10
-1478.293639963622
 20
339.9900136244087
 30
0.0
 11
-1477.619434510261
 21
339.3394975722295
 31
0.0
  0
LINE
  5
2392D
330
230BB
100
AcDbEntity
  8
CONT
370
    25
100
AcDbLine
 10
-1478.293639963622
 20
338.68898152005
 30
0.0
 11
-1477.619434510261
 21
339.3394975722295
 31
0.0
  0
LINE
  5
2392E
330
230BB
100
AcDbEntity
  8
CONT
370
    25
100
AcDbLine
 10
-1478.293639963622
 20
338.68898152005
 30
0.0
 11
-1477.619434510261
 21
338.0384654678707
 31
0.0
  0
LINE
  5
2392F
330
230BB
100
AcDbEntity
  8
CONT
370
    25
100
AcDbLine
 10
-1478.293639963622
 20
337.3879494156915
 30
0.0
 11
-1477.619434510261
 21
338.0384654678707
 31
0.0
  0
LINE
  5
23930
330
230BB
100
AcDbEntity
  8
CONT
370
    25
100
AcDbLine
 10
-1478.293639963622
 20
337.3879494156915
 30
0.0
 11
-1477.619434510261
 21
336.7374333635123
 31
0.0
  0
LINE
  5
23931
330
230BB
100
AcDbEntity
  8
CONT
370
    25
100
AcDbLine
 10
-1478.293639963622
 20
336.0869173113329
 30
0.0
 11
-1477.619434510261
 21
336.7374333635123
 31
0.0
  0
LINE
  5
23932
330
230BB
100
AcDbEntity
  8
CONT
370
    25
100
AcDbLine
 10
-1478.279303756355
 20
336.100749790598
 30
0.0
 11
-1477.605098302996
 21
335.4502337384188
 31
0.0
  0
LINE
  5
23933
330
230BB
100
AcDbEntity
  8
CONT
370
    25
100
AcDbLine
 10
-1478.771652537807
 20
333.6604572526835
 30
0.0
 11
-1477.605098302996
 21
335.4502337384188
 31
0.0
  0
LINE
  5
23934
330
230BB
100
AcDbEntity
  8
CONT
370
    25
100
AcDbLine
 10
-1477.08820677197
 20
340.5945305829021
 30
0.0
 11
-1475.596951040836
 21
340.5945305829021
 31
0.0
  0
LINE
  5
23935
330
230BB
100
AcDbEntity
  8
CONT
370
    25
100
AcDbLine
 10
-1477.08820677197
 20
338.8671034800609
 30
0.0
 11
-1475.596951040836
 21
338.8671034800609
 31
0.0
  0
LINE
  5
23936
330
230BB
100
AcDbEntity
  8
CONT
370
    25
100
AcDbLine
 10
-1477.08820677197
 20
336.8485351304105
 30
0.0
 11
-1475.596951040836
 21
336.8485351304105
 31
0.0
  0
LINE
  5
23937
330
230BB
100
AcDbEntity
  8
CONT
370
    25
100
AcDbLine
 10
-1477.08820677197
 20
335.4510650380498
 30
0.0
 11
-1475.596951040836
 21
335.4510650380498
 31
0.0
  0
LINE
  5
23938
330
230BB
100
AcDbEntity
  8
CONT
370
    25
100
AcDbLine
 10
-1477.868891112319
 20
346.0804006482017
 30
0.0
 11
-1475.596951040836
 21
342.7384698109704
 31
0.0
  0
LINE
  5
23939
330
230BB
100
AcDbEntity
  8
CONT
370
    25
100
AcDbLine
 10
-1475.596951040836
 20
341.1313322454291
 30
0.0
 11
-1478.074446058805
 21
343.7825154943264
 31
0.0
  0
LINE
  5
2393A
330
230BB
100
AcDbEntity
  8
CONT
370
    25
100
AcDbLine
 10
-1484.465155926939
 20
333.6604572526835
 30
0.0
 11
-1475.596951040836
 21
333.6604572526835
 31
0.0
  0
LINE
  5
2393B
330
230BB
100
AcDbEntity
  8
CONT
370
    25
100
AcDbLine
 10
-1480.031053483888
 20
348.0443438568729
 30
0.0
 11
-1480.031053483888
 21
322.1528142174132
 31
0.0
  0
LINE
  5
2393C
330
230BB
100
AcDbEntity
  8
CONT
370
    25
100
AcDbLine
 10
-1481.408252548388
 20
346.0804006482017
 30
0.0
 11
-1481.408252548388
 21
345.1970479990992
 31
0.0
  0
LINE
  5
2393D
330
230BB
100
AcDbEntity
  8
CONT
370
    25
100
AcDbLine
 10
-1481.408252548388
 20
345.1970479990992
 30
0.0
 11
-1481.985813088351
 21
345.1970479990992
 31
0.0
  0
SPLINE
  5
2393E
330
230BB
100
AcDbEntity
  8
CONT
370
    25
100
AcDbSpline
210
0.0
220
0.0
230
1.0
 70
     8
 71
     3
 72
     9
 73
     5
 74
     0
 42
0.000000001
 43
0.0000000001
 40
0.3047320513589016
 40
0.3047320513589016
 40
0.3047320513589016
 40
0.3047320513589016
 40
3.312564643708207
 40
5.150382399370386
 40
5.150382399370386
 40
5.150382399370386
 40
5.150382399370386
 10
-1481.985813088351
 20
345.1970479990992
 30
0.0
 10
-1481.997659140503
 20
344.3850749498631
 30
0.0
 10
-1482.006477165754
 20
343.0776614831943
 30
0.0
 10
-1481.835511725791
 20
341.7822223615053
 30
0.0
 10
-1481.768467004154
 20
341.2910457287669
 30
0.0
  0
LINE
  5
2393F
330
230BB
100
AcDbEntity
  8
CONT
370
    25
100
AcDbLine
 10
-1481.800330568663
 20
341.5309147975402
 30
0.0
 11
-1482.973900195804
 21
341.527647914138
 31
0.0
  0
LINE
  5
23940
330
230BB
100
AcDbEntity
  8
CONT
370
    25
100
AcDbLine
 10
-1482.973900195804
 20
341.527647914138
 30
0.0
 11
-1482.973900195804
 21
333.6604572526835
 31
0.0
  0
LINE
  5
23941
330
230BB
100
AcDbEntity
  8
CONT
370
    25
100
AcDbLine
 10
-1481.768467004154
 20
341.2910457287671
 30
0.0
 11
-1482.442672457513
 21
340.6405296765879
 31
0.0
  0
LINE
  5
23942
330
230BB
100
AcDbEntity
  8
CONT
370
    25
100
AcDbLine
 10
-1481.768467004154
 20
339.9900136244087
 30
0.0
 11
-1482.442672457513
 21
340.6405296765879
 31
0.0
  0
LINE
  5
23943
330
230BB
100
AcDbEntity
  8
CONT
370
    25
100
AcDbLine
 10
-1481.768467004154
 20
339.9900136244087
 30
0.0
 11
-1482.442672457513
 21
339.3394975722295
 31
0.0
  0
LINE
  5
23944
330
230BB
100
AcDbEntity
  8
CONT
370
    25
100
AcDbLine
 10
-1481.768467004154
 20
338.68898152005
 30
0.0
 11
-1482.442672457513
 21
339.3394975722295
 31
0.0
  0
LINE
  5
23945
330
230BB
100
AcDbEntity
  8
CONT
370
    25
100
AcDbLine
 10
-1481.768467004154
 20
338.68898152005
 30
0.0
 11
-1482.442672457513
 21
338.0384654678707
 31
0.0
  0
LINE
  5
23946
330
230BB
100
AcDbEntity
  8
CONT
370
    25
100
AcDbLine
 10
-1481.768467004154
 20
337.3879494156915
 30
0.0
 11
-1482.442672457513
 21
338.0384654678707
 31
0.0
  0
LINE
  5
23947
330
230BB
100
AcDbEntity
  8
CONT
370
    25
100
AcDbLine
 10
-1481.768467004154
 20
337.3879494156915
 30
0.0
 11
-1482.442672457513
 21
336.7374333635123
 31
0.0
  0
LINE
  5
23948
330
230BB
100
AcDbEntity
  8
CONT
370
    25
100
AcDbLine
 10
-1481.768467004154
 20
336.0869173113329
 30
0.0
 11
-1482.442672457513
 21
336.7374333635123
 31
0.0
  0
LINE
  5
23949
330
230BB
100
AcDbEntity
  8
CONT
370
    25
100
AcDbLine
 10
-1481.782803211421
 20
336.100749790598
 30
0.0
 11
-1482.457008664778
 21
335.4502337384188
 31
0.0
  0
LINE
  5
2394A
330
230BB
100
AcDbEntity
  8
CONT
370
    25
100
AcDbLine
 10
-1481.290454429967
 20
333.6604572526835
 30
0.0
 11
-1482.457008664778
 21
335.4502337384188
 31
0.0
  0
LINE
  5
2394B
330
230BB
100
AcDbEntity
  8
CONT
370
    25
100
AcDbLine
 10
-1482.973900195804
 20
340.5945305829021
 30
0.0
 11
-1484.465155926939
 21
340.5945305829021
 31
0.0
  0
LINE
  5
2394C
330
230BB
100
AcDbEntity
  8
CONT
370
    25
100
AcDbLine
 10
-1482.973900195804
 20
338.8671034800609
 30
0.0
 11
-1484.465155926939
 21
338.8671034800609
 31
0.0
  0
LINE
  5
2394D
330
230BB
100
AcDbEntity
  8
CONT
370
    25
100
AcDbLine
 10
-1482.973900195804
 20
336.8485351304105
 30
0.0
 11
-1484.465155926939
 21
336.8485351304105
 31
0.0
  0
LINE
  5
2394E
330
230BB
100
AcDbEntity
  8
CONT
370
    25
100
AcDbLine
 10
-1482.973900195804
 20
335.4510650380498
 30
0.0
 11
-1484.465155926939
 21
335.4510650380498
 31
0.0
  0
LINE
  5
2394F
330
230BB
100
AcDbEntity
  8
CONT
370
    25
100
AcDbLine
 10
-1482.193215855455
 20
346.0804006482017
 30
0.0
 11
-1484.465155926939
 21
342.7384698109704
 31
0.0
  0
LINE
  5
23950
330
230BB
100
AcDbEntity
  8
CONT
370
    25
100
AcDbLine
 10
-1484.465155926939
 20
341.1313322454291
 30
0.0
 11
-1481.993070474746
 21
344.2590663224953
 31
0.0
  0
LINE
  5
23951
330
230BB
100
AcDbEntity
  8
CONT
370
    25
100
AcDbLine
 10
-1484.465155926939
 20
346.0804006482017
 30
0.0
 11
-1484.465155926939
 21
333.6604572526835
 31
0.0
  0
LINE
  5
23952
330
230BB
100
AcDbEntity
  8
CONT
370
    25
100
AcDbLine
 10
-1478.653854419386
 20
346.0804006482015
 30
0.0
 11
-1478.653854419386
 21
345.1970479990987
 31
0.0
  0
ARC
  5
23953
330
230BB
100
AcDbEntity
  8
CONT
370
    25
100
AcDbCircle
 10
-1480.031053483888
 20
341.3939617992901
 30
0.0
 40
3.087636858499551
100
AcDbArc
 50
50.67704045953938
 51
129.3229595404606
  0
LINE
  5
23954
330
230BB
100
AcDbEntity
  8
CONT
370
    25
100
AcDbLine
 10
-1478.293639963622
 20
329.9329650896752
 30
0.0
 11
-1477.619434510261
 21
330.5834811418547
 31
0.0
  0
LINE
  5
23955
330
230BB
100
AcDbEntity
  8
CONT
370
    25
100
AcDbLine
 10
-1478.293639963622
 20
331.2339971940339
 30
0.0
 11
-1477.619434510261
 21
330.5834811418547
 31
0.0
  0
LINE
  5
23956
330
230BB
100
AcDbEntity
  8
CONT
370
    25
100
AcDbLine
 10
-1478.279303756355
 20
331.220164714769
 30
0.0
 11
-1477.605098302996
 21
331.8706807669482
 31
0.0
  0
LINE
  5
23957
330
230BB
100
AcDbEntity
  8
CONT
370
    25
100
AcDbLine
 10
-1478.771652537807
 20
333.6604572526835
 30
0.0
 11
-1477.605098302996
 21
331.8706807669482
 31
0.0
  0
LINE
  5
23958
330
230BB
100
AcDbEntity
  8
CONT
370
    25
100
AcDbLine
 10
-1481.768467004154
 20
329.9329650896755
 30
0.0
 11
-1482.442672457513
 21
330.5834811418547
 31
0.0
  0
LINE
  5
23959
330
230BB
100
AcDbEntity
  8
CONT
370
    25
100
AcDbLine
 10
-1481.768467004154
 20
331.2339971940339
 30
0.0
 11
-1482.442672457513
 21
330.5834811418547
 31
0.0
  0
LINE
  5
2395A
330
230BB
100
AcDbEntity
  8
CONT
370
    25
100
AcDbLine
 10
-1481.782803211421
 20
331.220164714769
 30
0.0
 11
-1482.457008664778
 21
331.8706807669482
 31
0.0
  0
LINE
  5
2395B
330
230BB
100
AcDbEntity
  8
CONT
370
    25
100
AcDbLine
 10
-1481.290454429967
 20
333.6604572526835
 30
0.0
 11
-1482.457008664778
 21
331.8706807669482
 31
0.0
  0
LINE
  5
2395C
330
230BB
100
AcDbEntity
  8
CONT
370
    25
100
AcDbLine
 10
-1481.768467004154
 20
329.9329650896755
 30
0.0
 11
-1482.469846765752
 21
329.4431698760427
 31
0.0
  0
LINE
  5
2395D
330
230BB
100
AcDbEntity
  8
CONT
370
    25
100
AcDbLine
 10
-1482.469846765752
 20
329.4431698760427
 30
0.0
 11
-1482.469846765752
 21
324.652559782742
 31
0.0
  0
LINE
  5
2395E
330
230BB
100
AcDbEntity
  8
CONT
370
    25
100
AcDbLine
 10
-1478.293639963622
 20
329.9329650896755
 30
0.0
 11
-1477.592260202022
 21
329.4431698760427
 31
0.0
  0
LINE
  5
2395F
330
230BB
100
AcDbEntity
  8
CONT
370
    25
100
AcDbLine
 10
-1477.592260202022
 20
329.4431698760427
 30
0.0
 11
-1477.592260202022
 21
324.652559782742
 31
0.0
  0
LINE
  5
23960
330
230BB
100
AcDbEntity
  8
CONT
370
    25
100
AcDbLine
 10
-1482.469846765752
 20
324.652559782742
 30
0.0
 11
-1477.592260202022
 21
324.652559782742
 31
0.0
  0
LINE
  5
23961
330
230BB
100
AcDbEntity
  8
CONT
370
    25
100
AcDbLine
 10
-1438.731865481346
 20
334.5111142698195
 30
0.0
 11
-1437.447664566622
 21
334.5111142698195
 31
0.0
  0
LINE
  5
23962
330
230BB
100
AcDbEntity
  8
CONT
370
    25
100
AcDbLine
 10
-1437.447664566622
 20
334.5111142698195
 30
0.0
 11
-1437.447664566622
 21
332.8944838698194
 31
0.0
  0
LINE
  5
23963
330
230BB
100
AcDbEntity
  8
CONT
370
    25
100
AcDbLine
 10
-1437.447664566622
 20
332.8944838698194
 30
0.0
 11
-1449.593621633894
 21
332.8944838698194
 31
0.0
  0
LINE
  5
23964
330
230BB
100
AcDbEntity
  8
CONT
370
    25
100
AcDbLine
 10
-1449.593621633894
 20
332.8944838698194
 30
0.0
 11
-1450.697799549101
 21
334.5111142698195
 31
0.0
  0
LINE
  5
23965
330
230BB
100
AcDbEntity
  8
CONT
370
    25
100
AcDbLine
 10
-1451.327893636402
 20
332.8944838698194
 30
0.0
 11
-1433.318328572799
 21
332.8944838698194
 31
0.0
  0
LINE
  5
23966
330
230BB
100
AcDbEntity
  8
CONT
370
    25
100
AcDbLine
 10
-1451.327893636402
 20
331.2778534698196
 30
0.0
 11
-1433.318328572799
 21
331.2778534698196
 31
0.0
  0
LINE
  5
23967
330
230BB
100
AcDbEntity
  8
CONT
370
    25
100
AcDbLine
 10
-1429.276752572799
 20
328.8529078698195
 30
0.0
 11
-1429.276752572799
 21
294.1540692781864
 31
0.0
  0
LINE
  5
23968
330
230BB
100
AcDbEntity
  8
CONT
370
    25
100
AcDbLine
 10
-1430.893382972799
 20
328.8529078698195
 30
0.0
 11
-1430.893382972799
 21
294.1540692781864
 31
0.0
  0
ARC
  5
23969
330
230BB
100
AcDbEntity
  8
CONT
370
    25
100
AcDbCircle
 10
-1433.318328572799
 20
328.8529078698195
 30
0.0
 40
4.041576000000001
100
AcDbArc
 50
0.0
 51
90.0
  0
ARC
  5
2396A
330
230BB
100
AcDbEntity
  8
CONT
370
    25
100
AcDbCircle
 10
-1433.318328572799
 20
328.8529078698195
 30
0.0
 40
2.4249456
100
AcDbArc
 50
0.0
 51
90.0
  0
LINE
  5
2396B
330
230BB
100
AcDbEntity
  8
CONT
370
    25
100
AcDbLine
 10
-1451.327893636402
 20
332.8944838698194
 30
0.0
 11
-1451.327893636402
 21
331.2778534698193
 31
0.0
  0
LINE
  5
2396C
330
230BB
100
AcDbEntity
  8
CONT
370
    25
100
AcDbLine
 10
-1430.893382972799
 20
294.1540692781864
 30
0.0
 11
-1429.276752572799
 21
294.1540692781864
 31
0.0
  0
LINE
  5
2396D
330
230BB
100
AcDbEntity
  8
CONT
370
    25
100
AcDbLine
 10
-1515.545219819414
 20
329.6591189277249
 30
0.0
 11
-1482.469846765752
 21
328.271659770402
 31
0.0
  0
LINE
  5
2396E
330
230BB
100
AcDbEntity
  8
CONT
370
    25
100
AcDbLine
 10
-1477.592260202022
 20
328.0670527918955
 30
0.0
 11
-1444.415253928377
 21
326.6753302830596
 31
0.0
  0
LINE
  5
2396F
330
230BB
100
AcDbEntity
  8
CONT
370
    25
100
AcDbLine
 10
-1516.956471630525
 20
327.2912404781132
 30
0.0
 11
-1482.469846765752
 21
325.8445815577088
 31
0.0
  0
LINE
  5
23970
330
230BB
100
AcDbEntity
  8
CONT
370
    25
100
AcDbLine
 10
-1477.592260202022
 20
325.6399745792023
 30
0.0
 11
-1443.207268557233
 21
324.1975790103111
 31
0.0
  0
LINE
  5
23971
330
230BB
100
AcDbEntity
  8
CONT
370
    25
100
AcDbLine
 10
-1444.415253928377
 20
326.6753302830596
 30
0.0
 11
-1441.138632486099
 21
331.2492959813239
 31
0.0
  0
LINE
  5
23972
330
230BB
100
AcDbEntity
  8
CONT
370
    25
100
AcDbLine
 10
-1443.207268557233
 20
324.1975790103111
 30
0.0
 11
-1439.167312108389
 21
329.837114289264
 31
0.0
  0
LINE
  5
23973
330
230BB
100
AcDbEntity
  8
CONT
370
    25
100
AcDbLine
 10
-1515.545219819414
 20
329.6591189277249
 30
0.0
 11
-1518.427262917661
 21
334.491430782801
 31
0.0
  0
LINE
  5
23974
330
230BB
100
AcDbEntity
  8
CONT
370
    25
100
AcDbLine
 10
-1516.956471630527
 20
327.2912404781132
 30
0.0
 11
-1520.509927165663
 21
333.2493072812702
 31
0.0
  0
LINE
  5
23975
330
230BB
100
AcDbEntity
  8
0
370
    25
100
AcDbLine
 10
-1439.167312108389
 20
329.837114289264
 30
0.0
 11
-1441.138632486099
 21
331.2492959813239
 31
0.0
  0
LINE
  5
23976
330
230BB
100
AcDbEntity
  8
0
370
    25
100
AcDbLine
 10
-1520.509927165663
 20
333.2493072812702
 30
0.0
 11
-1518.427262917661
 21
334.491430782801
 31
0.0
  0
LINE
  5
23977
330
230BB
100
AcDbEntity
  8
0
370
    25
100
AcDbLine
 10
-1483.210656688801
 20
328.3027355653719
 30
0.0
 11
-1483.312289908786
 21
325.8799207041918
 31
0.0
  0
LINE
  5
23978
330
230BB
100
AcDbEntity
  8
0
370
    25
100
AcDbLine
 10
-1488.056286411161
 20
328.5060020053415
 30
0.0
 11
-1488.157919631147
 21
326.0831871441614
 31
0.0
  0
LINE
  5
23979
330
230BB
100
AcDbEntity
  8
0
370
    25
100
AcDbLine
 10
-1476.749817058988
 20
328.0317136454125
 30
0.0
 11
-1476.851450278973
 21
325.6088987842324
 31
0.0
  0
LINE
  5
2397A
330
230BB
100
AcDbEntity
  8
0
370
    25
100
AcDbLine
 10
-1471.904187336628
 20
327.8284472054429
 30
0.0
 11
-1472.005820556613
 21
325.4056323442628
 31
0.0
  0
LINE
  5
2397B
330
230BB
100
AcDbEntity
  8
CONT
370
    25
100
AcDbLine
 10
-1482.469846765752
 20
325.0079753849473
 30
0.0
 11
-1486.889648556409
 21
325.0079753849473
 31
0.0
  0
LINE
  5
2397C
330
230BB
100
AcDbEntity
  8
CONT
370
    25
100
AcDbLine
 10
-1486.889648556409
 20
325.0079753849473
 30
0.0
 11
-1486.889648556409
 21
324.4255060078097
 31
0.0
  0
LINE
  5
2397D
330
230BB
100
AcDbEntity
  8
CONT
370
    25
100
AcDbLine
 10
-1486.889648556409
 20
324.4255060078097
 30
0.0
 11
-1473.215092631113
 21
324.4255060078097
 31
0.0
  0
LINE
  5
2397E
330
230BB
100
AcDbEntity
  8
CONT
370
    25
100
AcDbLine
 10
-1473.215092631113
 20
324.4255060078097
 30
0.0
 11
-1473.171925935063
 21
325.4545486054071
 31
0.0
  0
ARC
  5
2397F
330
230BB
100
AcDbEntity
  8
CONT
370
    25
100
AcDbCircle
 10
-1480.050734058701
 20
328.0684890794325
 30
0.0
 40
5.200634252821846
100
AcDbArc
 50
224.4661877279289
 51
315.5338122720711
  0
MTEXT
  5
23980
330
230BB
100
AcDbEntity
  8
CONT
100
AcDbMText
 10
-1560.911098022135
 20
307.2817088027054
 30
0.0
 40
5.197500000000001
 41
14.86428794324001
 71
     1
 72
     5
  1
{\fTahoma|b0|i0|c0|p34;FASTENERS\P }
 73
     1
 44
1.0
1001
ACAD
1000
MTEXTBEGIN
1070
    73
1070
     1
1070
    44
1040
1.0
1070
    74
1070
     0
1000
MTEXTEND
  0
LINE
  5
23981
330
230BB
100
AcDbEntity
  8
CONT
370
    25
100
AcDbLine
 10
-1519.81878134205
 20
302.8694795576364
 30
0.0
 11
-1514.20511427892
 21
302.8694795576364
 31
0.0
  0
LINE
  5
23982
330
230BB
100
AcDbEntity
  8
CONT
370
    25
100
AcDbLine
 10
-1514.20511427892
 20
302.8694795576364
 30
0.0
 11
-1495.47838585419
 21
326.390269028939
 31
0.0
  0
MTEXT
  5
23983
330
230BB
100
AcDbEntity
  8
CONT
100
AcDbMText
 10
-1534.409006945752
 20
281.5121789206997
 30
0.0
 40
5.197500000000001
 41
14.86428794324001
 71
     1
 72
     5
  1
{\fTahoma|b0|i0|c0|p34;SCREWS\P }
 73
     1
 44
1.0
1001
ACAD
1000
MTEXTBEGIN
1070
    73
1070
     1
1070
    44
1040
1.0
1070
    74
1070
     0
1000
MTEXTEND
  0
LINE
  5
23984
330
230BB
100
AcDbEntity
  8
CONT
370
    25
100
AcDbLine
 10
-1503.59297113657
 20
277.6019236060772
 30
0.0
 11
-1497.962950081502
 21
277.6019236060772
 31
0.0
  0
LINE
  5
23985
330
230BB
100
AcDbEntity
  8
CONT
370
    25
100
AcDbLine
 10
-1497.962950081502
 20
277.6019236060772
 30
0.0
 11
-1481.735165418338
 21
323.1481956302268
 31
0.0
  0
MTEXT
  5
23986
330
230BB
100
AcDbEntity
  8
CONT
100
AcDbMText
 10
-1403.500639331992
 20
361.7391434276941
 30
0.0
 40
5.197500000000001
 41
14.86428794324001
 71
     1
 72
     5
  1
{\fTahoma|b0|i0|c0|p34;SINK\P }
 73
     1
 44
1.0
1001
ACAD
1000
MTEXTBEGIN
1070
    73
1070
     1
1070
    44
1040
1.0
1070
    74
1070
     0
1000
MTEXTEND
  0
LINE
  5
23987
330
230BB
100
AcDbEntity
  8
CONT
370
    25
100
AcDbLine
 10
-1430.460502776519
 20
331.7107336661002
 30
0.0
 11
-1412.050674309588
 21
360.0546853913054
 31
0.0
  0
LINE
  5
23988
330
230BB
100
AcDbEntity
  8
CONT
370
    25
100
AcDbLine
 10
-1412.050674309588
 20
360.0546853913054
 30
0.0
 11
-1407.272215608189
 21
360.0546853913054
 31
0.0
  0
ENDBLK
  5
2312C
330
230BB
100
AcDbEntity
  8
0
100
AcDbBlockEnd
  0
BLOCK
  5
23182
330
2317F
100
AcDbEntity
  8
0
100
AcDbBlockBegin
  2
A$C34A91011
 70
     0
 10
0.0
 20
0.0
 30
0.0
  3
A$C34A91011
  1

  0
LINE
  5
2379D
330
2317F
100
AcDbEntity
  8
0
100
AcDbLine
 10
201.2249564715066
 20
114.4301598530983
 30
0.0
 11
201.2249564715066
 21
-105.9698401469013
 31
0.0
  0
ARC
  5
2379E
330
2317F
100
AcDbEntity
  8
0
100
AcDbCircle
 10
326.2249564715066
 20
-105.9698401469013
 30
0.0
 40
125.0
100
AcDbArc
 50
180.0
 51
270.0
  0
LINE
  5
2379F
102
{ACAD_REACTORS
330
237BA
102
}
330
2317F
100
AcDbEntity
  8
0
100
AcDbLine
 10
326.2249564715066
 20
-230.9698401469013
 30
0.0
 11
897.0249564715068
 21
-230.9698401469013
 31
0.0
  0
LINE
  5
237A0
330
2317F
100
AcDbEntity
  8
0
100
AcDbLine
 10
897.0249564715077
 20
239.4301598530983
 30
0.0
 11
326.2249564715066
 21
239.4301598530983
 31
0.0
  0
ARC
  5
237A1
330
2317F
100
AcDbEntity
  8
0
100
AcDbCircle
 10
326.2249564715066
 20
114.4301598530983
 30
0.0
 40
125.0
100
AcDbArc
 50
90.0
 51
180.0
  0
LINE
  5
237A2
330
2317F
100
AcDbEntity
  8
0
100
AcDbLine
 10
1022.024956471507
 20
-105.9698401469013
 30
0.0
 11
1022.024956471507
 21
114.4301598530983
 31
0.0
  0
ARC
  5
237A3
330
2317F
100
AcDbEntity
  8
0
100
AcDbCircle
 10
897.0249564715068
 20
-105.9698401469013
 30
0.0
 40
125.0
100
AcDbArc
 50
270.0
 51
0.0
  0
ARC
  5
237A4
330
2317F
100
AcDbEntity
  8
0
100
AcDbCircle
 10
897.0249564715077
 20
114.4301598530983
 30
0.0
 40
125.0
100
AcDbArc
 50
0.0
 51
90.0
  0
ARC
  5
237A5
330
2317F
100
AcDbEntity
  8
0
100
AcDbCircle
 10
411.4249564715064
 20
-1285.769840146902
 30
0.0
 40
1499.7
100
AcDbArc
 50
90.0
 51
93.69991542308694
  0
ARC
  5
237A6
102
{ACAD_REACTORS
330
237B6
102
}
330
2317F
100
AcDbEntity
  8
0
100
AcDbCircle
 10
-803.1750435284939
 20
4.230159853097575
 30
0.0
 40
1799.7
100
AcDbArc
 50
356.0746433363084
 51
3.925356663691557
  0
ARC
  5
237A7
102
{ACAD_REACTORS
330
237BD
102
}
330
2317F
100
AcDbEntity
  8
0
100
AcDbCircle
 10
411.4249564715064
 20
1294.230159853099
 30
0.0
 40
1499.7
100
AcDbArc
 50
266.3000845769131
 51
270.0
  0
ARC
  5
237A8
330
2317F
100
AcDbEntity
  8
0
100
AcDbCircle
 10
320.4364788616067
 20
121.291315930599
 30
0.0
 40
89.7
100
AcDbArc
 50
93.69991542308694
 51
176.0746433363084
  0
ARC
  5
237A9
330
2317F
100
AcDbEntity
  8
0
100
AcDbCircle
 10
320.4364788616067
 20
-112.830996224402
 30
0.0
 40
89.7
100
AcDbArc
 50
183.9253566636915
 51
266.3000845769131
  0
ARC
  5
237AA
102
{ACAD_REACTORS
330
237B6
102
}
330
2317F
100
AcDbEntity
  8
0
100
AcDbCircle
 10
2026.424956471506
 20
4.230159853097575
 30
0.0
 40
1799.7
100
AcDbArc
 50
176.0746433363084
 51
183.9253566636915
  0
ARC
  5
237AB
330
2317F
100
AcDbEntity
  8
0
100
AcDbCircle
 10
811.824956471506
 20
1294.230159853099
 30
0.0
 40
1499.7
100
AcDbArc
 50
270.0
 51
273.6999154230869
  0
ARC
  5
237AC
330
2317F
100
AcDbEntity
  8
0
100
AcDbCircle
 10
902.8134340814068
 20
-112.830996224402
 30
0.0
 40
89.7
100
AcDbArc
 50
273.6999154230869
 51
356.0746433363084
  0
ARC
  5
237AD
330
2317F
100
AcDbEntity
  8
0
100
AcDbCircle
 10
902.8134340814068
 20
121.291315930599
 30
0.0
 40
89.7
100
AcDbArc
 50
3.925356663691557
 51
86.30008457691307
  0
ARC
  5
237AE
330
2317F
100
AcDbEntity
  8
0
100
AcDbCircle
 10
811.824956471506
 20
-1285.769840146902
 30
0.0
 40
1499.7
100
AcDbArc
 50
86.30008457691307
 51
90.0
  0
LINE
  5
237AF
102
{ACAD_REACTORS
330
237BD
102
}
330
2317F
100
AcDbEntity
  8
0
100
AcDbLine
 10
411.4249564715064
 20
213.9301598530983
 30
0.0
 11
811.8249564711677
 21
213.9301598530983
 31
0.0
  0
LINE
  5
237B0
102
{ACAD_REACTORS
330
237BD
102
}
330
2317F
100
AcDbEntity
  8
0
100
AcDbLine
 10
411.4249564711654
 20
-205.4698401469013
 30
0.0
 11
811.8249564715078
 21
-205.4698401469013
 31
0.0
  0
CIRCLE
  5
237B1
330
2317F
100
AcDbEntity
  8
0
100
AcDbCircle
 10
611.6249564713362
 20
4.230159853097575
 30
0.0
 40
60.0
  0
CIRCLE
  5
237B2
330
2317F
100
AcDbEntity
  8
0
100
AcDbCircle
 10
611.6249564715062
 20
4.230159853099394
 30
0.0
 40
57.0
  0
CIRCLE
  5
237B3
330
2317F
100
AcDbEntity
  8
0
100
AcDbCircle
 10
611.6249564713362
 20
4.230159853097575
 30
0.0
 40
45.0
  0
DIMENSION
  5
237B4
102
{ACAD_XDICTIONARY
360
237B5
102
}
102
{ACAD_REACTORS
330
237B6
102
}
330
2317F
100
AcDbEntity
  8
0
370
     0
100
AcDbDimension
  2
*D16
 10
996.5249564715078
 20
-279.5731312107564
 30
0.0
 11
575.2244922057362
 21
-279.5731312107564
 31
0.0
 70
   160
 71
     5
 42
769.8000000000011
  3
mm+in
100
AcDbAlignedDimension
 13
226.7249564715066
 23
4.230159853097575
 33
0.0
 14
996.5249564715078
 24
4.230159853097575
 34
0.0
 50
0.0
100
AcDbRotatedDimension
1001
ACAD
1000
DSTYLE
1002
{
1070
    40
1040
3.5
1070
   278
1070
    46
1070
   288
1070
     1
1002
}
1001
ACAD_DSTYLE_DIMARC_LENGTH_SYMBOL
1070
   379
1070
     1
  0
DIMENSION
  5
237B7
330
2317F
100
AcDbEntity
  8
0
370
     0
100
AcDbDimension
  2
*D17
 10
1022.024956471507
 20
-335.1678605996167
 30
0.0
 11
571.3363836418648
 21
-335.1678605996167
 31
0.0
 70
   160
 71
     5
 42
820.8000000000001
  3
mm+in
100
AcDbAlignedDimension
 13
201.2249564715066
 23
4.230159853097575
 33
0.0
 14
1022.024956471507
 24
4.230159853097575
 34
0.0
 50
0.0
100
AcDbRotatedDimension
1001
ACAD
1000
DSTYLE
1002
{
1070
    40
1040
3.5
1070
   278
1070
    46
1070
   288
1070
     1
1002
}
1001
ACAD_DSTYLE_DIMARC_LENGTH_SYMBOL
1070
   379
1070
     1
  0
DIMENSION
  5
237B8
102
{ACAD_XDICTIONARY
360
237B9
102
}
102
{ACAD_REACTORS
330
237BA
102
}
330
2317F
100
AcDbEntity
  8
0
370
     0
100
AcDbDimension
  2
*D18
 10
95.52734549425807
 20
239.4301598530983
 30
0.0
 11
95.52734549425805
 21
4.230159853101213
 31
0.0
 70
   160
 71
     5
 42
470.3999999999996
  3
mm+in
100
AcDbAlignedDimension
 13
326.2249564715066
 23
-230.9698401469013
 33
0.0
 14
316.4249564715064
 24
239.4301598530983
 34
0.0
 50
90.0
100
AcDbRotatedDimension
1001
ACAD
1000
DSTYLE
1002
{
1070
    40
1040
3.5
1070
   278
1070
    46
1070
   288
1070
     1
1002
}
1001
ACAD_DSTYLE_DIMARC_LENGTH_SYMBOL
1070
   379
1070
     1
  0
DIMENSION
  5
237BB
102
{ACAD_XDICTIONARY
360
237BC
102
}
102
{ACAD_REACTORS
330
237BD
102
}
330
2317F
100
AcDbEntity
  8
0
370
     0
100
AcDbDimension
  2
*D19
 10
157.8045327657892
 20
213.9301598530984
 30
0.0
 11
157.8045327657892
 21
4.230159853101213
 31
0.0
 70
   160
 71
     5
 42
419.3999999999996
  3
mm+in
100
AcDbAlignedDimension
 13
411.4249564715064
 23
-205.4698401469013
 33
0.0
 14
411.4249564715064
 24
213.9301598530983
 34
0.0
 50
90.0
100
AcDbRotatedDimension
1001
ACAD
1000
DSTYLE
1002
{
1070
    40
1040
3.5
1070
   278
1070
    46
1070
   288
1070
     1
1002
}
1001
ACAD_DSTYLE_DIMARC_LENGTH_SYMBOL
1070
   379
1070
     1
  0
ENDBLK
  5
231A4
330
2317F
100
AcDbEntity
  8
0
100
AcDbBlockEnd
  0
BLOCK
  5
2370C
330
23701
100
AcDbEntity
  8
0
100
AcDbBlockBegin
  2
*D3
 70
     1
 10
0.0
 20
0.0
 30
0.0
  3
*D3
  1

  0
LINE
  5
23702
330
23701
100
AcDbEntity
  8
0
 62
     1
370
    -2
100
AcDbLine
 10
3224.927118809477
 20
10310.56525903414
 30
0.0
 11
3224.927118809477
 21
10327.45200167083
 31
0.0
  0
LINE
  5
23703
330
23701
100
AcDbEntity
  8
0
 62
     1
370
    -2
100
AcDbLine
 10
3204.927118809477
 20
10310.56525903414
 30
0.0
 11
3204.927118809477
 21
10327.45200167083
 31
0.0
  0
LINE
  5
23704
330
23701
100
AcDbEntity
  8
0
 62
     1
100
AcDbLine
 10
3190.927118809477
 20
10323.07700167083
 30
0.0
 11
3009.94795214281
 21
10323.07700167083
 31
0.0
  0
LINE
  5
23705
330
23701
100
AcDbEntity
  8
0
 62
     1
100
AcDbLine
 10
3238.927118809477
 20
10323.07700167083
 30
0.0
 11
3252.927118809477
 21
10323.07700167083
 31
0.0
  0
SOLID
  5
23706
330
23701
100
AcDbEntity
  8
0
 62
     1
100
AcDbTrace
 10
3238.927118809477
 20
10325.41033500416
 30
0.0
 11
3238.927118809477
 21
10320.74366833749
 31
0.0
 12
3224.927118809477
 22
10323.07700167083
 32
0.0
 13
3224.927118809477
 23
10323.07700167083
 33
0.0
  0
SOLID
  5
23707
330
23701
100
AcDbEntity
  8
0
 62
     1
100
AcDbTrace
 10
3190.927118809477
 20
10320.74366833749
 30
0.0
 11
3190.927118809477
 21
10325.41033500416
 31
0.0
 12
3204.927118809477
 22
10323.07700167083
 32
0.0
 13
3204.927118809477
 23
10323.07700167083
 33
0.0
  0
MTEXT
  5
23708
330
23701
100
AcDbEntity
  8
0
 62
     3
100
AcDbMText
 10
3083.302118809477
 20
10338.82700167083
 30
0.0
 40
17.5
 41
0.0
 71
     5
 72
     1
  1
20mm [13/16"]
  7
DIM
 73
     1
 44
1.0
1001
ACAD
1000
MTEXTBEGIN
1070
    73
1070
     1
1070
    44
1040
1.0
1070
    74
1070
     0
1000
MTEXTEND
  0
POINT
  5
23709
330
23701
100
AcDbEntity
  8
Defpoints
 62
     0
100
AcDbPoint
 10
3224.927118809477
 20
10308.37775903413
 30
0.0
  0
POINT
  5
2370A
330
23701
100
AcDbEntity
  8
Defpoints
 62
     0
100
AcDbPoint
 10
3204.927118809477
 20
10308.37775903413
 30
0.0
  0
POINT
  5
2370B
330
23701
100
AcDbEntity
  8
Defpoints
 62
     0
100
AcDbPoint
 10
3204.927118809477
 20
10323.07700167083
 30
0.0
  0
ENDBLK
  5
2370D
330
23701
100
AcDbEntity
  8
0
100
AcDbBlockEnd
  0
BLOCK
  5
23714
330
2370E
100
AcDbEntity
  8
0
100
AcDbBlockBegin
  2
*D4
 70
     1
 10
0.0
 20
0.0
 30
0.0
  3
*D4
  1

  0
LINE
  5
2370F
330
2370E
100
AcDbEntity
  8
0
 62
     1
100
AcDbLine
 10
3775.559660964806
 20
10347.23819084591
 30
0.0
 11
3938.602047603454
 21
10311.87519789728
 31
0.0
  0
MTEXT
  5
23710
330
2370E
100
AcDbEntity
  8
0
 62
     3
100
AcDbMText
 10
3853.578379353882
 20
10346.43256973742
 30
0.0
 40
17.5
 41
0.0
 71
     5
 72
     1
  1
\U+22055mm [\U+22053/16"]
  7
DIM
 11
0.9772770427891027
 21
-0.2119659917000522
 31
0.0
 73
     1
 44
1.0
1001
ACAD
1000
MTEXTBEGIN
1070
    73
1070
     1
1070
    44
1040
1.0
1070
    74
1070
     0
1000
MTEXTEND
  0
SOLID
  5
23711
330
2370E
100
AcDbEntity
  8
0
 62
     1
100
AcDbTrace
 10
3938.107460289487
 20
10309.59488479744
 30
0.0
 11
3939.096634917421
 21
10314.15551099712
 31
0.0
 12
3952.283926202502
 22
10308.90767401348
 32
0.0
 13
3952.283926202502
 23
10308.90767401348
 33
0.0
  0
POINT
  5
23712
330
2370E
100
AcDbEntity
  8
Defpoints
 62
     0
100
AcDbPoint
 10
3952.283926202502
 20
10308.90767401348
 30
0.0
  0
POINT
  5
23713
330
2370E
100
AcDbEntity
  8
Defpoints
 62
     0
100
AcDbPoint
 10
3957.170311416445
 20
10307.84784405498
 30
0.0
  0
ENDBLK
  5
23715
330
2370E
100
AcDbEntity
  8
0
100
AcDbBlockEnd
  0
BLOCK
  5
23722
330
23716
100
AcDbEntity
  8
0
100
AcDbBlockBegin
  2
*D5
 70
     1
 10
0.0
 20
0.0
 30
0.0
  3
*D5
  1

  0
LINE
  5
23717
330
23716
100
AcDbEntity
  8
ºöåçæÄ
370
     0
100
AcDbLine
 10
3845.294783882141
 20
10488.82100312409
 30
0.0
 11
3845.294783882141
 21
10493.59858412608
 31
0.0
  0
LINE
  5
23718
330
23716
100
AcDbEntity
  8
ºöåçæÄ
370
     0
100
AcDbLine
 10
3849.84064585738
 20
10474.37482478593
 30
0.0
 11
3849.84064585738
 21
10493.59858412608
 31
0.0
  0
LINE
  5
23719
330
23716
100
AcDbEntity
  8
ºöåçæÄ
370
     0
100
AcDbLine
 10
3868.839858986998
 20
10493.41858412608
 30
0.0
 11
3853.84064585738
 21
10493.41858412608
 31
0.0
  0
LINE
  5
2371A
330
23716
100
AcDbEntity
  8
ºöåçæÄ
370
     0
100
AcDbLine
 10
3853.84064585738
 20
10493.41858412608
 30
0.0
 11
3851.84064585738
 21
10493.41858412608
 31
0.0
  0
LINE
  5
2371B
330
23716
100
AcDbEntity
  8
ºöåçæÄ
370
     0
100
AcDbLine
 10
3843.294783882141
 20
10493.41858412608
 30
0.0
 11
3841.294783882141
 21
10493.41858412608
 31
0.0
  0
SOLID
  5
2371C
330
23716
100
AcDbEntity
  8
ºöåçæÄ
100
AcDbTrace
 10
3843.294783882141
 20
10493.08525079274
 30
0.0
 11
3843.294783882141
 21
10493.75191745941
 31
0.0
 12
3845.294783882141
 22
10493.41858412608
 32
0.0
 13
3845.294783882141
 23
10493.41858412608
 33
0.0
  0
SOLID
  5
2371D
330
23716
100
AcDbEntity
  8
ºöåçæÄ
100
AcDbTrace
 10
3851.84064585738
 20
10493.75191745941
 30
0.0
 11
3851.84064585738
 21
10493.08525079274
 31
0.0
 12
3849.84064585738
 22
10493.41858412608
 32
0.0
 13
3849.84064585738
 23
10493.41858412608
 33
0.0
  0
MTEXT
  5
2371E
330
23716
100
AcDbEntity
  8
ºöåçæÄ
 62
     0
100
AcDbMText
 10
3862.840252422189
 20
10499.64030944508
 30
0.0
 40
3.5
 41
0.0
 71
     5
 72
     1
  1
\A1;{\fTahoma|b0|i0|c163|p34;\H1.4581x;1/4"}
 73
     1
 44
1.0
1001
ACAD
1000
MTEXTBEGIN
1070
    73
1070
     1
1070
    44
1040
1.0
1070
    74
1070
     0
1000
MTEXTEND
  0
POINT
  5
2371F
330
23716
100
AcDbEntity
  8
Defpoints
 62
     0
100
AcDbPoint
 10
3845.294783882141
 20
10488.75850312409
 30
0.0
  0
POINT
  5
23720
330
23716
100
AcDbEntity
  8
Defpoints
 62
     0
100
AcDbPoint
 10
3849.84064585738
 20
10474.31232478593
 30
0.0
  0
POINT
  5
23721
330
23716
100
AcDbEntity
  8
Defpoints
 62
     0
100
AcDbPoint
 10
3849.84064585738
 20
10493.41858412608
 30
0.0
  0
ENDBLK
  5
23723
330
23716
100
AcDbEntity
  8
0
100
AcDbBlockEnd
  0
BLOCK
  5
2372E
330
23724
100
AcDbEntity
  8
0
100
AcDbBlockBegin
  2
*D6
 70
     1
 10
0.0
 20
0.0
 30
0.0
  3
*D6
  1

  0
LINE
  5
23725
330
23724
100
AcDbEntity
  8
0
 62
     1
370
    -2
100
AcDbLine
 10
3211.277118809476
 20
10310.25275903413
 30
0.0
 11
3211.277118809476
 21
10566.219036022
 31
0.0
  0
LINE
  5
23726
330
23724
100
AcDbEntity
  8
0
 62
     1
370
    -2
100
AcDbLine
 10
3968.377118809473
 20
10310.25275903405
 30
0.0
 11
3968.377118809473
 21
10566.219036022
 31
0.0
  0
LINE
  5
23727
330
23724
100
AcDbEntity
  8
0
 62
     1
100
AcDbLine
 10
3223.277118809476
 20
10562.469036022
 30
0.0
 11
3956.377118809473
 21
10562.469036022
 31
0.0
  0
SOLID
  5
23728
330
23724
100
AcDbEntity
  8
0
 62
     1
100
AcDbTrace
 10
3223.277118809476
 20
10564.469036022
 30
0.0
 11
3223.277118809476
 21
10560.469036022
 31
0.0
 12
3211.277118809476
 22
10562.469036022
 32
0.0
 13
3211.277118809476
 23
10562.469036022
 33
0.0
  0
SOLID
  5
23729
330
23724
100
AcDbEntity
  8
0
 62
     1
100
AcDbTrace
 10
3956.377118809473
 20
10560.469036022
 30
0.0
 11
3956.377118809473
 21
10564.469036022
 31
0.0
 12
3968.377118809473
 22
10562.469036022
 32
0.0
 13
3968.377118809473
 23
10562.469036022
 33
0.0
  0
MTEXT
  5
2372A
330
23724
100
AcDbEntity
  8
0
 62
     3
100
AcDbMText
 10
3589.827118809475
 20
10577.219036022
 30
0.0
 40
15.0
 41
0.0
 71
     5
 72
     1
  1
757,1mm [29 13/16"]
  7
DIM
 73
     1
 44
1.0
1001
ACAD
1000
MTEXTBEGIN
1070
    73
1070
     1
1070
    44
1040
1.0
1070
    74
1070
     0
1000
MTEXTEND
  0
POINT
  5
2372B
330
23724
100
AcDbEntity
  8
Defpoints
 62
     0
100
AcDbPoint
 10
3211.277118809476
 20
10308.37775903413
 30
0.0
  0
POINT
  5
2372C
330
23724
100
AcDbEntity
  8
Defpoints
 62
     0
100
AcDbPoint
 10
3968.377118809473
 20
10308.37775903405
 30
0.0
  0
POINT
  5
2372D
330
23724
100
AcDbEntity
  8
Defpoints
 62
     0
100
AcDbPoint
 10
3968.377118809473
 20
10562.469036022
 30
0.0
  0
ENDBLK
  5
2372F
330
23724
100
AcDbEntity
  8
0
100
AcDbBlockEnd
  0
BLOCK
  5
2373A
330
23730
100
AcDbEntity
  8
0
100
AcDbBlockBegin
  2
*D7
 70
     1
 10
0.0
 20
0.0
 30
0.0
  3
*D7
  1

  0
LINE
  5
23731
330
23730
100
AcDbEntity
  8
0
 62
     1
370
    -2
100
AcDbLine
 10
3204.927118809476
 20
10310.25275903413
 30
0.0
 11
3204.927118809476
 21
10608.51155436579
 31
0.0
  0
LINE
  5
23732
330
23730
100
AcDbEntity
  8
0
 62
     1
370
    -2
100
AcDbLine
 10
3974.727118809472
 20
10310.25275903404
 30
0.0
 11
3974.727118809472
 21
10608.51155436579
 31
0.0
  0
LINE
  5
23733
330
23730
100
AcDbEntity
  8
0
 62
     1
100
AcDbLine
 10
3216.927118809476
 20
10604.76155436579
 30
0.0
 11
3962.727118809472
 21
10604.76155436579
 31
0.0
  0
SOLID
  5
23734
330
23730
100
AcDbEntity
  8
0
 62
     1
100
AcDbTrace
 10
3216.927118809476
 20
10606.76155436579
 30
0.0
 11
3216.927118809476
 21
10602.76155436579
 31
0.0
 12
3204.927118809476
 22
10604.76155436579
 32
0.0
 13
3204.927118809476
 23
10604.76155436579
 33
0.0
  0
SOLID
  5
23735
330
23730
100
AcDbEntity
  8
0
 62
     1
100
AcDbTrace
 10
3962.727118809472
 20
10602.76155436579
 30
0.0
 11
3962.727118809472
 21
10606.76155436579
 31
0.0
 12
3974.727118809472
 22
10604.76155436579
 32
0.0
 13
3974.727118809472
 23
10604.76155436579
 33
0.0
  0
MTEXT
  5
23736
330
23730
100
AcDbEntity
  8
0
 62
     3
100
AcDbMText
 10
3589.827118809474
 20
10619.51155436579
 30
0.0
 40
15.0
 41
0.0
 71
     5
 72
     1
  1
769,8mm [30 5/16"]
  7
DIM
 73
     1
 44
1.0
1001
ACAD
1000
MTEXTBEGIN
1070
    73
1070
     1
1070
    44
1040
1.0
1070
    74
1070
     0
1000
MTEXTEND
  0
POINT
  5
23737
330
23730
100
AcDbEntity
  8
Defpoints
 62
     0
100
AcDbPoint
 10
3204.927118809476
 20
10308.37775903413
 30
0.0
  0
POINT
  5
23738
330
23730
100
AcDbEntity
  8
Defpoints
 62
     0
100
AcDbPoint
 10
3974.727118809472
 20
10308.37775903404
 30
0.0
  0
POINT
  5
23739
330
23730
100
AcDbEntity
  8
Defpoints
 62
     0
100
AcDbPoint
 10
3974.727118809472
 20
10604.76155436579
 30
0.0
  0
ENDBLK
  5
2373B
330
23730
100
AcDbEntity
  8
0
100
AcDbBlockEnd
  0
BLOCK
  5
23746
330
2373C
100
AcDbEntity
  8
0
100
AcDbBlockBegin
  2
*D8
 70
     1
 10
0.0
 20
0.0
 30
0.0
  3
*D8
  1

  0
LINE
  5
2373D
330
2373C
100
AcDbEntity
  8
0
 62
     1
370
    -2
100
AcDbLine
 10
3198.577118809476
 20
10310.25275903413
 30
0.0
 11
3198.577118809476
 21
10648.50950004369
 31
0.0
  0
LINE
  5
2373E
330
2373C
100
AcDbEntity
  8
0
 62
     1
370
    -2
100
AcDbLine
 10
3981.077118809472
 20
10310.25275903423
 30
0.0
 11
3981.077118809472
 21
10648.50950004369
 31
0.0
  0
LINE
  5
2373F
330
2373C
100
AcDbEntity
  8
0
 62
     1
100
AcDbLine
 10
3210.577118809477
 20
10644.75950004369
 30
0.0
 11
3969.077118809472
 21
10644.75950004369
 31
0.0
  0
SOLID
  5
23740
330
2373C
100
AcDbEntity
  8
0
 62
     1
100
AcDbTrace
 10
3210.577118809477
 20
10646.75950004369
 30
0.0
 11
3210.577118809477
 21
10642.75950004369
 31
0.0
 12
3198.577118809476
 22
10644.75950004369
 32
0.0
 13
3198.577118809476
 23
10644.75950004369
 33
0.0
  0
SOLID
  5
23741
330
2373C
100
AcDbEntity
  8
0
 62
     1
100
AcDbTrace
 10
3969.077118809472
 20
10642.75950004369
 30
0.0
 11
3969.077118809472
 21
10646.75950004369
 31
0.0
 12
3981.077118809472
 22
10644.75950004369
 32
0.0
 13
3981.077118809472
 23
10644.75950004369
 33
0.0
  0
MTEXT
  5
23742
330
2373C
100
AcDbEntity
  8
0
 62
     3
100
AcDbMText
 10
3589.827118809474
 20
10659.50950004369
 30
0.0
 40
15.0
 41
0.0
 71
     5
 72
     1
  1
782,5mm [30 13/16"]
  7
DIM
 73
     1
 44
1.0
1001
ACAD
1000
MTEXTBEGIN
1070
    73
1070
     1
1070
    44
1040
1.0
1070
    74
1070
     0
1000
MTEXTEND
  0
POINT
  5
23743
330
2373C
100
AcDbEntity
  8
Defpoints
 62
     0
100
AcDbPoint
 10
3198.577118809476
 20
10308.37775903413
 30
0.0
  0
POINT
  5
23744
330
2373C
100
AcDbEntity
  8
Defpoints
 62
     0
100
AcDbPoint
 10
3981.077118809472
 20
10308.37775903423
 30
0.0
  0
POINT
  5
23745
330
2373C
100
AcDbEntity
  8
Defpoints
 62
     0
100
AcDbPoint
 10
3981.077118809472
 20
10644.75950004369
 30
0.0
  0
ENDBLK
  5
23747
330
2373C
100
AcDbEntity
  8
0
100
AcDbBlockEnd
  0
BLOCK
  5
23752
330
23748
100
AcDbEntity
  8
0
100
AcDbBlockBegin
  2
*D9
 70
     1
 10
0.0
 20
0.0
 30
0.0
  3
*D9
  1

  0
LINE
  5
23749
330
23748
100
AcDbEntity
  8
0
 62
     1
370
    -2
100
AcDbLine
 10
3591.702118809478
 20
10511.72775903413
 30
0.0
 11
4035.790302712118
 21
10511.72775903413
 31
0.0
  0
LINE
  5
2374A
330
23748
100
AcDbEntity
  8
0
 62
     1
370
    -2
100
AcDbLine
 10
3591.702118809478
 20
10105.02775903413
 30
0.0
 11
4035.790302712118
 21
10105.02775903413
 31
0.0
  0
LINE
  5
2374B
330
23748
100
AcDbEntity
  8
0
 62
     1
100
AcDbLine
 10
4032.040302712117
 20
10499.72775903413
 30
0.0
 11
4032.040302712117
 21
10117.02775903413
 31
0.0
  0
SOLID
  5
2374C
330
23748
100
AcDbEntity
  8
0
 62
     1
100
AcDbTrace
 10
4034.040302712117
 20
10499.72775903413
 30
0.0
 11
4030.040302712118
 21
10499.72775903413
 31
0.0
 12
4032.040302712117
 22
10511.72775903413
 32
0.0
 13
4032.040302712117
 23
10511.72775903413
 33
0.0
  0
SOLID
  5
2374D
330
23748
100
AcDbEntity
  8
0
 62
     1
100
AcDbTrace
 10
4030.040302712118
 20
10117.02775903413
 30
0.0
 11
4034.040302712117
 21
10117.02775903413
 31
0.0
 12
4032.040302712117
 22
10105.02775903413
 32
0.0
 13
4032.040302712117
 23
10105.02775903413
 33
0.0
  0
MTEXT
  5
2374E
330
23748
100
AcDbEntity
  8
0
 62
     3
100
AcDbMText
 10
4017.290302712118
 20
10308.37775903413
 30
0.0
 40
15.0
 41
0.0
 71
     5
 72
     1
  1
406,7mm [16"]
  7
DIM
 11
0.0
 21
1.0
 31
0.0
 73
     1
 44
1.0
1001
ACAD
1000
MTEXTBEGIN
1070
    73
1070
     1
1070
    44
1040
1.0
1070
    74
1070
     0
1000
MTEXTEND
  0
POINT
  5
2374F
330
23748
100
AcDbEntity
  8
Defpoints
 62
     0
100
AcDbPoint
 10
3589.827118809477
 20
10511.72775903413
 30
0.0
  0
POINT
  5
23750
330
23748
100
AcDbEntity
  8
Defpoints
 62
     0
100
AcDbPoint
 10
3589.827118809477
 20
10105.02775903413
 30
0.0
  0
POINT
  5
23751
330
23748
100
AcDbEntity
  8
Defpoints
 62
     0
100
AcDbPoint
 10
4032.040302712117
 20
10105.02775903413
 30
0.0
  0
ENDBLK
  5
23753
330
23748
100
AcDbEntity
  8
0
100
AcDbBlockEnd
  0
BLOCK
  5
2375E
330
23754
100
AcDbEntity
  8
0
100
AcDbBlockBegin
  2
*D10
 70
     1
 10
0.0
 20
0.0
 30
0.0
  3
*D10
  1

  0
LINE
  5
23755
330
23754
100
AcDbEntity
  8
0
 62
     1
370
    -2
100
AcDbLine
 10
3591.702118809478
 20
10518.07775903413
 30
0.0
 11
4075.503203949197
 21
10518.07775903413
 31
0.0
  0
LINE
  5
23756
330
23754
100
AcDbEntity
  8
0
 62
     1
370
    -2
100
AcDbLine
 10
3591.702118809478
 20
10098.67775903413
 30
0.0
 11
4075.503203949197
 21
10098.67775903413
 31
0.0
  0
LINE
  5
23757
330
23754
100
AcDbEntity
  8
0
 62
     1
100
AcDbLine
 10
4071.753203949197
 20
10506.07775903413
 30
0.0
 11
4071.753203949197
 21
10110.67775903413
 31
0.0
  0
SOLID
  5
23758
330
23754
100
AcDbEntity
  8
0
 62
     1
100
AcDbTrace
 10
4073.753203949197
 20
10506.07775903413
 30
0.0
 11
4069.753203949197
 21
10506.07775903413
 31
0.0
 12
4071.753203949197
 22
10518.07775903413
 32
0.0
 13
4071.753203949197
 23
10518.07775903413
 33
0.0
  0
SOLID
  5
23759
330
23754
100
AcDbEntity
  8
0
 62
     1
100
AcDbTrace
 10
4069.753203949197
 20
10110.67775903413
 30
0.0
 11
4073.753203949197
 21
10110.67775903413
 31
0.0
 12
4071.753203949197
 22
10098.67775903413
 32
0.0
 13
4071.753203949197
 23
10098.67775903413
 33
0.0
  0
MTEXT
  5
2375A
330
23754
100
AcDbEntity
  8
0
 62
     3
100
AcDbMText
 10
4057.003203949197
 20
10308.37775903413
 30
0.0
 40
15.0
 41
0.0
 71
     5
 72
     1
  1
419,4mm [16 1/2"]
  7
DIM
 11
0.0
 21
1.0
 31
0.0
 73
     1
 44
1.0
1001
ACAD
1000
MTEXTBEGIN
1070
    73
1070
     1
1070
    44
1040
1.0
1070
    74
1070
     0
1000
MTEXTEND
  0
POINT
  5
2375B
330
23754
100
AcDbEntity
  8
Defpoints
 62
     0
100
AcDbPoint
 10
3589.827118809477
 20
10518.07775903413
 30
0.0
  0
POINT
  5
2375C
330
23754
100
AcDbEntity
  8
Defpoints
 62
     0
100
AcDbPoint
 10
3589.827118809477
 20
10098.67775903413
 30
0.0
  0
POINT
  5
2375D
330
23754
100
AcDbEntity
  8
Defpoints
 62
     0
100
AcDbPoint
 10
4071.753203949197
 20
10098.67775903413
 30
0.0
  0
ENDBLK
  5
2375F
330
23754
100
AcDbEntity
  8
0
100
AcDbBlockEnd
  0
BLOCK
  5
2376A
330
23760
100
AcDbEntity
  8
0
100
AcDbBlockBegin
  2
*D11
 70
     1
 10
0.0
 20
0.0
 30
0.0
  3
*D11
  1

  0
LINE
  5
23761
330
23760
100
AcDbEntity
  8
0
 62
     1
370
    -2
100
AcDbLine
 10
3591.702118809478
 20
10524.42775903413
 30
0.0
 11
4118.049918548776
 21
10524.42775903413
 31
0.0
  0
LINE
  5
23762
330
23760
100
AcDbEntity
  8
0
 62
     1
370
    -2
100
AcDbLine
 10
3591.702118809478
 20
10092.32775903413
 30
0.0
 11
4118.049918548776
 21
10092.32775903413
 31
0.0
  0
LINE
  5
23763
330
23760
100
AcDbEntity
  8
0
 62
     1
100
AcDbLine
 10
4114.299918548776
 20
10512.42775903413
 30
0.0
 11
4114.299918548776
 21
10104.32775903413
 31
0.0
  0
SOLID
  5
23764
330
23760
100
AcDbEntity
  8
0
 62
     1
100
AcDbTrace
 10
4116.299918548776
 20
10512.42775903413
 30
0.0
 11
4112.299918548776
 21
10512.42775903413
 31
0.0
 12
4114.299918548776
 22
10524.42775903413
 32
0.0
 13
4114.299918548776
 23
10524.42775903413
 33
0.0
  0
SOLID
  5
23765
330
23760
100
AcDbEntity
  8
0
 62
     1
100
AcDbTrace
 10
4112.299918548776
 20
10104.32775903413
 30
0.0
 11
4116.299918548776
 21
10104.32775903413
 31
0.0
 12
4114.299918548776
 22
10092.32775903413
 32
0.0
 13
4114.299918548776
 23
10092.32775903413
 33
0.0
  0
MTEXT
  5
23766
330
23760
100
AcDbEntity
  8
0
 62
     3
100
AcDbMText
 10
4099.549918548776
 20
10308.37775903413
 30
0.0
 40
15.0
 41
0.0
 71
     5
 72
     1
  1
432,1mm [17"]
  7
DIM
 11
0.0
 21
1.0
 31
0.0
 73
     1
 44
1.0
1001
ACAD
1000
MTEXTBEGIN
1070
    73
1070
     1
1070
    44
1040
1.0
1070
    74
1070
     0
1000
MTEXTEND
  0
POINT
  5
23767
330
23760
100
AcDbEntity
  8
Defpoints
 62
     0
100
AcDbPoint
 10
3589.827118809477
 20
10524.42775903413
 30
0.0
  0
POINT
  5
23768
330
23760
100
AcDbEntity
  8
Defpoints
 62
     0
100
AcDbPoint
 10
3589.827118809477
 20
10092.32775903413
 30
0.0
  0
POINT
  5
23769
330
23760
100
AcDbEntity
  8
Defpoints
 62
     0
100
AcDbPoint
 10
4114.299918548776
 20
10092.32775903413
 30
0.0
  0
ENDBLK
  5
2376B
330
23760
100
AcDbEntity
  8
0
100
AcDbBlockEnd
  0
BLOCK
  5
23777
330
2376C
100
AcDbEntity
  8
0
100
AcDbBlockBegin
  2
*D12
 70
     1
 10
0.0
 20
0.0
 30
0.0
  3
*D12
  1

  0
LINE
  5
2376D
330
2376C
100
AcDbEntity
  8
0
 62
     1
370
    -2
100
AcDbLine
 10
3204.927118809477
 20
10306.50275903413
 30
0.0
 11
3204.927118809477
 21
10265.24573013567
 31
0.0
  0
LINE
  5
2376E
330
2376C
100
AcDbEntity
  8
0
 62
     1
370
    -2
100
AcDbLine
 10
3198.577118809476
 20
10306.50275903413
 30
0.0
 11
3198.577118809476
 21
10265.24573013567
 31
0.0
  0
LINE
  5
2376F
330
2376C
100
AcDbEntity
  8
0
 62
     1
100
AcDbLine
 10
3186.577118809477
 20
10268.99573013567
 30
0.0
 11
3048.827118809477
 21
10268.99573013567
 31
0.0
  0
LINE
  5
23770
330
2376C
100
AcDbEntity
  8
0
 62
     1
100
AcDbLine
 10
3216.927118809477
 20
10268.99573013567
 30
0.0
 11
3228.927118809477
 21
10268.99573013567
 31
0.0
  0
SOLID
  5
23771
330
2376C
100
AcDbEntity
  8
0
 62
     1
100
AcDbTrace
 10
3216.927118809477
 20
10270.99573013567
 30
0.0
 11
3216.927118809477
 21
10266.99573013567
 31
0.0
 12
3204.927118809477
 22
10268.99573013567
 32
0.0
 13
3204.927118809477
 23
10268.99573013567
 33
0.0
  0
SOLID
  5
23772
330
2376C
100
AcDbEntity
  8
0
 62
     1
100
AcDbTrace
 10
3186.577118809477
 20
10266.99573013567
 30
0.0
 11
3186.577118809477
 21
10270.99573013567
 31
0.0
 12
3198.577118809476
 22
10268.99573013567
 32
0.0
 13
3198.577118809476
 23
10268.99573013567
 33
0.0
  0
MTEXT
  5
23773
330
2376C
100
AcDbEntity
  8
0
 62
     3
100
AcDbMText
 10
3111.702118809477
 20
10283.74573013567
 30
0.0
 40
15.0
 41
0.0
 71
     5
 72
     1
  1
6,35mm [1/4"]
  7
DIM
 73
     1
 44
1.0
1001
ACAD
1000
MTEXTBEGIN
1070
    73
1070
     1
1070
    44
1040
1.0
1070
    74
1070
     0
1000
MTEXTEND
  0
POINT
  5
23774
330
2376C
100
AcDbEntity
  8
Defpoints
 62
     0
100
AcDbPoint
 10
3204.927118809477
 20
10308.37775903413
 30
0.0
  0
POINT
  5
23775
330
2376C
100
AcDbEntity
  8
Defpoints
 62
     0
100
AcDbPoint
 10
3198.577118809476
 20
10308.37775903413
 30
0.0
  0
POINT
  5
23776
330
2376C
100
AcDbEntity
  8
Defpoints
 62
     0
100
AcDbPoint
 10
3198.577118809476
 20
10268.99573013567
 30
0.0
  0
ENDBLK
  5
23778
330
2376C
100
AcDbEntity
  8
0
100
AcDbBlockEnd
  0
BLOCK
  5
2377F
330
23779
100
AcDbEntity
  8
0
100
AcDbBlockBegin
  2
*D13
 70
     1
 10
0.0
 20
0.0
 30
0.0
  3
*D13
  1

  0
LINE
  5
2377A
330
23779
100
AcDbEntity
  8
0
 62
     1
100
AcDbLine
 10
2997.550110352701
 20
10100.80164374368
 30
0.0
 11
3207.325645790265
 21
10163.86556710404
 31
0.0
  0
MTEXT
  5
2377B
330
23779
100
AcDbEntity
  8
0
 62
     3
100
AcDbMText
 10
3083.682896539661
 20
10142.09748213778
 30
0.0
 40
15.0
 41
0.0
 71
     5
 72
     1
  1
R83,35mm [R3 5/16"]
  7
DIM
 11
0.9576611998877723
 21
0.2878975967762011
 31
0.0
 73
     1
 44
1.0
1001
ACAD
1000
MTEXTBEGIN
1070
    73
1070
     1
1070
    44
1040
1.0
1070
    74
1070
     0
1000
MTEXTEND
  0
SOLID
  5
2377C
330
23779
100
AcDbEntity
  8
0
 62
     1
100
AcDbTrace
 10
3207.901440983817
 20
10161.95024470427
 30
0.0
 11
3206.749850596712
 21
10165.78088950382
 31
0.0
 12
3218.817580188918
 22
10167.32033826536
 32
0.0
 13
3218.817580188918
 23
10167.32033826536
 33
0.0
  0
POINT
  5
2377D
330
23779
100
AcDbEntity
  8
Defpoints
 62
     0
100
AcDbPoint
 10
3218.817580188918
 20
10167.32033826536
 30
0.0
  0
POINT
  5
2377E
330
23779
100
AcDbEntity
  8
Defpoints
 62
     0
100
AcDbPoint
 10
3298.638641199651
 20
10191.31660295668
 30
0.0
  0
ENDBLK
  5
23780
330
23779
100
AcDbEntity
  8
0
100
AcDbBlockEnd
  0
BLOCK
  5
23787
330
23781
100
AcDbEntity
  8
0
100
AcDbBlockBegin
  2
*D14
 70
     1
 10
0.0
 20
0.0
 30
0.0
  3
*D14
  1

  0
LINE
  5
23782
330
23781
100
AcDbEntity
  8
0
 62
     1
100
AcDbLine
 10
3024.053065938072
 20
10034.30929191089
 30
0.0
 11
3210.352343019241
 21
10140.83472944135
 31
0.0
  0
MTEXT
  5
23783
330
23781
100
AcDbEntity
  8
0
 62
     3
100
AcDbMText
 10
3094.101332319298
 20
10091.35373512831
 30
0.0
 40
15.0
 41
0.0
 71
     5
 72
     1
  1
R89,7mm [R3 9/16"]
  7
DIM
 11
0.8681051935135101
 21
0.4963802705536061
 31
0.0
 73
     1
 44
1.0
1001
ACAD
1000
MTEXTBEGIN
1070
    73
1070
     1
1070
    44
1040
1.0
1070
    74
1070
     0
1000
MTEXTEND
  0
SOLID
  5
23784
330
23781
100
AcDbEntity
  8
0
 62
     1
100
AcDbTrace
 10
3211.345103560348
 20
10139.09851905433
 30
0.0
 11
3209.359582478134
 21
10142.57093982838
 31
0.0
 12
3220.769605341403
 22
10146.79129268799
 32
0.0
 13
3220.769605341403
 23
10146.79129268799
 33
0.0
  0
POINT
  5
23785
330
23781
100
AcDbEntity
  8
Defpoints
 62
     0
100
AcDbPoint
 10
3220.769605341403
 20
10146.79129268799
 30
0.0
  0
POINT
  5
23786
330
23781
100
AcDbEntity
  8
Defpoints
 62
     0
100
AcDbPoint
 10
3298.638641199651
 20
10191.3166029567
 30
0.0
  0
ENDBLK
  5
23788
330
23781
100
AcDbEntity
  8
0
100
AcDbBlockEnd
  0
BLOCK
  5
2378F
330
23789
100
AcDbEntity
  8
0
100
AcDbBlockBegin
  2
*D15
 70
     1
 10
0.0
 20
0.0
 30
0.0
  3
*D15
  1

  0
LINE
  5
2378A
330
23789
100
AcDbEntity
  8
0
 62
     1
100
AcDbLine
 10
3068.951204102924
 20
9977.141245503986
 30
0.0
 11
3219.613875785498
 21
10117.62882275361
 31
0.0
  0
MTEXT
  5
2378B
330
23789
100
AcDbEntity
  8
0
 62
     3
100
AcDbMText
 10
3129.835123465924
 20
10054.08090278812
 30
0.0
 40
15.0
 41
0.0
 71
     5
 72
     1
  1
R96,05mm [R3 13/16"]
  7
DIM
 11
0.7313721926338534
 21
0.681978530337979
 31
0.0
 73
     1
 44
1.0
1001
ACAD
1000
MTEXTBEGIN
1070
    73
1070
     1
1070
    44
1040
1.0
1070
    74
1070
     0
1000
MTEXTEND
  0
SOLID
  5
2378C
330
23789
100
AcDbEntity
  8
0
 62
     1
100
AcDbTrace
 10
3220.977832846175
 20
10116.16607836834
 30
0.0
 11
3218.249918724823
 21
10119.09156713888
 31
0.0
 12
3228.390342097104
 22
10125.81256511766
 32
0.0
 13
3228.390342097104
 23
10125.81256511766
 33
0.0
  0
POINT
  5
2378D
330
23789
100
AcDbEntity
  8
Defpoints
 62
     0
100
AcDbPoint
 10
3228.390342097104
 20
10125.81256511766
 30
0.0
  0
POINT
  5
2378E
330
23789
100
AcDbEntity
  8
Defpoints
 62
     0
100
AcDbPoint
 10
3298.638641199666
 20
10191.3166029567
 30
0.0
  0
ENDBLK
  5
23790
330
23789
100
AcDbEntity
  8
0
100
AcDbBlockEnd
  0
BLOCK
  5
237CB
330
237C1
100
AcDbEntity
  8
0
100
AcDbBlockBegin
  2
*D16
 70
     1
 10
0.0
 20
0.0
 30
0.0
  3
*D16
  1

  0
LINE
  5
237FA
330
237C1
100
AcDbEntity
  8
0
 62
     1
370
    -2
100
AcDbLine
 10
226.7249564715066
 20
2.042659853097575
 30
0.0
 11
226.7249564715066
 21
-283.9481312107564
 31
0.0
  0
LINE
  5
237FB
330
237C1
100
AcDbEntity
  8
0
 62
     1
370
    -2
100
AcDbLine
 10
996.5249564715078
 20
2.042659853097575
 30
0.0
 11
996.5249564715078
 21
-283.9481312107564
 31
0.0
  0
LINE
  5
237FC
330
237C1
100
AcDbEntity
  8
0
 62
     1
100
AcDbLine
 10
240.7249564715066
 20
-279.5731312107564
 30
0.0
 11
982.5249564715077
 21
-279.5731312107564
 31
0.0
  0
SOLID
  5
237FD
330
237C1
100
AcDbEntity
  8
0
 62
     1
100
AcDbTrace
 10
240.7249564715066
 20
-277.2397978774231
 30
0.0
 11
240.7249564715066
 21
-281.9064645440897
 31
0.0
 12
226.7249564715066
 22
-279.5731312107564
 32
0.0
 13
226.7249564715066
 23
-279.5731312107564
 33
0.0
  0
SOLID
  5
237FE
330
237C1
100
AcDbEntity
  8
0
 62
     1
100
AcDbTrace
 10
982.5249564715077
 20
-281.9064645440897
 30
0.0
 11
982.5249564715077
 21
-277.2397978774231
 31
0.0
 12
996.5249564715078
 22
-279.5731312107564
 32
0.0
 13
996.5249564715078
 23
-279.5731312107564
 33
0.0
  0
MTEXT
  5
237FF
330
237C1
100
AcDbEntity
  8
0
 62
     3
370
     0
100
AcDbMText
 10
575.2244922057362
 20
-263.8231312107564
 30
0.0
 40
17.5
 41
0.0
 71
     5
 72
     1
  1
769.8mm [30 5/16"]
  7
DIM
 73
     1
 44
1.0
1001
ACAD
1000
MTEXTBEGIN
1070
    73
1070
     1
1070
    44
1040
1.0
1070
    74
1070
     0
1000
MTEXTEND
  0
POINT
  5
23800
330
237C1
100
AcDbEntity
  8
Defpoints
 62
     0
100
AcDbPoint
 10
226.7249564715066
 20
4.230159853097575
 30
0.0
  0
POINT
  5
23801
330
237C1
100
AcDbEntity
  8
Defpoints
 62
     0
100
AcDbPoint
 10
996.5249564715078
 20
4.230159853097575
 30
0.0
  0
POINT
  5
23802
330
237C1
100
AcDbEntity
  8
Defpoints
 62
     0
100
AcDbPoint
 10
996.5249564715078
 20
-279.5731312107564
 30
0.0
  0
ENDBLK
  5
237CC
330
237C1
100
AcDbEntity
  8
0
100
AcDbBlockEnd
  0
BLOCK
  5
237D7
330
237CD
100
AcDbEntity
  8
0
100
AcDbBlockBegin
  2
*D17
 70
     1
 10
0.0
 20
0.0
 30
0.0
  3
*D17
  1

  0
LINE
  5
237F1
330
237CD
100
AcDbEntity
  8
0
 62
     1
370
    -2
100
AcDbLine
 10
201.2249564715066
 20
2.042659853097575
 30
0.0
 11
201.2249564715066
 21
-339.5428605996167
 31
0.0
  0
LINE
  5
237F2
330
237CD
100
AcDbEntity
  8
0
 62
     1
370
    -2
100
AcDbLine
 10
1022.024956471507
 20
2.042659853097575
 30
0.0
 11
1022.024956471507
 21
-339.5428605996167
 31
0.0
  0
LINE
  5
237F3
330
237CD
100
AcDbEntity
  8
0
 62
     1
100
AcDbLine
 10
215.2249564715067
 20
-335.1678605996167
 30
0.0
 11
1008.024956471507
 21
-335.1678605996167
 31
0.0
  0
SOLID
  5
237F4
330
237CD
100
AcDbEntity
  8
0
 62
     1
100
AcDbTrace
 10
215.2249564715067
 20
-332.8345272662834
 30
0.0
 11
215.2249564715067
 21
-337.50119393295
 31
0.0
 12
201.2249564715066
 22
-335.1678605996167
 32
0.0
 13
201.2249564715066
 23
-335.1678605996167
 33
0.0
  0
SOLID
  5
237F5
330
237CD
100
AcDbEntity
  8
0
 62
     1
100
AcDbTrace
 10
1008.024956471507
 20
-337.50119393295
 30
0.0
 11
1008.024956471507
 21
-332.8345272662834
 31
0.0
 12
1022.024956471507
 22
-335.1678605996167
 32
0.0
 13
1022.024956471507
 23
-335.1678605996167
 33
0.0
  0
MTEXT
  5
237F6
330
237CD
100
AcDbEntity
  8
0
 62
     3
370
     0
100
AcDbMText
 10
571.3363836418648
 20
-319.4178605996167
 30
0.0
 40
17.5
 41
0.0
 71
     5
 72
     1
  1
820.8mm [32 5/16"]
  7
DIM
 73
     1
 44
1.0
1001
ACAD
1000
MTEXTBEGIN
1070
    73
1070
     1
1070
    44
1040
1.0
1070
    74
1070
     0
1000
MTEXTEND
  0
POINT
  5
237F7
330
237CD
100
AcDbEntity
  8
Defpoints
 62
     0
100
AcDbPoint
 10
201.2249564715066
 20
4.230159853097575
 30
0.0
  0
POINT
  5
237F8
330
237CD
100
AcDbEntity
  8
Defpoints
 62
     0
100
AcDbPoint
 10
1022.024956471507
 20
4.230159853097575
 30
0.0
  0
POINT
  5
237F9
330
237CD
100
AcDbEntity
  8
Defpoints
 62
     0
100
AcDbPoint
 10
1022.024956471507
 20
-335.1678605996167
 30
0.0
  0
ENDBLK
  5
237D8
330
237CD
100
AcDbEntity
  8
0
100
AcDbBlockEnd
  0
BLOCK
  5
237E3
330
237D9
100
AcDbEntity
  8
0
100
AcDbBlockBegin
  2
*D18
 70
     1
 10
0.0
 20
0.0
 30
0.0
  3
*D18
  1

  0
LINE
  5
2380C
330
237D9
100
AcDbEntity
  8
0
 62
     1
370
    -2
100
AcDbLine
 10
324.0374564715066
 20
-230.9698401469013
 30
0.0
 11
91.15234549425801
 21
-230.9698401469013
 31
0.0
  0
LINE
  5
2380D
330
237D9
100
AcDbEntity
  8
0
 62
     1
370
    -2
100
AcDbLine
 10
314.2374564715065
 20
239.4301598530983
 30
0.0
 11
91.15234549425807
 21
239.4301598530983
 31
0.0
  0
LINE
  5
2380E
330
237D9
100
AcDbEntity
  8
0
 62
     1
100
AcDbLine
 10
95.52734549425801
 20
-216.9698401469013
 30
0.0
 11
95.52734549425801
 21
225.4301598530983
 31
0.0
  0
SOLID
  5
2380F
330
237D9
100
AcDbEntity
  8
0
 62
     1
100
AcDbTrace
 10
93.19401216092469
 20
-216.9698401469013
 30
0.0
 11
97.86067882759134
 21
-216.9698401469013
 31
0.0
 12
95.52734549425801
 22
-230.9698401469013
 32
0.0
 13
95.52734549425801
 23
-230.9698401469013
 33
0.0
  0
SOLID
  5
23810
330
237D9
100
AcDbEntity
  8
0
 62
     1
100
AcDbTrace
 10
97.86067882759141
 20
225.4301598530983
 30
0.0
 11
93.19401216092474
 21
225.4301598530983
 31
0.0
 12
95.52734549425807
 22
239.4301598530983
 32
0.0
 13
95.52734549425807
 23
239.4301598530983
 33
0.0
  0
MTEXT
  5
23811
330
237D9
100
AcDbEntity
  8
0
 62
     3
370
     0
100
AcDbMText
 10
79.77734549425804
 20
4.230159853101215
 30
0.0
 40
17.5
 41
0.0
 71
     5
 72
     1
  1
470.4mm [18 1/2"]
  7
DIM
 11
0.0000000000000001
 21
1.0
 31
0.0
 73
     1
 44
1.0
1001
ACAD
1000
MTEXTBEGIN
1070
    73
1070
     1
1070
    44
1040
1.0
1070
    74
1070
     0
1000
MTEXTEND
  0
POINT
  5
23812
330
237D9
100
AcDbEntity
  8
Defpoints
 62
     0
100
AcDbPoint
 10
326.2249564715066
 20
-230.9698401469013
 30
0.0
  0
POINT
  5
23813
330
237D9
100
AcDbEntity
  8
Defpoints
 62
     0
100
AcDbPoint
 10
316.4249564715064
 20
239.4301598530983
 30
0.0
  0
POINT
  5
23814
330
237D9
100
AcDbEntity
  8
Defpoints
 62
     0
100
AcDbPoint
 10
95.52734549425807
 20
239.4301598530983
 30
0.0
  0
ENDBLK
  5
237E4
330
237D9
100
AcDbEntity
  8
0
100
AcDbBlockEnd
  0
BLOCK
  5
237EF
330
237E5
100
AcDbEntity
  8
0
100
AcDbBlockBegin
  2
*D19
 70
     1
 10
0.0
 20
0.0
 30
0.0
  3
*D19
  1

  0
LINE
  5
23803
330
237E5
100
AcDbEntity
  8
0
 62
     1
370
    -2
100
AcDbLine
 10
409.2374564715064
 20
-205.4698401469013
 30
0.0
 11
153.4295327657892
 21
-205.4698401469013
 31
0.0
  0
LINE
  5
23804
330
237E5
100
AcDbEntity
  8
0
 62
     1
370
    -2
100
AcDbLine
 10
409.2374564715064
 20
213.9301598530983
 30
0.0
 11
153.4295327657892
 21
213.9301598530983
 31
0.0
  0
LINE
  5
23805
330
237E5
100
AcDbEntity
  8
0
 62
     1
100
AcDbLine
 10
157.8045327657892
 20
-191.4698401469013
 30
0.0
 11
157.8045327657892
 21
199.9301598530983
 31
0.0
  0
SOLID
  5
23806
330
237E5
100
AcDbEntity
  8
0
 62
     1
100
AcDbTrace
 10
155.4711994324558
 20
-191.4698401469013
 30
0.0
 11
160.1378660991225
 21
-191.4698401469013
 31
0.0
 12
157.8045327657892
 22
-205.4698401469013
 32
0.0
 13
157.8045327657892
 23
-205.4698401469013
 33
0.0
  0
SOLID
  5
23807
330
237E5
100
AcDbEntity
  8
0
 62
     1
100
AcDbTrace
 10
160.1378660991225
 20
199.9301598530983
 30
0.0
 11
155.4711994324558
 21
199.9301598530983
 31
0.0
 12
157.8045327657892
 22
213.9301598530984
 32
0.0
 13
157.8045327657892
 23
213.9301598530984
 33
0.0
  0
MTEXT
  5
23808
330
237E5
100
AcDbEntity
  8
0
 62
     3
370
     0
100
AcDbMText
 10
142.0545327657892
 20
4.230159853101213
 30
0.0
 40
17.5
 41
0.0
 71
     5
 72
     1
  1
419.4mm [16 1/2"]
  7
DIM
 11
0.0
 21
1.0
 31
0.0
 73
     1
 44
1.0
1001
ACAD
1000
MTEXTBEGIN
1070
    73
1070
     1
1070
    44
1040
1.0
1070
    74
1070
     0
1000
MTEXTEND
  0
POINT
  5
23809
330
237E5
100
AcDbEntity
  8
Defpoints
 62
     0
100
AcDbPoint
 10
411.4249564715064
 20
-205.4698401469013
 30
0.0
  0
POINT
  5
2380A
330
237E5
100
AcDbEntity
  8
Defpoints
 62
     0
100
AcDbPoint
 10
411.4249564715064
 20
213.9301598530983
 30
0.0
  0
POINT
  5
2380B
330
237E5
100
AcDbEntity
  8
Defpoints
 62
     0
100
AcDbPoint
 10
157.8045327657892
 20
213.9301598530984
 30
0.0
  0
ENDBLK
  5
237F0
330
237E5
100
AcDbEntity
  8
0
100
AcDbBlockEnd
  0
ENDSEC
  0
SECTION
  2
ENTITIES
  0
MTEXT
  5
22C60
330
19
100
AcDbEntity
  8
Œƒ◊÷
370
     0
100
AcDbMText
 10
4203.899002483796
 20
10666.87832724718
 30
0.0
 40
10.68784939018987
 41
279.937255014068
 71
     2
 72
     5
  1
{\fArial|b0|i0|c0|p34; }
 73
     1
 44
1.0
1001
ACAD
1000
MTEXTBEGIN
1070
    73
1070
     1
1070
    44
1040
1.0
1070
    74
1070
     0
1000
MTEXTEND
1000
ACAD_MTEXT_DEFINED_HEIGHT_BEGIN
1070
    46
1040
18.29255279131939
1000
ACAD_MTEXT_DEFINED_HEIGHT_END
  0
LWPOLYLINE
  5
22DA5
330
19
100
AcDbEntity
  8
0
370
     0
100
AcDbPolyline
 90
        4
 70
     1
 43
0.0
 10
2949.82990625882
 20
10714.31341393103
 10
4328.205236449369
 20
10714.31341393103
 10
4328.205236449369
 20
9769.578666549165
 10
2949.82990625882
 20
9769.578666549165
  0
LWPOLYLINE
  5
22DA6
330
19
100
AcDbEntity
  8
—b”ÜÖ^”Ú
370
     0
100
AcDbPolyline
 90
        4
 70
     1
 43
0.0
 10
2940.729551858914
 20
9758.932092100645
 10
4340.649317871133
 20
9758.932092100645
 10
4340.649317871133
 20
10725.54084368671
 10
2940.729551858914
 20
10725.54084368671
  0
MTEXT
  5
22DA7
330
19
100
AcDbEntity
  8
Œƒ◊÷
370
     0
100
AcDbMText
 10
4167.207702293271
 20
9918.303971354433
 30
0.0
 40
10.53491694601829
 41
98.82879604664672
 71
     2
 72
     5
  1
{\fArial|b0|i0|c0|p34;SU-32189S\fPMingLiU|b0|i0|c136|p18;}
 73
     1
 44
1.0
1001
ACAD
1000
MTEXTBEGIN
1070
    73
1070
     1
1070
    44
1040
1.0
1070
    74
1070
     0
1000
MTEXTEND
1000
ACAD_MTEXT_DEFINED_HEIGHT_BEGIN
1070
    46
1040
22.07879388494251
1000
ACAD_MTEXT_DEFINED_HEIGHT_END
  0
LWPOLYLINE
  5
23492
330
19
100
AcDbEntity
  8
CONT
  6
ACAD_ISO02W100
 62
     2
100
AcDbPolyline
 90
       13
 70
     0
 43
0.0
 10
3292.850225283564
 20
10514.95195461529
 42
0.3757494445831501
 10
3209.14907018109
 20
10431.57949154467
 42
0.0342686039033728
 10
3209.14907018109
 20
10185.17602652358
 42
0.37574944458315
 10
3292.850225283896
 20
10101.80356345292
 42
0.0161453292017237
 10
3389.627118809136
 20
10098.67775903413
 10
3790.027118809478
 20
10098.67775903413
 42
0.0161453292017237
 10
3886.804012335057
 20
10101.80356345292
 42
0.37574944458315
 10
3970.505167437861
 20
10185.17602652378
 42
0.0342686039033728
 10
3970.505167437863
 20
10431.57949154467
 42
0.3757494445831501
 10
3886.80401233539
 20
10514.95195461529
 42
0.0161453292017236
 10
3790.027118809476
 20
10518.07775903413
 10
3389.627118809477
 20
10518.07775903413
 42
0.0161453292017236
 10
3292.850225283896
 20
10514.95195461533
  0
LWPOLYLINE
  5
23493
330
19
100
AcDbEntity
  8
CONT
 62
     3
100
AcDbPolyline
 90
       12
 70
     1
 43
0.0
 10
3293.259996086975
 20
10508.61518983437
 42
0.3757494445831489
 10
3215.484173592096
 20
10431.1447907604
 42
0.0342686039033727
 10
3215.484173592096
 20
10185.61072730785
 42
0.3757494445831468
 10
3293.259996087296
 20
10108.14032823384
 42
0.0161453292017239
 10
3389.627118809136
 20
10105.02775903413
 10
3790.027118809478
 20
10105.02775903413
 42
0.0161453292017237
 10
3886.394241531638
 20
10108.14032823384
 42
0.3757494445831468
 10
3964.170064026856
 20
10185.61072730805
 42
0.0342686039033727
 10
3964.170064026856
 20
10431.14479076041
 42
0.375749444583152
 10
3886.394241531979
 20
10508.61518983437
 42
0.0161453292017236
 10
3790.027118809474
 20
10511.72775903413
 10
3389.627118809477
 20
10511.72775903413
 42
0.0161453292017236
  0
LWPOLYLINE
  5
23494
330
19
100
AcDbEntity
  8
0
100
AcDbPolyline
 90
       12
 70
     1
 43
0.0
 10
3292.440454480153
 20
10521.2887193962
 42
0.3757494445831464
 10
3202.813966770082
 20
10432.01419232895
 42
0.0342686039033728
 10
3202.813966770082
 20
10184.74132573932
 42
0.3757494445831462
 10
3292.440454480495
 20
10095.466798672
 42
0.0161453292017239
 10
3389.627118809135
 20
10092.32775903413
 10
3790.027118809478
 20
10092.32775903413
 42
0.0161453292017237
 10
3887.213783138476
 20
10095.466798672
 42
0.375749444583151
 10
3976.840270848869
 20
10184.7413257395
 42
0.0342686039033728
 10
3976.840270848871
 20
10432.01419232894
 42
0.375749444583148
 10
3887.213783138802
 20
10521.2887193962
 42
0.0161453292017236
 10
3790.027118809479
 20
10524.42775903413
 10
3389.627118809477
 20
10524.42775903413
 42
0.0161453292017236
  0
LINE
  5
23495
330
19
100
AcDbEntity
  8
CONT
  6
ACAD_ISO02W100
 62
     2
100
AcDbLine
 10
3589.827118809477
 20
10524.42775903413
 30
0.0
 11
3589.827118809477
 21
10092.32775903413
 31
0.0
  0
LINE
  5
23496
330
19
100
AcDbEntity
  8
CONT
  6
ACAD_ISO02W100
 62
     2
100
AcDbLine
 10
3198.577118809476
 20
10308.37775903413
 30
0.0
 11
3981.077118809472
 21
10308.37775903405
 31
0.0
  0
CIRCLE
  5
23497
330
19
100
AcDbEntity
  8
CONT
100
AcDbCircle
 10
3224.927118809477
 20
10308.37775903413
 30
0.0
 40
2.5
  0
DIMENSION
  5
23498
330
19
100
AcDbEntity
  8
0
100
AcDbDimension
  2
*D3
 10
3204.927118809477
 20
10323.07700167083
 30
0.0
 11
3083.302118809477
 21
10323.07700167083
 31
0.0
 70
   160
 71
     5
 42
20.0
  3
mm+in
100
AcDbAlignedDimension
 13
3224.927118809477
 23
10308.37775903413
 33
0.0
 14
3204.927118809477
 24
10308.37775903413
 34
0.0
 50
0.0
100
AcDbRotatedDimension
1001
ACAD
1000
DSTYLE
1002
{
1070
    40
1040
3.5
1070
   278
1070
    46
1070
   288
1070
     1
1002
}
1001
ACAD_DSTYLE_DIMARC_LENGTH_SYMBOL
1070
   379
1070
     1
  0
CIRCLE
  5
23499
330
19
100
AcDbEntity
  8
CONT
100
AcDbCircle
 10
3589.827118809477
 20
10118.67775903413
 30
0.0
 40
2.5
  0
CIRCLE
  5
2349A
330
19
100
AcDbEntity
  8
CONT
100
AcDbCircle
 10
3589.827118809477
 20
10498.07775903413
 30
0.0
 40
2.5
  0
CIRCLE
  5
2349B
330
19
100
AcDbEntity
  8
CONT
100
AcDbCircle
 10
3954.727118809472
 20
10308.37775903423
 30
0.0
 40
2.5
  0
DIMENSION
  5
2349C
330
19
100
AcDbEntity
  8
0
100
AcDbDimension
  2
*D4
 10
3957.170311416445
 20
10307.84784405498
 30
0.0
 11
3853.578379353882
 21
10346.43256973742
 31
0.0
 70
    35
 71
     5
 42
4.999999999998316
  3
mm+in
100
AcDbDiametricDimension
 15
3952.283926202502
 25
10308.90767401348
 35
0.0
 40
0.0
1001
ACAD_DSTYLE_DIMRADIAL_EXTENSION
1070
   387
1070
     1
1070
   388
1040
0.0
1070
   390
1040
0.0
1001
ACAD
1000
DSTYLE
1002
{
1070
    40
1040
3.5
1070
   278
1070
    46
1070
   288
1070
     1
1002
}
1001
ACAD_DSTYLE_DIMARC_LENGTH_SYMBOL
1070
   379
1070
     1
  0
MTEXT
  5
2349D
330
19
100
AcDbEntity
  8
Œƒ◊÷
100
AcDbMText
 10
3498.912653059103
 20
10239.07617047813
 30
0.0
 40
5.2
 41
327.0043348498846
 71
     1
 72
     5
  3
\A1;\fTahoma|b1|i0|c0|p34;Use outside line for reveal mount cut\fTahoma|b0|i0|c0|p34; \PSink rim is {\H0.7x;\S1#4;}\H1.00002x;'' revealed from the countertop opening\P\fTahoma|b1|i0|c0|p34;Use the inside line for flush mount cut \P\fTahoma|b0|i0|c0|
  1
p34;Sink wall is flush to the edge of countertop opening \PPlease check the actual template against physical sink unit for the most accurate cut \P\fTahoma|b1|i0|c0|p34; 
 73
     1
 44
1.0
1001
ACAD
1000
MTEXTBEGIN
1070
    73
1070
     1
1070
    44
1040
1.0
1070
    74
1070
     0
1000
MTEXTEND
  0
MTEXT
  5
2349E
330
19
100
AcDbEntity
  8
Œƒ◊÷
100
AcDbMText
 10
3562.608161554762
 20
10207.3174562472
 30
0.0
 40
2.6
 41
18.80154677781502
 71
     1
 72
     5
  1
{\fTahoma|b0|i0|c163|p34;^ }
 73
     1
 44
1.0
1001
ACAD
1000
MTEXTBEGIN
1070
    73
1070
     1
1070
    44
1040
1.0
1070
    74
1070
     0
1000
MTEXTEND
  0
INSERT
  5
2349F
330
19
100
AcDbEntity
  8
CONT
100
AcDbBlockReference
  2
df
 10
5696.832100653309
 20
9951.978732847983
 30
0.0
 41
1.404
 42
1.404
 43
1.404
  0
SPLINE
  5
234A0
330
19
100
AcDbEntity
  8
ºöåçæÄ
100
AcDbSpline
210
0.0
220
0.0
230
1.0
 70
     8
 71
     3
 72
    12
 73
     8
 74
     0
 42
0.000000001
 43
0.0000000001
 40
0.0
 40
0.0
 40
0.0
 40
0.0
 40
0.3333333333333333
 40
0.3333333333333333
 40
0.3333333333333333
 40
0.3333333433333333
 40
1.0
 40
1.0
 40
1.0
 40
1.0
 10
3849.84064585738
 20
10474.15306461513
 30
0.0
 10
3849.84064585738
 20
10475.70203619354
 30
0.0
 10
3849.224307371084
 20
10477.18759030713
 30
0.0
 10
3848.130752461969
 20
10478.28273065287
 30
0.0
 10
3848.130752461969
 20
10478.28273065287
 30
0.0
 10
3847.035215757074
 20
10479.37866371692
 30
0.0
 10
3845.54847256602
 20
10479.99302040744
 30
0.0
 10
3845.61028576966
 20
10479.99302040744
 30
0.0
  0
SPLINE
  5
234A1
330
19
100
AcDbEntity
  8
ºöåçæÄ
100
AcDbSpline
210
0.0
220
0.0
230
1.0
 70
     8
 71
     3
 72
    12
 73
     8
 74
     0
 42
0.000000001
 43
0.0000000001
 40
0.0
 40
0.0
 40
0.0
 40
0.0
 40
0.3333333333333333
 40
0.3333333333333333
 40
0.3333333333333333
 40
0.3333333433333333
 40
1.0
 40
1.0
 40
1.0
 40
1.0
 10
3845.294783882141
 20
10488.75850312409
 30
0.0
 10
3845.294783882141
 20
10489.19568727225
 30
0.0
 10
3845.121178572174
 20
10489.61543161757
 30
0.0
 10
3844.812414790292
 20
10489.92419539945
 30
0.0
 10
3844.812414790292
 20
10489.92419539945
 30
0.0
 10
3844.503254649258
 20
10490.23295918133
 30
0.0
 10
3844.083906663101
 20
10490.4065644913
 30
0.0
 10
3843.646722514931
 20
10490.4065644913
 30
0.0
  0
SPLINE
  5
234A2
330
19
100
AcDbEntity
  8
ºöåçæÄ
100
AcDbSpline
210
0.0
220
0.0
230
1.0
 70
     8
 71
     3
 72
    16
 73
    12
 74
     0
 42
0.000000001
 43
0.0000000001
 40
0.0
 40
0.0
 40
0.0
 40
0.0
 40
0.25
 40
0.25
 40
0.25
 40
0.25000001
 40
0.5
 40
0.5
 40
0.5
 40
0.5000000100000001
 40
1.0
 40
1.0
 40
1.0
 40
1.0
 10
3822.08319903691
 20
10475.93588809509
 30
0.0
 10
3822.298025699011
 20
10475.37860712292
 30
0.0
 10
3822.728471741529
 20
10474.93151399589
 30
0.0
 10
3823.277825530595
 20
10474.69766209433
 30
0.0
 10
3823.277825530595
 20
10474.69766209433
 30
0.0
 10
3823.827575678826
 20
10474.4653956294
 30
0.0
 10
3824.447877756675
 20
10474.4653956294
 30
0.0
 10
3824.999213341513
 20
10474.69766209433
 30
0.0
 10
3824.999213341513
 20
10474.69766209433
 30
0.0
 10
3825.548567130586
 20
10474.93151399589
 30
0.0
 10
3825.979013173105
 20
10475.37860712292
 30
0.0
 10
3826.193839835213
 20
10475.93588809509
 30
0.0
  0
SPLINE
  5
234A3
330
19
100
AcDbEntity
  8
ºöåçæÄ
100
AcDbSpline
210
0.0
220
0.0
230
1.0
 70
     8
 71
     3
 72
    12
 73
     8
 74
     0
 42
0.000000001
 43
0.0000000001
 40
0.0
 40
0.0
 40
0.0
 40
0.0
 40
0.3333333333333333
 40
0.3333333333333333
 40
0.3333333333333333
 40
0.3333333433333333
 40
1.0
 40
1.0
 40
1.0
 40
1.0
 10
3848.690015229912
 20
10474.15306461513
 30
0.0
 10
3848.690015229912
 20
10475.39763236237
 30
0.0
 10
3848.195755363412
 20
10476.5910697786
 30
0.0
 10
3847.316630757232
 20
10477.47019438477
 30
0.0
 10
3847.316630757232
 20
10477.47019438477
 30
0.0
 10
3846.435524355292
 20
10478.34971535009
 30
0.0
 10
3845.242483298221
 20
10478.84357885744
 30
0.0
 10
3843.9995009876
 20
10478.84357885744
 30
0.0
  0
SPLINE
  5
234A4
330
19
100
AcDbEntity
  8
ºöåçæÄ
100
AcDbSpline
210
0.0
220
0.0
230
0.0
 70
    24
 71
     3
 72
     8
 73
     4
 74
     0
 42
0.000000001
 43
0.0000000001
 40
0.0
 40
0.0
 40
0.0
 40
0.0
 40
1.0
 40
1.0
 40
1.0
 40
1.0
 10
3843.64513707831
 20
10490.4065644913
 30
0.0
 10
3843.64513707831
 20
10490.4065644913
 30
0.0
 10
3804.25337880061
 20
10490.4065644913
 30
0.0
 10
3804.25337880061
 20
10490.4065644913
 30
0.0
  0
SPLINE
  5
234A5
330
19
100
AcDbEntity
  8
ºöåçæÄ
100
AcDbSpline
210
0.0
220
0.0
230
0.0
 70
    24
 71
     3
 72
     8
 73
     4
 74
     0
 42
0.000000001
 43
0.0000000001
 40
0.0
 40
0.0
 40
0.0
 40
0.0
 40
1.0
 40
1.0
 40
1.0
 40
1.0
 10
3804.996155857406
 20
10480.53603245003
 30
0.0
 10
3804.996155857406
 20
10480.53603245003
 30
0.0
 10
3845.29319844552
 20
10480.53603245003
 30
0.0
 10
3845.29319844552
 20
10480.53603245003
 30
0.0
  0
SPLINE
  5
234A6
330
19
100
AcDbEntity
  8
ºöåçæÄ
100
AcDbSpline
210
0.0
220
0.0
230
0.0
 70
    24
 71
     3
 72
     8
 73
     4
 74
     0
 42
0.000000001
 43
0.0000000001
 40
0.0
 40
0.0
 40
0.0
 40
0.0
 40
1.0
 40
1.0
 40
1.0
 40
1.0
 10
3831.630302007557
 20
10479.99460584406
 30
0.0
 10
3831.630302007557
 20
10479.99460584406
 30
0.0
 10
3844.000690065062
 20
10479.99302040744
 30
0.0
 10
3844.000690065062
 20
10479.99302040744
 30
0.0
  0
SPLINE
  5
234A7
330
19
100
AcDbEntity
  8
ºöåçæÄ
100
AcDbSpline
210
0.0
220
0.0
230
0.0
 70
    24
 71
     3
 72
     8
 73
     4
 74
     0
 42
0.000000001
 43
0.0000000001
 40
0.0
 40
0.0
 40
0.0
 40
0.0
 40
1.0
 40
1.0
 40
1.0
 40
1.0
 10
3849.839060420766
 20
10474.15306461513
 30
0.0
 10
3849.839060420766
 20
10474.15306461513
 30
0.0
 10
3849.839060420766
 20
10464.39430585561
 30
0.0
 10
3849.839060420766
 20
10464.39430585561
 30
0.0
  0
SPLINE
  5
234A8
330
19
100
AcDbEntity
  8
ºöåçæÄ
100
AcDbSpline
210
0.0
220
0.0
230
0.0
 70
    24
 71
     3
 72
     8
 73
     4
 74
     0
 42
0.000000001
 43
0.0000000001
 40
0.0
 40
0.0
 40
0.0
 40
0.0
 40
1.0
 40
1.0
 40
1.0
 40
1.0
 10
3849.899997940854
 20
10464.39430585561
 30
0.0
 10
3849.899997940854
 20
10464.39430585561
 30
0.0
 10
3848.750952749993
 20
10464.39430585561
 30
0.0
 10
3848.750952749993
 20
10464.39430585561
 30
0.0
  0
SPLINE
  5
234A9
330
19
100
AcDbEntity
  8
ºöåçæÄ
100
AcDbSpline
210
0.0
220
0.0
230
0.0
 70
    24
 71
     3
 72
     8
 73
     4
 74
     0
 42
0.000000001
 43
0.0000000001
 40
0.0
 40
0.0
 40
0.0
 40
0.0
 40
1.0
 40
1.0
 40
1.0
 40
1.0
 10
3848.68803343414
 20
10464.39430585561
 30
0.0
 10
3848.68803343414
 20
10464.39430585561
 30
0.0
 10
3848.68803343414
 20
10474.15306461513
 30
0.0
 10
3848.68803343414
 20
10474.15306461513
 30
0.0
  0
SPLINE
  5
234AA
330
19
100
AcDbEntity
  8
ºöåçæÄ
100
AcDbSpline
210
0.0
220
0.0
230
0.0
 70
    24
 71
     3
 72
     8
 73
     4
 74
     0
 42
0.000000001
 43
0.0000000001
 40
0.0
 40
0.0
 40
0.0
 40
0.0
 40
1.0
 40
1.0
 40
1.0
 40
1.0
 10
3843.9995009876
 20
10478.84357885744
 30
0.0
 10
3843.9995009876
 20
10478.84357885744
 30
0.0
 10
3831.629112930095
 20
10478.84357885744
 30
0.0
 10
3831.629112930095
 20
10478.84357885744
 30
0.0
  0
SPLINE
  5
234AB
330
19
100
AcDbEntity
  8
ºöåçæÄ
100
AcDbSpline
210
0.0
220
0.0
230
0.0
 70
    24
 71
     3
 72
     8
 73
     4
 74
     0
 42
0.000000001
 43
0.0000000001
 40
0.0
 40
0.0
 40
0.0
 40
0.0
 40
1.0
 40
1.0
 40
1.0
 40
1.0
 10
3831.629112930095
 20
10478.84357885744
 30
0.0
 10
3831.629112930095
 20
10478.84357885744
 30
0.0
 10
3831.629112930095
 20
10479.99302040744
 30
0.0
 10
3831.629112930095
 20
10479.99302040744
 30
0.0
  0
SPLINE
  5
234AC
330
19
100
AcDbEntity
  8
ºöåçæÄ
100
AcDbSpline
210
0.0
220
0.0
230
0.0
 70
    24
 71
     3
 72
     8
 73
     4
 74
     0
 42
0.000000001
 43
0.0000000001
 40
0.0
 40
0.0
 40
0.0
 40
0.0
 40
1.0
 40
1.0
 40
1.0
 40
1.0
 10
3839.928080921104
 20
10477.51101937775
 30
0.0
 10
3839.928080921104
 20
10477.51101937775
 30
0.0
 10
3841.243200597956
 20
10478.77738687853
 30
0.0
 10
3841.243200597956
 20
10478.77738687853
 30
0.0
  0
SPLINE
  5
234AD
330
19
100
AcDbEntity
  8
ºöåçæÄ
100
AcDbSpline
210
0.0
220
0.0
230
0.0
 70
    24
 71
     3
 72
     8
 73
     4
 74
     0
 42
0.000000001
 43
0.0000000001
 40
0.0
 40
0.0
 40
0.0
 40
0.0
 40
1.0
 40
1.0
 40
1.0
 40
1.0
 10
3841.243200597956
 20
10478.77738687853
 30
0.0
 10
3841.243200597956
 20
10478.77738687853
 30
0.0
 10
3842.307424929611
 20
10477.66995939897
 30
0.0
 10
3842.307424929611
 20
10477.66995939897
 30
0.0
  0
SPLINE
  5
234AE
330
19
100
AcDbEntity
  8
ºöåçæÄ
100
AcDbSpline
210
0.0
220
0.0
230
0.0
 70
    24
 71
     3
 72
     8
 73
     4
 74
     0
 42
0.000000001
 43
0.0000000001
 40
0.0
 40
0.0
 40
0.0
 40
0.0
 40
1.0
 40
1.0
 40
1.0
 40
1.0
 10
3842.307424929611
 20
10477.66995939897
 30
0.0
 10
3842.307424929611
 20
10477.66995939897
 30
0.0
 10
3840.586433477844
 20
10476.01436720781
 30
0.0
 10
3840.586433477844
 20
10476.01436720781
 30
0.0
  0
SPLINE
  5
234AF
330
19
100
AcDbEntity
  8
ºöåçæÄ
100
AcDbSpline
210
0.0
220
0.0
230
0.0
 70
    24
 71
     3
 72
     8
 73
     4
 74
     0
 42
0.000000001
 43
0.0000000001
 40
0.0
 40
0.0
 40
0.0
 40
0.0
 40
1.0
 40
1.0
 40
1.0
 40
1.0
 10
3808.927642317567
 20
10479.17216059708
 30
0.0
 10
3808.927642317567
 20
10479.17216059708
 30
0.0
 10
3807.614504436473
 20
10480.53603245003
 30
0.0
 10
3807.614504436473
 20
10480.53603245003
 30
0.0
  0
SPLINE
  5
234B0
330
19
100
AcDbEntity
  8
ºöåçæÄ
100
AcDbSpline
210
0.0
220
0.0
230
0.0
 70
    24
 71
     3
 72
     8
 73
     4
 74
     0
 42
0.000000001
 43
0.0000000001
 40
0.0
 40
0.0
 40
0.0
 40
0.0
 40
1.0
 40
1.0
 40
1.0
 40
1.0
 10
3807.614504436473
 20
10480.53603245003
 30
0.0
 10
3807.614504436473
 20
10480.53603245003
 30
0.0
 10
3806.556225492159
 20
10479.51659670292
 30
0.0
 10
3806.556225492159
 20
10479.51659670292
 30
0.0
  0
SPLINE
  5
234B1
330
19
100
AcDbEntity
  8
ºöåçæÄ
100
AcDbSpline
210
0.0
220
0.0
230
0.0
 70
    24
 71
     3
 72
     8
 73
     4
 74
     0
 42
0.000000001
 43
0.0000000001
 40
0.0
 40
0.0
 40
0.0
 40
0.0
 40
1.0
 40
1.0
 40
1.0
 40
1.0
 10
3806.556225492159
 20
10479.51659670292
 30
0.0
 10
3806.556225492159
 20
10479.51659670292
 30
0.0
 10
3808.108367943822
 20
10477.90420765968
 30
0.0
 10
3808.108367943822
 20
10477.90420765968
 30
0.0
  0
SPLINE
  5
234B2
330
19
100
AcDbEntity
  8
ºöåçæÄ
100
AcDbSpline
210
0.0
220
0.0
230
0.0
 70
    24
 71
     3
 72
     8
 73
     4
 74
     0
 42
0.000000001
 43
0.0000000001
 40
0.0
 40
0.0
 40
0.0
 40
0.0
 40
1.0
 40
1.0
 40
1.0
 40
1.0
 10
3808.927642317567
 20
10479.17216059708
 30
0.0
 10
3808.927642317567
 20
10479.17216059708
 30
0.0
 10
3839.926099125332
 20
10477.51101937775
 30
0.0
 10
3839.926099125332
 20
10477.51101937775
 30
0.0
  0
SPLINE
  5
234B3
330
19
100
AcDbEntity
  8
ºöåçæÄ
100
AcDbSpline
210
0.0
220
0.0
230
0.0
 70
    24
 71
     3
 72
     8
 73
     4
 74
     0
 42
0.000000001
 43
0.0000000001
 40
0.0
 40
0.0
 40
0.0
 40
0.0
 40
1.0
 40
1.0
 40
1.0
 40
1.0
 10
3840.586433477844
 20
10476.01436720781
 30
0.0
 10
3840.586433477844
 20
10476.01436720781
 30
0.0
 10
3808.106782507208
 20
10477.90420765968
 30
0.0
 10
3808.106782507208
 20
10477.90420765968
 30
0.0
  0
SPLINE
  5
234B4
330
19
100
AcDbEntity
  8
ºöåçæÄ
100
AcDbSpline
210
0.0
220
0.0
230
0.0
 70
    24
 71
     3
 72
     8
 73
     4
 74
     0
 42
0.000000001
 43
0.0000000001
 40
0.0
 40
0.0
 40
0.0
 40
0.0
 40
1.0
 40
1.0
 40
1.0
 40
1.0
 10
3826.168076490116
 20
10478.24864376553
 30
0.0
 10
3826.168076490116
 20
10478.24864376553
 30
0.0
 10
3826.168076490116
 20
10476.85425225763
 30
0.0
 10
3826.168076490116
 20
10476.85425225763
 30
0.0
  0
SPLINE
  5
234B5
330
19
100
AcDbEntity
  8
ºöåçæÄ
100
AcDbSpline
210
0.0
220
0.0
230
0.0
 70
    24
 71
     3
 72
     8
 73
     4
 74
     0
 42
0.000000001
 43
0.0000000001
 40
0.0
 40
0.0
 40
0.0
 40
0.0
 40
1.0
 40
1.0
 40
1.0
 40
1.0
 10
3822.305952882116
 20
10478.45514688537
 30
0.0
 10
3822.305952882116
 20
10478.45514688537
 30
0.0
 10
3822.305952882116
 20
10477.07859153945
 30
0.0
 10
3822.305952882116
 20
10477.07859153945
 30
0.0
  0
SPLINE
  5
234B6
330
19
100
AcDbEntity
  8
ºöåçæÄ
100
AcDbSpline
210
0.0
220
0.0
230
0.0
 70
    24
 71
     3
 72
     8
 73
     4
 74
     0
 42
0.000000001
 43
0.0000000001
 40
0.0
 40
0.0
 40
0.0
 40
0.0
 40
1.0
 40
1.0
 40
1.0
 40
1.0
 10
3822.081613600289
 20
10475.93588809509
 30
0.0
 10
3822.081613600289
 20
10475.93588809509
 30
0.0
 10
3826.192254398585
 20
10475.93588809509
 30
0.0
 10
3826.192254398585
 20
10475.93588809509
 30
0.0
  0
SPLINE
  5
234B7
330
19
100
AcDbEntity
  8
ºöåçæÄ
100
AcDbSpline
210
0.0
220
0.0
230
0.0
 70
    24
 71
     3
 72
     8
 73
     4
 74
     0
 42
0.000000001
 43
0.0000000001
 40
0.0
 40
0.0
 40
0.0
 40
0.0
 40
1.0
 40
1.0
 40
1.0
 40
1.0
 10
3823.200139136183
 20
10485.68513423488
 30
0.0
 10
3823.200139136183
 20
10485.68513423488
 30
0.0
 10
3823.200139136183
 20
10475.93588809509
 30
0.0
 10
3823.200139136183
 20
10475.93588809509
 30
0.0
  0
SPLINE
  5
234B8
330
19
100
AcDbEntity
  8
ºöåçæÄ
100
AcDbSpline
210
0.0
220
0.0
230
0.0
 70
    24
 71
     3
 72
     8
 73
     4
 74
     0
 42
0.000000001
 43
0.0000000001
 40
0.0
 40
0.0
 40
0.0
 40
0.0
 40
1.0
 40
1.0
 40
1.0
 40
1.0
 10
3825.119310165529
 20
10485.68513423488
 30
0.0
 10
3825.119310165529
 20
10485.68513423488
 30
0.0
 10
3825.119310165529
 20
10475.93588809509
 30
0.0
 10
3825.119310165529
 20
10475.93588809509
 30
0.0
  0
SPLINE
  5
234B9
330
19
100
AcDbEntity
  8
ºöåçæÄ
100
AcDbSpline
210
0.0
220
0.0
230
0.0
 70
    24
 71
     3
 72
     8
 73
     4
 74
     0
 42
0.000000001
 43
0.0000000001
 40
0.0
 40
0.0
 40
0.0
 40
0.0
 40
1.0
 40
1.0
 40
1.0
 40
1.0
 10
3821.631745959165
 20
10477.03618110985
 30
0.0
 10
3821.631745959165
 20
10477.03618110985
 30
0.0
 10
3826.936616891995
 20
10476.72741732797
 30
0.0
 10
3826.936616891995
 20
10476.72741732797
 30
0.0
  0
SPLINE
  5
234BA
330
19
100
AcDbEntity
  8
ºöåçæÄ
100
AcDbSpline
210
0.0
220
0.0
230
0.0
 70
    24
 71
     3
 72
     8
 73
     4
 74
     0
 42
0.000000001
 43
0.0000000001
 40
0.0
 40
0.0
 40
0.0
 40
0.0
 40
1.0
 40
1.0
 40
1.0
 40
1.0
 10
3823.200139136183
 20
10485.68513423488
 30
0.0
 10
3823.200139136183
 20
10485.68513423488
 30
0.0
 10
3824.147833876208
 20
10487.06287865826
 30
0.0
 10
3824.147833876208
 20
10487.06287865826
 30
0.0
  0
SPLINE
  5
234BB
330
19
100
AcDbEntity
  8
ºöåçæÄ
100
AcDbSpline
210
0.0
220
0.0
230
0.0
 70
    24
 71
     3
 72
     8
 73
     4
 74
     0
 42
0.000000001
 43
0.0000000001
 40
0.0
 40
0.0
 40
0.0
 40
0.0
 40
1.0
 40
1.0
 40
1.0
 40
1.0
 10
3824.147833876208
 20
10487.06287865826
 30
0.0
 10
3824.147833876208
 20
10487.06287865826
 30
0.0
 10
3825.119310165529
 20
10485.68513423488
 30
0.0
 10
3825.119310165529
 20
10485.68513423488
 30
0.0
  0
SPLINE
  5
234BC
330
19
100
AcDbEntity
  8
ºöåçæÄ
100
AcDbSpline
210
0.0
220
0.0
230
0.0
 70
    24
 71
     3
 72
     8
 73
     4
 74
     0
 42
0.000000001
 43
0.0000000001
 40
0.0
 40
0.0
 40
0.0
 40
0.0
 40
1.0
 40
1.0
 40
1.0
 40
1.0
 10
3826.889450152542
 20
10475.92439367959
 30
0.0
 10
3826.889450152542
 20
10475.92439367959
 30
0.0
 10
3821.584182860553
 20
10476.23355382063
 30
0.0
 10
3821.584182860553
 20
10476.23355382063
 30
0.0
  0
SPLINE
  5
234BD
330
19
100
AcDbEntity
  8
ºöåçæÄ
100
AcDbSpline
210
0.0
220
0.0
230
0.0
 70
    24
 71
     3
 72
     8
 73
     4
 74
     0
 42
0.000000001
 43
0.0000000001
 40
0.0
 40
0.0
 40
0.0
 40
0.0
 40
1.0
 40
1.0
 40
1.0
 40
1.0
 10
3826.936616891995
 20
10476.72741732797
 30
0.0
 10
3826.936616891995
 20
10476.72741732797
 30
0.0
 10
3826.889450152542
 20
10475.92439367959
 30
0.0
 10
3826.889450152542
 20
10475.92439367959
 30
0.0
  0
SPLINE
  5
234BE
330
19
100
AcDbEntity
  8
ºöåçæÄ
100
AcDbSpline
210
0.0
220
0.0
230
0.0
 70
    24
 71
     3
 72
     8
 73
     4
 74
     0
 42
0.000000001
 43
0.0000000001
 40
0.0
 40
0.0
 40
0.0
 40
0.0
 40
1.0
 40
1.0
 40
1.0
 40
1.0
 10
3821.631745959165
 20
10477.03618110985
 30
0.0
 10
3821.631745959165
 20
10477.03618110985
 30
0.0
 10
3821.584182860553
 20
10476.23355382063
 30
0.0
 10
3821.584182860553
 20
10476.23355382063
 30
0.0
  0
SPLINE
  5
234BF
330
19
100
AcDbEntity
  8
ºöåçæÄ
100
AcDbSpline
210
0.0
220
0.0
230
0.0
 70
    24
 71
     3
 72
     8
 73
     4
 74
     0
 42
0.000000001
 43
0.0000000001
 40
0.0
 40
0.0
 40
0.0
 40
0.0
 40
1.0
 40
1.0
 40
1.0
 40
1.0
 10
3825.816902278631
 20
10480.53603245003
 30
0.0
 10
3825.816902278631
 20
10480.53603245003
 30
0.0
 10
3825.816902278631
 20
10487.53771692616
 30
0.0
 10
3825.816902278631
 20
10487.53771692616
 30
0.0
  0
SPLINE
  5
234C0
330
19
100
AcDbEntity
  8
ºöåçæÄ
100
AcDbSpline
210
0.0
220
0.0
230
0.0
 70
    24
 71
     3
 72
     8
 73
     4
 74
     0
 42
0.000000001
 43
0.0000000001
 40
0.0
 40
0.0
 40
0.0
 40
0.0
 40
1.0
 40
1.0
 40
1.0
 40
1.0
 10
3825.816902278631
 20
10487.53771692616
 30
0.0
 10
3825.816902278631
 20
10487.53771692616
 30
0.0
 10
3822.655541656974
 20
10487.53771692616
 30
0.0
 10
3822.655541656974
 20
10487.53771692616
 30
0.0
  0
SPLINE
  5
234C1
330
19
100
AcDbEntity
  8
ºöåçæÄ
100
AcDbSpline
210
0.0
220
0.0
230
0.0
 70
    24
 71
     3
 72
     8
 73
     4
 74
     0
 42
0.000000001
 43
0.0000000001
 40
0.0
 40
0.0
 40
0.0
 40
0.0
 40
1.0
 40
1.0
 40
1.0
 40
1.0
 10
3822.655541656974
 20
10487.53771692616
 30
0.0
 10
3822.655541656974
 20
10487.53771692616
 30
0.0
 10
3822.655541656974
 20
10480.53603245003
 30
0.0
 10
3822.655541656974
 20
10480.53603245003
 30
0.0
  0
SPLINE
  5
234C2
330
19
100
AcDbEntity
  8
ºöåçæÄ
100
AcDbSpline
210
0.0
220
0.0
230
0.0
 70
    24
 71
     3
 72
     8
 73
     4
 74
     0
 42
0.000000001
 43
0.0000000001
 40
0.0
 40
0.0
 40
0.0
 40
0.0
 40
1.0
 40
1.0
 40
1.0
 40
1.0
 10
3845.291613008907
 20
10480.53603245003
 30
0.0
 10
3845.291613008907
 20
10480.53603245003
 30
0.0
 10
3845.291613008907
 20
10488.75850312409
 30
0.0
 10
3845.291613008907
 20
10488.75850312409
 30
0.0
  0
SPLINE
  5
234C3
330
19
100
AcDbEntity
  8
ºöåçæÄ
100
AcDbSpline
210
0.0
220
0.0
230
0.0
 70
    24
 71
     3
 72
     8
 73
     4
 74
     0
 42
0.000000001
 43
0.0000000001
 40
0.0
 40
0.0
 40
0.0
 40
0.0
 40
1.0
 40
1.0
 40
1.0
 40
1.0
 10
3830.504245647709
 20
10480.53603245003
 30
0.0
 10
3830.504245647709
 20
10480.53603245003
 30
0.0
 10
3831.627131134315
 20
10479.41909235075
 30
0.0
 10
3831.627131134315
 20
10479.41909235075
 30
0.0
  0
SPLINE
  5
234C4
330
19
100
AcDbEntity
  8
ºöåçæÄ
100
AcDbSpline
210
0.0
220
0.0
230
0.0
 70
    24
 71
     3
 72
     8
 73
     4
 74
     0
 42
0.000000001
 43
0.0000000001
 40
0.0
 40
0.0
 40
0.0
 40
0.0
 40
1.0
 40
1.0
 40
1.0
 40
1.0
 10
3845.291613008907
 20
10480.53603245003
 30
0.0
 10
3845.291613008907
 20
10480.53603245003
 30
0.0
 10
3845.61028576966
 20
10479.99302040744
 30
0.0
 10
3845.61028576966
 20
10479.99302040744
 30
0.0
  0
SPLINE
  5
234C5
330
19
100
AcDbEntity
  8
ºöåçæÄ
100
AcDbSpline
210
0.0
220
0.0
230
1.0
 70
     8
 71
     3
 72
    12
 73
     8
 74
     0
 42
0.000000001
 43
0.0000000001
 40
0.0
 40
0.0
 40
0.0
 40
0.0
 40
0.3333333333333333
 40
0.3333333333333333
 40
0.3333333333333333
 40
0.3333333433333333
 40
1.0
 40
1.0
 40
1.0
 40
1.0
 10
3804.992984984163
 20
10480.53603245003
 30
0.0
 10
3803.879215758125
 20
10482.6795427612
 30
0.0
 10
3805.056006089833
 20
10484.44453007919
 30
0.0
 10
3805.376264287215
 20
10486.51907389736
 30
0.0
 10
3805.376264287215
 20
10486.51907389736
 30
0.0
 10
3805.595847259172
 20
10487.94081418697
 30
0.0
 10
3805.411936611175
 20
10489.5100000823
 30
0.0
 10
3804.251397004837
 20
10490.40458269552
 30
0.0
  0
SPLINE
  5
234C6
330
19
100
AcDbEntity
  8
ºöåçæÄ
100
AcDbSpline
210
0.0
220
0.0
230
1.0
 70
    11
 71
     3
 72
    28
 73
    24
 74
     0
 42
0.000000001
 43
0.0000000001
 40
0.0
 40
0.0
 40
0.0
 40
0.0
 40
0.1428571428571428
 40
0.1428571428571428
 40
0.1428571428571428
 40
0.1428571528571428
 40
0.2857142857142857
 40
0.2857142857142857
 40
0.2857142857142857
 40
0.2857142957142857
 40
0.4285714285714289
 40
0.4285714285714289
 40
0.4285714285714289
 40
0.4285714385714289
 40
0.5714285714285714
 40
0.5714285714285714
 40
0.5714285714285714
 40
0.5714285814285715
 40
0.7142857142857145
 40
0.7142857142857145
 40
0.7142857142857145
 40
0.7142857242857146
 40
1.0
 40
1.0
 40
1.0
 40
1.0
 10
3804.950970913719
 20
10489.54805056119
 30
0.0
 10
3804.950970913719
 20
10489.54805056119
 30
0.0
 10
3805.15430316032
 20
10489.54805056119
 30
0.0
 10
3805.15430316032
 20
10489.54805056119
 30
0.0
 10
3805.15430316032
 20
10489.54805056119
 30
0.0
 10
3805.15430316032
 20
10489.66022020211
 30
0.0
 10
3805.062744195484
 20
10489.7513828078
 30
0.0
 10
3804.950970913719
 20
10489.7513828078
 30
0.0
 10
3804.950970913719
 20
10489.7513828078
 30
0.0
 10
3804.838801272801
 20
10489.7513828078
 30
0.0
 10
3804.747638667117
 20
10489.66022020211
 30
0.0
 10
3804.747638667117
 20
10489.54805056119
 30
0.0
 10
3804.747638667117
 20
10489.54805056119
 30
0.0
 10
3804.747638667117
 20
10489.43627727944
 30
0.0
 10
3804.838801272801
 20
10489.34511467375
 30
0.0
 10
3804.950970913719
 20
10489.34511467375
 30
0.0
 10
3804.950970913719
 20
10489.34511467375
 30
0.0
 10
3805.062744195484
 20
10489.34511467375
 30
0.0
 10
3805.15430316032
 20
10489.43627727944
 30
0.0
 10
3805.15430316032
 20
10489.54805056119
 30
0.0
 10
3805.15430316032
 20
10489.54805056119
 30
0.0
 10
3805.15430316032
 20
10489.54805056119
 30
0.0
 10
3804.950970913719
 20
10489.54805056119
 30
0.0
 10
3804.950970913719
 20
10489.54805056119
 30
0.0
  0
SPLINE
  5
234C7
330
19
100
AcDbEntity
  8
ºöåçæÄ
100
AcDbSpline
210
0.0
220
0.0
230
0.0
 70
    24
 71
     3
 72
     8
 73
     4
 74
     0
 42
0.000000001
 43
0.0000000001
 40
0.0
 40
0.0
 40
0.0
 40
0.0
 40
1.0
 40
1.0
 40
1.0
 40
1.0
 10
3805.109910934936
 20
10489.70778330073
 30
0.0
 10
3805.109910934936
 20
10489.70778330073
 30
0.0
 10
3805.808692125508
 20
10490.4065644913
 30
0.0
 10
3805.808692125508
 20
10490.4065644913
 30
0.0
  0
SPLINE
  5
234C8
330
19
100
AcDbEntity
  8
ºöåçæÄ
100
AcDbSpline
210
0.0
220
0.0
230
0.0
 70
    24
 71
     3
 72
     8
 73
     4
 74
     0
 42
0.000000001
 43
0.0000000001
 40
0.0
 40
0.0
 40
0.0
 40
0.0
 40
1.0
 40
1.0
 40
1.0
 40
1.0
 10
3805.416692921039
 20
10487.80763751083
 30
0.0
 10
3805.416692921039
 20
10487.80763751083
 30
0.0
 10
3807.04097273894
 20
10489.43112461042
 30
0.0
 10
3807.04097273894
 20
10489.43112461042
 30
0.0
  0
SPLINE
  5
234C9
330
19
100
AcDbEntity
  8
ºöåçæÄ
100
AcDbSpline
210
0.0
220
0.0
230
1.0
 70
    11
 71
     3
 72
    28
 73
    24
 74
     0
 42
0.000000001
 43
0.0000000001
 40
0.0
 40
0.0
 40
0.0
 40
0.0
 40
0.1428571428571428
 40
0.1428571428571428
 40
0.1428571428571428
 40
0.1428571528571428
 40
0.2857142857142857
 40
0.2857142857142857
 40
0.2857142857142857
 40
0.2857142957142857
 40
0.4285714285714289
 40
0.4285714285714289
 40
0.4285714285714289
 40
0.4285714385714289
 40
0.5714285714285714
 40
0.5714285714285714
 40
0.5714285714285714
 40
0.5714285814285715
 40
0.7142857142857145
 40
0.7142857142857145
 40
0.7142857142857145
 40
0.7142857242857146
 40
1.0
 40
1.0
 40
1.0
 40
1.0
 10
3807.593497401262
 20
10489.98404563189
 30
0.0
 10
3807.593497401262
 20
10489.98404563189
 30
0.0
 10
3807.796829647863
 20
10489.98404563189
 30
0.0
 10
3807.796829647863
 20
10489.98404563189
 30
0.0
 10
3807.796829647863
 20
10489.98404563189
 30
0.0
 10
3807.796829647863
 20
10490.09581891364
 30
0.0
 10
3807.705667042172
 20
10490.18737787849
 30
0.0
 10
3807.593497401262
 20
10490.18737787849
 30
0.0
 10
3807.593497401262
 20
10490.18737787849
 30
0.0
 10
3807.481724119496
 20
10490.18737787849
 30
0.0
 10
3807.390561513797
 20
10490.09581891364
 30
0.0
 10
3807.390561513797
 20
10489.98404563189
 30
0.0
 10
3807.390561513797
 20
10489.98404563189
 30
0.0
 10
3807.390561513797
 20
10489.87227235012
 30
0.0
 10
3807.481724119496
 20
10489.78071338528
 30
0.0
 10
3807.593497401262
 20
10489.78071338528
 30
0.0
 10
3807.593497401262
 20
10489.78071338528
 30
0.0
 10
3807.705667042172
 20
10489.78071338528
 30
0.0
 10
3807.796829647863
 20
10489.87227235012
 30
0.0
 10
3807.796829647863
 20
10489.98404563189
 30
0.0
 10
3807.796829647863
 20
10489.98404563189
 30
0.0
 10
3807.796829647863
 20
10489.98404563189
 30
0.0
 10
3807.593497401262
 20
10489.98404563189
 30
0.0
 10
3807.593497401262
 20
10489.98404563189
 30
0.0
  0
SPLINE
  5
234CA
330
19
100
AcDbEntity
  8
ºöåçæÄ
100
AcDbSpline
210
0.0
220
0.0
230
0.0
 70
    24
 71
     3
 72
     8
 73
     4
 74
     0
 42
0.000000001
 43
0.0000000001
 40
0.0
 40
0.0
 40
0.0
 40
0.0
 40
1.0
 40
1.0
 40
1.0
 40
1.0
 10
3805.106740061702
 20
10485.28996415717
 30
0.0
 10
3805.106740061702
 20
10485.28996415717
 30
0.0
 10
3806.213374822937
 20
10486.39501348179
 30
0.0
 10
3806.213374822937
 20
10486.39501348179
 30
0.0
  0
SPLINE
  5
234CB
330
19
100
AcDbEntity
  8
ºöåçæÄ
100
AcDbSpline
210
0.0
220
0.0
230
1.0
 70
    11
 71
     3
 72
    28
 73
    24
 74
     0
 42
0.000000001
 43
0.0000000001
 40
0.0
 40
0.0
 40
0.0
 40
0.0
 40
0.1428571428571428
 40
0.1428571428571428
 40
0.1428571428571428
 40
0.1428571528571428
 40
0.2857142857142857
 40
0.2857142857142857
 40
0.2857142857142857
 40
0.2857142957142857
 40
0.4285714285714289
 40
0.4285714285714289
 40
0.4285714285714289
 40
0.4285714385714289
 40
0.5714285714285714
 40
0.5714285714285714
 40
0.5714285714285714
 40
0.5714285814285715
 40
0.7142857142857145
 40
0.7142857142857145
 40
0.7142857142857145
 40
0.7142857242857146
 40
1.0
 40
1.0
 40
1.0
 40
1.0
 10
3806.766692203563
 20
10486.94793450326
 30
0.0
 10
3806.766692203563
 20
10486.94793450326
 30
0.0
 10
3806.970024450157
 20
10486.94793450326
 30
0.0
 10
3806.970024450157
 20
10486.94793450326
 30
0.0
 10
3806.970024450157
 20
10486.94793450326
 30
0.0
 10
3806.970024450157
 20
10487.05970778502
 30
0.0
 10
3806.878465485313
 20
10487.15087039071
 30
0.0
 10
3806.766692203563
 20
10487.15087039071
 30
0.0
 10
3806.766692203563
 20
10487.15087039071
 30
0.0
 10
3806.65452256266
 20
10487.15087039071
 30
0.0
 10
3806.563359956961
 20
10487.05970778502
 30
0.0
 10
3806.563359956961
 20
10486.94793450326
 30
0.0
 10
3806.563359956961
 20
10486.94793450326
 30
0.0
 10
3806.563359956961
 20
10486.83576486235
 30
0.0
 10
3806.65452256266
 20
10486.74460225666
 30
0.0
 10
3806.766692203563
 20
10486.74460225666
 30
0.0
 10
3806.766692203563
 20
10486.74460225666
 30
0.0
 10
3806.878465485313
 20
10486.74460225666
 30
0.0
 10
3806.970024450157
 20
10486.83576486235
 30
0.0
 10
3806.970024450157
 20
10486.94793450326
 30
0.0
 10
3806.970024450157
 20
10486.94793450326
 30
0.0
 10
3806.970024450157
 20
10486.94793450326
 30
0.0
 10
3806.766692203563
 20
10486.94793450326
 30
0.0
 10
3806.766692203563
 20
10486.94793450326
 30
0.0
  0
SPLINE
  5
234CC
330
19
100
AcDbEntity
  8
ºöåçæÄ
100
AcDbSpline
210
0.0
220
0.0
230
0.0
 70
    24
 71
     3
 72
     8
 73
     4
 74
     0
 42
0.000000001
 43
0.0000000001
 40
0.0
 40
0.0
 40
0.0
 40
0.0
 40
1.0
 40
1.0
 40
1.0
 40
1.0
 10
3807.316838710939
 20
10487.50006280642
 30
0.0
 10
3807.316838710939
 20
10487.50006280642
 30
0.0
 10
3810.077083867565
 20
10490.25991160388
 30
0.0
 10
3810.077083867565
 20
10490.25991160388
 30
0.0
  0
SPLINE
  5
234CD
330
19
100
AcDbEntity
  8
ºöåçæÄ
100
AcDbSpline
210
0.0
220
0.0
230
1.0
 70
    11
 71
     3
 72
    28
 73
    24
 74
     0
 42
0.000000001
 43
0.0000000001
 40
0.0
 40
0.0
 40
0.0
 40
0.0
 40
0.1428571428571428
 40
0.1428571428571428
 40
0.1428571428571428
 40
0.1428571528571428
 40
0.2857142857142857
 40
0.2857142857142857
 40
0.2857142857142857
 40
0.2857142957142857
 40
0.4285714285714289
 40
0.4285714285714289
 40
0.4285714285714289
 40
0.4285714385714289
 40
0.5714285714285714
 40
0.5714285714285714
 40
0.5714285714285714
 40
0.5714285814285715
 40
0.7142857142857145
 40
0.7142857142857145
 40
0.7142857142857145
 40
0.7142857242857146
 40
1.0
 40
1.0
 40
1.0
 40
1.0
 10
3810.223340395822
 20
10490.4065644913
 30
0.0
 10
3810.223340395822
 20
10490.4065644913
 30
0.0
 10
3810.426672642431
 20
10490.4065644913
 30
0.0
 10
3810.426672642431
 20
10490.4065644913
 30
0.0
 10
3810.426672642431
 20
10490.4065644913
 30
0.0
 10
3810.426672642431
 20
10490.51833777306
 30
0.0
 10
3810.335510036739
 20
10490.6098967379
 30
0.0
 10
3810.223340395822
 20
10490.6098967379
 30
0.0
 10
3810.223340395822
 20
10490.6098967379
 30
0.0
 10
3810.11156711407
 20
10490.6098967379
 30
0.0
 10
3810.020404508379
 20
10490.51833777306
 30
0.0
 10
3810.020404508379
 20
10490.4065644913
 30
0.0
 10
3810.020404508379
 20
10490.4065644913
 30
0.0
 10
3810.020404508379
 20
10490.29439485039
 30
0.0
 10
3810.11156711407
 20
10490.2032322447
 30
0.0
 10
3810.223340395822
 20
10490.2032322447
 30
0.0
 10
3810.223340395822
 20
10490.2032322447
 30
0.0
 10
3810.335510036739
 20
10490.2032322447
 30
0.0
 10
3810.426672642431
 20
10490.29439485039
 30
0.0
 10
3810.426672642431
 20
10490.4065644913
 30
0.0
 10
3810.426672642431
 20
10490.4065644913
 30
0.0
 10
3810.426672642431
 20
10490.4065644913
 30
0.0
 10
3810.223340395822
 20
10490.4065644913
 30
0.0
 10
3810.223340395822
 20
10490.4065644913
 30
0.0
  0
SPLINE
  5
234CE
330
19
100
AcDbEntity
  8
ºöåçæÄ
100
AcDbSpline
210
0.0
220
0.0
230
0.0
 70
    24
 71
     3
 72
     8
 73
     4
 74
     0
 42
0.000000001
 43
0.0000000001
 40
0.0
 40
0.0
 40
0.0
 40
0.0
 40
1.0
 40
1.0
 40
1.0
 40
1.0
 10
3804.566502533197
 20
10482.5416097752
 30
0.0
 10
3804.566502533197
 20
10482.5416097752
 30
0.0
 10
3805.385776906942
 20
10483.36048778979
 30
0.0
 10
3805.385776906942
 20
10483.36048778979
 30
0.0
  0
SPLINE
  5
234CF
330
19
100
AcDbEntity
  8
ºöåçæÄ
100
AcDbSpline
210
0.0
220
0.0
230
1.0
 70
    11
 71
     3
 72
    28
 73
    24
 74
     0
 42
0.000000001
 43
0.0000000001
 40
0.0
 40
0.0
 40
0.0
 40
0.0
 40
0.1428571428571428
 40
0.1428571428571428
 40
0.1428571428571428
 40
0.1428571528571428
 40
0.2857142857142857
 40
0.2857142857142857
 40
0.2857142857142857
 40
0.2857142957142857
 40
0.4285714285714289
 40
0.4285714285714289
 40
0.4285714285714289
 40
0.4285714385714289
 40
0.5714285714285714
 40
0.5714285714285714
 40
0.5714285714285714
 40
0.5714285814285715
 40
0.7142857142857145
 40
0.7142857142857145
 40
0.7142857142857145
 40
0.7142857242857146
 40
1.0
 40
1.0
 40
1.0
 40
1.0
 10
3805.939094287568
 20
10483.9130124521
 30
0.0
 10
3805.939094287568
 20
10483.9130124521
 30
0.0
 10
3806.142426534162
 20
10483.9130124521
 30
0.0
 10
3806.142426534162
 20
10483.9130124521
 30
0.0
 10
3806.142426534162
 20
10483.9130124521
 30
0.0
 10
3806.142426534162
 20
10484.02478573386
 30
0.0
 10
3806.051263928477
 20
10484.1163446987
 30
0.0
 10
3805.939094287568
 20
10484.1163446987
 30
0.0
 10
3805.939094287568
 20
10484.1163446987
 30
0.0
 10
3805.827321005809
 20
10484.1163446987
 30
0.0
 10
3805.73615840011
 20
10484.02478573386
 30
0.0
 10
3805.73615840011
 20
10483.9130124521
 30
0.0
 10
3805.73615840011
 20
10483.9130124521
 30
0.0
 10
3805.73615840011
 20
10483.80123917034
 30
0.0
 10
3805.827321005809
 20
10483.7096802055
 30
0.0
 10
3805.939094287568
 20
10483.7096802055
 30
0.0
 10
3805.939094287568
 20
10483.7096802055
 30
0.0
 10
3806.051263928477
 20
10483.7096802055
 30
0.0
 10
3806.142426534162
 20
10483.80123917034
 30
0.0
 10
3806.142426534162
 20
10483.9130124521
 30
0.0
 10
3806.142426534162
 20
10483.9130124521
 30
0.0
 10
3806.142426534162
 20
10483.9130124521
 30
0.0
 10
3805.939094287568
 20
10483.9130124521
 30
0.0
 10
3805.939094287568
 20
10483.9130124521
 30
0.0
  0
SPLINE
  5
234D0
330
19
100
AcDbEntity
  8
ºöåçæÄ
100
AcDbSpline
210
0.0
220
0.0
230
0.0
 70
    24
 71
     3
 72
     8
 73
     4
 74
     0
 42
0.000000001
 43
0.0000000001
 40
0.0
 40
0.0
 40
0.0
 40
0.0
 40
1.0
 40
1.0
 40
1.0
 40
1.0
 10
3806.489637154095
 20
10484.46395167779
 30
0.0
 10
3806.489637154095
 20
10484.46395167779
 30
0.0
 10
3809.247504155783
 20
10487.22419683442
 30
0.0
 10
3809.247504155783
 20
10487.22419683442
 30
0.0
  0
SPLINE
  5
234D1
330
19
100
AcDbEntity
  8
ºöåçæÄ
100
AcDbSpline
210
0.0
220
0.0
230
1.0
 70
    11
 71
     3
 72
    28
 73
    24
 74
     0
 42
0.000000001
 43
0.0000000001
 40
0.0
 40
0.0
 40
0.0
 40
0.0
 40
0.1428571428571428
 40
0.1428571428571428
 40
0.1428571428571428
 40
0.1428571528571428
 40
0.2857142857142857
 40
0.2857142857142857
 40
0.2857142857142857
 40
0.2857142957142857
 40
0.4285714285714289
 40
0.4285714285714289
 40
0.4285714285714289
 40
0.4285714385714289
 40
0.5714285714285714
 40
0.5714285714285714
 40
0.5714285714285714
 40
0.5714285814285715
 40
0.7142857142857145
 40
0.7142857142857145
 40
0.7142857142857145
 40
0.7142857242857146
 40
1.0
 40
1.0
 40
1.0
 40
1.0
 10
3809.801217895567
 20
10487.77513606011
 30
0.0
 10
3809.801217895567
 20
10487.77513606011
 30
0.0
 10
3810.004153783017
 20
10487.77513606011
 30
0.0
 10
3810.004153783017
 20
10487.77513606011
 30
0.0
 10
3810.004153783017
 20
10487.77513606011
 30
0.0
 10
3810.004153783017
 20
10487.88690934187
 30
0.0
 10
3809.912991177326
 20
10487.97846830671
 30
0.0
 10
3809.801217895567
 20
10487.97846830671
 30
0.0
 10
3809.801217895567
 20
10487.97846830671
 30
0.0
 10
3809.68904825465
 20
10487.97846830671
 30
0.0
 10
3809.597885648958
 20
10487.88690934187
 30
0.0
 10
3809.597885648958
 20
10487.77513606011
 30
0.0
 10
3809.597885648958
 20
10487.77513606011
 30
0.0
 10
3809.597885648958
 20
10487.66296641919
 30
0.0
 10
3809.68904825465
 20
10487.57220017266
 30
0.0
 10
3809.801217895567
 20
10487.57220017266
 30
0.0
 10
3809.801217895567
 20
10487.57220017266
 30
0.0
 10
3809.912991177326
 20
10487.57220017266
 30
0.0
 10
3810.004153783017
 20
10487.66296641919
 30
0.0
 10
3810.004153783017
 20
10487.77513606011
 30
0.0
 10
3810.004153783017
 20
10487.77513606011
 30
0.0
 10
3810.004153783017
 20
10487.77513606011
 30
0.0
 10
3809.801217895567
 20
10487.77513606011
 30
0.0
 10
3809.801217895567
 20
10487.77513606011
 30
0.0
  0
SPLINE
  5
234D2
330
19
100
AcDbEntity
  8
ºöåçæÄ
100
AcDbSpline
210
0.0
220
0.0
230
0.0
 70
    24
 71
     3
 72
     8
 73
     4
 74
     0
 42
0.000000001
 43
0.0000000001
 40
0.0
 40
0.0
 40
0.0
 40
0.0
 40
1.0
 40
1.0
 40
1.0
 40
1.0
 10
3810.352949839564
 20
10488.32766072242
 30
0.0
 10
3810.352949839564
 20
10488.32766072242
 30
0.0
 10
3812.431853608444
 20
10490.4065644913
 30
0.0
 10
3812.431853608444
 20
10490.4065644913
 30
0.0
  0
SPLINE
  5
234D3
330
19
100
AcDbEntity
  8
ºöåçæÄ
100
AcDbSpline
210
0.0
220
0.0
230
1.0
 70
    11
 71
     3
 72
    28
 73
    24
 74
     0
 42
0.000000001
 43
0.0000000001
 40
0.0
 40
0.0
 40
0.0
 40
0.0
 40
0.1428571428571428
 40
0.1428571428571428
 40
0.1428571428571428
 40
0.1428571528571428
 40
0.2857142857142857
 40
0.2857142857142857
 40
0.2857142857142857
 40
0.2857142957142857
 40
0.4285714285714289
 40
0.4285714285714289
 40
0.4285714285714289
 40
0.4285714385714289
 40
0.5714285714285714
 40
0.5714285714285714
 40
0.5714285714285714
 40
0.5714285814285715
 40
0.7142857142857145
 40
0.7142857142857145
 40
0.7142857142857145
 40
0.7142857242857146
 40
1.0
 40
1.0
 40
1.0
 40
1.0
 10
3805.110307294095
 20
10480.87729768263
 30
0.0
 10
3805.110307294095
 20
10480.87729768263
 30
0.0
 10
3805.313639540704
 20
10480.87729768263
 30
0.0
 10
3805.313639540704
 20
10480.87729768263
 30
0.0
 10
3805.313639540704
 20
10480.87729768263
 30
0.0
 10
3805.313639540704
 20
10480.98907096439
 30
0.0
 10
3805.222476935006
 20
10481.08062992924
 30
0.0
 10
3805.110307294095
 20
10481.08062992924
 30
0.0
 10
3805.110307294095
 20
10481.08062992924
 30
0.0
 10
3804.998534012337
 20
10481.08062992924
 30
0.0
 10
3804.906975047487
 20
10480.98907096439
 30
0.0
 10
3804.906975047487
 20
10480.87729768263
 30
0.0
 10
3804.906975047487
 20
10480.87729768263
 30
0.0
 10
3804.906975047487
 20
10480.76512804172
 30
0.0
 10
3804.998534012337
 20
10480.67396543603
 30
0.0
 10
3805.110307294095
 20
10480.67396543603
 30
0.0
 10
3805.110307294095
 20
10480.67396543603
 30
0.0
 10
3805.222476935006
 20
10480.67396543603
 30
0.0
 10
3805.313639540704
 20
10480.76512804172
 30
0.0
 10
3805.313639540704
 20
10480.87729768263
 30
0.0
 10
3805.313639540704
 20
10480.87729768263
 30
0.0
 10
3805.313639540704
 20
10480.87729768263
 30
0.0
 10
3805.110307294095
 20
10480.87729768263
 30
0.0
 10
3805.110307294095
 20
10480.87729768263
 30
0.0
  0
SPLINE
  5
234D4
330
19
100
AcDbEntity
  8
ºöåçæÄ
100
AcDbSpline
210
0.0
220
0.0
230
0.0
 70
    24
 71
     3
 72
     8
 73
     4
 74
     0
 42
0.000000001
 43
0.0000000001
 40
0.0
 40
0.0
 40
0.0
 40
0.0
 40
1.0
 40
1.0
 40
1.0
 40
1.0
 10
3805.662435597244
 20
10481.42982234494
 30
0.0
 10
3805.662435597244
 20
10481.42982234494
 30
0.0
 10
3808.420698958105
 20
10484.18808570579
 30
0.0
 10
3808.420698958105
 20
10484.18808570579
 30
0.0
  0
SPLINE
  5
234D5
330
19
100
AcDbEntity
  8
ºöåçæÄ
100
AcDbSpline
210
0.0
220
0.0
230
1.0
 70
    11
 71
     3
 72
    28
 73
    24
 74
     0
 42
0.000000001
 43
0.0000000001
 40
0.0
 40
0.0
 40
0.0
 40
0.0
 40
0.1428571428571428
 40
0.1428571428571428
 40
0.1428571428571428
 40
0.1428571528571428
 40
0.2857142857142857
 40
0.2857142857142857
 40
0.2857142857142857
 40
0.2857142957142857
 40
0.4285714285714289
 40
0.4285714285714289
 40
0.4285714285714289
 40
0.4285714385714289
 40
0.5714285714285714
 40
0.5714285714285714
 40
0.5714285714285714
 40
0.5714285814285715
 40
0.7142857142857145
 40
0.7142857142857145
 40
0.7142857142857145
 40
0.7142857242857146
 40
1.0
 40
1.0
 40
1.0
 40
1.0
 10
3808.973619979564
 20
10484.7406103681
 30
0.0
 10
3808.973619979564
 20
10484.7406103681
 30
0.0
 10
3809.176555867021
 20
10484.7406103681
 30
0.0
 10
3809.176555867021
 20
10484.7406103681
 30
0.0
 10
3809.176555867021
 20
10484.7406103681
 30
0.0
 10
3809.176555867021
 20
10484.85238364986
 30
0.0
 10
3809.08539326133
 20
10484.94354625555
 30
0.0
 10
3808.973619979564
 20
10484.94354625555
 30
0.0
 10
3808.973619979564
 20
10484.94354625555
 30
0.0
 10
3808.861450338648
 20
10484.94354625555
 30
0.0
 10
3808.770287732956
 20
10484.85238364986
 30
0.0
 10
3808.770287732956
 20
10484.7406103681
 30
0.0
 10
3808.770287732956
 20
10484.7406103681
 30
0.0
 10
3808.770287732956
 20
10484.62844072719
 30
0.0
 10
3808.861450338648
 20
10484.5372781215
 30
0.0
 10
3808.973619979564
 20
10484.5372781215
 30
0.0
 10
3808.973619979564
 20
10484.5372781215
 30
0.0
 10
3809.08539326133
 20
10484.5372781215
 30
0.0
 10
3809.176555867021
 20
10484.62844072719
 30
0.0
 10
3809.176555867021
 20
10484.7406103681
 30
0.0
 10
3809.176555867021
 20
10484.7406103681
 30
0.0
 10
3809.176555867021
 20
10484.7406103681
 30
0.0
 10
3808.973619979564
 20
10484.7406103681
 30
0.0
 10
3808.973619979564
 20
10484.7406103681
 30
0.0
  0
SPLINE
  5
234D6
330
19
100
AcDbEntity
  8
ºöåçæÄ
100
AcDbSpline
210
0.0
220
0.0
230
0.0
 70
    24
 71
     3
 72
     8
 73
     4
 74
     0
 42
0.000000001
 43
0.0000000001
 40
0.0
 40
0.0
 40
0.0
 40
0.0
 40
1.0
 40
1.0
 40
1.0
 40
1.0
 10
3809.524162846099
 20
10485.29154959379
 30
0.0
 10
3809.524162846099
 20
10485.29154959379
 30
0.0
 10
3812.284011643568
 20
10488.05139839126
 30
0.0
 10
3812.284011643568
 20
10488.05139839126
 30
0.0
  0
SPLINE
  5
234D7
330
19
100
AcDbEntity
  8
ºöåçæÄ
100
AcDbSpline
210
0.0
220
0.0
230
1.0
 70
    11
 71
     3
 72
    28
 73
    24
 74
     0
 42
0.000000001
 43
0.0000000001
 40
0.0
 40
0.0
 40
0.0
 40
0.0
 40
0.1428571428571428
 40
0.1428571428571428
 40
0.1428571428571428
 40
0.1428571528571428
 40
0.2857142857142857
 40
0.2857142857142857
 40
0.2857142857142857
 40
0.2857142957142857
 40
0.4285714285714289
 40
0.4285714285714289
 40
0.4285714285714289
 40
0.4285714385714289
 40
0.5714285714285714
 40
0.5714285714285714
 40
0.5714285714285714
 40
0.5714285814285715
 40
0.7142857142857145
 40
0.7142857142857145
 40
0.7142857142857145
 40
0.7142857242857146
 40
1.0
 40
1.0
 40
1.0
 40
1.0
 10
3812.837329024186
 20
10488.60471577188
 30
0.0
 10
3812.837329024186
 20
10488.60471577188
 30
0.0
 10
3813.040264911643
 20
10488.60471577188
 30
0.0
 10
3813.040264911643
 20
10488.60471577188
 30
0.0
 10
3813.040264911643
 20
10488.60471577188
 30
0.0
 10
3813.040264911643
 20
10488.71609269449
 30
0.0
 10
3812.949102305944
 20
10488.80765165933
 30
0.0
 10
3812.837329024186
 20
10488.80765165933
 30
0.0
 10
3812.837329024186
 20
10488.80765165933
 30
0.0
 10
3812.725159383275
 20
10488.80765165933
 30
0.0
 10
3812.633996777591
 20
10488.71609269449
 30
0.0
 10
3812.633996777591
 20
10488.60471577188
 30
0.0
 10
3812.633996777591
 20
10488.60471577188
 30
0.0
 10
3812.633996777591
 20
10488.49214977181
 30
0.0
 10
3812.725159383275
 20
10488.40098716612
 30
0.0
 10
3812.837329024186
 20
10488.40098716612
 30
0.0
 10
3812.837329024186
 20
10488.40098716612
 30
0.0
 10
3812.949102305944
 20
10488.40098716612
 30
0.0
 10
3813.040264911643
 20
10488.49214977181
 30
0.0
 10
3813.040264911643
 20
10488.60471577188
 30
0.0
 10
3813.040264911643
 20
10488.60471577188
 30
0.0
 10
3813.040264911643
 20
10488.60471577188
 30
0.0
 10
3812.837329024186
 20
10488.60471577188
 30
0.0
 10
3812.837329024186
 20
10488.60471577188
 30
0.0
  0
SPLINE
  5
234D8
330
19
100
AcDbEntity
  8
ºöåçæÄ
100
AcDbSpline
210
0.0
220
0.0
230
0.0
 70
    24
 71
     3
 72
     8
 73
     4
 74
     0
 42
0.000000001
 43
0.0000000001
 40
0.0
 40
0.0
 40
0.0
 40
0.0
 40
1.0
 40
1.0
 40
1.0
 40
1.0
 10
3813.389060968189
 20
10489.15525863842
 30
0.0
 10
3813.389060968189
 20
10489.15525863842
 30
0.0
 10
3814.639177743606
 20
10490.4065644913
 30
0.0
 10
3814.639177743606
 20
10490.4065644913
 30
0.0
  0
SPLINE
  5
234D9
330
19
100
AcDbEntity
  8
ºöåçæÄ
100
AcDbSpline
210
0.0
220
0.0
230
0.0
 70
    24
 71
     3
 72
     8
 73
     4
 74
     0
 42
0.000000001
 43
0.0000000001
 40
0.0
 40
0.0
 40
0.0
 40
0.0
 40
1.0
 40
1.0
 40
1.0
 40
1.0
 10
3806.97596983749
 20
10480.53603245003
 30
0.0
 10
3806.97596983749
 20
10480.53603245003
 30
0.0
 10
3807.593101042095
 20
10481.15316365463
 30
0.0
 10
3807.593101042095
 20
10481.15316365463
 30
0.0
  0
SPLINE
  5
234DA
330
19
100
AcDbEntity
  8
ºöåçæÄ
100
AcDbSpline
210
0.0
220
0.0
230
1.0
 70
    11
 71
     3
 72
    28
 73
    24
 74
     0
 42
0.000000001
 43
0.0000000001
 40
0.0
 40
0.0
 40
0.0
 40
0.0
 40
0.1428571428571428
 40
0.1428571428571428
 40
0.1428571428571428
 40
0.1428571528571428
 40
0.2857142857142857
 40
0.2857142857142857
 40
0.2857142857142857
 40
0.2857142957142857
 40
0.4285714285714289
 40
0.4285714285714289
 40
0.4285714285714289
 40
0.4285714385714289
 40
0.5714285714285714
 40
0.5714285714285714
 40
0.5714285714285714
 40
0.5714285814285715
 40
0.7142857142857145
 40
0.7142857142857145
 40
0.7142857142857145
 40
0.7142857242857146
 40
1.0
 40
1.0
 40
1.0
 40
1.0
 10
3808.1448329861
 20
10481.70410288032
 30
0.0
 10
3808.1448329861
 20
10481.70410288032
 30
0.0
 10
3808.347768873549
 20
10481.70410288032
 30
0.0
 10
3808.347768873549
 20
10481.70410288032
 30
0.0
 10
3808.347768873549
 20
10481.70410288032
 30
0.0
 10
3808.347768873549
 20
10481.81627252124
 30
0.0
 10
3808.256606267865
 20
10481.90743512693
 30
0.0
 10
3808.1448329861
 20
10481.90743512693
 30
0.0
 10
3808.1448329861
 20
10481.90743512693
 30
0.0
 10
3808.032663345183
 20
10481.90743512693
 30
0.0
 10
3807.941500739506
 20
10481.81627252124
 30
0.0
 10
3807.941500739506
 20
10481.70410288032
 30
0.0
 10
3807.941500739506
 20
10481.70410288032
 30
0.0
 10
3807.941500739506
 20
10481.59232959857
 30
0.0
 10
3808.032663345183
 20
10481.50116699287
 30
0.0
 10
3808.1448329861
 20
10481.50116699287
 30
0.0
 10
3808.1448329861
 20
10481.50116699287
 30
0.0
 10
3808.256606267865
 20
10481.50116699287
 30
0.0
 10
3808.347768873549
 20
10481.59232959857
 30
0.0
 10
3808.347768873549
 20
10481.70410288032
 30
0.0
 10
3808.347768873549
 20
10481.70410288032
 30
0.0
 10
3808.347768873549
 20
10481.70410288032
 30
0.0
 10
3808.1448329861
 20
10481.70410288032
 30
0.0
 10
3808.1448329861
 20
10481.70410288032
 30
0.0
  0
SPLINE
  5
234DB
330
19
100
AcDbEntity
  8
ºöåçæÄ
100
AcDbSpline
210
0.0
220
0.0
230
0.0
 70
    24
 71
     3
 72
     8
 73
     4
 74
     0
 42
0.000000001
 43
0.0000000001
 40
0.0
 40
0.0
 40
0.0
 40
0.0
 40
1.0
 40
1.0
 40
1.0
 40
1.0
 10
3808.696961289263
 20
10482.25702390179
 30
0.0
 10
3808.696961289263
 20
10482.25702390179
 30
0.0
 10
3811.456810086724
 20
10485.01687269926
 30
0.0
 10
3811.456810086724
 20
10485.01687269926
 30
0.0
  0
SPLINE
  5
234DC
330
19
100
AcDbEntity
  8
ºöåçæÄ
100
AcDbSpline
210
0.0
220
0.0
230
1.0
 70
    11
 71
     3
 72
    28
 73
    24
 74
     0
 42
0.000000001
 43
0.0000000001
 40
0.0
 40
0.0
 40
0.0
 40
0.0
 40
0.1428571428571428
 40
0.1428571428571428
 40
0.1428571428571428
 40
0.1428571528571428
 40
0.2857142857142857
 40
0.2857142857142857
 40
0.2857142857142857
 40
0.2857142957142857
 40
0.4285714285714289
 40
0.4285714285714289
 40
0.4285714285714289
 40
0.4285714385714289
 40
0.5714285714285714
 40
0.5714285714285714
 40
0.5714285714285714
 40
0.5714285814285715
 40
0.7142857142857145
 40
0.7142857142857145
 40
0.7142857142857145
 40
0.7142857242857146
 40
1.0
 40
1.0
 40
1.0
 40
1.0
 10
3812.00973110819
 20
10485.56781192495
 30
0.0
 10
3812.00973110819
 20
10485.56781192495
 30
0.0
 10
3812.213063354799
 20
10485.56781192495
 30
0.0
 10
3812.213063354799
 20
10485.56781192495
 30
0.0
 10
3812.213063354799
 20
10485.56781192495
 30
0.0
 10
3812.213063354799
 20
10485.67998156586
 30
0.0
 10
3812.121900749107
 20
10485.77114417155
 30
0.0
 10
3812.00973110819
 20
10485.77114417155
 30
0.0
 10
3812.00973110819
 20
10485.77114417155
 30
0.0
 10
3811.897957826431
 20
10485.77114417155
 30
0.0
 10
3811.806398861589
 20
10485.67998156586
 30
0.0
 10
3811.806398861589
 20
10485.56781192495
 30
0.0
 10
3811.806398861589
 20
10485.56781192495
 30
0.0
 10
3811.806398861589
 20
10485.45603864319
 30
0.0
 10
3811.897957826431
 20
10485.3648760375
 30
0.0
 10
3812.00973110819
 20
10485.3648760375
 30
0.0
 10
3812.00973110819
 20
10485.3648760375
 30
0.0
 10
3812.121900749107
 20
10485.3648760375
 30
0.0
 10
3812.213063354799
 20
10485.45603864319
 30
0.0
 10
3812.213063354799
 20
10485.56781192495
 30
0.0
 10
3812.213063354799
 20
10485.56781192495
 30
0.0
 10
3812.213063354799
 20
10485.56781192495
 30
0.0
 10
3812.00973110819
 20
10485.56781192495
 30
0.0
 10
3812.00973110819
 20
10485.56781192495
 30
0.0
  0
SPLINE
  5
234DD
330
19
100
AcDbEntity
  8
ºöåçæÄ
100
AcDbSpline
210
0.0
220
0.0
230
0.0
 70
    24
 71
     3
 72
     8
 73
     4
 74
     0
 42
0.000000001
 43
0.0000000001
 40
0.0
 40
0.0
 40
0.0
 40
0.0
 40
1.0
 40
1.0
 40
1.0
 40
1.0
 10
3812.560273974725
 20
10486.12033658726
 30
0.0
 10
3812.560273974725
 20
10486.12033658726
 30
0.0
 10
3815.320122772193
 20
10488.88018538473
 30
0.0
 10
3815.320122772193
 20
10488.88018538473
 30
0.0
  0
SPLINE
  5
234DE
330
19
100
AcDbEntity
  8
ºöåçæÄ
100
AcDbSpline
210
0.0
220
0.0
230
1.0
 70
    11
 71
     3
 72
    28
 73
    24
 74
     0
 42
0.000000001
 43
0.0000000001
 40
0.0
 40
0.0
 40
0.0
 40
0.0
 40
0.1428571428571428
 40
0.1428571428571428
 40
0.1428571428571428
 40
0.1428571528571428
 40
0.2857142857142857
 40
0.2857142857142857
 40
0.2857142857142857
 40
0.2857142957142857
 40
0.4285714285714289
 40
0.4285714285714289
 40
0.4285714285714289
 40
0.4285714385714289
 40
0.5714285714285714
 40
0.5714285714285714
 40
0.5714285714285714
 40
0.5714285814285715
 40
0.7142857142857145
 40
0.7142857142857145
 40
0.7142857142857145
 40
0.7142857242857146
 40
1.0
 40
1.0
 40
1.0
 40
1.0
 10
3815.871458357038
 20
10489.43112461042
 30
0.0
 10
3815.871458357038
 20
10489.43112461042
 30
0.0
 10
3816.07479060364
 20
10489.43112461042
 30
0.0
 10
3816.07479060364
 20
10489.43112461042
 30
0.0
 10
3816.07479060364
 20
10489.43112461042
 30
0.0
 10
3816.07479060364
 20
10489.54329425133
 30
0.0
 10
3815.983627997948
 20
10489.63445685702
 30
0.0
 10
3815.871458357038
 20
10489.63445685702
 30
0.0
 10
3815.871458357038
 20
10489.63445685702
 30
0.0
 10
3815.759685075287
 20
10489.63445685702
 30
0.0
 10
3815.668522469588
 20
10489.54329425133
 30
0.0
 10
3815.668522469588
 20
10489.43112461042
 30
0.0
 10
3815.668522469588
 20
10489.43112461042
 30
0.0
 10
3815.668522469588
 20
10489.31935132866
 30
0.0
 10
3815.759685075287
 20
10489.22779236381
 30
0.0
 10
3815.871458357038
 20
10489.22779236381
 30
0.0
 10
3815.871458357038
 20
10489.22779236381
 30
0.0
 10
3815.983627997948
 20
10489.22779236381
 30
0.0
 10
3816.07479060364
 20
10489.31935132866
 30
0.0
 10
3816.07479060364
 20
10489.43112461042
 30
0.0
 10
3816.07479060364
 20
10489.43112461042
 30
0.0
 10
3816.07479060364
 20
10489.43112461042
 30
0.0
 10
3815.871458357038
 20
10489.43112461042
 30
0.0
 10
3815.871458357038
 20
10489.43112461042
 30
0.0
  0
SPLINE
  5
234DF
330
19
100
AcDbEntity
  8
ºöåçæÄ
100
AcDbSpline
210
0.0
220
0.0
230
0.0
 70
    24
 71
     3
 72
     8
 73
     4
 74
     0
 42
0.000000001
 43
0.0000000001
 40
0.0
 40
0.0
 40
0.0
 40
0.0
 40
1.0
 40
1.0
 40
1.0
 40
1.0
 10
3816.423983019346
 20
10489.98404563189
 30
0.0
 10
3816.423983019346
 20
10489.98404563189
 30
0.0
 10
3816.846501878766
 20
10490.4065644913
 30
0.0
 10
3816.846501878766
 20
10490.4065644913
 30
0.0
  0
SPLINE
  5
234E0
330
19
100
AcDbEntity
  8
ºöåçæÄ
100
AcDbSpline
210
0.0
220
0.0
230
0.0
 70
    24
 71
     3
 72
     8
 73
     4
 74
     0
 42
0.000000001
 43
0.0000000001
 40
0.0
 40
0.0
 40
0.0
 40
0.0
 40
1.0
 40
1.0
 40
1.0
 40
1.0
 10
3809.182897613498
 20
10480.53603245003
 30
0.0
 10
3809.182897613498
 20
10480.53603245003
 30
0.0
 10
3810.629608529873
 20
10481.98076157063
 30
0.0
 10
3810.629608529873
 20
10481.98076157063
 30
0.0
  0
SPLINE
  5
234E1
330
19
100
AcDbEntity
  8
ºöåçæÄ
100
AcDbSpline
210
0.0
220
0.0
230
1.0
 70
    11
 71
     3
 72
    28
 73
    24
 74
     0
 42
0.000000001
 43
0.0000000001
 40
0.0
 40
0.0
 40
0.0
 40
0.0
 40
0.1428571428571428
 40
0.1428571428571428
 40
0.1428571428571428
 40
0.1428571528571428
 40
0.2857142857142857
 40
0.2857142857142857
 40
0.2857142857142857
 40
0.2857142957142857
 40
0.4285714285714289
 40
0.4285714285714289
 40
0.4285714285714289
 40
0.4285714385714289
 40
0.5714285714285714
 40
0.5714285714285714
 40
0.5714285714285714
 40
0.5714285814285715
 40
0.7142857142857145
 40
0.7142857142857145
 40
0.7142857142857145
 40
0.7142857242857146
 40
1.0
 40
1.0
 40
1.0
 40
1.0
 10
3811.180944114725
 20
10482.53328623294
 30
0.0
 10
3811.180944114725
 20
10482.53328623294
 30
0.0
 10
3811.384276361319
 20
10482.53328623294
 30
0.0
 10
3811.384276361319
 20
10482.53328623294
 30
0.0
 10
3811.384276361319
 20
10482.53328623294
 30
0.0
 10
3811.384276361319
 20
10482.6450595147
 30
0.0
 10
3811.292717396483
 20
10482.73622212039
 30
0.0
 10
3811.180944114725
 20
10482.73622212039
 30
0.0
 10
3811.180944114725
 20
10482.73622212039
 30
0.0
 10
3811.068774473815
 20
10482.73622212039
 30
0.0
 10
3810.977611868117
 20
10482.6450595147
 30
0.0
 10
3810.977611868117
 20
10482.53328623294
 30
0.0
 10
3810.977611868117
 20
10482.53328623294
 30
0.0
 10
3810.977611868117
 20
10482.42111659203
 30
0.0
 10
3811.068774473815
 20
10482.32995398634
 30
0.0
 10
3811.180944114725
 20
10482.32995398634
 30
0.0
 10
3811.180944114725
 20
10482.32995398634
 30
0.0
 10
3811.292717396483
 20
10482.32995398634
 30
0.0
 10
3811.384276361319
 20
10482.42111659203
 30
0.0
 10
3811.384276361319
 20
10482.53328623294
 30
0.0
 10
3811.384276361319
 20
10482.53328623294
 30
0.0
 10
3811.384276361319
 20
10482.53328623294
 30
0.0
 10
3811.180944114725
 20
10482.53328623294
 30
0.0
 10
3811.180944114725
 20
10482.53328623294
 30
0.0
  0
SPLINE
  5
234E2
330
19
100
AcDbEntity
  8
ºöåçæÄ
100
AcDbSpline
210
0.0
220
0.0
230
0.0
 70
    24
 71
     3
 72
     8
 73
     4
 74
     0
 42
0.000000001
 43
0.0000000001
 40
0.0
 40
0.0
 40
0.0
 40
0.0
 40
1.0
 40
1.0
 40
1.0
 40
1.0
 10
3811.732676058722
 20
10483.08422545863
 30
0.0
 10
3811.732676058722
 20
10483.08422545863
 30
0.0
 10
3814.492921215342
 20
10485.8440742561
 30
0.0
 10
3814.492921215342
 20
10485.8440742561
 30
0.0
  0
SPLINE
  5
234E3
330
19
100
AcDbEntity
  8
ºöåçæÄ
100
AcDbSpline
210
0.0
220
0.0
230
1.0
 70
    11
 71
     3
 72
    28
 73
    24
 74
     0
 42
0.000000001
 43
0.0000000001
 40
0.0
 40
0.0
 40
0.0
 40
0.0
 40
0.1428571428571428
 40
0.1428571428571428
 40
0.1428571428571428
 40
0.1428571528571428
 40
0.2857142857142857
 40
0.2857142857142857
 40
0.2857142857142857
 40
0.2857142957142857
 40
0.4285714285714289
 40
0.4285714285714289
 40
0.4285714285714289
 40
0.4285714385714289
 40
0.5714285714285714
 40
0.5714285714285714
 40
0.5714285714285714
 40
0.5714285814285715
 40
0.7142857142857145
 40
0.7142857142857145
 40
0.7142857142857145
 40
0.7142857242857146
 40
1.0
 40
1.0
 40
1.0
 40
1.0
 10
3815.044256800194
 20
10486.39501348179
 30
0.0
 10
3815.044256800194
 20
10486.39501348179
 30
0.0
 10
3815.247192687638
 20
10486.39501348179
 30
0.0
 10
3815.247192687638
 20
10486.39501348179
 30
0.0
 10
3815.247192687638
 20
10486.39501348179
 30
0.0
 10
3815.247192687638
 20
10486.50678676355
 30
0.0
 10
3815.156030081953
 20
10486.59794936924
 30
0.0
 10
3815.044256800194
 20
10486.59794936924
 30
0.0
 10
3815.044256800194
 20
10486.59794936924
 30
0.0
 10
3814.932087159285
 20
10486.59794936924
 30
0.0
 10
3814.840924553586
 20
10486.50678676355
 30
0.0
 10
3814.840924553586
 20
10486.39501348179
 30
0.0
 10
3814.840924553586
 20
10486.39501348179
 30
0.0
 10
3814.840924553586
 20
10486.28284384088
 30
0.0
 10
3814.932087159285
 20
10486.19168123519
 30
0.0
 10
3815.044256800194
 20
10486.19168123519
 30
0.0
 10
3815.044256800194
 20
10486.19168123519
 30
0.0
 10
3815.156030081953
 20
10486.19168123519
 30
0.0
 10
3815.247192687638
 20
10486.28284384088
 30
0.0
 10
3815.247192687638
 20
10486.39501348179
 30
0.0
 10
3815.247192687638
 20
10486.39501348179
 30
0.0
 10
3815.247192687638
 20
10486.39501348179
 30
0.0
 10
3815.044256800194
 20
10486.39501348179
 30
0.0
 10
3815.044256800194
 20
10486.39501348179
 30
0.0
  0
SPLINE
  5
234E4
330
19
100
AcDbEntity
  8
ºöåçæÄ
100
AcDbSpline
210
0.0
220
0.0
230
0.0
 70
    24
 71
     3
 72
     8
 73
     4
 74
     0
 42
0.000000001
 43
0.0000000001
 40
0.0
 40
0.0
 40
0.0
 40
0.0
 40
1.0
 40
1.0
 40
1.0
 40
1.0
 10
3815.59479966673
 20
10486.94793450326
 30
0.0
 10
3815.59479966673
 20
10486.94793450326
 30
0.0
 10
3818.355044823349
 20
10489.70778330073
 30
0.0
 10
3818.355044823349
 20
10489.70778330073
 30
0.0
  0
SPLINE
  5
234E5
330
19
100
AcDbEntity
  8
ºöåçæÄ
100
AcDbSpline
210
0.0
220
0.0
230
1.0
 70
    11
 71
     3
 72
    28
 73
    24
 74
     0
 42
0.000000001
 43
0.0000000001
 40
0.0
 40
0.0
 40
0.0
 40
0.0
 40
0.1428571428571428
 40
0.1428571428571428
 40
0.1428571428571428
 40
0.1428571528571428
 40
0.2857142857142857
 40
0.2857142857142857
 40
0.2857142857142857
 40
0.2857142957142857
 40
0.4285714285714289
 40
0.4285714285714289
 40
0.4285714285714289
 40
0.4285714385714289
 40
0.5714285714285714
 40
0.5714285714285714
 40
0.5714285714285714
 40
0.5714285814285715
 40
0.7142857142857145
 40
0.7142857142857145
 40
0.7142857142857145
 40
0.7142857242857146
 40
1.0
 40
1.0
 40
1.0
 40
1.0
 10
3818.907965844816
 20
10490.25991160388
 30
0.0
 10
3818.907965844816
 20
10490.25991160388
 30
0.0
 10
3819.110901732265
 20
10490.25991160388
 30
0.0
 10
3819.110901732265
 20
10490.25991160388
 30
0.0
 10
3819.110901732265
 20
10490.25991160388
 30
0.0
 10
3819.110901732265
 20
10490.3720812448
 30
0.0
 10
3819.019739126574
 20
10490.46324385049
 30
0.0
 10
3818.907965844816
 20
10490.46324385049
 30
0.0
 10
3818.907965844816
 20
10490.46324385049
 30
0.0
 10
3818.795796203906
 20
10490.46324385049
 30
0.0
 10
3818.704633598222
 20
10490.3720812448
 30
0.0
 10
3818.704633598222
 20
10490.25991160388
 30
0.0
 10
3818.704633598222
 20
10490.25991160388
 30
0.0
 10
3818.704633598222
 20
10490.14813832213
 30
0.0
 10
3818.795796203906
 20
10490.05697571644
 30
0.0
 10
3818.907965844816
 20
10490.05697571644
 30
0.0
 10
3818.907965844816
 20
10490.05697571644
 30
0.0
 10
3819.019739126574
 20
10490.05697571644
 30
0.0
 10
3819.110901732265
 20
10490.14813832213
 30
0.0
 10
3819.110901732265
 20
10490.25991160388
 30
0.0
 10
3819.110901732265
 20
10490.25991160388
 30
0.0
 10
3819.110901732265
 20
10490.25991160388
 30
0.0
 10
3818.907965844816
 20
10490.25991160388
 30
0.0
 10
3818.907965844816
 20
10490.25991160388
 30
0.0
  0
SPLINE
  5
234E6
330
19
100
AcDbEntity
  8
ºöåçæÄ
100
AcDbSpline
210
0.0
220
0.0
230
0.0
 70
    24
 71
     3
 72
     8
 73
     4
 74
     0
 42
0.000000001
 43
0.0000000001
 40
0.0
 40
0.0
 40
0.0
 40
0.0
 40
1.0
 40
1.0
 40
1.0
 40
1.0
 10
3811.391807185266
 20
10480.53603245003
 30
0.0
 10
3811.391807185266
 20
10480.53603245003
 30
0.0
 10
3813.663737862718
 20
10482.8095485641
 30
0.0
 10
3813.663737862718
 20
10482.8095485641
 30
0.0
  0
SPLINE
  5
234E7
330
19
100
AcDbEntity
  8
ºöåçæÄ
100
AcDbSpline
210
0.0
220
0.0
230
1.0
 70
    11
 71
     3
 72
    28
 73
    24
 74
     0
 42
0.000000001
 43
0.0000000001
 40
0.0
 40
0.0
 40
0.0
 40
0.0
 40
0.1428571428571428
 40
0.1428571428571428
 40
0.1428571428571428
 40
0.1428571528571428
 40
0.2857142857142857
 40
0.2857142857142857
 40
0.2857142857142857
 40
0.2857142957142857
 40
0.4285714285714289
 40
0.4285714285714289
 40
0.4285714285714289
 40
0.4285714385714289
 40
0.5714285714285714
 40
0.5714285714285714
 40
0.5714285714285714
 40
0.5714285814285715
 40
0.7142857142857145
 40
0.7142857142857145
 40
0.7142857142857145
 40
0.7142857242857146
 40
1.0
 40
1.0
 40
1.0
 40
1.0
 10
3814.217055243343
 20
10483.36048778979
 30
0.0
 10
3814.217055243343
 20
10483.36048778979
 30
0.0
 10
3814.420387489953
 20
10483.36048778979
 30
0.0
 10
3814.420387489953
 20
10483.36048778979
 30
0.0
 10
3814.420387489953
 20
10483.36048778979
 30
0.0
 10
3814.420387489953
 20
10483.4726574307
 30
0.0
 10
3814.329224884261
 20
10483.56382003639
 30
0.0
 10
3814.217055243343
 20
10483.56382003639
 30
0.0
 10
3814.217055243343
 20
10483.56382003639
 30
0.0
 10
3814.105281961585
 20
10483.56382003639
 30
0.0
 10
3814.014119355894
 20
10483.4726574307
 30
0.0
 10
3814.014119355894
 20
10483.36048778979
 30
0.0
 10
3814.014119355894
 20
10483.36048778979
 30
0.0
 10
3814.014119355894
 20
10483.24871450803
 30
0.0
 10
3814.105281961585
 20
10483.15755190234
 30
0.0
 10
3814.217055243343
 20
10483.15755190234
 30
0.0
 10
3814.217055243343
 20
10483.15755190234
 30
0.0
 10
3814.329224884261
 20
10483.15755190234
 30
0.0
 10
3814.420387489953
 20
10483.24871450803
 30
0.0
 10
3814.420387489953
 20
10483.36048778979
 30
0.0
 10
3814.420387489953
 20
10483.36048778979
 30
0.0
 10
3814.420387489953
 20
10483.36048778979
 30
0.0
 10
3814.217055243343
 20
10483.36048778979
 30
0.0
 10
3814.217055243343
 20
10483.36048778979
 30
0.0
  0
SPLINE
  5
234E8
330
19
100
AcDbEntity
  8
ºöåçæÄ
100
AcDbSpline
210
0.0
220
0.0
230
0.0
 70
    24
 71
     3
 72
     8
 73
     4
 74
     0
 42
0.000000001
 43
0.0000000001
 40
0.0
 40
0.0
 40
0.0
 40
0.0
 40
1.0
 40
1.0
 40
1.0
 40
1.0
 10
3814.767598109879
 20
10483.9130124521
 30
0.0
 10
3814.767598109879
 20
10483.9130124521
 30
0.0
 10
3817.527446907354
 20
10486.67127581295
 30
0.0
 10
3817.527446907354
 20
10486.67127581295
 30
0.0
  0
SPLINE
  5
234E9
330
19
100
AcDbEntity
  8
ºöåçæÄ
100
AcDbSpline
210
0.0
220
0.0
230
1.0
 70
    11
 71
     3
 72
    28
 73
    24
 74
     0
 42
0.000000001
 43
0.0000000001
 40
0.0
 40
0.0
 40
0.0
 40
0.0
 40
0.1428571428571428
 40
0.1428571428571428
 40
0.1428571428571428
 40
0.1428571528571428
 40
0.2857142857142857
 40
0.2857142857142857
 40
0.2857142857142857
 40
0.2857142957142857
 40
0.4285714285714289
 40
0.4285714285714289
 40
0.4285714285714289
 40
0.4285714385714289
 40
0.5714285714285714
 40
0.5714285714285714
 40
0.5714285714285714
 40
0.5714285814285715
 40
0.7142857142857145
 40
0.7142857142857145
 40
0.7142857142857145
 40
0.7142857242857146
 40
1.0
 40
1.0
 40
1.0
 40
1.0
 10
3818.08036792882
 20
10487.22419683442
 30
0.0
 10
3818.08036792882
 20
10487.22419683442
 30
0.0
 10
3818.283700175422
 20
10487.22419683442
 30
0.0
 10
3818.283700175422
 20
10487.22419683442
 30
0.0
 10
3818.283700175422
 20
10487.22419683442
 30
0.0
 10
3818.283700175422
 20
10487.33636647533
 30
0.0
 10
3818.192141210579
 20
10487.42752908102
 30
0.0
 10
3818.08036792882
 20
10487.42752908102
 30
0.0
 10
3818.08036792882
 20
10487.42752908102
 30
0.0
 10
3817.968198287903
 20
10487.42752908102
 30
0.0
 10
3817.877035682219
 20
10487.33636647533
 30
0.0
 10
3817.877035682219
 20
10487.22419683442
 30
0.0
 10
3817.877035682219
 20
10487.22419683442
 30
0.0
 10
3817.877035682219
 20
10487.11242355266
 30
0.0
 10
3817.968198287903
 20
10487.02126094697
 30
0.0
 10
3818.08036792882
 20
10487.02126094697
 30
0.0
 10
3818.08036792882
 20
10487.02126094697
 30
0.0
 10
3818.192141210579
 20
10487.02126094697
 30
0.0
 10
3818.283700175422
 20
10487.11242355266
 30
0.0
 10
3818.283700175422
 20
10487.22419683442
 30
0.0
 10
3818.283700175422
 20
10487.22419683442
 30
0.0
 10
3818.283700175422
 20
10487.22419683442
 30
0.0
 10
3818.08036792882
 20
10487.22419683442
 30
0.0
 10
3818.08036792882
 20
10487.22419683442
 30
0.0
  0
SPLINE
  5
234EA
330
19
100
AcDbEntity
  8
ºöåçæÄ
100
AcDbSpline
210
0.0
220
0.0
230
0.0
 70
    24
 71
     3
 72
     8
 73
     4
 74
     0
 42
0.000000001
 43
0.0000000001
 40
0.0
 40
0.0
 40
0.0
 40
0.0
 40
1.0
 40
1.0
 40
1.0
 40
1.0
 10
3818.630910795355
 20
10487.77513606011
 30
0.0
 10
3818.630910795355
 20
10487.77513606011
 30
0.0
 10
3821.260753789923
 20
10490.4065644913
 30
0.0
 10
3821.260753789923
 20
10490.4065644913
 30
0.0
  0
SPLINE
  5
234EB
330
19
100
AcDbEntity
  8
ºöåçæÄ
100
AcDbSpline
210
0.0
220
0.0
230
1.0
 70
    11
 71
     3
 72
    28
 73
    24
 74
     0
 42
0.000000001
 43
0.0000000001
 40
0.0
 40
0.0
 40
0.0
 40
0.0
 40
0.1428571428571428
 40
0.1428571428571428
 40
0.1428571428571428
 40
0.1428571528571428
 40
0.2857142857142857
 40
0.2857142857142857
 40
0.2857142857142857
 40
0.2857142957142857
 40
0.4285714285714289
 40
0.4285714285714289
 40
0.4285714285714289
 40
0.4285714385714289
 40
0.5714285714285714
 40
0.5714285714285714
 40
0.5714285714285714
 40
0.5714285814285715
 40
0.7142857142857145
 40
0.7142857142857145
 40
0.7142857142857145
 40
0.7142857242857146
 40
1.0
 40
1.0
 40
1.0
 40
1.0
 10
3813.599131320435
 20
10480.53603245003
 30
0.0
 10
3813.599131320435
 20
10480.53603245003
 30
0.0
 10
3813.802463567036
 20
10480.53603245003
 30
0.0
 10
3813.802463567036
 20
10480.53603245003
 30
0.0
 10
3813.802463567036
 20
10480.53603245003
 30
0.0
 10
3813.802463567036
 20
10480.64780573179
 30
0.0
 10
3813.711300961344
 20
10480.73896833748
 30
0.0
 10
3813.599131320435
 20
10480.73896833748
 30
0.0
 10
3813.599131320435
 20
10480.73896833748
 30
0.0
 10
3813.487358038683
 20
10480.73896833748
 30
0.0
 10
3813.396195432977
 20
10480.64780573179
 30
0.0
 10
3813.396195432977
 20
10480.53603245003
 30
0.0
 10
3813.396195432977
 20
10480.53603245003
 30
0.0
 10
3813.396195432977
 20
10480.42386280912
 30
0.0
 10
3813.487358038683
 20
10480.33270020342
 30
0.0
 10
3813.599131320435
 20
10480.33270020342
 30
0.0
 10
3813.599131320435
 20
10480.33270020342
 30
0.0
 10
3813.711300961344
 20
10480.33270020342
 30
0.0
 10
3813.802463567036
 20
10480.42386280912
 30
0.0
 10
3813.802463567036
 20
10480.53603245003
 30
0.0
 10
3813.802463567036
 20
10480.53603245003
 30
0.0
 10
3813.802463567036
 20
10480.53603245003
 30
0.0
 10
3813.599131320435
 20
10480.53603245003
 30
0.0
 10
3813.599131320435
 20
10480.53603245003
 30
0.0
  0
SPLINE
  5
234EC
330
19
100
AcDbEntity
  8
ºöåçæÄ
100
AcDbSpline
210
0.0
220
0.0
230
0.0
 70
    24
 71
     3
 72
     8
 73
     4
 74
     0
 42
0.000000001
 43
0.0000000001
 40
0.0
 40
0.0
 40
0.0
 40
0.0
 40
1.0
 40
1.0
 40
1.0
 40
1.0
 10
3813.940396553042
 20
10480.87729768263
 30
0.0
 10
3813.940396553042
 20
10480.87729768263
 30
0.0
 10
3816.699848991359
 20
10483.6371464801
 30
0.0
 10
3816.699848991359
 20
10483.6371464801
 30
0.0
  0
SPLINE
  5
234ED
330
19
100
AcDbEntity
  8
ºöåçæÄ
100
AcDbSpline
210
0.0
220
0.0
230
1.0
 70
    11
 71
     3
 72
    28
 73
    24
 74
     0
 42
0.000000001
 43
0.0000000001
 40
0.0
 40
0.0
 40
0.0
 40
0.0
 40
0.1428571428571428
 40
0.1428571428571428
 40
0.1428571428571428
 40
0.1428571528571428
 40
0.2857142857142857
 40
0.2857142857142857
 40
0.2857142857142857
 40
0.2857142957142857
 40
0.4285714285714289
 40
0.4285714285714289
 40
0.4285714285714289
 40
0.4285714385714289
 40
0.5714285714285714
 40
0.5714285714285714
 40
0.5714285714285714
 40
0.5714285814285715
 40
0.7142857142857145
 40
0.7142857142857145
 40
0.7142857142857145
 40
0.7142857242857146
 40
1.0
 40
1.0
 40
1.0
 40
1.0
 10
3817.251580935355
 20
10484.18808570579
 30
0.0
 10
3817.251580935355
 20
10484.18808570579
 30
0.0
 10
3817.454516822791
 20
10484.18808570579
 30
0.0
 10
3817.454516822791
 20
10484.18808570579
 30
0.0
 10
3817.454516822791
 20
10484.18808570579
 30
0.0
 10
3817.454516822791
 20
10484.29985898755
 30
0.0
 10
3817.363354217107
 20
10484.3914179524
 30
0.0
 10
3817.251580935355
 20
10484.3914179524
 30
0.0
 10
3817.251580935355
 20
10484.3914179524
 30
0.0
 10
3817.139411294446
 20
10484.3914179524
 30
0.0
 10
3817.04824868874
 20
10484.29985898755
 30
0.0
 10
3817.04824868874
 20
10484.18808570579
 30
0.0
 10
3817.04824868874
 20
10484.18808570579
 30
0.0
 10
3817.04824868874
 20
10484.07591606488
 30
0.0
 10
3817.139411294446
 20
10483.98475345919
 30
0.0
 10
3817.251580935355
 20
10483.98475345919
 30
0.0
 10
3817.251580935355
 20
10483.98475345919
 30
0.0
 10
3817.363354217107
 20
10483.98475345919
 30
0.0
 10
3817.454516822791
 20
10484.07591606488
 30
0.0
 10
3817.454516822791
 20
10484.18808570579
 30
0.0
 10
3817.454516822791
 20
10484.18808570579
 30
0.0
 10
3817.454516822791
 20
10484.18808570579
 30
0.0
 10
3817.251580935355
 20
10484.18808570579
 30
0.0
 10
3817.251580935355
 20
10484.18808570579
 30
0.0
  0
SPLINE
  5
234EE
330
19
100
AcDbEntity
  8
ºöåçæÄ
100
AcDbSpline
210
0.0
220
0.0
230
0.0
 70
    24
 71
     3
 72
     8
 73
     4
 74
     0
 42
0.000000001
 43
0.0000000001
 40
0.0
 40
0.0
 40
0.0
 40
0.0
 40
1.0
 40
1.0
 40
1.0
 40
1.0
 10
3817.803709238497
 20
10484.7406103681
 30
0.0
 10
3817.803709238497
 20
10484.7406103681
 30
0.0
 10
3820.563558035973
 20
10487.50006280642
 30
0.0
 10
3820.563558035973
 20
10487.50006280642
 30
0.0
  0
SPLINE
  5
234EF
330
19
100
AcDbEntity
  8
ºöåçæÄ
100
AcDbSpline
210
0.0
220
0.0
230
1.0
 70
    11
 71
     3
 72
    28
 73
    24
 74
     0
 42
0.000000001
 43
0.0000000001
 40
0.0
 40
0.0
 40
0.0
 40
0.0
 40
0.1428571428571428
 40
0.1428571428571428
 40
0.1428571428571428
 40
0.1428571528571428
 40
0.2857142857142857
 40
0.2857142857142857
 40
0.2857142857142857
 40
0.2857142957142857
 40
0.4285714285714289
 40
0.4285714285714289
 40
0.4285714285714289
 40
0.4285714385714289
 40
0.5714285714285714
 40
0.5714285714285714
 40
0.5714285714285714
 40
0.5714285814285715
 40
0.7142857142857145
 40
0.7142857142857145
 40
0.7142857142857145
 40
0.7142857242857146
 40
1.0
 40
1.0
 40
1.0
 40
1.0
 10
3821.115289979969
 20
10488.05139839126
 30
0.0
 10
3821.115289979969
 20
10488.05139839126
 30
0.0
 10
3821.318225867434
 20
10488.05139839126
 30
0.0
 10
3821.318225867434
 20
10488.05139839126
 30
0.0
 10
3821.318225867434
 20
10488.05139839126
 30
0.0
 10
3821.318225867434
 20
10488.16317167302
 30
0.0
 10
3821.227063261728
 20
10488.25433427871
 30
0.0
 10
3821.115289979969
 20
10488.25433427871
 30
0.0
 10
3821.115289979969
 20
10488.25433427871
 30
0.0
 10
3821.003120339073
 20
10488.25433427871
 30
0.0
 10
3820.911957733375
 20
10488.16317167302
 30
0.0
 10
3820.911957733375
 20
10488.05139839126
 30
0.0
 10
3820.911957733375
 20
10488.05139839126
 30
0.0
 10
3820.911957733375
 20
10487.93922875035
 30
0.0
 10
3821.003120339073
 20
10487.84806614466
 30
0.0
 10
3821.115289979969
 20
10487.84806614466
 30
0.0
 10
3821.115289979969
 20
10487.84806614466
 30
0.0
 10
3821.227063261728
 20
10487.84806614466
 30
0.0
 10
3821.318225867434
 20
10487.93922875035
 30
0.0
 10
3821.318225867434
 20
10488.05139839126
 30
0.0
 10
3821.318225867434
 20
10488.05139839126
 30
0.0
 10
3821.318225867434
 20
10488.05139839126
 30
0.0
 10
3821.115289979969
 20
10488.05139839126
 30
0.0
 10
3821.115289979969
 20
10488.05139839126
 30
0.0
  0
SPLINE
  5
234F0
330
19
100
AcDbEntity
  8
ºöåçæÄ
100
AcDbSpline
210
0.0
220
0.0
230
0.0
 70
    24
 71
     3
 72
     8
 73
     4
 74
     0
 42
0.000000001
 43
0.0000000001
 40
0.0
 40
0.0
 40
0.0
 40
0.0
 40
1.0
 40
1.0
 40
1.0
 40
1.0
 10
3821.667021923973
 20
10488.60471577188
 30
0.0
 10
3821.667021923973
 20
10488.60471577188
 30
0.0
 10
3823.469663361711
 20
10490.4065644913
 30
0.0
 10
3823.469663361711
 20
10490.4065644913
 30
0.0
  0
SPLINE
  5
234F1
330
19
100
AcDbEntity
  8
ºöåçæÄ
100
AcDbSpline
210
0.0
220
0.0
230
0.0
 70
    24
 71
     3
 72
     8
 73
     4
 74
     0
 42
0.000000001
 43
0.0000000001
 40
0.0
 40
0.0
 40
0.0
 40
0.0
 40
1.0
 40
1.0
 40
1.0
 40
1.0
 10
3815.806059096443
 20
10480.53603245003
 30
0.0
 10
3815.806059096443
 20
10480.53603245003
 30
0.0
 10
3815.871061997879
 20
10480.60063899232
 30
0.0
 10
3815.871061997879
 20
10480.60063899232
 30
0.0
  0
SPLINE
  5
234F2
330
19
100
AcDbEntity
  8
ºöåçæÄ
100
AcDbSpline
210
0.0
220
0.0
230
1.0
 70
    11
 71
     3
 72
    28
 73
    24
 74
     0
 42
0.000000001
 43
0.0000000001
 40
0.0
 40
0.0
 40
0.0
 40
0.0
 40
0.1428571428571428
 40
0.1428571428571428
 40
0.1428571428571428
 40
0.1428571528571428
 40
0.2857142857142857
 40
0.2857142857142857
 40
0.2857142857142857
 40
0.2857142957142857
 40
0.4285714285714289
 40
0.4285714285714289
 40
0.4285714285714289
 40
0.4285714385714289
 40
0.5714285714285714
 40
0.5714285714285714
 40
0.5714285714285714
 40
0.5714285814285715
 40
0.7142857142857145
 40
0.7142857142857145
 40
0.7142857142857145
 40
0.7142857242857146
 40
1.0
 40
1.0
 40
1.0
 40
1.0
 10
3816.424379378497
 20
10481.15316365463
 30
0.0
 10
3816.424379378497
 20
10481.15316365463
 30
0.0
 10
3816.627711625099
 20
10481.15316365463
 30
0.0
 10
3816.627711625099
 20
10481.15316365463
 30
0.0
 10
3816.627711625099
 20
10481.15316365463
 30
0.0
 10
3816.627711625099
 20
10481.26533329555
 30
0.0
 10
3816.536549019422
 20
10481.35649590124
 30
0.0
 10
3816.424379378497
 20
10481.35649590124
 30
0.0
 10
3816.424379378497
 20
10481.35649590124
 30
0.0
 10
3816.312606096746
 20
10481.35649590124
 30
0.0
 10
3816.221443491063
 20
10481.26533329555
 30
0.0
 10
3816.221443491063
 20
10481.15316365463
 30
0.0
 10
3816.221443491063
 20
10481.15316365463
 30
0.0
 10
3816.221443491063
 20
10481.04139037287
 30
0.0
 10
3816.312606096746
 20
10480.95022776718
 30
0.0
 10
3816.424379378497
 20
10480.95022776718
 30
0.0
 10
3816.424379378497
 20
10480.95022776718
 30
0.0
 10
3816.536549019422
 20
10480.95022776718
 30
0.0
 10
3816.627711625099
 20
10481.04139037287
 30
0.0
 10
3816.627711625099
 20
10481.15316365463
 30
0.0
 10
3816.627711625099
 20
10481.15316365463
 30
0.0
 10
3816.627711625099
 20
10481.15316365463
 30
0.0
 10
3816.424379378497
 20
10481.15316365463
 30
0.0
 10
3816.424379378497
 20
10481.15316365463
 30
0.0
  0
SPLINE
  5
234F3
330
19
100
AcDbEntity
  8
ºöåçæÄ
100
AcDbSpline
210
0.0
220
0.0
230
0.0
 70
    24
 71
     3
 72
     8
 73
     4
 74
     0
 42
0.000000001
 43
0.0000000001
 40
0.0
 40
0.0
 40
0.0
 40
0.0
 40
1.0
 40
1.0
 40
1.0
 40
1.0
 10
3816.974525885888
 20
10481.70410288032
 30
0.0
 10
3816.974525885888
 20
10481.70410288032
 30
0.0
 10
3819.736356479129
 20
10484.46395167779
 30
0.0
 10
3819.736356479129
 20
10484.46395167779
 30
0.0
  0
SPLINE
  5
234F4
330
19
100
AcDbEntity
  8
ºöåçæÄ
100
AcDbSpline
210
0.0
220
0.0
230
1.0
 70
    11
 71
     3
 72
    28
 73
    24
 74
     0
 42
0.000000001
 43
0.0000000001
 40
0.0
 40
0.0
 40
0.0
 40
0.0
 40
0.1428571428571428
 40
0.1428571428571428
 40
0.1428571428571428
 40
0.1428571528571428
 40
0.2857142857142857
 40
0.2857142857142857
 40
0.2857142857142857
 40
0.2857142957142857
 40
0.4285714285714289
 40
0.4285714285714289
 40
0.4285714285714289
 40
0.4285714385714289
 40
0.5714285714285714
 40
0.5714285714285714
 40
0.5714285714285714
 40
0.5714285814285715
 40
0.7142857142857145
 40
0.7142857142857145
 40
0.7142857142857145
 40
0.7142857242857146
 40
1.0
 40
1.0
 40
1.0
 40
1.0
 10
3820.287692063974
 20
10485.01687269926
 30
0.0
 10
3820.287692063974
 20
10485.01687269926
 30
0.0
 10
3820.491024310575
 20
10485.01687269926
 30
0.0
 10
3820.491024310575
 20
10485.01687269926
 30
0.0
 10
3820.491024310575
 20
10485.01687269926
 30
0.0
 10
3820.491024310575
 20
10485.12904234017
 30
0.0
 10
3820.399465345732
 20
10485.22020494586
 30
0.0
 10
3820.287692063974
 20
10485.22020494586
 30
0.0
 10
3820.287692063974
 20
10485.22020494586
 30
0.0
 10
3820.175918782222
 20
10485.22020494586
 30
0.0
 10
3820.084359817373
 20
10485.12904234017
 30
0.0
 10
3820.084359817373
 20
10485.01687269926
 30
0.0
 10
3820.084359817373
 20
10485.01687269926
 30
0.0
 10
3820.084359817373
 20
10484.9050994175
 30
0.0
 10
3820.175918782222
 20
10484.81354045265
 30
0.0
 10
3820.287692063974
 20
10484.81354045265
 30
0.0
 10
3820.287692063974
 20
10484.81354045265
 30
0.0
 10
3820.399465345732
 20
10484.81354045265
 30
0.0
 10
3820.491024310575
 20
10484.9050994175
 30
0.0
 10
3820.491024310575
 20
10485.01687269926
 30
0.0
 10
3820.491024310575
 20
10485.01687269926
 30
0.0
 10
3820.491024310575
 20
10485.01687269926
 30
0.0
 10
3820.287692063974
 20
10485.01687269926
 30
0.0
 10
3820.287692063974
 20
10485.01687269926
 30
0.0
  0
SPLINE
  5
234F5
330
19
100
AcDbEntity
  8
ºöåçæÄ
100
AcDbSpline
210
0.0
220
0.0
230
0.0
 70
    24
 71
     3
 72
     8
 73
     4
 74
     0
 42
0.000000001
 43
0.0000000001
 40
0.0
 40
0.0
 40
0.0
 40
0.0
 40
1.0
 40
1.0
 40
1.0
 40
1.0
 10
3820.840216726281
 20
10485.56781192495
 30
0.0
 10
3820.840216726281
 20
10485.56781192495
 30
0.0
 10
3822.653956220353
 20
10487.38194777817
 30
0.0
 10
3822.653956220353
 20
10487.38194777817
 30
0.0
  0
SPLINE
  5
234F6
330
19
100
AcDbEntity
  8
ºöåçæÄ
100
AcDbSpline
210
0.0
220
0.0
230
0.0
 70
    24
 71
     3
 72
     8
 73
     4
 74
     0
 42
0.000000001
 43
0.0000000001
 40
0.0
 40
0.0
 40
0.0
 40
0.0
 40
1.0
 40
1.0
 40
1.0
 40
1.0
 10
3818.01338323159
 20
10480.53603245003
 30
0.0
 10
3818.01338323159
 20
10480.53603245003
 30
0.0
 10
3818.907173126513
 20
10481.42982234494
 30
0.0
 10
3818.907173126513
 20
10481.42982234494
 30
0.0
  0
SPLINE
  5
234F7
330
19
100
AcDbEntity
  8
ºöåçæÄ
100
AcDbSpline
210
0.0
220
0.0
230
1.0
 70
    11
 71
     3
 72
    28
 73
    24
 74
     0
 42
0.000000001
 43
0.0000000001
 40
0.0
 40
0.0
 40
0.0
 40
0.0
 40
0.1428571428571428
 40
0.1428571428571428
 40
0.1428571428571428
 40
0.1428571528571428
 40
0.2857142857142857
 40
0.2857142857142857
 40
0.2857142857142857
 40
0.2857142957142857
 40
0.4285714285714289
 40
0.4285714285714289
 40
0.4285714285714289
 40
0.4285714385714289
 40
0.5714285714285714
 40
0.5714285714285714
 40
0.5714285714285714
 40
0.5714285814285715
 40
0.7142857142857145
 40
0.7142857142857145
 40
0.7142857142857145
 40
0.7142857242857146
 40
1.0
 40
1.0
 40
1.0
 40
1.0
 10
3819.460094147979
 20
10481.98076157063
 30
0.0
 10
3819.460094147979
 20
10481.98076157063
 30
0.0
 10
3819.663426394573
 20
10481.98076157063
 30
0.0
 10
3819.663426394573
 20
10481.98076157063
 30
0.0
 10
3819.663426394573
 20
10481.98076157063
 30
0.0
 10
3819.663426394573
 20
10482.09253485239
 30
0.0
 10
3819.572263788888
 20
10482.18409381724
 30
0.0
 10
3819.460094147979
 20
10482.18409381724
 30
0.0
 10
3819.460094147979
 20
10482.18409381724
 30
0.0
 10
3819.348320866213
 20
10482.18409381724
 30
0.0
 10
3819.257158260522
 20
10482.09253485239
 30
0.0
 10
3819.257158260522
 20
10481.98076157063
 30
0.0
 10
3819.257158260522
 20
10481.98076157063
 30
0.0
 10
3819.257158260522
 20
10481.86859192972
 30
0.0
 10
3819.348320866213
 20
10481.77742932403
 30
0.0
 10
3819.460094147979
 20
10481.77742932403
 30
0.0
 10
3819.460094147979
 20
10481.77742932403
 30
0.0
 10
3819.572263788888
 20
10481.77742932403
 30
0.0
 10
3819.663426394573
 20
10481.86859192972
 30
0.0
 10
3819.663426394573
 20
10481.98076157063
 30
0.0
 10
3819.663426394573
 20
10481.98076157063
 30
0.0
 10
3819.663426394573
 20
10481.98076157063
 30
0.0
 10
3819.460094147979
 20
10481.98076157063
 30
0.0
 10
3819.460094147979
 20
10481.98076157063
 30
0.0
  0
SPLINE
  5
234F8
330
19
100
AcDbEntity
  8
ºöåçæÄ
100
AcDbSpline
210
0.0
220
0.0
230
0.0
 70
    24
 71
     3
 72
     8
 73
     4
 74
     0
 42
0.000000001
 43
0.0000000001
 40
0.0
 40
0.0
 40
0.0
 40
0.0
 40
1.0
 40
1.0
 40
1.0
 40
1.0
 10
3820.010637014506
 20
10482.53328623294
 30
0.0
 10
3820.010637014506
 20
10482.53328623294
 30
0.0
 10
3822.653956220353
 20
10485.17462364302
 30
0.0
 10
3822.653956220353
 20
10485.17462364302
 30
0.0
  0
SPLINE
  5
234F9
330
19
100
AcDbEntity
  8
ºöåçæÄ
100
AcDbSpline
210
0.0
220
0.0
230
0.0
 70
    24
 71
     3
 72
     8
 73
     4
 74
     0
 42
0.000000001
 43
0.0000000001
 40
0.0
 40
0.0
 40
0.0
 40
0.0
 40
1.0
 40
1.0
 40
1.0
 40
1.0
 10
3822.809725368343
 20
10487.53771692616
 30
0.0
 10
3822.809725368343
 20
10487.53771692616
 30
0.0
 10
3823.598083727984
 20
10488.32766072242
 30
0.0
 10
3823.598083727984
 20
10488.32766072242
 30
0.0
  0
SPLINE
  5
234FA
330
19
100
AcDbEntity
  8
ºöåçæÄ
100
AcDbSpline
210
0.0
220
0.0
230
1.0
 70
    11
 71
     3
 72
    28
 73
    24
 74
     0
 42
0.000000001
 43
0.0000000001
 40
0.0
 40
0.0
 40
0.0
 40
0.0
 40
0.1428571428571428
 40
0.1428571428571428
 40
0.1428571428571428
 40
0.1428571528571428
 40
0.2857142857142857
 40
0.2857142857142857
 40
0.2857142857142857
 40
0.2857142957142857
 40
0.4285714285714289
 40
0.4285714285714289
 40
0.4285714285714289
 40
0.4285714385714289
 40
0.5714285714285714
 40
0.5714285714285714
 40
0.5714285714285714
 40
0.5714285814285715
 40
0.7142857142857145
 40
0.7142857142857145
 40
0.7142857142857145
 40
0.7142857242857146
 40
1.0
 40
1.0
 40
1.0
 40
1.0
 10
3824.151004749443
 20
10488.88018538473
 30
0.0
 10
3824.151004749443
 20
10488.88018538473
 30
0.0
 10
3824.353940636894
 20
10488.88018538473
 30
0.0
 10
3824.353940636894
 20
10488.88018538473
 30
0.0
 10
3824.353940636894
 20
10488.88018538473
 30
0.0
 10
3824.353940636894
 20
10488.99195866648
 30
0.0
 10
3824.262778031194
 20
10489.08312127218
 30
0.0
 10
3824.151004749443
 20
10489.08312127218
 30
0.0
 10
3824.151004749443
 20
10489.08312127218
 30
0.0
 10
3824.038835108533
 20
10489.08312127218
 30
0.0
 10
3823.947672502842
 20
10488.99195866648
 30
0.0
 10
3823.947672502842
 20
10488.88018538473
 30
0.0
 10
3823.947672502842
 20
10488.88018538473
 30
0.0
 10
3823.947672502842
 20
10488.76801574381
 30
0.0
 10
3824.038835108533
 20
10488.67685313812
 30
0.0
 10
3824.151004749443
 20
10488.67685313812
 30
0.0
 10
3824.151004749443
 20
10488.67685313812
 30
0.0
 10
3824.262778031194
 20
10488.67685313812
 30
0.0
 10
3824.353940636894
 20
10488.76801574381
 30
0.0
 10
3824.353940636894
 20
10488.88018538473
 30
0.0
 10
3824.353940636894
 20
10488.88018538473
 30
0.0
 10
3824.353940636894
 20
10488.88018538473
 30
0.0
 10
3824.151004749443
 20
10488.88018538473
 30
0.0
 10
3824.151004749443
 20
10488.88018538473
 30
0.0
  0
SPLINE
  5
234FB
330
19
100
AcDbEntity
  8
ºöåçæÄ
100
AcDbSpline
210
0.0
220
0.0
230
0.0
 70
    24
 71
     3
 72
     8
 73
     4
 74
     0
 42
0.000000001
 43
0.0000000001
 40
0.0
 40
0.0
 40
0.0
 40
0.0
 40
1.0
 40
1.0
 40
1.0
 40
1.0
 10
3824.701943975138
 20
10489.43112461042
 30
0.0
 10
3824.701943975138
 20
10489.43112461042
 30
0.0
 10
3825.676987496866
 20
10490.4065644913
 30
0.0
 10
3825.676987496866
 20
10490.4065644913
 30
0.0
  0
SPLINE
  5
234FC
330
19
100
AcDbEntity
  8
ºöåçæÄ
100
AcDbSpline
210
0.0
220
0.0
230
0.0
 70
    24
 71
     3
 72
     8
 73
     4
 74
     0
 42
0.000000001
 43
0.0000000001
 40
0.0
 40
0.0
 40
0.0
 40
0.0
 40
1.0
 40
1.0
 40
1.0
 40
1.0
 10
3825.017049503497
 20
10487.53771692616
 30
0.0
 10
3825.017049503497
 20
10487.53771692616
 30
0.0
 10
3826.634194856603
 20
10489.15525863842
 30
0.0
 10
3826.634194856603
 20
10489.15525863842
 30
0.0
  0
SPLINE
  5
234FD
330
19
100
AcDbEntity
  8
ºöåçæÄ
100
AcDbSpline
210
0.0
220
0.0
230
1.0
 70
    11
 71
     3
 72
    28
 73
    24
 74
     0
 42
0.000000001
 43
0.0000000001
 40
0.0
 40
0.0
 40
0.0
 40
0.0
 40
0.1428571428571428
 40
0.1428571428571428
 40
0.1428571428571428
 40
0.1428571528571428
 40
0.2857142857142857
 40
0.2857142857142857
 40
0.2857142857142857
 40
0.2857142957142857
 40
0.4285714285714289
 40
0.4285714285714289
 40
0.4285714285714289
 40
0.4285714385714289
 40
0.5714285714285714
 40
0.5714285714285714
 40
0.5714285714285714
 40
0.5714285814285715
 40
0.7142857142857145
 40
0.7142857142857145
 40
0.7142857142857145
 40
0.7142857242857146
 40
1.0
 40
1.0
 40
1.0
 40
1.0
 10
3827.187115878063
 20
10489.70778330073
 30
0.0
 10
3827.187115878063
 20
10489.70778330073
 30
0.0
 10
3827.390448124685
 20
10489.70778330073
 30
0.0
 10
3827.390448124685
 20
10489.70778330073
 30
0.0
 10
3827.390448124685
 20
10489.70778330073
 30
0.0
 10
3827.390448124685
 20
10489.81955658249
 30
0.0
 10
3827.298889159828
 20
10489.91071918818
 30
0.0
 10
3827.187115878063
 20
10489.91071918818
 30
0.0
 10
3827.187115878063
 20
10489.91071918818
 30
0.0
 10
3827.07494623716
 20
10489.91071918818
 30
0.0
 10
3826.983783631469
 20
10489.81955658249
 30
0.0
 10
3826.983783631469
 20
10489.70778330073
 30
0.0
 10
3826.983783631469
 20
10489.70778330073
 30
0.0
 10
3826.983783631469
 20
10489.59561365982
 30
0.0
 10
3827.07494623716
 20
10489.50445105413
 30
0.0
 10
3827.187115878063
 20
10489.50445105413
 30
0.0
 10
3827.187115878063
 20
10489.50445105413
 30
0.0
 10
3827.298889159828
 20
10489.50445105413
 30
0.0
 10
3827.390448124685
 20
10489.59561365982
 30
0.0
 10
3827.390448124685
 20
10489.70778330073
 30
0.0
 10
3827.390448124685
 20
10489.70778330073
 30
0.0
 10
3827.390448124685
 20
10489.70778330073
 30
0.0
 10
3827.187115878063
 20
10489.70778330073
 30
0.0
 10
3827.187115878063
 20
10489.70778330073
 30
0.0
  0
SPLINE
  5
234FE
330
19
100
AcDbEntity
  8
ºöåçæÄ
100
AcDbSpline
210
0.0
220
0.0
230
0.0
 70
    24
 71
     3
 72
     8
 73
     4
 74
     0
 42
0.000000001
 43
0.0000000001
 40
0.0
 40
0.0
 40
0.0
 40
0.0
 40
1.0
 40
1.0
 40
1.0
 40
1.0
 10
3827.737658744597
 20
10490.25991160388
 30
0.0
 10
3827.737658744597
 20
10490.25991160388
 30
0.0
 10
3827.88431163202
 20
10490.4065644913
 30
0.0
 10
3827.88431163202
 20
10490.4065644913
 30
0.0
  0
SPLINE
  5
234FF
330
19
100
AcDbEntity
  8
ºöåçæÄ
100
AcDbSpline
210
0.0
220
0.0
230
0.0
 70
    24
 71
     3
 72
     8
 73
     4
 74
     0
 42
0.000000001
 43
0.0000000001
 40
0.0
 40
0.0
 40
0.0
 40
0.0
 40
1.0
 40
1.0
 40
1.0
 40
1.0
 10
3820.222292803379
 20
10480.53603245003
 30
0.0
 10
3820.222292803379
 20
10480.53603245003
 30
0.0
 10
3821.943680614289
 20
10482.25702390179
 30
0.0
 10
3821.943680614289
 20
10482.25702390179
 30
0.0
  0
SPLINE
  5
23500
330
19
100
AcDbEntity
  8
ºöåçæÄ
100
AcDbSpline
210
0.0
220
0.0
230
1.0
 70
    11
 71
     3
 72
    28
 73
    24
 74
     0
 42
0.000000001
 43
0.0000000001
 40
0.0
 40
0.0
 40
0.0
 40
0.0
 40
0.1428571428571428
 40
0.1428571428571428
 40
0.1428571428571428
 40
0.1428571528571428
 40
0.2857142857142857
 40
0.2857142857142857
 40
0.2857142857142857
 40
0.2857142957142857
 40
0.4285714285714289
 40
0.4285714285714289
 40
0.4285714285714289
 40
0.4285714385714289
 40
0.5714285714285714
 40
0.5714285714285714
 40
0.5714285714285714
 40
0.5714285814285715
 40
0.7142857142857145
 40
0.7142857142857145
 40
0.7142857142857145
 40
0.7142857242857146
 40
1.0
 40
1.0
 40
1.0
 40
1.0
 10
3822.495016199127
 20
10482.8095485641
 30
0.0
 10
3822.495016199127
 20
10482.8095485641
 30
0.0
 10
3822.698348445737
 20
10482.8095485641
 30
0.0
 10
3822.698348445737
 20
10482.8095485641
 30
0.0
 10
3822.698348445737
 20
10482.8095485641
 30
0.0
 10
3822.698348445737
 20
10482.92171820501
 30
0.0
 10
3822.607185840045
 20
10483.0128808107
 30
0.0
 10
3822.495016199127
 20
10483.0128808107
 30
0.0
 10
3822.495016199127
 20
10483.0128808107
 30
0.0
 10
3822.383242917376
 20
10483.0128808107
 30
0.0
 10
3822.291683952533
 20
10482.92171820501
 30
0.0
 10
3822.291683952533
 20
10482.8095485641
 30
0.0
 10
3822.291683952533
 20
10482.8095485641
 30
0.0
 10
3822.291683952533
 20
10482.69777528234
 30
0.0
 10
3822.383242917376
 20
10482.6062163175
 30
0.0
 10
3822.495016199127
 20
10482.6062163175
 30
0.0
 10
3822.495016199127
 20
10482.6062163175
 30
0.0
 10
3822.607185840045
 20
10482.6062163175
 30
0.0
 10
3822.698348445737
 20
10482.69777528234
 30
0.0
 10
3822.698348445737
 20
10482.8095485641
 30
0.0
 10
3822.698348445737
 20
10482.8095485641
 30
0.0
 10
3822.698348445737
 20
10482.8095485641
 30
0.0
 10
3822.495016199127
 20
10482.8095485641
 30
0.0
 10
3822.495016199127
 20
10482.8095485641
 30
0.0
  0
SPLINE
  5
23501
330
19
100
AcDbEntity
  8
ºöåçæÄ
100
AcDbSpline
210
0.0
220
0.0
230
0.0
 70
    24
 71
     3
 72
     8
 73
     4
 74
     0
 42
0.000000001
 43
0.0000000001
 40
0.0
 40
0.0
 40
0.0
 40
0.0
 40
1.0
 40
1.0
 40
1.0
 40
1.0
 10
3822.429616938526
 20
10480.53603245003
 30
0.0
 10
3822.429616938526
 20
10480.53603245003
 30
0.0
 10
3822.653956220353
 20
10480.75838993608
 30
0.0
 10
3822.653956220353
 20
10480.75838993608
 30
0.0
  0
SPLINE
  5
23502
330
19
100
AcDbEntity
  8
ºöåçæÄ
100
AcDbSpline
210
0.0
220
0.0
230
1.0
 70
    11
 71
     3
 72
    28
 73
    24
 74
     0
 42
0.000000001
 43
0.0000000001
 40
0.0
 40
0.0
 40
0.0
 40
0.0
 40
0.1428571428571428
 40
0.1428571428571428
 40
0.1428571428571428
 40
0.1428571528571428
 40
0.2857142857142857
 40
0.2857142857142857
 40
0.2857142857142857
 40
0.2857142957142857
 40
0.4285714285714289
 40
0.4285714285714289
 40
0.4285714285714289
 40
0.4285714385714289
 40
0.5714285714285714
 40
0.5714285714285714
 40
0.5714285714285714
 40
0.5714285814285715
 40
0.7142857142857145
 40
0.7142857142857145
 40
0.7142857142857145
 40
0.7142857242857146
 40
1.0
 40
1.0
 40
1.0
 40
1.0
 10
3826.357932525446
 20
10486.67127581295
 30
0.0
 10
3826.357932525446
 20
10486.67127581295
 30
0.0
 10
3826.560868412896
 20
10486.67127581295
 30
0.0
 10
3826.560868412896
 20
10486.67127581295
 30
0.0
 10
3826.560868412896
 20
10486.67127581295
 30
0.0
 10
3826.560868412896
 20
10486.78344545386
 30
0.0
 10
3826.469705807205
 20
10486.87460805955
 30
0.0
 10
3826.357932525446
 20
10486.87460805955
 30
0.0
 10
3826.357932525446
 20
10486.87460805955
 30
0.0
 10
3826.245762884529
 20
10486.87460805955
 30
0.0
 10
3826.154600278837
 20
10486.78344545386
 30
0.0
 10
3826.154600278837
 20
10486.67127581295
 30
0.0
 10
3826.154600278837
 20
10486.67127581295
 30
0.0
 10
3826.154600278837
 20
10486.55950253119
 30
0.0
 10
3826.245762884529
 20
10486.4683399255
 30
0.0
 10
3826.357932525446
 20
10486.4683399255
 30
0.0
 10
3826.357932525446
 20
10486.4683399255
 30
0.0
 10
3826.469705807205
 20
10486.4683399255
 30
0.0
 10
3826.560868412896
 20
10486.55950253119
 30
0.0
 10
3826.560868412896
 20
10486.67127581295
 30
0.0
 10
3826.560868412896
 20
10486.67127581295
 30
0.0
 10
3826.560868412896
 20
10486.67127581295
 30
0.0
 10
3826.357932525446
 20
10486.67127581295
 30
0.0
 10
3826.357932525446
 20
10486.67127581295
 30
0.0
  0
SPLINE
  5
23503
330
19
100
AcDbEntity
  8
ºöåçæÄ
100
AcDbSpline
210
0.0
220
0.0
230
0.0
 70
    24
 71
     3
 72
     8
 73
     4
 74
     0
 42
0.000000001
 43
0.0000000001
 40
0.0
 40
0.0
 40
0.0
 40
0.0
 40
1.0
 40
1.0
 40
1.0
 40
1.0
 10
3826.91085354692
 20
10487.22419683442
 30
0.0
 10
3826.91085354692
 20
10487.22419683442
 30
0.0
 10
3829.668720548615
 20
10489.98404563189
 30
0.0
 10
3829.668720548615
 20
10489.98404563189
 30
0.0
  0
SPLINE
  5
23504
330
19
100
AcDbEntity
  8
ºöåçæÄ
100
AcDbSpline
210
0.0
220
0.0
230
1.0
 70
    11
 71
     3
 72
    28
 73
    24
 74
     0
 42
0.000000001
 43
0.0000000001
 40
0.0
 40
0.0
 40
0.0
 40
0.0
 40
0.1428571428571428
 40
0.1428571428571428
 40
0.1428571428571428
 40
0.1428571528571428
 40
0.2857142857142857
 40
0.2857142857142857
 40
0.2857142857142857
 40
0.2857142957142857
 40
0.4285714285714289
 40
0.4285714285714289
 40
0.4285714285714289
 40
0.4285714385714289
 40
0.5714285714285714
 40
0.5714285714285714
 40
0.5714285714285714
 40
0.5714285814285715
 40
0.7142857142857145
 40
0.7142857142857145
 40
0.7142857142857145
 40
0.7142857242857146
 40
1.0
 40
1.0
 40
1.0
 40
1.0
 10
3830.09163576718
 20
10490.4065644913
 30
0.0
 10
3830.09163576718
 20
10490.4065644913
 30
0.0
 10
3830.294571654622
 20
10490.4065644913
 30
0.0
 10
3830.294571654622
 20
10490.4065644913
 30
0.0
 10
3830.294571654622
 20
10490.4065644913
 30
0.0
 10
3830.294571654622
 20
10490.51833777306
 30
0.0
 10
3830.203409048932
 20
10490.6098967379
 30
0.0
 10
3830.09163576718
 20
10490.6098967379
 30
0.0
 10
3830.09163576718
 20
10490.6098967379
 30
0.0
 10
3829.979466126263
 20
10490.6098967379
 30
0.0
 10
3829.888303520579
 20
10490.51833777306
 30
0.0
 10
3829.888303520579
 20
10490.4065644913
 30
0.0
 10
3829.888303520579
 20
10490.4065644913
 30
0.0
 10
3829.888303520579
 20
10490.29439485039
 30
0.0
 10
3829.979466126263
 20
10490.2032322447
 30
0.0
 10
3830.09163576718
 20
10490.2032322447
 30
0.0
 10
3830.09163576718
 20
10490.2032322447
 30
0.0
 10
3830.203409048932
 20
10490.2032322447
 30
0.0
 10
3830.294571654622
 20
10490.29439485039
 30
0.0
 10
3830.294571654622
 20
10490.4065644913
 30
0.0
 10
3830.294571654622
 20
10490.4065644913
 30
0.0
 10
3830.294571654622
 20
10490.4065644913
 30
0.0
 10
3830.09163576718
 20
10490.4065644913
 30
0.0
 10
3830.09163576718
 20
10490.4065644913
 30
0.0
  0
SPLINE
  5
23505
330
19
100
AcDbEntity
  8
ºöåçæÄ
100
AcDbSpline
210
0.0
220
0.0
230
1.0
 70
    11
 71
     3
 72
    28
 73
    24
 74
     0
 42
0.000000001
 43
0.0000000001
 40
0.0
 40
0.0
 40
0.0
 40
0.0
 40
0.1428571428571428
 40
0.1428571428571428
 40
0.1428571428571428
 40
0.1428571528571428
 40
0.2857142857142857
 40
0.2857142857142857
 40
0.2857142857142857
 40
0.2857142957142857
 40
0.4285714285714289
 40
0.4285714285714289
 40
0.4285714285714289
 40
0.4285714385714289
 40
0.5714285714285714
 40
0.5714285714285714
 40
0.5714285714285714
 40
0.5714285814285715
 40
0.7142857142857145
 40
0.7142857142857145
 40
0.7142857142857145
 40
0.7142857242857146
 40
1.0
 40
1.0
 40
1.0
 40
1.0
 10
3825.813731405395
 20
10483.91975055774
 30
0.0
 10
3825.813731405395
 20
10483.91975055774
 30
0.0
 10
3826.016667292846
 20
10483.91975055774
 30
0.0
 10
3826.016667292846
 20
10483.91975055774
 30
0.0
 10
3826.016667292846
 20
10483.91975055774
 30
0.0
 10
3826.016667292846
 20
10484.03192019865
 30
0.0
 10
3825.925504687162
 20
10484.12308280434
 30
0.0
 10
3825.813731405395
 20
10484.12308280434
 30
0.0
 10
3825.813731405395
 20
10484.12308280434
 30
0.0
 10
3825.701561764478
 20
10484.12308280434
 30
0.0
 10
3825.610399158787
 20
10484.03192019865
 30
0.0
 10
3825.610399158787
 20
10483.91975055774
 30
0.0
 10
3825.610399158787
 20
10483.91975055774
 30
0.0
 10
3825.610399158787
 20
10483.80797727598
 30
0.0
 10
3825.701561764478
 20
10483.71681467029
 30
0.0
 10
3825.813731405395
 20
10483.71681467029
 30
0.0
 10
3825.813731405395
 20
10483.71681467029
 30
0.0
 10
3825.925504687162
 20
10483.71681467029
 30
0.0
 10
3826.016667292846
 20
10483.80797727598
 30
0.0
 10
3826.016667292846
 20
10483.91975055774
 30
0.0
 10
3826.016667292846
 20
10483.91975055774
 30
0.0
 10
3826.016667292846
 20
10483.91975055774
 30
0.0
 10
3825.813731405395
 20
10483.91975055774
 30
0.0
 10
3825.813731405395
 20
10483.91975055774
 30
0.0
  0
SPLINE
  5
23506
330
19
100
AcDbEntity
  8
ºöåçæÄ
100
AcDbSpline
210
0.0
220
0.0
230
0.0
 70
    24
 71
     3
 72
     8
 73
     4
 74
     0
 42
0.000000001
 43
0.0000000001
 40
0.0
 40
0.0
 40
0.0
 40
0.0
 40
1.0
 40
1.0
 40
1.0
 40
1.0
 10
3826.081670194289
 20
10484.18808570579
 30
0.0
 10
3826.081670194289
 20
10484.18808570579
 30
0.0
 10
3828.841518991757
 20
10486.94793450326
 30
0.0
 10
3828.841518991757
 20
10486.94793450326
 30
0.0
  0
SPLINE
  5
23507
330
19
100
AcDbEntity
  8
ºöåçæÄ
100
AcDbSpline
210
0.0
220
0.0
230
1.0
 70
    11
 71
     3
 72
    28
 73
    24
 74
     0
 42
0.000000001
 43
0.0000000001
 40
0.0
 40
0.0
 40
0.0
 40
0.0
 40
0.1428571428571428
 40
0.1428571428571428
 40
0.1428571428571428
 40
0.1428571528571428
 40
0.2857142857142857
 40
0.2857142857142857
 40
0.2857142857142857
 40
0.2857142957142857
 40
0.4285714285714289
 40
0.4285714285714289
 40
0.4285714285714289
 40
0.4285714385714289
 40
0.5714285714285714
 40
0.5714285714285714
 40
0.5714285714285714
 40
0.5714285814285715
 40
0.7142857142857145
 40
0.7142857142857145
 40
0.7142857142857145
 40
0.7142857242857146
 40
1.0
 40
1.0
 40
1.0
 40
1.0
 10
3829.394043654072
 20
10487.50006280642
 30
0.0
 10
3829.394043654072
 20
10487.50006280642
 30
0.0
 10
3829.596979541521
 20
10487.50006280642
 30
0.0
 10
3829.596979541521
 20
10487.50006280642
 30
0.0
 10
3829.596979541521
 20
10487.50006280642
 30
0.0
 10
3829.596979541521
 20
10487.61223244733
 30
0.0
 10
3829.50581693583
 20
10487.70339505302
 30
0.0
 10
3829.394043654072
 20
10487.70339505302
 30
0.0
 10
3829.394043654072
 20
10487.70339505302
 30
0.0
 10
3829.281874013155
 20
10487.70339505302
 30
0.0
 10
3829.19071140747
 20
10487.61223244733
 30
0.0
 10
3829.19071140747
 20
10487.50006280642
 30
0.0
 10
3829.19071140747
 20
10487.50006280642
 30
0.0
 10
3829.19071140747
 20
10487.38828952466
 30
0.0
 10
3829.281874013155
 20
10487.29712691897
 30
0.0
 10
3829.394043654072
 20
10487.29712691897
 30
0.0
 10
3829.394043654072
 20
10487.29712691897
 30
0.0
 10
3829.50581693583
 20
10487.29712691897
 30
0.0
 10
3829.596979541521
 20
10487.38828952466
 30
0.0
 10
3829.596979541521
 20
10487.50006280642
 30
0.0
 10
3829.596979541521
 20
10487.50006280642
 30
0.0
 10
3829.596979541521
 20
10487.50006280642
 30
0.0
 10
3829.394043654072
 20
10487.50006280642
 30
0.0
 10
3829.394043654072
 20
10487.50006280642
 30
0.0
  0
SPLINE
  5
23508
330
19
100
AcDbEntity
  8
ºöåçæÄ
100
AcDbSpline
210
0.0
220
0.0
230
0.0
 70
    24
 71
     3
 72
     8
 73
     4
 74
     0
 42
0.000000001
 43
0.0000000001
 40
0.0
 40
0.0
 40
0.0
 40
0.0
 40
1.0
 40
1.0
 40
1.0
 40
1.0
 10
3829.944982879766
 20
10488.05139839126
 30
0.0
 10
3829.944982879766
 20
10488.05139839126
 30
0.0
 10
3832.300148979804
 20
10490.4065644913
 30
0.0
 10
3832.300148979804
 20
10490.4065644913
 30
0.0
  0
SPLINE
  5
23509
330
19
100
AcDbEntity
  8
ºöåçæÄ
100
AcDbSpline
210
0.0
220
0.0
230
0.0
 70
    24
 71
     3
 72
     8
 73
     4
 74
     0
 42
0.000000001
 43
0.0000000001
 40
0.0
 40
0.0
 40
0.0
 40
0.0
 40
1.0
 40
1.0
 40
1.0
 40
1.0
 10
3825.813731405395
 20
10481.71242642258
 30
0.0
 10
3825.813731405395
 20
10481.71242642258
 30
0.0
 10
3828.013921075762
 20
10483.9130124521
 30
0.0
 10
3828.013921075762
 20
10483.9130124521
 30
0.0
  0
SPLINE
  5
2350A
330
19
100
AcDbEntity
  8
ºöåçæÄ
100
AcDbSpline
210
0.0
220
0.0
230
1.0
 70
    11
 71
     3
 72
    28
 73
    24
 74
     0
 42
0.000000001
 43
0.0000000001
 40
0.0
 40
0.0
 40
0.0
 40
0.0
 40
0.1428571428571428
 40
0.1428571428571428
 40
0.1428571428571428
 40
0.1428571528571428
 40
0.2857142857142857
 40
0.2857142857142857
 40
0.2857142857142857
 40
0.2857142957142857
 40
0.4285714285714289
 40
0.4285714285714289
 40
0.4285714285714289
 40
0.4285714385714289
 40
0.5714285714285714
 40
0.5714285714285714
 40
0.5714285714285714
 40
0.5714285814285715
 40
0.7142857142857145
 40
0.7142857142857145
 40
0.7142857142857145
 40
0.7142857242857146
 40
1.0
 40
1.0
 40
1.0
 40
1.0
 10
3828.565256660607
 20
10484.46395167779
 30
0.0
 10
3828.565256660607
 20
10484.46395167779
 30
0.0
 10
3828.768192548049
 20
10484.46395167779
 30
0.0
 10
3828.768192548049
 20
10484.46395167779
 30
0.0
 10
3828.768192548049
 20
10484.46395167779
 30
0.0
 10
3828.768192548049
 20
10484.5761213187
 30
0.0
 10
3828.677029942372
 20
10484.6672839244
 30
0.0
 10
3828.565256660607
 20
10484.6672839244
 30
0.0
 10
3828.565256660607
 20
10484.6672839244
 30
0.0
 10
3828.45308701969
 20
10484.6672839244
 30
0.0
 10
3828.361924413999
 20
10484.5761213187
 30
0.0
 10
3828.361924413999
 20
10484.46395167779
 30
0.0
 10
3828.361924413999
 20
10484.46395167779
 30
0.0
 10
3828.361924413999
 20
10484.35217839603
 30
0.0
 10
3828.45308701969
 20
10484.26101579034
 30
0.0
 10
3828.565256660607
 20
10484.26101579034
 30
0.0
 10
3828.565256660607
 20
10484.26101579034
 30
0.0
 10
3828.677029942372
 20
10484.26101579034
 30
0.0
 10
3828.768192548049
 20
10484.35217839603
 30
0.0
 10
3828.768192548049
 20
10484.46395167779
 30
0.0
 10
3828.768192548049
 20
10484.46395167779
 30
0.0
 10
3828.768192548049
 20
10484.46395167779
 30
0.0
 10
3828.565256660607
 20
10484.46395167779
 30
0.0
 10
3828.565256660607
 20
10484.46395167779
 30
0.0
  0
SPLINE
  5
2350B
330
19
100
AcDbEntity
  8
ºöåçæÄ
100
AcDbSpline
210
0.0
220
0.0
230
0.0
 70
    24
 71
     3
 72
     8
 73
     4
 74
     0
 42
0.000000001
 43
0.0000000001
 40
0.0
 40
0.0
 40
0.0
 40
0.0
 40
1.0
 40
1.0
 40
1.0
 40
1.0
 10
3829.118177682073
 20
10485.01687269926
 30
0.0
 10
3829.118177682073
 20
10485.01687269926
 30
0.0
 10
3831.877630120383
 20
10487.77513606011
 30
0.0
 10
3831.877630120383
 20
10487.77513606011
 30
0.0
  0
SPLINE
  5
2350C
330
19
100
AcDbEntity
  8
ºöåçæÄ
100
AcDbSpline
210
0.0
220
0.0
230
1.0
 70
    11
 71
     3
 72
    28
 73
    24
 74
     0
 42
0.000000001
 43
0.0000000001
 40
0.0
 40
0.0
 40
0.0
 40
0.0
 40
0.1428571428571428
 40
0.1428571428571428
 40
0.1428571428571428
 40
0.1428571528571428
 40
0.2857142857142857
 40
0.2857142857142857
 40
0.2857142857142857
 40
0.2857142957142857
 40
0.4285714285714289
 40
0.4285714285714289
 40
0.4285714285714289
 40
0.4285714385714289
 40
0.5714285714285714
 40
0.5714285714285714
 40
0.5714285714285714
 40
0.5714285814285715
 40
0.7142857142857145
 40
0.7142857142857145
 40
0.7142857142857145
 40
0.7142857242857146
 40
1.0
 40
1.0
 40
1.0
 40
1.0
 10
3832.428965705228
 20
10488.32766072242
 30
0.0
 10
3832.428965705228
 20
10488.32766072242
 30
0.0
 10
3832.631901592685
 20
10488.32766072242
 30
0.0
 10
3832.631901592685
 20
10488.32766072242
 30
0.0
 10
3832.631901592685
 20
10488.32766072242
 30
0.0
 10
3832.631901592685
 20
10488.43983036333
 30
0.0
 10
3832.540738986994
 20
10488.53099296902
 30
0.0
 10
3832.428965705228
 20
10488.53099296902
 30
0.0
 10
3832.428965705228
 20
10488.53099296902
 30
0.0
 10
3832.316796064318
 20
10488.53099296902
 30
0.0
 10
3832.225633458627
 20
10488.43983036333
 30
0.0
 10
3832.225633458627
 20
10488.32766072242
 30
0.0
 10
3832.225633458627
 20
10488.32766072242
 30
0.0
 10
3832.225633458627
 20
10488.21588744066
 30
0.0
 10
3832.316796064318
 20
10488.12472483497
 30
0.0
 10
3832.428965705228
 20
10488.12472483497
 30
0.0
 10
3832.428965705228
 20
10488.12472483497
 30
0.0
 10
3832.540738986994
 20
10488.12472483497
 30
0.0
 10
3832.631901592685
 20
10488.21588744066
 30
0.0
 10
3832.631901592685
 20
10488.32766072242
 30
0.0
 10
3832.631901592685
 20
10488.32766072242
 30
0.0
 10
3832.631901592685
 20
10488.32766072242
 30
0.0
 10
3832.428965705228
 20
10488.32766072242
 30
0.0
 10
3832.428965705228
 20
10488.32766072242
 30
0.0
  0
SPLINE
  5
2350D
330
19
100
AcDbEntity
  8
ºöåçæÄ
100
AcDbSpline
210
0.0
220
0.0
230
0.0
 70
    24
 71
     3
 72
     8
 73
     4
 74
     0
 42
0.000000001
 43
0.0000000001
 40
0.0
 40
0.0
 40
0.0
 40
0.0
 40
1.0
 40
1.0
 40
1.0
 40
1.0
 10
3832.981094008391
 20
10488.88018538473
 30
0.0
 10
3832.981094008391
 20
10488.88018538473
 30
0.0
 10
3834.507473114957
 20
10490.4065644913
 30
0.0
 10
3834.507473114957
 20
10490.4065644913
 30
0.0
  0
SPLINE
  5
2350E
330
19
100
AcDbEntity
  8
ºöåçæÄ
100
AcDbSpline
210
0.0
220
0.0
230
0.0
 70
    24
 71
     3
 72
     8
 73
     4
 74
     0
 42
0.000000001
 43
0.0000000001
 40
0.0
 40
0.0
 40
0.0
 40
0.0
 40
1.0
 40
1.0
 40
1.0
 40
1.0
 10
3826.843868849689
 20
10480.53603245003
 30
0.0
 10
3826.843868849689
 20
10480.53603245003
 30
0.0
 10
3827.187115878063
 20
10480.87729768263
 30
0.0
 10
3827.187115878063
 20
10480.87729768263
 30
0.0
  0
SPLINE
  5
2350F
330
19
100
AcDbEntity
  8
ºöåçæÄ
100
AcDbSpline
210
0.0
220
0.0
230
1.0
 70
    11
 71
     3
 72
    28
 73
    24
 74
     0
 42
0.000000001
 43
0.0000000001
 40
0.0
 40
0.0
 40
0.0
 40
0.0
 40
0.1428571428571428
 40
0.1428571428571428
 40
0.1428571428571428
 40
0.1428571528571428
 40
0.2857142857142857
 40
0.2857142857142857
 40
0.2857142857142857
 40
0.2857142957142857
 40
0.4285714285714289
 40
0.4285714285714289
 40
0.4285714285714289
 40
0.4285714385714289
 40
0.5714285714285714
 40
0.5714285714285714
 40
0.5714285714285714
 40
0.5714285814285715
 40
0.7142857142857145
 40
0.7142857142857145
 40
0.7142857142857145
 40
0.7142857242857146
 40
1.0
 40
1.0
 40
1.0
 40
1.0
 10
3827.737658744597
 20
10481.42982234494
 30
0.0
 10
3827.737658744597
 20
10481.42982234494
 30
0.0
 10
3827.940990991205
 20
10481.42982234494
 30
0.0
 10
3827.940990991205
 20
10481.42982234494
 30
0.0
 10
3827.940990991205
 20
10481.42982234494
 30
0.0
 10
3827.940990991205
 20
10481.5415956267
 30
0.0
 10
3827.849432026363
 20
10481.63275823239
 30
0.0
 10
3827.737658744597
 20
10481.63275823239
 30
0.0
 10
3827.737658744597
 20
10481.63275823239
 30
0.0
 10
3827.625885462839
 20
10481.63275823239
 30
0.0
 10
3827.534326498003
 20
10481.5415956267
 30
0.0
 10
3827.534326498003
 20
10481.42982234494
 30
0.0
 10
3827.534326498003
 20
10481.42982234494
 30
0.0
 10
3827.534326498003
 20
10481.31765270403
 30
0.0
 10
3827.625885462839
 20
10481.22649009834
 30
0.0
 10
3827.737658744597
 20
10481.22649009834
 30
0.0
 10
3827.737658744597
 20
10481.22649009834
 30
0.0
 10
3827.849432026363
 20
10481.22649009834
 30
0.0
 10
3827.940990991205
 20
10481.31765270403
 30
0.0
 10
3827.940990991205
 20
10481.42982234494
 30
0.0
 10
3827.940990991205
 20
10481.42982234494
 30
0.0
 10
3827.940990991205
 20
10481.42982234494
 30
0.0
 10
3827.737658744597
 20
10481.42982234494
 30
0.0
 10
3827.737658744597
 20
10481.42982234494
 30
0.0
  0
SPLINE
  5
23510
330
19
100
AcDbEntity
  8
ºöåçæÄ
100
AcDbSpline
210
0.0
220
0.0
230
0.0
 70
    24
 71
     3
 72
     8
 73
     4
 74
     0
 42
0.000000001
 43
0.0000000001
 40
0.0
 40
0.0
 40
0.0
 40
0.0
 40
1.0
 40
1.0
 40
1.0
 40
1.0
 10
3828.290579766078
 20
10481.98076157063
 30
0.0
 10
3828.290579766078
 20
10481.98076157063
 30
0.0
 10
3831.048843126918
 20
10484.7406103681
 30
0.0
 10
3831.048843126918
 20
10484.7406103681
 30
0.0
  0
SPLINE
  5
23511
330
19
100
AcDbEntity
  8
ºöåçæÄ
100
AcDbSpline
210
0.0
220
0.0
230
1.0
 70
    11
 71
     3
 72
    28
 73
    24
 74
     0
 42
0.000000001
 43
0.0000000001
 40
0.0
 40
0.0
 40
0.0
 40
0.0
 40
0.1428571428571428
 40
0.1428571428571428
 40
0.1428571428571428
 40
0.1428571528571428
 40
0.2857142857142857
 40
0.2857142857142857
 40
0.2857142857142857
 40
0.2857142957142857
 40
0.4285714285714289
 40
0.4285714285714289
 40
0.4285714285714289
 40
0.4285714385714289
 40
0.5714285714285714
 40
0.5714285714285714
 40
0.5714285714285714
 40
0.5714285814285715
 40
0.7142857142857145
 40
0.7142857142857145
 40
0.7142857142857145
 40
0.7142857242857146
 40
1.0
 40
1.0
 40
1.0
 40
1.0
 10
3831.601367789232
 20
10485.29154959379
 30
0.0
 10
3831.601367789232
 20
10485.29154959379
 30
0.0
 10
3831.804700035826
 20
10485.29154959379
 30
0.0
 10
3831.804700035826
 20
10485.29154959379
 30
0.0
 10
3831.804700035826
 20
10485.29154959379
 30
0.0
 10
3831.804700035826
 20
10485.40332287555
 30
0.0
 10
3831.713141070991
 20
10485.4948818404
 30
0.0
 10
3831.601367789232
 20
10485.4948818404
 30
0.0
 10
3831.601367789232
 20
10485.4948818404
 30
0.0
 10
3831.489198148315
 20
10485.4948818404
 30
0.0
 10
3831.398035542624
 20
10485.40332287555
 30
0.0
 10
3831.398035542624
 20
10485.29154959379
 30
0.0
 10
3831.398035542624
 20
10485.29154959379
 30
0.0
 10
3831.398035542624
 20
10485.17937995288
 30
0.0
 10
3831.489198148315
 20
10485.08821734719
 30
0.0
 10
3831.601367789232
 20
10485.08821734719
 30
0.0
 10
3831.601367789232
 20
10485.08821734719
 30
0.0
 10
3831.713141070991
 20
10485.08821734719
 30
0.0
 10
3831.804700035826
 20
10485.17937995288
 30
0.0
 10
3831.804700035826
 20
10485.29154959379
 30
0.0
 10
3831.804700035826
 20
10485.29154959379
 30
0.0
 10
3831.804700035826
 20
10485.29154959379
 30
0.0
 10
3831.601367789232
 20
10485.29154959379
 30
0.0
 10
3831.601367789232
 20
10485.29154959379
 30
0.0
  0
SPLINE
  5
23512
330
19
100
AcDbEntity
  8
ºöåçæÄ
100
AcDbSpline
210
0.0
220
0.0
230
0.0
 70
    24
 71
     3
 72
     8
 73
     4
 74
     0
 42
0.000000001
 43
0.0000000001
 40
0.0
 40
0.0
 40
0.0
 40
0.0
 40
1.0
 40
1.0
 40
1.0
 40
1.0
 10
3832.153892451533
 20
10485.8440742561
 30
0.0
 10
3832.153892451533
 20
10485.8440742561
 30
0.0
 10
3834.91413760816
 20
10488.60471577188
 30
0.0
 10
3834.91413760816
 20
10488.60471577188
 30
0.0
  0
SPLINE
  5
23513
330
19
100
AcDbEntity
  8
ºöåçæÄ
100
AcDbSpline
210
0.0
220
0.0
230
1.0
 70
    11
 71
     3
 72
    28
 73
    24
 74
     0
 42
0.000000001
 43
0.0000000001
 40
0.0
 40
0.0
 40
0.0
 40
0.0
 40
0.1428571428571428
 40
0.1428571428571428
 40
0.1428571428571428
 40
0.1428571528571428
 40
0.2857142857142857
 40
0.2857142857142857
 40
0.2857142857142857
 40
0.2857142957142857
 40
0.4285714285714289
 40
0.4285714285714289
 40
0.4285714285714289
 40
0.4285714385714289
 40
0.5714285714285714
 40
0.5714285714285714
 40
0.5714285714285714
 40
0.5714285814285715
 40
0.7142857142857145
 40
0.7142857142857145
 40
0.7142857142857145
 40
0.7142857242857146
 40
1.0
 40
1.0
 40
1.0
 40
1.0
 10
3835.464680474702
 20
10489.15525863842
 30
0.0
 10
3835.464680474702
 20
10489.15525863842
 30
0.0
 10
3835.667616362144
 20
10489.15525863842
 30
0.0
 10
3835.667616362144
 20
10489.15525863842
 30
0.0
 10
3835.667616362144
 20
10489.15525863842
 30
0.0
 10
3835.667616362144
 20
10489.26703192018
 30
0.0
 10
3835.576453756461
 20
10489.35819452587
 30
0.0
 10
3835.464680474702
 20
10489.35819452587
 30
0.0
 10
3835.464680474702
 20
10489.35819452587
 30
0.0
 10
3835.352510833785
 20
10489.35819452587
 30
0.0
 10
3835.261348228101
 20
10489.26703192018
 30
0.0
 10
3835.261348228101
 20
10489.15525863842
 30
0.0
 10
3835.261348228101
 20
10489.15525863842
 30
0.0
 10
3835.261348228101
 20
10489.0430889975
 30
0.0
 10
3835.352510833785
 20
10488.95192639182
 30
0.0
 10
3835.464680474702
 20
10488.95192639182
 30
0.0
 10
3835.464680474702
 20
10488.95192639182
 30
0.0
 10
3835.576453756461
 20
10488.95192639182
 30
0.0
 10
3835.667616362144
 20
10489.0430889975
 30
0.0
 10
3835.667616362144
 20
10489.15525863842
 30
0.0
 10
3835.667616362144
 20
10489.15525863842
 30
0.0
 10
3835.667616362144
 20
10489.15525863842
 30
0.0
 10
3835.464680474702
 20
10489.15525863842
 30
0.0
 10
3835.464680474702
 20
10489.15525863842
 30
0.0
  0
SPLINE
  5
23514
330
19
100
AcDbEntity
  8
ºöåçæÄ
100
AcDbSpline
210
0.0
220
0.0
230
0.0
 70
    24
 71
     3
 72
     8
 73
     4
 74
     0
 42
0.000000001
 43
0.0000000001
 40
0.0
 40
0.0
 40
0.0
 40
0.0
 40
1.0
 40
1.0
 40
1.0
 40
1.0
 10
3836.017601496168
 20
10489.70778330073
 30
0.0
 10
3836.017601496168
 20
10489.70778330073
 30
0.0
 10
3836.714400890959
 20
10490.4065644913
 30
0.0
 10
3836.714400890959
 20
10490.4065644913
 30
0.0
  0
SPLINE
  5
23515
330
19
100
AcDbEntity
  8
ºöåçæÄ
100
AcDbSpline
210
0.0
220
0.0
230
0.0
 70
    24
 71
     3
 72
     8
 73
     4
 74
     0
 42
0.000000001
 43
0.0000000001
 40
0.0
 40
0.0
 40
0.0
 40
0.0
 40
1.0
 40
1.0
 40
1.0
 40
1.0
 10
3829.052778421471
 20
10480.53603245003
 30
0.0
 10
3829.052778421471
 20
10480.53603245003
 30
0.0
 10
3830.221641570067
 20
10481.70410288032
 30
0.0
 10
3830.221641570067
 20
10481.70410288032
 30
0.0
  0
SPLINE
  5
23516
330
19
100
AcDbEntity
  8
ºöåçæÄ
100
AcDbSpline
210
0.0
220
0.0
230
1.0
 70
    11
 71
     3
 72
    28
 73
    24
 74
     0
 42
0.000000001
 43
0.0000000001
 40
0.0
 40
0.0
 40
0.0
 40
0.0
 40
0.1428571428571428
 40
0.1428571428571428
 40
0.1428571428571428
 40
0.1428571528571428
 40
0.2857142857142857
 40
0.2857142857142857
 40
0.2857142857142857
 40
0.2857142957142857
 40
0.4285714285714289
 40
0.4285714285714289
 40
0.4285714285714289
 40
0.4285714385714289
 40
0.5714285714285714
 40
0.5714285714285714
 40
0.5714285714285714
 40
0.5714285814285715
 40
0.7142857142857145
 40
0.7142857142857145
 40
0.7142857142857145
 40
0.7142857242857146
 40
1.0
 40
1.0
 40
1.0
 40
1.0
 10
3830.772580795768
 20
10482.25702390179
 30
0.0
 10
3830.772580795768
 20
10482.25702390179
 30
0.0
 10
3830.97551668321
 20
10482.25702390179
 30
0.0
 10
3830.97551668321
 20
10482.25702390179
 30
0.0
 10
3830.97551668321
 20
10482.25702390179
 30
0.0
 10
3830.97551668321
 20
10482.3691935427
 30
0.0
 10
3830.884354077518
 20
10482.46035614839
 30
0.0
 10
3830.772580795768
 20
10482.46035614839
 30
0.0
 10
3830.772580795768
 20
10482.46035614839
 30
0.0
 10
3830.66041115485
 20
10482.46035614839
 30
0.0
 10
3830.569248549159
 20
10482.3691935427
 30
0.0
 10
3830.569248549159
 20
10482.25702390179
 30
0.0
 10
3830.569248549159
 20
10482.25702390179
 30
0.0
 10
3830.569248549159
 20
10482.14525062003
 30
0.0
 10
3830.66041115485
 20
10482.05408801434
 30
0.0
 10
3830.772580795768
 20
10482.05408801434
 30
0.0
 10
3830.772580795768
 20
10482.05408801434
 30
0.0
 10
3830.884354077518
 20
10482.05408801434
 30
0.0
 10
3830.97551668321
 20
10482.14525062003
 30
0.0
 10
3830.97551668321
 20
10482.25702390179
 30
0.0
 10
3830.97551668321
 20
10482.25702390179
 30
0.0
 10
3830.97551668321
 20
10482.25702390179
 30
0.0
 10
3830.772580795768
 20
10482.25702390179
 30
0.0
 10
3830.772580795768
 20
10482.25702390179
 30
0.0
  0
SPLINE
  5
23517
330
19
100
AcDbEntity
  8
ºöåçæÄ
100
AcDbSpline
210
0.0
220
0.0
230
0.0
 70
    24
 71
     3
 72
     8
 73
     4
 74
     0
 42
0.000000001
 43
0.0000000001
 40
0.0
 40
0.0
 40
0.0
 40
0.0
 40
1.0
 40
1.0
 40
1.0
 40
1.0
 10
3831.325105458068
 20
10482.8095485641
 30
0.0
 10
3831.325105458068
 20
10482.8095485641
 30
0.0
 10
3834.084557896384
 20
10485.56781192495
 30
0.0
 10
3834.084557896384
 20
10485.56781192495
 30
0.0
  0
SPLINE
  5
23518
330
19
100
AcDbEntity
  8
ºöåçæÄ
100
AcDbSpline
210
0.0
220
0.0
230
1.0
 70
    11
 71
     3
 72
    28
 73
    24
 74
     0
 42
0.000000001
 43
0.0000000001
 40
0.0
 40
0.0
 40
0.0
 40
0.0
 40
0.1428571428571428
 40
0.1428571428571428
 40
0.1428571428571428
 40
0.1428571528571428
 40
0.2857142857142857
 40
0.2857142857142857
 40
0.2857142857142857
 40
0.2857142957142857
 40
0.4285714285714289
 40
0.4285714285714289
 40
0.4285714285714289
 40
0.4285714385714289
 40
0.5714285714285714
 40
0.5714285714285714
 40
0.5714285714285714
 40
0.5714285814285715
 40
0.7142857142857145
 40
0.7142857142857145
 40
0.7142857142857145
 40
0.7142857242857146
 40
1.0
 40
1.0
 40
1.0
 40
1.0
 10
3834.637478917851
 20
10486.12033658726
 30
0.0
 10
3834.637478917851
 20
10486.12033658726
 30
0.0
 10
3834.840811164467
 20
10486.12033658726
 30
0.0
 10
3834.840811164467
 20
10486.12033658726
 30
0.0
 10
3834.840811164467
 20
10486.12033658726
 30
0.0
 10
3834.840811164467
 20
10486.23250622817
 30
0.0
 10
3834.749648558768
 20
10486.32366883386
 30
0.0
 10
3834.637478917851
 20
10486.32366883386
 30
0.0
 10
3834.637478917851
 20
10486.32366883386
 30
0.0
 10
3834.525705636093
 20
10486.32366883386
 30
0.0
 10
3834.434543030408
 20
10486.23250622817
 30
0.0
 10
3834.434543030408
 20
10486.12033658726
 30
0.0
 10
3834.434543030408
 20
10486.12033658726
 30
0.0
 10
3834.434543030408
 20
10486.0085633055
 30
0.0
 10
3834.525705636093
 20
10485.91700434066
 30
0.0
 10
3834.637478917851
 20
10485.91700434066
 30
0.0
 10
3834.637478917851
 20
10485.91700434066
 30
0.0
 10
3834.749648558768
 20
10485.91700434066
 30
0.0
 10
3834.840811164467
 20
10486.0085633055
 30
0.0
 10
3834.840811164467
 20
10486.12033658726
 30
0.0
 10
3834.840811164467
 20
10486.12033658726
 30
0.0
 10
3834.840811164467
 20
10486.12033658726
 30
0.0
 10
3834.637478917851
 20
10486.12033658726
 30
0.0
 10
3834.637478917851
 20
10486.12033658726
 30
0.0
  0
SPLINE
  5
23519
330
19
100
AcDbEntity
  8
ºöåçæÄ
100
AcDbSpline
210
0.0
220
0.0
230
0.0
 70
    24
 71
     3
 72
     8
 73
     4
 74
     0
 42
0.000000001
 43
0.0000000001
 40
0.0
 40
0.0
 40
0.0
 40
0.0
 40
1.0
 40
1.0
 40
1.0
 40
1.0
 10
3835.188418143545
 20
10486.67127581295
 30
0.0
 10
3835.188418143545
 20
10486.67127581295
 30
0.0
 10
3837.94826694102
 20
10489.43112461042
 30
0.0
 10
3837.94826694102
 20
10489.43112461042
 30
0.0
  0
SPLINE
  5
2351A
330
19
100
AcDbEntity
  8
ºöåçæÄ
100
AcDbSpline
210
0.0
220
0.0
230
1.0
 70
    11
 71
     3
 72
    28
 73
    24
 74
     0
 42
0.000000001
 43
0.0000000001
 40
0.0
 40
0.0
 40
0.0
 40
0.0
 40
0.1428571428571428
 40
0.1428571428571428
 40
0.1428571428571428
 40
0.1428571528571428
 40
0.2857142857142857
 40
0.2857142857142857
 40
0.2857142857142857
 40
0.2857142957142857
 40
0.4285714285714289
 40
0.4285714285714289
 40
0.4285714285714289
 40
0.4285714385714289
 40
0.5714285714285714
 40
0.5714285714285714
 40
0.5714285714285714
 40
0.5714285814285715
 40
0.7142857142857145
 40
0.7142857142857145
 40
0.7142857142857145
 40
0.7142857242857146
 40
1.0
 40
1.0
 40
1.0
 40
1.0
 10
3838.499206166699
 20
10489.98404563189
 30
0.0
 10
3838.499206166699
 20
10489.98404563189
 30
0.0
 10
3838.702538413308
 20
10489.98404563189
 30
0.0
 10
3838.702538413308
 20
10489.98404563189
 30
0.0
 10
3838.702538413308
 20
10489.98404563189
 30
0.0
 10
3838.702538413308
 20
10490.09581891364
 30
0.0
 10
3838.611375807609
 20
10490.18737787849
 30
0.0
 10
3838.499206166699
 20
10490.18737787849
 30
0.0
 10
3838.499206166699
 20
10490.18737787849
 30
0.0
 10
3838.387432884948
 20
10490.18737787849
 30
0.0
 10
3838.296270279257
 20
10490.09581891364
 30
0.0
 10
3838.296270279257
 20
10489.98404563189
 30
0.0
 10
3838.296270279257
 20
10489.98404563189
 30
0.0
 10
3838.296270279257
 20
10489.87227235012
 30
0.0
 10
3838.387432884948
 20
10489.78071338528
 30
0.0
 10
3838.499206166699
 20
10489.78071338528
 30
0.0
 10
3838.499206166699
 20
10489.78071338528
 30
0.0
 10
3838.611375807609
 20
10489.78071338528
 30
0.0
 10
3838.702538413308
 20
10489.87227235012
 30
0.0
 10
3838.702538413308
 20
10489.98404563189
 30
0.0
 10
3838.702538413308
 20
10489.98404563189
 30
0.0
 10
3838.702538413308
 20
10489.98404563189
 30
0.0
 10
3838.499206166699
 20
10489.98404563189
 30
0.0
 10
3838.499206166699
 20
10489.98404563189
 30
0.0
  0
SPLINE
  5
2351B
330
19
100
AcDbEntity
  8
ºöåçæÄ
100
AcDbSpline
210
0.0
220
0.0
230
0.0
 70
    24
 71
     3
 72
     8
 73
     4
 74
     0
 42
0.000000001
 43
0.0000000001
 40
0.0
 40
0.0
 40
0.0
 40
0.0
 40
1.0
 40
1.0
 40
1.0
 40
1.0
 10
3831.260102556625
 20
10480.53603245003
 30
0.0
 10
3831.260102556625
 20
10480.53603245003
 30
0.0
 10
3833.257752698692
 20
10482.53328623294
 30
0.0
 10
3833.257752698692
 20
10482.53328623294
 30
0.0
  0
SPLINE
  5
2351C
330
19
100
AcDbEntity
  8
ºöåçæÄ
100
AcDbSpline
210
0.0
220
0.0
230
1.0
 70
    11
 71
     3
 72
    28
 73
    24
 74
     0
 42
0.000000001
 43
0.0000000001
 40
0.0
 40
0.0
 40
0.0
 40
0.0
 40
0.1428571428571428
 40
0.1428571428571428
 40
0.1428571428571428
 40
0.1428571528571428
 40
0.2857142857142857
 40
0.2857142857142857
 40
0.2857142857142857
 40
0.2857142957142857
 40
0.4285714285714289
 40
0.4285714285714289
 40
0.4285714285714289
 40
0.4285714385714289
 40
0.5714285714285714
 40
0.5714285714285714
 40
0.5714285714285714
 40
0.5714285814285715
 40
0.7142857142857145
 40
0.7142857142857145
 40
0.7142857142857145
 40
0.7142857242857146
 40
1.0
 40
1.0
 40
1.0
 40
1.0
 10
3833.808691924387
 20
10483.08422545863
 30
0.0
 10
3833.808691924387
 20
10483.08422545863
 30
0.0
 10
3834.012024170988
 20
10483.08422545863
 30
0.0
 10
3834.012024170988
 20
10483.08422545863
 30
0.0
 10
3834.012024170988
 20
10483.08422545863
 30
0.0
 10
3834.012024170988
 20
10483.19599874039
 30
0.0
 10
3833.920465206152
 20
10483.28716134608
 30
0.0
 10
3833.808691924387
 20
10483.28716134608
 30
0.0
 10
3833.808691924387
 20
10483.28716134608
 30
0.0
 10
3833.696918642628
 20
10483.28716134608
 30
0.0
 10
3833.605359677792
 20
10483.19599874039
 30
0.0
 10
3833.605359677792
 20
10483.08422545863
 30
0.0
 10
3833.605359677792
 20
10483.08422545863
 30
0.0
 10
3833.605359677792
 20
10482.97205581772
 30
0.0
 10
3833.696918642628
 20
10482.88089321203
 30
0.0
 10
3833.808691924387
 20
10482.88089321203
 30
0.0
 10
3833.808691924387
 20
10482.88089321203
 30
0.0
 10
3833.920465206152
 20
10482.88089321203
 30
0.0
 10
3834.012024170988
 20
10482.97205581772
 30
0.0
 10
3834.012024170988
 20
10483.08422545863
 30
0.0
 10
3834.012024170988
 20
10483.08422545863
 30
0.0
 10
3834.012024170988
 20
10483.08422545863
 30
0.0
 10
3833.808691924387
 20
10483.08422545863
 30
0.0
 10
3833.808691924387
 20
10483.08422545863
 30
0.0
  0
SPLINE
  5
2351D
330
19
100
AcDbEntity
  8
ºöåçæÄ
100
AcDbSpline
210
0.0
220
0.0
230
0.0
 70
    24
 71
     3
 72
     8
 73
     4
 74
     0
 42
0.000000001
 43
0.0000000001
 40
0.0
 40
0.0
 40
0.0
 40
0.0
 40
1.0
 40
1.0
 40
1.0
 40
1.0
 10
3834.361216586701
 20
10483.6371464801
 30
0.0
 10
3834.361216586701
 20
10483.6371464801
 30
0.0
 10
3837.119479947555
 20
10486.39501348179
 30
0.0
 10
3837.119479947555
 20
10486.39501348179
 30
0.0
  0
SPLINE
  5
2351E
330
19
100
AcDbEntity
  8
ºöåçæÄ
100
AcDbSpline
210
0.0
220
0.0
230
1.0
 70
    11
 71
     3
 72
    28
 73
    24
 74
     0
 42
0.000000001
 43
0.0000000001
 40
0.0
 40
0.0
 40
0.0
 40
0.0
 40
0.1428571428571428
 40
0.1428571428571428
 40
0.1428571428571428
 40
0.1428571528571428
 40
0.2857142857142857
 40
0.2857142857142857
 40
0.2857142857142857
 40
0.2857142957142857
 40
0.4285714285714289
 40
0.4285714285714289
 40
0.4285714285714289
 40
0.4285714385714289
 40
0.5714285714285714
 40
0.5714285714285714
 40
0.5714285714285714
 40
0.5714285814285715
 40
0.7142857142857145
 40
0.7142857142857145
 40
0.7142857142857145
 40
0.7142857242857146
 40
1.0
 40
1.0
 40
1.0
 40
1.0
 10
3837.672004609863
 20
10486.94793450326
 30
0.0
 10
3837.672004609863
 20
10486.94793450326
 30
0.0
 10
3837.874940497312
 20
10486.94793450326
 30
0.0
 10
3837.874940497312
 20
10486.94793450326
 30
0.0
 10
3837.874940497312
 20
10486.94793450326
 30
0.0
 10
3837.874940497312
 20
10487.05970778502
 30
0.0
 10
3837.783777891607
 20
10487.15087039071
 30
0.0
 10
3837.672004609863
 20
10487.15087039071
 30
0.0
 10
3837.672004609863
 20
10487.15087039071
 30
0.0
 10
3837.559834968946
 20
10487.15087039071
 30
0.0
 10
3837.468672363261
 20
10487.05970778502
 30
0.0
 10
3837.468672363261
 20
10486.94793450326
 30
0.0
 10
3837.468672363261
 20
10486.94793450326
 30
0.0
 10
3837.468672363261
 20
10486.83576486235
 30
0.0
 10
3837.559834968946
 20
10486.74460225666
 30
0.0
 10
3837.672004609863
 20
10486.74460225666
 30
0.0
 10
3837.672004609863
 20
10486.74460225666
 30
0.0
 10
3837.783777891607
 20
10486.74460225666
 30
0.0
 10
3837.874940497312
 20
10486.83576486235
 30
0.0
 10
3837.874940497312
 20
10486.94793450326
 30
0.0
 10
3837.874940497312
 20
10486.94793450326
 30
0.0
 10
3837.874940497312
 20
10486.94793450326
 30
0.0
 10
3837.672004609863
 20
10486.94793450326
 30
0.0
 10
3837.672004609863
 20
10486.94793450326
 30
0.0
  0
SPLINE
  5
2351F
330
19
100
AcDbEntity
  8
ºöåçæÄ
100
AcDbSpline
210
0.0
220
0.0
230
0.0
 70
    24
 71
     3
 72
     8
 73
     4
 74
     0
 42
0.000000001
 43
0.0000000001
 40
0.0
 40
0.0
 40
0.0
 40
0.0
 40
1.0
 40
1.0
 40
1.0
 40
1.0
 10
3838.224925631322
 20
10487.50006280642
 30
0.0
 10
3838.224925631322
 20
10487.50006280642
 30
0.0
 10
3840.984378069638
 20
10490.25991160388
 30
0.0
 10
3840.984378069638
 20
10490.25991160388
 30
0.0
  0
SPLINE
  5
23520
330
19
100
AcDbEntity
  8
ºöåçæÄ
100
AcDbSpline
210
0.0
220
0.0
230
1.0
 70
    11
 71
     3
 72
    28
 73
    24
 74
     0
 42
0.000000001
 43
0.0000000001
 40
0.0
 40
0.0
 40
0.0
 40
0.0
 40
0.1428571428571428
 40
0.1428571428571428
 40
0.1428571428571428
 40
0.1428571528571428
 40
0.2857142857142857
 40
0.2857142857142857
 40
0.2857142857142857
 40
0.2857142957142857
 40
0.4285714285714289
 40
0.4285714285714289
 40
0.4285714285714289
 40
0.4285714385714289
 40
0.5714285714285714
 40
0.5714285714285714
 40
0.5714285714285714
 40
0.5714285814285715
 40
0.7142857142857145
 40
0.7142857142857145
 40
0.7142857142857145
 40
0.7142857242857146
 40
1.0
 40
1.0
 40
1.0
 40
1.0
 10
3841.130634597895
 20
10490.4065644913
 30
0.0
 10
3841.130634597895
 20
10490.4065644913
 30
0.0
 10
3841.333966844504
 20
10490.4065644913
 30
0.0
 10
3841.333966844504
 20
10490.4065644913
 30
0.0
 10
3841.333966844504
 20
10490.4065644913
 30
0.0
 10
3841.333966844504
 20
10490.51833777306
 30
0.0
 10
3841.242407879653
 20
10490.6098967379
 30
0.0
 10
3841.130634597895
 20
10490.6098967379
 30
0.0
 10
3841.130634597895
 20
10490.6098967379
 30
0.0
 10
3841.018464956985
 20
10490.6098967379
 30
0.0
 10
3840.927302351286
 20
10490.51833777306
 30
0.0
 10
3840.927302351286
 20
10490.4065644913
 30
0.0
 10
3840.927302351286
 20
10490.4065644913
 30
0.0
 10
3840.927302351286
 20
10490.29439485039
 30
0.0
 10
3841.018464956985
 20
10490.2032322447
 30
0.0
 10
3841.130634597895
 20
10490.2032322447
 30
0.0
 10
3841.130634597895
 20
10490.2032322447
 30
0.0
 10
3841.242407879653
 20
10490.2032322447
 30
0.0
 10
3841.333966844504
 20
10490.29439485039
 30
0.0
 10
3841.333966844504
 20
10490.4065644913
 30
0.0
 10
3841.333966844504
 20
10490.4065644913
 30
0.0
 10
3841.333966844504
 20
10490.4065644913
 30
0.0
 10
3841.130634597895
 20
10490.4065644913
 30
0.0
 10
3841.130634597895
 20
10490.4065644913
 30
0.0
  0
SPLINE
  5
23521
330
19
100
AcDbEntity
  8
ºöåçæÄ
100
AcDbSpline
210
0.0
220
0.0
230
1.0
 70
     8
 71
     3
 72
    16
 73
    12
 74
     0
 42
0.000000001
 43
0.0000000001
 40
0.070163275988506
 40
0.070163275988506
 40
0.070163275988506
 40
0.070163275988506
 40
0.1428571428571428
 40
0.1428571428571428
 40
0.1428571428571428
 40
0.1428571528571428
 40
0.2857142857142857
 40
0.2857142857142857
 40
0.2857142857142857
 40
0.2857142957142857
 40
0.4285714285714289
 40
0.4285714285714289
 40
0.4285714285714289
 40
0.4285714285714289
 10
3833.566198792053
 20
10480.53603245003
 30
0.0
 10
3833.617815270553
 20
10480.53603245003
 30
0.0
 10
3833.670362579236
 20
10480.53603245003
 30
0.0
 10
3833.670362579228
 20
10480.53603245003
 30
0.0
 10
3833.670362579228
 20
10480.53603245003
 30
0.0
 10
3833.670362579228
 20
10480.64780573179
 30
0.0
 10
3833.579199973537
 20
10480.73896833748
 30
0.0
 10
3833.467426691793
 20
10480.73896833748
 30
0.0
 10
3833.467426691793
 20
10480.73896833748
 30
0.0
 10
3833.355257050861
 20
10480.73896833748
 30
0.0
 10
3833.264094445184
 20
10480.64780573179
 30
0.0
 10
3833.264094445184
 20
10480.53603245003
 30
0.0
  0
SPLINE
  5
23522
330
19
100
AcDbEntity
  8
ºöåçæÄ
100
AcDbSpline
210
0.0
220
0.0
230
0.0
 70
    24
 71
     3
 72
     8
 73
     4
 74
     0
 42
0.000000001
 43
0.0000000001
 40
0.0
 40
0.0
 40
0.0
 40
0.0
 40
1.0
 40
1.0
 40
1.0
 40
1.0
 10
3833.533618670698
 20
10480.60063899232
 30
0.0
 10
3833.533618670698
 20
10480.60063899232
 30
0.0
 10
3836.291882031546
 20
10483.36048778979
 30
0.0
 10
3836.291882031546
 20
10483.36048778979
 30
0.0
  0
SPLINE
  5
23523
330
19
100
AcDbEntity
  8
ºöåçæÄ
100
AcDbSpline
210
0.0
220
0.0
230
1.0
 70
    11
 71
     3
 72
    28
 73
    24
 74
     0
 42
0.000000001
 43
0.0000000001
 40
0.0
 40
0.0
 40
0.0
 40
0.0
 40
0.1428571428571428
 40
0.1428571428571428
 40
0.1428571428571428
 40
0.1428571528571428
 40
0.2857142857142857
 40
0.2857142857142857
 40
0.2857142857142857
 40
0.2857142957142857
 40
0.4285714285714289
 40
0.4285714285714289
 40
0.4285714285714289
 40
0.4285714385714289
 40
0.5714285714285714
 40
0.5714285714285714
 40
0.5714285714285714
 40
0.5714285814285715
 40
0.7142857142857145
 40
0.7142857142857145
 40
0.7142857142857145
 40
0.7142857242857146
 40
1.0
 40
1.0
 40
1.0
 40
1.0
 10
3836.844803053005
 20
10483.9130124521
 30
0.0
 10
3836.844803053005
 20
10483.9130124521
 30
0.0
 10
3837.04813529962
 20
10483.9130124521
 30
0.0
 10
3837.04813529962
 20
10483.9130124521
 30
0.0
 10
3837.04813529962
 20
10483.9130124521
 30
0.0
 10
3837.04813529962
 20
10484.02478573386
 30
0.0
 10
3836.956972693929
 20
10484.1163446987
 30
0.0
 10
3836.844803053005
 20
10484.1163446987
 30
0.0
 10
3836.844803053005
 20
10484.1163446987
 30
0.0
 10
3836.733029771254
 20
10484.1163446987
 30
0.0
 10
3836.641867165563
 20
10484.02478573386
 30
0.0
 10
3836.641867165563
 20
10483.9130124521
 30
0.0
 10
3836.641867165563
 20
10483.9130124521
 30
0.0
 10
3836.641867165563
 20
10483.80123917034
 30
0.0
 10
3836.733029771254
 20
10483.7096802055
 30
0.0
 10
3836.844803053005
 20
10483.7096802055
 30
0.0
 10
3836.844803053005
 20
10483.7096802055
 30
0.0
 10
3836.956972693929
 20
10483.7096802055
 30
0.0
 10
3837.04813529962
 20
10483.80123917034
 30
0.0
 10
3837.04813529962
 20
10483.9130124521
 30
0.0
 10
3837.04813529962
 20
10483.9130124521
 30
0.0
 10
3837.04813529962
 20
10483.9130124521
 30
0.0
 10
3836.844803053005
 20
10483.9130124521
 30
0.0
 10
3836.844803053005
 20
10483.9130124521
 30
0.0
  0
SPLINE
  5
23524
330
19
100
AcDbEntity
  8
ºöåçæÄ
100
AcDbSpline
210
0.0
220
0.0
230
0.0
 70
    24
 71
     3
 72
     8
 73
     4
 74
     0
 42
0.000000001
 43
0.0000000001
 40
0.0
 40
0.0
 40
0.0
 40
0.0
 40
1.0
 40
1.0
 40
1.0
 40
1.0
 10
3837.395345919554
 20
10484.46395167779
 30
0.0
 10
3837.395345919554
 20
10484.46395167779
 30
0.0
 10
3840.155591076174
 20
10487.22419683442
 30
0.0
 10
3840.155591076174
 20
10487.22419683442
 30
0.0
  0
SPLINE
  5
23525
330
19
100
AcDbEntity
  8
ºöåçæÄ
100
AcDbSpline
210
0.0
220
0.0
230
1.0
 70
    11
 71
     3
 72
    28
 73
    24
 74
     0
 42
0.000000001
 43
0.0000000001
 40
0.0
 40
0.0
 40
0.0
 40
0.0
 40
0.1428571428571428
 40
0.1428571428571428
 40
0.1428571428571428
 40
0.1428571528571428
 40
0.2857142857142857
 40
0.2857142857142857
 40
0.2857142857142857
 40
0.2857142957142857
 40
0.4285714285714289
 40
0.4285714285714289
 40
0.4285714285714289
 40
0.4285714385714289
 40
0.5714285714285714
 40
0.5714285714285714
 40
0.5714285714285714
 40
0.5714285814285715
 40
0.7142857142857145
 40
0.7142857142857145
 40
0.7142857142857145
 40
0.7142857242857146
 40
1.0
 40
1.0
 40
1.0
 40
1.0
 10
3840.708115738481
 20
10487.77513606011
 30
0.0
 10
3840.708115738481
 20
10487.77513606011
 30
0.0
 10
3840.91144798509
 20
10487.77513606011
 30
0.0
 10
3840.91144798509
 20
10487.77513606011
 30
0.0
 10
3840.91144798509
 20
10487.77513606011
 30
0.0
 10
3840.91144798509
 20
10487.88690934187
 30
0.0
 10
3840.819889020247
 20
10487.97846830671
 30
0.0
 10
3840.708115738481
 20
10487.97846830671
 30
0.0
 10
3840.708115738481
 20
10487.97846830671
 30
0.0
 10
3840.59634245673
 20
10487.97846830671
 30
0.0
 10
3840.50478349188
 20
10487.88690934187
 30
0.0
 10
3840.50478349188
 20
10487.77513606011
 30
0.0
 10
3840.50478349188
 20
10487.77513606011
 30
0.0
 10
3840.50478349188
 20
10487.66296641919
 30
0.0
 10
3840.59634245673
 20
10487.57220017266
 30
0.0
 10
3840.708115738481
 20
10487.57220017266
 30
0.0
 10
3840.708115738481
 20
10487.57220017266
 30
0.0
 10
3840.819889020247
 20
10487.57220017266
 30
0.0
 10
3840.91144798509
 20
10487.66296641919
 30
0.0
 10
3840.91144798509
 20
10487.77513606011
 30
0.0
 10
3840.91144798509
 20
10487.77513606011
 30
0.0
 10
3840.91144798509
 20
10487.77513606011
 30
0.0
 10
3840.708115738481
 20
10487.77513606011
 30
0.0
 10
3840.708115738481
 20
10487.77513606011
 30
0.0
  0
SPLINE
  5
23526
330
19
100
AcDbEntity
  8
ºöåçæÄ
100
AcDbSpline
210
0.0
220
0.0
230
0.0
 70
    24
 71
     3
 72
     8
 73
     4
 74
     0
 42
0.000000001
 43
0.0000000001
 40
0.0
 40
0.0
 40
0.0
 40
0.0
 40
1.0
 40
1.0
 40
1.0
 40
1.0
 10
3841.26103675994
 20
10488.32766072242
 30
0.0
 10
3841.26103675994
 20
10488.32766072242
 30
0.0
 10
3843.337958733055
 20
10490.4065644913
 30
0.0
 10
3843.337958733055
 20
10490.4065644913
 30
0.0
  0
SPLINE
  5
23527
330
19
100
AcDbEntity
  8
ºöåçæÄ
100
AcDbSpline
210
0.0
220
0.0
230
1.0
 70
    11
 71
     3
 72
    28
 73
    24
 74
     0
 42
0.000000001
 43
0.0000000001
 40
0.0
 40
0.0
 40
0.0
 40
0.0
 40
0.1428571428571428
 40
0.1428571428571428
 40
0.1428571428571428
 40
0.1428571528571428
 40
0.2857142857142857
 40
0.2857142857142857
 40
0.2857142857142857
 40
0.2857142957142857
 40
0.4285714285714289
 40
0.4285714285714289
 40
0.4285714285714289
 40
0.4285714385714289
 40
0.5714285714285714
 40
0.5714285714285714
 40
0.5714285714285714
 40
0.5714285814285715
 40
0.7142857142857145
 40
0.7142857142857145
 40
0.7142857142857145
 40
0.7142857242857146
 40
1.0
 40
1.0
 40
1.0
 40
1.0
 10
3836.017601496168
 20
10480.87729768263
 30
0.0
 10
3836.017601496168
 20
10480.87729768263
 30
0.0
 10
3836.22053738361
 20
10480.87729768263
 30
0.0
 10
3836.22053738361
 20
10480.87729768263
 30
0.0
 10
3836.22053738361
 20
10480.87729768263
 30
0.0
 10
3836.22053738361
 20
10480.98907096439
 30
0.0
 10
3836.129374777927
 20
10481.08062992924
 30
0.0
 10
3836.017601496168
 20
10481.08062992924
 30
0.0
 10
3836.017601496168
 20
10481.08062992924
 30
0.0
 10
3835.905431855251
 20
10481.08062992924
 30
0.0
 10
3835.81426924956
 20
10480.98907096439
 30
0.0
 10
3835.81426924956
 20
10480.87729768263
 30
0.0
 10
3835.81426924956
 20
10480.87729768263
 30
0.0
 10
3835.81426924956
 20
10480.76512804172
 30
0.0
 10
3835.905431855251
 20
10480.67396543603
 30
0.0
 10
3836.017601496168
 20
10480.67396543603
 30
0.0
 10
3836.017601496168
 20
10480.67396543603
 30
0.0
 10
3836.129374777927
 20
10480.67396543603
 30
0.0
 10
3836.22053738361
 20
10480.76512804172
 30
0.0
 10
3836.22053738361
 20
10480.87729768263
 30
0.0
 10
3836.22053738361
 20
10480.87729768263
 30
0.0
 10
3836.22053738361
 20
10480.87729768263
 30
0.0
 10
3836.017601496168
 20
10480.87729768263
 30
0.0
 10
3836.017601496168
 20
10480.87729768263
 30
0.0
  0
SPLINE
  5
23528
330
19
100
AcDbEntity
  8
ºöåçæÄ
100
AcDbSpline
210
0.0
220
0.0
230
0.0
 70
    24
 71
     3
 72
     8
 73
     4
 74
     0
 42
0.000000001
 43
0.0000000001
 40
0.0
 40
0.0
 40
0.0
 40
0.0
 40
1.0
 40
1.0
 40
1.0
 40
1.0
 10
3836.568540721862
 20
10481.42982234494
 30
0.0
 10
3836.568540721862
 20
10481.42982234494
 30
0.0
 10
3839.328389519323
 20
10484.18808570579
 30
0.0
 10
3839.328389519323
 20
10484.18808570579
 30
0.0
  0
SPLINE
  5
23529
330
19
100
AcDbEntity
  8
ºöåçæÄ
100
AcDbSpline
210
0.0
220
0.0
230
1.0
 70
    11
 71
     3
 72
    28
 73
    24
 74
     0
 42
0.000000001
 43
0.0000000001
 40
0.0
 40
0.0
 40
0.0
 40
0.0
 40
0.1428571428571428
 40
0.1428571428571428
 40
0.1428571428571428
 40
0.1428571528571428
 40
0.2857142857142857
 40
0.2857142857142857
 40
0.2857142857142857
 40
0.2857142957142857
 40
0.4285714285714289
 40
0.4285714285714289
 40
0.4285714285714289
 40
0.4285714385714289
 40
0.5714285714285714
 40
0.5714285714285714
 40
0.5714285714285714
 40
0.5714285814285715
 40
0.7142857142857145
 40
0.7142857142857145
 40
0.7142857142857145
 40
0.7142857242857146
 40
1.0
 40
1.0
 40
1.0
 40
1.0
 10
3839.879328745009
 20
10484.7406103681
 30
0.0
 10
3839.879328745009
 20
10484.7406103681
 30
0.0
 10
3840.082264632466
 20
10484.7406103681
 30
0.0
 10
3840.082264632466
 20
10484.7406103681
 30
0.0
 10
3840.082264632466
 20
10484.7406103681
 30
0.0
 10
3840.082264632466
 20
10484.85238364986
 30
0.0
 10
3839.991102026774
 20
10484.94354625555
 30
0.0
 10
3839.879328745009
 20
10484.94354625555
 30
0.0
 10
3839.879328745009
 20
10484.94354625555
 30
0.0
 10
3839.767159104099
 20
10484.94354625555
 30
0.0
 10
3839.675996498415
 20
10484.85238364986
 30
0.0
 10
3839.675996498415
 20
10484.7406103681
 30
0.0
 10
3839.675996498415
 20
10484.7406103681
 30
0.0
 10
3839.675996498415
 20
10484.62844072719
 30
0.0
 10
3839.767159104099
 20
10484.5372781215
 30
0.0
 10
3839.879328745009
 20
10484.5372781215
 30
0.0
 10
3839.879328745009
 20
10484.5372781215
 30
0.0
 10
3839.991102026774
 20
10484.5372781215
 30
0.0
 10
3840.082264632466
 20
10484.62844072719
 30
0.0
 10
3840.082264632466
 20
10484.7406103681
 30
0.0
 10
3840.082264632466
 20
10484.7406103681
 30
0.0
 10
3840.082264632466
 20
10484.7406103681
 30
0.0
 10
3839.879328745009
 20
10484.7406103681
 30
0.0
 10
3839.879328745009
 20
10484.7406103681
 30
0.0
  0
SPLINE
  5
2352A
330
19
100
AcDbEntity
  8
ºöåçæÄ
100
AcDbSpline
210
0.0
220
0.0
230
0.0
 70
    24
 71
     3
 72
     8
 73
     4
 74
     0
 42
0.000000001
 43
0.0000000001
 40
0.0
 40
0.0
 40
0.0
 40
0.0
 40
1.0
 40
1.0
 40
1.0
 40
1.0
 10
3840.431853407324
 20
10485.29154959379
 30
0.0
 10
3840.431853407324
 20
10485.29154959379
 30
0.0
 10
3843.192098563951
 20
10488.05139839126
 30
0.0
 10
3843.192098563951
 20
10488.05139839126
 30
0.0
  0
SPLINE
  5
2352B
330
19
100
AcDbEntity
  8
ºöåçæÄ
100
AcDbSpline
210
0.0
220
0.0
230
1.0
 70
    11
 71
     3
 72
    28
 73
    24
 74
     0
 42
0.000000001
 43
0.0000000001
 40
0.0
 40
0.0
 40
0.0
 40
0.0
 40
0.1428571428571428
 40
0.1428571428571428
 40
0.1428571428571428
 40
0.1428571528571428
 40
0.2857142857142857
 40
0.2857142857142857
 40
0.2857142857142857
 40
0.2857142957142857
 40
0.4285714285714289
 40
0.4285714285714289
 40
0.4285714285714289
 40
0.4285714385714289
 40
0.5714285714285714
 40
0.5714285714285714
 40
0.5714285714285714
 40
0.5714285814285715
 40
0.7142857142857145
 40
0.7142857142857145
 40
0.7142857142857145
 40
0.7142857242857146
 40
1.0
 40
1.0
 40
1.0
 40
1.0
 10
3843.742641430486
 20
10488.60471577188
 30
0.0
 10
3843.742641430486
 20
10488.60471577188
 30
0.0
 10
3843.945577317935
 20
10488.60471577188
 30
0.0
 10
3843.945577317935
 20
10488.60471577188
 30
0.0
 10
3843.945577317935
 20
10488.60471577188
 30
0.0
 10
3843.945577317935
 20
10488.71609269449
 30
0.0
 10
3843.854414712252
 20
10488.80765165933
 30
0.0
 10
3843.742641430486
 20
10488.80765165933
 30
0.0
 10
3843.742641430486
 20
10488.80765165933
 30
0.0
 10
3843.630471789568
 20
10488.80765165933
 30
0.0
 10
3843.539309183884
 20
10488.71609269449
 30
0.0
 10
3843.539309183884
 20
10488.60471577188
 30
0.0
 10
3843.539309183884
 20
10488.60471577188
 30
0.0
 10
3843.539309183884
 20
10488.49214977181
 30
0.0
 10
3843.630471789568
 20
10488.40098716612
 30
0.0
 10
3843.742641430486
 20
10488.40098716612
 30
0.0
 10
3843.742641430486
 20
10488.40098716612
 30
0.0
 10
3843.854414712252
 20
10488.40098716612
 30
0.0
 10
3843.945577317935
 20
10488.49214977181
 30
0.0
 10
3843.945577317935
 20
10488.60471577188
 30
0.0
 10
3843.945577317935
 20
10488.60471577188
 30
0.0
 10
3843.945577317935
 20
10488.60471577188
 30
0.0
 10
3843.742641430486
 20
10488.60471577188
 30
0.0
 10
3843.742641430486
 20
10488.60471577188
 30
0.0
  0
SPLINE
  5
2352C
330
19
100
AcDbEntity
  8
ºöåçæÄ
100
AcDbSpline
210
0.0
220
0.0
230
0.0
 70
    24
 71
     3
 72
     8
 73
     4
 74
     0
 42
0.000000001
 43
0.0000000001
 40
0.0
 40
0.0
 40
0.0
 40
0.0
 40
1.0
 40
1.0
 40
1.0
 40
1.0
 10
3844.295166092793
 20
10489.15525863842
 30
0.0
 10
3844.295166092793
 20
10489.15525863842
 30
0.0
 10
3844.895253853741
 20
10489.75653547681
 30
0.0
 10
3844.895253853741
 20
10489.75653547681
 30
0.0
  0
SPLINE
  5
2352D
330
19
100
AcDbEntity
  8
ºöåçæÄ
100
AcDbSpline
210
0.0
220
0.0
230
0.0
 70
    24
 71
     3
 72
     8
 73
     4
 74
     0
 42
0.000000001
 43
0.0000000001
 40
0.0
 40
0.0
 40
0.0
 40
0.0
 40
1.0
 40
1.0
 40
1.0
 40
1.0
 10
3837.883264039562
 20
10480.53603245003
 30
0.0
 10
3837.883264039562
 20
10480.53603245003
 30
0.0
 10
3838.499206166699
 20
10481.15316365463
 30
0.0
 10
3838.499206166699
 20
10481.15316365463
 30
0.0
  0
SPLINE
  5
2352E
330
19
100
AcDbEntity
  8
ºöåçæÄ
100
AcDbSpline
210
0.0
220
0.0
230
1.0
 70
    11
 71
     3
 72
    28
 73
    24
 74
     0
 42
0.000000001
 43
0.0000000001
 40
0.0
 40
0.0
 40
0.0
 40
0.0
 40
0.1428571428571428
 40
0.1428571428571428
 40
0.1428571428571428
 40
0.1428571528571428
 40
0.2857142857142857
 40
0.2857142857142857
 40
0.2857142857142857
 40
0.2857142957142857
 40
0.4285714285714289
 40
0.4285714285714289
 40
0.4285714285714289
 40
0.4285714385714289
 40
0.5714285714285714
 40
0.5714285714285714
 40
0.5714285714285714
 40
0.5714285814285715
 40
0.7142857142857145
 40
0.7142857142857145
 40
0.7142857142857145
 40
0.7142857242857146
 40
1.0
 40
1.0
 40
1.0
 40
1.0
 10
3839.051730829014
 20
10481.70410288032
 30
0.0
 10
3839.051730829014
 20
10481.70410288032
 30
0.0
 10
3839.255063075615
 20
10481.70410288032
 30
0.0
 10
3839.255063075615
 20
10481.70410288032
 30
0.0
 10
3839.255063075615
 20
10481.70410288032
 30
0.0
 10
3839.255063075615
 20
10481.81627252124
 30
0.0
 10
3839.163900469923
 20
10481.90743512693
 30
0.0
 10
3839.051730829014
 20
10481.90743512693
 30
0.0
 10
3839.051730829014
 20
10481.90743512693
 30
0.0
 10
3838.939957547255
 20
10481.90743512693
 30
0.0
 10
3838.848794941564
 20
10481.81627252124
 30
0.0
 10
3838.848794941564
 20
10481.70410288032
 30
0.0
 10
3838.848794941564
 20
10481.70410288032
 30
0.0
 10
3838.848794941564
 20
10481.59232959857
 30
0.0
 10
3838.939957547255
 20
10481.50116699287
 30
0.0
 10
3839.051730829014
 20
10481.50116699287
 30
0.0
 10
3839.051730829014
 20
10481.50116699287
 30
0.0
 10
3839.163900469923
 20
10481.50116699287
 30
0.0
 10
3839.255063075615
 20
10481.59232959857
 30
0.0
 10
3839.255063075615
 20
10481.70410288032
 30
0.0
 10
3839.255063075615
 20
10481.70410288032
 30
0.0
 10
3839.255063075615
 20
10481.70410288032
 30
0.0
 10
3839.051730829014
 20
10481.70410288032
 30
0.0
 10
3839.051730829014
 20
10481.70410288032
 30
0.0
  0
SPLINE
  5
2352F
330
19
100
AcDbEntity
  8
ºöåçæÄ
100
AcDbSpline
210
0.0
220
0.0
230
0.0
 70
    24
 71
     3
 72
     8
 73
     4
 74
     0
 42
0.000000001
 43
0.0000000001
 40
0.0
 40
0.0
 40
0.0
 40
0.0
 40
1.0
 40
1.0
 40
1.0
 40
1.0
 10
3839.604651850481
 20
10482.25702390179
 30
0.0
 10
3839.604651850481
 20
10482.25702390179
 30
0.0
 10
3842.364500647955
 20
10485.01687269926
 30
0.0
 10
3842.364500647955
 20
10485.01687269926
 30
0.0
  0
SPLINE
  5
23530
330
19
100
AcDbEntity
  8
ºöåçæÄ
100
AcDbSpline
210
0.0
220
0.0
230
1.0
 70
    11
 71
     3
 72
    28
 73
    24
 74
     0
 42
0.000000001
 43
0.0000000001
 40
0.0
 40
0.0
 40
0.0
 40
0.0
 40
0.1428571428571428
 40
0.1428571428571428
 40
0.1428571428571428
 40
0.1428571528571428
 40
0.2857142857142857
 40
0.2857142857142857
 40
0.2857142857142857
 40
0.2857142957142857
 40
0.4285714285714289
 40
0.4285714285714289
 40
0.4285714285714289
 40
0.4285714385714289
 40
0.5714285714285714
 40
0.5714285714285714
 40
0.5714285714285714
 40
0.5714285814285715
 40
0.7142857142857145
 40
0.7142857142857145
 40
0.7142857142857145
 40
0.7142857242857146
 40
1.0
 40
1.0
 40
1.0
 40
1.0
 10
3842.915439873642
 20
10485.56781192495
 30
0.0
 10
3842.915439873642
 20
10485.56781192495
 30
0.0
 10
3843.118772120244
 20
10485.56781192495
 30
0.0
 10
3843.118772120244
 20
10485.56781192495
 30
0.0
 10
3843.118772120244
 20
10485.56781192495
 30
0.0
 10
3843.118772120244
 20
10485.67998156586
 30
0.0
 10
3843.027609514552
 20
10485.77114417155
 30
0.0
 10
3842.915439873642
 20
10485.77114417155
 30
0.0
 10
3842.915439873642
 20
10485.77114417155
 30
0.0
 10
3842.803666591884
 20
10485.77114417155
 30
0.0
 10
3842.712107627048
 20
10485.67998156586
 30
0.0
 10
3842.712107627048
 20
10485.56781192495
 30
0.0
 10
3842.712107627048
 20
10485.56781192495
 30
0.0
 10
3842.712107627048
 20
10485.45603864319
 30
0.0
 10
3842.803666591884
 20
10485.3648760375
 30
0.0
 10
3842.915439873642
 20
10485.3648760375
 30
0.0
 10
3842.915439873642
 20
10485.3648760375
 30
0.0
 10
3843.027609514552
 20
10485.3648760375
 30
0.0
 10
3843.118772120244
 20
10485.45603864319
 30
0.0
 10
3843.118772120244
 20
10485.56781192495
 30
0.0
 10
3843.118772120244
 20
10485.56781192495
 30
0.0
 10
3843.118772120244
 20
10485.56781192495
 30
0.0
 10
3842.915439873642
 20
10485.56781192495
 30
0.0
 10
3842.915439873642
 20
10485.56781192495
 30
0.0
  0
SPLINE
  5
23531
330
19
100
AcDbEntity
  8
ºöåçæÄ
100
AcDbSpline
210
0.0
220
0.0
230
0.0
 70
    24
 71
     3
 72
     8
 73
     4
 74
     0
 42
0.000000001
 43
0.0000000001
 40
0.0
 40
0.0
 40
0.0
 40
0.0
 40
1.0
 40
1.0
 40
1.0
 40
1.0
 10
3843.46796453595
 20
10486.12033658726
 30
0.0
 10
3843.46796453595
 20
10486.12033658726
 30
0.0
 10
3845.290027572278
 20
10487.94239962359
 30
0.0
 10
3845.290027572278
 20
10487.94239962359
 30
0.0
  0
SPLINE
  5
23532
330
19
100
AcDbEntity
  8
ºöåçæÄ
100
AcDbSpline
210
0.0
220
0.0
230
0.0
 70
    24
 71
     3
 72
     8
 73
     4
 74
     0
 42
0.000000001
 43
0.0000000001
 40
0.0
 40
0.0
 40
0.0
 40
0.0
 40
1.0
 40
1.0
 40
1.0
 40
1.0
 10
3840.090588174723
 20
10480.53603245003
 30
0.0
 10
3840.090588174723
 20
10480.53603245003
 30
0.0
 10
3841.53571365449
 20
10481.98076157063
 30
0.0
 10
3841.53571365449
 20
10481.98076157063
 30
0.0
  0
SPLINE
  5
23533
330
19
100
AcDbEntity
  8
ºöåçæÄ
100
AcDbSpline
210
0.0
220
0.0
230
1.0
 70
    11
 71
     3
 72
    28
 73
    24
 74
     0
 42
0.000000001
 43
0.0000000001
 40
0.0
 40
0.0
 40
0.0
 40
0.0
 40
0.1428571428571428
 40
0.1428571428571428
 40
0.1428571428571428
 40
0.1428571528571428
 40
0.2857142857142857
 40
0.2857142857142857
 40
0.2857142857142857
 40
0.2857142957142857
 40
0.4285714285714289
 40
0.4285714285714289
 40
0.4285714285714289
 40
0.4285714385714289
 40
0.5714285714285714
 40
0.5714285714285714
 40
0.5714285714285714
 40
0.5714285814285715
 40
0.7142857142857145
 40
0.7142857142857145
 40
0.7142857142857145
 40
0.7142857242857146
 40
1.0
 40
1.0
 40
1.0
 40
1.0
 10
3842.087841957647
 20
10482.53328623294
 30
0.0
 10
3842.087841957647
 20
10482.53328623294
 30
0.0
 10
3842.291174204248
 20
10482.53328623294
 30
0.0
 10
3842.291174204248
 20
10482.53328623294
 30
0.0
 10
3842.291174204248
 20
10482.53328623294
 30
0.0
 10
3842.291174204248
 20
10482.6450595147
 30
0.0
 10
3842.200011598549
 20
10482.73622212039
 30
0.0
 10
3842.087841957647
 20
10482.73622212039
 30
0.0
 10
3842.087841957647
 20
10482.73622212039
 30
0.0
 10
3841.976068675882
 20
10482.73622212039
 30
0.0
 10
3841.884906070197
 20
10482.6450595147
 30
0.0
 10
3841.884906070197
 20
10482.53328623294
 30
0.0
 10
3841.884906070197
 20
10482.53328623294
 30
0.0
 10
3841.884906070197
 20
10482.42111659203
 30
0.0
 10
3841.976068675882
 20
10482.32995398634
 30
0.0
 10
3842.087841957647
 20
10482.32995398634
 30
0.0
 10
3842.087841957647
 20
10482.32995398634
 30
0.0
 10
3842.200011598549
 20
10482.32995398634
 30
0.0
 10
3842.291174204248
 20
10482.42111659203
 30
0.0
 10
3842.291174204248
 20
10482.53328623294
 30
0.0
 10
3842.291174204248
 20
10482.53328623294
 30
0.0
 10
3842.291174204248
 20
10482.53328623294
 30
0.0
 10
3842.087841957647
 20
10482.53328623294
 30
0.0
 10
3842.087841957647
 20
10482.53328623294
 30
0.0
  0
SPLINE
  5
23534
330
19
100
AcDbEntity
  8
ºöåçæÄ
100
AcDbSpline
210
0.0
220
0.0
230
0.0
 70
    24
 71
     3
 72
     8
 73
     4
 74
     0
 42
0.000000001
 43
0.0000000001
 40
0.0
 40
0.0
 40
0.0
 40
0.0
 40
1.0
 40
1.0
 40
1.0
 40
1.0
 10
3842.639177542485
 20
10483.08422545863
 30
0.0
 10
3842.639177542485
 20
10483.08422545863
 30
0.0
 10
3845.290027572278
 20
10485.73507548843
 30
0.0
 10
3845.290027572278
 20
10485.73507548843
 30
0.0
  0
SPLINE
  5
23535
330
19
100
AcDbEntity
  8
ºöåçæÄ
100
AcDbSpline
210
0.0
220
0.0
230
0.0
 70
    24
 71
     3
 72
     8
 73
     4
 74
     0
 42
0.000000001
 43
0.0000000001
 40
0.0
 40
0.0
 40
0.0
 40
0.0
 40
1.0
 40
1.0
 40
1.0
 40
1.0
 10
3842.297515950725
 20
10480.53603245003
 30
0.0
 10
3842.297515950725
 20
10480.53603245003
 30
0.0
 10
3844.569842987329
 20
10482.8095485641
 30
0.0
 10
3844.569842987329
 20
10482.8095485641
 30
0.0
  0
SPLINE
  5
23536
330
19
100
AcDbEntity
  8
ºöåçæÄ
100
AcDbSpline
210
0.0
220
0.0
230
1.0
 70
    11
 71
     3
 72
    28
 73
    24
 74
     0
 42
0.000000001
 43
0.0000000001
 40
0.0
 40
0.0
 40
0.0
 40
0.0
 40
0.1428571428571428
 40
0.1428571428571428
 40
0.1428571428571428
 40
0.1428571528571428
 40
0.2857142857142857
 40
0.2857142857142857
 40
0.2857142857142857
 40
0.2857142957142857
 40
0.4285714285714289
 40
0.4285714285714289
 40
0.4285714285714289
 40
0.4285714385714289
 40
0.5714285714285714
 40
0.5714285714285714
 40
0.5714285714285714
 40
0.5714285814285715
 40
0.7142857142857145
 40
0.7142857142857145
 40
0.7142857142857145
 40
0.7142857242857146
 40
1.0
 40
1.0
 40
1.0
 40
1.0
 10
3845.122764008796
 20
10483.36048778979
 30
0.0
 10
3845.122764008796
 20
10483.36048778979
 30
0.0
 10
3845.326096255404
 20
10483.36048778979
 30
0.0
 10
3845.326096255404
 20
10483.36048778979
 30
0.0
 10
3845.326096255404
 20
10483.36048778979
 30
0.0
 10
3845.326096255404
 20
10483.4726574307
 30
0.0
 10
3845.234933649713
 20
10483.56382003639
 30
0.0
 10
3845.122764008796
 20
10483.56382003639
 30
0.0
 10
3845.122764008796
 20
10483.56382003639
 30
0.0
 10
3845.010990727029
 20
10483.56382003639
 30
0.0
 10
3844.919828121354
 20
10483.4726574307
 30
0.0
 10
3844.919828121354
 20
10483.36048778979
 30
0.0
 10
3844.919828121354
 20
10483.36048778979
 30
0.0
 10
3844.919828121354
 20
10483.24871450803
 30
0.0
 10
3845.010990727029
 20
10483.15755190234
 30
0.0
 10
3845.122764008796
 20
10483.15755190234
 30
0.0
 10
3845.122764008796
 20
10483.15755190234
 30
0.0
 10
3845.234933649713
 20
10483.15755190234
 30
0.0
 10
3845.326096255404
 20
10483.24871450803
 30
0.0
 10
3845.326096255404
 20
10483.36048778979
 30
0.0
 10
3845.326096255404
 20
10483.36048778979
 30
0.0
 10
3845.326096255404
 20
10483.36048778979
 30
0.0
 10
3845.122764008796
 20
10483.36048778979
 30
0.0
 10
3845.122764008796
 20
10483.36048778979
 30
0.0
  0
SPLINE
  5
23537
330
19
100
AcDbEntity
  8
ºöåçæÄ
100
AcDbSpline
210
0.0
220
0.0
230
1.0
 70
     8
 71
     3
 72
    16
 73
    12
 74
     0
 42
0.000000001
 43
0.0000000001
 40
0.0668439966093172
 40
0.0668439966093172
 40
0.0668439966093172
 40
0.0668439966093172
 40
0.1428571428571428
 40
0.1428571428571428
 40
0.1428571428571428
 40
0.1428571528571428
 40
0.2857142857142857
 40
0.2857142857142857
 40
0.2857142857142857
 40
0.2857142957142857
 40
0.4285714285714289
 40
0.4285714285714289
 40
0.4285714285714289
 40
0.4285714285714289
 10
3844.598713430903
 20
10480.53603245003
 30
0.0
 10
3844.652586311858
 20
10480.53603245003
 30
0.0
 10
3844.71015412826
 20
10480.53603245003
 30
0.0
 10
3844.71015412826
 20
10480.53603245003
 30
0.0
 10
3844.71015412826
 20
10480.53603245003
 30
0.0
 10
3844.71015412826
 20
10480.64780573179
 30
0.0
 10
3844.618595163424
 20
10480.73896833748
 30
0.0
 10
3844.506821881666
 20
10480.73896833748
 30
0.0
 10
3844.506821881666
 20
10480.73896833748
 30
0.0
 10
3844.395048599908
 20
10480.73896833748
 30
0.0
 10
3844.303489635058
 20
10480.64780573179
 30
0.0
 10
3844.303489635058
 20
10480.53603245003
 30
0.0
  0
SPLINE
  5
23538
330
19
100
AcDbEntity
  8
ºöåçæÄ
100
AcDbSpline
210
0.0
220
0.0
230
0.0
 70
    24
 71
     3
 72
     8
 73
     4
 74
     0
 42
0.000000001
 43
0.0000000001
 40
0.0
 40
0.0
 40
0.0
 40
0.0
 40
1.0
 40
1.0
 40
1.0
 40
1.0
 10
3844.846501677645
 20
10480.87729768263
 30
0.0
 10
3844.846501677645
 20
10480.87729768263
 30
0.0
 10
3845.290027572278
 20
10481.31923814065
 30
0.0
 10
3845.290027572278
 20
10481.31923814065
 30
0.0
  0
SPLINE
  5
23539
330
19
100
AcDbEntity
  8
ºöåçæÄ
100
AcDbSpline
210
0.0
220
0.0
230
0.0
 70
    24
 71
     3
 72
     8
 73
     4
 74
     0
 42
0.000000001
 43
0.0000000001
 40
0.0
 40
0.0
 40
0.0
 40
0.0
 40
1.0
 40
1.0
 40
1.0
 40
1.0
 10
3823.273069220732
 20
10485.7937366434
 30
0.0
 10
3823.273069220732
 20
10485.7937366434
 30
0.0
 10
3824.309944770668
 20
10486.83100855248
 30
0.0
 10
3824.309944770668
 20
10486.83100855248
 30
0.0
  0
SPLINE
  5
2353A
330
19
100
AcDbEntity
  8
ºöåçæÄ
100
AcDbSpline
210
0.0
220
0.0
230
0.0
 70
    24
 71
     3
 72
     8
 73
     4
 74
     0
 42
0.000000001
 43
0.0000000001
 40
0.0
 40
0.0
 40
0.0
 40
0.0
 40
1.0
 40
1.0
 40
1.0
 40
1.0
 10
3823.196571903789
 20
10483.51031155045
 30
0.0
 10
3823.196571903789
 20
10483.51031155045
 30
0.0
 10
3825.118121088074
 20
10485.43106801641
 30
0.0
 10
3825.118121088074
 20
10485.43106801641
 30
0.0
  0
SPLINE
  5
2353B
330
19
100
AcDbEntity
  8
ºöåçæÄ
100
AcDbSpline
210
0.0
220
0.0
230
0.0
 70
    24
 71
     3
 72
     8
 73
     4
 74
     0
 42
0.000000001
 43
0.0000000001
 40
0.0
 40
0.0
 40
0.0
 40
0.0
 40
1.0
 40
1.0
 40
1.0
 40
1.0
 10
3823.196571903789
 20
10481.30298741529
 30
0.0
 10
3823.196571903789
 20
10481.30298741529
 30
0.0
 10
3825.118121088074
 20
10483.22414024041
 30
0.0
 10
3825.118121088074
 20
10483.22414024041
 30
0.0
  0
SPLINE
  5
2353C
330
19
100
AcDbEntity
  8
ºöåçæÄ
100
AcDbSpline
210
0.0
220
0.0
230
0.0
 70
    24
 71
     3
 72
     8
 73
     4
 74
     0
 42
0.000000001
 43
0.0000000001
 40
0.0
 40
0.0
 40
0.0
 40
0.0
 40
1.0
 40
1.0
 40
1.0
 40
1.0
 10
3824.636544714536
 20
10480.53405065425
 30
0.0
 10
3824.636544714536
 20
10480.53405065425
 30
0.0
 10
3825.118121088074
 20
10481.01483430948
 30
0.0
 10
3825.118121088074
 20
10481.01483430948
 30
0.0
  0
SPLINE
  5
2353D
330
19
100
AcDbEntity
  8
ºöåçæÄ
100
AcDbSpline
210
0.0
220
0.0
230
0.0
 70
    24
 71
     3
 72
     8
 73
     4
 74
     0
 42
0.000000001
 43
0.0000000001
 40
0.0
 40
0.0
 40
0.0
 40
0.0
 40
1.0
 40
1.0
 40
1.0
 40
1.0
 10
3823.196571903789
 20
10484.98278581191
 30
0.0
 10
3823.196571903789
 20
10484.98278581191
 30
0.0
 10
3824.613952242696
 20
10486.39818435503
 30
0.0
 10
3824.613952242696
 20
10486.39818435503
 30
0.0
  0
SPLINE
  5
2353E
330
19
100
AcDbEntity
  8
ºöåçæÄ
100
AcDbSpline
210
0.0
220
0.0
230
0.0
 70
    24
 71
     3
 72
     8
 73
     4
 74
     0
 42
0.000000001
 43
0.0000000001
 40
0.0
 40
0.0
 40
0.0
 40
0.0
 40
1.0
 40
1.0
 40
1.0
 40
1.0
 10
3823.196571903789
 20
10482.77546167676
 30
0.0
 10
3823.196571903789
 20
10482.77546167676
 30
0.0
 10
3825.118121088074
 20
10484.69502906526
 30
0.0
 10
3825.118121088074
 20
10484.69502906526
 30
0.0
  0
SPLINE
  5
2353F
330
19
100
AcDbEntity
  8
ºöåçæÄ
100
AcDbSpline
210
0.0
220
0.0
230
0.0
 70
    24
 71
     3
 72
     8
 73
     4
 74
     0
 42
0.000000001
 43
0.0000000001
 40
0.0
 40
0.0
 40
0.0
 40
0.0
 40
1.0
 40
1.0
 40
1.0
 40
1.0
 10
3823.196571903789
 20
10480.56655210498
 30
0.0
 10
3823.196571903789
 20
10480.56655210498
 30
0.0
 10
3825.118121088074
 20
10482.48810128926
 30
0.0
 10
3825.118121088074
 20
10482.48810128926
 30
0.0
  0
SPLINE
  5
23540
330
19
100
AcDbEntity
  8
ºöåçæÄ
100
AcDbSpline
210
0.0
220
0.0
230
0.0
 70
    24
 71
     3
 72
     8
 73
     4
 74
     0
 42
0.000000001
 43
0.0000000001
 40
0.0
 40
0.0
 40
0.0
 40
0.0
 40
1.0
 40
1.0
 40
1.0
 40
1.0
 10
3823.198157340403
 20
10479.09566328013
 30
0.0
 10
3823.198157340403
 20
10479.09566328013
 30
0.0
 10
3824.638526510316
 20
10480.53603245003
 30
0.0
 10
3824.638526510316
 20
10480.53603245003
 30
0.0
  0
SPLINE
  5
23541
330
19
100
AcDbEntity
  8
ºöåçæÄ
100
AcDbSpline
210
0.0
220
0.0
230
0.0
 70
    24
 71
     3
 72
     8
 73
     4
 74
     0
 42
0.000000001
 43
0.0000000001
 40
0.0
 40
0.0
 40
0.0
 40
0.0
 40
1.0
 40
1.0
 40
1.0
 40
1.0
 10
3824.63971558777
 20
10478.33029375149
 30
0.0
 10
3824.63971558777
 20
10478.33029375149
 30
0.0
 10
3825.118121088074
 20
10478.80830289263
 30
0.0
 10
3825.118121088074
 20
10478.80830289263
 30
0.0
  0
SPLINE
  5
23542
330
19
100
AcDbEntity
  8
ºöåçæÄ
100
AcDbSpline
210
0.0
220
0.0
230
0.0
 70
    24
 71
     3
 72
     8
 73
     4
 74
     0
 42
0.000000001
 43
0.0000000001
 40
0.0
 40
0.0
 40
0.0
 40
0.0
 40
1.0
 40
1.0
 40
1.0
 40
1.0
 10
3823.243738643263
 20
10478.40480927266
 30
0.0
 10
3823.243738643263
 20
10478.40480927266
 30
0.0
 10
3825.118121088074
 20
10480.2807771541
 30
0.0
 10
3825.118121088074
 20
10480.2807771541
 30
0.0
  0
SPLINE
  5
23543
330
19
100
AcDbEntity
  8
ºöåçæÄ
100
AcDbSpline
210
0.0
220
0.0
230
0.0
 70
    24
 71
     3
 72
     8
 73
     4
 74
     0
 42
0.000000001
 43
0.0000000001
 40
0.0
 40
0.0
 40
0.0
 40
0.0
 40
1.0
 40
1.0
 40
1.0
 40
1.0
 10
3823.328559502455
 20
10477.01874130702
 30
0.0
 10
3823.328559502455
 20
10477.01874130702
 30
0.0
 10
3824.63971558777
 20
10478.33029375149
 30
0.0
 10
3824.63971558777
 20
10478.33029375149
 30
0.0
  0
SPLINE
  5
23544
330
19
100
AcDbEntity
  8
ºöåçæÄ
100
AcDbSpline
210
0.0
220
0.0
230
0.0
 70
    24
 71
     3
 72
     8
 73
     4
 74
     0
 42
0.000000001
 43
0.0000000001
 40
0.0
 40
0.0
 40
0.0
 40
0.0
 40
1.0
 40
1.0
 40
1.0
 40
1.0
 10
3823.198157340403
 20
10478.3612097656
 30
0.0
 10
3823.198157340403
 20
10478.3612097656
 30
0.0
 10
3823.243738643263
 20
10478.40480927266
 30
0.0
 10
3823.243738643263
 20
10478.40480927266
 30
0.0
  0
SPLINE
  5
23545
330
19
100
AcDbEntity
  8
ºöåçæÄ
100
AcDbSpline
210
0.0
220
0.0
230
0.0
 70
    24
 71
     3
 72
     8
 73
     4
 74
     0
 42
0.000000001
 43
0.0000000001
 40
0.0
 40
0.0
 40
0.0
 40
0.0
 40
1.0
 40
1.0
 40
1.0
 40
1.0
 10
3824.02377346064
 20
10476.97751995489
 30
0.0
 10
3824.02377346064
 20
10476.97751995489
 30
0.0
 10
3825.118121088074
 20
10478.07345301894
 30
0.0
 10
3825.118121088074
 20
10478.07345301894
 30
0.0
  0
SPLINE
  5
23546
330
19
100
AcDbEntity
  8
ºöåçæÄ
100
AcDbSpline
210
0.0
220
0.0
230
0.0
 70
    24
 71
     3
 72
     8
 73
     4
 74
     0
 42
0.000000001
 43
0.0000000001
 40
0.0
 40
0.0
 40
0.0
 40
0.0
 40
1.0
 40
1.0
 40
1.0
 40
1.0
 10
3823.198157340403
 20
10476.88833914497
 30
0.0
 10
3823.198157340403
 20
10476.88833914497
 30
0.0
 10
3823.252062185513
 20
10476.94224399007
 30
0.0
 10
3823.252062185513
 20
10476.94224399007
 30
0.0
  0
SPLINE
  5
23547
330
19
100
AcDbEntity
  8
ºöåçæÄ
100
AcDbSpline
210
0.0
220
0.0
230
0.0
 70
    24
 71
     3
 72
     8
 73
     4
 74
     0
 42
0.000000001
 43
0.0000000001
 40
0.0
 40
0.0
 40
0.0
 40
0.0
 40
1.0
 40
1.0
 40
1.0
 40
1.0
 10
3824.5766944821
 20
10476.05955215151
 30
0.0
 10
3824.5766944821
 20
10476.05955215151
 30
0.0
 10
3825.118121088074
 20
10476.60058239832
 30
0.0
 10
3825.118121088074
 20
10476.60058239832
 30
0.0
  0
SPLINE
  5
23548
330
19
100
AcDbEntity
  8
ºöåçæÄ
100
AcDbSpline
210
0.0
220
0.0
230
0.0
 70
    24
 71
     3
 72
     8
 73
     4
 74
     0
 42
0.000000001
 43
0.0000000001
 40
0.0
 40
0.0
 40
0.0
 40
0.0
 40
1.0
 40
1.0
 40
1.0
 40
1.0
 10
3823.198157340403
 20
10476.15190383466
 30
0.0
 10
3823.198157340403
 20
10476.15190383466
 30
0.0
 10
3823.947672502842
 20
10476.90181535625
 30
0.0
 10
3823.947672502842
 20
10476.90181535625
 30
0.0
  0
SPLINE
  5
23549
330
19
100
AcDbEntity
  8
ºöåçæÄ
100
AcDbSpline
210
0.0
220
0.0
230
0.0
 70
    24
 71
     3
 72
     8
 73
     4
 74
     0
 42
0.000000001
 43
0.0000000001
 40
0.0
 40
0.0
 40
0.0
 40
0.0
 40
1.0
 40
1.0
 40
1.0
 40
1.0
 10
3822.491448966733
 20
10476.1816307713
 30
0.0
 10
3822.491448966733
 20
10476.1816307713
 30
0.0
 10
3823.198157340403
 20
10476.88833914497
 30
0.0
 10
3823.198157340403
 20
10476.88833914497
 30
0.0
  0
SPLINE
  5
2354A
330
19
100
AcDbEntity
  8
ºöåçæÄ
100
AcDbSpline
210
0.0
220
0.0
230
0.0
 70
    24
 71
     3
 72
     8
 73
     4
 74
     0
 42
0.000000001
 43
0.0000000001
 40
0.0
 40
0.0
 40
0.0
 40
0.0
 40
1.0
 40
1.0
 40
1.0
 40
1.0
 10
3821.617080670431
 20
10476.77815129983
 30
0.0
 10
3821.617080670431
 20
10476.77815129983
 30
0.0
 10
3821.860445191704
 20
10477.02310125773
 30
0.0
 10
3821.860445191704
 20
10477.02310125773
 30
0.0
  0
SPLINE
  5
2354B
330
19
100
AcDbEntity
  8
ºöåçæÄ
100
AcDbSpline
210
0.0
220
0.0
230
0.0
 70
    24
 71
     3
 72
     8
 73
     4
 74
     0
 42
0.000000001
 43
0.0000000001
 40
0.0
 40
0.0
 40
0.0
 40
0.0
 40
1.0
 40
1.0
 40
1.0
 40
1.0
 10
3823.187059284062
 20
10476.14080577832
 30
0.0
 10
3823.187059284062
 20
10476.14080577832
 30
0.0
 10
3823.198157340403
 20
10476.15388563044
 30
0.0
 10
3823.198157340403
 20
10476.15388563044
 30
0.0
  0
SPLINE
  5
2354C
330
19
100
AcDbEntity
  8
ºöåçæÄ
100
AcDbSpline
210
0.0
220
0.0
230
0.0
 70
    24
 71
     3
 72
     8
 73
     4
 74
     0
 42
0.000000001
 43
0.0000000001
 40
0.0
 40
0.0
 40
0.0
 40
0.0
 40
1.0
 40
1.0
 40
1.0
 40
1.0
 10
3825.119310165529
 20
10476.60256419409
 30
0.0
 10
3825.119310165529
 20
10476.60256419409
 30
0.0
 10
3825.337307700872
 20
10476.82016537028
 30
0.0
 10
3825.337307700872
 20
10476.82016537028
 30
0.0
  0
SPLINE
  5
2354D
330
19
100
AcDbEntity
  8
ºöåçæÄ
100
AcDbSpline
210
0.0
220
0.0
230
0.0
 70
    24
 71
     3
 72
     8
 73
     4
 74
     0
 42
0.000000001
 43
0.0000000001
 40
0.0
 40
0.0
 40
0.0
 40
0.0
 40
1.0
 40
1.0
 40
1.0
 40
1.0
 10
3826.663525434086
 20
10475.93905896833
 30
0.0
 10
3826.663525434086
 20
10475.93905896833
 30
0.0
 10
3826.904115441269
 20
10476.17964897552
 30
0.0
 10
3826.904115441269
 20
10476.17964897552
 30
0.0
  0
SPLINE
  5
2354E
330
19
100
AcDbEntity
  8
ºöåçæÄ
100
AcDbSpline
210
0.0
220
0.0
230
0.0
 70
    24
 71
     3
 72
     8
 73
     4
 74
     0
 42
0.000000001
 43
0.0000000001
 40
0.0
 40
0.0
 40
0.0
 40
0.0
 40
1.0
 40
1.0
 40
1.0
 40
1.0
 10
3825.273493876891
 20
10476.0207089543
 30
0.0
 10
3825.273493876891
 20
10476.0207089543
 30
0.0
 10
3826.03450345483
 20
10476.78132217308
 30
0.0
 10
3826.03450345483
 20
10476.78132217308
 30
0.0
  0
SPLINE
  5
2354F
330
19
100
AcDbEntity
  8
ºöåçæÄ
100
AcDbSpline
210
0.0
220
0.0
230
0.0
 70
    24
 71
     3
 72
     8
 73
     4
 74
     0
 42
0.000000001
 43
0.0000000001
 40
0.0
 40
0.0
 40
0.0
 40
0.0
 40
1.0
 40
1.0
 40
1.0
 40
1.0
 10
3822.148201938353
 20
10475.83996917954
 30
0.0
 10
3822.148201938353
 20
10475.83996917954
 30
0.0
 10
3822.245706290529
 20
10475.93786989087
 30
0.0
 10
3822.245706290529
 20
10475.93786989087
 30
0.0
  0
SPLINE
  5
23550
330
19
100
AcDbEntity
  8
ºöåçæÄ
100
AcDbSpline
210
0.0
220
0.0
230
0.0
 70
    24
 71
     3
 72
     8
 73
     4
 74
     0
 42
0.000000001
 43
0.0000000001
 40
0.0
 40
0.0
 40
0.0
 40
0.0
 40
1.0
 40
1.0
 40
1.0
 40
1.0
 10
3823.277825530595
 20
10474.76266499578
 30
0.0
 10
3823.277825530595
 20
10474.76266499578
 30
0.0
 10
3824.454615862311
 20
10475.93786989087
 30
0.0
 10
3824.454615862311
 20
10475.93786989087
 30
0.0
  0
SPLINE
  5
23551
330
19
100
AcDbEntity
  8
ºöåçæÄ
100
AcDbSpline
210
0.0
220
0.0
230
0.0
 70
    24
 71
     3
 72
     8
 73
     4
 74
     0
 42
0.000000001
 43
0.0000000001
 40
0.0
 40
0.0
 40
0.0
 40
0.0
 40
1.0
 40
1.0
 40
1.0
 40
1.0
 10
3822.450623973752
 20
10475.40595590463
 30
0.0
 10
3822.450623973752
 20
10475.40595590463
 30
0.0
 10
3822.98214160084
 20
10475.93786989087
 30
0.0
 10
3822.98214160084
 20
10475.93786989087
 30
0.0
  0
SPLINE
  5
23552
330
19
100
AcDbEntity
  8
ºöåçæÄ
100
AcDbSpline
210
0.0
220
0.0
230
0.0
 70
    24
 71
     3
 72
     8
 73
     4
 74
     0
 42
0.000000001
 43
0.0000000001
 40
0.0
 40
0.0
 40
0.0
 40
0.0
 40
1.0
 40
1.0
 40
1.0
 40
1.0
 10
3823.840259171795
 20
10474.58866332666
 30
0.0
 10
3823.840259171795
 20
10474.58866332666
 30
0.0
 10
3825.190654813464
 20
10475.93786989087
 30
0.0
 10
3825.190654813464
 20
10475.93786989087
 30
0.0
  0
SPLINE
  5
23553
330
19
100
AcDbEntity
  8
ºöåçæÄ
100
AcDbSpline
210
0.0
220
0.0
230
1.0
 70
    11
 71
     3
 72
    16
 73
    12
 74
     0
 42
0.000000001
 43
0.0000000001
 40
0.0
 40
0.0
 40
0.0
 40
0.0
 40
0.25
 40
0.25
 40
0.25
 40
0.25000001
 40
0.5
 40
0.5
 40
0.5
 40
0.5000000100000001
 40
1.0
 40
1.0
 40
1.0
 40
1.0
 10
3831.630302007557
 20
10479.42107414653
 30
0.0
 10
3831.630302007557
 20
10479.42107414653
 30
0.0
 10
3830.507416520958
 20
10480.53722152749
 30
0.0
 10
3830.507416520958
 20
10480.53722152749
 30
0.0
 10
3830.507416520958
 20
10480.53722152749
 30
0.0
 10
3830.507416520958
 20
10480.53722152749
 30
0.0
 10
3831.630302007557
 20
10480.53722152749
 30
0.0
 10
3831.630302007557
 20
10480.53722152749
 30
0.0
 10
3831.630302007557
 20
10480.53722152749
 30
0.0
 10
3831.630302007557
 20
10480.53722152749
 30
0.0
 10
3831.630302007557
 20
10479.42107414653
 30
0.0
 10
3831.630302007557
 20
10479.42107414653
 30
0.0
  0
SPLINE
  5
23554
330
19
100
AcDbEntity
  8
ºöåçæÄ
100
AcDbSpline
210
0.0
220
0.0
230
1.0
 70
    11
 71
     3
 72
    16
 73
    12
 74
     0
 42
0.000000001
 43
0.0000000001
 40
0.0
 40
0.0
 40
0.0
 40
0.0
 40
0.25
 40
0.25
 40
0.25
 40
0.25000001
 40
0.5
 40
0.5
 40
0.5
 40
0.5000000100000001
 40
1.0
 40
1.0
 40
1.0
 40
1.0
 10
3845.29319844552
 20
10479.99619128068
 30
0.0
 10
3845.29319844552
 20
10479.99619128068
 30
0.0
 10
3845.29319844552
 20
10480.53722152749
 30
0.0
 10
3845.29319844552
 20
10480.53722152749
 30
0.0
 10
3845.29319844552
 20
10480.53722152749
 30
0.0
 10
3845.29319844552
 20
10480.53722152749
 30
0.0
 10
3845.61147484713
 20
10479.99619128068
 30
0.0
 10
3845.61147484713
 20
10479.99619128068
 30
0.0
 10
3845.61147484713
 20
10479.99619128068
 30
0.0
 10
3845.61147484713
 20
10479.99619128068
 30
0.0
 10
3845.29319844552
 20
10479.99619128068
 30
0.0
 10
3845.29319844552
 20
10479.99619128068
 30
0.0
  0
SPLINE
  5
23555
330
19
100
AcDbEntity
  8
ºöåçæÄ
100
AcDbSpline
210
0.0
220
0.0
230
0.0
 70
    24
 71
     3
 72
     8
 73
     4
 74
     0
 42
0.000000001
 43
0.0000000001
 40
0.25
 40
0.25
 40
0.25
 40
0.25
 40
0.5
 40
0.5
 40
0.5
 40
0.5
 10
3831.630302007557
 20
10480.53722152749
 30
0.0
 10
3831.630302007557
 20
10480.53722152749
 30
0.0
 10
3845.29319844552
 20
10480.53722152749
 30
0.0
 10
3845.29319844552
 20
10480.53722152749
 30
0.0
  0
SPLINE
  5
23556
330
19
100
AcDbEntity
  8
ºöåçæÄ
100
AcDbSpline
210
0.0
220
0.0
230
0.0
 70
    24
 71
     3
 72
     8
 73
     4
 74
     0
 42
0.000000001
 43
0.0000000001
 40
0.5
 40
0.5
 40
0.5
 40
0.5
 40
1.0
 40
1.0
 40
1.0
 40
1.0
 10
3845.29319844552
 20
10480.53722152749
 30
0.0
 10
3845.29319844552
 20
10480.53722152749
 30
0.0
 10
3845.29319844552
 20
10479.99619128068
 30
0.0
 10
3845.29319844552
 20
10479.99619128068
 30
0.0
  0
SPLINE
  5
23557
330
19
100
AcDbEntity
  8
ºöåçæÄ
100
AcDbSpline
210
0.0
220
0.0
230
0.0
 70
    24
 71
     3
 72
     8
 73
     4
 74
     0
 42
0.000000001
 43
0.0000000001
 40
0.5
 40
0.5
 40
0.5
 40
0.5
 40
1.0
 40
1.0
 40
1.0
 40
1.0
 10
3845.29319844552
 20
10479.99619128068
 30
0.0
 10
3845.29319844552
 20
10479.99619128068
 30
0.0
 10
3831.630302007557
 20
10479.99619128068
 30
0.0
 10
3831.630302007557
 20
10479.99619128068
 30
0.0
  0
HATCH
  5
23558
330
19
100
AcDbEntity
  8
ºöåçæÄ
100
AcDbHatch
 10
0.0
 20
0.0
 30
0.0
210
0.0
220
0.0
230
1.0
  2
SOLID
 70
     1
 71
     0
 91
        2
 92
        5
 93
        5
 72
     4
 94
        3
 73
     0
 74
     0
 95
       11
 96
        7
 40
0.5094823651492231
 40
0.5094823651492231
 40
0.5094823651492231
 40
0.5094823651492231
 40
0.5142092088380516
 40
0.5142092088380516
 40
0.5142092088380516
 40
1.004726843688828
 40
1.004726843688828
 40
1.004726843688828
 40
1.004726843688828
 10
3831.629112930102
 20
10479.42225608869
 10
3831.629900588551
 20
10479.42147315674
 10
3831.630302007557
 20
10479.42107414653
 10
3831.630302007557
 20
10479.42107414653
 10
3831.630302007557
 20
10479.42107414653
 10
3831.630302007557
 20
10480.49528809406
 10
3831.630302007557
 20
10480.53603244966
 72
     4
 94
        3
 73
     0
 74
     0
 95
        8
 96
        4
 40
0.5897023257831254
 40
0.5897023257831254
 40
0.5897023257831254
 40
0.5897023257831254
 40
0.6090248395601287
 40
0.6090248395601287
 40
0.6090248395601287
 40
0.6090248395601287
 10
3831.630302007557
 20
10480.53603245003
 10
3831.259492408432
 20
10480.53603245003
 10
3830.885402189691
 20
10480.53603245003
 10
3830.508612776815
 20
10480.53603245002
 72
     4
 94
        3
 73
     0
 74
     0
 95
        8
 96
        4
 40
0.0047268436888283
 40
0.0047268436888283
 40
0.0047268436888283
 40
0.0047268436888283
 40
0.2452588180402431
 40
0.2452588180402431
 40
0.2452588180402431
 40
0.2452588180402431
 10
3830.508612776866
 20
10480.53603244997
 10
3830.548813096713
 20
10480.49607336042
 10
3831.589031840877
 20
10479.46209666307
 10
3831.629112930102
 20
10479.42225608869
 72
     4
 94
        3
 73
     0
 74
     0
 95
        8
 96
        4
 40
0.5022947282680798
 40
0.5022947282680798
 40
0.5022947282680798
 40
0.5022947282680798
 40
1.0
 40
1.0
 40
1.0
 40
1.0
 10
3831.629112930095
 20
10479.42225608869
 10
3831.629112930095
 20
10479.70829162325
 10
3831.629112930095
 20
10479.99302040744
 10
3831.629112930095
 20
10479.99302040744
 72
     4
 94
        3
 73
     0
 74
     0
 95
        8
 96
        4
 40
0.5
 40
0.5
 40
0.5
 40
0.5
 40
1.0
 40
1.0
 40
1.0
 40
1.0
 10
3845.29319844552
 20
10479.99619128068
 10
3845.29319844552
 20
10479.99619128068
 10
3831.630302007557
 20
10479.99619128068
 10
3831.630302007557
 20
10479.99619128068
 97
        0
 92
        5
 93
        5
 72
     4
 94
        3
 73
     0
 74
     0
 95
        8
 96
        4
 40
0.0412955578466729
 40
0.0412955578466729
 40
0.0412955578466729
 40
0.0412955578466729
 40
0.9552072955912514
 40
0.9552072955912514
 40
0.9552072955912514
 40
0.9552072955912514
 10
3845.608424906793
 20
10479.99619128074
 10
3845.583502836947
 20
10480.03865799178
 10
3845.316258868712
 20
10480.49403639539
 10
3845.293198445644
 20
10480.53333089737
 72
     4
 94
        3
 73
     0
 74
     0
 95
        8
 96
        4
 40
0.1315905368434315
 40
0.1315905368434315
 40
0.1315905368434315
 40
0.1315905368434315
 40
0.2375517237889831
 40
0.2375517237889831
 40
0.2375517237889831
 40
0.2375517237889831
 10
3845.29319844552
 20
10480.53333089758
 10
3845.29319844552
 20
10480.51163159719
 10
3845.29319844552
 20
10480.40241834509
 10
3845.29319844552
 20
10480.28808065862
 72
     4
 94
        3
 73
     0
 74
     0
 95
        8
 96
        4
 40
0.1089599694989531
 40
0.1089599694989531
 40
0.1089599694989531
 40
0.1089599694989531
 40
0.1315905368434315
 40
0.1315905368434315
 40
0.1315905368434315
 40
0.1315905368434315
 10
3845.29319844552
 20
10480.28808065862
 10
3845.29319844552
 20
10480.26366108775
 10
3845.29319844552
 20
10480.23900777142
 10
3845.29319844552
 20
10480.21492334416
 72
     4
 94
        3
 73
     0
 74
     0
 95
       11
 96
        7
 40
0.99999
 40
0.99999
 40
0.99999
 40
0.99999
 40
1.108949969498952
 40
1.108949969498952
 40
1.108949969498952
 40
1.108959969498952
 40
1.108959969498952
 40
1.108959969498952
 40
1.108959969498952
 10
3845.29319844552
 20
10480.21492334416
 10
3845.29319844552
 20
10480.09896343825
 10
3845.29319844552
 20
10479.99619128068
 10
3845.29319844552
 20
10479.99619128068
 10
3845.29319844552
 20
10479.99619128068
 10
3845.293198445644
 20
10479.99619128068
 10
3845.293198445906
 20
10479.99619128068
 72
     4
 94
        3
 73
     0
 74
     0
 95
        8
 96
        4
 40
0.5288178091937078
 40
0.5288178091937078
 40
0.5288178091937078
 40
0.5288178091937078
 40
0.99999
 40
0.99999
 40
0.99999
 40
0.99999
 10
3845.293198445906
 20
10479.99619128068
 10
3845.293210442708
 20
10479.99619128068
 10
3845.57584469523
 20
10479.99619128068
 10
3845.608424906829
 20
10479.99619128068
 97
        0
 75
     0
 76
     1
 47
0.001381075429044
 98
        2
 10
3831.22405060035
 20
10480.38160580194
 10
3845.336927744334
 20
10480.201272052
1001
ACAD
1010
0.0
1020
0.0
1030
0.0
  0
HATCH
  5
23559
330
19
100
AcDbEntity
  8
ºöåçæÄ
100
AcDbHatch
 10
0.0
 20
0.0
 30
0.0
210
0.0
220
0.0
230
1.0
  2
SOLID
 70
     1
 71
     0
 91
        1
 92
        5
 93
       17
 72
     4
 94
        3
 73
     0
 74
     0
 95
        8
 96
        4
 40
0.1315905368434315
 40
0.1315905368434315
 40
0.1315905368434315
 40
0.1315905368434315
 40
0.2375517237889831
 40
0.2375517237889831
 40
0.2375517237889831
 40
0.2375517237889831
 10
3845.29319844552
 20
10480.28808065862
 10
3845.29319844552
 20
10480.40241834509
 10
3845.29319844552
 20
10480.51163159719
 10
3845.29319844552
 20
10480.53333089758
 72
     4
 94
        3
 73
     0
 74
     0
 95
        8
 96
        4
 40
0.00001
 40
0.00001
 40
0.00001
 40
0.00001
 40
0.0412955578466729
 40
0.0412955578466729
 40
0.0412955578466729
 40
0.0412955578466729
 10
3845.293198445644
 20
10480.53333089737
 10
3845.292156701244
 20
10480.53510600909
 10
3845.291613272129
 20
10480.5360320015
 10
3845.291613009001
 20
10480.53603244986
 72
     4
 94
        3
 73
     0
 74
     0
 95
        8
 96
        4
 40
0.928844795731247
 40
0.928844795731247
 40
0.928844795731247
 40
0.928844795731247
 40
0.9963742091355516
 40
0.9963742091355516
 40
0.9963742091355516
 40
0.9963742091355516
 10
3845.291613008907
 20
10480.53603245003
 10
3845.271951294882
 20
10480.53603245003
 10
3845.069858709481
 20
10480.53603245003
 10
3844.71015412826
 20
10480.53603245003
 72
     4
 94
        3
 73
     0
 74
     0
 95
        8
 96
        4
 40
0.0668439966093172
 40
0.0668439966093172
 40
0.0668439966093172
 40
0.0668439966093172
 40
0.1428571428571428
 40
0.1428571428571428
 40
0.1428571428571428
 40
0.1428571428571428
 10
3844.71015412826
 20
10480.53603245003
 10
3844.71015412826
 20
10480.53603245003
 10
3844.652586311858
 20
10480.53603245003
 10
3844.598713430903
 20
10480.53603245003
 72
     4
 94
        3
 73
     0
 74
     0
 95
        8
 96
        4
 40
0.9065621871304784
 40
0.9065621871304784
 40
0.9065621871304784
 40
0.9065621871304784
 40
0.9221594844628299
 40
0.9221594844628299
 40
0.9221594844628299
 40
0.9221594844628299
 10
3844.598713430837
 20
10480.53603245003
 10
3844.508480666553
 20
10480.53603245003
 10
3844.409970798071
 20
10480.53603245003
 10
3844.303489635051
 20
10480.53603245003
 72
     4
 94
        3
 73
     0
 74
     0
 95
        8
 96
        4
 40
0.7261705484908392
 40
0.7261705484908392
 40
0.7261705484908392
 40
0.7261705484908392
 40
0.9065621871304786
 40
0.9065621871304786
 40
0.9065621871304786
 40
0.9065621871304786
 10
3844.303489635051
 20
10480.53603245003
 10
3843.071974259487
 20
10480.53603245003
 10
3840.774199266947
 20
10480.53603245003
 10
3837.883264039562
 20
10480.53603245003
 72
     4
 94
        3
 73
     0
 74
     0
 95
        8
 96
        4
 40
0.645121963572518
 40
0.645121963572518
 40
0.645121963572518
 40
0.645121963572518
 40
0.7261705484908392
 40
0.7261705484908392
 40
0.7261705484908392
 40
0.7261705484908392
 10
3837.883264039562
 20
10480.53603245003
 10
3836.584388930721
 20
10480.53603245003
 10
3835.165776347202
 20
10480.53603245003
 10
3833.670334408335
 20
10480.53603245003
 72
     4
 94
        3
 73
     0
 74
     0
 95
        8
 96
        4
 40
0.1274521133428615
 40
0.1274521133428615
 40
0.1274521133428615
 40
0.1274521133428615
 40
0.1351068501839949
 40
0.1351068501839949
 40
0.1351068501839949
 40
0.1351068501839949
 10
3833.668635494199
 20
10480.53603245003
 10
3833.667519636771
 20
10480.53603245003
 10
3833.665884340036
 20
10480.53603245003
 10
3833.663792045539
 20
10480.53603245003
 72
     4
 94
        3
 73
     0
 74
     0
 95
        8
 96
        4
 40
0.1124310764304544
 40
0.1124310764304544
 40
0.1124310764304544
 40
0.1124310764304544
 40
0.1274521133428616
 40
0.1274521133428616
 40
0.1274521133428616
 40
0.1274521133428616
 10
3833.663792045539
 20
10480.53603245003
 10
3833.65968629594
 20
10480.53603245003
 10
3833.653820786661
 20
10480.53603245003
 10
3833.646667344633
 20
10480.53603245003
 72
     4
 94
        3
 73
     0
 74
     0
 95
        8
 96
        4
 40
0.0835379634855487
 40
0.0835379634855487
 40
0.0835379634855487
 40
0.0835379634855487
 40
0.1124310764304544
 40
0.1124310764304544
 40
0.1124310764304544
 40
0.1124310764304544
 10
3833.646667344633
 20
10480.53603245003
 10
3833.632907628205
 20
10480.53603245003
 10
3833.614382701918
 20
10480.53603245003
 10
3833.594450451986
 20
10480.53603245003
 72
     4
 94
        3
 73
     0
 74
     0
 95
        8
 96
        4
 40
0.070163275988506
 40
0.070163275988506
 40
0.070163275988506
 40
0.070163275988506
 40
0.0835379634855487
 40
0.0835379634855487
 40
0.0835379634855487
 40
0.0835379634855487
 10
3833.594450451986
 20
10480.53603245003
 10
3833.585223768299
 20
10480.53603245003
 10
3833.575695525403
 20
10480.53603245003
 10
3833.566198792053
 20
10480.53603245003
 72
     4
 94
        3
 73
     0
 74
     0
 95
        8
 96
        4
 40
0.6378162223904447
 40
0.6378162223904447
 40
0.6378162223904447
 40
0.6378162223904447
 40
0.6437522528129436
 40
0.6437522528129436
 40
0.6437522528129436
 40
0.6437522528129436
 10
3833.594450451993
 20
10480.53603245003
 10
3833.484734398756
 20
10480.53603245003
 10
3833.374610110666
 20
10480.53603245003
 10
3833.264094445184
 20
10480.53603245003
 72
     4
 94
        3
 73
     0
 74
     0
 95
        8
 96
        4
 40
0.6090248395601284
 40
0.6090248395601284
 40
0.6090248395601284
 40
0.6090248395601284
 40
0.6378162223904446
 40
0.6378162223904446
 40
0.6378162223904446
 40
0.6378162223904446
 10
3833.264094445184
 20
10480.53603245003
 10
3832.728063022273
 20
10480.53603245003
 10
3832.182824378534
 20
10480.53603245003
 10
3831.630302007543
 20
10480.53603245003
 72
     4
 94
        3
 73
     0
 74
     0
 95
       11
 96
        7
 40
0.509482365149223
 40
0.509482365149223
 40
0.509482365149223
 40
0.509482365149223
 40
1.0
 40
1.0
 40
1.0
 40
1.004726843688828
 40
1.004726843688828
 40
1.004726843688828
 40
1.004726843688828
 10
3831.630302007557
 20
10480.53603244966
 10
3831.630302007557
 20
10480.49528809406
 10
3831.630302007557
 20
10479.42107414653
 10
3831.630302007557
 20
10479.42107414653
 10
3831.630302007557
 20
10479.42107414653
 10
3831.629900588551
 20
10479.42147315674
 10
3831.629112930102
 20
10479.42225608869
 72
     4
 94
        3
 73
     0
 74
     0
 95
        8
 96
        4
 40
0.5
 40
0.5
 40
0.5
 40
0.5
 40
1.0
 40
1.0
 40
1.0
 40
1.0
 10
3831.630302007557
 20
10479.99619128068
 10
3831.630302007557
 20
10479.99619128068
 10
3845.29319844552
 20
10479.99619128068
 10
3845.29319844552
 20
10479.99619128068
 72
     4
 94
        3
 73
     0
 74
     0
 95
       11
 96
        7
 40
0.99999
 40
0.99999
 40
0.99999
 40
0.99999
 40
1.0
 40
1.0
 40
1.0
 40
1.108959969498952
 40
1.108959969498952
 40
1.108959969498952
 40
1.108959969498952
 10
3845.293198445906
 20
10479.99619128068
 10
3845.293198445644
 20
10479.99619128068
 10
3845.29319844552
 20
10479.99619128068
 10
3845.29319844552
 20
10479.99619128068
 10
3845.29319844552
 20
10479.99619128068
 10
3845.29319844552
 20
10480.09896343825
 10
3845.29319844552
 20
10480.21492334416
 72
     4
 94
        3
 73
     0
 74
     0
 95
        8
 96
        4
 40
0.1089599694989531
 40
0.1089599694989531
 40
0.1089599694989531
 40
0.1089599694989531
 40
0.1315905368434315
 40
0.1315905368434315
 40
0.1315905368434315
 40
0.1315905368434315
 10
3845.29319844552
 20
10480.21492334416
 10
3845.29319844552
 20
10480.23900777142
 10
3845.29319844552
 20
10480.26366108775
 10
3845.29319844552
 20
10480.28808065862
 97
        0
 75
     0
 76
     1
 47
0.0021580951682975
 98
        1
 10
3838.098511395262
 20
10480.27928179915
1001
ACAD
1010
0.0
1020
0.0
1030
0.0
  0
MTEXT
  5
2355A
330
19
100
AcDbEntity
  8
ºöåçæÄ
100
AcDbMText
 10
3823.528025279788
 20
10453.28796791328
 30
0.0
 40
4.756309862074575
 41
49.03141603724414
 71
     1
 72
     1
  1
{\fTahoma|b0|i0|c163|p34; }
 73
     1
 44
1.0
1001
ACAD
1000
MTEXTBEGIN
1070
    73
1070
     1
1070
    44
1040
1.0
1070
    74
1070
     0
1000
MTEXTEND
  0
MTEXT
  5
2355B
330
19
100
AcDbEntity
  8
ºöåçæÄ
100
AcDbMText
 10
3820.715303388309
 20
10444.48367532134
 30
0.0
 40
4.756309862074574
 41
43.31384956815609
 71
     1
 72
     1
  1
{\fTahoma|b0|i0|c163|p34;1/4"\fTahoma|b0|i0|c0|p34; \fTahoma|b0|i0|c163|p34;Revea\fTahoma|b0|i0|c0|p34;l}
 73
     1
 44
1.0
1001
ACAD
1000
MTEXTBEGIN
1070
    73
1070
     1
1070
    44
1040
1.0
1070
    74
1070
     0
1000
MTEXTEND
  0
MTEXT
  5
2355C
330
19
100
AcDbEntity
  8
ºöåçæÄ
100
AcDbMText
 10
3823.528025279788
 20
10446.54986227534
 30
0.0
 40
4.756309862074574
 41
43.54430018581932
 71
     1
 72
     1
  1
{\fTahoma|b0|i0|c163|p34; }
 73
     1
 44
1.0
1001
ACAD
1000
MTEXTBEGIN
1070
    73
1070
     1
1070
    44
1040
1.0
1070
    74
1070
     0
1000
MTEXTEND
  0
LEADER
  5
2355D
330
19
100
AcDbEntity
  8
≥ﬂ¥ÁòÀ◊¢
100
AcDbLeader
  3
5-1
 76
     3
 10
3887.213783138802
 20
10521.2887193962
 30
0.0
 10
3861.492669448485
 20
10438.51519799717
 30
0.0
 10
3851.729999453004
 20
10438.51519799717
 30
0.0
  0
DIMENSION
  5
2355E
330
19
100
AcDbEntity
  8
ºöåçæÄ
100
AcDbDimension
  2
*D5
 10
3849.84064585738
 20
10493.41858412608
 30
0.0
 11
3862.840252422189
 21
10493.41858412608
 31
0.0
 70
   160
  1
{\fTahoma|b0|i0|c163|p34;\H1.4581x;1/4"}
 71
     5
 42
0.1789709439063294
  3
in+mm
100
AcDbAlignedDimension
 13
3845.294783882141
 23
10488.75850312409
 33
0.0
 14
3849.84064585738
 24
10474.31232478593
 34
0.0
 50
0.0
100
AcDbRotatedDimension
1001
ACAD
1000
DSTYLE
1002
{
1070
    41
1040
2.0
1002
}
  0
SPLINE
  5
2355F
330
19
100
AcDbEntity
  8
ºöåçæÄ
100
AcDbSpline
210
0.0
220
0.0
230
1.0
 70
     8
 71
     3
 72
    12
 73
     8
 74
     0
 42
0.000000001
 43
0.0000000001
 40
0.0
 40
0.0
 40
0.0
 40
0.0
 40
0.3333333333333333
 40
0.3333333333333333
 40
0.3333333333333333
 40
0.3333333433333333
 40
1.0
 40
1.0
 40
1.0
 40
1.0
 10
3896.620827359317
 20
10184.62024503167
 30
0.0
 10
3896.620827359317
 20
10185.05026242518
 30
0.0
 10
3896.449158665355
 20
10185.46252098828
 30
0.0
 10
3896.145567231188
 20
10185.76653525173
 30
0.0
 10
3896.145567231188
 20
10185.76653525173
 30
0.0
 10
3895.840284479856
 20
10186.07097234448
 30
0.0
 10
3895.429294404656
 20
10186.24306386774
 30
0.0
 10
3894.997585693973
 20
10186.24306386774
 30
0.0
  0
SPLINE
  5
23560
330
19
100
AcDbEntity
  8
ºöåçæÄ
100
AcDbSpline
210
0.0
220
0.0
230
1.0
 70
     8
 71
     3
 72
    16
 73
    12
 74
     0
 42
0.000000001
 43
0.0000000001
 40
0.0
 40
0.0
 40
0.0
 40
0.0
 40
0.25
 40
0.25
 40
0.25
 40
0.25000001
 40
0.5
 40
0.5
 40
0.5
 40
0.5000000100000001
 40
1.0
 40
1.0
 40
1.0
 40
1.0
 10
3868.767370348631
 20
10171.72522000731
 30
0.0
 10
3868.977516508481
 20
10171.17511909389
 30
0.0
 10
3869.403305609036
 20
10170.73495379729
 30
0.0
 10
3869.944527107256
 20
10170.50620314843
 30
0.0
 10
3869.944527107256
 20
10170.50620314843
 30
0.0
 10
3870.48574860547
 20
10170.27745249957
 30
0.0
 10
3871.096314108154
 20
10170.27745249957
 30
0.0
 10
3871.638804094257
 20
10170.50620314843
 30
0.0
 10
3871.638804094257
 20
10170.50620314843
 30
0.0
 10
3872.179602763181
 20
10170.73495379729
 30
0.0
 10
3872.604546205149
 20
10171.17511909389
 30
0.0
 10
3872.814692365
 20
10171.72522000731
 30
0.0
  0
SPLINE
  5
23561
330
19
100
AcDbEntity
  8
ºöåçæÄ
100
AcDbSpline
210
0.0
220
0.0
230
1.0
 70
     8
 71
     3
 72
    12
 73
     8
 74
     0
 42
0.000000001
 43
0.0000000001
 40
0.0
 40
0.0
 40
0.0
 40
0.0
 40
0.3333333333333333
 40
0.3333333333333333
 40
0.3333333333333333
 40
0.3333333433333333
 40
1.0
 40
1.0
 40
1.0
 40
1.0
 10
3895.407307281285
 20
10169.86307979
 30
0.0
 10
3895.407307281285
 20
10171.08886191761
 30
0.0
 10
3894.919785103603
 20
10172.26432735905
 30
0.0
 10
3894.052562218547
 20
10173.13281873198
 30
0.0
 10
3894.052562218547
 20
10173.13281873198
 30
0.0
 10
3893.185762162817
 20
10174.00004161701
 30
0.0
 10
3892.010296721363
 20
10174.48544964823
 30
0.0
 10
3890.782823276591
 20
10174.48544964823
 30
0.0
  0
SPLINE
  5
23562
330
19
100
AcDbEntity
  8
ºöåçæÄ
100
AcDbSpline
210
0.0
220
0.0
230
1.0
 70
     8
 71
     3
 72
    12
 73
     8
 74
     0
 42
0.000000001
 43
0.0000000001
 40
0.0
 40
0.0
 40
0.0
 40
0.0
 40
0.3333333333333333
 40
0.3333333333333333
 40
0.3333333333333333
 40
0.3333333433333333
 40
1.0
 40
1.0
 40
1.0
 40
1.0
 10
3896.540912622472
 20
10169.86307979
 30
0.0
 10
3896.540912622472
 20
10171.39033920529
 30
0.0
 10
3895.934152583456
 20
10172.85375139696
 30
0.0
 10
3894.855937879971
 20
10173.93408024692
 30
0.0
 10
3894.855937879971
 20
10173.93408024692
 30
0.0
 10
3893.775609030012
 20
10175.0122949504
 30
0.0
 10
3892.310082691869
 20
10175.61947781872
 30
0.0
 10
3890.784091764473
 20
10175.61947781872
 30
0.0
  0
SPLINE
  5
23563
330
19
100
AcDbEntity
  8
ºöåçæÄ
100
AcDbSpline
210
0.0
220
0.0
230
0.0
 70
    24
 71
     3
 72
     8
 73
     4
 74
     0
 42
0.000000001
 43
0.0000000001
 40
0.0
 40
0.0
 40
0.0
 40
0.0
 40
1.0
 40
1.0
 40
1.0
 40
1.0
 10
3855.81695468657
 20
10174.90997026089
 30
0.0
 10
3855.81695468657
 20
10174.90997026089
 30
0.0
 10
3854.523519871678
 20
10176.25372176194
 30
0.0
 10
3854.523519871678
 20
10176.25372176194
 30
0.0
  0
SPLINE
  5
23564
330
19
100
AcDbEntity
  8
ºöåçæÄ
100
AcDbSpline
210
0.0
220
0.0
230
0.0
 70
    24
 71
     3
 72
     8
 73
     4
 74
     0
 42
0.000000001
 43
0.0000000001
 40
0.0
 40
0.0
 40
0.0
 40
0.0
 40
1.0
 40
1.0
 40
1.0
 40
1.0
 10
3870.802870577087
 20
10182.6798813947
 30
0.0
 10
3870.802870577087
 20
10182.6798813947
 30
0.0
 10
3871.760156102073
 20
10181.3221765269
 30
0.0
 10
3871.760156102073
 20
10181.3221765269
 30
0.0
  0
SPLINE
  5
23565
330
19
100
AcDbEntity
  8
ºöåçæÄ
100
AcDbSpline
210
0.0
220
0.0
230
0.0
 70
    24
 71
     3
 72
     8
 73
     4
 74
     0
 42
0.000000001
 43
0.0000000001
 40
0.0
 40
0.0
 40
0.0
 40
0.0
 40
1.0
 40
1.0
 40
1.0
 40
1.0
 10
3854.525211188857
 20
10176.25245327405
 30
0.0
 10
3854.525211188857
 20
10176.25245327405
 30
0.0
 10
3853.482936975498
 20
10175.24823369728
 30
0.0
 10
3853.482936975498
 20
10175.24823369728
 30
0.0
  0
SPLINE
  5
23566
330
19
100
AcDbEntity
  8
ºöåçæÄ
100
AcDbSpline
210
0.0
220
0.0
230
0.0
 70
    24
 71
     3
 72
     8
 73
     4
 74
     0
 42
0.000000001
 43
0.0000000001
 40
0.0
 40
0.0
 40
0.0
 40
0.0
 40
1.0
 40
1.0
 40
1.0
 40
1.0
 10
3886.338464551753
 20
10173.27488937526
 30
0.0
 10
3886.338464551753
 20
10173.27488937526
 30
0.0
 10
3887.633590683816
 20
10174.52181296764
 30
0.0
 10
3887.633590683816
 20
10174.52181296764
 30
0.0
  0
SPLINE
  5
23567
330
19
100
AcDbEntity
  8
ºöåçæÄ
100
AcDbSpline
210
0.0
220
0.0
230
0.0
 70
    24
 71
     3
 72
     8
 73
     4
 74
     0
 42
0.000000001
 43
0.0000000001
 40
0.0
 40
0.0
 40
0.0
 40
0.0
 40
1.0
 40
1.0
 40
1.0
 40
1.0
 10
3871.760156102073
 20
10181.3221765269
 30
0.0
 10
3871.760156102073
 20
10181.3221765269
 30
0.0
 10
3871.760156102073
 20
10171.72522000731
 30
0.0
 10
3871.760156102073
 20
10171.72522000731
 30
0.0
  0
SPLINE
  5
23568
330
19
100
AcDbEntity
  8
ºöåçæÄ
100
AcDbSpline
210
0.0
220
0.0
230
0.0
 70
    24
 71
     3
 72
     8
 73
     4
 74
     0
 42
0.000000001
 43
0.0000000001
 40
0.0
 40
0.0
 40
0.0
 40
0.0
 40
1.0
 40
1.0
 40
1.0
 40
1.0
 10
3869.34326384908
 20
10183.41645002743
 30
0.0
 10
3869.34326384908
 20
10183.41645002743
 30
0.0
 10
3869.34326384908
 20
10176.52264119387
 30
0.0
 10
3869.34326384908
 20
10176.52264119387
 30
0.0
  0
SPLINE
  5
23569
330
19
100
AcDbEntity
  8
ºöåçæÄ
100
AcDbSpline
210
0.0
220
0.0
230
0.0
 70
    24
 71
     3
 72
     8
 73
     4
 74
     0
 42
0.000000001
 43
0.0000000001
 40
0.0
 40
0.0
 40
0.0
 40
0.0
 40
1.0
 40
1.0
 40
1.0
 40
1.0
 10
3888.680938848733
 20
10173.42922206811
 30
0.0
 10
3888.680938848733
 20
10173.42922206811
 30
0.0
 10
3886.987507520326
 20
10171.79963796331
 30
0.0
 10
3886.987507520326
 20
10171.79963796331
 30
0.0
  0
SPLINE
  5
2356A
330
19
100
AcDbEntity
  8
ºöåçæÄ
100
AcDbSpline
210
0.0
220
0.0
230
0.0
 70
    24
 71
     3
 72
     8
 73
     4
 74
     0
 42
0.000000001
 43
0.0000000001
 40
0.0
 40
0.0
 40
0.0
 40
0.0
 40
1.0
 40
1.0
 40
1.0
 40
1.0
 10
3894.997585693973
 20
10186.23968123338
 30
0.0
 10
3894.997585693973
 20
10186.23968123338
 30
0.0
 10
3851.224182879008
 20
10186.23968123338
 30
0.0
 10
3851.224182879008
 20
10186.23968123338
 30
0.0
  0
SPLINE
  5
2356B
330
19
100
AcDbEntity
  8
ºöåçæÄ
100
AcDbSpline
210
0.0
220
0.0
230
0.0
 70
    24
 71
     3
 72
     8
 73
     4
 74
     0
 42
0.000000001
 43
0.0000000001
 40
0.0
 40
0.0
 40
0.0
 40
0.0
 40
1.0
 40
1.0
 40
1.0
 40
1.0
 10
3868.987664411582
 20
10174.20299967884
 30
0.0
 10
3868.987664411582
 20
10174.20299967884
 30
0.0
 10
3868.987664411582
 20
10172.84698612823
 30
0.0
 10
3868.987664411582
 20
10172.84698612823
 30
0.0
  0
SPLINE
  5
2356C
330
19
100
AcDbEntity
  8
ºöåçæÄ
100
AcDbSpline
210
0.0
220
0.0
230
0.0
 70
    24
 71
     3
 72
     8
 73
     4
 74
     0
 42
0.000000001
 43
0.0000000001
 40
0.0
 40
0.0
 40
0.0
 40
0.0
 40
1.0
 40
1.0
 40
1.0
 40
1.0
 10
3873.547878363375
 20
10172.50195742311
 30
0.0
 10
3873.547878363375
 20
10172.50195742311
 30
0.0
 10
3873.502635628751
 20
10171.71084381126
 30
0.0
 10
3873.502635628751
 20
10171.71084381126
 30
0.0
  0
SPLINE
  5
2356D
330
19
100
AcDbEntity
  8
ºöåçæÄ
100
AcDbSpline
210
0.0
220
0.0
230
0.0
 70
    24
 71
     3
 72
     8
 73
     4
 74
     0
 42
0.000000001
 43
0.0000000001
 40
0.0
 40
0.0
 40
0.0
 40
0.0
 40
1.0
 40
1.0
 40
1.0
 40
1.0
 10
3853.481245658304
 20
10175.24823369728
 30
0.0
 10
3853.481245658304
 20
10175.24823369728
 30
0.0
 10
3855.008927902885
 20
10173.66177818062
 30
0.0
 10
3855.008927902885
 20
10173.66177818062
 30
0.0
  0
SPLINE
  5
2356E
330
19
100
AcDbEntity
  8
ºöåçæÄ
100
AcDbSpline
210
0.0
220
0.0
230
0.0
 70
    24
 71
     3
 72
     8
 73
     4
 74
     0
 42
0.000000001
 43
0.0000000001
 40
0.0
 40
0.0
 40
0.0
 40
0.0
 40
1.0
 40
1.0
 40
1.0
 40
1.0
 10
3876.944466093993
 20
10174.48544964823
 30
0.0
 10
3876.944466093993
 20
10174.48544964823
 30
0.0
 10
3876.944466093993
 20
10175.61947781872
 30
0.0
 10
3876.944466093993
 20
10175.61947781872
 30
0.0
  0
SPLINE
  5
2356F
330
19
100
AcDbEntity
  8
ºöåçæÄ
100
AcDbSpline
210
0.0
220
0.0
230
0.0
 70
    24
 71
     3
 72
     8
 73
     4
 74
     0
 42
0.000000001
 43
0.0000000001
 40
0.0
 40
0.0
 40
0.0
 40
0.0
 40
1.0
 40
1.0
 40
1.0
 40
1.0
 10
3855.815263369377
 20
10174.908701773
 30
0.0
 10
3855.815263369377
 20
10174.908701773
 30
0.0
 10
3886.337196063871
 20
10173.27362088737
 30
0.0
 10
3886.337196063871
 20
10173.27362088737
 30
0.0
  0
SPLINE
  5
23570
330
19
100
AcDbEntity
  8
ºöåçæÄ
100
AcDbSpline
210
0.0
220
0.0
230
0.0
 70
    24
 71
     3
 72
     8
 73
     4
 74
     0
 42
0.000000001
 43
0.0000000001
 40
0.0
 40
0.0
 40
0.0
 40
0.0
 40
1.0
 40
1.0
 40
1.0
 40
1.0
 10
3868.323822417677
 20
10172.80512602797
 30
0.0
 10
3868.323822417677
 20
10172.80512602797
 30
0.0
 10
3873.547878363375
 20
10172.50195742311
 30
0.0
 10
3873.547878363375
 20
10172.50195742311
 30
0.0
  0
SPLINE
  5
23571
330
19
100
AcDbEntity
  8
ºöåçæÄ
100
AcDbSpline
210
0.0
220
0.0
230
0.0
 70
    24
 71
     3
 72
     8
 73
     4
 74
     0
 42
0.000000001
 43
0.0000000001
 40
0.0
 40
0.0
 40
0.0
 40
0.0
 40
1.0
 40
1.0
 40
1.0
 40
1.0
 10
3896.618713212842
 20
10176.52264119387
 30
0.0
 10
3896.618713212842
 20
10176.52264119387
 30
0.0
 10
3896.618713212842
 20
10184.61813088519
 30
0.0
 10
3896.618713212842
 20
10184.61813088519
 30
0.0
  0
SPLINE
  5
23572
330
19
100
AcDbEntity
  8
ºöåçæÄ
100
AcDbSpline
210
0.0
220
0.0
230
0.0
 70
    24
 71
     3
 72
     8
 73
     4
 74
     0
 42
0.000000001
 43
0.0000000001
 40
0.0
 40
0.0
 40
0.0
 40
0.0
 40
1.0
 40
1.0
 40
1.0
 40
1.0
 10
3890.772252544202
 20
10174.48544964823
 30
0.0
 10
3890.772252544202
 20
10174.48544964823
 30
0.0
 10
3876.942774776808
 20
10174.48544964823
 30
0.0
 10
3876.942774776808
 20
10174.48544964823
 30
0.0
  0
SPLINE
  5
23573
330
19
100
AcDbEntity
  8
ºöåçæÄ
100
AcDbSpline
210
0.0
220
0.0
230
0.0
 70
    24
 71
     3
 72
     8
 73
     4
 74
     0
 42
0.000000001
 43
0.0000000001
 40
0.0
 40
0.0
 40
0.0
 40
0.0
 40
1.0
 40
1.0
 40
1.0
 40
1.0
 10
3895.405193134802
 20
10160.25005575718
 30
0.0
 10
3895.405193134802
 20
10160.25005575718
 30
0.0
 10
3895.405193134802
 20
10169.86307979
 30
0.0
 10
3895.405193134802
 20
10169.86307979
 30
0.0
  0
SPLINE
  5
23574
330
19
100
AcDbEntity
  8
ºöåçæÄ
100
AcDbSpline
210
0.0
220
0.0
230
0.0
 70
    24
 71
     3
 72
     8
 73
     4
 74
     0
 42
0.000000001
 43
0.0000000001
 40
0.0
 40
0.0
 40
0.0
 40
0.0
 40
1.0
 40
1.0
 40
1.0
 40
1.0
 10
3868.765679031452
 20
10171.72522000731
 30
0.0
 10
3868.765679031452
 20
10171.72522000731
 30
0.0
 10
3872.812578218532
 20
10171.72522000731
 30
0.0
 10
3872.812578218532
 20
10171.72522000731
 30
0.0
  0
SPLINE
  5
23575
330
19
100
AcDbEntity
  8
ºöåçæÄ
100
AcDbSpline
210
0.0
220
0.0
230
0.0
 70
    24
 71
     3
 72
     8
 73
     4
 74
     0
 42
0.000000001
 43
0.0000000001
 40
0.0
 40
0.0
 40
0.0
 40
0.0
 40
1.0
 40
1.0
 40
1.0
 40
1.0
 10
3873.500944311572
 20
10171.71295795774
 30
0.0
 10
3873.500944311572
 20
10171.71295795774
 30
0.0
 10
3868.276465536585
 20
10172.0161265626
 30
0.0
 10
3868.276465536585
 20
10172.0161265626
 30
0.0
  0
SPLINE
  5
23576
330
19
100
AcDbEntity
  8
ºöåçæÄ
100
AcDbSpline
210
0.0
220
0.0
230
0.0
 70
    24
 71
     3
 72
     8
 73
     4
 74
     0
 42
0.000000001
 43
0.0000000001
 40
0.0
 40
0.0
 40
0.0
 40
0.0
 40
1.0
 40
1.0
 40
1.0
 40
1.0
 10
3896.548100720496
 20
10160.25005575718
 30
0.0
 10
3896.548100720496
 20
10160.25005575718
 30
0.0
 10
3895.41407255002
 20
10160.25005575718
 30
0.0
 10
3895.41407255002
 20
10160.25005575718
 30
0.0
  0
SPLINE
  5
23577
330
19
100
AcDbEntity
  8
ºöåçæÄ
100
AcDbSpline
210
0.0
220
0.0
230
0.0
 70
    24
 71
     3
 72
     8
 73
     4
 74
     0
 42
0.000000001
 43
0.0000000001
 40
0.0
 40
0.0
 40
0.0
 40
0.0
 40
1.0
 40
1.0
 40
1.0
 40
1.0
 10
3896.539221305286
 20
10169.86307979
 30
0.0
 10
3896.539221305286
 20
10169.86307979
 30
0.0
 10
3896.539221305286
 20
10160.25005575718
 30
0.0
 10
3896.539221305286
 20
10160.25005575718
 30
0.0
  0
SPLINE
  5
23578
330
19
100
AcDbEntity
  8
ºöåçæÄ
100
AcDbSpline
210
0.0
220
0.0
230
0.0
 70
    24
 71
     3
 72
     8
 73
     4
 74
     0
 42
0.000000001
 43
0.0000000001
 40
0.0
 40
0.0
 40
0.0
 40
0.0
 40
1.0
 40
1.0
 40
1.0
 40
1.0
 10
3886.985393373836
 20
10171.8013292805
 30
0.0
 10
3886.985393373836
 20
10171.8013292805
 30
0.0
 10
3855.0072365857
 20
10173.6638923271
 30
0.0
 10
3855.0072365857
 20
10173.6638923271
 30
0.0
  0
SPLINE
  5
23579
330
19
100
AcDbEntity
  8
ºöåçæÄ
100
AcDbSpline
210
0.0
220
0.0
230
0.0
 70
    24
 71
     3
 72
     8
 73
     4
 74
     0
 42
0.000000001
 43
0.0000000001
 40
0.0
 40
0.0
 40
0.0
 40
0.0
 40
1.0
 40
1.0
 40
1.0
 40
1.0
 10
3851.951872096551
 20
10176.52475534035
 30
0.0
 10
3851.951872096551
 20
10176.52475534035
 30
0.0
 10
3896.618713212842
 20
10176.52475534035
 30
0.0
 10
3896.618713212842
 20
10176.52475534035
 30
0.0
  0
SPLINE
  5
2357A
330
19
100
AcDbEntity
  8
ºöåçæÄ
100
AcDbSpline
210
0.0
220
0.0
230
0.0
 70
    24
 71
     3
 72
     8
 73
     4
 74
     0
 42
0.000000001
 43
0.0000000001
 40
0.0
 40
0.0
 40
0.0
 40
0.0
 40
1.0
 40
1.0
 40
1.0
 40
1.0
 10
3869.866303687597
 20
10181.32386784408
 30
0.0
 10
3869.866303687597
 20
10181.32386784408
 30
0.0
 10
3870.799487942722
 20
10182.68157271188
 30
0.0
 10
3870.799487942722
 20
10182.68157271188
 30
0.0
  0
SPLINE
  5
2357B
330
19
100
AcDbEntity
  8
ºöåçæÄ
100
AcDbSpline
210
0.0
220
0.0
230
0.0
 70
    24
 71
     3
 72
     8
 73
     4
 74
     0
 42
0.000000001
 43
0.0000000001
 40
0.0
 40
0.0
 40
0.0
 40
0.0
 40
1.0
 40
1.0
 40
1.0
 40
1.0
 10
3876.942774776808
 20
10175.6211691359
 30
0.0
 10
3876.942774776808
 20
10175.6211691359
 30
0.0
 10
3890.772252544202
 20
10175.6211691359
 30
0.0
 10
3890.772252544202
 20
10175.6211691359
 30
0.0
  0
SPLINE
  5
2357C
330
19
100
AcDbEntity
  8
ºöåçæÄ
100
AcDbSpline
210
0.0
220
0.0
230
0.0
 70
    24
 71
     3
 72
     8
 73
     4
 74
     0
 42
0.000000001
 43
0.0000000001
 40
0.0
 40
0.0
 40
0.0
 40
0.0
 40
1.0
 40
1.0
 40
1.0
 40
1.0
 10
3869.866303687597
 20
10181.32386784408
 30
0.0
 10
3869.866303687597
 20
10181.32386784408
 30
0.0
 10
3869.866303687597
 20
10171.72691132449
 30
0.0
 10
3869.866303687597
 20
10171.72691132449
 30
0.0
  0
SPLINE
  5
2357D
330
19
100
AcDbEntity
  8
ºöåçæÄ
100
AcDbSpline
210
0.0
220
0.0
230
0.0
 70
    24
 71
     3
 72
     8
 73
     4
 74
     0
 42
0.000000001
 43
0.0000000001
 40
0.0
 40
0.0
 40
0.0
 40
0.0
 40
1.0
 40
1.0
 40
1.0
 40
1.0
 10
3872.453596146656
 20
10183.41856417391
 30
0.0
 10
3872.453596146656
 20
10183.41856417391
 30
0.0
 10
3869.341149702605
 20
10183.41856417391
 30
0.0
 10
3869.341149702605
 20
10183.41856417391
 30
0.0
  0
SPLINE
  5
2357E
330
19
100
AcDbEntity
  8
ºöåçæÄ
100
AcDbSpline
210
0.0
220
0.0
230
0.0
 70
    24
 71
     3
 72
     8
 73
     4
 74
     0
 42
0.000000001
 43
0.0000000001
 40
0.0
 40
0.0
 40
0.0
 40
0.0
 40
1.0
 40
1.0
 40
1.0
 40
1.0
 10
3887.632322195927
 20
10174.52181296764
 30
0.0
 10
3887.632322195927
 20
10174.52181296764
 30
0.0
 10
3888.680938848733
 20
10173.43133621459
 30
0.0
 10
3888.680938848733
 20
10173.43133621459
 30
0.0
  0
SPLINE
  5
2357F
330
19
100
AcDbEntity
  8
ºöåçæÄ
100
AcDbSpline
210
0.0
220
0.0
230
0.0
 70
    24
 71
     3
 72
     8
 73
     4
 74
     0
 42
0.000000001
 43
0.0000000001
 40
0.0
 40
0.0
 40
0.0
 40
0.0
 40
1.0
 40
1.0
 40
1.0
 40
1.0
 10
3868.325090905559
 20
10172.80850866234
 30
0.0
 10
3868.325090905559
 20
10172.80850866234
 30
0.0
 10
3868.279848170934
 20
10172.01824070908
 30
0.0
 10
3868.279848170934
 20
10172.01824070908
 30
0.0
  0
SPLINE
  5
23580
330
19
100
AcDbEntity
  8
ºöåçæÄ
100
AcDbSpline
210
0.0
220
0.0
230
0.0
 70
    24
 71
     3
 72
     8
 73
     4
 74
     0
 42
0.000000001
 43
0.0000000001
 40
0.0
 40
0.0
 40
0.0
 40
0.0
 40
1.0
 40
1.0
 40
1.0
 40
1.0
 10
3872.453596146656
 20
10176.52475534035
 30
0.0
 10
3872.453596146656
 20
10176.52475534035
 30
0.0
 10
3872.453596146656
 20
10183.41856417391
 30
0.0
 10
3872.453596146656
 20
10183.41856417391
 30
0.0
  0
SPLINE
  5
23581
330
19
100
AcDbEntity
  8
ºöåçæÄ
100
AcDbSpline
210
0.0
220
0.0
230
0.0
 70
    24
 71
     3
 72
     8
 73
     4
 74
     0
 42
0.000000001
 43
0.0000000001
 40
0.0
 40
0.0
 40
0.0
 40
0.0
 40
1.0
 40
1.0
 40
1.0
 40
1.0
 10
3872.789745436576
 20
10174.00173293419
 30
0.0
 10
3872.789745436576
 20
10174.00173293419
 30
0.0
 10
3872.789745436576
 20
10172.62880621176
 30
0.0
 10
3872.789745436576
 20
10172.62880621176
 30
0.0
  0
SPLINE
  5
23582
330
19
100
AcDbEntity
  8
ºöåçæÄ
100
AcDbSpline
210
0.0
220
0.0
230
0.0
 70
    24
 71
     3
 72
     8
 73
     4
 74
     0
 42
0.000000001
 43
0.0000000001
 40
0.0
 40
0.0
 40
0.0
 40
0.0
 40
1.0
 40
1.0
 40
1.0
 40
1.0
 10
3876.944466093993
 20
10175.6211691359
 30
0.0
 10
3876.944466093993
 20
10175.6211691359
 30
0.0
 10
3875.623547374899
 20
10176.52475534035
 30
0.0
 10
3875.623547374899
 20
10176.52475534035
 30
0.0
  0
SPLINE
  5
23583
330
19
100
AcDbEntity
  8
ºöåçæÄ
100
AcDbSpline
210
0.0
220
0.0
230
1.0
 70
     8
 71
     3
 72
    12
 73
     8
 74
     0
 42
0.000000001
 43
0.0000000001
 40
0.0
 40
0.0
 40
0.0
 40
0.0
 40
0.3333333333333333
 40
0.3333333333333333
 40
0.3333333333333333
 40
0.3333333433333333
 40
1.0
 40
1.0
 40
1.0
 40
1.0
 10
3851.953986243012
 20
10176.52475534035
 30
0.0
 10
3850.858012709128
 20
10178.63467352481
 30
0.0
 10
3852.016142149451
 20
10180.37377041713
 30
0.0
 10
3852.331995633186
 20
10182.41434459713
 30
0.0
 10
3852.331995633186
 20
10182.41434459713
 30
0.0
 10
3852.548484232468
 20
10183.81560088237
 30
0.0
 10
3852.366244806117
 20
10185.36019629877
 30
0.0
 10
3851.224182879008
 20
10186.24094972127
 30
0.0
  0
SPLINE
  5
23584
330
19
100
AcDbEntity
  8
ºöåçæÄ
100
AcDbSpline
210
0.0
220
0.0
230
1.0
 70
    11
 71
     3
 72
    28
 73
    24
 74
     0
 42
0.000000001
 43
0.0000000001
 40
0.0
 40
0.0
 40
0.0
 40
0.0
 40
0.1428571428571428
 40
0.1428571428571428
 40
0.1428571428571428
 40
0.1428571528571428
 40
0.2857142857142857
 40
0.2857142857142857
 40
0.2857142857142857
 40
0.2857142957142857
 40
0.4285714285714289
 40
0.4285714285714289
 40
0.4285714285714289
 40
0.4285714385714289
 40
0.5714285714285714
 40
0.5714285714285714
 40
0.5714285714285714
 40
0.5714285814285715
 40
0.7142857142857145
 40
0.7142857142857145
 40
0.7142857142857145
 40
0.7142857242857146
 40
1.0
 40
1.0
 40
1.0
 40
1.0
 10
3851.72819539923
 20
10185.62615592563
 30
0.0
 10
3851.72819539923
 20
10185.62615592563
 30
0.0
 10
3851.945106827816
 20
10185.62615592563
 30
0.0
 10
3851.945106827816
 20
10185.62615592563
 30
0.0
 10
3851.945106827816
 20
10185.62615592563
 30
0.0
 10
3851.945106827816
 20
10185.74581661625
 30
0.0
 10
3851.847856089868
 20
10185.84306735421
 30
0.0
 10
3851.72819539923
 20
10185.84306735421
 30
0.0
 10
3851.72819539923
 20
10185.84306735421
 30
0.0
 10
3851.608957537903
 20
10185.84306735421
 30
0.0
 10
3851.511706799948
 20
10185.74581661625
 30
0.0
 10
3851.511706799948
 20
10185.62615592563
 30
0.0
 10
3851.511706799948
 20
10185.62615592563
 30
0.0
 10
3851.511706799948
 20
10185.5069180643
 30
0.0
 10
3851.608957537903
 20
10185.40966732634
 30
0.0
 10
3851.72819539923
 20
10185.40966732634
 30
0.0
 10
3851.72819539923
 20
10185.40966732634
 30
0.0
 10
3851.847856089868
 20
10185.40966732634
 30
0.0
 10
3851.945106827816
 20
10185.5069180643
 30
0.0
 10
3851.945106827816
 20
10185.62615592563
 30
0.0
 10
3851.945106827816
 20
10185.62615592563
 30
0.0
 10
3851.945106827816
 20
10185.62615592563
 30
0.0
 10
3851.72819539923
 20
10185.62615592563
 30
0.0
 10
3851.72819539923
 20
10185.62615592563
 30
0.0
  0
SPLINE
  5
23585
330
19
100
AcDbEntity
  8
ºöåçæÄ
100
AcDbSpline
210
0.0
220
0.0
230
0.0
 70
    24
 71
     3
 72
     8
 73
     4
 74
     0
 42
0.000000001
 43
0.0000000001
 40
0.0
 40
0.0
 40
0.0
 40
0.0
 40
1.0
 40
1.0
 40
1.0
 40
1.0
 10
3852.087600300396
 20
10185.9847151682
 30
0.0
 10
3852.087600300396
 20
10185.9847151682
 30
0.0
 10
3852.345526170643
 20
10186.24306386774
 30
0.0
 10
3852.345526170643
 20
10186.24306386774
 30
0.0
  0
SPLINE
  5
23586
330
19
100
AcDbEntity
  8
ºöåçæÄ
100
AcDbSpline
210
0.0
220
0.0
230
0.0
 70
    24
 71
     3
 72
     8
 73
     4
 74
     0
 42
0.000000001
 43
0.0000000001
 40
0.0
 40
0.0
 40
0.0
 40
0.0
 40
1.0
 40
1.0
 40
1.0
 40
1.0
 10
3852.364553488931
 20
10184.08790294866
 30
0.0
 10
3852.364553488931
 20
10184.08790294866
 30
0.0
 10
3853.987795154297
 20
10185.71241310191
 30
0.0
 10
3853.987795154297
 20
10185.71241310191
 30
0.0
  0
SPLINE
  5
23587
330
19
100
AcDbEntity
  8
ºöåçæÄ
100
AcDbSpline
210
0.0
220
0.0
230
1.0
 70
    11
 71
     3
 72
    28
 73
    24
 74
     0
 42
0.000000001
 43
0.0000000001
 40
0.0
 40
0.0
 40
0.0
 40
0.0
 40
0.1428571428571428
 40
0.1428571428571428
 40
0.1428571428571428
 40
0.1428571528571428
 40
0.2857142857142857
 40
0.2857142857142857
 40
0.2857142857142857
 40
0.2857142957142857
 40
0.4285714285714289
 40
0.4285714285714289
 40
0.4285714285714289
 40
0.4285714385714289
 40
0.5714285714285714
 40
0.5714285714285714
 40
0.5714285714285714
 40
0.5714285814285715
 40
0.7142857142857145
 40
0.7142857142857145
 40
0.7142857142857145
 40
0.7142857242857146
 40
1.0
 40
1.0
 40
1.0
 40
1.0
 10
3854.518023090832
 20
10186.24348669703
 30
0.0
 10
3854.518023090832
 20
10186.24348669703
 30
0.0
 10
3854.734934519411
 20
10186.24348669703
 30
0.0
 10
3854.734934519411
 20
10186.24348669703
 30
0.0
 10
3854.734934519411
 20
10186.24348669703
 30
0.0
 10
3854.734934519411
 20
10186.36314738766
 30
0.0
 10
3854.637260952159
 20
10186.46039812562
 30
0.0
 10
3854.518023090832
 20
10186.46039812562
 30
0.0
 10
3854.518023090832
 20
10186.46039812562
 30
0.0
 10
3854.398362400209
 20
10186.46039812562
 30
0.0
 10
3854.30111166226
 20
10186.36314738766
 30
0.0
 10
3854.30111166226
 20
10186.24348669703
 30
0.0
 10
3854.30111166226
 20
10186.24348669703
 30
0.0
 10
3854.30111166226
 20
10186.12424883571
 30
0.0
 10
3854.398362400209
 20
10186.02699809775
 30
0.0
 10
3854.518023090832
 20
10186.02699809775
 30
0.0
 10
3854.518023090832
 20
10186.02699809775
 30
0.0
 10
3854.637260952159
 20
10186.02699809775
 30
0.0
 10
3854.734934519411
 20
10186.12424883571
 30
0.0
 10
3854.734934519411
 20
10186.24348669703
 30
0.0
 10
3854.734934519411
 20
10186.24348669703
 30
0.0
 10
3854.734934519411
 20
10186.24348669703
 30
0.0
 10
3854.518023090832
 20
10186.24348669703
 30
0.0
 10
3854.518023090832
 20
10186.24348669703
 30
0.0
  0
SPLINE
  5
23588
330
19
100
AcDbEntity
  8
ºöåçæÄ
100
AcDbSpline
210
0.0
220
0.0
230
0.0
 70
    24
 71
     3
 72
     8
 73
     4
 74
     0
 42
0.000000001
 43
0.0000000001
 40
0.0
 40
0.0
 40
0.0
 40
0.0
 40
1.0
 40
1.0
 40
1.0
 40
1.0
 10
3852.182736891876
 20
10181.73316660211
 30
0.0
 10
3852.182736891876
 20
10181.73316660211
 30
0.0
 10
3853.172580272602
 20
10182.72300998284
 30
0.0
 10
3853.172580272602
 20
10182.72300998284
 30
0.0
  0
SPLINE
  5
23589
330
19
100
AcDbEntity
  8
ºöåçæÄ
100
AcDbSpline
210
0.0
220
0.0
230
1.0
 70
    11
 71
     3
 72
    28
 73
    24
 74
     0
 42
0.000000001
 43
0.0000000001
 40
0.0
 40
0.0
 40
0.0
 40
0.0
 40
0.1428571428571428
 40
0.1428571428571428
 40
0.1428571428571428
 40
0.1428571528571428
 40
0.2857142857142857
 40
0.2857142857142857
 40
0.2857142857142857
 40
0.2857142957142857
 40
0.4285714285714289
 40
0.4285714285714289
 40
0.4285714285714289
 40
0.4285714385714289
 40
0.5714285714285714
 40
0.5714285714285714
 40
0.5714285714285714
 40
0.5714285814285715
 40
0.7142857142857145
 40
0.7142857142857145
 40
0.7142857142857145
 40
0.7142857242857146
 40
1.0
 40
1.0
 40
1.0
 40
1.0
 10
3853.717184405186
 20
10183.26803694472
 30
0.0
 10
3853.717184405186
 20
10183.26803694472
 30
0.0
 10
3853.934095833773
 20
10183.26803694472
 30
0.0
 10
3853.934095833773
 20
10183.26803694472
 30
0.0
 10
3853.934095833773
 20
10183.26803694472
 30
0.0
 10
3853.934095833773
 20
10183.38769763534
 30
0.0
 10
3853.836845095809
 20
10183.4849483733
 30
0.0
 10
3853.717184405186
 20
10183.4849483733
 30
0.0
 10
3853.717184405186
 20
10183.4849483733
 30
0.0
 10
3853.597946543867
 20
10183.4849483733
 30
0.0
 10
3853.500695805897
 20
10183.38769763534
 30
0.0
 10
3853.500695805897
 20
10183.26803694472
 30
0.0
 10
3853.500695805897
 20
10183.26803694472
 30
0.0
 10
3853.500695805897
 20
10183.14879908339
 30
0.0
 10
3853.597946543867
 20
10183.05112551614
 30
0.0
 10
3853.717184405186
 20
10183.05112551614
 30
0.0
 10
3853.717184405186
 20
10183.05112551614
 30
0.0
 10
3853.836845095809
 20
10183.05112551614
 30
0.0
 10
3853.934095833773
 20
10183.14879908339
 30
0.0
 10
3853.934095833773
 20
10183.26803694472
 30
0.0
 10
3853.934095833773
 20
10183.26803694472
 30
0.0
 10
3853.934095833773
 20
10183.26803694472
 30
0.0
 10
3853.717184405186
 20
10183.26803694472
 30
0.0
 10
3853.717184405186
 20
10183.26803694472
 30
0.0
  0
SPLINE
  5
2358A
330
19
100
AcDbEntity
  8
ºöåçæÄ
100
AcDbSpline
210
0.0
220
0.0
230
0.0
 70
    24
 71
     3
 72
     8
 73
     4
 74
     0
 42
0.000000001
 43
0.0000000001
 40
0.0
 40
0.0
 40
0.0
 40
0.0
 40
1.0
 40
1.0
 40
1.0
 40
1.0
 10
3854.260097220585
 20
10183.81010410153
 30
0.0
 10
3854.260097220585
 20
10183.81010410153
 30
0.0
 10
3856.692211328215
 20
10186.24306386774
 30
0.0
 10
3856.692211328215
 20
10186.24306386774
 30
0.0
  0
SPLINE
  5
2358B
330
19
100
AcDbEntity
  8
ºöåçæÄ
100
AcDbSpline
210
0.0
220
0.0
230
0.0
 70
    24
 71
     3
 72
     8
 73
     4
 74
     0
 42
0.000000001
 43
0.0000000001
 40
0.0
 40
0.0
 40
0.0
 40
0.0
 40
1.0
 40
1.0
 40
1.0
 40
1.0
 10
3851.537499386965
 20
10178.91543217701
 30
0.0
 10
3851.537499386965
 20
10178.91543217701
 30
0.0
 10
3852.35778822021
 20
10179.73572101025
 30
0.0
 10
3852.35778822021
 20
10179.73572101025
 30
0.0
  0
SPLINE
  5
2358C
330
19
100
AcDbEntity
  8
ºöåçæÄ
100
AcDbSpline
210
0.0
220
0.0
230
1.0
 70
    11
 71
     3
 72
    28
 73
    24
 74
     0
 42
0.000000001
 43
0.0000000001
 40
0.0
 40
0.0
 40
0.0
 40
0.0
 40
0.1428571428571428
 40
0.1428571428571428
 40
0.1428571428571428
 40
0.1428571528571428
 40
0.2857142857142857
 40
0.2857142857142857
 40
0.2857142857142857
 40
0.2857142957142857
 40
0.4285714285714289
 40
0.4285714285714289
 40
0.4285714285714289
 40
0.4285714385714289
 40
0.5714285714285714
 40
0.5714285714285714
 40
0.5714285714285714
 40
0.5714285814285715
 40
0.7142857142857145
 40
0.7142857142857145
 40
0.7142857142857145
 40
0.7142857242857146
 40
1.0
 40
1.0
 40
1.0
 40
1.0
 10
3852.900278206313
 20
10180.27863382565
 30
0.0
 10
3852.900278206313
 20
10180.27863382565
 30
0.0
 10
3853.117189634899
 20
10180.27863382565
 30
0.0
 10
3853.117189634899
 20
10180.27863382565
 30
0.0
 10
3853.117189634899
 20
10180.27863382565
 30
0.0
 10
3853.117189634899
 20
10180.39829451627
 30
0.0
 10
3853.019938896936
 20
10180.49554525423
 30
0.0
 10
3852.900278206313
 20
10180.49554525423
 30
0.0
 10
3852.900278206313
 20
10180.49554525423
 30
0.0
 10
3852.781040344993
 20
10180.49554525423
 30
0.0
 10
3852.683789607031
 20
10180.39829451627
 30
0.0
 10
3852.683789607031
 20
10180.27863382565
 30
0.0
 10
3852.683789607031
 20
10180.27863382565
 30
0.0
 10
3852.683789607031
 20
10180.15939596432
 30
0.0
 10
3852.781040344993
 20
10180.06214522636
 30
0.0
 10
3852.900278206313
 20
10180.06214522636
 30
0.0
 10
3852.900278206313
 20
10180.06214522636
 30
0.0
 10
3853.019938896936
 20
10180.06214522636
 30
0.0
 10
3853.117189634899
 20
10180.15939596432
 30
0.0
 10
3853.117189634899
 20
10180.27863382565
 30
0.0
 10
3853.117189634899
 20
10180.27863382565
 30
0.0
 10
3853.117189634899
 20
10180.27863382565
 30
0.0
 10
3852.900278206313
 20
10180.27863382565
 30
0.0
 10
3852.900278206313
 20
10180.27863382565
 30
0.0
  0
SPLINE
  5
2358D
330
19
100
AcDbEntity
  8
ºöåçæÄ
100
AcDbSpline
210
0.0
220
0.0
230
0.0
 70
    24
 71
     3
 72
     8
 73
     4
 74
     0
 42
0.000000001
 43
0.0000000001
 40
0.0
 40
0.0
 40
0.0
 40
0.0
 40
1.0
 40
1.0
 40
1.0
 40
1.0
 10
3853.444882338898
 20
10180.82070098246
 30
0.0
 10
3853.444882338898
 20
10180.82070098246
 30
0.0
 10
3856.161983391672
 20
10183.53780203524
 30
0.0
 10
3856.161983391672
 20
10183.53780203524
 30
0.0
  0
SPLINE
  5
2358E
330
19
100
AcDbEntity
  8
ºöåçæÄ
100
AcDbSpline
210
0.0
220
0.0
230
1.0
 70
    11
 71
     3
 72
    28
 73
    24
 74
     0
 42
0.000000001
 43
0.0000000001
 40
0.0
 40
0.0
 40
0.0
 40
0.0
 40
0.1428571428571428
 40
0.1428571428571428
 40
0.1428571428571428
 40
0.1428571528571428
 40
0.2857142857142857
 40
0.2857142857142857
 40
0.2857142857142857
 40
0.2857142957142857
 40
0.4285714285714289
 40
0.4285714285714289
 40
0.4285714285714289
 40
0.4285714385714289
 40
0.5714285714285714
 40
0.5714285714285714
 40
0.5714285714285714
 40
0.5714285814285715
 40
0.7142857142857145
 40
0.7142857142857145
 40
0.7142857142857145
 40
0.7142857242857146
 40
1.0
 40
1.0
 40
1.0
 40
1.0
 10
3856.704473377782
 20
10184.08282899712
 30
0.0
 10
3856.704473377782
 20
10184.08282899712
 30
0.0
 10
3856.921384806361
 20
10184.08282899712
 30
0.0
 10
3856.921384806361
 20
10184.08282899712
 30
0.0
 10
3856.921384806361
 20
10184.08282899712
 30
0.0
 10
3856.921384806361
 20
10184.20248968774
 30
0.0
 10
3856.824134068398
 20
10184.2997404257
 30
0.0
 10
3856.704473377782
 20
10184.2997404257
 30
0.0
 10
3856.704473377782
 20
10184.2997404257
 30
0.0
 10
3856.585235516455
 20
10184.2997404257
 30
0.0
 10
3856.487984778492
 20
10184.20248968774
 30
0.0
 10
3856.487984778492
 20
10184.08282899712
 30
0.0
 10
3856.487984778492
 20
10184.08282899712
 30
0.0
 10
3856.487984778492
 20
10183.96359113579
 30
0.0
 10
3856.585235516455
 20
10183.86634039783
 30
0.0
 10
3856.704473377782
 20
10183.86634039783
 30
0.0
 10
3856.704473377782
 20
10183.86634039783
 30
0.0
 10
3856.824134068398
 20
10183.86634039783
 30
0.0
 10
3856.921384806361
 20
10183.96359113579
 30
0.0
 10
3856.921384806361
 20
10184.08282899712
 30
0.0
 10
3856.921384806361
 20
10184.08282899712
 30
0.0
 10
3856.921384806361
 20
10184.08282899712
 30
0.0
 10
3856.704473377782
 20
10184.08282899712
 30
0.0
 10
3856.704473377782
 20
10184.08282899712
 30
0.0
  0
SPLINE
  5
2358F
330
19
100
AcDbEntity
  8
ºöåçæÄ
100
AcDbSpline
210
0.0
220
0.0
230
0.0
 70
    24
 71
     3
 72
     8
 73
     4
 74
     0
 42
0.000000001
 43
0.0000000001
 40
0.0
 40
0.0
 40
0.0
 40
0.0
 40
1.0
 40
1.0
 40
1.0
 40
1.0
 10
3857.24907751036
 20
10184.62489615393
 30
0.0
 10
3857.24907751036
 20
10184.62489615393
 30
0.0
 10
3858.866822394887
 20
10186.24306386774
 30
0.0
 10
3858.866822394887
 20
10186.24306386774
 30
0.0
  0
SPLINE
  5
23590
330
19
100
AcDbEntity
  8
ºöåçæÄ
100
AcDbSpline
210
0.0
220
0.0
230
1.0
 70
    11
 71
     3
 72
    28
 73
    24
 74
     0
 42
0.000000001
 43
0.0000000001
 40
0.0
 40
0.0
 40
0.0
 40
0.0
 40
0.1428571428571428
 40
0.1428571428571428
 40
0.1428571428571428
 40
0.1428571528571428
 40
0.2857142857142857
 40
0.2857142857142857
 40
0.2857142857142857
 40
0.2857142957142857
 40
0.4285714285714289
 40
0.4285714285714289
 40
0.4285714285714289
 40
0.4285714385714289
 40
0.5714285714285714
 40
0.5714285714285714
 40
0.5714285714285714
 40
0.5714285814285715
 40
0.7142857142857145
 40
0.7142857142857145
 40
0.7142857142857145
 40
0.7142857242857146
 40
1.0
 40
1.0
 40
1.0
 40
1.0
 10
3852.087600300396
 20
10177.28965353588
 30
0.0
 10
3852.087600300396
 20
10177.28965353588
 30
0.0
 10
3852.304088899686
 20
10177.28965353588
 30
0.0
 10
3852.304088899686
 20
10177.28965353588
 30
0.0
 10
3852.304088899686
 20
10177.28965353588
 30
0.0
 10
3852.304088899686
 20
10177.4088913972
 30
0.0
 10
3852.206838161723
 20
10177.50614213516
 30
0.0
 10
3852.087600300396
 20
10177.50614213516
 30
0.0
 10
3852.087600300396
 20
10177.50614213516
 30
0.0
 10
3851.96793960978
 20
10177.50614213516
 30
0.0
 10
3851.870688871817
 20
10177.4088913972
 30
0.0
 10
3851.870688871817
 20
10177.28965353588
 30
0.0
 10
3851.870688871817
 20
10177.28965353588
 30
0.0
 10
3851.870688871817
 20
10177.16999284525
 30
0.0
 10
3851.96793960978
 20
10177.07274210729
 30
0.0
 10
3852.087600300396
 20
10177.07274210729
 30
0.0
 10
3852.087600300396
 20
10177.07274210729
 30
0.0
 10
3852.206838161723
 20
10177.07274210729
 30
0.0
 10
3852.304088899686
 20
10177.16999284525
 30
0.0
 10
3852.304088899686
 20
10177.28965353588
 30
0.0
 10
3852.304088899686
 20
10177.28965353588
 30
0.0
 10
3852.304088899686
 20
10177.28965353588
 30
0.0
 10
3852.087600300396
 20
10177.28965353588
 30
0.0
 10
3852.087600300396
 20
10177.28965353588
 30
0.0
  0
SPLINE
  5
23591
330
19
100
AcDbEntity
  8
ºöåçæÄ
100
AcDbSpline
210
0.0
220
0.0
230
0.0
 70
    24
 71
     3
 72
     8
 73
     4
 74
     0
 42
0.000000001
 43
0.0000000001
 40
0.0
 40
0.0
 40
0.0
 40
0.0
 40
1.0
 40
1.0
 40
1.0
 40
1.0
 10
3852.630090286499
 20
10177.83341200987
 30
0.0
 10
3852.630090286499
 20
10177.83341200987
 30
0.0
 10
3855.34719133928
 20
10180.54839891617
 30
0.0
 10
3855.34719133928
 20
10180.54839891617
 30
0.0
  0
SPLINE
  5
23592
330
19
100
AcDbEntity
  8
ºöåçæÄ
100
AcDbSpline
210
0.0
220
0.0
230
1.0
 70
    11
 71
     3
 72
    28
 73
    24
 74
     0
 42
0.000000001
 43
0.0000000001
 40
0.0
 40
0.0
 40
0.0
 40
0.0
 40
0.1428571428571428
 40
0.1428571428571428
 40
0.1428571428571428
 40
0.1428571528571428
 40
0.2857142857142857
 40
0.2857142857142857
 40
0.2857142857142857
 40
0.2857142957142857
 40
0.4285714285714289
 40
0.4285714285714289
 40
0.4285714285714289
 40
0.4285714385714289
 40
0.5714285714285714
 40
0.5714285714285714
 40
0.5714285714285714
 40
0.5714285814285715
 40
0.7142857142857145
 40
0.7142857142857145
 40
0.7142857142857145
 40
0.7142857242857146
 40
1.0
 40
1.0
 40
1.0
 40
1.0
 10
3855.889681325383
 20
10181.09384870734
 30
0.0
 10
3855.889681325383
 20
10181.09384870734
 30
0.0
 10
3856.106592753962
 20
10181.09384870734
 30
0.0
 10
3856.106592753962
 20
10181.09384870734
 30
0.0
 10
3856.106592753962
 20
10181.09384870734
 30
0.0
 10
3856.106592753962
 20
10181.21308656867
 30
0.0
 10
3856.009342016007
 20
10181.31033730663
 30
0.0
 10
3855.889681325383
 20
10181.31033730663
 30
0.0
 10
3855.889681325383
 20
10181.31033730663
 30
0.0
 10
3855.770443464056
 20
10181.31033730663
 30
0.0
 10
3855.673192726108
 20
10181.21308656867
 30
0.0
 10
3855.673192726108
 20
10181.09384870734
 30
0.0
 10
3855.673192726108
 20
10181.09384870734
 30
0.0
 10
3855.673192726108
 20
10180.97418801672
 30
0.0
 10
3855.770443464056
 20
10180.87693727876
 30
0.0
 10
3855.889681325383
 20
10180.87693727876
 30
0.0
 10
3855.889681325383
 20
10180.87693727876
 30
0.0
 10
3856.009342016007
 20
10180.87693727876
 30
0.0
 10
3856.106592753962
 20
10180.97418801672
 30
0.0
 10
3856.106592753962
 20
10181.09384870734
 30
0.0
 10
3856.106592753962
 20
10181.09384870734
 30
0.0
 10
3856.106592753962
 20
10181.09384870734
 30
0.0
 10
3855.889681325383
 20
10181.09384870734
 30
0.0
 10
3855.889681325383
 20
10181.09384870734
 30
0.0
  0
SPLINE
  5
23593
330
19
100
AcDbEntity
  8
ºöåçæÄ
100
AcDbSpline
210
0.0
220
0.0
230
0.0
 70
    24
 71
     3
 72
     8
 73
     4
 74
     0
 42
0.000000001
 43
0.0000000001
 40
0.0
 40
0.0
 40
0.0
 40
0.0
 40
1.0
 40
1.0
 40
1.0
 40
1.0
 10
3856.434285457968
 20
10181.63760718133
 30
0.0
 10
3856.434285457968
 20
10181.63760718133
 30
0.0
 10
3859.151386510743
 20
10184.35259408764
 30
0.0
 10
3859.151386510743
 20
10184.35259408764
 30
0.0
  0
SPLINE
  5
23594
330
19
100
AcDbEntity
  8
ºöåçæÄ
100
AcDbSpline
210
0.0
220
0.0
230
1.0
 70
    11
 71
     3
 72
    28
 73
    24
 74
     0
 42
0.000000001
 43
0.0000000001
 40
0.0
 40
0.0
 40
0.0
 40
0.0
 40
0.1428571428571428
 40
0.1428571428571428
 40
0.1428571428571428
 40
0.1428571528571428
 40
0.2857142857142857
 40
0.2857142857142857
 40
0.2857142857142857
 40
0.2857142957142857
 40
0.4285714285714289
 40
0.4285714285714289
 40
0.4285714285714289
 40
0.4285714385714289
 40
0.5714285714285714
 40
0.5714285714285714
 40
0.5714285714285714
 40
0.5714285814285715
 40
0.7142857142857145
 40
0.7142857142857145
 40
0.7142857142857145
 40
0.7142857242857146
 40
1.0
 40
1.0
 40
1.0
 40
1.0
 10
3859.69387649686
 20
10184.89635256162
 30
0.0
 10
3859.69387649686
 20
10184.89635256162
 30
0.0
 10
3859.910787925439
 20
10184.89635256162
 30
0.0
 10
3859.910787925439
 20
10184.89635256162
 30
0.0
 10
3859.910787925439
 20
10184.89635256162
 30
0.0
 10
3859.910787925439
 20
10185.01601325225
 30
0.0
 10
3859.813537187461
 20
10185.11326399021
 30
0.0
 10
3859.69387649686
 20
10185.11326399021
 30
0.0
 10
3859.69387649686
 20
10185.11326399021
 30
0.0
 10
3859.574638635519
 20
10185.11326399021
 30
0.0
 10
3859.477387897563
 20
10185.01601325225
 30
0.0
 10
3859.477387897563
 20
10184.89635256162
 30
0.0
 10
3859.477387897563
 20
10184.89635256162
 30
0.0
 10
3859.477387897563
 20
10184.7771147003
 30
0.0
 10
3859.574638635519
 20
10184.67944113304
 30
0.0
 10
3859.69387649686
 20
10184.67944113304
 30
0.0
 10
3859.69387649686
 20
10184.67944113304
 30
0.0
 10
3859.813537187461
 20
10184.67944113304
 30
0.0
 10
3859.910787925439
 20
10184.7771147003
 30
0.0
 10
3859.910787925439
 20
10184.89635256162
 30
0.0
 10
3859.910787925439
 20
10184.89635256162
 30
0.0
 10
3859.910787925439
 20
10184.89635256162
 30
0.0
 10
3859.69387649686
 20
10184.89635256162
 30
0.0
 10
3859.69387649686
 20
10184.89635256162
 30
0.0
  0
SPLINE
  5
23595
330
19
100
AcDbEntity
  8
ºöåçæÄ
100
AcDbSpline
210
0.0
220
0.0
230
0.0
 70
    24
 71
     3
 72
     8
 73
     4
 74
     0
 42
0.000000001
 43
0.0000000001
 40
0.0
 40
0.0
 40
0.0
 40
0.0
 40
1.0
 40
1.0
 40
1.0
 40
1.0
 10
3860.236789312252
 20
10185.44011103561
 30
0.0
 10
3860.236789312252
 20
10185.44011103561
 30
0.0
 10
3861.039319315075
 20
10186.24306386774
 30
0.0
 10
3861.039319315075
 20
10186.24306386774
 30
0.0
  0
SPLINE
  5
23596
330
19
100
AcDbEntity
  8
ºöåçæÄ
100
AcDbSpline
210
0.0
220
0.0
230
0.0
 70
    24
 71
     3
 72
     8
 73
     4
 74
     0
 42
0.000000001
 43
0.0000000001
 40
0.0
 40
0.0
 40
0.0
 40
0.0
 40
1.0
 40
1.0
 40
1.0
 40
1.0
 10
3853.495199025058
 20
10176.52475534035
 30
0.0
 10
3853.495199025058
 20
10176.52475534035
 30
0.0
 10
3854.532399286889
 20
10177.56110994358
 30
0.0
 10
3854.532399286889
 20
10177.56110994358
 30
0.0
  0
SPLINE
  5
23597
330
19
100
AcDbEntity
  8
ºöåçæÄ
100
AcDbSpline
210
0.0
220
0.0
230
1.0
 70
    11
 71
     3
 72
    28
 73
    24
 74
     0
 42
0.000000001
 43
0.0000000001
 40
0.0
 40
0.0
 40
0.0
 40
0.0
 40
0.1428571428571428
 40
0.1428571428571428
 40
0.1428571428571428
 40
0.1428571528571428
 40
0.2857142857142857
 40
0.2857142857142857
 40
0.2857142857142857
 40
0.2857142957142857
 40
0.4285714285714289
 40
0.4285714285714289
 40
0.4285714285714289
 40
0.4285714385714289
 40
0.5714285714285714
 40
0.5714285714285714
 40
0.5714285714285714
 40
0.5714285814285715
 40
0.7142857142857145
 40
0.7142857142857145
 40
0.7142857142857145
 40
0.7142857242857146
 40
1.0
 40
1.0
 40
1.0
 40
1.0
 10
3855.074889272992
 20
10178.10444558827
 30
0.0
 10
3855.074889272992
 20
10178.10444558827
 30
0.0
 10
3855.291800701571
 20
10178.10444558827
 30
0.0
 10
3855.291800701571
 20
10178.10444558827
 30
0.0
 10
3855.291800701571
 20
10178.10444558827
 30
0.0
 10
3855.291800701571
 20
10178.2236834496
 30
0.0
 10
3855.194127134311
 20
10178.32093418756
 30
0.0
 10
3855.074889272992
 20
10178.32093418756
 30
0.0
 10
3855.074889272992
 20
10178.32093418756
 30
0.0
 10
3854.955228582361
 20
10178.32093418756
 30
0.0
 10
3854.857977844406
 20
10178.2236834496
 30
0.0
 10
3854.857977844406
 20
10178.10444558827
 30
0.0
 10
3854.857977844406
 20
10178.10444558827
 30
0.0
 10
3854.857977844406
 20
10177.98478489765
 30
0.0
 10
3854.955228582361
 20
10177.88753415969
 30
0.0
 10
3855.074889272992
 20
10177.88753415969
 30
0.0
 10
3855.074889272992
 20
10177.88753415969
 30
0.0
 10
3855.194127134311
 20
10177.88753415969
 30
0.0
 10
3855.291800701571
 20
10177.98478489765
 30
0.0
 10
3855.291800701571
 20
10178.10444558827
 30
0.0
 10
3855.291800701571
 20
10178.10444558827
 30
0.0
 10
3855.291800701571
 20
10178.10444558827
 30
0.0
 10
3855.074889272992
 20
10178.10444558827
 30
0.0
 10
3855.074889272992
 20
10178.10444558827
 30
0.0
  0
SPLINE
  5
23598
330
19
100
AcDbEntity
  8
ºöåçæÄ
100
AcDbSpline
210
0.0
220
0.0
230
0.0
 70
    24
 71
     3
 72
     8
 73
     4
 74
     0
 42
0.000000001
 43
0.0000000001
 40
0.0
 40
0.0
 40
0.0
 40
0.0
 40
1.0
 40
1.0
 40
1.0
 40
1.0
 10
3855.617379259095
 20
10178.64862689156
 30
0.0
 10
3855.617379259095
 20
10178.64862689156
 30
0.0
 10
3858.336594458344
 20
10181.36530511504
 30
0.0
 10
3858.336594458344
 20
10181.36530511504
 30
0.0
  0
SPLINE
  5
23599
330
19
100
AcDbEntity
  8
ºöåçæÄ
100
AcDbSpline
210
0.0
220
0.0
230
1.0
 70
    11
 71
     3
 72
    28
 73
    24
 74
     0
 42
0.000000001
 43
0.0000000001
 40
0.0
 40
0.0
 40
0.0
 40
0.0
 40
0.1428571428571428
 40
0.1428571428571428
 40
0.1428571428571428
 40
0.1428571528571428
 40
0.2857142857142857
 40
0.2857142857142857
 40
0.2857142857142857
 40
0.2857142957142857
 40
0.4285714285714289
 40
0.4285714285714289
 40
0.4285714285714289
 40
0.4285714385714289
 40
0.5714285714285714
 40
0.5714285714285714
 40
0.5714285714285714
 40
0.5714285814285715
 40
0.7142857142857145
 40
0.7142857142857145
 40
0.7142857142857145
 40
0.7142857242857146
 40
1.0
 40
1.0
 40
1.0
 40
1.0
 10
3858.879084444454
 20
10181.90864075974
 30
0.0
 10
3858.879084444454
 20
10181.90864075974
 30
0.0
 10
3859.095995873033
 20
10181.90864075974
 30
0.0
 10
3859.095995873033
 20
10181.90864075974
 30
0.0
 10
3859.095995873033
 20
10181.90864075974
 30
0.0
 10
3859.095995873033
 20
10182.02787862106
 30
0.0
 10
3858.998322305774
 20
10182.12512935902
 30
0.0
 10
3858.879084444454
 20
10182.12512935902
 30
0.0
 10
3858.879084444454
 20
10182.12512935902
 30
0.0
 10
3858.759423753831
 20
10182.12512935902
 30
0.0
 10
3858.662173015868
 20
10182.02787862106
 30
0.0
 10
3858.662173015868
 20
10181.90864075974
 30
0.0
 10
3858.662173015868
 20
10181.90864075974
 30
0.0
 10
3858.662173015868
 20
10181.78898006911
 30
0.0
 10
3858.759423753831
 20
10181.69172933116
 30
0.0
 10
3858.879084444454
 20
10181.69172933116
 30
0.0
 10
3858.879084444454
 20
10181.69172933116
 30
0.0
 10
3858.998322305774
 20
10181.69172933116
 30
0.0
 10
3859.095995873033
 20
10181.78898006911
 30
0.0
 10
3859.095995873033
 20
10181.90864075974
 30
0.0
 10
3859.095995873033
 20
10181.90864075974
 30
0.0
 10
3859.095995873033
 20
10181.90864075974
 30
0.0
 10
3858.879084444454
 20
10181.90864075974
 30
0.0
 10
3858.879084444454
 20
10181.90864075974
 30
0.0
  0
SPLINE
  5
2359A
330
19
100
AcDbEntity
  8
ºöåçæÄ
100
AcDbSpline
210
0.0
220
0.0
230
0.0
 70
    24
 71
     3
 72
     8
 73
     4
 74
     0
 42
0.000000001
 43
0.0000000001
 40
0.0
 40
0.0
 40
0.0
 40
0.0
 40
1.0
 40
1.0
 40
1.0
 40
1.0
 10
3859.421574430557
 20
10182.45070791655
 30
0.0
 10
3859.421574430557
 20
10182.45070791655
 30
0.0
 10
3862.138675483331
 20
10185.16823179862
 30
0.0
 10
3862.138675483331
 20
10185.16823179862
 30
0.0
  0
SPLINE
  5
2359B
330
19
100
AcDbEntity
  8
ºöåçæÄ
100
AcDbSpline
210
0.0
220
0.0
230
1.0
 70
    11
 71
     3
 72
    28
 73
    24
 74
     0
 42
0.000000001
 43
0.0000000001
 40
0.0
 40
0.0
 40
0.0
 40
0.0
 40
0.1428571428571428
 40
0.1428571428571428
 40
0.1428571428571428
 40
0.1428571528571428
 40
0.2857142857142857
 40
0.2857142857142857
 40
0.2857142857142857
 40
0.2857142957142857
 40
0.4285714285714289
 40
0.4285714285714289
 40
0.4285714285714289
 40
0.4285714385714289
 40
0.5714285714285714
 40
0.5714285714285714
 40
0.5714285714285714
 40
0.5714285814285715
 40
0.7142857142857145
 40
0.7142857142857145
 40
0.7142857142857145
 40
0.7142857242857146
 40
1.0
 40
1.0
 40
1.0
 40
1.0
 10
3862.683279615917
 20
10185.7128359312
 30
0.0
 10
3862.683279615917
 20
10185.7128359312
 30
0.0
 10
3862.900191044502
 20
10185.7128359312
 30
0.0
 10
3862.900191044502
 20
10185.7128359312
 30
0.0
 10
3862.900191044502
 20
10185.7128359312
 30
0.0
 10
3862.900191044502
 20
10185.83207379253
 30
0.0
 10
3862.802517477236
 20
10185.92932453049
 30
0.0
 10
3862.683279615917
 20
10185.92932453049
 30
0.0
 10
3862.683279615917
 20
10185.92932453049
 30
0.0
 10
3862.563618925293
 20
10185.92932453049
 30
0.0
 10
3862.466368187337
 20
10185.83207379253
 30
0.0
 10
3862.466368187337
 20
10185.7128359312
 30
0.0
 10
3862.466368187337
 20
10185.7128359312
 30
0.0
 10
3862.466368187337
 20
10185.59317524058
 30
0.0
 10
3862.563618925293
 20
10185.49592450262
 30
0.0
 10
3862.683279615917
 20
10185.49592450262
 30
0.0
 10
3862.683279615917
 20
10185.49592450262
 30
0.0
 10
3862.802517477236
 20
10185.49592450262
 30
0.0
 10
3862.900191044502
 20
10185.59317524058
 30
0.0
 10
3862.900191044502
 20
10185.7128359312
 30
0.0
 10
3862.900191044502
 20
10185.7128359312
 30
0.0
 10
3862.900191044502
 20
10185.7128359312
 30
0.0
 10
3862.683279615917
 20
10185.7128359312
 30
0.0
 10
3862.683279615917
 20
10185.7128359312
 30
0.0
  0
SPLINE
  5
2359C
330
19
100
AcDbEntity
  8
ºöåçæÄ
100
AcDbSpline
210
0.0
220
0.0
230
0.0
 70
    24
 71
     3
 72
     8
 73
     4
 74
     0
 42
0.000000001
 43
0.0000000001
 40
0.0
 40
0.0
 40
0.0
 40
0.0
 40
1.0
 40
1.0
 40
1.0
 40
1.0
 10
3855.667695945255
 20
10176.52475534035
 30
0.0
 10
3855.667695945255
 20
10176.52475534035
 30
0.0
 10
3857.519688259471
 20
10178.37632482527
 30
0.0
 10
3857.519688259471
 20
10178.37632482527
 30
0.0
  0
SPLINE
  5
2359D
330
19
100
AcDbEntity
  8
ºöåçæÄ
100
AcDbSpline
210
0.0
220
0.0
230
1.0
 70
    11
 71
     3
 72
    28
 73
    24
 74
     0
 42
0.000000001
 43
0.0000000001
 40
0.0
 40
0.0
 40
0.0
 40
0.0
 40
0.1428571428571428
 40
0.1428571428571428
 40
0.1428571428571428
 40
0.1428571528571428
 40
0.2857142857142857
 40
0.2857142857142857
 40
0.2857142857142857
 40
0.2857142957142857
 40
0.4285714285714289
 40
0.4285714285714289
 40
0.4285714285714289
 40
0.4285714385714289
 40
0.5714285714285714
 40
0.5714285714285714
 40
0.5714285714285714
 40
0.5714285814285715
 40
0.7142857142857145
 40
0.7142857142857145
 40
0.7142857142857145
 40
0.7142857242857146
 40
1.0
 40
1.0
 40
1.0
 40
1.0
 10
3858.064292392048
 20
10178.91923764067
 30
0.0
 10
3858.064292392048
 20
10178.91923764067
 30
0.0
 10
3858.280780991345
 20
10178.91923764067
 30
0.0
 10
3858.280780991345
 20
10178.91923764067
 30
0.0
 10
3858.280780991345
 20
10178.91923764067
 30
0.0
 10
3858.280780991345
 20
10179.03889833129
 30
0.0
 10
3858.183530253382
 20
10179.13614906925
 30
0.0
 10
3858.064292392048
 20
10179.13614906925
 30
0.0
 10
3858.064292392048
 20
10179.13614906925
 30
0.0
 10
3857.944631701439
 20
10179.13614906925
 30
0.0
 10
3857.847380963477
 20
10179.03889833129
 30
0.0
 10
3857.847380963477
 20
10178.91923764067
 30
0.0
 10
3857.847380963477
 20
10178.91923764067
 30
0.0
 10
3857.847380963477
 20
10178.79999977934
 30
0.0
 10
3857.944631701439
 20
10178.70274904138
 30
0.0
 10
3858.064292392048
 20
10178.70274904138
 30
0.0
 10
3858.064292392048
 20
10178.70274904138
 30
0.0
 10
3858.183530253382
 20
10178.70274904138
 30
0.0
 10
3858.280780991345
 20
10178.79999977934
 30
0.0
 10
3858.280780991345
 20
10178.91923764067
 30
0.0
 10
3858.280780991345
 20
10178.91923764067
 30
0.0
 10
3858.280780991345
 20
10178.91923764067
 30
0.0
 10
3858.064292392048
 20
10178.91923764067
 30
0.0
 10
3858.064292392048
 20
10178.91923764067
 30
0.0
  0
SPLINE
  5
2359E
330
19
100
AcDbEntity
  8
ºöåçæÄ
100
AcDbSpline
210
0.0
220
0.0
230
0.0
 70
    24
 71
     3
 72
     8
 73
     4
 74
     0
 42
0.000000001
 43
0.0000000001
 40
0.0
 40
0.0
 40
0.0
 40
0.0
 40
1.0
 40
1.0
 40
1.0
 40
1.0
 10
3858.606782378158
 20
10179.46341894396
 30
0.0
 10
3858.606782378158
 20
10179.46341894396
 30
0.0
 10
3861.32388343094
 20
10182.18051999673
 30
0.0
 10
3861.32388343094
 20
10182.18051999673
 30
0.0
  0
SPLINE
  5
2359F
330
19
100
AcDbEntity
  8
ºöåçæÄ
100
AcDbSpline
210
0.0
220
0.0
230
1.0
 70
    11
 71
     3
 72
    28
 73
    24
 74
     0
 42
0.000000001
 43
0.0000000001
 40
0.0
 40
0.0
 40
0.0
 40
0.0
 40
0.1428571428571428
 40
0.1428571428571428
 40
0.1428571428571428
 40
0.1428571528571428
 40
0.2857142857142857
 40
0.2857142857142857
 40
0.2857142857142857
 40
0.2857142957142857
 40
0.4285714285714289
 40
0.4285714285714289
 40
0.4285714285714289
 40
0.4285714385714289
 40
0.5714285714285714
 40
0.5714285714285714
 40
0.5714285714285714
 40
0.5714285814285715
 40
0.7142857142857145
 40
0.7142857142857145
 40
0.7142857142857145
 40
0.7142857242857146
 40
1.0
 40
1.0
 40
1.0
 40
1.0
 10
3861.866373417043
 20
10182.72343281213
 30
0.0
 10
3861.866373417043
 20
10182.72343281213
 30
0.0
 10
3862.083284845621
 20
10182.72343281213
 30
0.0
 10
3862.083284845621
 20
10182.72343281213
 30
0.0
 10
3862.083284845621
 20
10182.72343281213
 30
0.0
 10
3862.083284845621
 20
10182.84309350276
 30
0.0
 10
3861.986034107666
 20
10182.94034424072
 30
0.0
 10
3861.866373417043
 20
10182.94034424072
 30
0.0
 10
3861.866373417043
 20
10182.94034424072
 30
0.0
 10
3861.747135555708
 20
10182.94034424072
 30
0.0
 10
3861.649461988463
 20
10182.84309350276
 30
0.0
 10
3861.649461988463
 20
10182.72343281213
 30
0.0
 10
3861.649461988463
 20
10182.72343281213
 30
0.0
 10
3861.649461988463
 20
10182.60419495081
 30
0.0
 10
3861.747135555708
 20
10182.50694421285
 30
0.0
 10
3861.866373417043
 20
10182.50694421285
 30
0.0
 10
3861.866373417043
 20
10182.50694421285
 30
0.0
 10
3861.986034107666
 20
10182.50694421285
 30
0.0
 10
3862.083284845621
 20
10182.60419495081
 30
0.0
 10
3862.083284845621
 20
10182.72343281213
 30
0.0
 10
3862.083284845621
 20
10182.72343281213
 30
0.0
 10
3862.083284845621
 20
10182.72343281213
 30
0.0
 10
3861.866373417043
 20
10182.72343281213
 30
0.0
 10
3861.866373417043
 20
10182.72343281213
 30
0.0
  0
SPLINE
  5
235A0
330
19
100
AcDbEntity
  8
ºöåçæÄ
100
AcDbSpline
210
0.0
220
0.0
230
0.0
 70
    24
 71
     3
 72
     8
 73
     4
 74
     0
 42
0.000000001
 43
0.0000000001
 40
0.0
 40
0.0
 40
0.0
 40
0.0
 40
1.0
 40
1.0
 40
1.0
 40
1.0
 10
3862.410977549635
 20
10183.26761411542
 30
0.0
 10
3862.410977549635
 20
10183.26761411542
 30
0.0
 10
3865.128078602402
 20
10185.9847151682
 30
0.0
 10
3865.128078602402
 20
10185.9847151682
 30
0.0
  0
SPLINE
  5
235A1
330
19
100
AcDbEntity
  8
ºöåçæÄ
100
AcDbSpline
210
0.0
220
0.0
230
1.0
 70
    11
 71
     3
 72
    28
 73
    24
 74
     0
 42
0.000000001
 43
0.0000000001
 40
0.0
 40
0.0
 40
0.0
 40
0.0
 40
0.1428571428571428
 40
0.1428571428571428
 40
0.1428571428571428
 40
0.1428571528571428
 40
0.2857142857142857
 40
0.2857142857142857
 40
0.2857142857142857
 40
0.2857142957142857
 40
0.4285714285714289
 40
0.4285714285714289
 40
0.4285714285714289
 40
0.4285714385714289
 40
0.5714285714285714
 40
0.5714285714285714
 40
0.5714285714285714
 40
0.5714285814285715
 40
0.7142857142857145
 40
0.7142857142857145
 40
0.7142857142857145
 40
0.7142857242857146
 40
1.0
 40
1.0
 40
1.0
 40
1.0
 10
3865.386427301952
 20
10186.24348669703
 30
0.0
 10
3865.386427301952
 20
10186.24348669703
 30
0.0
 10
3865.603338730531
 20
10186.24348669703
 30
0.0
 10
3865.603338730531
 20
10186.24348669703
 30
0.0
 10
3865.603338730531
 20
10186.24348669703
 30
0.0
 10
3865.603338730531
 20
10186.36314738766
 30
0.0
 10
3865.506087992575
 20
10186.46039812562
 30
0.0
 10
3865.386427301952
 20
10186.46039812562
 30
0.0
 10
3865.386427301952
 20
10186.46039812562
 30
0.0
 10
3865.267189440618
 20
10186.46039812562
 30
0.0
 10
3865.169938702655
 20
10186.36314738766
 30
0.0
 10
3865.169938702655
 20
10186.24348669703
 30
0.0
 10
3865.169938702655
 20
10186.24348669703
 30
0.0
 10
3865.169938702655
 20
10186.12424883571
 30
0.0
 10
3865.267189440618
 20
10186.02699809775
 30
0.0
 10
3865.386427301952
 20
10186.02699809775
 30
0.0
 10
3865.386427301952
 20
10186.02699809775
 30
0.0
 10
3865.506087992575
 20
10186.02699809775
 30
0.0
 10
3865.603338730531
 20
10186.12424883571
 30
0.0
 10
3865.603338730531
 20
10186.24348669703
 30
0.0
 10
3865.603338730531
 20
10186.24348669703
 30
0.0
 10
3865.603338730531
 20
10186.24348669703
 30
0.0
 10
3865.386427301952
 20
10186.24348669703
 30
0.0
 10
3865.386427301952
 20
10186.24348669703
 30
0.0
  0
SPLINE
  5
235A2
330
19
100
AcDbEntity
  8
ºöåçæÄ
100
AcDbSpline
210
0.0
220
0.0
230
0.0
 70
    24
 71
     3
 72
     8
 73
     4
 74
     0
 42
0.000000001
 43
0.0000000001
 40
0.0
 40
0.0
 40
0.0
 40
0.0
 40
1.0
 40
1.0
 40
1.0
 40
1.0
 10
3857.841884182623
 20
10176.52475534035
 30
0.0
 10
3857.841884182623
 20
10176.52475534035
 30
0.0
 10
3860.508668549245
 20
10179.19111687766
 30
0.0
 10
3860.508668549245
 20
10179.19111687766
 30
0.0
  0
SPLINE
  5
235A3
330
19
100
AcDbEntity
  8
ºöåçæÄ
100
AcDbSpline
210
0.0
220
0.0
230
1.0
 70
    11
 71
     3
 72
    28
 73
    24
 74
     0
 42
0.000000001
 43
0.0000000001
 40
0.0
 40
0.0
 40
0.0
 40
0.0
 40
0.1428571428571428
 40
0.1428571428571428
 40
0.1428571428571428
 40
0.1428571528571428
 40
0.2857142857142857
 40
0.2857142857142857
 40
0.2857142857142857
 40
0.2857142957142857
 40
0.4285714285714289
 40
0.4285714285714289
 40
0.4285714285714289
 40
0.4285714385714289
 40
0.5714285714285714
 40
0.5714285714285714
 40
0.5714285714285714
 40
0.5714285814285715
 40
0.7142857142857145
 40
0.7142857142857145
 40
0.7142857142857145
 40
0.7142857242857146
 40
1.0
 40
1.0
 40
1.0
 40
1.0
 10
3861.053272681829
 20
10179.73614383954
 30
0.0
 10
3861.053272681829
 20
10179.73614383954
 30
0.0
 10
3861.270184110423
 20
10179.73614383954
 30
0.0
 10
3861.270184110423
 20
10179.73614383954
 30
0.0
 10
3861.270184110423
 20
10179.73614383954
 30
0.0
 10
3861.270184110423
 20
10179.85538170087
 30
0.0
 10
3861.172933372453
 20
10179.95305526813
 30
0.0
 10
3861.053272681829
 20
10179.95305526813
 30
0.0
 10
3861.053272681829
 20
10179.95305526813
 30
0.0
 10
3860.934034820502
 20
10179.95305526813
 30
0.0
 10
3860.836784082533
 20
10179.85538170087
 30
0.0
 10
3860.836784082533
 20
10179.73614383954
 30
0.0
 10
3860.836784082533
 20
10179.73614383954
 30
0.0
 10
3860.836784082533
 20
10179.61690597822
 30
0.0
 10
3860.934034820502
 20
10179.51923241096
 30
0.0
 10
3861.053272681829
 20
10179.51923241096
 30
0.0
 10
3861.053272681829
 20
10179.51923241096
 30
0.0
 10
3861.172933372453
 20
10179.51923241096
 30
0.0
 10
3861.270184110423
 20
10179.61690597822
 30
0.0
 10
3861.270184110423
 20
10179.73614383954
 30
0.0
 10
3861.270184110423
 20
10179.73614383954
 30
0.0
 10
3861.270184110423
 20
10179.73614383954
 30
0.0
 10
3861.053272681829
 20
10179.73614383954
 30
0.0
 10
3861.053272681829
 20
10179.73614383954
 30
0.0
  0
SPLINE
  5
235A4
330
19
100
AcDbEntity
  8
ºöåçæÄ
100
AcDbSpline
210
0.0
220
0.0
230
0.0
 70
    24
 71
     3
 72
     8
 73
     4
 74
     0
 42
0.000000001
 43
0.0000000001
 40
0.0
 40
0.0
 40
0.0
 40
0.0
 40
1.0
 40
1.0
 40
1.0
 40
1.0
 10
3861.596185497229
 20
10180.27821099635
 30
0.0
 10
3861.596185497229
 20
10180.27821099635
 30
0.0
 10
3864.312863720714
 20
10182.99531204913
 30
0.0
 10
3864.312863720714
 20
10182.99531204913
 30
0.0
  0
SPLINE
  5
235A5
330
19
100
AcDbEntity
  8
ºöåçæÄ
100
AcDbSpline
210
0.0
220
0.0
230
1.0
 70
    11
 71
     3
 72
    28
 73
    24
 74
     0
 42
0.000000001
 43
0.0000000001
 40
0.0
 40
0.0
 40
0.0
 40
0.0
 40
0.1428571428571428
 40
0.1428571428571428
 40
0.1428571428571428
 40
0.1428571528571428
 40
0.2857142857142857
 40
0.2857142857142857
 40
0.2857142857142857
 40
0.2857142957142857
 40
0.4285714285714289
 40
0.4285714285714289
 40
0.4285714285714289
 40
0.4285714385714289
 40
0.5714285714285714
 40
0.5714285714285714
 40
0.5714285714285714
 40
0.5714285814285715
 40
0.7142857142857145
 40
0.7142857142857145
 40
0.7142857142857145
 40
0.7142857242857146
 40
1.0
 40
1.0
 40
1.0
 40
1.0
 10
3864.855776536114
 20
10183.53822486453
 30
0.0
 10
3864.855776536114
 20
10183.53822486453
 30
0.0
 10
3865.072265135395
 20
10183.53822486453
 30
0.0
 10
3865.072265135395
 20
10183.53822486453
 30
0.0
 10
3865.072265135395
 20
10183.53822486453
 30
0.0
 10
3865.072265135395
 20
10183.65788555515
 30
0.0
 10
3864.97501439744
 20
10183.75513629312
 30
0.0
 10
3864.855776536114
 20
10183.75513629312
 30
0.0
 10
3864.855776536114
 20
10183.75513629312
 30
0.0
 10
3864.736115845504
 20
10183.75513629312
 30
0.0
 10
3864.638865107527
 20
10183.65788555515
 30
0.0
 10
3864.638865107527
 20
10183.53822486453
 30
0.0
 10
3864.638865107527
 20
10183.53822486453
 30
0.0
 10
3864.638865107527
 20
10183.4189870032
 30
0.0
 10
3864.736115845504
 20
10183.32173626525
 30
0.0
 10
3864.855776536114
 20
10183.32173626525
 30
0.0
 10
3864.855776536114
 20
10183.32173626525
 30
0.0
 10
3864.97501439744
 20
10183.32173626525
 30
0.0
 10
3865.072265135395
 20
10183.4189870032
 30
0.0
 10
3865.072265135395
 20
10183.53822486453
 30
0.0
 10
3865.072265135395
 20
10183.53822486453
 30
0.0
 10
3865.072265135395
 20
10183.53822486453
 30
0.0
 10
3864.855776536114
 20
10183.53822486453
 30
0.0
 10
3864.855776536114
 20
10183.53822486453
 30
0.0
  0
SPLINE
  5
235A6
330
19
100
AcDbEntity
  8
ºöåçæÄ
100
AcDbSpline
210
0.0
220
0.0
230
0.0
 70
    24
 71
     3
 72
     8
 73
     4
 74
     0
 42
0.000000001
 43
0.0000000001
 40
0.0
 40
0.0
 40
0.0
 40
0.0
 40
1.0
 40
1.0
 40
1.0
 40
1.0
 10
3865.400380668698
 20
10184.08240616782
 30
0.0
 10
3865.400380668698
 20
10184.08240616782
 30
0.0
 10
3867.560192710023
 20
10186.24306386774
 30
0.0
 10
3867.560192710023
 20
10186.24306386774
 30
0.0
  0
SPLINE
  5
235A7
330
19
100
AcDbEntity
  8
ºöåçæÄ
100
AcDbSpline
210
0.0
220
0.0
230
1.0
 70
    11
 71
     3
 72
    28
 73
    24
 74
     0
 42
0.000000001
 43
0.0000000001
 40
0.0
 40
0.0
 40
0.0
 40
0.0
 40
0.1428571428571428
 40
0.1428571428571428
 40
0.1428571428571428
 40
0.1428571528571428
 40
0.2857142857142857
 40
0.2857142857142857
 40
0.2857142857142857
 40
0.2857142957142857
 40
0.4285714285714289
 40
0.4285714285714289
 40
0.4285714285714289
 40
0.4285714385714289
 40
0.5714285714285714
 40
0.5714285714285714
 40
0.5714285714285714
 40
0.5714285814285715
 40
0.7142857142857145
 40
0.7142857142857145
 40
0.7142857142857145
 40
0.7142857242857146
 40
1.0
 40
1.0
 40
1.0
 40
1.0
 10
3860.236789312252
 20
10176.74674072047
 30
0.0
 10
3860.236789312252
 20
10176.74674072047
 30
0.0
 10
3860.453277911542
 20
10176.74674072047
 30
0.0
 10
3860.453277911542
 20
10176.74674072047
 30
0.0
 10
3860.453277911542
 20
10176.74674072047
 30
0.0
 10
3860.453277911542
 20
10176.86640141109
 30
0.0
 10
3860.356027173579
 20
10176.96365214906
 30
0.0
 10
3860.236789312252
 20
10176.96365214906
 30
0.0
 10
3860.236789312252
 20
10176.96365214906
 30
0.0
 10
3860.117128621629
 20
10176.96365214906
 30
0.0
 10
3860.019877883665
 20
10176.86640141109
 30
0.0
 10
3860.019877883665
 20
10176.74674072047
 30
0.0
 10
3860.019877883665
 20
10176.74674072047
 30
0.0
 10
3860.019877883665
 20
10176.62750285915
 30
0.0
 10
3860.117128621629
 20
10176.53025212119
 30
0.0
 10
3860.236789312252
 20
10176.53025212119
 30
0.0
 10
3860.236789312252
 20
10176.53025212119
 30
0.0
 10
3860.356027173579
 20
10176.53025212119
 30
0.0
 10
3860.453277911542
 20
10176.62750285915
 30
0.0
 10
3860.453277911542
 20
10176.74674072047
 30
0.0
 10
3860.453277911542
 20
10176.74674072047
 30
0.0
 10
3860.453277911542
 20
10176.74674072047
 30
0.0
 10
3860.236789312252
 20
10176.74674072047
 30
0.0
 10
3860.236789312252
 20
10176.74674072047
 30
0.0
  0
SPLINE
  5
235A8
330
19
100
AcDbEntity
  8
ºöåçæÄ
100
AcDbSpline
210
0.0
220
0.0
230
0.0
 70
    24
 71
     3
 72
     8
 73
     4
 74
     0
 42
0.000000001
 43
0.0000000001
 40
0.0
 40
0.0
 40
0.0
 40
0.0
 40
1.0
 40
1.0
 40
1.0
 40
1.0
 10
3860.780970615541
 20
10177.28880787728
 30
0.0
 10
3860.780970615541
 20
10177.28880787728
 30
0.0
 10
3863.498071668315
 20
10180.00590893006
 30
0.0
 10
3863.498071668315
 20
10180.00590893006
 30
0.0
  0
SPLINE
  5
235A9
330
19
100
AcDbEntity
  8
ºöåçæÄ
100
AcDbSpline
210
0.0
220
0.0
230
1.0
 70
    11
 71
     3
 72
    28
 73
    24
 74
     0
 42
0.000000001
 43
0.0000000001
 40
0.0
 40
0.0
 40
0.0
 40
0.0
 40
0.1428571428571428
 40
0.1428571428571428
 40
0.1428571428571428
 40
0.1428571528571428
 40
0.2857142857142857
 40
0.2857142857142857
 40
0.2857142857142857
 40
0.2857142957142857
 40
0.4285714285714289
 40
0.4285714285714289
 40
0.4285714285714289
 40
0.4285714385714289
 40
0.5714285714285714
 40
0.5714285714285714
 40
0.5714285714285714
 40
0.5714285814285715
 40
0.7142857142857145
 40
0.7142857142857145
 40
0.7142857142857145
 40
0.7142857242857146
 40
1.0
 40
1.0
 40
1.0
 40
1.0
 10
3864.040984483722
 20
10180.54966740405
 30
0.0
 10
3864.040984483722
 20
10180.54966740405
 30
0.0
 10
3864.257473083004
 20
10180.54966740405
 30
0.0
 10
3864.257473083004
 20
10180.54966740405
 30
0.0
 10
3864.257473083004
 20
10180.54966740405
 30
0.0
 10
3864.257473083004
 20
10180.66890526538
 30
0.0
 10
3864.160222345041
 20
10180.76615600334
 30
0.0
 10
3864.040984483722
 20
10180.76615600334
 30
0.0
 10
3864.040984483722
 20
10180.76615600334
 30
0.0
 10
3863.921323793091
 20
10180.76615600334
 30
0.0
 10
3863.824073055135
 20
10180.66890526538
 30
0.0
 10
3863.824073055135
 20
10180.54966740405
 30
0.0
 10
3863.824073055135
 20
10180.54966740405
 30
0.0
 10
3863.824073055135
 20
10180.43000671343
 30
0.0
 10
3863.921323793091
 20
10180.33275597547
 30
0.0
 10
3864.040984483722
 20
10180.33275597547
 30
0.0
 10
3864.040984483722
 20
10180.33275597547
 30
0.0
 10
3864.160222345041
 20
10180.33275597547
 30
0.0
 10
3864.257473083004
 20
10180.43000671343
 30
0.0
 10
3864.257473083004
 20
10180.54966740405
 30
0.0
 10
3864.257473083004
 20
10180.54966740405
 30
0.0
 10
3864.257473083004
 20
10180.54966740405
 30
0.0
 10
3864.040984483722
 20
10180.54966740405
 30
0.0
 10
3864.040984483722
 20
10180.54966740405
 30
0.0
  0
SPLINE
  5
235AA
330
19
100
AcDbEntity
  8
ºöåçæÄ
100
AcDbSpline
210
0.0
220
0.0
230
0.0
 70
    24
 71
     3
 72
     8
 73
     4
 74
     0
 42
0.000000001
 43
0.0000000001
 40
0.0
 40
0.0
 40
0.0
 40
0.0
 40
1.0
 40
1.0
 40
1.0
 40
1.0
 10
3864.583474469824
 20
10181.09300304875
 30
0.0
 10
3864.583474469824
 20
10181.09300304875
 30
0.0
 10
3867.302266839777
 20
10183.81010410153
 30
0.0
 10
3867.302266839777
 20
10183.81010410153
 30
0.0
  0
SPLINE
  5
235AB
330
19
100
AcDbEntity
  8
ºöåçæÄ
100
AcDbSpline
210
0.0
220
0.0
230
1.0
 70
    11
 71
     3
 72
    28
 73
    24
 74
     0
 42
0.000000001
 43
0.0000000001
 40
0.0
 40
0.0
 40
0.0
 40
0.0
 40
0.1428571428571428
 40
0.1428571428571428
 40
0.1428571428571428
 40
0.1428571528571428
 40
0.2857142857142857
 40
0.2857142857142857
 40
0.2857142857142857
 40
0.2857142957142857
 40
0.4285714285714289
 40
0.4285714285714289
 40
0.4285714285714289
 40
0.4285714385714289
 40
0.5714285714285714
 40
0.5714285714285714
 40
0.5714285714285714
 40
0.5714285814285715
 40
0.7142857142857145
 40
0.7142857142857145
 40
0.7142857142857145
 40
0.7142857242857146
 40
1.0
 40
1.0
 40
1.0
 40
1.0
 10
3867.845179655184
 20
10184.35343974622
 30
0.0
 10
3867.845179655184
 20
10184.35343974622
 30
0.0
 10
3868.061668254466
 20
10184.35343974622
 30
0.0
 10
3868.061668254466
 20
10184.35343974622
 30
0.0
 10
3868.061668254466
 20
10184.35343974622
 30
0.0
 10
3868.061668254466
 20
10184.47267760755
 30
0.0
 10
3867.964417516518
 20
10184.56992834551
 30
0.0
 10
3867.845179655184
 20
10184.56992834551
 30
0.0
 10
3867.845179655184
 20
10184.56992834551
 30
0.0
 10
3867.725518964561
 20
10184.56992834551
 30
0.0
 10
3867.628268226598
 20
10184.47267760755
 30
0.0
 10
3867.628268226598
 20
10184.35343974622
 30
0.0
 10
3867.628268226598
 20
10184.35343974622
 30
0.0
 10
3867.628268226598
 20
10184.2337790556
 30
0.0
 10
3867.725518964561
 20
10184.13652831764
 30
0.0
 10
3867.845179655184
 20
10184.13652831764
 30
0.0
 10
3867.845179655184
 20
10184.13652831764
 30
0.0
 10
3867.964417516518
 20
10184.13652831764
 30
0.0
 10
3868.061668254466
 20
10184.2337790556
 30
0.0
 10
3868.061668254466
 20
10184.35343974622
 30
0.0
 10
3868.061668254466
 20
10184.35343974622
 30
0.0
 10
3868.061668254466
 20
10184.35343974622
 30
0.0
 10
3867.845179655184
 20
10184.35343974622
 30
0.0
 10
3867.845179655184
 20
10184.35343974622
 30
0.0
  0
SPLINE
  5
235AC
330
19
100
AcDbEntity
  8
ºöåçæÄ
100
AcDbSpline
210
0.0
220
0.0
230
0.0
 70
    24
 71
     3
 72
     8
 73
     4
 74
     0
 42
0.000000001
 43
0.0000000001
 40
0.0
 40
0.0
 40
0.0
 40
0.0
 40
1.0
 40
1.0
 40
1.0
 40
1.0
 10
3868.387669641287
 20
10184.89592973233
 30
0.0
 10
3868.387669641287
 20
10184.89592973233
 30
0.0
 10
3869.733112459517
 20
10186.24306386774
 30
0.0
 10
3869.733112459517
 20
10186.24306386774
 30
0.0
  0
SPLINE
  5
235AD
330
19
100
AcDbEntity
  8
ºöåçæÄ
100
AcDbSpline
210
0.0
220
0.0
230
0.0
 70
    24
 71
     3
 72
     8
 73
     4
 74
     0
 42
0.000000001
 43
0.0000000001
 40
0.0
 40
0.0
 40
0.0
 40
0.0
 40
1.0
 40
1.0
 40
1.0
 40
1.0
 10
3862.188992169499
 20
10176.52475534035
 30
0.0
 10
3862.188992169499
 20
10176.52475534035
 30
0.0
 10
3862.683279615917
 20
10177.01861995747
 30
0.0
 10
3862.683279615917
 20
10177.01861995747
 30
0.0
  0
SPLINE
  5
235AE
330
19
100
AcDbEntity
  8
ºöåçæÄ
100
AcDbSpline
210
0.0
220
0.0
230
1.0
 70
    11
 71
     3
 72
    28
 73
    24
 74
     0
 42
0.000000001
 43
0.0000000001
 40
0.0
 40
0.0
 40
0.0
 40
0.0
 40
0.1428571428571428
 40
0.1428571428571428
 40
0.1428571428571428
 40
0.1428571528571428
 40
0.2857142857142857
 40
0.2857142857142857
 40
0.2857142857142857
 40
0.2857142957142857
 40
0.4285714285714289
 40
0.4285714285714289
 40
0.4285714285714289
 40
0.4285714385714289
 40
0.5714285714285714
 40
0.5714285714285714
 40
0.5714285714285714
 40
0.5714285814285715
 40
0.7142857142857145
 40
0.7142857142857145
 40
0.7142857142857145
 40
0.7142857242857146
 40
1.0
 40
1.0
 40
1.0
 40
1.0
 10
3863.225769602019
 20
10177.56195560217
 30
0.0
 10
3863.225769602019
 20
10177.56195560217
 30
0.0
 10
3863.442681030605
 20
10177.56195560217
 30
0.0
 10
3863.442681030605
 20
10177.56195560217
 30
0.0
 10
3863.442681030605
 20
10177.56195560217
 30
0.0
 10
3863.442681030605
 20
10177.68119346349
 30
0.0
 10
3863.34543029265
 20
10177.77844420145
 30
0.0
 10
3863.225769602019
 20
10177.77844420145
 30
0.0
 10
3863.225769602019
 20
10177.77844420145
 30
0.0
 10
3863.106531740699
 20
10177.77844420145
 30
0.0
 10
3863.009281002737
 20
10177.68119346349
 30
0.0
 10
3863.009281002737
 20
10177.56195560217
 30
0.0
 10
3863.009281002737
 20
10177.56195560217
 30
0.0
 10
3863.009281002737
 20
10177.44229491154
 30
0.0
 10
3863.106531740699
 20
10177.34504417358
 30
0.0
 10
3863.225769602019
 20
10177.34504417358
 30
0.0
 10
3863.225769602019
 20
10177.34504417358
 30
0.0
 10
3863.34543029265
 20
10177.34504417358
 30
0.0
 10
3863.442681030605
 20
10177.44229491154
 30
0.0
 10
3863.442681030605
 20
10177.56195560217
 30
0.0
 10
3863.442681030605
 20
10177.56195560217
 30
0.0
 10
3863.442681030605
 20
10177.56195560217
 30
0.0
 10
3863.225769602019
 20
10177.56195560217
 30
0.0
 10
3863.225769602019
 20
10177.56195560217
 30
0.0
  0
SPLINE
  5
235AF
330
19
100
AcDbEntity
  8
ºöåçæÄ
100
AcDbSpline
210
0.0
220
0.0
230
0.0
 70
    24
 71
     3
 72
     8
 73
     4
 74
     0
 42
0.000000001
 43
0.0000000001
 40
0.0
 40
0.0
 40
0.0
 40
0.0
 40
1.0
 40
1.0
 40
1.0
 40
1.0
 10
3863.768682417425
 20
10178.10402275898
 30
0.0
 10
3863.768682417425
 20
10178.10402275898
 30
0.0
 10
3866.485360640903
 20
10180.82070098246
 30
0.0
 10
3866.485360640903
 20
10180.82070098246
 30
0.0
  0
SPLINE
  5
235B0
330
19
100
AcDbEntity
  8
ºöåçæÄ
100
AcDbSpline
210
0.0
220
0.0
230
1.0
 70
    11
 71
     3
 72
    28
 73
    24
 74
     0
 42
0.000000001
 43
0.0000000001
 40
0.0
 40
0.0
 40
0.0
 40
0.0
 40
0.1428571428571428
 40
0.1428571428571428
 40
0.1428571428571428
 40
0.1428571528571428
 40
0.2857142857142857
 40
0.2857142857142857
 40
0.2857142857142857
 40
0.2857142957142857
 40
0.4285714285714289
 40
0.4285714285714289
 40
0.4285714285714289
 40
0.4285714385714289
 40
0.5714285714285714
 40
0.5714285714285714
 40
0.5714285714285714
 40
0.5714285814285715
 40
0.7142857142857145
 40
0.7142857142857145
 40
0.7142857142857145
 40
0.7142857242857146
 40
1.0
 40
1.0
 40
1.0
 40
1.0
 10
3867.029964773496
 20
10181.36615077363
 30
0.0
 10
3867.029964773496
 20
10181.36615077363
 30
0.0
 10
3867.246876202074
 20
10181.36615077363
 30
0.0
 10
3867.246876202074
 20
10181.36615077363
 30
0.0
 10
3867.246876202074
 20
10181.36615077363
 30
0.0
 10
3867.246876202074
 20
10181.48538863496
 30
0.0
 10
3867.149625464112
 20
10181.58263937292
 30
0.0
 10
3867.029964773496
 20
10181.58263937292
 30
0.0
 10
3867.029964773496
 20
10181.58263937292
 30
0.0
 10
3866.910726912154
 20
10181.58263937292
 30
0.0
 10
3866.813476174206
 20
10181.48538863496
 30
0.0
 10
3866.813476174206
 20
10181.36615077363
 30
0.0
 10
3866.813476174206
 20
10181.36615077363
 30
0.0
 10
3866.813476174206
 20
10181.24649008301
 30
0.0
 10
3866.910726912154
 20
10181.14923934505
 30
0.0
 10
3867.029964773496
 20
10181.14923934505
 30
0.0
 10
3867.029964773496
 20
10181.14923934505
 30
0.0
 10
3867.149625464112
 20
10181.14923934505
 30
0.0
 10
3867.246876202074
 20
10181.24649008301
 30
0.0
 10
3867.246876202074
 20
10181.36615077363
 30
0.0
 10
3867.246876202074
 20
10181.36615077363
 30
0.0
 10
3867.246876202074
 20
10181.36615077363
 30
0.0
 10
3867.029964773496
 20
10181.36615077363
 30
0.0
 10
3867.029964773496
 20
10181.36615077363
 30
0.0
  0
SPLINE
  5
235B1
330
19
100
AcDbEntity
  8
ºöåçæÄ
100
AcDbSpline
210
0.0
220
0.0
230
0.0
 70
    24
 71
     3
 72
     8
 73
     4
 74
     0
 42
0.000000001
 43
0.0000000001
 40
0.0
 40
0.0
 40
0.0
 40
0.0
 40
1.0
 40
1.0
 40
1.0
 40
1.0
 10
3867.572877588888
 20
10181.90821793044
 30
0.0
 10
3867.572877588888
 20
10181.90821793044
 30
0.0
 10
3870.28955581238
 20
10184.62489615393
 30
0.0
 10
3870.28955581238
 20
10184.62489615393
 30
0.0
  0
SPLINE
  5
235B2
330
19
100
AcDbEntity
  8
ºöåçæÄ
100
AcDbSpline
210
0.0
220
0.0
230
1.0
 70
    11
 71
     3
 72
    28
 73
    24
 74
     0
 42
0.000000001
 43
0.0000000001
 40
0.0
 40
0.0
 40
0.0
 40
0.0
 40
0.1428571428571428
 40
0.1428571428571428
 40
0.1428571428571428
 40
0.1428571528571428
 40
0.2857142857142857
 40
0.2857142857142857
 40
0.2857142857142857
 40
0.2857142957142857
 40
0.4285714285714289
 40
0.4285714285714289
 40
0.4285714285714289
 40
0.4285714385714289
 40
0.5714285714285714
 40
0.5714285714285714
 40
0.5714285714285714
 40
0.5714285814285715
 40
0.7142857142857145
 40
0.7142857142857145
 40
0.7142857142857145
 40
0.7142857242857146
 40
1.0
 40
1.0
 40
1.0
 40
1.0
 10
3870.832468627772
 20
10185.16865462792
 30
0.0
 10
3870.832468627772
 20
10185.16865462792
 30
0.0
 10
3871.048957227062
 20
10185.16865462792
 30
0.0
 10
3871.048957227062
 20
10185.16865462792
 30
0.0
 10
3871.048957227062
 20
10185.16865462792
 30
0.0
 10
3871.048957227062
 20
10185.28831531854
 30
0.0
 10
3870.951706489099
 20
10185.3855660565
 30
0.0
 10
3870.832468627772
 20
10185.3855660565
 30
0.0
 10
3870.832468627772
 20
10185.3855660565
 30
0.0
 10
3870.712807937149
 20
10185.3855660565
 30
0.0
 10
3870.615557199193
 20
10185.28831531854
 30
0.0
 10
3870.615557199193
 20
10185.16865462792
 30
0.0
 10
3870.615557199193
 20
10185.16865462792
 30
0.0
 10
3870.615557199193
 20
10185.04941676659
 30
0.0
 10
3870.712807937149
 20
10184.95174319933
 30
0.0
 10
3870.832468627772
 20
10184.95174319933
 30
0.0
 10
3870.832468627772
 20
10184.95174319933
 30
0.0
 10
3870.951706489099
 20
10184.95174319933
 30
0.0
 10
3871.048957227062
 20
10185.04941676659
 30
0.0
 10
3871.048957227062
 20
10185.16865462792
 30
0.0
 10
3871.048957227062
 20
10185.16865462792
 30
0.0
 10
3871.048957227062
 20
10185.16865462792
 30
0.0
 10
3870.832468627772
 20
10185.16865462792
 30
0.0
 10
3870.832468627772
 20
10185.16865462792
 30
0.0
  0
SPLINE
  5
235B3
330
19
100
AcDbEntity
  8
ºöåçæÄ
100
AcDbSpline
210
0.0
220
0.0
230
0.0
 70
    24
 71
     3
 72
     8
 73
     4
 74
     0
 42
0.000000001
 43
0.0000000001
 40
0.0
 40
0.0
 40
0.0
 40
0.0
 40
1.0
 40
1.0
 40
1.0
 40
1.0
 10
3871.377072760365
 20
10185.71241310191
 30
0.0
 10
3871.377072760365
 20
10185.71241310191
 30
0.0
 10
3871.907723526188
 20
10186.24306386774
 30
0.0
 10
3871.907723526188
 20
10186.24306386774
 30
0.0
  0
SPLINE
  5
235B4
330
19
100
AcDbEntity
  8
ºöåçæÄ
100
AcDbSpline
210
0.0
220
0.0
230
0.0
 70
    24
 71
     3
 72
     8
 73
     4
 74
     0
 42
0.000000001
 43
0.0000000001
 40
0.0
 40
0.0
 40
0.0
 40
0.0
 40
1.0
 40
1.0
 40
1.0
 40
1.0
 10
3864.363180406874
 20
10176.52475534035
 30
0.0
 10
3864.363180406874
 20
10176.52475534035
 30
0.0
 10
3865.670568588512
 20
10177.83341200987
 30
0.0
 10
3865.670568588512
 20
10177.83341200987
 30
0.0
  0
SPLINE
  5
235B5
330
19
100
AcDbEntity
  8
ºöåçæÄ
100
AcDbSpline
210
0.0
220
0.0
230
1.0
 70
    11
 71
     3
 72
    28
 73
    24
 74
     0
 42
0.000000001
 43
0.0000000001
 40
0.0
 40
0.0
 40
0.0
 40
0.0
 40
0.1428571428571428
 40
0.1428571428571428
 40
0.1428571428571428
 40
0.1428571528571428
 40
0.2857142857142857
 40
0.2857142857142857
 40
0.2857142857142857
 40
0.2857142957142857
 40
0.4285714285714289
 40
0.4285714285714289
 40
0.4285714285714289
 40
0.4285714385714289
 40
0.5714285714285714
 40
0.5714285714285714
 40
0.5714285714285714
 40
0.5714285814285715
 40
0.7142857142857145
 40
0.7142857142857145
 40
0.7142857142857145
 40
0.7142857242857146
 40
1.0
 40
1.0
 40
1.0
 40
1.0
 10
3866.213058574615
 20
10178.37674765456
 30
0.0
 10
3866.213058574615
 20
10178.37674765456
 30
0.0
 10
3866.429970003208
 20
10178.37674765456
 30
0.0
 10
3866.429970003208
 20
10178.37674765456
 30
0.0
 10
3866.429970003208
 20
10178.37674765456
 30
0.0
 10
3866.429970003208
 20
10178.49598551589
 30
0.0
 10
3866.332719265238
 20
10178.59323625385
 30
0.0
 10
3866.213058574615
 20
10178.59323625385
 30
0.0
 10
3866.213058574615
 20
10178.59323625385
 30
0.0
 10
3866.093820713288
 20
10178.59323625385
 30
0.0
 10
3865.996569975325
 20
10178.49598551589
 30
0.0
 10
3865.996569975325
 20
10178.37674765456
 30
0.0
 10
3865.996569975325
 20
10178.37674765456
 30
0.0
 10
3865.996569975325
 20
10178.25708696394
 30
0.0
 10
3866.093820713288
 20
10178.15983622598
 30
0.0
 10
3866.213058574615
 20
10178.15983622598
 30
0.0
 10
3866.213058574615
 20
10178.15983622598
 30
0.0
 10
3866.332719265238
 20
10178.15983622598
 30
0.0
 10
3866.429970003208
 20
10178.25708696394
 30
0.0
 10
3866.429970003208
 20
10178.37674765456
 30
0.0
 10
3866.429970003208
 20
10178.37674765456
 30
0.0
 10
3866.429970003208
 20
10178.37674765456
 30
0.0
 10
3866.213058574615
 20
10178.37674765456
 30
0.0
 10
3866.213058574615
 20
10178.37674765456
 30
0.0
  0
SPLINE
  5
235B6
330
19
100
AcDbEntity
  8
ºöåçæÄ
100
AcDbSpline
210
0.0
220
0.0
230
0.0
 70
    24
 71
     3
 72
     8
 73
     4
 74
     0
 42
0.000000001
 43
0.0000000001
 40
0.0
 40
0.0
 40
0.0
 40
0.0
 40
1.0
 40
1.0
 40
1.0
 40
1.0
 10
3866.7576627072
 20
10178.91881481137
 30
0.0
 10
3866.7576627072
 20
10178.91881481137
 30
0.0
 10
3869.34326384908
 20
10181.50610727044
 30
0.0
 10
3869.34326384908
 20
10181.50610727044
 30
0.0
  0
SPLINE
  5
235B7
330
19
100
AcDbEntity
  8
ºöåçæÄ
100
AcDbSpline
210
0.0
220
0.0
230
0.0
 70
    24
 71
     3
 72
     8
 73
     4
 74
     0
 42
0.000000001
 43
0.0000000001
 40
0.0
 40
0.0
 40
0.0
 40
0.0
 40
1.0
 40
1.0
 40
1.0
 40
1.0
 10
3871.257412069741
 20
10183.41856417391
 30
0.0
 10
3871.257412069741
 20
10183.41856417391
 30
0.0
 10
3873.278958931443
 20
10185.44011103561
 30
0.0
 10
3873.278958931443
 20
10185.44011103561
 30
0.0
  0
SPLINE
  5
235B8
330
19
100
AcDbEntity
  8
ºöåçæÄ
100
AcDbSpline
210
0.0
220
0.0
230
1.0
 70
    11
 71
     3
 72
    28
 73
    24
 74
     0
 42
0.000000001
 43
0.0000000001
 40
0.0
 40
0.0
 40
0.0
 40
0.0
 40
0.1428571428571428
 40
0.1428571428571428
 40
0.1428571428571428
 40
0.1428571528571428
 40
0.2857142857142857
 40
0.2857142857142857
 40
0.2857142857142857
 40
0.2857142957142857
 40
0.4285714285714289
 40
0.4285714285714289
 40
0.4285714285714289
 40
0.4285714385714289
 40
0.5714285714285714
 40
0.5714285714285714
 40
0.5714285714285714
 40
0.5714285814285715
 40
0.7142857142857145
 40
0.7142857142857145
 40
0.7142857142857145
 40
0.7142857242857146
 40
1.0
 40
1.0
 40
1.0
 40
1.0
 10
3873.821448917546
 20
10185.9851379975
 30
0.0
 10
3873.821448917546
 20
10185.9851379975
 30
0.0
 10
3874.038360346125
 20
10185.9851379975
 30
0.0
 10
3874.038360346125
 20
10185.9851379975
 30
0.0
 10
3874.038360346125
 20
10185.9851379975
 30
0.0
 10
3874.038360346125
 20
10186.10437585882
 30
0.0
 10
3873.941109608177
 20
10186.20162659678
 30
0.0
 10
3873.821448917546
 20
10186.20162659678
 30
0.0
 10
3873.821448917546
 20
10186.20162659678
 30
0.0
 10
3873.702211056226
 20
10186.20162659678
 30
0.0
 10
3873.604960318264
 20
10186.10437585882
 30
0.0
 10
3873.604960318264
 20
10185.9851379975
 30
0.0
 10
3873.604960318264
 20
10185.9851379975
 30
0.0
 10
3873.604960318264
 20
10185.86547730687
 30
0.0
 10
3873.702211056226
 20
10185.76822656891
 30
0.0
 10
3873.821448917546
 20
10185.76822656891
 30
0.0
 10
3873.821448917546
 20
10185.76822656891
 30
0.0
 10
3873.941109608177
 20
10185.76822656891
 30
0.0
 10
3874.038360346125
 20
10185.86547730687
 30
0.0
 10
3874.038360346125
 20
10185.9851379975
 30
0.0
 10
3874.038360346125
 20
10185.9851379975
 30
0.0
 10
3874.038360346125
 20
10185.9851379975
 30
0.0
 10
3873.821448917546
 20
10185.9851379975
 30
0.0
 10
3873.821448917546
 20
10185.9851379975
 30
0.0
  0
SPLINE
  5
235B9
330
19
100
AcDbEntity
  8
ºöåçæÄ
100
AcDbSpline
210
0.0
220
0.0
230
0.0
 70
    24
 71
     3
 72
     8
 73
     4
 74
     0
 42
0.000000001
 43
0.0000000001
 40
0.0
 40
0.0
 40
0.0
 40
0.0
 40
1.0
 40
1.0
 40
1.0
 40
1.0
 10
3866.536100156367
 20
10176.52475534035
 30
0.0
 10
3866.536100156367
 20
10176.52475534035
 30
0.0
 10
3868.65997170759
 20
10178.64862689156
 30
0.0
 10
3868.65997170759
 20
10178.64862689156
 30
0.0
  0
SPLINE
  5
235BA
330
19
100
AcDbEntity
  8
ºöåçæÄ
100
AcDbSpline
210
0.0
220
0.0
230
1.0
 70
    11
 71
     3
 72
    28
 73
    24
 74
     0
 42
0.000000001
 43
0.0000000001
 40
0.0
 40
0.0
 40
0.0
 40
0.0
 40
0.1428571428571428
 40
0.1428571428571428
 40
0.1428571428571428
 40
0.1428571528571428
 40
0.2857142857142857
 40
0.2857142857142857
 40
0.2857142857142857
 40
0.2857142957142857
 40
0.4285714285714289
 40
0.4285714285714289
 40
0.4285714285714289
 40
0.4285714385714289
 40
0.5714285714285714
 40
0.5714285714285714
 40
0.5714285714285714
 40
0.5714285814285715
 40
0.7142857142857145
 40
0.7142857142857145
 40
0.7142857142857145
 40
0.7142857242857146
 40
1.0
 40
1.0
 40
1.0
 40
1.0
 10
3869.202461693685
 20
10179.19153970696
 30
0.0
 10
3869.202461693685
 20
10179.19153970696
 30
0.0
 10
3869.419373122264
 20
10179.19153970696
 30
0.0
 10
3869.419373122264
 20
10179.19153970696
 30
0.0
 10
3869.419373122264
 20
10179.19153970696
 30
0.0
 10
3869.419373122264
 20
10179.31120039758
 30
0.0
 10
3869.322122384308
 20
10179.40845113554
 30
0.0
 10
3869.202461693685
 20
10179.40845113554
 30
0.0
 10
3869.202461693685
 20
10179.40845113554
 30
0.0
 10
3869.083223832359
 20
10179.40845113554
 30
0.0
 10
3868.985550265099
 20
10179.31120039758
 30
0.0
 10
3868.985550265099
 20
10179.19153970696
 30
0.0
 10
3868.985550265099
 20
10179.19153970696
 30
0.0
 10
3868.985550265099
 20
10179.07230184563
 30
0.0
 10
3869.083223832359
 20
10178.97462827838
 30
0.0
 10
3869.202461693685
 20
10178.97462827838
 30
0.0
 10
3869.202461693685
 20
10178.97462827838
 30
0.0
 10
3869.322122384308
 20
10178.97462827838
 30
0.0
 10
3869.419373122264
 20
10179.07230184563
 30
0.0
 10
3869.419373122264
 20
10179.19153970696
 30
0.0
 10
3869.419373122264
 20
10179.19153970696
 30
0.0
 10
3869.419373122264
 20
10179.19153970696
 30
0.0
 10
3869.202461693685
 20
10179.19153970696
 30
0.0
 10
3869.202461693685
 20
10179.19153970696
 30
0.0
  0
SPLINE
  5
235BB
330
19
100
AcDbEntity
  8
ºöåçæÄ
100
AcDbSpline
210
0.0
220
0.0
230
1.0
 70
    11
 71
     3
 72
    28
 73
    24
 74
     0
 42
0.000000001
 43
0.0000000001
 40
0.0
 40
0.0
 40
0.0
 40
0.0
 40
0.1428571428571428
 40
0.1428571428571428
 40
0.1428571428571428
 40
0.1428571528571428
 40
0.2857142857142857
 40
0.2857142857142857
 40
0.2857142857142857
 40
0.2857142957142857
 40
0.4285714285714289
 40
0.4285714285714289
 40
0.4285714285714289
 40
0.4285714385714289
 40
0.5714285714285714
 40
0.5714285714285714
 40
0.5714285714285714
 40
0.5714285814285715
 40
0.7142857142857145
 40
0.7142857142857145
 40
0.7142857142857145
 40
0.7142857242857146
 40
1.0
 40
1.0
 40
1.0
 40
1.0
 10
3868.709865564446
 20
10176.52517816964
 30
0.0
 10
3868.709865564446
 20
10176.52517816964
 30
0.0
 10
3868.926776993032
 20
10176.52517816964
 30
0.0
 10
3868.926776993032
 20
10176.52517816964
 30
0.0
 10
3868.926776993032
 20
10176.52517816964
 30
0.0
 10
3868.926776993032
 20
10176.64483886026
 30
0.0
 10
3868.829526255077
 20
10176.74208959822
 30
0.0
 10
3868.709865564446
 20
10176.74208959822
 30
0.0
 10
3868.709865564446
 20
10176.74208959822
 30
0.0
 10
3868.590627703119
 20
10176.74208959822
 30
0.0
 10
3868.493376965157
 20
10176.64483886026
 30
0.0
 10
3868.493376965157
 20
10176.52517816964
 30
0.0
 10
3868.493376965157
 20
10176.52517816964
 30
0.0
 10
3868.493376965157
 20
10176.40594030831
 30
0.0
 10
3868.590627703119
 20
10176.30826674106
 30
0.0
 10
3868.709865564446
 20
10176.30826674106
 30
0.0
 10
3868.709865564446
 20
10176.30826674106
 30
0.0
 10
3868.829526255077
 20
10176.30826674106
 30
0.0
 10
3868.926776993032
 20
10176.40594030831
 30
0.0
 10
3868.926776993032
 20
10176.52517816964
 30
0.0
 10
3868.926776993032
 20
10176.52517816964
 30
0.0
 10
3868.926776993032
 20
10176.52517816964
 30
0.0
 10
3868.709865564446
 20
10176.52517816964
 30
0.0
 10
3868.709865564446
 20
10176.52517816964
 30
0.0
  0
SPLINE
  5
235BC
330
19
100
AcDbEntity
  8
ºöåçæÄ
100
AcDbSpline
210
0.0
220
0.0
230
0.0
 70
    24
 71
     3
 72
     8
 73
     4
 74
     0
 42
0.000000001
 43
0.0000000001
 40
0.0
 40
0.0
 40
0.0
 40
0.0
 40
1.0
 40
1.0
 40
1.0
 40
1.0
 10
3868.932273773872
 20
10176.74631789118
 30
0.0
 10
3868.932273773872
 20
10176.74631789118
 30
0.0
 10
3869.34326384908
 20
10177.15942211286
 30
0.0
 10
3869.34326384908
 20
10177.15942211286
 30
0.0
  0
SPLINE
  5
235BD
330
19
100
AcDbEntity
  8
ºöåçæÄ
100
AcDbSpline
210
0.0
220
0.0
230
0.0
 70
    24
 71
     3
 72
     8
 73
     4
 74
     0
 42
0.000000001
 43
0.0000000001
 40
0.0
 40
0.0
 40
0.0
 40
0.0
 40
1.0
 40
1.0
 40
1.0
 40
1.0
 10
3872.455287463841
 20
10182.44394264782
 30
0.0
 10
3872.455287463841
 20
10182.44394264782
 30
0.0
 10
3872.464166879052
 20
10182.45070791655
 30
0.0
 10
3872.464166879052
 20
10182.45070791655
 30
0.0
  0
SPLINE
  5
235BE
330
19
100
AcDbEntity
  8
ºöåçæÄ
100
AcDbSpline
210
0.0
220
0.0
230
1.0
 70
    11
 71
     3
 72
    28
 73
    24
 74
     0
 42
0.000000001
 43
0.0000000001
 40
0.0
 40
0.0
 40
0.0
 40
0.0
 40
0.1428571428571428
 40
0.1428571428571428
 40
0.1428571428571428
 40
0.1428571528571428
 40
0.2857142857142857
 40
0.2857142857142857
 40
0.2857142857142857
 40
0.2857142957142857
 40
0.4285714285714289
 40
0.4285714285714289
 40
0.4285714285714289
 40
0.4285714385714289
 40
0.5714285714285714
 40
0.5714285714285714
 40
0.5714285714285714
 40
0.5714285814285715
 40
0.7142857142857145
 40
0.7142857142857145
 40
0.7142857142857145
 40
0.7142857242857146
 40
1.0
 40
1.0
 40
1.0
 40
1.0
 10
3873.006656865147
 20
10182.99573487843
 30
0.0
 10
3873.006656865147
 20
10182.99573487843
 30
0.0
 10
3873.223568293734
 20
10182.99573487843
 30
0.0
 10
3873.223568293734
 20
10182.99573487843
 30
0.0
 10
3873.223568293734
 20
10182.99573487843
 30
0.0
 10
3873.223568293734
 20
10183.11539556905
 30
0.0
 10
3873.126317555778
 20
10183.21264630701
 30
0.0
 10
3873.006656865147
 20
10183.21264630701
 30
0.0
 10
3873.006656865147
 20
10183.21264630701
 30
0.0
 10
3872.887419003827
 20
10183.21264630701
 30
0.0
 10
3872.789745436576
 20
10183.11539556905
 30
0.0
 10
3872.789745436576
 20
10182.99573487843
 30
0.0
 10
3872.789745436576
 20
10182.99573487843
 30
0.0
 10
3872.789745436576
 20
10182.8764970171
 30
0.0
 10
3872.887419003827
 20
10182.77882344984
 30
0.0
 10
3873.006656865147
 20
10182.77882344984
 30
0.0
 10
3873.006656865147
 20
10182.77882344984
 30
0.0
 10
3873.126317555778
 20
10182.77882344984
 30
0.0
 10
3873.223568293734
 20
10182.8764970171
 30
0.0
 10
3873.223568293734
 20
10182.99573487843
 30
0.0
 10
3873.223568293734
 20
10182.99573487843
 30
0.0
 10
3873.223568293734
 20
10182.99573487843
 30
0.0
 10
3873.006656865147
 20
10182.99573487843
 30
0.0
 10
3873.006656865147
 20
10182.99573487843
 30
0.0
  0
SPLINE
  5
235BF
330
19
100
AcDbEntity
  8
ºöåçæÄ
100
AcDbSpline
210
0.0
220
0.0
230
0.0
 70
    24
 71
     3
 72
     8
 73
     4
 74
     0
 42
0.000000001
 43
0.0000000001
 40
0.0
 40
0.0
 40
0.0
 40
0.0
 40
1.0
 40
1.0
 40
1.0
 40
1.0
 10
3873.551260997732
 20
10183.53780203524
 30
0.0
 10
3873.551260997732
 20
10183.53780203524
 30
0.0
 10
3876.254408683761
 20
10186.24306386774
 30
0.0
 10
3876.254408683761
 20
10186.24306386774
 30
0.0
  0
SPLINE
  5
235C0
330
19
100
AcDbEntity
  8
ºöåçæÄ
100
AcDbSpline
210
0.0
220
0.0
230
1.0
 70
    11
 71
     3
 72
    28
 73
    24
 74
     0
 42
0.000000001
 43
0.0000000001
 40
0.0
 40
0.0
 40
0.0
 40
0.0
 40
0.1428571428571428
 40
0.1428571428571428
 40
0.1428571428571428
 40
0.1428571528571428
 40
0.2857142857142857
 40
0.2857142857142857
 40
0.2857142857142857
 40
0.2857142957142857
 40
0.4285714285714289
 40
0.4285714285714289
 40
0.4285714285714289
 40
0.4285714385714289
 40
0.5714285714285714
 40
0.5714285714285714
 40
0.5714285714285714
 40
0.5714285814285715
 40
0.7142857142857145
 40
0.7142857142857145
 40
0.7142857142857145
 40
0.7142857242857146
 40
1.0
 40
1.0
 40
1.0
 40
1.0
 10
3872.455287463841
 20
10180.27060006903
 30
0.0
 10
3872.455287463841
 20
10180.27060006903
 30
0.0
 10
3872.671776063138
 20
10180.27060006903
 30
0.0
 10
3872.671776063138
 20
10180.27060006903
 30
0.0
 10
3872.671776063138
 20
10180.27060006903
 30
0.0
 10
3872.671776063138
 20
10180.38983793036
 30
0.0
 10
3872.574525325161
 20
10180.48708866832
 30
0.0
 10
3872.455287463841
 20
10180.48708866832
 30
0.0
 10
3872.455287463841
 20
10180.48708866832
 30
0.0
 10
3872.335626773218
 20
10180.48708866832
 30
0.0
 10
3872.238376035262
 20
10180.38983793036
 30
0.0
 10
3872.238376035262
 20
10180.27060006903
 30
0.0
 10
3872.238376035262
 20
10180.27060006903
 30
0.0
 10
3872.238376035262
 20
10180.15093937841
 30
0.0
 10
3872.335626773218
 20
10180.05368864045
 30
0.0
 10
3872.455287463841
 20
10180.05368864045
 30
0.0
 10
3872.455287463841
 20
10180.05368864045
 30
0.0
 10
3872.574525325161
 20
10180.05368864045
 30
0.0
 10
3872.671776063138
 20
10180.15093937841
 30
0.0
 10
3872.671776063138
 20
10180.27060006903
 30
0.0
 10
3872.671776063138
 20
10180.27060006903
 30
0.0
 10
3872.671776063138
 20
10180.27060006903
 30
0.0
 10
3872.455287463841
 20
10180.27060006903
 30
0.0
 10
3872.455287463841
 20
10180.27060006903
 30
0.0
  0
SPLINE
  5
235C1
330
19
100
AcDbEntity
  8
ºöåçæÄ
100
AcDbSpline
210
0.0
220
0.0
230
0.0
 70
    24
 71
     3
 72
     8
 73
     4
 74
     0
 42
0.000000001
 43
0.0000000001
 40
0.0
 40
0.0
 40
0.0
 40
0.0
 40
1.0
 40
1.0
 40
1.0
 40
1.0
 10
3872.734354798859
 20
10180.54924457476
 30
0.0
 10
3872.734354798859
 20
10180.54924457476
 30
0.0
 10
3875.451455851634
 20
10183.26761411542
 30
0.0
 10
3875.451455851634
 20
10183.26761411542
 30
0.0
  0
SPLINE
  5
235C2
330
19
100
AcDbEntity
  8
ºöåçæÄ
100
AcDbSpline
210
0.0
220
0.0
230
1.0
 70
    11
 71
     3
 72
    28
 73
    24
 74
     0
 42
0.000000001
 43
0.0000000001
 40
0.0
 40
0.0
 40
0.0
 40
0.0
 40
0.1428571428571428
 40
0.1428571428571428
 40
0.1428571428571428
 40
0.1428571528571428
 40
0.2857142857142857
 40
0.2857142857142857
 40
0.2857142857142857
 40
0.2857142957142857
 40
0.4285714285714289
 40
0.4285714285714289
 40
0.4285714285714289
 40
0.4285714385714289
 40
0.5714285714285714
 40
0.5714285714285714
 40
0.5714285714285714
 40
0.5714285814285715
 40
0.7142857142857145
 40
0.7142857142857145
 40
0.7142857142857145
 40
0.7142857242857146
 40
1.0
 40
1.0
 40
1.0
 40
1.0
 10
3875.996059984218
 20
10183.81052693082
 30
0.0
 10
3875.996059984218
 20
10183.81052693082
 30
0.0
 10
3876.212548583508
 20
10183.81052693082
 30
0.0
 10
3876.212548583508
 20
10183.81052693082
 30
0.0
 10
3876.212548583508
 20
10183.81052693082
 30
0.0
 10
3876.212548583508
 20
10183.93018762145
 30
0.0
 10
3876.115297845545
 20
10184.02743835941
 30
0.0
 10
3875.996059984218
 20
10184.02743835941
 30
0.0
 10
3875.996059984218
 20
10184.02743835941
 30
0.0
 10
3875.876399293609
 20
10184.02743835941
 30
0.0
 10
3875.779148555639
 20
10183.93018762145
 30
0.0
 10
3875.779148555639
 20
10183.81052693082
 30
0.0
 10
3875.779148555639
 20
10183.81052693082
 30
0.0
 10
3875.779148555639
 20
10183.6912890695
 30
0.0
 10
3875.876399293609
 20
10183.59403833154
 30
0.0
 10
3875.996059984218
 20
10183.59403833154
 30
0.0
 10
3875.996059984218
 20
10183.59403833154
 30
0.0
 10
3876.115297845545
 20
10183.59403833154
 30
0.0
 10
3876.212548583508
 20
10183.6912890695
 30
0.0
 10
3876.212548583508
 20
10183.81052693082
 30
0.0
 10
3876.212548583508
 20
10183.81052693082
 30
0.0
 10
3876.212548583508
 20
10183.81052693082
 30
0.0
 10
3875.996059984218
 20
10183.81052693082
 30
0.0
 10
3875.996059984218
 20
10183.81052693082
 30
0.0
  0
SPLINE
  5
235C3
330
19
100
AcDbEntity
  8
ºöåçæÄ
100
AcDbSpline
210
0.0
220
0.0
230
0.0
 70
    24
 71
     3
 72
     8
 73
     4
 74
     0
 42
0.000000001
 43
0.0000000001
 40
0.0
 40
0.0
 40
0.0
 40
0.0
 40
1.0
 40
1.0
 40
1.0
 40
1.0
 10
3876.538549970321
 20
10184.35259408764
 30
0.0
 10
3876.538549970321
 20
10184.35259408764
 30
0.0
 10
3878.429019750433
 20
10186.24306386774
 30
0.0
 10
3878.429019750433
 20
10186.24306386774
 30
0.0
  0
SPLINE
  5
235C4
330
19
100
AcDbEntity
  8
ºöåçæÄ
100
AcDbSpline
210
0.0
220
0.0
230
0.0
 70
    24
 71
     3
 72
     8
 73
     4
 74
     0
 42
0.000000001
 43
0.0000000001
 40
0.0
 40
0.0
 40
0.0
 40
0.0
 40
1.0
 40
1.0
 40
1.0
 40
1.0
 10
3872.455287463841
 20
10178.09683466095
 30
0.0
 10
3872.455287463841
 20
10178.09683466095
 30
0.0
 10
3874.636663799242
 20
10180.27821099635
 30
0.0
 10
3874.636663799242
 20
10180.27821099635
 30
0.0
  0
SPLINE
  5
235C5
330
19
100
AcDbEntity
  8
ºöåçæÄ
100
AcDbSpline
210
0.0
220
0.0
230
1.0
 70
    11
 71
     3
 72
    28
 73
    24
 74
     0
 42
0.000000001
 43
0.0000000001
 40
0.0
 40
0.0
 40
0.0
 40
0.0
 40
0.1428571428571428
 40
0.1428571428571428
 40
0.1428571428571428
 40
0.1428571528571428
 40
0.2857142857142857
 40
0.2857142857142857
 40
0.2857142857142857
 40
0.2857142957142857
 40
0.4285714285714289
 40
0.4285714285714289
 40
0.4285714285714289
 40
0.4285714385714289
 40
0.5714285714285714
 40
0.5714285714285714
 40
0.5714285714285714
 40
0.5714285814285715
 40
0.7142857142857145
 40
0.7142857142857145
 40
0.7142857142857145
 40
0.7142857242857146
 40
1.0
 40
1.0
 40
1.0
 40
1.0
 10
3875.179153785344
 20
10180.82154664105
 30
0.0
 10
3875.179153785344
 20
10180.82154664105
 30
0.0
 10
3875.396065213923
 20
10180.82154664105
 30
0.0
 10
3875.396065213923
 20
10180.82154664105
 30
0.0
 10
3875.396065213923
 20
10180.82154664105
 30
0.0
 10
3875.396065213923
 20
10180.94078450238
 30
0.0
 10
3875.298391646671
 20
10181.03803524034
 30
0.0
 10
3875.179153785344
 20
10181.03803524034
 30
0.0
 10
3875.179153785344
 20
10181.03803524034
 30
0.0
 10
3875.059493094736
 20
10181.03803524034
 30
0.0
 10
3874.962242356765
 20
10180.94078450238
 30
0.0
 10
3874.962242356765
 20
10180.82154664105
 30
0.0
 10
3874.962242356765
 20
10180.82154664105
 30
0.0
 10
3874.962242356765
 20
10180.70188595043
 30
0.0
 10
3875.059493094736
 20
10180.60463521246
 30
0.0
 10
3875.179153785344
 20
10180.60463521246
 30
0.0
 10
3875.179153785344
 20
10180.60463521246
 30
0.0
 10
3875.298391646671
 20
10180.60463521246
 30
0.0
 10
3875.396065213923
 20
10180.70188595043
 30
0.0
 10
3875.396065213923
 20
10180.82154664105
 30
0.0
 10
3875.396065213923
 20
10180.82154664105
 30
0.0
 10
3875.396065213923
 20
10180.82154664105
 30
0.0
 10
3875.179153785344
 20
10180.82154664105
 30
0.0
 10
3875.179153785344
 20
10180.82154664105
 30
0.0
  0
SPLINE
  5
235C6
330
19
100
AcDbEntity
  8
ºöåçæÄ
100
AcDbSpline
210
0.0
220
0.0
230
0.0
 70
    24
 71
     3
 72
     8
 73
     4
 74
     0
 42
0.000000001
 43
0.0000000001
 40
0.0
 40
0.0
 40
0.0
 40
0.0
 40
1.0
 40
1.0
 40
1.0
 40
1.0
 10
3875.723757917929
 20
10181.36530511504
 30
0.0
 10
3875.723757917929
 20
10181.36530511504
 30
0.0
 10
3878.440858970711
 20
10184.08240616782
 30
0.0
 10
3878.440858970711
 20
10184.08240616782
 30
0.0
  0
SPLINE
  5
235C7
330
19
100
AcDbEntity
  8
ºöåçæÄ
100
AcDbSpline
210
0.0
220
0.0
230
1.0
 70
    11
 71
     3
 72
    28
 73
    24
 74
     0
 42
0.000000001
 43
0.0000000001
 40
0.0
 40
0.0
 40
0.0
 40
0.0
 40
0.1428571428571428
 40
0.1428571428571428
 40
0.1428571428571428
 40
0.1428571528571428
 40
0.2857142857142857
 40
0.2857142857142857
 40
0.2857142857142857
 40
0.2857142957142857
 40
0.4285714285714289
 40
0.4285714285714289
 40
0.4285714285714289
 40
0.4285714385714289
 40
0.5714285714285714
 40
0.5714285714285714
 40
0.5714285714285714
 40
0.5714285814285715
 40
0.7142857142857145
 40
0.7142857142857145
 40
0.7142857142857145
 40
0.7142857242857146
 40
1.0
 40
1.0
 40
1.0
 40
1.0
 10
3878.983348956821
 20
10184.62574181251
 30
0.0
 10
3878.983348956821
 20
10184.62574181251
 30
0.0
 10
3879.200260385407
 20
10184.62574181251
 30
0.0
 10
3879.200260385407
 20
10184.62574181251
 30
0.0
 10
3879.200260385407
 20
10184.62574181251
 30
0.0
 10
3879.200260385407
 20
10184.74497967384
 30
0.0
 10
3879.102586818141
 20
10184.84223041181
 30
0.0
 10
3878.983348956821
 20
10184.84223041181
 30
0.0
 10
3878.983348956821
 20
10184.84223041181
 30
0.0
 10
3878.863688266184
 20
10184.84223041181
 30
0.0
 10
3878.766437528227
 20
10184.74497967384
 30
0.0
 10
3878.766437528227
 20
10184.62574181251
 30
0.0
 10
3878.766437528227
 20
10184.62574181251
 30
0.0
 10
3878.766437528227
 20
10184.50608112189
 30
0.0
 10
3878.863688266184
 20
10184.40883038393
 30
0.0
 10
3878.983348956821
 20
10184.40883038393
 30
0.0
 10
3878.983348956821
 20
10184.40883038393
 30
0.0
 10
3879.102586818141
 20
10184.40883038393
 30
0.0
 10
3879.200260385407
 20
10184.50608112189
 30
0.0
 10
3879.200260385407
 20
10184.62574181251
 30
0.0
 10
3879.200260385407
 20
10184.62574181251
 30
0.0
 10
3879.200260385407
 20
10184.62574181251
 30
0.0
 10
3878.983348956821
 20
10184.62574181251
 30
0.0
 10
3878.983348956821
 20
10184.62574181251
 30
0.0
  0
SPLINE
  5
235C8
330
19
100
AcDbEntity
  8
ºöåçæÄ
100
AcDbSpline
210
0.0
220
0.0
230
0.0
 70
    24
 71
     3
 72
     8
 73
     4
 74
     0
 42
0.000000001
 43
0.0000000001
 40
0.0
 40
0.0
 40
0.0
 40
0.0
 40
1.0
 40
1.0
 40
1.0
 40
1.0
 10
3879.527953089392
 20
10185.16823179862
 30
0.0
 10
3879.527953089392
 20
10185.16823179862
 30
0.0
 10
3880.601516670637
 20
10186.24306386774
 30
0.0
 10
3880.601516670637
 20
10186.24306386774
 30
0.0
  0
SPLINE
  5
235C9
330
19
100
AcDbEntity
  8
ºöåçæÄ
100
AcDbSpline
210
0.0
220
0.0
230
0.0
 70
    24
 71
     3
 72
     8
 73
     4
 74
     0
 42
0.000000001
 43
0.0000000001
 40
0.0
 40
0.0
 40
0.0
 40
0.0
 40
1.0
 40
1.0
 40
1.0
 40
1.0
 10
3873.056973551307
 20
10176.52475534035
 30
0.0
 10
3873.056973551307
 20
10176.52475534035
 30
0.0
 10
3873.821448917546
 20
10177.28880787728
 30
0.0
 10
3873.821448917546
 20
10177.28880787728
 30
0.0
  0
SPLINE
  5
235CA
330
19
100
AcDbEntity
  8
ºöåçæÄ
100
AcDbSpline
210
0.0
220
0.0
230
1.0
 70
    11
 71
     3
 72
    28
 73
    24
 74
     0
 42
0.000000001
 43
0.0000000001
 40
0.0
 40
0.0
 40
0.0
 40
0.0
 40
0.1428571428571428
 40
0.1428571428571428
 40
0.1428571428571428
 40
0.1428571528571428
 40
0.2857142857142857
 40
0.2857142857142857
 40
0.2857142857142857
 40
0.2857142957142857
 40
0.4285714285714289
 40
0.4285714285714289
 40
0.4285714285714289
 40
0.4285714385714289
 40
0.5714285714285714
 40
0.5714285714285714
 40
0.5714285714285714
 40
0.5714285814285715
 40
0.7142857142857145
 40
0.7142857142857145
 40
0.7142857142857145
 40
0.7142857242857146
 40
1.0
 40
1.0
 40
1.0
 40
1.0
 10
3874.366053050131
 20
10177.83425766846
 30
0.0
 10
3874.366053050131
 20
10177.83425766846
 30
0.0
 10
3874.58296447871
 20
10177.83425766846
 30
0.0
 10
3874.58296447871
 20
10177.83425766846
 30
0.0
 10
3874.58296447871
 20
10177.83425766846
 30
0.0
 10
3874.58296447871
 20
10177.95349552978
 30
0.0
 10
3874.485713740754
 20
10178.05074626775
 30
0.0
 10
3874.366053050131
 20
10178.05074626775
 30
0.0
 10
3874.366053050131
 20
10178.05074626775
 30
0.0
 10
3874.246815188804
 20
10178.05074626775
 30
0.0
 10
3874.149564450841
 20
10177.95349552978
 30
0.0
 10
3874.149564450841
 20
10177.83425766846
 30
0.0
 10
3874.149564450841
 20
10177.83425766846
 30
0.0
 10
3874.149564450841
 20
10177.71459697784
 30
0.0
 10
3874.246815188804
 20
10177.61734623988
 30
0.0
 10
3874.366053050131
 20
10177.61734623988
 30
0.0
 10
3874.366053050131
 20
10177.61734623988
 30
0.0
 10
3874.485713740754
 20
10177.61734623988
 30
0.0
 10
3874.58296447871
 20
10177.71459697784
 30
0.0
 10
3874.58296447871
 20
10177.83425766846
 30
0.0
 10
3874.58296447871
 20
10177.83425766846
 30
0.0
 10
3874.58296447871
 20
10177.83425766846
 30
0.0
 10
3874.366053050131
 20
10177.83425766846
 30
0.0
 10
3874.366053050131
 20
10177.83425766846
 30
0.0
  0
SPLINE
  5
235CB
330
19
100
AcDbEntity
  8
ºöåçæÄ
100
AcDbSpline
210
0.0
220
0.0
230
0.0
 70
    24
 71
     3
 72
     8
 73
     4
 74
     0
 42
0.000000001
 43
0.0000000001
 40
0.0
 40
0.0
 40
0.0
 40
0.0
 40
1.0
 40
1.0
 40
1.0
 40
1.0
 10
3874.90896586553
 20
10178.37632482527
 30
0.0
 10
3874.90896586553
 20
10178.37632482527
 30
0.0
 10
3877.625644089016
 20
10181.09300304875
 30
0.0
 10
3877.625644089016
 20
10181.09300304875
 30
0.0
  0
SPLINE
  5
235CC
330
19
100
AcDbEntity
  8
ºöåçæÄ
100
AcDbSpline
210
0.0
220
0.0
230
1.0
 70
    11
 71
     3
 72
    28
 73
    24
 74
     0
 42
0.000000001
 43
0.0000000001
 40
0.0
 40
0.0
 40
0.0
 40
0.0
 40
0.1428571428571428
 40
0.1428571428571428
 40
0.1428571428571428
 40
0.1428571528571428
 40
0.2857142857142857
 40
0.2857142857142857
 40
0.2857142857142857
 40
0.2857142957142857
 40
0.4285714285714289
 40
0.4285714285714289
 40
0.4285714285714289
 40
0.4285714385714289
 40
0.5714285714285714
 40
0.5714285714285714
 40
0.5714285714285714
 40
0.5714285814285715
 40
0.7142857142857145
 40
0.7142857142857145
 40
0.7142857142857145
 40
0.7142857242857146
 40
1.0
 40
1.0
 40
1.0
 40
1.0
 10
3878.168556904415
 20
10181.63845283992
 30
0.0
 10
3878.168556904415
 20
10181.63845283992
 30
0.0
 10
3878.385045503712
 20
10181.63845283992
 30
0.0
 10
3878.385045503712
 20
10181.63845283992
 30
0.0
 10
3878.385045503712
 20
10181.63845283992
 30
0.0
 10
3878.385045503712
 20
10181.75769070125
 30
0.0
 10
3878.287794765735
 20
10181.85494143921
 30
0.0
 10
3878.168556904415
 20
10181.85494143921
 30
0.0
 10
3878.168556904415
 20
10181.85494143921
 30
0.0
 10
3878.048896213792
 20
10181.85494143921
 30
0.0
 10
3877.951645475829
 20
10181.75769070125
 30
0.0
 10
3877.951645475829
 20
10181.63845283992
 30
0.0
 10
3877.951645475829
 20
10181.63845283992
 30
0.0
 10
3877.951645475829
 20
10181.5187921493
 30
0.0
 10
3878.048896213792
 20
10181.42154141134
 30
0.0
 10
3878.168556904415
 20
10181.42154141134
 30
0.0
 10
3878.168556904415
 20
10181.42154141134
 30
0.0
 10
3878.287794765735
 20
10181.42154141134
 30
0.0
 10
3878.385045503712
 20
10181.5187921493
 30
0.0
 10
3878.385045503712
 20
10181.63845283992
 30
0.0
 10
3878.385045503712
 20
10181.63845283992
 30
0.0
 10
3878.385045503712
 20
10181.63845283992
 30
0.0
 10
3878.168556904415
 20
10181.63845283992
 30
0.0
 10
3878.168556904415
 20
10181.63845283992
 30
0.0
  0
SPLINE
  5
235CD
330
19
100
AcDbEntity
  8
ºöåçæÄ
100
AcDbSpline
210
0.0
220
0.0
230
0.0
 70
    24
 71
     3
 72
     8
 73
     4
 74
     0
 42
0.000000001
 43
0.0000000001
 40
0.0
 40
0.0
 40
0.0
 40
0.0
 40
1.0
 40
1.0
 40
1.0
 40
1.0
 10
3878.713161037
 20
10182.18051999673
 30
0.0
 10
3878.713161037
 20
10182.18051999673
 30
0.0
 10
3881.429839260478
 20
10184.89592973233
 30
0.0
 10
3881.429839260478
 20
10184.89592973233
 30
0.0
  0
SPLINE
  5
235CE
330
19
100
AcDbEntity
  8
ºöåçæÄ
100
AcDbSpline
210
0.0
220
0.0
230
1.0
 70
    11
 71
     3
 72
    28
 73
    24
 74
     0
 42
0.000000001
 43
0.0000000001
 40
0.0
 40
0.0
 40
0.0
 40
0.0
 40
0.1428571428571428
 40
0.1428571428571428
 40
0.1428571428571428
 40
0.1428571528571428
 40
0.2857142857142857
 40
0.2857142857142857
 40
0.2857142857142857
 40
0.2857142957142857
 40
0.4285714285714289
 40
0.4285714285714289
 40
0.4285714285714289
 40
0.4285714385714289
 40
0.5714285714285714
 40
0.5714285714285714
 40
0.5714285714285714
 40
0.5714285814285715
 40
0.7142857142857145
 40
0.7142857142857145
 40
0.7142857142857145
 40
0.7142857242857146
 40
1.0
 40
1.0
 40
1.0
 40
1.0
 10
3881.972752075877
 20
10185.44053386491
 30
0.0
 10
3881.972752075877
 20
10185.44053386491
 30
0.0
 10
3882.189240675174
 20
10185.44053386491
 30
0.0
 10
3882.189240675174
 20
10185.44053386491
 30
0.0
 10
3882.189240675174
 20
10185.44053386491
 30
0.0
 10
3882.189240675174
 20
10185.55977172624
 30
0.0
 10
3882.091989937204
 20
10185.65744529349
 30
0.0
 10
3881.972752075877
 20
10185.65744529349
 30
0.0
 10
3881.972752075877
 20
10185.65744529349
 30
0.0
 10
3881.853091385261
 20
10185.65744529349
 30
0.0
 10
3881.755840647306
 20
10185.55977172624
 30
0.0
 10
3881.755840647306
 20
10185.44053386491
 30
0.0
 10
3881.755840647306
 20
10185.44053386491
 30
0.0
 10
3881.755840647306
 20
10185.32087317429
 30
0.0
 10
3881.853091385261
 20
10185.22362243633
 30
0.0
 10
3881.972752075877
 20
10185.22362243633
 30
0.0
 10
3881.972752075877
 20
10185.22362243633
 30
0.0
 10
3882.091989937204
 20
10185.22362243633
 30
0.0
 10
3882.189240675174
 20
10185.32087317429
 30
0.0
 10
3882.189240675174
 20
10185.44053386491
 30
0.0
 10
3882.189240675174
 20
10185.44053386491
 30
0.0
 10
3882.189240675174
 20
10185.44053386491
 30
0.0
 10
3881.972752075877
 20
10185.44053386491
 30
0.0
 10
3881.972752075877
 20
10185.44053386491
 30
0.0
  0
SPLINE
  5
235CF
330
19
100
AcDbEntity
  8
ºöåçæÄ
100
AcDbSpline
210
0.0
220
0.0
230
0.0
 70
    24
 71
     3
 72
     8
 73
     4
 74
     0
 42
0.000000001
 43
0.0000000001
 40
0.0
 40
0.0
 40
0.0
 40
0.0
 40
1.0
 40
1.0
 40
1.0
 40
1.0
 10
3882.517356208462
 20
10185.9847151682
 30
0.0
 10
3882.517356208462
 20
10185.9847151682
 30
0.0
 10
3882.775704908012
 20
10186.24306386774
 30
0.0
 10
3882.775704908012
 20
10186.24306386774
 30
0.0
  0
SPLINE
  5
235D0
330
19
100
AcDbEntity
  8
ºöåçæÄ
100
AcDbSpline
210
0.0
220
0.0
230
0.0
 70
    24
 71
     3
 72
     8
 73
     4
 74
     0
 42
0.000000001
 43
0.0000000001
 40
0.0
 40
0.0
 40
0.0
 40
0.0
 40
1.0
 40
1.0
 40
1.0
 40
1.0
 10
3875.23116178869
 20
10176.52475534035
 30
0.0
 10
3875.23116178869
 20
10176.52475534035
 30
0.0
 10
3876.810852036624
 20
10178.10402275898
 30
0.0
 10
3876.810852036624
 20
10178.10402275898
 30
0.0
  0
SPLINE
  5
235D1
330
19
100
AcDbEntity
  8
ºöåçæÄ
100
AcDbSpline
210
0.0
220
0.0
230
1.0
 70
    11
 71
     3
 72
    28
 73
    24
 74
     0
 42
0.000000001
 43
0.0000000001
 40
0.0
 40
0.0
 40
0.0
 40
0.0
 40
0.1428571428571428
 40
0.1428571428571428
 40
0.1428571428571428
 40
0.1428571528571428
 40
0.2857142857142857
 40
0.2857142857142857
 40
0.2857142857142857
 40
0.2857142957142857
 40
0.4285714285714289
 40
0.4285714285714289
 40
0.4285714285714289
 40
0.4285714385714289
 40
0.5714285714285714
 40
0.5714285714285714
 40
0.5714285714285714
 40
0.5714285814285715
 40
0.7142857142857145
 40
0.7142857142857145
 40
0.7142857142857145
 40
0.7142857242857146
 40
1.0
 40
1.0
 40
1.0
 40
1.0
 10
3877.353342022735
 20
10178.64904972086
 30
0.0
 10
3877.353342022735
 20
10178.64904972086
 30
0.0
 10
3877.570253451306
 20
10178.64904972086
 30
0.0
 10
3877.570253451306
 20
10178.64904972086
 30
0.0
 10
3877.570253451306
 20
10178.64904972086
 30
0.0
 10
3877.570253451306
 20
10178.76828758218
 30
0.0
 10
3877.473002713343
 20
10178.86553832014
 30
0.0
 10
3877.353342022735
 20
10178.86553832014
 30
0.0
 10
3877.353342022735
 20
10178.86553832014
 30
0.0
 10
3877.2341041614
 20
10178.86553832014
 30
0.0
 10
3877.136853423437
 20
10178.76828758218
 30
0.0
 10
3877.136853423437
 20
10178.64904972086
 30
0.0
 10
3877.136853423437
 20
10178.64904972086
 30
0.0
 10
3877.136853423437
 20
10178.52938903023
 30
0.0
 10
3877.2341041614
 20
10178.43213829227
 30
0.0
 10
3877.353342022735
 20
10178.43213829227
 30
0.0
 10
3877.353342022735
 20
10178.43213829227
 30
0.0
 10
3877.473002713343
 20
10178.43213829227
 30
0.0
 10
3877.570253451306
 20
10178.52938903023
 30
0.0
 10
3877.570253451306
 20
10178.64904972086
 30
0.0
 10
3877.570253451306
 20
10178.64904972086
 30
0.0
 10
3877.570253451306
 20
10178.64904972086
 30
0.0
 10
3877.353342022735
 20
10178.64904972086
 30
0.0
 10
3877.353342022735
 20
10178.64904972086
 30
0.0
  0
SPLINE
  5
235D2
330
19
100
AcDbEntity
  8
ºöåçæÄ
100
AcDbSpline
210
0.0
220
0.0
230
0.0
 70
    24
 71
     3
 72
     8
 73
     4
 74
     0
 42
0.000000001
 43
0.0000000001
 40
0.0
 40
0.0
 40
0.0
 40
0.0
 40
1.0
 40
1.0
 40
1.0
 40
1.0
 10
3877.897946155304
 20
10179.19111687766
 30
0.0
 10
3877.897946155304
 20
10179.19111687766
 30
0.0
 10
3880.615047208079
 20
10181.90821793044
 30
0.0
 10
3880.615047208079
 20
10181.90821793044
 30
0.0
  0
SPLINE
  5
235D3
330
19
100
AcDbEntity
  8
ºöåçæÄ
100
AcDbSpline
210
0.0
220
0.0
230
1.0
 70
    11
 71
     3
 72
    28
 73
    24
 74
     0
 42
0.000000001
 43
0.0000000001
 40
0.0
 40
0.0
 40
0.0
 40
0.0
 40
0.1428571428571428
 40
0.1428571428571428
 40
0.1428571428571428
 40
0.1428571528571428
 40
0.2857142857142857
 40
0.2857142857142857
 40
0.2857142857142857
 40
0.2857142957142857
 40
0.4285714285714289
 40
0.4285714285714289
 40
0.4285714285714289
 40
0.4285714385714289
 40
0.5714285714285714
 40
0.5714285714285714
 40
0.5714285714285714
 40
0.5714285814285715
 40
0.7142857142857145
 40
0.7142857142857145
 40
0.7142857142857145
 40
0.7142857242857146
 40
1.0
 40
1.0
 40
1.0
 40
1.0
 10
3881.157537194189
 20
10182.45113074584
 30
0.0
 10
3881.157537194189
 20
10182.45113074584
 30
0.0
 10
3881.374448622775
 20
10182.45113074584
 30
0.0
 10
3881.374448622775
 20
10182.45113074584
 30
0.0
 10
3881.374448622775
 20
10182.45113074584
 30
0.0
 10
3881.374448622775
 20
10182.57079143646
 30
0.0
 10
3881.277197884813
 20
10182.66804217443
 30
0.0
 10
3881.157537194189
 20
10182.66804217443
 30
0.0
 10
3881.157537194189
 20
10182.66804217443
 30
0.0
 10
3881.038299332863
 20
10182.66804217443
 30
0.0
 10
3880.941048594907
 20
10182.57079143646
 30
0.0
 10
3880.941048594907
 20
10182.45113074584
 30
0.0
 10
3880.941048594907
 20
10182.45113074584
 30
0.0
 10
3880.941048594907
 20
10182.33189288452
 30
0.0
 10
3881.038299332863
 20
10182.23464214656
 30
0.0
 10
3881.157537194189
 20
10182.23464214656
 30
0.0
 10
3881.157537194189
 20
10182.23464214656
 30
0.0
 10
3881.277197884813
 20
10182.23464214656
 30
0.0
 10
3881.374448622775
 20
10182.33189288452
 30
0.0
 10
3881.374448622775
 20
10182.45113074584
 30
0.0
 10
3881.374448622775
 20
10182.45113074584
 30
0.0
 10
3881.374448622775
 20
10182.45113074584
 30
0.0
 10
3881.157537194189
 20
10182.45113074584
 30
0.0
 10
3881.157537194189
 20
10182.45113074584
 30
0.0
  0
SPLINE
  5
235D4
330
19
100
AcDbEntity
  8
ºöåçæÄ
100
AcDbSpline
210
0.0
220
0.0
230
0.0
 70
    24
 71
     3
 72
     8
 73
     4
 74
     0
 42
0.000000001
 43
0.0000000001
 40
0.0
 40
0.0
 40
0.0
 40
0.0
 40
1.0
 40
1.0
 40
1.0
 40
1.0
 10
3881.700450009596
 20
10182.99531204913
 30
0.0
 10
3881.700450009596
 20
10182.99531204913
 30
0.0
 10
3884.417128233066
 20
10185.71241310191
 30
0.0
 10
3884.417128233066
 20
10185.71241310191
 30
0.0
  0
SPLINE
  5
235D5
330
19
100
AcDbEntity
  8
ºöåçæÄ
100
AcDbSpline
210
0.0
220
0.0
230
1.0
 70
    11
 71
     3
 72
    28
 73
    24
 74
     0
 42
0.000000001
 43
0.0000000001
 40
0.0
 40
0.0
 40
0.0
 40
0.0
 40
0.1428571428571428
 40
0.1428571428571428
 40
0.1428571428571428
 40
0.1428571528571428
 40
0.2857142857142857
 40
0.2857142857142857
 40
0.2857142857142857
 40
0.2857142957142857
 40
0.4285714285714289
 40
0.4285714285714289
 40
0.4285714285714289
 40
0.4285714385714289
 40
0.5714285714285714
 40
0.5714285714285714
 40
0.5714285714285714
 40
0.5714285814285715
 40
0.7142857142857145
 40
0.7142857142857145
 40
0.7142857142857145
 40
0.7142857242857146
 40
1.0
 40
1.0
 40
1.0
 40
1.0
 10
3884.949893145387
 20
10186.24348669703
 30
0.0
 10
3884.949893145387
 20
10186.24348669703
 30
0.0
 10
3885.166804573966
 20
10186.24348669703
 30
0.0
 10
3885.166804573966
 20
10186.24348669703
 30
0.0
 10
3885.166804573966
 20
10186.24348669703
 30
0.0
 10
3885.166804573966
 20
10186.36314738766
 30
0.0
 10
3885.069553836004
 20
10186.46039812562
 30
0.0
 10
3884.949893145387
 20
10186.46039812562
 30
0.0
 10
3884.949893145387
 20
10186.46039812562
 30
0.0
 10
3884.830655284054
 20
10186.46039812562
 30
0.0
 10
3884.733404546091
 20
10186.36314738766
 30
0.0
 10
3884.733404546091
 20
10186.24348669703
 30
0.0
 10
3884.733404546091
 20
10186.24348669703
 30
0.0
 10
3884.733404546091
 20
10186.12424883571
 30
0.0
 10
3884.830655284054
 20
10186.02699809775
 30
0.0
 10
3884.949893145387
 20
10186.02699809775
 30
0.0
 10
3884.949893145387
 20
10186.02699809775
 30
0.0
 10
3885.069553836004
 20
10186.02699809775
 30
0.0
 10
3885.166804573966
 20
10186.12424883571
 30
0.0
 10
3885.166804573966
 20
10186.24348669703
 30
0.0
 10
3885.166804573966
 20
10186.24348669703
 30
0.0
 10
3885.166804573966
 20
10186.24348669703
 30
0.0
 10
3884.949893145387
 20
10186.24348669703
 30
0.0
 10
3884.949893145387
 20
10186.24348669703
 30
0.0
  0
SPLINE
  5
235D6
330
19
100
AcDbEntity
  8
ºöåçæÄ
100
AcDbSpline
210
0.0
220
0.0
230
0.0
 70
    24
 71
     3
 72
     8
 73
     4
 74
     0
 42
0.000000001
 43
0.0000000001
 40
0.0
 40
0.0
 40
0.0
 40
0.0
 40
1.0
 40
1.0
 40
1.0
 40
1.0
 10
3877.404081538183
 20
10176.52475534035
 30
0.0
 10
3877.404081538183
 20
10176.52475534035
 30
0.0
 10
3879.798141009213
 20
10178.91881481137
 30
0.0
 10
3879.798141009213
 20
10178.91881481137
 30
0.0
  0
SPLINE
  5
235D7
330
19
100
AcDbEntity
  8
ºöåçæÄ
100
AcDbSpline
210
0.0
220
0.0
230
1.0
 70
    11
 71
     3
 72
    28
 73
    24
 74
     0
 42
0.000000001
 43
0.0000000001
 40
0.0
 40
0.0
 40
0.0
 40
0.0
 40
0.1428571428571428
 40
0.1428571428571428
 40
0.1428571428571428
 40
0.1428571528571428
 40
0.2857142857142857
 40
0.2857142857142857
 40
0.2857142857142857
 40
0.2857142957142857
 40
0.4285714285714289
 40
0.4285714285714289
 40
0.4285714285714289
 40
0.4285714385714289
 40
0.5714285714285714
 40
0.5714285714285714
 40
0.5714285714285714
 40
0.5714285814285715
 40
0.7142857142857145
 40
0.7142857142857145
 40
0.7142857142857145
 40
0.7142857242857146
 40
1.0
 40
1.0
 40
1.0
 40
1.0
 10
3880.342745141791
 20
10179.46384177325
 30
0.0
 10
3880.342745141791
 20
10179.46384177325
 30
0.0
 10
3880.559656570384
 20
10179.46384177325
 30
0.0
 10
3880.559656570384
 20
10179.46384177325
 30
0.0
 10
3880.559656570384
 20
10179.46384177325
 30
0.0
 10
3880.559656570384
 20
10179.58350246387
 30
0.0
 10
3880.462405832414
 20
10179.68075320184
 30
0.0
 10
3880.342745141791
 20
10179.68075320184
 30
0.0
 10
3880.342745141791
 20
10179.68075320184
 30
0.0
 10
3880.223507280478
 20
10179.68075320184
 30
0.0
 10
3880.125833713211
 20
10179.58350246387
 30
0.0
 10
3880.125833713211
 20
10179.46384177325
 30
0.0
 10
3880.125833713211
 20
10179.46384177325
 30
0.0
 10
3880.125833713211
 20
10179.34460391193
 30
0.0
 10
3880.223507280478
 20
10179.24693034467
 30
0.0
 10
3880.342745141791
 20
10179.24693034467
 30
0.0
 10
3880.342745141791
 20
10179.24693034467
 30
0.0
 10
3880.462405832414
 20
10179.24693034467
 30
0.0
 10
3880.559656570384
 20
10179.34460391193
 30
0.0
 10
3880.559656570384
 20
10179.46384177325
 30
0.0
 10
3880.559656570384
 20
10179.46384177325
 30
0.0
 10
3880.559656570384
 20
10179.46384177325
 30
0.0
 10
3880.342745141791
 20
10179.46384177325
 30
0.0
 10
3880.342745141791
 20
10179.46384177325
 30
0.0
  0
SPLINE
  5
235D8
330
19
100
AcDbEntity
  8
ºöåçæÄ
100
AcDbSpline
210
0.0
220
0.0
230
0.0
 70
    24
 71
     3
 72
     8
 73
     4
 74
     0
 42
0.000000001
 43
0.0000000001
 40
0.0
 40
0.0
 40
0.0
 40
0.0
 40
1.0
 40
1.0
 40
1.0
 40
1.0
 10
3880.887349274375
 20
10180.00590893006
 30
0.0
 10
3880.887349274375
 20
10180.00590893006
 30
0.0
 10
3883.602336180675
 20
10182.72300998284
 30
0.0
 10
3883.602336180675
 20
10182.72300998284
 30
0.0
  0
SPLINE
  5
235D9
330
19
100
AcDbEntity
  8
ºöåçæÄ
100
AcDbSpline
210
0.0
220
0.0
230
1.0
 70
    11
 71
     3
 72
    28
 73
    24
 74
     0
 42
0.000000001
 43
0.0000000001
 40
0.0
 40
0.0
 40
0.0
 40
0.0
 40
0.1428571428571428
 40
0.1428571428571428
 40
0.1428571428571428
 40
0.1428571528571428
 40
0.2857142857142857
 40
0.2857142857142857
 40
0.2857142857142857
 40
0.2857142957142857
 40
0.4285714285714289
 40
0.4285714285714289
 40
0.4285714285714289
 40
0.4285714385714289
 40
0.5714285714285714
 40
0.5714285714285714
 40
0.5714285714285714
 40
0.5714285814285715
 40
0.7142857142857145
 40
0.7142857142857145
 40
0.7142857142857145
 40
0.7142857242857146
 40
1.0
 40
1.0
 40
1.0
 40
1.0
 10
3884.14694031326
 20
10183.26803694472
 30
0.0
 10
3884.14694031326
 20
10183.26803694472
 30
0.0
 10
3884.363851741846
 20
10183.26803694472
 30
0.0
 10
3884.363851741846
 20
10183.26803694472
 30
0.0
 10
3884.363851741846
 20
10183.26803694472
 30
0.0
 10
3884.363851741846
 20
10183.38769763534
 30
0.0
 10
3884.266601003876
 20
10183.4849483733
 30
0.0
 10
3884.14694031326
 20
10183.4849483733
 30
0.0
 10
3884.14694031326
 20
10183.4849483733
 30
0.0
 10
3884.027702451933
 20
10183.4849483733
 30
0.0
 10
3883.930028884674
 20
10183.38769763534
 30
0.0
 10
3883.930028884674
 20
10183.26803694472
 30
0.0
 10
3883.930028884674
 20
10183.26803694472
 30
0.0
 10
3883.930028884674
 20
10183.14879908339
 30
0.0
 10
3884.027702451933
 20
10183.05112551614
 30
0.0
 10
3884.14694031326
 20
10183.05112551614
 30
0.0
 10
3884.14694031326
 20
10183.05112551614
 30
0.0
 10
3884.266601003876
 20
10183.05112551614
 30
0.0
 10
3884.363851741846
 20
10183.14879908339
 30
0.0
 10
3884.363851741846
 20
10183.26803694472
 30
0.0
 10
3884.363851741846
 20
10183.26803694472
 30
0.0
 10
3884.363851741846
 20
10183.26803694472
 30
0.0
 10
3884.14694031326
 20
10183.26803694472
 30
0.0
 10
3884.14694031326
 20
10183.26803694472
 30
0.0
  0
SPLINE
  5
235DA
330
19
100
AcDbEntity
  8
ºöåçæÄ
100
AcDbSpline
210
0.0
220
0.0
230
0.0
 70
    24
 71
     3
 72
     8
 73
     4
 74
     0
 42
0.000000001
 43
0.0000000001
 40
0.0
 40
0.0
 40
0.0
 40
0.0
 40
1.0
 40
1.0
 40
1.0
 40
1.0
 10
3884.68943029937
 20
10183.81010410153
 30
0.0
 10
3884.68943029937
 20
10183.81010410153
 30
0.0
 10
3887.12239006557
 20
10186.24306386774
 30
0.0
 10
3887.12239006557
 20
10186.24306386774
 30
0.0
  0
SPLINE
  5
235DB
330
19
100
AcDbEntity
  8
ºöåçæÄ
100
AcDbSpline
210
0.0
220
0.0
230
1.0
 70
    11
 71
     3
 72
    28
 73
    24
 74
     0
 42
0.000000001
 43
0.0000000001
 40
0.0
 40
0.0
 40
0.0
 40
0.0
 40
0.1428571428571428
 40
0.1428571428571428
 40
0.1428571428571428
 40
0.1428571528571428
 40
0.2857142857142857
 40
0.2857142857142857
 40
0.2857142857142857
 40
0.2857142957142857
 40
0.4285714285714289
 40
0.4285714285714289
 40
0.4285714285714289
 40
0.4285714385714289
 40
0.5714285714285714
 40
0.5714285714285714
 40
0.5714285714285714
 40
0.5714285814285715
 40
0.7142857142857145
 40
0.7142857142857145
 40
0.7142857142857145
 40
0.7142857242857146
 40
1.0
 40
1.0
 40
1.0
 40
1.0
 10
3879.577846946262
 20
10176.52517816964
 30
0.0
 10
3879.577846946262
 20
10176.52517816964
 30
0.0
 10
3879.794758374841
 20
10176.52517816964
 30
0.0
 10
3879.794758374841
 20
10176.52517816964
 30
0.0
 10
3879.794758374841
 20
10176.52517816964
 30
0.0
 10
3879.794758374841
 20
10176.64483886026
 30
0.0
 10
3879.697507636885
 20
10176.74208959822
 30
0.0
 10
3879.577846946262
 20
10176.74208959822
 30
0.0
 10
3879.577846946262
 20
10176.74208959822
 30
0.0
 10
3879.458609084943
 20
10176.74208959822
 30
0.0
 10
3879.361358346972
 20
10176.64483886026
 30
0.0
 10
3879.361358346972
 20
10176.52517816964
 30
0.0
 10
3879.361358346972
 20
10176.52517816964
 30
0.0
 10
3879.361358346972
 20
10176.40594030831
 30
0.0
 10
3879.458609084943
 20
10176.30826674106
 30
0.0
 10
3879.577846946262
 20
10176.30826674106
 30
0.0
 10
3879.577846946262
 20
10176.30826674106
 30
0.0
 10
3879.697507636885
 20
10176.30826674106
 30
0.0
 10
3879.794758374841
 20
10176.40594030831
 30
0.0
 10
3879.794758374841
 20
10176.52517816964
 30
0.0
 10
3879.794758374841
 20
10176.52517816964
 30
0.0
 10
3879.794758374841
 20
10176.52517816964
 30
0.0
 10
3879.577846946262
 20
10176.52517816964
 30
0.0
 10
3879.577846946262
 20
10176.52517816964
 30
0.0
  0
SPLINE
  5
235DC
330
19
100
AcDbEntity
  8
ºöåçæÄ
100
AcDbSpline
210
0.0
220
0.0
230
0.0
 70
    24
 71
     3
 72
     8
 73
     4
 74
     0
 42
0.000000001
 43
0.0000000001
 40
0.0
 40
0.0
 40
0.0
 40
0.0
 40
1.0
 40
1.0
 40
1.0
 40
1.0
 10
3880.070443075501
 20
10177.01861995747
 30
0.0
 10
3880.070443075501
 20
10177.01861995747
 30
0.0
 10
3882.787544128284
 20
10179.73572101025
 30
0.0
 10
3882.787544128284
 20
10179.73572101025
 30
0.0
  0
SPLINE
  5
235DD
330
19
100
AcDbEntity
  8
ºöåçæÄ
100
AcDbSpline
210
0.0
220
0.0
230
1.0
 70
    11
 71
     3
 72
    28
 73
    24
 74
     0
 42
0.000000001
 43
0.0000000001
 40
0.0
 40
0.0
 40
0.0
 40
0.0
 40
0.1428571428571428
 40
0.1428571428571428
 40
0.1428571428571428
 40
0.1428571528571428
 40
0.2857142857142857
 40
0.2857142857142857
 40
0.2857142857142857
 40
0.2857142957142857
 40
0.4285714285714289
 40
0.4285714285714289
 40
0.4285714285714289
 40
0.4285714385714289
 40
0.5714285714285714
 40
0.5714285714285714
 40
0.5714285714285714
 40
0.5714285814285715
 40
0.7142857142857145
 40
0.7142857142857145
 40
0.7142857142857145
 40
0.7142857242857146
 40
1.0
 40
1.0
 40
1.0
 40
1.0
 10
3883.332148260861
 20
10180.27863382565
 30
0.0
 10
3883.332148260861
 20
10180.27863382565
 30
0.0
 10
3883.548636860158
 20
10180.27863382565
 30
0.0
 10
3883.548636860158
 20
10180.27863382565
 30
0.0
 10
3883.548636860158
 20
10180.27863382565
 30
0.0
 10
3883.548636860158
 20
10180.39829451627
 30
0.0
 10
3883.451386122195
 20
10180.49554525423
 30
0.0
 10
3883.332148260861
 20
10180.49554525423
 30
0.0
 10
3883.332148260861
 20
10180.49554525423
 30
0.0
 10
3883.212487570238
 20
10180.49554525423
 30
0.0
 10
3883.115236832275
 20
10180.39829451627
 30
0.0
 10
3883.115236832275
 20
10180.27863382565
 30
0.0
 10
3883.115236832275
 20
10180.27863382565
 30
0.0
 10
3883.115236832275
 20
10180.15939596432
 30
0.0
 10
3883.212487570238
 20
10180.06214522636
 30
0.0
 10
3883.332148260861
 20
10180.06214522636
 30
0.0
 10
3883.332148260861
 20
10180.06214522636
 30
0.0
 10
3883.451386122195
 20
10180.06214522636
 30
0.0
 10
3883.548636860158
 20
10180.15939596432
 30
0.0
 10
3883.548636860158
 20
10180.27863382565
 30
0.0
 10
3883.548636860158
 20
10180.27863382565
 30
0.0
 10
3883.548636860158
 20
10180.27863382565
 30
0.0
 10
3883.332148260861
 20
10180.27863382565
 30
0.0
 10
3883.332148260861
 20
10180.27863382565
 30
0.0
  0
SPLINE
  5
235DE
330
19
100
AcDbEntity
  8
ºöåçæÄ
100
AcDbSpline
210
0.0
220
0.0
230
0.0
 70
    24
 71
     3
 72
     8
 73
     4
 74
     0
 42
0.000000001
 43
0.0000000001
 40
0.0
 40
0.0
 40
0.0
 40
0.0
 40
1.0
 40
1.0
 40
1.0
 40
1.0
 10
3883.874638246971
 20
10180.82070098246
 30
0.0
 10
3883.874638246971
 20
10180.82070098246
 30
0.0
 10
3886.591739299745
 20
10183.53780203524
 30
0.0
 10
3886.591739299745
 20
10183.53780203524
 30
0.0
  0
SPLINE
  5
235DF
330
19
100
AcDbEntity
  8
ºöåçæÄ
100
AcDbSpline
210
0.0
220
0.0
230
1.0
 70
    11
 71
     3
 72
    28
 73
    24
 74
     0
 42
0.000000001
 43
0.0000000001
 40
0.0
 40
0.0
 40
0.0
 40
0.0
 40
0.1428571428571428
 40
0.1428571428571428
 40
0.1428571428571428
 40
0.1428571528571428
 40
0.2857142857142857
 40
0.2857142857142857
 40
0.2857142857142857
 40
0.2857142957142857
 40
0.4285714285714289
 40
0.4285714285714289
 40
0.4285714285714289
 40
0.4285714385714289
 40
0.5714285714285714
 40
0.5714285714285714
 40
0.5714285714285714
 40
0.5714285814285715
 40
0.7142857142857145
 40
0.7142857142857145
 40
0.7142857142857145
 40
0.7142857242857146
 40
1.0
 40
1.0
 40
1.0
 40
1.0
 10
3887.136343432323
 20
10184.08282899712
 30
0.0
 10
3887.136343432323
 20
10184.08282899712
 30
0.0
 10
3887.35283203162
 20
10184.08282899712
 30
0.0
 10
3887.35283203162
 20
10184.08282899712
 30
0.0
 10
3887.35283203162
 20
10184.08282899712
 30
0.0
 10
3887.35283203162
 20
10184.20248968774
 30
0.0
 10
3887.25558129365
 20
10184.2997404257
 30
0.0
 10
3887.136343432323
 20
10184.2997404257
 30
0.0
 10
3887.136343432323
 20
10184.2997404257
 30
0.0
 10
3887.016682741707
 20
10184.2997404257
 30
0.0
 10
3886.919432003752
 20
10184.20248968774
 30
0.0
 10
3886.919432003752
 20
10184.08282899712
 30
0.0
 10
3886.919432003752
 20
10184.08282899712
 30
0.0
 10
3886.919432003752
 20
10183.96359113579
 30
0.0
 10
3887.016682741707
 20
10183.86634039783
 30
0.0
 10
3887.136343432323
 20
10183.86634039783
 30
0.0
 10
3887.136343432323
 20
10183.86634039783
 30
0.0
 10
3887.25558129365
 20
10183.86634039783
 30
0.0
 10
3887.35283203162
 20
10183.96359113579
 30
0.0
 10
3887.35283203162
 20
10184.08282899712
 30
0.0
 10
3887.35283203162
 20
10184.08282899712
 30
0.0
 10
3887.35283203162
 20
10184.08282899712
 30
0.0
 10
3887.136343432323
 20
10184.08282899712
 30
0.0
 10
3887.136343432323
 20
10184.08282899712
 30
0.0
  0
SPLINE
  5
235E0
330
19
100
AcDbEntity
  8
ºöåçæÄ
100
AcDbSpline
210
0.0
220
0.0
230
0.0
 70
    24
 71
     3
 72
     8
 73
     4
 74
     0
 42
0.000000001
 43
0.0000000001
 40
0.0
 40
0.0
 40
0.0
 40
0.0
 40
1.0
 40
1.0
 40
1.0
 40
1.0
 10
3887.678833418434
 20
10184.62489615393
 30
0.0
 10
3887.678833418434
 20
10184.62489615393
 30
0.0
 10
3889.297001132249
 20
10186.24306386774
 30
0.0
 10
3889.297001132249
 20
10186.24306386774
 30
0.0
  0
SPLINE
  5
235E1
330
19
100
AcDbEntity
  8
ºöåçæÄ
100
AcDbSpline
210
0.0
220
0.0
230
0.0
 70
    24
 71
     3
 72
     8
 73
     4
 74
     0
 42
0.000000001
 43
0.0000000001
 40
0.0
 40
0.0
 40
0.0
 40
0.0
 40
1.0
 40
1.0
 40
1.0
 40
1.0
 10
3881.750766695756
 20
10176.52475534035
 30
0.0
 10
3881.750766695756
 20
10176.52475534035
 30
0.0
 10
3881.972752075877
 20
10176.74631789118
 30
0.0
 10
3881.972752075877
 20
10176.74631789118
 30
0.0
  0
SPLINE
  5
235E2
330
19
100
AcDbEntity
  8
ºöåçæÄ
100
AcDbSpline
210
0.0
220
0.0
230
1.0
 70
    11
 71
     3
 72
    28
 73
    24
 74
     0
 42
0.000000001
 43
0.0000000001
 40
0.0
 40
0.0
 40
0.0
 40
0.0
 40
0.1428571428571428
 40
0.1428571428571428
 40
0.1428571428571428
 40
0.1428571528571428
 40
0.2857142857142857
 40
0.2857142857142857
 40
0.2857142857142857
 40
0.2857142957142857
 40
0.4285714285714289
 40
0.4285714285714289
 40
0.4285714285714289
 40
0.4285714385714289
 40
0.5714285714285714
 40
0.5714285714285714
 40
0.5714285714285714
 40
0.5714285814285715
 40
0.7142857142857145
 40
0.7142857142857145
 40
0.7142857142857145
 40
0.7142857242857146
 40
1.0
 40
1.0
 40
1.0
 40
1.0
 10
3882.517356208462
 20
10177.28965353588
 30
0.0
 10
3882.517356208462
 20
10177.28965353588
 30
0.0
 10
3882.733844807752
 20
10177.28965353588
 30
0.0
 10
3882.733844807752
 20
10177.28965353588
 30
0.0
 10
3882.733844807752
 20
10177.28965353588
 30
0.0
 10
3882.733844807752
 20
10177.4088913972
 30
0.0
 10
3882.636594069789
 20
10177.50614213516
 30
0.0
 10
3882.517356208462
 20
10177.50614213516
 30
0.0
 10
3882.517356208462
 20
10177.50614213516
 30
0.0
 10
3882.397695517839
 20
10177.50614213516
 30
0.0
 10
3882.300444779883
 20
10177.4088913972
 30
0.0
 10
3882.300444779883
 20
10177.28965353588
 30
0.0
 10
3882.300444779883
 20
10177.28965353588
 30
0.0
 10
3882.300444779883
 20
10177.16999284525
 30
0.0
 10
3882.397695517839
 20
10177.07274210729
 30
0.0
 10
3882.517356208462
 20
10177.07274210729
 30
0.0
 10
3882.517356208462
 20
10177.07274210729
 30
0.0
 10
3882.636594069789
 20
10177.07274210729
 30
0.0
 10
3882.733844807752
 20
10177.16999284525
 30
0.0
 10
3882.733844807752
 20
10177.28965353588
 30
0.0
 10
3882.733844807752
 20
10177.28965353588
 30
0.0
 10
3882.733844807752
 20
10177.28965353588
 30
0.0
 10
3882.517356208462
 20
10177.28965353588
 30
0.0
 10
3882.517356208462
 20
10177.28965353588
 30
0.0
  0
SPLINE
  5
235E3
330
19
100
AcDbEntity
  8
ºöåçæÄ
100
AcDbSpline
210
0.0
220
0.0
230
0.0
 70
    24
 71
     3
 72
     8
 73
     4
 74
     0
 42
0.000000001
 43
0.0000000001
 40
0.0
 40
0.0
 40
0.0
 40
0.0
 40
1.0
 40
1.0
 40
1.0
 40
1.0
 10
3883.059846194579
 20
10177.83341200987
 30
0.0
 10
3883.059846194579
 20
10177.83341200987
 30
0.0
 10
3885.776947247361
 20
10180.54924457476
 30
0.0
 10
3885.776947247361
 20
10180.54924457476
 30
0.0
  0
SPLINE
  5
235E4
330
19
100
AcDbEntity
  8
ºöåçæÄ
100
AcDbSpline
210
0.0
220
0.0
230
1.0
 70
    11
 71
     3
 72
    28
 73
    24
 74
     0
 42
0.000000001
 43
0.0000000001
 40
0.0
 40
0.0
 40
0.0
 40
0.0
 40
0.1428571428571428
 40
0.1428571428571428
 40
0.1428571428571428
 40
0.1428571528571428
 40
0.2857142857142857
 40
0.2857142857142857
 40
0.2857142857142857
 40
0.2857142957142857
 40
0.4285714285714289
 40
0.4285714285714289
 40
0.4285714285714289
 40
0.4285714385714289
 40
0.5714285714285714
 40
0.5714285714285714
 40
0.5714285714285714
 40
0.5714285814285715
 40
0.7142857142857145
 40
0.7142857142857145
 40
0.7142857142857145
 40
0.7142857242857146
 40
1.0
 40
1.0
 40
1.0
 40
1.0
 10
3886.319437233457
 20
10181.09384870734
 30
0.0
 10
3886.319437233457
 20
10181.09384870734
 30
0.0
 10
3886.536348662043
 20
10181.09384870734
 30
0.0
 10
3886.536348662043
 20
10181.09384870734
 30
0.0
 10
3886.536348662043
 20
10181.09384870734
 30
0.0
 10
3886.536348662043
 20
10181.21308656867
 30
0.0
 10
3886.438675094776
 20
10181.31033730663
 30
0.0
 10
3886.319437233457
 20
10181.31033730663
 30
0.0
 10
3886.319437233457
 20
10181.31033730663
 30
0.0
 10
3886.199776542833
 20
10181.31033730663
 30
0.0
 10
3886.102525804871
 20
10181.21308656867
 30
0.0
 10
3886.102525804871
 20
10181.09384870734
 30
0.0
 10
3886.102525804871
 20
10181.09384870734
 30
0.0
 10
3886.102525804871
 20
10180.97418801672
 30
0.0
 10
3886.199776542833
 20
10180.87693727876
 30
0.0
 10
3886.319437233457
 20
10180.87693727876
 30
0.0
 10
3886.319437233457
 20
10180.87693727876
 30
0.0
 10
3886.438675094776
 20
10180.87693727876
 30
0.0
 10
3886.536348662043
 20
10180.97418801672
 30
0.0
 10
3886.536348662043
 20
10181.09384870734
 30
0.0
 10
3886.536348662043
 20
10181.09384870734
 30
0.0
 10
3886.536348662043
 20
10181.09384870734
 30
0.0
 10
3886.319437233457
 20
10181.09384870734
 30
0.0
 10
3886.319437233457
 20
10181.09384870734
 30
0.0
  0
SPLINE
  5
235E5
330
19
100
AcDbEntity
  8
ºöåçæÄ
100
AcDbSpline
210
0.0
220
0.0
230
0.0
 70
    24
 71
     3
 72
     8
 73
     4
 74
     0
 42
0.000000001
 43
0.0000000001
 40
0.0
 40
0.0
 40
0.0
 40
0.0
 40
1.0
 40
1.0
 40
1.0
 40
1.0
 10
3886.864041366042
 20
10181.63760718133
 30
0.0
 10
3886.864041366042
 20
10181.63760718133
 30
0.0
 10
3889.581142418809
 20
10184.35259408764
 30
0.0
 10
3889.581142418809
 20
10184.35259408764
 30
0.0
  0
SPLINE
  5
235E6
330
19
100
AcDbEntity
  8
ºöåçæÄ
100
AcDbSpline
210
0.0
220
0.0
230
1.0
 70
    11
 71
     3
 72
    28
 73
    24
 74
     0
 42
0.000000001
 43
0.0000000001
 40
0.0
 40
0.0
 40
0.0
 40
0.0
 40
0.1428571428571428
 40
0.1428571428571428
 40
0.1428571428571428
 40
0.1428571528571428
 40
0.2857142857142857
 40
0.2857142857142857
 40
0.2857142857142857
 40
0.2857142957142857
 40
0.4285714285714289
 40
0.4285714285714289
 40
0.4285714285714289
 40
0.4285714385714289
 40
0.5714285714285714
 40
0.5714285714285714
 40
0.5714285714285714
 40
0.5714285814285715
 40
0.7142857142857145
 40
0.7142857142857145
 40
0.7142857142857145
 40
0.7142857242857146
 40
1.0
 40
1.0
 40
1.0
 40
1.0
 10
3890.123632404919
 20
10184.89635256162
 30
0.0
 10
3890.123632404919
 20
10184.89635256162
 30
0.0
 10
3890.340543833505
 20
10184.89635256162
 30
0.0
 10
3890.340543833505
 20
10184.89635256162
 30
0.0
 10
3890.340543833505
 20
10184.89635256162
 30
0.0
 10
3890.340543833505
 20
10185.01601325225
 30
0.0
 10
3890.242870266245
 20
10185.11326399021
 30
0.0
 10
3890.123632404919
 20
10185.11326399021
 30
0.0
 10
3890.123632404919
 20
10185.11326399021
 30
0.0
 10
3890.003971714295
 20
10185.11326399021
 30
0.0
 10
3889.906720976333
 20
10185.01601325225
 30
0.0
 10
3889.906720976333
 20
10184.89635256162
 30
0.0
 10
3889.906720976333
 20
10184.89635256162
 30
0.0
 10
3889.906720976333
 20
10184.7771147003
 30
0.0
 10
3890.003971714295
 20
10184.67944113304
 30
0.0
 10
3890.123632404919
 20
10184.67944113304
 30
0.0
 10
3890.123632404919
 20
10184.67944113304
 30
0.0
 10
3890.242870266245
 20
10184.67944113304
 30
0.0
 10
3890.340543833505
 20
10184.7771147003
 30
0.0
 10
3890.340543833505
 20
10184.89635256162
 30
0.0
 10
3890.340543833505
 20
10184.89635256162
 30
0.0
 10
3890.340543833505
 20
10184.89635256162
 30
0.0
 10
3890.123632404919
 20
10184.89635256162
 30
0.0
 10
3890.123632404919
 20
10184.89635256162
 30
0.0
  0
SPLINE
  5
235E7
330
19
100
AcDbEntity
  8
ºöåçæÄ
100
AcDbSpline
210
0.0
220
0.0
230
0.0
 70
    24
 71
     3
 72
     8
 73
     4
 74
     0
 42
0.000000001
 43
0.0000000001
 40
0.0
 40
0.0
 40
0.0
 40
0.0
 40
1.0
 40
1.0
 40
1.0
 40
1.0
 10
3890.666545220333
 20
10185.44011103561
 30
0.0
 10
3890.666545220333
 20
10185.44011103561
 30
0.0
 10
3891.469498052446
 20
10186.24306386774
 30
0.0
 10
3891.469498052446
 20
10186.24306386774
 30
0.0
  0
SPLINE
  5
235E8
330
19
100
AcDbEntity
  8
ºöåçæÄ
100
AcDbSpline
210
0.0
220
0.0
230
0.0
 70
    24
 71
     3
 72
     8
 73
     4
 74
     0
 42
0.000000001
 43
0.0000000001
 40
0.0
 40
0.0
 40
0.0
 40
0.0
 40
1.0
 40
1.0
 40
1.0
 40
1.0
 10
3883.925377762427
 20
10176.52475534035
 30
0.0
 10
3883.925377762427
 20
10176.52475534035
 30
0.0
 10
3884.961732365659
 20
10177.56110994358
 30
0.0
 10
3884.961732365659
 20
10177.56110994358
 30
0.0
  0
SPLINE
  5
235E9
330
19
100
AcDbEntity
  8
ºöåçæÄ
100
AcDbSpline
210
0.0
220
0.0
230
1.0
 70
    11
 71
     3
 72
    28
 73
    24
 74
     0
 42
0.000000001
 43
0.0000000001
 40
0.0
 40
0.0
 40
0.0
 40
0.0
 40
0.1428571428571428
 40
0.1428571428571428
 40
0.1428571428571428
 40
0.1428571528571428
 40
0.2857142857142857
 40
0.2857142857142857
 40
0.2857142857142857
 40
0.2857142957142857
 40
0.4285714285714289
 40
0.4285714285714289
 40
0.4285714285714289
 40
0.4285714385714289
 40
0.5714285714285714
 40
0.5714285714285714
 40
0.5714285714285714
 40
0.5714285814285715
 40
0.7142857142857145
 40
0.7142857142857145
 40
0.7142857142857145
 40
0.7142857242857146
 40
1.0
 40
1.0
 40
1.0
 40
1.0
 10
3885.50464518105
 20
10178.10444558827
 30
0.0
 10
3885.50464518105
 20
10178.10444558827
 30
0.0
 10
3885.721133780348
 20
10178.10444558827
 30
0.0
 10
3885.721133780348
 20
10178.10444558827
 30
0.0
 10
3885.721133780348
 20
10178.10444558827
 30
0.0
 10
3885.721133780348
 20
10178.2236834496
 30
0.0
 10
3885.623883042377
 20
10178.32093418756
 30
0.0
 10
3885.50464518105
 20
10178.32093418756
 30
0.0
 10
3885.50464518105
 20
10178.32093418756
 30
0.0
 10
3885.384984490442
 20
10178.32093418756
 30
0.0
 10
3885.287733752465
 20
10178.2236834496
 30
0.0
 10
3885.287733752465
 20
10178.10444558827
 30
0.0
 10
3885.287733752465
 20
10178.10444558827
 30
0.0
 10
3885.287733752465
 20
10177.98478489765
 30
0.0
 10
3885.384984490442
 20
10177.88753415969
 30
0.0
 10
3885.50464518105
 20
10177.88753415969
 30
0.0
 10
3885.50464518105
 20
10177.88753415969
 30
0.0
 10
3885.623883042377
 20
10177.88753415969
 30
0.0
 10
3885.721133780348
 20
10177.98478489765
 30
0.0
 10
3885.721133780348
 20
10178.10444558827
 30
0.0
 10
3885.721133780348
 20
10178.10444558827
 30
0.0
 10
3885.721133780348
 20
10178.10444558827
 30
0.0
 10
3885.50464518105
 20
10178.10444558827
 30
0.0
 10
3885.50464518105
 20
10178.10444558827
 30
0.0
  0
SPLINE
  5
235EA
330
19
100
AcDbEntity
  8
ºöåçæÄ
100
AcDbSpline
210
0.0
220
0.0
230
0.0
 70
    24
 71
     3
 72
     8
 73
     4
 74
     0
 42
0.000000001
 43
0.0000000001
 40
0.0
 40
0.0
 40
0.0
 40
0.0
 40
1.0
 40
1.0
 40
1.0
 40
1.0
 10
3886.047557996457
 20
10178.64862689156
 30
0.0
 10
3886.047557996457
 20
10178.64862689156
 30
0.0
 10
3888.764659049232
 20
10181.36530511504
 30
0.0
 10
3888.764659049232
 20
10181.36530511504
 30
0.0
  0
SPLINE
  5
235EB
330
19
100
AcDbEntity
  8
ºöåçæÄ
100
AcDbSpline
210
0.0
220
0.0
230
1.0
 70
    11
 71
     3
 72
    28
 73
    24
 74
     0
 42
0.000000001
 43
0.0000000001
 40
0.0
 40
0.0
 40
0.0
 40
0.0
 40
0.1428571428571428
 40
0.1428571428571428
 40
0.1428571428571428
 40
0.1428571528571428
 40
0.2857142857142857
 40
0.2857142857142857
 40
0.2857142857142857
 40
0.2857142957142857
 40
0.4285714285714289
 40
0.4285714285714289
 40
0.4285714285714289
 40
0.4285714385714289
 40
0.5714285714285714
 40
0.5714285714285714
 40
0.5714285714285714
 40
0.5714285814285715
 40
0.7142857142857145
 40
0.7142857142857145
 40
0.7142857142857145
 40
0.7142857242857146
 40
1.0
 40
1.0
 40
1.0
 40
1.0
 10
3889.308840352527
 20
10181.90864075974
 30
0.0
 10
3889.308840352527
 20
10181.90864075974
 30
0.0
 10
3889.525328951817
 20
10181.90864075974
 30
0.0
 10
3889.525328951817
 20
10181.90864075974
 30
0.0
 10
3889.525328951817
 20
10181.90864075974
 30
0.0
 10
3889.525328951817
 20
10182.02787862106
 30
0.0
 10
3889.428078213846
 20
10182.12512935902
 30
0.0
 10
3889.308840352527
 20
10182.12512935902
 30
0.0
 10
3889.308840352527
 20
10182.12512935902
 30
0.0
 10
3889.189179661912
 20
10182.12512935902
 30
0.0
 10
3889.091928923934
 20
10182.02787862106
 30
0.0
 10
3889.091928923934
 20
10181.90864075974
 30
0.0
 10
3889.091928923934
 20
10181.90864075974
 30
0.0
 10
3889.091928923934
 20
10181.78898006911
 30
0.0
 10
3889.189179661912
 20
10181.69172933116
 30
0.0
 10
3889.308840352527
 20
10181.69172933116
 30
0.0
 10
3889.308840352527
 20
10181.69172933116
 30
0.0
 10
3889.428078213846
 20
10181.69172933116
 30
0.0
 10
3889.525328951817
 20
10181.78898006911
 30
0.0
 10
3889.525328951817
 20
10181.90864075974
 30
0.0
 10
3889.525328951817
 20
10181.90864075974
 30
0.0
 10
3889.525328951817
 20
10181.90864075974
 30
0.0
 10
3889.308840352527
 20
10181.90864075974
 30
0.0
 10
3889.308840352527
 20
10181.90864075974
 30
0.0
  0
SPLINE
  5
235EC
330
19
100
AcDbEntity
  8
ºöåçæÄ
100
AcDbSpline
210
0.0
220
0.0
230
0.0
 70
    24
 71
     3
 72
     8
 73
     4
 74
     0
 42
0.000000001
 43
0.0000000001
 40
0.0
 40
0.0
 40
0.0
 40
0.0
 40
1.0
 40
1.0
 40
1.0
 40
1.0
 10
3889.851753167926
 20
10182.45070791655
 30
0.0
 10
3889.851753167926
 20
10182.45070791655
 30
0.0
 10
3892.568854220701
 20
10185.16823179862
 30
0.0
 10
3892.568854220701
 20
10185.16823179862
 30
0.0
  0
SPLINE
  5
235ED
330
19
100
AcDbEntity
  8
ºöåçæÄ
100
AcDbSpline
210
0.0
220
0.0
230
1.0
 70
    11
 71
     3
 72
    28
 73
    24
 74
     0
 42
0.000000001
 43
0.0000000001
 40
0.0
 40
0.0
 40
0.0
 40
0.0
 40
0.1428571428571428
 40
0.1428571428571428
 40
0.1428571428571428
 40
0.1428571528571428
 40
0.2857142857142857
 40
0.2857142857142857
 40
0.2857142857142857
 40
0.2857142957142857
 40
0.4285714285714289
 40
0.4285714285714289
 40
0.4285714285714289
 40
0.4285714385714289
 40
0.5714285714285714
 40
0.5714285714285714
 40
0.5714285714285714
 40
0.5714285814285715
 40
0.7142857142857145
 40
0.7142857142857145
 40
0.7142857142857145
 40
0.7142857242857146
 40
1.0
 40
1.0
 40
1.0
 40
1.0
 10
3893.113035523997
 20
10185.7128359312
 30
0.0
 10
3893.113035523997
 20
10185.7128359312
 30
0.0
 10
3893.329524123272
 20
10185.7128359312
 30
0.0
 10
3893.329524123272
 20
10185.7128359312
 30
0.0
 10
3893.329524123272
 20
10185.7128359312
 30
0.0
 10
3893.329524123272
 20
10185.83207379253
 30
0.0
 10
3893.232273385316
 20
10185.92932453049
 30
0.0
 10
3893.113035523997
 20
10185.92932453049
 30
0.0
 10
3893.113035523997
 20
10185.92932453049
 30
0.0
 10
3892.993374833359
 20
10185.92932453049
 30
0.0
 10
3892.896124095403
 20
10185.83207379253
 30
0.0
 10
3892.896124095403
 20
10185.7128359312
 30
0.0
 10
3892.896124095403
 20
10185.7128359312
 30
0.0
 10
3892.896124095403
 20
10185.59317524058
 30
0.0
 10
3892.993374833359
 20
10185.49592450262
 30
0.0
 10
3893.113035523997
 20
10185.49592450262
 30
0.0
 10
3893.113035523997
 20
10185.49592450262
 30
0.0
 10
3893.232273385316
 20
10185.49592450262
 30
0.0
 10
3893.329524123272
 20
10185.59317524058
 30
0.0
 10
3893.329524123272
 20
10185.7128359312
 30
0.0
 10
3893.329524123272
 20
10185.7128359312
 30
0.0
 10
3893.329524123272
 20
10185.7128359312
 30
0.0
 10
3893.113035523997
 20
10185.7128359312
 30
0.0
 10
3893.113035523997
 20
10185.7128359312
 30
0.0
  0
SPLINE
  5
235EE
330
19
100
AcDbEntity
  8
ºöåçæÄ
100
AcDbSpline
210
0.0
220
0.0
230
0.0
 70
    24
 71
     3
 72
     8
 73
     4
 74
     0
 42
0.000000001
 43
0.0000000001
 40
0.0
 40
0.0
 40
0.0
 40
0.0
 40
1.0
 40
1.0
 40
1.0
 40
1.0
 10
3886.099143170506
 20
10176.52475534035
 30
0.0
 10
3886.099143170506
 20
10176.52475534035
 30
0.0
 10
3887.949866996833
 20
10178.37632482527
 30
0.0
 10
3887.949866996833
 20
10178.37632482527
 30
0.0
  0
SPLINE
  5
235EF
330
19
100
AcDbEntity
  8
ºöåçæÄ
100
AcDbSpline
210
0.0
220
0.0
230
1.0
 70
    11
 71
     3
 72
    28
 73
    24
 74
     0
 42
0.000000001
 43
0.0000000001
 40
0.0
 40
0.0
 40
0.0
 40
0.0
 40
0.1428571428571428
 40
0.1428571428571428
 40
0.1428571428571428
 40
0.1428571528571428
 40
0.2857142857142857
 40
0.2857142857142857
 40
0.2857142857142857
 40
0.2857142957142857
 40
0.4285714285714289
 40
0.4285714285714289
 40
0.4285714285714289
 40
0.4285714385714289
 40
0.5714285714285714
 40
0.5714285714285714
 40
0.5714285714285714
 40
0.5714285814285715
 40
0.7142857142857145
 40
0.7142857142857145
 40
0.7142857142857145
 40
0.7142857242857146
 40
1.0
 40
1.0
 40
1.0
 40
1.0
 10
3888.493625470824
 20
10178.91923764067
 30
0.0
 10
3888.493625470824
 20
10178.91923764067
 30
0.0
 10
3888.710536899404
 20
10178.91923764067
 30
0.0
 10
3888.710536899404
 20
10178.91923764067
 30
0.0
 10
3888.710536899404
 20
10178.91923764067
 30
0.0
 10
3888.710536899404
 20
10179.03889833129
 30
0.0
 10
3888.613286161455
 20
10179.13614906925
 30
0.0
 10
3888.493625470824
 20
10179.13614906925
 30
0.0
 10
3888.493625470824
 20
10179.13614906925
 30
0.0
 10
3888.374387609506
 20
10179.13614906925
 30
0.0
 10
3888.277136871542
 20
10179.03889833129
 30
0.0
 10
3888.277136871542
 20
10178.91923764067
 30
0.0
 10
3888.277136871542
 20
10178.91923764067
 30
0.0
 10
3888.277136871542
 20
10178.79999977934
 30
0.0
 10
3888.374387609506
 20
10178.70274904138
 30
0.0
 10
3888.493625470824
 20
10178.70274904138
 30
0.0
 10
3888.493625470824
 20
10178.70274904138
 30
0.0
 10
3888.613286161455
 20
10178.70274904138
 30
0.0
 10
3888.710536899404
 20
10178.79999977934
 30
0.0
 10
3888.710536899404
 20
10178.91923764067
 30
0.0
 10
3888.710536899404
 20
10178.91923764067
 30
0.0
 10
3888.710536899404
 20
10178.91923764067
 30
0.0
 10
3888.493625470824
 20
10178.91923764067
 30
0.0
 10
3888.493625470824
 20
10178.91923764067
 30
0.0
  0
SPLINE
  5
235F0
330
19
100
AcDbEntity
  8
ºöåçæÄ
100
AcDbSpline
210
0.0
220
0.0
230
0.0
 70
    24
 71
     3
 72
     8
 73
     4
 74
     0
 42
0.000000001
 43
0.0000000001
 40
0.0
 40
0.0
 40
0.0
 40
0.0
 40
1.0
 40
1.0
 40
1.0
 40
1.0
 10
3889.036538286239
 20
10179.46341894396
 30
0.0
 10
3889.036538286239
 20
10179.46341894396
 30
0.0
 10
3891.75406216831
 20
10182.18051999673
 30
0.0
 10
3891.75406216831
 20
10182.18051999673
 30
0.0
  0
SPLINE
  5
235F1
330
19
100
AcDbEntity
  8
ºöåçæÄ
100
AcDbSpline
210
0.0
220
0.0
230
1.0
 70
    11
 71
     3
 72
    28
 73
    24
 74
     0
 42
0.000000001
 43
0.0000000001
 40
0.0
 40
0.0
 40
0.0
 40
0.0
 40
0.1428571428571428
 40
0.1428571428571428
 40
0.1428571428571428
 40
0.1428571528571428
 40
0.2857142857142857
 40
0.2857142857142857
 40
0.2857142857142857
 40
0.2857142957142857
 40
0.4285714285714289
 40
0.4285714285714289
 40
0.4285714285714289
 40
0.4285714385714289
 40
0.5714285714285714
 40
0.5714285714285714
 40
0.5714285714285714
 40
0.5714285814285715
 40
0.7142857142857145
 40
0.7142857142857145
 40
0.7142857142857145
 40
0.7142857242857146
 40
1.0
 40
1.0
 40
1.0
 40
1.0
 10
3892.297820642301
 20
10182.72343281213
 30
0.0
 10
3892.297820642301
 20
10182.72343281213
 30
0.0
 10
3892.514732070888
 20
10182.72343281213
 30
0.0
 10
3892.514732070888
 20
10182.72343281213
 30
0.0
 10
3892.514732070888
 20
10182.72343281213
 30
0.0
 10
3892.514732070888
 20
10182.84309350276
 30
0.0
 10
3892.41748133291
 20
10182.94034424072
 30
0.0
 10
3892.297820642301
 20
10182.94034424072
 30
0.0
 10
3892.297820642301
 20
10182.94034424072
 30
0.0
 10
3892.178582780967
 20
10182.94034424072
 30
0.0
 10
3892.081332043004
 20
10182.84309350276
 30
0.0
 10
3892.081332043004
 20
10182.72343281213
 30
0.0
 10
3892.081332043004
 20
10182.72343281213
 30
0.0
 10
3892.081332043004
 20
10182.60419495081
 30
0.0
 10
3892.178582780967
 20
10182.50694421285
 30
0.0
 10
3892.297820642301
 20
10182.50694421285
 30
0.0
 10
3892.297820642301
 20
10182.50694421285
 30
0.0
 10
3892.41748133291
 20
10182.50694421285
 30
0.0
 10
3892.514732070888
 20
10182.60419495081
 30
0.0
 10
3892.514732070888
 20
10182.72343281213
 30
0.0
 10
3892.514732070888
 20
10182.72343281213
 30
0.0
 10
3892.514732070888
 20
10182.72343281213
 30
0.0
 10
3892.297820642301
 20
10182.72343281213
 30
0.0
 10
3892.297820642301
 20
10182.72343281213
 30
0.0
  0
SPLINE
  5
235F2
330
19
100
AcDbEntity
  8
ºöåçæÄ
100
AcDbSpline
210
0.0
220
0.0
230
0.0
 70
    24
 71
     3
 72
     8
 73
     4
 74
     0
 42
0.000000001
 43
0.0000000001
 40
0.0
 40
0.0
 40
0.0
 40
0.0
 40
1.0
 40
1.0
 40
1.0
 40
1.0
 10
3892.8407334577
 20
10183.26761411542
 30
0.0
 10
3892.8407334577
 20
10183.26761411542
 30
0.0
 10
3895.557411681179
 20
10185.9847151682
 30
0.0
 10
3895.557411681179
 20
10185.9847151682
 30
0.0
  0
SPLINE
  5
235F3
330
19
100
AcDbEntity
  8
ºöåçæÄ
100
AcDbSpline
210
0.0
220
0.0
230
1.0
 70
    11
 71
     3
 72
    28
 73
    24
 74
     0
 42
0.000000001
 43
0.0000000001
 40
0.0
 40
0.0
 40
0.0
 40
0.0
 40
0.1428571428571428
 40
0.1428571428571428
 40
0.1428571428571428
 40
0.1428571528571428
 40
0.2857142857142857
 40
0.2857142857142857
 40
0.2857142857142857
 40
0.2857142957142857
 40
0.4285714285714289
 40
0.4285714285714289
 40
0.4285714285714289
 40
0.4285714385714289
 40
0.5714285714285714
 40
0.5714285714285714
 40
0.5714285714285714
 40
0.5714285814285715
 40
0.7142857142857145
 40
0.7142857142857145
 40
0.7142857142857145
 40
0.7142857242857146
 40
1.0
 40
1.0
 40
1.0
 40
1.0
 10
3895.644514516049
 20
10186.07012668589
 30
0.0
 10
3895.644514516049
 20
10186.07012668589
 30
0.0
 10
3895.861425944635
 20
10186.07012668589
 30
0.0
 10
3895.861425944635
 20
10186.07012668589
 30
0.0
 10
3895.861425944635
 20
10186.07012668589
 30
0.0
 10
3895.861425944635
 20
10186.18936454722
 30
0.0
 10
3895.764175206665
 20
10186.28703811447
 30
0.0
 10
3895.644514516049
 20
10186.28703811447
 30
0.0
 10
3895.644514516049
 20
10186.28703811447
 30
0.0
 10
3895.525276654722
 20
10186.28703811447
 30
0.0
 10
3895.428025916759
 20
10186.18936454722
 30
0.0
 10
3895.428025916759
 20
10186.07012668589
 30
0.0
 10
3895.428025916759
 20
10186.07012668589
 30
0.0
 10
3895.428025916759
 20
10185.95046599527
 30
0.0
 10
3895.525276654722
 20
10185.85321525731
 30
0.0
 10
3895.644514516049
 20
10185.85321525731
 30
0.0
 10
3895.644514516049
 20
10185.85321525731
 30
0.0
 10
3895.764175206665
 20
10185.85321525731
 30
0.0
 10
3895.861425944635
 20
10185.95046599527
 30
0.0
 10
3895.861425944635
 20
10186.07012668589
 30
0.0
 10
3895.861425944635
 20
10186.07012668589
 30
0.0
 10
3895.861425944635
 20
10186.07012668589
 30
0.0
 10
3895.644514516049
 20
10186.07012668589
 30
0.0
 10
3895.644514516049
 20
10186.07012668589
 30
0.0
  0
SPLINE
  5
235F4
330
19
100
AcDbEntity
  8
ºöåçæÄ
100
AcDbSpline
210
0.0
220
0.0
230
0.0
 70
    24
 71
     3
 72
     8
 73
     4
 74
     0
 42
0.000000001
 43
0.0000000001
 40
0.0
 40
0.0
 40
0.0
 40
0.0
 40
1.0
 40
1.0
 40
1.0
 40
1.0
 10
3888.27206292
 20
10176.52475534035
 30
0.0
 10
3888.27206292
 20
10176.52475534035
 30
0.0
 10
3890.93842445731
 20
10179.19111687766
 30
0.0
 10
3890.93842445731
 20
10179.19111687766
 30
0.0
  0
SPLINE
  5
235F5
330
19
100
AcDbEntity
  8
ºöåçæÄ
100
AcDbSpline
210
0.0
220
0.0
230
1.0
 70
    11
 71
     3
 72
    28
 73
    24
 74
     0
 42
0.000000001
 43
0.0000000001
 40
0.0
 40
0.0
 40
0.0
 40
0.0
 40
0.1428571428571428
 40
0.1428571428571428
 40
0.1428571428571428
 40
0.1428571528571428
 40
0.2857142857142857
 40
0.2857142857142857
 40
0.2857142857142857
 40
0.2857142957142857
 40
0.4285714285714289
 40
0.4285714285714289
 40
0.4285714285714289
 40
0.4285714385714289
 40
0.5714285714285714
 40
0.5714285714285714
 40
0.5714285714285714
 40
0.5714285814285715
 40
0.7142857142857145
 40
0.7142857142857145
 40
0.7142857142857145
 40
0.7142857242857146
 40
1.0
 40
1.0
 40
1.0
 40
1.0
 10
3891.48302858991
 20
10179.73614383954
 30
0.0
 10
3891.48302858991
 20
10179.73614383954
 30
0.0
 10
3891.699940018482
 20
10179.73614383954
 30
0.0
 10
3891.699940018482
 20
10179.73614383954
 30
0.0
 10
3891.699940018482
 20
10179.73614383954
 30
0.0
 10
3891.699940018482
 20
10179.85538170087
 30
0.0
 10
3891.602689280519
 20
10179.95305526813
 30
0.0
 10
3891.48302858991
 20
10179.95305526813
 30
0.0
 10
3891.48302858991
 20
10179.95305526813
 30
0.0
 10
3891.363790728576
 20
10179.95305526813
 30
0.0
 10
3891.266539990613
 20
10179.85538170087
 30
0.0
 10
3891.266539990613
 20
10179.73614383954
 30
0.0
 10
3891.266539990613
 20
10179.73614383954
 30
0.0
 10
3891.266539990613
 20
10179.61690597822
 30
0.0
 10
3891.363790728576
 20
10179.51923241096
 30
0.0
 10
3891.48302858991
 20
10179.51923241096
 30
0.0
 10
3891.48302858991
 20
10179.51923241096
 30
0.0
 10
3891.602689280519
 20
10179.51923241096
 30
0.0
 10
3891.699940018482
 20
10179.61690597822
 30
0.0
 10
3891.699940018482
 20
10179.73614383954
 30
0.0
 10
3891.699940018482
 20
10179.73614383954
 30
0.0
 10
3891.699940018482
 20
10179.73614383954
 30
0.0
 10
3891.48302858991
 20
10179.73614383954
 30
0.0
 10
3891.48302858991
 20
10179.73614383954
 30
0.0
  0
SPLINE
  5
235F6
330
19
100
AcDbEntity
  8
ºöåçæÄ
100
AcDbSpline
210
0.0
220
0.0
230
0.0
 70
    24
 71
     3
 72
     8
 73
     4
 74
     0
 42
0.000000001
 43
0.0000000001
 40
0.0
 40
0.0
 40
0.0
 40
0.0
 40
1.0
 40
1.0
 40
1.0
 40
1.0
 10
3892.025518576012
 20
10180.27821099635
 30
0.0
 10
3892.025518576012
 20
10180.27821099635
 30
0.0
 10
3894.742619628787
 20
10182.99531204913
 30
0.0
 10
3894.742619628787
 20
10182.99531204913
 30
0.0
  0
SPLINE
  5
235F7
330
19
100
AcDbEntity
  8
ºöåçæÄ
100
AcDbSpline
210
0.0
220
0.0
230
1.0
 70
    11
 71
     3
 72
    28
 73
    24
 74
     0
 42
0.000000001
 43
0.0000000001
 40
0.0
 40
0.0
 40
0.0
 40
0.0
 40
0.1428571428571428
 40
0.1428571428571428
 40
0.1428571428571428
 40
0.1428571528571428
 40
0.2857142857142857
 40
0.2857142857142857
 40
0.2857142857142857
 40
0.2857142957142857
 40
0.4285714285714289
 40
0.4285714285714289
 40
0.4285714285714289
 40
0.4285714385714289
 40
0.5714285714285714
 40
0.5714285714285714
 40
0.5714285714285714
 40
0.5714285814285715
 40
0.7142857142857145
 40
0.7142857142857145
 40
0.7142857142857145
 40
0.7142857242857146
 40
1.0
 40
1.0
 40
1.0
 40
1.0
 10
3895.285955273476
 20
10183.53822486453
 30
0.0
 10
3895.285955273476
 20
10183.53822486453
 30
0.0
 10
3895.502443872773
 20
10183.53822486453
 30
0.0
 10
3895.502443872773
 20
10183.53822486453
 30
0.0
 10
3895.502443872773
 20
10183.53822486453
 30
0.0
 10
3895.502443872773
 20
10183.65788555515
 30
0.0
 10
3895.405193134802
 20
10183.75513629312
 30
0.0
 10
3895.285955273476
 20
10183.75513629312
 30
0.0
 10
3895.285955273476
 20
10183.75513629312
 30
0.0
 10
3895.166294582852
 20
10183.75513629312
 30
0.0
 10
3895.069043844897
 20
10183.65788555515
 30
0.0
 10
3895.069043844897
 20
10183.53822486453
 30
0.0
 10
3895.069043844897
 20
10183.53822486453
 30
0.0
 10
3895.069043844897
 20
10183.4189870032
 30
0.0
 10
3895.166294582852
 20
10183.32173626525
 30
0.0
 10
3895.285955273476
 20
10183.32173626525
 30
0.0
 10
3895.285955273476
 20
10183.32173626525
 30
0.0
 10
3895.405193134802
 20
10183.32173626525
 30
0.0
 10
3895.502443872773
 20
10183.4189870032
 30
0.0
 10
3895.502443872773
 20
10183.53822486453
 30
0.0
 10
3895.502443872773
 20
10183.53822486453
 30
0.0
 10
3895.502443872773
 20
10183.53822486453
 30
0.0
 10
3895.285955273476
 20
10183.53822486453
 30
0.0
 10
3895.285955273476
 20
10183.53822486453
 30
0.0
  0
SPLINE
  5
235F8
330
19
100
AcDbEntity
  8
ºöåçæÄ
100
AcDbSpline
210
0.0
220
0.0
230
0.0
 70
    24
 71
     3
 72
     8
 73
     4
 74
     0
 42
0.000000001
 43
0.0000000001
 40
0.0
 40
0.0
 40
0.0
 40
0.0
 40
1.0
 40
1.0
 40
1.0
 40
1.0
 10
3895.829713747467
 20
10184.08240616782
 30
0.0
 10
3895.829713747467
 20
10184.08240616782
 30
0.0
 10
3896.567128038793
 20
10184.81939762985
 30
0.0
 10
3896.567128038793
 20
10184.81939762985
 30
0.0
  0
SPLINE
  5
235F9
330
19
100
AcDbEntity
  8
ºöåçæÄ
100
AcDbSpline
210
0.0
220
0.0
230
1.0
 70
    11
 71
     3
 72
    28
 73
    24
 74
     0
 42
0.000000001
 43
0.0000000001
 40
0.0
 40
0.0
 40
0.0
 40
0.0
 40
0.1428571428571428
 40
0.1428571428571428
 40
0.1428571428571428
 40
0.1428571528571428
 40
0.2857142857142857
 40
0.2857142857142857
 40
0.2857142857142857
 40
0.2857142957142857
 40
0.4285714285714289
 40
0.4285714285714289
 40
0.4285714285714289
 40
0.4285714385714289
 40
0.5714285714285714
 40
0.5714285714285714
 40
0.5714285714285714
 40
0.5714285814285715
 40
0.7142857142857145
 40
0.7142857142857145
 40
0.7142857142857145
 40
0.7142857242857146
 40
1.0
 40
1.0
 40
1.0
 40
1.0
 10
3890.666545220333
 20
10176.74674072047
 30
0.0
 10
3890.666545220333
 20
10176.74674072047
 30
0.0
 10
3890.883456648911
 20
10176.74674072047
 30
0.0
 10
3890.883456648911
 20
10176.74674072047
 30
0.0
 10
3890.883456648911
 20
10176.74674072047
 30
0.0
 10
3890.883456648911
 20
10176.86640141109
 30
0.0
 10
3890.786205910934
 20
10176.96365214906
 30
0.0
 10
3890.666545220333
 20
10176.96365214906
 30
0.0
 10
3890.666545220333
 20
10176.96365214906
 30
0.0
 10
3890.547307358991
 20
10176.96365214906
 30
0.0
 10
3890.450056621028
 20
10176.86640141109
 30
0.0
 10
3890.450056621028
 20
10176.74674072047
 30
0.0
 10
3890.450056621028
 20
10176.74674072047
 30
0.0
 10
3890.450056621028
 20
10176.62750285915
 30
0.0
 10
3890.547307358991
 20
10176.53025212119
 30
0.0
 10
3890.666545220333
 20
10176.53025212119
 30
0.0
 10
3890.666545220333
 20
10176.53025212119
 30
0.0
 10
3890.786205910934
 20
10176.53025212119
 30
0.0
 10
3890.883456648911
 20
10176.62750285915
 30
0.0
 10
3890.883456648911
 20
10176.74674072047
 30
0.0
 10
3890.883456648911
 20
10176.74674072047
 30
0.0
 10
3890.883456648911
 20
10176.74674072047
 30
0.0
 10
3890.666545220333
 20
10176.74674072047
 30
0.0
 10
3890.666545220333
 20
10176.74674072047
 30
0.0
  0
SPLINE
  5
235FA
330
19
100
AcDbEntity
  8
ºöåçæÄ
100
AcDbSpline
210
0.0
220
0.0
230
0.0
 70
    24
 71
     3
 72
     8
 73
     4
 74
     0
 42
0.000000001
 43
0.0000000001
 40
0.0
 40
0.0
 40
0.0
 40
0.0
 40
1.0
 40
1.0
 40
1.0
 40
1.0
 10
3891.210726523607
 20
10177.28880787728
 30
0.0
 10
3891.210726523607
 20
10177.28880787728
 30
0.0
 10
3893.927827576388
 20
10180.00590893006
 30
0.0
 10
3893.927827576388
 20
10180.00590893006
 30
0.0
  0
SPLINE
  5
235FB
330
19
100
AcDbEntity
  8
ºöåçæÄ
100
AcDbSpline
210
0.0
220
0.0
230
1.0
 70
    11
 71
     3
 72
    28
 73
    24
 74
     0
 42
0.000000001
 43
0.0000000001
 40
0.0
 40
0.0
 40
0.0
 40
0.0
 40
0.1428571428571428
 40
0.1428571428571428
 40
0.1428571428571428
 40
0.1428571528571428
 40
0.2857142857142857
 40
0.2857142857142857
 40
0.2857142857142857
 40
0.2857142957142857
 40
0.4285714285714289
 40
0.4285714285714289
 40
0.4285714285714289
 40
0.4285714385714289
 40
0.5714285714285714
 40
0.5714285714285714
 40
0.5714285714285714
 40
0.5714285814285715
 40
0.7142857142857145
 40
0.7142857142857145
 40
0.7142857142857145
 40
0.7142857242857146
 40
1.0
 40
1.0
 40
1.0
 40
1.0
 10
3894.470740391795
 20
10180.54966740405
 30
0.0
 10
3894.470740391795
 20
10180.54966740405
 30
0.0
 10
3894.687651820374
 20
10180.54966740405
 30
0.0
 10
3894.687651820374
 20
10180.54966740405
 30
0.0
 10
3894.687651820374
 20
10180.54966740405
 30
0.0
 10
3894.687651820374
 20
10180.66890526538
 30
0.0
 10
3894.590401082404
 20
10180.76615600334
 30
0.0
 10
3894.470740391795
 20
10180.76615600334
 30
0.0
 10
3894.470740391795
 20
10180.76615600334
 30
0.0
 10
3894.351502530461
 20
10180.76615600334
 30
0.0
 10
3894.254251792512
 20
10180.66890526538
 30
0.0
 10
3894.254251792512
 20
10180.54966740405
 30
0.0
 10
3894.254251792512
 20
10180.54966740405
 30
0.0
 10
3894.254251792512
 20
10180.43000671343
 30
0.0
 10
3894.351502530461
 20
10180.33275597547
 30
0.0
 10
3894.470740391795
 20
10180.33275597547
 30
0.0
 10
3894.470740391795
 20
10180.33275597547
 30
0.0
 10
3894.590401082404
 20
10180.33275597547
 30
0.0
 10
3894.687651820374
 20
10180.43000671343
 30
0.0
 10
3894.687651820374
 20
10180.54966740405
 30
0.0
 10
3894.687651820374
 20
10180.54966740405
 30
0.0
 10
3894.687651820374
 20
10180.54966740405
 30
0.0
 10
3894.470740391795
 20
10180.54966740405
 30
0.0
 10
3894.470740391795
 20
10180.54966740405
 30
0.0
  0
SPLINE
  5
235FC
330
19
100
AcDbEntity
  8
ºöåçæÄ
100
AcDbSpline
210
0.0
220
0.0
230
0.0
 70
    24
 71
     3
 72
     8
 73
     4
 74
     0
 42
0.000000001
 43
0.0000000001
 40
0.0
 40
0.0
 40
0.0
 40
0.0
 40
1.0
 40
1.0
 40
1.0
 40
1.0
 10
3895.013653207186
 20
10181.09300304875
 30
0.0
 10
3895.013653207186
 20
10181.09300304875
 30
0.0
 10
3896.620827359317
 20
10182.70017720088
 30
0.0
 10
3896.620827359317
 20
10182.70017720088
 30
0.0
  0
SPLINE
  5
235FD
330
19
100
AcDbEntity
  8
ºöåçæÄ
100
AcDbSpline
210
0.0
220
0.0
230
0.0
 70
    24
 71
     3
 72
     8
 73
     4
 74
     0
 42
0.000000001
 43
0.0000000001
 40
0.0
 40
0.0
 40
0.0
 40
0.0
 40
1.0
 40
1.0
 40
1.0
 40
1.0
 10
3892.618748077572
 20
10176.52475534035
 30
0.0
 10
3892.618748077572
 20
10176.52475534035
 30
0.0
 10
3893.113035523997
 20
10177.01861995747
 30
0.0
 10
3893.113035523997
 20
10177.01861995747
 30
0.0
  0
SPLINE
  5
235FE
330
19
100
AcDbEntity
  8
ºöåçæÄ
100
AcDbSpline
210
0.0
220
0.0
230
1.0
 70
    11
 71
     3
 72
    28
 73
    24
 74
     0
 42
0.000000001
 43
0.0000000001
 40
0.0
 40
0.0
 40
0.0
 40
0.0
 40
0.1428571428571428
 40
0.1428571428571428
 40
0.1428571428571428
 40
0.1428571528571428
 40
0.2857142857142857
 40
0.2857142857142857
 40
0.2857142857142857
 40
0.2857142957142857
 40
0.4285714285714289
 40
0.4285714285714289
 40
0.4285714285714289
 40
0.4285714385714289
 40
0.5714285714285714
 40
0.5714285714285714
 40
0.5714285714285714
 40
0.5714285814285715
 40
0.7142857142857145
 40
0.7142857142857145
 40
0.7142857142857145
 40
0.7142857242857146
 40
1.0
 40
1.0
 40
1.0
 40
1.0
 10
3893.655525510107
 20
10177.56195560217
 30
0.0
 10
3893.655525510107
 20
10177.56195560217
 30
0.0
 10
3893.872436938679
 20
10177.56195560217
 30
0.0
 10
3893.872436938679
 20
10177.56195560217
 30
0.0
 10
3893.872436938679
 20
10177.56195560217
 30
0.0
 10
3893.872436938679
 20
10177.68119346349
 30
0.0
 10
3893.774763371426
 20
10177.77844420145
 30
0.0
 10
3893.655525510107
 20
10177.77844420145
 30
0.0
 10
3893.655525510107
 20
10177.77844420145
 30
0.0
 10
3893.535864819469
 20
10177.77844420145
 30
0.0
 10
3893.438614081521
 20
10177.68119346349
 30
0.0
 10
3893.438614081521
 20
10177.56195560217
 30
0.0
 10
3893.438614081521
 20
10177.56195560217
 30
0.0
 10
3893.438614081521
 20
10177.44229491154
 30
0.0
 10
3893.535864819469
 20
10177.34504417358
 30
0.0
 10
3893.655525510107
 20
10177.34504417358
 30
0.0
 10
3893.655525510107
 20
10177.34504417358
 30
0.0
 10
3893.774763371426
 20
10177.34504417358
 30
0.0
 10
3893.872436938679
 20
10177.44229491154
 30
0.0
 10
3893.872436938679
 20
10177.56195560217
 30
0.0
 10
3893.872436938679
 20
10177.56195560217
 30
0.0
 10
3893.872436938679
 20
10177.56195560217
 30
0.0
 10
3893.655525510107
 20
10177.56195560217
 30
0.0
 10
3893.655525510107
 20
10177.56195560217
 30
0.0
  0
SPLINE
  5
235FF
330
19
100
AcDbEntity
  8
ºöåçæÄ
100
AcDbSpline
210
0.0
220
0.0
230
0.0
 70
    24
 71
     3
 72
     8
 73
     4
 74
     0
 42
0.000000001
 43
0.0000000001
 40
0.0
 40
0.0
 40
0.0
 40
0.0
 40
1.0
 40
1.0
 40
1.0
 40
1.0
 10
3894.200129642678
 20
10178.10402275898
 30
0.0
 10
3894.200129642678
 20
10178.10402275898
 30
0.0
 10
3896.620827359317
 20
10180.5264117928
 30
0.0
 10
3896.620827359317
 20
10180.5264117928
 30
0.0
  0
SPLINE
  5
23600
330
19
100
AcDbEntity
  8
ºöåçæÄ
100
AcDbSpline
210
0.0
220
0.0
230
0.0
 70
    24
 71
     3
 72
     8
 73
     4
 74
     0
 42
0.000000001
 43
0.0000000001
 40
0.0
 40
0.0
 40
0.0
 40
0.0
 40
1.0
 40
1.0
 40
1.0
 40
1.0
 10
3894.793359144244
 20
10176.52475534035
 30
0.0
 10
3894.793359144244
 20
10176.52475534035
 30
0.0
 10
3896.102015813771
 20
10177.83341200987
 30
0.0
 10
3896.102015813771
 20
10177.83341200987
 30
0.0
  0
SPLINE
  5
23601
330
19
100
AcDbEntity
  8
ºöåçæÄ
100
AcDbSpline
210
0.0
220
0.0
230
1.0
 70
     8
 71
     3
 72
    12
 73
     8
 74
     0
 42
0.000000001
 43
0.0000000001
 40
0.2865565477446615
 40
0.2865565477446615
 40
0.2865565477446615
 40
0.2865565477446615
 40
0.4285714285714289
 40
0.4285714285714289
 40
0.4285714285714289
 40
0.4285714385714289
 40
0.5705863093981077
 40
0.5705863093981077
 40
0.5705863093981077
 40
0.5705863093981077
 10
3896.618713212842
 20
10178.57081617497
 30
0.0
 10
3896.500023300776
 20
10178.56967877375
 30
0.0
 10
3896.403915930738
 20
10178.47287006364
 30
0.0
 10
3896.403915930738
 20
10178.35391487261
 30
0.0
 10
3896.403915930738
 20
10178.35391487261
 30
0.0
 10
3896.403915930738
 20
10178.23538001794
 30
0.0
 10
3896.500023300776
 20
10178.13857378607
 30
0.0
 10
3896.618713212842
 20
10178.13743639945
 30
0.0
  0
SPLINE
  5
23602
330
19
100
AcDbEntity
  8
ºöåçæÄ
100
AcDbSpline
210
0.0
220
0.0
230
0.0
 70
    24
 71
     3
 72
     8
 73
     4
 74
     0
 42
0.000000001
 43
0.0000000001
 40
0.0
 40
0.0
 40
0.0
 40
0.0
 40
1.0
 40
1.0
 40
1.0
 40
1.0
 10
3869.868417834072
 20
10176.3788792334
 30
0.0
 10
3869.868417834072
 20
10176.3788792334
 30
0.0
 10
3870.013871111713
 20
10176.52475534035
 30
0.0
 10
3870.013871111713
 20
10176.52475534035
 30
0.0
  0
SPLINE
  5
23603
330
19
100
AcDbEntity
  8
ºöåçæÄ
100
AcDbSpline
210
0.0
220
0.0
230
0.0
 70
    24
 71
     3
 72
     8
 73
     4
 74
     0
 42
0.000000001
 43
0.0000000001
 40
0.0
 40
0.0
 40
0.0
 40
0.0
 40
1.0
 40
1.0
 40
1.0
 40
1.0
 10
3870.236279321138
 20
10174.13830679664
 30
0.0
 10
3870.236279321138
 20
10174.13830679664
 30
0.0
 10
3871.760156102073
 20
10175.66133791897
 30
0.0
 10
3871.760156102073
 20
10175.66133791897
 30
0.0
  0
SPLINE
  5
23604
330
19
100
AcDbEntity
  8
ºöåçæÄ
100
AcDbSpline
210
0.0
220
0.0
230
0.0
 70
    24
 71
     3
 72
     8
 73
     4
 74
     0
 42
0.000000001
 43
0.0000000001
 40
0.0
 40
0.0
 40
0.0
 40
0.0
 40
1.0
 40
1.0
 40
1.0
 40
1.0
 10
3869.868417834072
 20
10175.508273714
 30
0.0
 10
3869.868417834072
 20
10175.508273714
 30
0.0
 10
3870.882785313947
 20
10176.52475534035
 30
0.0
 10
3870.882785313947
 20
10176.52475534035
 30
0.0
  0
SPLINE
  5
23605
330
19
100
AcDbEntity
  8
ºöåçæÄ
100
AcDbSpline
210
0.0
220
0.0
230
0.0
 70
    24
 71
     3
 72
     8
 73
     4
 74
     0
 42
0.000000001
 43
0.0000000001
 40
0.0
 40
0.0
 40
0.0
 40
0.0
 40
1.0
 40
1.0
 40
1.0
 40
1.0
 10
3871.061219276622
 20
10174.09390972061
 30
0.0
 10
3871.061219276622
 20
10174.09390972061
 30
0.0
 10
3871.760156102073
 20
10174.79200088745
 30
0.0
 10
3871.760156102073
 20
10174.79200088745
 30
0.0
  0
SPLINE
  5
23606
330
19
100
AcDbEntity
  8
ºöåçæÄ
100
AcDbSpline
210
0.0
220
0.0
230
0.0
 70
    24
 71
     3
 72
     8
 73
     4
 74
     0
 42
0.000000001
 43
0.0000000001
 40
0.0
 40
0.0
 40
0.0
 40
0.0
 40
1.0
 40
1.0
 40
1.0
 40
1.0
 10
3870.468412604367
 20
10182.19616468067
 30
0.0
 10
3870.468412604367
 20
10182.19616468067
 30
0.0
 10
3870.863757995643
 20
10182.59108724265
 30
0.0
 10
3870.863757995643
 20
10182.59108724265
 30
0.0
  0
SPLINE
  5
23607
330
19
100
AcDbEntity
  8
ºöåçæÄ
100
AcDbSpline
210
0.0
220
0.0
230
0.0
 70
    24
 71
     3
 72
     8
 73
     4
 74
     0
 42
0.000000001
 43
0.0000000001
 40
0.0
 40
0.0
 40
0.0
 40
0.0
 40
1.0
 40
1.0
 40
1.0
 40
1.0
 10
3869.868417834072
 20
10178.98858164513
 30
0.0
 10
3869.868417834072
 20
10178.98858164513
 30
0.0
 10
3871.758464784888
 20
10180.87820576664
 30
0.0
 10
3871.758464784888
 20
10180.87820576664
 30
0.0
  0
SPLINE
  5
23608
330
19
100
AcDbEntity
  8
ºöåçæÄ
100
AcDbSpline
210
0.0
220
0.0
230
0.0
 70
    24
 71
     3
 72
     8
 73
     4
 74
     0
 42
0.000000001
 43
0.0000000001
 40
0.0
 40
0.0
 40
0.0
 40
0.0
 40
1.0
 40
1.0
 40
1.0
 40
1.0
 10
3870.01260262383
 20
10176.52475534035
 30
0.0
 10
3870.01260262383
 20
10176.52475534035
 30
0.0
 10
3871.758464784888
 20
10178.2706175014
 30
0.0
 10
3871.758464784888
 20
10178.2706175014
 30
0.0
  0
SPLINE
  5
23609
330
19
100
AcDbEntity
  8
ºöåçæÄ
100
AcDbSpline
210
0.0
220
0.0
230
0.0
 70
    24
 71
     3
 72
     8
 73
     4
 74
     0
 42
0.000000001
 43
0.0000000001
 40
0.0
 40
0.0
 40
0.0
 40
0.0
 40
1.0
 40
1.0
 40
1.0
 40
1.0
 10
3869.868417834072
 20
10180.72556439097
 30
0.0
 10
3869.868417834072
 20
10180.72556439097
 30
0.0
 10
3871.224431384684
 20
10182.08157794159
 30
0.0
 10
3871.224431384684
 20
10182.08157794159
 30
0.0
  0
SPLINE
  5
2360A
330
19
100
AcDbEntity
  8
ºöåçæÄ
100
AcDbSpline
210
0.0
220
0.0
230
0.0
 70
    24
 71
     3
 72
     8
 73
     4
 74
     0
 42
0.000000001
 43
0.0000000001
 40
0.0
 40
0.0
 40
0.0
 40
0.0
 40
1.0
 40
1.0
 40
1.0
 40
1.0
 10
3869.868417834072
 20
10178.11797612573
 30
0.0
 10
3869.868417834072
 20
10178.11797612573
 30
0.0
 10
3871.758464784888
 20
10180.00802307654
 30
0.0
 10
3871.758464784888
 20
10180.00802307654
 30
0.0
  0
SPLINE
  5
2360B
330
19
100
AcDbEntity
  8
ºöåçæÄ
100
AcDbSpline
210
0.0
220
0.0
230
0.0
 70
    24
 71
     3
 72
     8
 73
     4
 74
     0
 42
0.000000001
 43
0.0000000001
 40
0.0
 40
0.0
 40
0.0
 40
0.0
 40
1.0
 40
1.0
 40
1.0
 40
1.0
 10
3870.882785313947
 20
10176.52475534035
 30
0.0
 10
3870.882785313947
 20
10176.52475534035
 30
0.0
 10
3871.758464784888
 20
10177.400011982
 30
0.0
 10
3871.758464784888
 20
10177.400011982
 30
0.0
  0
SPLINE
  5
2360C
330
19
100
AcDbEntity
  8
ºöåçæÄ
100
AcDbSpline
210
0.0
220
0.0
230
0.0
 70
    24
 71
     3
 72
     8
 73
     4
 74
     0
 42
0.000000001
 43
0.0000000001
 40
0.0
 40
0.0
 40
0.0
 40
0.0
 40
1.0
 40
1.0
 40
1.0
 40
1.0
 10
3869.868417834072
 20
10173.77086813886
 30
0.0
 10
3869.868417834072
 20
10173.77086813886
 30
0.0
 10
3870.236279321138
 20
10174.13830679664
 30
0.0
 10
3870.236279321138
 20
10174.13830679664
 30
0.0
  0
SPLINE
  5
2360D
330
19
100
AcDbEntity
  8
ºöåçæÄ
100
AcDbSpline
210
0.0
220
0.0
230
0.0
 70
    24
 71
     3
 72
     8
 73
     4
 74
     0
 42
0.000000001
 43
0.0000000001
 40
0.0
 40
0.0
 40
0.0
 40
0.0
 40
1.0
 40
1.0
 40
1.0
 40
1.0
 10
3871.413436079771
 20
10172.70829811931
 30
0.0
 10
3871.413436079771
 20
10172.70829811931
 30
0.0
 10
3871.760156102073
 20
10173.05332682443
 30
0.0
 10
3871.760156102073
 20
10173.05332682443
 30
0.0
  0
SPLINE
  5
2360E
330
19
100
AcDbEntity
  8
ºöåçæÄ
100
AcDbSpline
210
0.0
220
0.0
230
0.0
 70
    24
 71
     3
 72
     8
 73
     4
 74
     0
 42
0.000000001
 43
0.0000000001
 40
0.0
 40
0.0
 40
0.0
 40
0.0
 40
1.0
 40
1.0
 40
1.0
 40
1.0
 10
3869.868417834072
 20
10172.90026261946
 30
0.0
 10
3869.868417834072
 20
10172.90026261946
 30
0.0
 10
3871.061219276622
 20
10174.09390972061
 30
0.0
 10
3871.061219276622
 20
10174.09390972061
 30
0.0
  0
SPLINE
  5
2360F
330
19
100
AcDbEntity
  8
ºöåçæÄ
100
AcDbSpline
210
0.0
220
0.0
230
0.0
 70
    24
 71
     3
 72
     8
 73
     4
 74
     0
 42
0.000000001
 43
0.0000000001
 40
0.0
 40
0.0
 40
0.0
 40
0.0
 40
1.0
 40
1.0
 40
1.0
 40
1.0
 10
3868.288727586145
 20
10172.19160072023
 30
0.0
 10
3868.288727586145
 20
10172.19160072023
 30
0.0
 10
3868.873077672508
 20
10172.77552797729
 30
0.0
 10
3868.873077672508
 20
10172.77552797729
 30
0.0
  0
SPLINE
  5
23610
330
19
100
AcDbEntity
  8
ºöåçæÄ
100
AcDbSpline
210
0.0
220
0.0
230
0.0
 70
    24
 71
     3
 72
     8
 73
     4
 74
     0
 42
0.000000001
 43
0.0000000001
 40
0.0
 40
0.0
 40
0.0
 40
0.0
 40
1.0
 40
1.0
 40
1.0
 40
1.0
 10
3868.945804311329
 20
10171.9784947553
 30
0.0
 10
3868.945804311329
 20
10171.9784947553
 30
0.0
 10
3869.695057822924
 20
10172.72901675479
 30
0.0
 10
3869.695057822924
 20
10172.72901675479
 30
0.0
  0
SPLINE
  5
23611
330
19
100
AcDbEntity
  8
ºöåçæÄ
100
AcDbSpline
210
0.0
220
0.0
230
0.0
 70
    24
 71
     3
 72
     8
 73
     4
 74
     0
 42
0.000000001
 43
0.0000000001
 40
0.0
 40
0.0
 40
0.0
 40
0.0
 40
1.0
 40
1.0
 40
1.0
 40
1.0
 10
3870.58934178288
 20
10171.88462665171
 30
0.0
 10
3870.58934178288
 20
10171.88462665171
 30
0.0
 10
3871.338595294461
 20
10172.63345733401
 30
0.0
 10
3871.338595294461
 20
10172.63345733401
 30
0.0
  0
SPLINE
  5
23612
330
19
100
AcDbEntity
  8
ºöåçæÄ
100
AcDbSpline
210
0.0
220
0.0
230
0.0
 70
    24
 71
     3
 72
     8
 73
     4
 74
     0
 42
0.000000001
 43
0.0000000001
 40
0.0
 40
0.0
 40
0.0
 40
0.0
 40
1.0
 40
1.0
 40
1.0
 40
1.0
 10
3871.411744762585
 20
10171.83600128273
 30
0.0
 10
3871.411744762585
 20
10171.83600128273
 30
0.0
 10
3871.760156102073
 20
10172.1848354515
 30
0.0
 10
3871.760156102073
 20
10172.1848354515
 30
0.0
  0
SPLINE
  5
23613
330
19
100
AcDbEntity
  8
ºöåçæÄ
100
AcDbSpline
210
0.0
220
0.0
230
0.0
 70
    24
 71
     3
 72
     8
 73
     4
 74
     0
 42
0.000000001
 43
0.0000000001
 40
0.0
 40
0.0
 40
0.0
 40
0.0
 40
1.0
 40
1.0
 40
1.0
 40
1.0
 10
3873.055282234129
 20
10171.74044186195
 30
0.0
 10
3873.055282234129
 20
10171.74044186195
 30
0.0
 10
3873.532233679436
 20
10172.21781613655
 30
0.0
 10
3873.532233679436
 20
10172.21781613655
 30
0.0
  0
SPLINE
  5
23614
330
19
100
AcDbEntity
  8
ºöåçæÄ
100
AcDbSpline
210
0.0
220
0.0
230
0.0
 70
    24
 71
     3
 72
     8
 73
     4
 74
     0
 42
0.000000001
 43
0.0000000001
 40
0.0
 40
0.0
 40
0.0
 40
0.0
 40
1.0
 40
1.0
 40
1.0
 40
1.0
 10
3871.760156102073
 20
10172.1848354515
 30
0.0
 10
3871.760156102073
 20
10172.1848354515
 30
0.0
 10
3872.160998274181
 20
10172.58483196503
 30
0.0
 10
3872.160998274181
 20
10172.58483196503
 30
0.0
  0
SPLINE
  5
23615
330
19
100
AcDbEntity
  8
ºöåçæÄ
100
AcDbSpline
210
0.0
220
0.0
230
0.0
 70
    24
 71
     3
 72
     8
 73
     4
 74
     0
 42
0.000000001
 43
0.0000000001
 40
0.0
 40
0.0
 40
0.0
 40
0.0
 40
1.0
 40
1.0
 40
1.0
 40
1.0
 10
3869.506053127852
 20
10170.7992238502
 30
0.0
 10
3869.506053127852
 20
10170.7992238502
 30
0.0
 10
3870.431626455657
 20
10171.72522000731
 30
0.0
 10
3870.431626455657
 20
10171.72522000731
 30
0.0
  0
SPLINE
  5
23616
330
19
100
AcDbEntity
  8
ºöåçæÄ
100
AcDbSpline
210
0.0
220
0.0
230
0.0
 70
    24
 71
     3
 72
     8
 73
     4
 74
     0
 42
0.000000001
 43
0.0000000001
 40
0.0
 40
0.0
 40
0.0
 40
0.0
 40
1.0
 40
1.0
 40
1.0
 40
1.0
 10
3872.153810176156
 20
10170.83896980398
 30
0.0
 10
3872.153810176156
 20
10170.83896980398
 30
0.0
 10
3872.303068917458
 20
10170.98780571599
 30
0.0
 10
3872.303068917458
 20
10170.98780571599
 30
0.0
  0
SPLINE
  5
23617
330
19
100
AcDbEntity
  8
ºöåçæÄ
100
AcDbSpline
210
0.0
220
0.0
230
0.0
 70
    24
 71
     3
 72
     8
 73
     4
 74
     0
 42
0.000000001
 43
0.0000000001
 40
0.0
 40
0.0
 40
0.0
 40
0.0
 40
1.0
 40
1.0
 40
1.0
 40
1.0
 10
3870.076449847462
 20
10170.50070636759
 30
0.0
 10
3870.076449847462
 20
10170.50070636759
 30
0.0
 10
3871.302231975054
 20
10171.72522000731
 30
0.0
 10
3871.302231975054
 20
10171.72522000731
 30
0.0
  0
SPLINE
  5
23618
330
19
100
AcDbEntity
  8
ºöåçæÄ
100
AcDbSpline
210
0.0
220
0.0
230
1.0
 70
     8
 71
     3
 72
    48
 73
    44
 74
     0
 42
0.000000001
 43
0.0000000001
 40
0.0
 40
0.0
 40
0.0
 40
0.0
 40
0.0833333333333333
 40
0.0833333333333333
 40
0.0833333333333333
 40
0.0833333433333333
 40
0.1666666666666666
 40
0.1666666666666666
 40
0.1666666666666666
 40
0.1666666766666666
 40
0.25
 40
0.25
 40
0.25
 40
0.25000001
 40
0.3333333333333333
 40
0.3333333333333333
 40
0.3333333333333333
 40
0.3333333433333333
 40
0.4166666666666667
 40
0.4166666666666667
 40
0.4166666666666667
 40
0.4166666766666668
 40
0.5
 40
0.5
 40
0.5
 40
0.5000000100000001
 40
0.5833333333333334
 40
0.5833333333333334
 40
0.5833333333333334
 40
0.5833333433333335
 40
0.6666666666666666
 40
0.6666666666666666
 40
0.6666666666666666
 40
0.6666666766666668
 40
0.75
 40
0.75
 40
0.75
 40
0.7500000100000001
 40
0.8333333333333332
 40
0.8333333333333332
 40
0.8333333333333332
 40
0.8333333433333331
 40
1.0
 40
1.0
 40
1.0
 40
1.0
 10
3896.493978570669
 20
10176.6127038338
 30
0.0
 10
3896.493978570669
 20
10176.6127038338
 30
0.0
 10
3896.493978570669
 20
10170.66391847565
 30
0.0
 10
3896.493978570669
 20
10170.66391847565
 30
0.0
 10
3896.493978570669
 20
10170.66391847565
 30
0.0
 10
3896.493978570669
 20
10170.66391847565
 30
0.0
 10
3895.811109258475
 20
10176.28670244699
 30
0.0
 10
3895.811109258475
 20
10176.28670244699
 30
0.0
 10
3895.811109258475
 20
10176.28670244699
 30
0.0
 10
3895.811109258475
 20
10176.28670244699
 30
0.0
 10
3895.353185131464
 20
10173.61864959248
 30
0.0
 10
3895.353185131464
 20
10173.61864959248
 30
0.0
 10
3895.353185131464
 20
10173.61864959248
 30
0.0
 10
3895.353185131464
 20
10173.61864959248
 30
0.0
 10
3895.181516437495
 20
10176.44991455505
 30
0.0
 10
3895.181516437495
 20
10176.44991455505
 30
0.0
 10
3895.181516437495
 20
10176.44991455505
 30
0.0
 10
3895.181516437495
 20
10176.44991455505
 30
0.0
 10
3894.800124412965
 20
10174.06431166993
 30
0.0
 10
3894.800124412965
 20
10174.06431166993
 30
0.0
 10
3894.800124412965
 20
10174.06431166993
 30
0.0
 10
3894.800124412965
 20
10174.06431166993
 30
0.0
 10
3894.554037763004
 20
10176.28670244699
 30
0.0
 10
3894.554037763004
 20
10176.28670244699
 30
0.0
 10
3894.554037763004
 20
10176.28670244699
 30
0.0
 10
3894.554037763004
 20
10176.28670244699
 30
0.0
 10
3893.924444942024
 20
10174.79580635111
 30
0.0
 10
3893.924444942024
 20
10174.79580635111
 30
0.0
 10
3893.924444942024
 20
10174.79580635111
 30
0.0
 10
3893.924444942024
 20
10174.79580635111
 30
0.0
 10
3893.532482185112
 20
10176.42031650436
 30
0.0
 10
3893.532482185112
 20
10176.42031650436
 30
0.0
 10
3893.532482185112
 20
10176.42031650436
 30
0.0
 10
3893.532482185112
 20
10176.42031650436
 30
0.0
 10
3892.889358826689
 20
10175.27783174796
 30
0.0
 10
3892.889358826689
 20
10175.27783174796
 30
0.0
 10
3892.889358826689
 20
10175.27783174796
 30
0.0
 10
3892.889358826689
 20
10175.27783174796
 30
0.0
 10
3892.549826902405
 20
10176.5103791443
 30
0.0
 10
3892.549826902405
 20
10176.5103791443
 30
0.0
 10
3892.549826902405
 20
10176.5103791443
 30
0.0
 10
3892.549826902405
 20
10176.5103791443
 30
0.0
 10
3891.781546072513
 20
10175.65414982095
 30
0.0
 10
3891.781546072513
 20
10175.65414982095
 30
0.0
  0
MTEXT
  5
23619
330
19
100
AcDbEntity
  8
ºöåçæÄ
100
AcDbMText
 10
3856.397441555935
 20
10196.03940559496
 30
0.0
 40
5.073951545803653
 41
79.34836011962762
 71
     1
 72
     5
  1
{\fTahoma|b0|i0|c0|p34;Flush mount cut}
 73
     1
 44
1.0
1001
ACAD
1000
MTEXTBEGIN
1070
    73
1070
     1
1070
    44
1040
1.0
1070
    74
1070
     0
1000
MTEXTEND
  0
MTEXT
  5
2361A
330
19
100
AcDbEntity
  8
ºöåçæÄ
100
AcDbMText
 10
3841.083733480105
 20
10204.49823215807
 30
0.0
 40
5.073951545803653
 41
93.89155411942192
 71
     1
 72
     5
  1
{\fTahoma|b0|i0|c0|p34; }
 73
     1
 44
1.0
1001
ACAD
1000
MTEXTBEGIN
1070
    73
1070
     1
1070
    44
1040
1.0
1070
    74
1070
     0
1000
MTEXTEND
  0
MTEXT
  5
2361B
330
19
100
AcDbEntity
  8
ºöåçæÄ
100
AcDbMText
 10
3841.083733480105
 20
10197.45049967364
 30
0.0
 40
5.073951545803653
 41
104.468410648933
 71
     1
 72
     5
  1
{\fTahoma|b0|i0|c0|p34; }
 73
     1
 44
1.0
1001
ACAD
1000
MTEXTBEGIN
1070
    73
1070
     1
1070
    44
1040
1.0
1070
    74
1070
     0
1000
MTEXTEND
  0
LEADER
  5
2361C
330
19
100
AcDbEntity
  8
≥ﬂ¥ÁòÀ◊¢
100
AcDbLeader
  3
5-1
 76
     3
 10
3944.318168232663
 20
10127.76446371792
 30
0.0
 10
3912.860818183393
 20
10189.72500899472
 30
0.0
 10
3908.000713372678
 20
10189.72500899472
 30
0.0
  0
SPLINE
  5
2361D
330
19
100
AcDbEntity
  8
≥ﬂ¥ÁòÀ◊¢
370
     9
100
AcDbSpline
210
0.0
220
0.0
230
1.0
 70
     8
 71
     3
 72
    12
 73
     8
 74
     0
 42
0.000000001
 43
0.0000000001
 40
0.0
 40
0.0
 40
0.0
 40
0.0
 40
0.3333333333333333
 40
0.3333333333333333
 40
0.3333333333333333
 40
0.3333333433333333
 40
1.0
 40
1.0
 40
1.0
 40
1.0
 10
3313.233187125908
 20
10219.54147887022
 30
0.0
 10
3313.233187125908
 20
10220.09510583143
 30
0.0
 10
3313.011627466912
 20
10220.62641351495
 30
0.0
 10
3312.621312293661
 20
10221.01672868819
 30
0.0
 10
3312.621312293661
 20
10221.01672868819
 30
0.0
 10
3312.228275257279
 20
10221.40976572456
 30
0.0
 10
3311.699145064274
 20
10221.63078101094
 30
0.0
 10
3311.143340612562
 20
10221.63078101094
 30
0.0
  0
SPLINE
  5
2361E
330
19
100
AcDbEntity
  8
≥ﬂ¥ÁòÀ◊¢
370
     9
100
AcDbSpline
210
0.0
220
0.0
230
1.0
 70
     8
 71
     3
 72
    16
 73
    12
 74
     0
 42
0.000000001
 43
0.0000000001
 40
0.0
 40
0.0
 40
0.0
 40
0.0
 40
0.25
 40
0.25
 40
0.25
 40
0.25000001
 40
0.5
 40
0.5
 40
0.5
 40
0.5000000100000001
 40
1.0
 40
1.0
 40
1.0
 40
1.0
 10
3277.372640351565
 20
10202.93974687816
 30
0.0
 10
3277.64264917434
 20
10202.23206246363
 30
0.0
 10
3278.191921154525
 20
10201.66537055939
 30
0.0
 10
3278.888718116515
 20
10201.3703205958
 30
0.0
 10
3278.888718116515
 20
10201.3703205958
 30
0.0
 10
3279.58497070588
 20
10201.07635937746
 30
0.0
 10
3280.371044778629
 20
10201.07635937746
 30
0.0
 10
3281.069474858501
 20
10201.3703205958
 30
0.0
 10
3281.069474858501
 20
10201.3703205958
 30
0.0
 10
3281.766271820484
 20
10201.66537055939
 30
0.0
 10
3282.312821937557
 20
10202.23206246363
 30
0.0
 10
3282.582830760322
 20
10202.93974687816
 30
0.0
  0
SPLINE
  5
2361F
330
19
100
AcDbEntity
  8
≥ﬂ¥ÁòÀ◊¢
370
     9
100
AcDbSpline
210
0.0
220
0.0
230
1.0
 70
     8
 71
     3
 72
    12
 73
     8
 74
     0
 42
0.000000001
 43
0.0000000001
 40
0.0
 40
0.0
 40
0.0
 40
0.0
 40
0.3333333333333333
 40
0.3333333333333333
 40
0.3333333333333333
 40
0.3333333433333333
 40
1.0
 40
1.0
 40
1.0
 40
1.0
 10
3307.815046373809
 20
10200.54287420343
 30
0.0
 10
3307.815046373809
 20
10202.12101044782
 30
0.0
 10
3307.187384735382
 20
10203.63436634964
 30
0.0
 10
3306.071420850945
 20
10204.75250772459
 30
0.0
 10
3306.071420850945
 20
10204.75250772459
 30
0.0
 10
3304.955456966505
 20
10205.86901598165
 30
0.0
 10
3303.44210106468
 20
10206.49395575694
 30
0.0
 10
3301.861242957162
 20
10206.49395575694
 30
0.0
  0
SPLINE
  5
23620
330
19
100
AcDbEntity
  8
≥ﬂ¥ÁòÀ◊¢
370
     9
100
AcDbSpline
210
0.0
220
0.0
230
1.0
 70
     8
 71
     3
 72
    12
 73
     8
 74
     0
 42
0.000000001
 43
0.0000000001
 40
0.0
 40
0.0
 40
0.0
 40
0.0
 40
0.3333333333333333
 40
0.3333333333333333
 40
0.3333333333333333
 40
0.3333333433333333
 40
1.0
 40
1.0
 40
1.0
 40
1.0
 10
3309.275053758221
 20
10200.54287420343
 30
0.0
 10
3309.275053758221
 20
10202.50969250318
 30
0.0
 10
3308.49333466648
 20
10204.39322179106
 30
0.0
 10
3307.105184468775
 20
10205.78409385191
 30
0.0
 10
3307.105184468775
 20
10205.78409385191
 30
0.0
 10
3305.714312407923
 20
10207.17224404963
 30
0.0
 10
3303.828061256899
 20
10207.95396314136
 30
0.0
 10
3301.863964820295
 20
10207.95396314136
 30
0.0
  0
SPLINE
  5
23621
330
19
100
AcDbEntity
  8
≥ﬂ¥ÁòÀ◊¢
370
     9
100
AcDbSpline
210
0.0
220
0.0
230
1.0
 70
     8
 71
     3
 72
     8
 73
     4
 74
     0
 42
0.000000001
 43
0.0000000001
 40
0.0
 40
0.0
 40
0.0
 40
0.0
 40
1.0
 40
1.0
 40
1.0
 40
1.0
 10
3313.233187125908
 20
10209.11892056219
 30
0.0
 10
3311.04753103029
 20
10207.31976903142
 30
0.0
 10
3309.589701136378
 20
10204.78789194531
 30
0.0
 10
3309.13188375744
 20
10201.99580474371
 30
0.0
  0
SPLINE
  5
23622
330
19
100
AcDbEntity
  8
≥ﬂ¥ÁòÀ◊¢
370
     9
100
AcDbSpline
210
0.0
220
0.0
230
0.0
 70
    24
 71
     3
 72
     8
 73
     4
 74
     0
 42
0.000000001
 43
0.0000000001
 40
0.0
 40
0.0
 40
0.0
 40
0.0
 40
1.0
 40
1.0
 40
1.0
 40
1.0
 10
3260.699595545429
 20
10207.040505874
 30
0.0
 10
3260.699595545429
 20
10207.040505874
 30
0.0
 10
3259.034904053402
 20
10208.77052208119
 30
0.0
 10
3259.034904053402
 20
10208.77052208119
 30
0.0
  0
SPLINE
  5
23623
330
19
100
AcDbEntity
  8
≥ﬂ¥ÁòÀ◊¢
370
     9
100
AcDbSpline
210
0.0
220
0.0
230
0.0
 70
    24
 71
     3
 72
     8
 73
     4
 74
     0
 42
0.000000001
 43
0.0000000001
 40
0.0
 40
0.0
 40
0.0
 40
0.0
 40
1.0
 40
1.0
 40
1.0
 40
1.0
 10
3279.99379454842
 20
10217.04389725959
 30
0.0
 10
3279.99379454842
 20
10217.04389725959
 30
0.0
 10
3281.225709802332
 20
10215.29591675572
 30
0.0
 10
3281.225709802332
 20
10215.29591675572
 30
0.0
  0
SPLINE
  5
23624
330
19
100
AcDbEntity
  8
≥ﬂ¥ÁòÀ◊¢
370
     9
100
AcDbSpline
210
0.0
220
0.0
230
0.0
 70
    24
 71
     3
 72
     8
 73
     4
 74
     0
 42
0.000000001
 43
0.0000000001
 40
0.0
 40
0.0
 40
0.0
 40
0.0
 40
1.0
 40
1.0
 40
1.0
 40
1.0
 10
3259.036537171283
 20
10208.76834459069
 30
0.0
 10
3259.036537171283
 20
10208.76834459069
 30
0.0
 10
3257.695203019451
 20
10207.47600397524
 30
0.0
 10
3257.695203019451
 20
10207.47600397524
 30
0.0
  0
SPLINE
  5
23625
330
19
100
AcDbEntity
  8
≥ﬂ¥ÁòÀ◊¢
370
     9
100
AcDbSpline
210
0.0
220
0.0
230
0.0
 70
    24
 71
     3
 72
     8
 73
     4
 74
     0
 42
0.000000001
 43
0.0000000001
 40
0.0
 40
0.0
 40
0.0
 40
0.0
 40
1.0
 40
1.0
 40
1.0
 40
1.0
 10
3299.995133593322
 20
10204.93541692711
 30
0.0
 10
3299.995133593322
 20
10204.93541692711
 30
0.0
 10
3301.662546948467
 20
10206.54077180282
 30
0.0
 10
3301.662546948467
 20
10206.54077180282
 30
0.0
  0
SPLINE
  5
23626
330
19
100
AcDbEntity
  8
≥ﬂ¥ÁòÀ◊¢
370
     9
100
AcDbSpline
210
0.0
220
0.0
230
0.0
 70
    24
 71
     3
 72
     8
 73
     4
 74
     0
 42
0.000000001
 43
0.0000000001
 40
0.0
 40
0.0
 40
0.0
 40
0.0
 40
1.0
 40
1.0
 40
1.0
 40
1.0
 10
3281.225709802332
 20
10215.29591675572
 30
0.0
 10
3281.225709802332
 20
10215.29591675572
 30
0.0
 10
3281.225709802332
 20
10202.93974687816
 30
0.0
 10
3281.225709802332
 20
10202.93974687816
 30
0.0
  0
SPLINE
  5
23627
330
19
100
AcDbEntity
  8
≥ﬂ¥ÁòÀ◊¢
370
     9
100
AcDbSpline
210
0.0
220
0.0
230
0.0
 70
    24
 71
     3
 72
     8
 73
     4
 74
     0
 42
0.000000001
 43
0.0000000001
 40
0.0
 40
0.0
 40
0.0
 40
0.0
 40
1.0
 40
1.0
 40
1.0
 40
1.0
 10
3278.114075868925
 20
10217.99219437505
 30
0.0
 10
3278.114075868925
 20
10217.99219437505
 30
0.0
 10
3278.114075868925
 20
10209.11674307168
 30
0.0
 10
3278.114075868925
 20
10209.11674307168
 30
0.0
  0
SPLINE
  5
23628
330
19
100
AcDbEntity
  8
≥ﬂ¥ÁòÀ◊¢
370
     9
100
AcDbSpline
210
0.0
220
0.0
230
0.0
 70
    24
 71
     3
 72
     8
 73
     4
 74
     0
 42
0.000000001
 43
0.0000000001
 40
0.0
 40
0.0
 40
0.0
 40
0.0
 40
1.0
 40
1.0
 40
1.0
 40
1.0
 10
3303.01095794445
 20
10205.13683479894
 30
0.0
 10
3303.01095794445
 20
10205.13683479894
 30
0.0
 10
3300.829656829843
 20
10203.03827832356
 30
0.0
 10
3300.829656829843
 20
10203.03827832356
 30
0.0
  0
SPLINE
  5
23629
330
19
100
AcDbEntity
  8
≥ﬂ¥ÁòÀ◊¢
370
     9
100
AcDbSpline
210
0.0
220
0.0
230
0.0
 70
    24
 71
     3
 72
     8
 73
     4
 74
     0
 42
0.000000001
 43
0.0000000001
 40
0.0
 40
0.0
 40
0.0
 40
0.0
 40
1.0
 40
1.0
 40
1.0
 40
1.0
 10
3311.143340612562
 20
10221.62914789306
 30
0.0
 10
3311.143340612562
 20
10221.62914789306
 30
0.0
 10
3254.786075703141
 20
10221.62914789306
 30
0.0
 10
3254.786075703141
 20
10221.62914789306
 30
0.0
  0
SPLINE
  5
2362A
330
19
100
AcDbEntity
  8
≥ﬂ¥ÁòÀ◊¢
370
     9
100
AcDbSpline
210
0.0
220
0.0
230
0.0
 70
    24
 71
     3
 72
     8
 73
     4
 74
     0
 42
0.000000001
 43
0.0000000001
 40
0.0
 40
0.0
 40
0.0
 40
0.0
 40
1.0
 40
1.0
 40
1.0
 40
1.0
 10
3277.656258489994
 20
10206.13194796028
 30
0.0
 10
3277.656258489994
 20
10206.13194796028
 30
0.0
 10
3277.656258489994
 20
10204.38614494692
 30
0.0
 10
3277.656258489994
 20
10204.38614494692
 30
0.0
  0
SPLINE
  5
2362B
330
19
100
AcDbEntity
  8
≥ﬂ¥ÁòÀ◊¢
370
     9
100
AcDbSpline
210
0.0
220
0.0
230
0.0
 70
    24
 71
     3
 72
     8
 73
     4
 74
     0
 42
0.000000001
 43
0.0000000001
 40
0.0
 40
0.0
 40
0.0
 40
0.0
 40
1.0
 40
1.0
 40
1.0
 40
1.0
 10
3283.527317267395
 20
10203.94193688365
 30
0.0
 10
3283.527317267395
 20
10203.94193688365
 30
0.0
 10
3283.469613768978
 20
10202.92450444461
 30
0.0
 10
3283.469613768978
 20
10202.92450444461
 30
0.0
  0
SPLINE
  5
2362C
330
19
100
AcDbEntity
  8
≥ﬂ¥ÁòÀ◊¢
370
     9
100
AcDbSpline
210
0.0
220
0.0
230
0.0
 70
    24
 71
     3
 72
     8
 73
     4
 74
     0
 42
0.000000001
 43
0.0000000001
 40
0.0
 40
0.0
 40
0.0
 40
0.0
 40
1.0
 40
1.0
 40
1.0
 40
1.0
 10
3257.692481156322
 20
10207.47818146575
 30
0.0
 10
3257.692481156322
 20
10207.47818146575
 30
0.0
 10
3259.65929945607
 20
10205.43515099829
 30
0.0
 10
3259.65929945607
 20
10205.43515099829
 30
0.0
  0
SPLINE
  5
2362D
330
19
100
AcDbEntity
  8
≥ﬂ¥ÁòÀ◊¢
370
     9
100
AcDbSpline
210
0.0
220
0.0
230
0.0
 70
    24
 71
     3
 72
     8
 73
     4
 74
     0
 42
0.000000001
 43
0.0000000001
 40
0.0
 40
0.0
 40
0.0
 40
0.0
 40
1.0
 40
1.0
 40
1.0
 40
1.0
 10
3287.900262576513
 20
10206.49395575694
 30
0.0
 10
3287.900262576513
 20
10206.49395575694
 30
0.0
 10
3287.900262576513
 20
10207.95396314136
 30
0.0
 10
3287.900262576513
 20
10207.95396314136
 30
0.0
  0
SPLINE
  5
2362E
330
19
100
AcDbEntity
  8
≥ﬂ¥ÁòÀ◊¢
370
     9
100
AcDbSpline
210
0.0
220
0.0
230
0.0
 70
    24
 71
     3
 72
     8
 73
     4
 74
     0
 42
0.000000001
 43
0.0000000001
 40
0.0
 40
0.0
 40
0.0
 40
0.0
 40
1.0
 40
1.0
 40
1.0
 40
1.0
 10
3260.699595545429
 20
10207.040505874
 30
0.0
 10
3260.699595545429
 20
10207.040505874
 30
0.0
 10
3299.995133593322
 20
10204.93541692711
 30
0.0
 10
3299.995133593322
 20
10204.93541692711
 30
0.0
  0
SPLINE
  5
2362F
330
19
100
AcDbEntity
  8
≥ﬂ¥ÁòÀ◊¢
370
     9
100
AcDbSpline
210
0.0
220
0.0
230
0.0
 70
    24
 71
     3
 72
     8
 73
     4
 74
     0
 42
0.000000001
 43
0.0000000001
 40
0.0
 40
0.0
 40
0.0
 40
0.0
 40
1.0
 40
1.0
 40
1.0
 40
1.0
 10
3276.803770956809
 20
10204.33334080214
 30
0.0
 10
3276.803770956809
 20
10204.33334080214
 30
0.0
 10
3283.52949475792
 20
10203.94193688365
 30
0.0
 10
3283.52949475792
 20
10203.94193688365
 30
0.0
  0
SPLINE
  5
23630
330
19
100
AcDbEntity
  8
≥ﬂ¥ÁòÀ◊¢
370
     9
100
AcDbSpline
210
0.0
220
0.0
230
0.0
 70
    24
 71
     3
 72
     8
 73
     4
 74
     0
 42
0.000000001
 43
0.0000000001
 40
0.0
 40
0.0
 40
0.0
 40
0.0
 40
1.0
 40
1.0
 40
1.0
 40
1.0
 10
3313.233187125908
 20
10209.11674307168
 30
0.0
 10
3313.233187125908
 20
10209.11674307168
 30
0.0
 10
3313.233187125908
 20
10219.53930137972
 30
0.0
 10
3313.233187125908
 20
10219.53930137972
 30
0.0
  0
SPLINE
  5
23631
330
19
100
AcDbEntity
  8
≥ﬂ¥ÁòÀ◊¢
370
     9
100
AcDbSpline
210
0.0
220
0.0
230
0.0
 70
    24
 71
     3
 72
     8
 73
     4
 74
     0
 42
0.000000001
 43
0.0000000001
 40
0.0
 40
0.0
 40
0.0
 40
0.0
 40
1.0
 40
1.0
 40
1.0
 40
1.0
 10
3301.863964820295
 20
10206.49395575694
 30
0.0
 10
3301.863964820295
 20
10206.49395575694
 30
0.0
 10
3287.902984439657
 20
10206.49395575694
 30
0.0
 10
3287.902984439657
 20
10206.49395575694
 30
0.0
  0
SPLINE
  5
23632
330
19
100
AcDbEntity
  8
≥ﬂ¥ÁòÀ◊¢
370
     9
100
AcDbSpline
210
0.0
220
0.0
230
0.0
 70
    24
 71
     3
 72
     8
 73
     4
 74
     0
 42
0.000000001
 43
0.0000000001
 40
0.0
 40
0.0
 40
0.0
 40
0.0
 40
1.0
 40
1.0
 40
1.0
 40
1.0
 10
3307.815046373809
 20
10188.16656253869
 30
0.0
 10
3307.815046373809
 20
10188.16656253869
 30
0.0
 10
3307.815046373809
 20
10200.54287420343
 30
0.0
 10
3307.815046373809
 20
10200.54287420343
 30
0.0
  0
SPLINE
  5
23633
330
19
100
AcDbEntity
  8
≥ﬂ¥ÁòÀ◊¢
370
     9
100
AcDbSpline
210
0.0
220
0.0
230
0.0
 70
    24
 71
     3
 72
     8
 73
     4
 74
     0
 42
0.000000001
 43
0.0000000001
 40
0.0
 40
0.0
 40
0.0
 40
0.0
 40
1.0
 40
1.0
 40
1.0
 40
1.0
 10
3277.372640351565
 20
10202.93974687816
 30
0.0
 10
3277.372640351565
 20
10202.93974687816
 30
0.0
 10
3282.582830760322
 20
10202.93974687816
 30
0.0
 10
3282.582830760322
 20
10202.93974687816
 30
0.0
  0
SPLINE
  5
23634
330
19
100
AcDbEntity
  8
≥ﬂ¥ÁòÀ◊¢
370
     9
100
AcDbSpline
210
0.0
220
0.0
230
0.0
 70
    24
 71
     3
 72
     8
 73
     4
 74
     0
 42
0.000000001
 43
0.0000000001
 40
0.0
 40
0.0
 40
0.0
 40
0.0
 40
1.0
 40
1.0
 40
1.0
 40
1.0
 10
3283.469613768978
 20
10202.92450444461
 30
0.0
 10
3283.469613768978
 20
10202.92450444461
 30
0.0
 10
3276.743345595263
 20
10203.31481961785
 30
0.0
 10
3276.743345595263
 20
10203.31481961785
 30
0.0
  0
SPLINE
  5
23635
330
19
100
AcDbEntity
  8
≥ﬂ¥ÁòÀ◊¢
370
     9
100
AcDbSpline
210
0.0
220
0.0
230
0.0
 70
    24
 71
     3
 72
     8
 73
     4
 74
     0
 42
0.000000001
 43
0.0000000001
 40
0.0
 40
0.0
 40
0.0
 40
0.0
 40
1.0
 40
1.0
 40
1.0
 40
1.0
 10
3309.275053758221
 20
10188.16656253869
 30
0.0
 10
3309.275053758221
 20
10188.16656253869
 30
0.0
 10
3307.815046373809
 20
10188.16656253869
 30
0.0
 10
3307.815046373809
 20
10188.16656253869
 30
0.0
  0
SPLINE
  5
23636
330
19
100
AcDbEntity
  8
≥ﬂ¥ÁòÀ◊¢
370
     9
100
AcDbSpline
210
0.0
220
0.0
230
0.0
 70
    24
 71
     3
 72
     8
 73
     4
 74
     0
 42
0.000000001
 43
0.0000000001
 40
0.0
 40
0.0
 40
0.0
 40
0.0
 40
1.0
 40
1.0
 40
1.0
 40
1.0
 10
3309.275053758221
 20
10200.54287420343
 30
0.0
 10
3309.275053758221
 20
10200.54287420343
 30
0.0
 10
3309.275053758221
 20
10188.16656253869
 30
0.0
 10
3309.275053758221
 20
10188.16656253869
 30
0.0
  0
SPLINE
  5
23637
330
19
100
AcDbEntity
  8
≥ﬂ¥ÁòÀ◊¢
370
     9
100
AcDbSpline
210
0.0
220
0.0
230
0.0
 70
    24
 71
     3
 72
     8
 73
     4
 74
     0
 42
0.000000001
 43
0.0000000001
 40
0.0
 40
0.0
 40
0.0
 40
0.0
 40
1.0
 40
1.0
 40
1.0
 40
1.0
 10
3300.829656829843
 20
10203.03827832356
 30
0.0
 10
3300.829656829843
 20
10203.03827832356
 30
0.0
 10
3259.65929945607
 20
10205.43515099829
 30
0.0
 10
3259.65929945607
 20
10205.43515099829
 30
0.0
  0
SPLINE
  5
23638
330
19
100
AcDbEntity
  8
≥ﬂ¥ÁòÀ◊¢
370
     9
100
AcDbSpline
210
0.0
220
0.0
230
0.0
 70
    24
 71
     3
 72
     8
 73
     4
 74
     0
 42
0.000000001
 43
0.0000000001
 40
0.0
 40
0.0
 40
0.0
 40
0.0
 40
1.0
 40
1.0
 40
1.0
 40
1.0
 10
3255.725662856588
 20
10209.11892056219
 30
0.0
 10
3255.725662856588
 20
10209.11892056219
 30
0.0
 10
3313.233187125908
 20
10209.11892056219
 30
0.0
 10
3313.233187125908
 20
10209.11892056219
 30
0.0
  0
SPLINE
  5
23639
330
19
100
AcDbEntity
  8
≥ﬂ¥ÁòÀ◊¢
370
     9
100
AcDbSpline
210
0.0
220
0.0
230
0.0
 70
    24
 71
     3
 72
     8
 73
     4
 74
     0
 42
0.000000001
 43
0.0000000001
 40
0.0
 40
0.0
 40
0.0
 40
0.0
 40
1.0
 40
1.0
 40
1.0
 40
1.0
 10
3278.790186671103
 20
10215.29809424622
 30
0.0
 10
3278.790186671103
 20
10215.29809424622
 30
0.0
 10
3279.991072685301
 20
10217.04553037747
 30
0.0
 10
3279.991072685301
 20
10217.04553037747
 30
0.0
  0
SPLINE
  5
2363A
330
19
100
AcDbEntity
  8
≥ﬂ¥ÁòÀ◊¢
370
     9
100
AcDbSpline
210
0.0
220
0.0
230
0.0
 70
    24
 71
     3
 72
     8
 73
     4
 74
     0
 42
0.000000001
 43
0.0000000001
 40
0.0
 40
0.0
 40
0.0
 40
0.0
 40
1.0
 40
1.0
 40
1.0
 40
1.0
 10
3287.900262576513
 20
10207.95559625924
 30
0.0
 10
3287.900262576513
 20
10207.95559625924
 30
0.0
 10
3301.861242957162
 20
10207.95559625924
 30
0.0
 10
3301.861242957162
 20
10207.95559625924
 30
0.0
  0
SPLINE
  5
2363B
330
19
100
AcDbEntity
  8
≥ﬂ¥ÁòÀ◊¢
370
     9
100
AcDbSpline
210
0.0
220
0.0
230
0.0
 70
    24
 71
     3
 72
     8
 73
     4
 74
     0
 42
0.000000001
 43
0.0000000001
 40
0.0
 40
0.0
 40
0.0
 40
0.0
 40
1.0
 40
1.0
 40
1.0
 40
1.0
 10
3278.790186671103
 20
10215.29809424622
 30
0.0
 10
3278.790186671103
 20
10215.29809424622
 30
0.0
 10
3278.790186671103
 20
10202.94246874129
 30
0.0
 10
3278.790186671103
 20
10202.94246874129
 30
0.0
  0
SPLINE
  5
2363C
330
19
100
AcDbEntity
  8
≥ﬂ¥ÁòÀ◊¢
370
     9
100
AcDbSpline
210
0.0
220
0.0
230
0.0
 70
    24
 71
     3
 72
     8
 73
     4
 74
     0
 42
0.000000001
 43
0.0000000001
 40
0.0
 40
0.0
 40
0.0
 40
0.0
 40
1.0
 40
1.0
 40
1.0
 40
1.0
 10
3282.121202772999
 20
10217.99491623818
 30
0.0
 10
3282.121202772999
 20
10217.99491623818
 30
0.0
 10
3278.114075868925
 20
10217.99491623818
 30
0.0
 10
3278.114075868925
 20
10217.99491623818
 30
0.0
  0
SPLINE
  5
2363D
330
19
100
AcDbEntity
  8
≥ﬂ¥ÁòÀ◊¢
370
     9
100
AcDbSpline
210
0.0
220
0.0
230
0.0
 70
    24
 71
     3
 72
     8
 73
     4
 74
     0
 42
0.000000001
 43
0.0000000001
 40
0.0
 40
0.0
 40
0.0
 40
0.0
 40
1.0
 40
1.0
 40
1.0
 40
1.0
 10
3301.662546948467
 20
10206.54077180282
 30
0.0
 10
3301.662546948467
 20
10206.54077180282
 30
0.0
 10
3303.013135434961
 20
10205.13683479894
 30
0.0
 10
3303.013135434961
 20
10205.13683479894
 30
0.0
  0
SPLINE
  5
2363E
330
19
100
AcDbEntity
  8
≥ﬂ¥ÁòÀ◊¢
370
     9
100
AcDbSpline
210
0.0
220
0.0
230
0.0
 70
    24
 71
     3
 72
     8
 73
     4
 74
     0
 42
0.000000001
 43
0.0000000001
 40
0.0
 40
0.0
 40
0.0
 40
0.0
 40
1.0
 40
1.0
 40
1.0
 40
1.0
 10
3276.803770956809
 20
10204.33334080214
 30
0.0
 10
3276.803770956809
 20
10204.33334080214
 30
0.0
 10
3276.745523085767
 20
10203.31481961785
 30
0.0
 10
3276.745523085767
 20
10203.31481961785
 30
0.0
  0
SPLINE
  5
2363F
330
19
100
AcDbEntity
  8
≥ﬂ¥ÁòÀ◊¢
370
     9
100
AcDbSpline
210
0.0
220
0.0
230
0.0
 70
    24
 71
     3
 72
     8
 73
     4
 74
     0
 42
0.000000001
 43
0.0000000001
 40
0.0
 40
0.0
 40
0.0
 40
0.0
 40
1.0
 40
1.0
 40
1.0
 40
1.0
 10
3282.121202772999
 20
10209.11892056219
 30
0.0
 10
3282.121202772999
 20
10209.11892056219
 30
0.0
 10
3282.121202772999
 20
10217.99491623818
 30
0.0
 10
3282.121202772999
 20
10217.99491623818
 30
0.0
  0
SPLINE
  5
23640
330
19
100
AcDbEntity
  8
≥ﬂ¥ÁòÀ◊¢
370
     9
100
AcDbSpline
210
0.0
220
0.0
230
0.0
 70
    24
 71
     3
 72
     8
 73
     4
 74
     0
 42
0.000000001
 43
0.0000000001
 40
0.0
 40
0.0
 40
0.0
 40
0.0
 40
1.0
 40
1.0
 40
1.0
 40
1.0
 10
3282.553979011118
 20
10205.87064909953
 30
0.0
 10
3282.553979011118
 20
10205.87064909953
 30
0.0
 10
3282.553979011118
 20
10204.10252680848
 30
0.0
 10
3282.553979011118
 20
10204.10252680848
 30
0.0
  0
SPLINE
  5
23641
330
19
100
AcDbEntity
  8
≥ﬂ¥ÁòÀ◊¢
370
     9
100
AcDbSpline
210
0.0
220
0.0
230
0.0
 70
    24
 71
     3
 72
     8
 73
     4
 74
     0
 42
0.000000001
 43
0.0000000001
 40
0.0
 40
0.0
 40
0.0
 40
0.0
 40
1.0
 40
1.0
 40
1.0
 40
1.0
 10
3287.902984439657
 20
10207.95559625924
 30
0.0
 10
3287.902984439657
 20
10207.95559625924
 30
0.0
 10
3286.20181998167
 20
10209.11892056219
 30
0.0
 10
3286.20181998167
 20
10209.11892056219
 30
0.0
  0
SPLINE
  5
23642
330
19
100
AcDbEntity
  8
≥ﬂ¥ÁòÀ◊¢
370
     9
100
AcDbSpline
210
0.0
220
0.0
230
1.0
 70
     8
 71
     3
 72
    12
 73
     8
 74
     0
 42
0.000000001
 43
0.0000000001
 40
0.0
 40
0.0
 40
0.0
 40
0.0
 40
0.3333333333333333
 40
0.3333333333333333
 40
0.3333333333333333
 40
0.3333333433333333
 40
1.0
 40
1.0
 40
1.0
 40
1.0
 10
3255.728384719703
 20
10209.11892056219
 30
0.0
 10
3254.317370871682
 20
10211.83588434133
 30
0.0
 10
3255.808951868457
 20
10214.07488895435
 30
0.0
 10
3256.215053847852
 20
10216.70203125011
 30
0.0
 10
3256.215053847852
 20
10216.70203125011
 30
0.0
 10
3256.494317005275
 20
10218.50608213451
 30
0.0
 10
3256.260236775862
 20
10220.49467533932
 30
0.0
 10
3254.788797566274
 20
10221.62914789306
 30
0.0
  0
SPLINE
  5
23643
330
19
100
AcDbEntity
  8
≥ﬂ¥ÁòÀ◊¢
370
     9
100
AcDbSpline
210
0.0
220
0.0
230
1.0
 70
    11
 71
     3
 72
    28
 73
    24
 74
     0
 42
0.000000001
 43
0.0000000001
 40
0.0
 40
0.0
 40
0.0
 40
0.0
 40
0.1428571428571428
 40
0.1428571428571428
 40
0.1428571428571428
 40
0.1428571528571428
 40
0.2857142857142857
 40
0.2857142857142857
 40
0.2857142857142857
 40
0.2857142957142857
 40
0.428571428571429
 40
0.428571428571429
 40
0.428571428571429
 40
0.4285714385714289
 40
0.5714285714285714
 40
0.5714285714285714
 40
0.5714285714285714
 40
0.5714285814285715
 40
0.7142857142857145
 40
0.7142857142857145
 40
0.7142857142857145
 40
0.7142857242857146
 40
1.0
 40
1.0
 40
1.0
 40
1.0
 10
3255.436600991867
 20
10220.83708572143
 30
0.0
 10
3255.436600991867
 20
10220.83708572143
 30
0.0
 10
3255.715864149308
 20
10220.83708572143
 30
0.0
 10
3255.715864149308
 20
10220.83708572143
 30
0.0
 10
3255.715864149308
 20
10220.83708572143
 30
0.0
 10
3255.715864149308
 20
10220.99114317474
 30
0.0
 10
3255.590658445184
 20
10221.11634887885
 30
0.0
 10
3255.436600991867
 20
10221.11634887885
 30
0.0
 10
3255.436600991867
 20
10221.11634887885
 30
0.0
 10
3255.283087911186
 20
10221.11634887885
 30
0.0
 10
3255.15788220708
 20
10220.99114317474
 30
0.0
 10
3255.15788220708
 20
10220.83708572143
 30
0.0
 10
3255.15788220708
 20
10220.83708572143
 30
0.0
 10
3255.15788220708
 20
10220.68357264074
 30
0.0
 10
3255.283087911186
 20
10220.55836693663
 30
0.0
 10
3255.436600991867
 20
10220.55836693663
 30
0.0
 10
3255.436600991867
 20
10220.55836693663
 30
0.0
 10
3255.590658445184
 20
10220.55836693663
 30
0.0
 10
3255.715864149308
 20
10220.68357264074
 30
0.0
 10
3255.715864149308
 20
10220.83708572143
 30
0.0
 10
3255.715864149308
 20
10220.83708572143
 30
0.0
 10
3255.715864149308
 20
10220.83708572143
 30
0.0
 10
3255.436600991867
 20
10220.83708572143
 30
0.0
 10
3255.436600991867
 20
10220.83708572143
 30
0.0
  0
SPLINE
  5
23644
330
19
100
AcDbEntity
  8
≥ﬂ¥ÁòÀ◊¢
370
     9
100
AcDbSpline
210
0.0
220
0.0
230
0.0
 70
    24
 71
     3
 72
     8
 73
     4
 74
     0
 42
0.000000001
 43
0.0000000001
 40
0.0
 40
0.0
 40
0.0
 40
0.0
 40
1.0
 40
1.0
 40
1.0
 40
1.0
 10
3255.898228979204
 20
10221.29871370875
 30
0.0
 10
3255.898228979204
 20
10221.29871370875
 30
0.0
 10
3256.230840654029
 20
10221.63078101094
 30
0.0
 10
3256.230840654029
 20
10221.63078101094
 30
0.0
  0
SPLINE
  5
23645
330
19
100
AcDbEntity
  8
≥ﬂ¥ÁòÀ◊¢
370
     9
100
AcDbSpline
210
0.0
220
0.0
230
0.0
 70
    24
 71
     3
 72
     8
 73
     4
 74
     0
 42
0.000000001
 43
0.0000000001
 40
0.0
 40
0.0
 40
0.0
 40
0.0
 40
1.0
 40
1.0
 40
1.0
 40
1.0
 10
3256.255337422226
 20
10218.85611373339
 30
0.0
 10
3256.255337422226
 20
10218.85611373339
 30
0.0
 10
3258.345183935562
 20
10220.94813773724
 30
0.0
 10
3258.345183935562
 20
10220.94813773724
 30
0.0
  0
SPLINE
  5
23646
330
19
100
AcDbEntity
  8
≥ﬂ¥ÁòÀ◊¢
370
     9
100
AcDbSpline
210
0.0
220
0.0
230
1.0
 70
    11
 71
     3
 72
    28
 73
    24
 74
     0
 42
0.000000001
 43
0.0000000001
 40
0.0
 40
0.0
 40
0.0
 40
0.0
 40
0.1428571428571428
 40
0.1428571428571428
 40
0.1428571428571428
 40
0.1428571528571428
 40
0.2857142857142857
 40
0.2857142857142857
 40
0.2857142857142857
 40
0.2857142957142857
 40
0.428571428571429
 40
0.428571428571429
 40
0.428571428571429
 40
0.4285714385714289
 40
0.5714285714285714
 40
0.5714285714285714
 40
0.5714285714285714
 40
0.5714285814285715
 40
0.7142857142857145
 40
0.7142857142857145
 40
0.7142857142857145
 40
0.7142857242857146
 40
1.0
 40
1.0
 40
1.0
 40
1.0
 10
3259.028371581884
 20
10221.63132538357
 30
0.0
 10
3259.028371581884
 20
10221.63132538357
 30
0.0
 10
3259.30763473931
 20
10221.63132538357
 30
0.0
 10
3259.30763473931
 20
10221.63132538357
 30
0.0
 10
3259.30763473931
 20
10221.63132538357
 30
0.0
 10
3259.30763473931
 20
10221.78538283688
 30
0.0
 10
3259.182429035205
 20
10221.91058854099
 30
0.0
 10
3259.028371581884
 20
10221.91058854099
 30
0.0
 10
3259.028371581884
 20
10221.91058854099
 30
0.0
 10
3258.874858501196
 20
10221.91058854099
 30
0.0
 10
3258.749108424465
 20
10221.78538283688
 30
0.0
 10
3258.749108424465
 20
10221.63132538357
 30
0.0
 10
3258.749108424465
 20
10221.63132538357
 30
0.0
 10
3258.749108424465
 20
10221.47781230288
 30
0.0
 10
3258.874858501196
 20
10221.35260659877
 30
0.0
 10
3259.028371581884
 20
10221.35260659877
 30
0.0
 10
3259.028371581884
 20
10221.35260659877
 30
0.0
 10
3259.182429035205
 20
10221.35260659877
 30
0.0
 10
3259.30763473931
 20
10221.47781230288
 30
0.0
 10
3259.30763473931
 20
10221.63132538357
 30
0.0
 10
3259.30763473931
 20
10221.63132538357
 30
0.0
 10
3259.30763473931
 20
10221.63132538357
 30
0.0
 10
3259.028371581884
 20
10221.63132538357
 30
0.0
 10
3259.028371581884
 20
10221.63132538357
 30
0.0
  0
SPLINE
  5
23647
330
19
100
AcDbEntity
  8
≥ﬂ¥ÁòÀ◊¢
370
     9
100
AcDbSpline
210
0.0
220
0.0
230
0.0
 70
    24
 71
     3
 72
     8
 73
     4
 74
     0
 42
0.000000001
 43
0.0000000001
 40
0.0
 40
0.0
 40
0.0
 40
0.0
 40
1.0
 40
1.0
 40
1.0
 40
1.0
 10
3256.02071282018
 20
10215.82504694873
 30
0.0
 10
3256.02071282018
 20
10215.82504694873
 30
0.0
 10
3257.295633511563
 20
10217.09942326749
 30
0.0
 10
3257.295633511563
 20
10217.09942326749
 30
0.0
  0
SPLINE
  5
23648
330
19
100
AcDbEntity
  8
≥ﬂ¥ÁòÀ◊¢
370
     9
100
AcDbSpline
210
0.0
220
0.0
230
1.0
 70
    11
 71
     3
 72
    28
 73
    24
 74
     0
 42
0.000000001
 43
0.0000000001
 40
0.0
 40
0.0
 40
0.0
 40
0.0
 40
0.1428571428571428
 40
0.1428571428571428
 40
0.1428571428571428
 40
0.1428571528571428
 40
0.2857142857142857
 40
0.2857142857142857
 40
0.2857142857142857
 40
0.2857142957142857
 40
0.428571428571429
 40
0.428571428571429
 40
0.428571428571429
 40
0.4285714385714289
 40
0.5714285714285714
 40
0.5714285714285714
 40
0.5714285714285714
 40
0.5714285814285715
 40
0.7142857142857145
 40
0.7142857142857145
 40
0.7142857142857145
 40
0.7142857242857146
 40
1.0
 40
1.0
 40
1.0
 40
1.0
 10
3257.996785454579
 20
10217.80111958312
 30
0.0
 10
3257.996785454579
 20
10217.80111958312
 30
0.0
 10
3258.276048611995
 20
10217.80111958312
 30
0.0
 10
3258.276048611995
 20
10217.80111958312
 30
0.0
 10
3258.276048611995
 20
10217.80111958312
 30
0.0
 10
3258.276048611995
 20
10217.95517703644
 30
0.0
 10
3258.150842907875
 20
10218.08038274055
 30
0.0
 10
3257.996785454579
 20
10218.08038274055
 30
0.0
 10
3257.996785454579
 20
10218.08038274055
 30
0.0
 10
3257.843272373877
 20
10218.08038274055
 30
0.0
 10
3257.718066669771
 20
10217.95517703644
 30
0.0
 10
3257.718066669771
 20
10217.80111958312
 30
0.0
 10
3257.718066669771
 20
10217.80111958312
 30
0.0
 10
3257.718066669771
 20
10217.64760650244
 30
0.0
 10
3257.843272373877
 20
10217.52240079833
 30
0.0
 10
3257.996785454579
 20
10217.52240079833
 30
0.0
 10
3257.996785454579
 20
10217.52240079833
 30
0.0
 10
3258.150842907875
 20
10217.52240079833
 30
0.0
 10
3258.276048611995
 20
10217.64760650244
 30
0.0
 10
3258.276048611995
 20
10217.80111958312
 30
0.0
 10
3258.276048611995
 20
10217.80111958312
 30
0.0
 10
3258.276048611995
 20
10217.80111958312
 30
0.0
 10
3257.996785454579
 20
10217.80111958312
 30
0.0
 10
3257.996785454579
 20
10217.80111958312
 30
0.0
  0
SPLINE
  5
23649
330
19
100
AcDbEntity
  8
≥ﬂ¥ÁòÀ◊¢
370
     9
100
AcDbSpline
210
0.0
220
0.0
230
0.0
 70
    24
 71
     3
 72
     8
 73
     4
 74
     0
 42
0.000000001
 43
0.0000000001
 40
0.0
 40
0.0
 40
0.0
 40
0.0
 40
1.0
 40
1.0
 40
1.0
 40
1.0
 10
3258.694671161822
 20
10218.49900529037
 30
0.0
 10
3258.694671161822
 20
10218.49900529037
 30
0.0
 10
3261.826991255013
 20
10221.63078101094
 30
0.0
 10
3261.826991255013
 20
10221.63078101094
 30
0.0
  0
SPLINE
  5
2364A
330
19
100
AcDbEntity
  8
≥ﬂ¥ÁòÀ◊¢
370
     9
100
AcDbSpline
210
0.0
220
0.0
230
0.0
 70
    24
 71
     3
 72
     8
 73
     4
 74
     0
 42
0.000000001
 43
0.0000000001
 40
0.0
 40
0.0
 40
0.0
 40
0.0
 40
1.0
 40
1.0
 40
1.0
 40
1.0
 10
3255.190544564666
 20
10212.19734776536
 30
0.0
 10
3255.190544564666
 20
10212.19734776536
 30
0.0
 10
3256.24608308756
 20
10213.25343066088
 30
0.0
 10
3256.24608308756
 20
10213.25343066088
 30
0.0
  0
SPLINE
  5
2364B
330
19
100
AcDbEntity
  8
≥ﬂ¥ÁòÀ◊¢
370
     9
100
AcDbSpline
210
0.0
220
0.0
230
1.0
 70
    11
 71
     3
 72
    28
 73
    24
 74
     0
 42
0.000000001
 43
0.0000000001
 40
0.0
 40
0.0
 40
0.0
 40
0.0
 40
0.1428571428571428
 40
0.1428571428571428
 40
0.1428571428571428
 40
0.1428571528571428
 40
0.2857142857142857
 40
0.2857142857142857
 40
0.2857142857142857
 40
0.2857142957142857
 40
0.428571428571429
 40
0.428571428571429
 40
0.428571428571429
 40
0.4285714385714289
 40
0.5714285714285714
 40
0.5714285714285714
 40
0.5714285714285714
 40
0.5714285814285715
 40
0.7142857142857145
 40
0.7142857142857145
 40
0.7142857142857145
 40
0.7142857242857146
 40
1.0
 40
1.0
 40
1.0
 40
1.0
 10
3256.94614628531
 20
10213.95240511338
 30
0.0
 10
3256.94614628531
 20
10213.95240511338
 30
0.0
 10
3257.22486507011
 20
10213.95240511338
 30
0.0
 10
3257.22486507011
 20
10213.95240511338
 30
0.0
 10
3257.22486507011
 20
10213.95240511338
 30
0.0
 10
3257.22486507011
 20
10214.10646256669
 30
0.0
 10
3257.099659366013
 20
10214.2316682708
 30
0.0
 10
3256.94614628531
 20
10214.2316682708
 30
0.0
 10
3256.94614628531
 20
10214.2316682708
 30
0.0
 10
3256.792088831996
 20
10214.2316682708
 30
0.0
 10
3256.666883127891
 20
10214.10646256669
 30
0.0
 10
3256.666883127891
 20
10213.95240511338
 30
0.0
 10
3256.666883127891
 20
10213.95240511338
 30
0.0
 10
3256.666883127891
 20
10213.79889203269
 30
0.0
 10
3256.792088831996
 20
10213.67368632858
 30
0.0
 10
3256.94614628531
 20
10213.67368632858
 30
0.0
 10
3256.94614628531
 20
10213.67368632858
 30
0.0
 10
3257.099659366013
 20
10213.67368632858
 30
0.0
 10
3257.22486507011
 20
10213.79889203269
 30
0.0
 10
3257.22486507011
 20
10213.95240511338
 30
0.0
 10
3257.22486507011
 20
10213.95240511338
 30
0.0
 10
3257.22486507011
 20
10213.95240511338
 30
0.0
 10
3256.94614628531
 20
10213.95240511338
 30
0.0
 10
3256.94614628531
 20
10213.95240511338
 30
0.0
  0
SPLINE
  5
2364C
330
19
100
AcDbEntity
  8
≥ﬂ¥ÁòÀ◊¢
370
     9
100
AcDbSpline
210
0.0
220
0.0
230
0.0
 70
    24
 71
     3
 72
     8
 73
     4
 74
     0
 42
0.000000001
 43
0.0000000001
 40
0.0
 40
0.0
 40
0.0
 40
0.0
 40
1.0
 40
1.0
 40
1.0
 40
1.0
 10
3257.645665110438
 20
10214.65083519325
 30
0.0
 10
3257.645665110438
 20
10214.65083519325
 30
0.0
 10
3261.143803608683
 20
10218.14842931887
 30
0.0
 10
3261.143803608683
 20
10218.14842931887
 30
0.0
  0
SPLINE
  5
2364D
330
19
100
AcDbEntity
  8
≥ﬂ¥ÁòÀ◊¢
370
     9
100
AcDbSpline
210
0.0
220
0.0
230
1.0
 70
    11
 71
     3
 72
    28
 73
    24
 74
     0
 42
0.000000001
 43
0.0000000001
 40
0.0
 40
0.0
 40
0.0
 40
0.0
 40
0.1428571428571428
 40
0.1428571428571428
 40
0.1428571428571428
 40
0.1428571528571428
 40
0.2857142857142857
 40
0.2857142857142857
 40
0.2857142857142857
 40
0.2857142957142857
 40
0.428571428571429
 40
0.428571428571429
 40
0.428571428571429
 40
0.4285714385714289
 40
0.5714285714285714
 40
0.5714285714285714
 40
0.5714285714285714
 40
0.5714285814285715
 40
0.7142857142857145
 40
0.7142857142857145
 40
0.7142857142857145
 40
0.7142857242857146
 40
1.0
 40
1.0
 40
1.0
 40
1.0
 10
3261.843866806434
 20
10218.8501256345
 30
0.0
 10
3261.843866806434
 20
10218.8501256345
 30
0.0
 10
3262.12258559123
 20
10218.8501256345
 30
0.0
 10
3262.12258559123
 20
10218.8501256345
 30
0.0
 10
3262.12258559123
 20
10218.8501256345
 30
0.0
 10
3262.12258559123
 20
10219.00418308781
 30
0.0
 10
3261.997379887117
 20
10219.12938879192
 30
0.0
 10
3261.843866806434
 20
10219.12938879192
 30
0.0
 10
3261.843866806434
 20
10219.12938879192
 30
0.0
 10
3261.68980935312
 20
10219.12938879192
 30
0.0
 10
3261.564603649011
 20
10219.00418308781
 30
0.0
 10
3261.564603649011
 20
10218.8501256345
 30
0.0
 10
3261.564603649011
 20
10218.8501256345
 30
0.0
 10
3261.564603649011
 20
10218.69661255381
 30
0.0
 10
3261.68980935312
 20
10218.5714068497
 30
0.0
 10
3261.843866806434
 20
10218.5714068497
 30
0.0
 10
3261.843866806434
 20
10218.5714068497
 30
0.0
 10
3261.997379887117
 20
10218.5714068497
 30
0.0
 10
3262.12258559123
 20
10218.69661255381
 30
0.0
 10
3262.12258559123
 20
10218.8501256345
 30
0.0
 10
3262.12258559123
 20
10218.8501256345
 30
0.0
 10
3262.12258559123
 20
10218.8501256345
 30
0.0
 10
3261.843866806434
 20
10218.8501256345
 30
0.0
 10
3261.843866806434
 20
10218.8501256345
 30
0.0
  0
SPLINE
  5
2364E
330
19
100
AcDbEntity
  8
≥ﬂ¥ÁòÀ◊¢
370
     9
100
AcDbSpline
210
0.0
220
0.0
230
0.0
 70
    24
 71
     3
 72
     8
 73
     4
 74
     0
 42
0.000000001
 43
0.0000000001
 40
0.0
 40
0.0
 40
0.0
 40
0.0
 40
1.0
 40
1.0
 40
1.0
 40
1.0
 10
3262.543385631558
 20
10219.54855571437
 30
0.0
 10
3262.543385631558
 20
10219.54855571437
 30
0.0
 10
3264.623977810253
 20
10221.63078101094
 30
0.0
 10
3264.623977810253
 20
10221.63078101094
 30
0.0
  0
SPLINE
  5
2364F
330
19
100
AcDbEntity
  8
≥ﬂ¥ÁòÀ◊¢
370
     9
100
AcDbSpline
210
0.0
220
0.0
230
1.0
 70
    11
 71
     3
 72
    28
 73
    24
 74
     0
 42
0.000000001
 43
0.0000000001
 40
0.0
 40
0.0
 40
0.0
 40
0.0
 40
0.1428571428571428
 40
0.1428571428571428
 40
0.1428571428571428
 40
0.1428571528571428
 40
0.2857142857142857
 40
0.2857142857142857
 40
0.2857142857142857
 40
0.2857142957142857
 40
0.428571428571429
 40
0.428571428571429
 40
0.428571428571429
 40
0.4285714385714289
 40
0.5714285714285714
 40
0.5714285714285714
 40
0.5714285714285714
 40
0.5714285814285715
 40
0.7142857142857145
 40
0.7142857142857145
 40
0.7142857142857145
 40
0.7142857242857146
 40
1.0
 40
1.0
 40
1.0
 40
1.0
 10
3255.898773351819
 20
10210.10423501626
 30
0.0
 10
3255.898773351819
 20
10210.10423501626
 30
0.0
 10
3256.177492136623
 20
10210.10423501626
 30
0.0
 10
3256.177492136623
 20
10210.10423501626
 30
0.0
 10
3256.177492136623
 20
10210.10423501626
 30
0.0
 10
3256.177492136623
 20
10210.25774809694
 30
0.0
 10
3256.05228643251
 20
10210.38295380105
 30
0.0
 10
3255.898773351819
 20
10210.38295380105
 30
0.0
 10
3255.898773351819
 20
10210.38295380105
 30
0.0
 10
3255.744715898497
 20
10210.38295380105
 30
0.0
 10
3255.619510194399
 20
10210.25774809694
 30
0.0
 10
3255.619510194399
 20
10210.10423501626
 30
0.0
 10
3255.619510194399
 20
10210.10423501626
 30
0.0
 10
3255.619510194399
 20
10209.95017756294
 30
0.0
 10
3255.744715898497
 20
10209.82497185883
 30
0.0
 10
3255.898773351819
 20
10209.82497185883
 30
0.0
 10
3255.898773351819
 20
10209.82497185883
 30
0.0
 10
3256.05228643251
 20
10209.82497185883
 30
0.0
 10
3256.177492136623
 20
10209.95017756294
 30
0.0
 10
3256.177492136623
 20
10210.10423501626
 30
0.0
 10
3256.177492136623
 20
10210.10423501626
 30
0.0
 10
3256.177492136623
 20
10210.10423501626
 30
0.0
 10
3255.898773351819
 20
10210.10423501626
 30
0.0
 10
3255.898773351819
 20
10210.10423501626
 30
0.0
  0
SPLINE
  5
23650
330
19
100
AcDbEntity
  8
≥ﬂ¥ÁòÀ◊¢
370
     9
100
AcDbSpline
210
0.0
220
0.0
230
0.0
 70
    24
 71
     3
 72
     8
 73
     4
 74
     0
 42
0.000000001
 43
0.0000000001
 40
0.0
 40
0.0
 40
0.0
 40
0.0
 40
1.0
 40
1.0
 40
1.0
 40
1.0
 10
3256.596659059076
 20
10210.804298214
 30
0.0
 10
3256.596659059076
 20
10210.804298214
 30
0.0
 10
3260.094797557325
 20
10214.30025922175
 30
0.0
 10
3260.094797557325
 20
10214.30025922175
 30
0.0
  0
SPLINE
  5
23651
330
19
100
AcDbEntity
  8
≥ﬂ¥ÁòÀ◊¢
370
     9
100
AcDbSpline
210
0.0
220
0.0
230
1.0
 70
    11
 71
     3
 72
    28
 73
    24
 74
     0
 42
0.000000001
 43
0.0000000001
 40
0.0
 40
0.0
 40
0.0
 40
0.0
 40
0.1428571428571428
 40
0.1428571428571428
 40
0.1428571428571428
 40
0.1428571528571428
 40
0.2857142857142857
 40
0.2857142857142857
 40
0.2857142857142857
 40
0.2857142957142857
 40
0.428571428571429
 40
0.428571428571429
 40
0.428571428571429
 40
0.4285714385714289
 40
0.5714285714285714
 40
0.5714285714285714
 40
0.5714285714285714
 40
0.5714285814285715
 40
0.7142857142857145
 40
0.7142857142857145
 40
0.7142857142857145
 40
0.7142857242857146
 40
1.0
 40
1.0
 40
1.0
 40
1.0
 10
3260.794316382438
 20
10215.00195553738
 30
0.0
 10
3260.794316382438
 20
10215.00195553738
 30
0.0
 10
3261.073579539861
 20
10215.00195553738
 30
0.0
 10
3261.073579539861
 20
10215.00195553738
 30
0.0
 10
3261.073579539861
 20
10215.00195553738
 30
0.0
 10
3261.073579539861
 20
10215.15546861806
 30
0.0
 10
3260.948373835752
 20
10215.28067432217
 30
0.0
 10
3260.794316382438
 20
10215.28067432217
 30
0.0
 10
3260.794316382438
 20
10215.28067432217
 30
0.0
 10
3260.64080330175
 20
10215.28067432217
 30
0.0
 10
3260.515597597656
 20
10215.15546861806
 30
0.0
 10
3260.515597597656
 20
10215.00195553738
 30
0.0
 10
3260.515597597656
 20
10215.00195553738
 30
0.0
 10
3260.515597597656
 20
10214.84789808406
 30
0.0
 10
3260.64080330175
 20
10214.72269237995
 30
0.0
 10
3260.794316382438
 20
10214.72269237995
 30
0.0
 10
3260.794316382438
 20
10214.72269237995
 30
0.0
 10
3260.948373835752
 20
10214.72269237995
 30
0.0
 10
3261.073579539861
 20
10214.84789808406
 30
0.0
 10
3261.073579539861
 20
10215.00195553738
 30
0.0
 10
3261.073579539861
 20
10215.00195553738
 30
0.0
 10
3261.073579539861
 20
10215.00195553738
 30
0.0
 10
3260.794316382438
 20
10215.00195553738
 30
0.0
 10
3260.794316382438
 20
10215.00195553738
 30
0.0
  0
SPLINE
  5
23652
330
19
100
AcDbEntity
  8
≥ﬂ¥ÁòÀ◊¢
370
     9
100
AcDbSpline
210
0.0
220
0.0
230
0.0
 70
    24
 71
     3
 72
     8
 73
     4
 74
     0
 42
0.000000001
 43
0.0000000001
 40
0.0
 40
0.0
 40
0.0
 40
0.0
 40
1.0
 40
1.0
 40
1.0
 40
1.0
 10
3261.494379580192
 20
10215.70201873513
 30
0.0
 10
3261.494379580192
 20
10215.70201873513
 30
0.0
 10
3264.992518078434
 20
10219.19797974287
 30
0.0
 10
3264.992518078434
 20
10219.19797974287
 30
0.0
  0
SPLINE
  5
23653
330
19
100
AcDbEntity
  8
≥ﬂ¥ÁòÀ◊¢
370
     9
100
AcDbSpline
210
0.0
220
0.0
230
1.0
 70
    11
 71
     3
 72
    28
 73
    24
 74
     0
 42
0.000000001
 43
0.0000000001
 40
0.0
 40
0.0
 40
0.0
 40
0.0
 40
0.1428571428571428
 40
0.1428571428571428
 40
0.1428571428571428
 40
0.1428571528571428
 40
0.2857142857142857
 40
0.2857142857142857
 40
0.2857142857142857
 40
0.2857142957142857
 40
0.428571428571429
 40
0.428571428571429
 40
0.428571428571429
 40
0.4285714385714289
 40
0.5714285714285714
 40
0.5714285714285714
 40
0.5714285714285714
 40
0.5714285814285715
 40
0.7142857142857145
 40
0.7142857142857145
 40
0.7142857142857145
 40
0.7142857242857146
 40
1.0
 40
1.0
 40
1.0
 40
1.0
 10
3265.691492530928
 20
10219.89695419537
 30
0.0
 10
3265.691492530928
 20
10219.89695419537
 30
0.0
 10
3265.970755688348
 20
10219.89695419537
 30
0.0
 10
3265.970755688348
 20
10219.89695419537
 30
0.0
 10
3265.970755688348
 20
10219.89695419537
 30
0.0
 10
3265.970755688348
 20
10220.05046727605
 30
0.0
 10
3265.845549984245
 20
10220.17621735278
 30
0.0
 10
3265.691492530928
 20
10220.17621735278
 30
0.0
 10
3265.691492530928
 20
10220.17621735278
 30
0.0
 10
3265.537979450247
 20
10220.17621735278
 30
0.0
 10
3265.412773746128
 20
10220.05046727605
 30
0.0
 10
3265.412773746128
 20
10219.89695419537
 30
0.0
 10
3265.412773746128
 20
10219.89695419537
 30
0.0
 10
3265.412773746128
 20
10219.74344111468
 30
0.0
 10
3265.537979450247
 20
10219.61769103794
 30
0.0
 10
3265.691492530928
 20
10219.61769103794
 30
0.0
 10
3265.691492530928
 20
10219.61769103794
 30
0.0
 10
3265.845549984245
 20
10219.61769103794
 30
0.0
 10
3265.970755688348
 20
10219.74344111468
 30
0.0
 10
3265.970755688348
 20
10219.89695419537
 30
0.0
 10
3265.970755688348
 20
10219.89695419537
 30
0.0
 10
3265.970755688348
 20
10219.89695419537
 30
0.0
 10
3265.691492530928
 20
10219.89695419537
 30
0.0
 10
3265.691492530928
 20
10219.89695419537
 30
0.0
  0
SPLINE
  5
23654
330
19
100
AcDbEntity
  8
≥ﬂ¥ÁòÀ◊¢
370
     9
100
AcDbSpline
210
0.0
220
0.0
230
0.0
 70
    24
 71
     3
 72
     8
 73
     4
 74
     0
 42
0.000000001
 43
0.0000000001
 40
0.0
 40
0.0
 40
0.0
 40
0.0
 40
1.0
 40
1.0
 40
1.0
 40
1.0
 10
3266.3899226108
 20
10220.59756176574
 30
0.0
 10
3266.3899226108
 20
10220.59756176574
 30
0.0
 10
3267.423686228627
 20
10221.63078101094
 30
0.0
 10
3267.423686228627
 20
10221.63078101094
 30
0.0
  0
SPLINE
  5
23655
330
19
100
AcDbEntity
  8
≥ﬂ¥ÁòÀ◊¢
370
     9
100
AcDbSpline
210
0.0
220
0.0
230
0.0
 70
    24
 71
     3
 72
     8
 73
     4
 74
     0
 42
0.000000001
 43
0.0000000001
 40
0.0
 40
0.0
 40
0.0
 40
0.0
 40
1.0
 40
1.0
 40
1.0
 40
1.0
 10
3257.710989825616
 20
10209.11892056219
 30
0.0
 10
3257.710989825616
 20
10209.11892056219
 30
0.0
 10
3259.045247133312
 20
10210.4537222425
 30
0.0
 10
3259.045247133312
 20
10210.4537222425
 30
0.0
  0
SPLINE
  5
23656
330
19
100
AcDbEntity
  8
≥ﬂ¥ÁòÀ◊¢
370
     9
100
AcDbSpline
210
0.0
220
0.0
230
1.0
 70
    11
 71
     3
 72
    28
 73
    24
 74
     0
 42
0.000000001
 43
0.0000000001
 40
0.0
 40
0.0
 40
0.0
 40
0.0
 40
0.1428571428571428
 40
0.1428571428571428
 40
0.1428571428571428
 40
0.1428571528571428
 40
0.2857142857142857
 40
0.2857142857142857
 40
0.2857142857142857
 40
0.2857142957142857
 40
0.428571428571429
 40
0.428571428571429
 40
0.428571428571429
 40
0.4285714385714289
 40
0.5714285714285714
 40
0.5714285714285714
 40
0.5714285714285714
 40
0.5714285814285715
 40
0.7142857142857145
 40
0.7142857142857145
 40
0.7142857142857145
 40
0.7142857242857146
 40
1.0
 40
1.0
 40
1.0
 40
1.0
 10
3259.74476595845
 20
10211.15324106763
 30
0.0
 10
3259.74476595845
 20
10211.15324106763
 30
0.0
 10
3260.024029115873
 20
10211.15324106763
 30
0.0
 10
3260.024029115873
 20
10211.15324106763
 30
0.0
 10
3260.024029115873
 20
10211.15324106763
 30
0.0
 10
3260.024029115873
 20
10211.30675414832
 30
0.0
 10
3259.89827903912
 20
10211.43250422505
 30
0.0
 10
3259.74476595845
 20
10211.43250422505
 30
0.0
 10
3259.74476595845
 20
10211.43250422505
 30
0.0
 10
3259.590708505125
 20
10211.43250422505
 30
0.0
 10
3259.465502801031
 20
10211.30675414832
 30
0.0
 10
3259.465502801031
 20
10211.15324106763
 30
0.0
 10
3259.465502801031
 20
10211.15324106763
 30
0.0
 10
3259.465502801031
 20
10210.99918361431
 30
0.0
 10
3259.590708505125
 20
10210.8739779102
 30
0.0
 10
3259.74476595845
 20
10210.8739779102
 30
0.0
 10
3259.74476595845
 20
10210.8739779102
 30
0.0
 10
3259.89827903912
 20
10210.8739779102
 30
0.0
 10
3260.024029115873
 20
10210.99918361431
 30
0.0
 10
3260.024029115873
 20
10211.15324106763
 30
0.0
 10
3260.024029115873
 20
10211.15324106763
 30
0.0
 10
3260.024029115873
 20
10211.15324106763
 30
0.0
 10
3259.74476595845
 20
10211.15324106763
 30
0.0
 10
3259.74476595845
 20
10211.15324106763
 30
0.0
  0
SPLINE
  5
23657
330
19
100
AcDbEntity
  8
≥ﬂ¥ÁòÀ◊¢
370
     9
100
AcDbSpline
210
0.0
220
0.0
230
0.0
 70
    24
 71
     3
 72
     8
 73
     4
 74
     0
 42
0.000000001
 43
0.0000000001
 40
0.0
 40
0.0
 40
0.0
 40
0.0
 40
1.0
 40
1.0
 40
1.0
 40
1.0
 10
3260.443196038308
 20
10211.85384863801
 30
0.0
 10
3260.443196038308
 20
10211.85384863801
 30
0.0
 10
3263.942967654431
 20
10215.35144276362
 30
0.0
 10
3263.942967654431
 20
10215.35144276362
 30
0.0
  0
SPLINE
  5
23658
330
19
100
AcDbEntity
  8
≥ﬂ¥ÁòÀ◊¢
370
     9
100
AcDbSpline
210
0.0
220
0.0
230
1.0
 70
    11
 71
     3
 72
    28
 73
    24
 74
     0
 42
0.000000001
 43
0.0000000001
 40
0.0
 40
0.0
 40
0.0
 40
0.0
 40
0.1428571428571428
 40
0.1428571428571428
 40
0.1428571428571428
 40
0.1428571528571428
 40
0.2857142857142857
 40
0.2857142857142857
 40
0.2857142857142857
 40
0.2857142957142857
 40
0.428571428571429
 40
0.428571428571429
 40
0.428571428571429
 40
0.4285714385714289
 40
0.5714285714285714
 40
0.5714285714285714
 40
0.5714285714285714
 40
0.5714285814285715
 40
0.7142857142857145
 40
0.7142857142857145
 40
0.7142857142857145
 40
0.7142857242857146
 40
1.0
 40
1.0
 40
1.0
 40
1.0
 10
3264.642486479559
 20
10216.05096158875
 30
0.0
 10
3264.642486479559
 20
10216.05096158875
 30
0.0
 10
3264.921749636982
 20
10216.05096158875
 30
0.0
 10
3264.921749636982
 20
10216.05096158875
 30
0.0
 10
3264.921749636982
 20
10216.05096158875
 30
0.0
 10
3264.921749636982
 20
10216.20447466944
 30
0.0
 10
3264.795999560246
 20
10216.33022474617
 30
0.0
 10
3264.642486479559
 20
10216.33022474617
 30
0.0
 10
3264.642486479559
 20
10216.33022474617
 30
0.0
 10
3264.488429026245
 20
10216.33022474617
 30
0.0
 10
3264.363223322135
 20
10216.20447466944
 30
0.0
 10
3264.363223322135
 20
10216.05096158875
 30
0.0
 10
3264.363223322135
 20
10216.05096158875
 30
0.0
 10
3264.363223322135
 20
10215.89690413543
 30
0.0
 10
3264.488429026245
 20
10215.77169843133
 30
0.0
 10
3264.642486479559
 20
10215.77169843133
 30
0.0
 10
3264.642486479559
 20
10215.77169843133
 30
0.0
 10
3264.795999560246
 20
10215.77169843133
 30
0.0
 10
3264.921749636982
 20
10215.89690413543
 30
0.0
 10
3264.921749636982
 20
10216.05096158875
 30
0.0
 10
3264.921749636982
 20
10216.05096158875
 30
0.0
 10
3264.921749636982
 20
10216.05096158875
 30
0.0
 10
3264.642486479559
 20
10216.05096158875
 30
0.0
 10
3264.642486479559
 20
10216.05096158875
 30
0.0
  0
SPLINE
  5
23659
330
19
100
AcDbEntity
  8
≥ﬂ¥ÁòÀ◊¢
370
     9
100
AcDbSpline
210
0.0
220
0.0
230
0.0
 70
    24
 71
     3
 72
     8
 73
     4
 74
     0
 42
0.000000001
 43
0.0000000001
 40
0.0
 40
0.0
 40
0.0
 40
0.0
 40
1.0
 40
1.0
 40
1.0
 40
1.0
 10
3265.340916559438
 20
10216.74884729599
 30
0.0
 10
3265.340916559438
 20
10216.74884729599
 30
0.0
 10
3268.839055057673
 20
10220.24698579424
 30
0.0
 10
3268.839055057673
 20
10220.24698579424
 30
0.0
  0
SPLINE
  5
2365A
330
19
100
AcDbEntity
  8
≥ﬂ¥ÁòÀ◊¢
370
     9
100
AcDbSpline
210
0.0
220
0.0
230
1.0
 70
    11
 71
     3
 72
    28
 73
    24
 74
     0
 42
0.000000001
 43
0.0000000001
 40
0.0
 40
0.0
 40
0.0
 40
0.0
 40
0.1428571428571428
 40
0.1428571428571428
 40
0.1428571428571428
 40
0.1428571528571428
 40
0.2857142857142857
 40
0.2857142857142857
 40
0.2857142857142857
 40
0.2857142957142857
 40
0.428571428571429
 40
0.428571428571429
 40
0.428571428571429
 40
0.4285714385714289
 40
0.5714285714285714
 40
0.5714285714285714
 40
0.5714285714285714
 40
0.5714285814285715
 40
0.7142857142857145
 40
0.7142857142857145
 40
0.7142857142857145
 40
0.7142857242857146
 40
1.0
 40
1.0
 40
1.0
 40
1.0
 10
3269.540207000671
 20
10220.94868210987
 30
0.0
 10
3269.540207000671
 20
10220.94868210987
 30
0.0
 10
3269.819470158108
 20
10220.94868210987
 30
0.0
 10
3269.819470158108
 20
10220.94868210987
 30
0.0
 10
3269.819470158108
 20
10220.94868210987
 30
0.0
 10
3269.819470158108
 20
10221.10219519056
 30
0.0
 10
3269.693720081362
 20
10221.22794526729
 30
0.0
 10
3269.540207000671
 20
10221.22794526729
 30
0.0
 10
3269.540207000671
 20
10221.22794526729
 30
0.0
 10
3269.386149547379
 20
10221.22794526729
 30
0.0
 10
3269.260943843252
 20
10221.10219519056
 30
0.0
 10
3269.260943843252
 20
10220.94868210987
 30
0.0
 10
3269.260943843252
 20
10220.94868210987
 30
0.0
 10
3269.260943843252
 20
10220.79462465655
 30
0.0
 10
3269.386149547379
 20
10220.66941895245
 30
0.0
 10
3269.540207000671
 20
10220.66941895245
 30
0.0
 10
3269.540207000671
 20
10220.66941895245
 30
0.0
 10
3269.693720081362
 20
10220.66941895245
 30
0.0
 10
3269.819470158108
 20
10220.79462465655
 30
0.0
 10
3269.819470158108
 20
10220.94868210987
 30
0.0
 10
3269.819470158108
 20
10220.94868210987
 30
0.0
 10
3269.819470158108
 20
10220.94868210987
 30
0.0
 10
3269.540207000671
 20
10220.94868210987
 30
0.0
 10
3269.540207000671
 20
10220.94868210987
 30
0.0
  0
SPLINE
  5
2365B
330
19
100
AcDbEntity
  8
≥ﬂ¥ÁòÀ◊¢
370
     9
100
AcDbSpline
210
0.0
220
0.0
230
0.0
 70
    24
 71
     3
 72
     8
 73
     4
 74
     0
 42
0.000000001
 43
0.0000000001
 40
0.0
 40
0.0
 40
0.0
 40
0.0
 40
1.0
 40
1.0
 40
1.0
 40
1.0
 10
3260.507976380868
 20
10209.11892056219
 30
0.0
 10
3260.507976380868
 20
10209.11892056219
 30
0.0
 10
3262.892328485173
 20
10211.5032726665
 30
0.0
 10
3262.892328485173
 20
10211.5032726665
 30
0.0
  0
SPLINE
  5
2365C
330
19
100
AcDbEntity
  8
≥ﬂ¥ÁòÀ◊¢
370
     9
100
AcDbSpline
210
0.0
220
0.0
230
1.0
 70
    11
 71
     3
 72
    28
 73
    24
 74
     0
 42
0.000000001
 43
0.0000000001
 40
0.0
 40
0.0
 40
0.0
 40
0.0
 40
0.1428571428571428
 40
0.1428571428571428
 40
0.1428571428571428
 40
0.1428571528571428
 40
0.2857142857142857
 40
0.2857142857142857
 40
0.2857142857142857
 40
0.2857142957142857
 40
0.428571428571429
 40
0.428571428571429
 40
0.428571428571429
 40
0.4285714385714289
 40
0.5714285714285714
 40
0.5714285714285714
 40
0.5714285714285714
 40
0.5714285814285715
 40
0.7142857142857145
 40
0.7142857142857145
 40
0.7142857142857145
 40
0.7142857242857146
 40
1.0
 40
1.0
 40
1.0
 40
1.0
 10
3263.593480428182
 20
10212.202247119
 30
0.0
 10
3263.593480428182
 20
10212.202247119
 30
0.0
 10
3263.872199212979
 20
10212.202247119
 30
0.0
 10
3263.872199212979
 20
10212.202247119
 30
0.0
 10
3263.872199212979
 20
10212.202247119
 30
0.0
 10
3263.872199212979
 20
10212.35630457232
 30
0.0
 10
3263.746993508878
 20
10212.48151027642
 30
0.0
 10
3263.593480428182
 20
10212.48151027642
 30
0.0
 10
3263.593480428182
 20
10212.48151027642
 30
0.0
 10
3263.439422974879
 20
10212.48151027642
 30
0.0
 10
3263.314217270759
 20
10212.35630457232
 30
0.0
 10
3263.314217270759
 20
10212.202247119
 30
0.0
 10
3263.314217270759
 20
10212.202247119
 30
0.0
 10
3263.314217270759
 20
10212.04873403831
 30
0.0
 10
3263.439422974879
 20
10211.92352833421
 30
0.0
 10
3263.593480428182
 20
10211.92352833421
 30
0.0
 10
3263.593480428182
 20
10211.92352833421
 30
0.0
 10
3263.746993508878
 20
10211.92352833421
 30
0.0
 10
3263.872199212979
 20
10212.04873403831
 30
0.0
 10
3263.872199212979
 20
10212.202247119
 30
0.0
 10
3263.872199212979
 20
10212.202247119
 30
0.0
 10
3263.872199212979
 20
10212.202247119
 30
0.0
 10
3263.593480428182
 20
10212.202247119
 30
0.0
 10
3263.593480428182
 20
10212.202247119
 30
0.0
  0
SPLINE
  5
2365D
330
19
100
AcDbEntity
  8
≥ﬂ¥ÁòÀ◊¢
370
     9
100
AcDbSpline
210
0.0
220
0.0
230
0.0
 70
    24
 71
     3
 72
     8
 73
     4
 74
     0
 42
0.000000001
 43
0.0000000001
 40
0.0
 40
0.0
 40
0.0
 40
0.0
 40
1.0
 40
1.0
 40
1.0
 40
1.0
 10
3264.291910508051
 20
10212.90285468938
 30
0.0
 10
3264.291910508051
 20
10212.90285468938
 30
0.0
 10
3267.790049006304
 20
10216.40099318762
 30
0.0
 10
3267.790049006304
 20
10216.40099318762
 30
0.0
  0
SPLINE
  5
2365E
330
19
100
AcDbEntity
  8
≥ﬂ¥ÁòÀ◊¢
370
     9
100
AcDbSpline
210
0.0
220
0.0
230
1.0
 70
    11
 71
     3
 72
    28
 73
    24
 74
     0
 42
0.000000001
 43
0.0000000001
 40
0.0
 40
0.0
 40
0.0
 40
0.0
 40
0.1428571428571428
 40
0.1428571428571428
 40
0.1428571428571428
 40
0.1428571528571428
 40
0.2857142857142857
 40
0.2857142857142857
 40
0.2857142857142857
 40
0.2857142957142857
 40
0.428571428571429
 40
0.428571428571429
 40
0.428571428571429
 40
0.4285714385714289
 40
0.5714285714285714
 40
0.5714285714285714
 40
0.5714285714285714
 40
0.5714285814285715
 40
0.7142857142857145
 40
0.7142857142857145
 40
0.7142857142857145
 40
0.7142857242857146
 40
1.0
 40
1.0
 40
1.0
 40
1.0
 10
3268.489023458798
 20
10217.09996764012
 30
0.0
 10
3268.489023458798
 20
10217.09996764012
 30
0.0
 10
3268.768286616221
 20
10217.09996764012
 30
0.0
 10
3268.768286616221
 20
10217.09996764012
 30
0.0
 10
3268.768286616221
 20
10217.09996764012
 30
0.0
 10
3268.768286616221
 20
10217.25402509344
 30
0.0
 10
3268.643080912112
 20
10217.37923079754
 30
0.0
 10
3268.489023458798
 20
10217.37923079754
 30
0.0
 10
3268.489023458798
 20
10217.37923079754
 30
0.0
 10
3268.33551037811
 20
10217.37923079754
 30
0.0
 10
3268.210304674001
 20
10217.25402509344
 30
0.0
 10
3268.210304674001
 20
10217.09996764012
 30
0.0
 10
3268.210304674001
 20
10217.09996764012
 30
0.0
 10
3268.210304674001
 20
10216.94645455943
 30
0.0
 10
3268.33551037811
 20
10216.82124885533
 30
0.0
 10
3268.489023458798
 20
10216.82124885533
 30
0.0
 10
3268.489023458798
 20
10216.82124885533
 30
0.0
 10
3268.643080912112
 20
10216.82124885533
 30
0.0
 10
3268.768286616221
 20
10216.94645455943
 30
0.0
 10
3268.768286616221
 20
10217.09996764012
 30
0.0
 10
3268.768286616221
 20
10217.09996764012
 30
0.0
 10
3268.768286616221
 20
10217.09996764012
 30
0.0
 10
3268.489023458798
 20
10217.09996764012
 30
0.0
 10
3268.489023458798
 20
10217.09996764012
 30
0.0
  0
SPLINE
  5
2365F
330
19
100
AcDbEntity
  8
≥ﬂ¥ÁòÀ◊¢
370
     9
100
AcDbSpline
210
0.0
220
0.0
230
0.0
 70
    24
 71
     3
 72
     8
 73
     4
 74
     0
 42
0.000000001
 43
0.0000000001
 40
0.0
 40
0.0
 40
0.0
 40
0.0
 40
1.0
 40
1.0
 40
1.0
 40
1.0
 10
3269.189631029171
 20
10217.8005752105
 30
0.0
 10
3269.189631029171
 20
10217.8005752105
 30
0.0
 10
3272.687769527434
 20
10221.29871370875
 30
0.0
 10
3272.687769527434
 20
10221.29871370875
 30
0.0
  0
SPLINE
  5
23660
330
19
100
AcDbEntity
  8
≥ﬂ¥ÁòÀ◊¢
370
     9
100
AcDbSpline
210
0.0
220
0.0
230
1.0
 70
    11
 71
     3
 72
    28
 73
    24
 74
     0
 42
0.000000001
 43
0.0000000001
 40
0.0
 40
0.0
 40
0.0
 40
0.0
 40
0.1428571428571428
 40
0.1428571428571428
 40
0.1428571428571428
 40
0.1428571528571428
 40
0.2857142857142857
 40
0.2857142857142857
 40
0.2857142857142857
 40
0.2857142957142857
 40
0.428571428571429
 40
0.428571428571429
 40
0.428571428571429
 40
0.4285714385714289
 40
0.5714285714285714
 40
0.5714285714285714
 40
0.5714285714285714
 40
0.5714285814285715
 40
0.7142857142857145
 40
0.7142857142857145
 40
0.7142857142857145
 40
0.7142857242857146
 40
1.0
 40
1.0
 40
1.0
 40
1.0
 10
3273.020381202252
 20
10221.6318697562
 30
0.0
 10
3273.020381202252
 20
10221.6318697562
 30
0.0
 10
3273.299644359678
 20
10221.6318697562
 30
0.0
 10
3273.299644359678
 20
10221.6318697562
 30
0.0
 10
3273.299644359678
 20
10221.6318697562
 30
0.0
 10
3273.299644359678
 20
10221.78592720951
 30
0.0
 10
3273.174438655558
 20
10221.91113291362
 30
0.0
 10
3273.020381202252
 20
10221.91113291362
 30
0.0
 10
3273.020381202252
 20
10221.91113291362
 30
0.0
 10
3272.866868121568
 20
10221.91113291362
 30
0.0
 10
3272.741118044825
 20
10221.78592720951
 30
0.0
 10
3272.741118044825
 20
10221.6318697562
 30
0.0
 10
3272.741118044825
 20
10221.6318697562
 30
0.0
 10
3272.741118044825
 20
10221.47835667551
 30
0.0
 10
3272.866868121568
 20
10221.3531509714
 30
0.0
 10
3273.020381202252
 20
10221.3531509714
 30
0.0
 10
3273.020381202252
 20
10221.3531509714
 30
0.0
 10
3273.174438655558
 20
10221.3531509714
 30
0.0
 10
3273.299644359678
 20
10221.47835667551
 30
0.0
 10
3273.299644359678
 20
10221.6318697562
 30
0.0
 10
3273.299644359678
 20
10221.6318697562
 30
0.0
 10
3273.299644359678
 20
10221.6318697562
 30
0.0
 10
3273.020381202252
 20
10221.6318697562
 30
0.0
 10
3273.020381202252
 20
10221.6318697562
 30
0.0
  0
SPLINE
  5
23661
330
19
100
AcDbEntity
  8
≥ﬂ¥ÁòÀ◊¢
370
     9
100
AcDbSpline
210
0.0
220
0.0
230
0.0
 70
    24
 71
     3
 72
     8
 73
     4
 74
     0
 42
0.000000001
 43
0.0000000001
 40
0.0
 40
0.0
 40
0.0
 40
0.0
 40
1.0
 40
1.0
 40
1.0
 40
1.0
 10
3263.307140426615
 20
10209.11892056219
 30
0.0
 10
3263.307140426615
 20
10209.11892056219
 30
0.0
 10
3266.740498582294
 20
10212.55227871788
 30
0.0
 10
3266.740498582294
 20
10212.55227871788
 30
0.0
  0
SPLINE
  5
23662
330
19
100
AcDbEntity
  8
≥ﬂ¥ÁòÀ◊¢
370
     9
100
AcDbSpline
210
0.0
220
0.0
230
1.0
 70
    11
 71
     3
 72
    28
 73
    24
 74
     0
 42
0.000000001
 43
0.0000000001
 40
0.0
 40
0.0
 40
0.0
 40
0.0
 40
0.1428571428571428
 40
0.1428571428571428
 40
0.1428571428571428
 40
0.1428571528571428
 40
0.2857142857142857
 40
0.2857142857142857
 40
0.2857142857142857
 40
0.2857142957142857
 40
0.428571428571429
 40
0.428571428571429
 40
0.428571428571429
 40
0.4285714385714289
 40
0.5714285714285714
 40
0.5714285714285714
 40
0.5714285714285714
 40
0.5714285814285715
 40
0.7142857142857145
 40
0.7142857142857145
 40
0.7142857142857145
 40
0.7142857242857146
 40
1.0
 40
1.0
 40
1.0
 40
1.0
 10
3267.441650525306
 20
10213.25397503351
 30
0.0
 10
3267.441650525306
 20
10213.25397503351
 30
0.0
 10
3267.720913682726
 20
10213.25397503351
 30
0.0
 10
3267.720913682726
 20
10213.25397503351
 30
0.0
 10
3267.720913682726
 20
10213.25397503351
 30
0.0
 10
3267.720913682726
 20
10213.40803248682
 30
0.0
 10
3267.59570797862
 20
10213.53323819093
 30
0.0
 10
3267.441650525306
 20
10213.53323819093
 30
0.0
 10
3267.441650525306
 20
10213.53323819093
 30
0.0
 10
3267.288137444608
 20
10213.53323819093
 30
0.0
 10
3267.162931740506
 20
10213.40803248682
 30
0.0
 10
3267.162931740506
 20
10213.25397503351
 30
0.0
 10
3267.162931740506
 20
10213.25397503351
 30
0.0
 10
3267.162931740506
 20
10213.10046195281
 30
0.0
 10
3267.288137444608
 20
10212.97471187608
 30
0.0
 10
3267.441650525306
 20
10212.97471187608
 30
0.0
 10
3267.441650525306
 20
10212.97471187608
 30
0.0
 10
3267.59570797862
 20
10212.97471187608
 30
0.0
 10
3267.720913682726
 20
10213.10046195281
 30
0.0
 10
3267.720913682726
 20
10213.25397503351
 30
0.0
 10
3267.720913682726
 20
10213.25397503351
 30
0.0
 10
3267.720913682726
 20
10213.25397503351
 30
0.0
 10
3267.441650525306
 20
10213.25397503351
 30
0.0
 10
3267.441650525306
 20
10213.25397503351
 30
0.0
  0
SPLINE
  5
23663
330
19
100
AcDbEntity
  8
≥ﬂ¥ÁòÀ◊¢
370
     9
100
AcDbSpline
210
0.0
220
0.0
230
0.0
 70
    24
 71
     3
 72
     8
 73
     4
 74
     0
 42
0.000000001
 43
0.0000000001
 40
0.0
 40
0.0
 40
0.0
 40
0.0
 40
1.0
 40
1.0
 40
1.0
 40
1.0
 10
3268.139536232556
 20
10213.95186074075
 30
0.0
 10
3268.139536232556
 20
10213.95186074075
 30
0.0
 10
3271.637674730798
 20
10217.449999239
 30
0.0
 10
3271.637674730798
 20
10217.449999239
 30
0.0
  0
SPLINE
  5
23664
330
19
100
AcDbEntity
  8
≥ﬂ¥ÁòÀ◊¢
370
     9
100
AcDbSpline
210
0.0
220
0.0
230
1.0
 70
    11
 71
     3
 72
    28
 73
    24
 74
     0
 42
0.000000001
 43
0.0000000001
 40
0.0
 40
0.0
 40
0.0
 40
0.0
 40
0.1428571428571428
 40
0.1428571428571428
 40
0.1428571428571428
 40
0.1428571528571428
 40
0.2857142857142857
 40
0.2857142857142857
 40
0.2857142857142857
 40
0.2857142957142857
 40
0.428571428571429
 40
0.428571428571429
 40
0.428571428571429
 40
0.4285714385714289
 40
0.5714285714285714
 40
0.5714285714285714
 40
0.5714285714285714
 40
0.5714285814285715
 40
0.7142857142857145
 40
0.7142857142857145
 40
0.7142857142857145
 40
0.7142857242857146
 40
1.0
 40
1.0
 40
1.0
 40
1.0
 10
3272.337737928548
 20
10218.1489736915
 30
0.0
 10
3272.337737928548
 20
10218.1489736915
 30
0.0
 10
3272.616456713338
 20
10218.1489736915
 30
0.0
 10
3272.616456713338
 20
10218.1489736915
 30
0.0
 10
3272.616456713338
 20
10218.1489736915
 30
0.0
 10
3272.616456713338
 20
10218.30303114481
 30
0.0
 10
3272.491251009236
 20
10218.42823684892
 30
0.0
 10
3272.337737928548
 20
10218.42823684892
 30
0.0
 10
3272.337737928548
 20
10218.42823684892
 30
0.0
 10
3272.183680475224
 20
10218.42823684892
 30
0.0
 10
3272.058474771128
 20
10218.30303114481
 30
0.0
 10
3272.058474771128
 20
10218.1489736915
 30
0.0
 10
3272.058474771128
 20
10218.1489736915
 30
0.0
 10
3272.058474771128
 20
10217.9954606108
 30
0.0
 10
3272.183680475224
 20
10217.8702549067
 30
0.0
 10
3272.337737928548
 20
10217.8702549067
 30
0.0
 10
3272.337737928548
 20
10217.8702549067
 30
0.0
 10
3272.491251009236
 20
10217.8702549067
 30
0.0
 10
3272.616456713338
 20
10217.9954606108
 30
0.0
 10
3272.616456713338
 20
10218.1489736915
 30
0.0
 10
3272.616456713338
 20
10218.1489736915
 30
0.0
 10
3272.616456713338
 20
10218.1489736915
 30
0.0
 10
3272.337737928548
 20
10218.1489736915
 30
0.0
 10
3272.337737928548
 20
10218.1489736915
 30
0.0
  0
SPLINE
  5
23665
330
19
100
AcDbEntity
  8
≥ﬂ¥ÁòÀ◊¢
370
     9
100
AcDbSpline
210
0.0
220
0.0
230
0.0
 70
    24
 71
     3
 72
     8
 73
     4
 74
     0
 42
0.000000001
 43
0.0000000001
 40
0.0
 40
0.0
 40
0.0
 40
0.0
 40
1.0
 40
1.0
 40
1.0
 40
1.0
 10
3273.037256753672
 20
10218.84958126187
 30
0.0
 10
3273.037256753672
 20
10218.84958126187
 30
0.0
 10
3275.819000875388
 20
10221.63132538357
 30
0.0
 10
3275.819000875388
 20
10221.63132538357
 30
0.0
  0
SPLINE
  5
23666
330
19
100
AcDbEntity
  8
≥ﬂ¥ÁòÀ◊¢
370
     9
100
AcDbSpline
210
0.0
220
0.0
230
1.0
 70
    11
 71
     3
 72
    28
 73
    24
 74
     0
 42
0.000000001
 43
0.0000000001
 40
0.0
 40
0.0
 40
0.0
 40
0.0
 40
0.1428571428571428
 40
0.1428571428571428
 40
0.1428571428571428
 40
0.1428571528571428
 40
0.2857142857142857
 40
0.2857142857142857
 40
0.2857142857142857
 40
0.2857142957142857
 40
0.428571428571429
 40
0.428571428571429
 40
0.428571428571429
 40
0.4285714385714289
 40
0.5714285714285714
 40
0.5714285714285714
 40
0.5714285714285714
 40
0.5714285814285715
 40
0.7142857142857145
 40
0.7142857142857145
 40
0.7142857142857145
 40
0.7142857242857146
 40
1.0
 40
1.0
 40
1.0
 40
1.0
 10
3266.391011356052
 20
10209.40526056376
 30
0.0
 10
3266.391011356052
 20
10209.40526056376
 30
0.0
 10
3266.669730140849
 20
10209.40526056376
 30
0.0
 10
3266.669730140849
 20
10209.40526056376
 30
0.0
 10
3266.669730140849
 20
10209.40526056376
 30
0.0
 10
3266.669730140849
 20
10209.55931801707
 30
0.0
 10
3266.544524436751
 20
10209.68452372118
 30
0.0
 10
3266.391011356052
 20
10209.68452372118
 30
0.0
 10
3266.391011356052
 20
10209.68452372118
 30
0.0
 10
3266.236953902738
 20
10209.68452372118
 30
0.0
 10
3266.111748198629
 20
10209.55931801707
 30
0.0
 10
3266.111748198629
 20
10209.40526056376
 30
0.0
 10
3266.111748198629
 20
10209.40526056376
 30
0.0
 10
3266.111748198629
 20
10209.25174748307
 30
0.0
 10
3266.236953902738
 20
10209.12654177896
 30
0.0
 10
3266.391011356052
 20
10209.12654177896
 30
0.0
 10
3266.391011356052
 20
10209.12654177896
 30
0.0
 10
3266.544524436751
 20
10209.12654177896
 30
0.0
 10
3266.669730140849
 20
10209.25174748307
 30
0.0
 10
3266.669730140849
 20
10209.40526056376
 30
0.0
 10
3266.669730140849
 20
10209.40526056376
 30
0.0
 10
3266.669730140849
 20
10209.40526056376
 30
0.0
 10
3266.391011356052
 20
10209.40526056376
 30
0.0
 10
3266.391011356052
 20
10209.40526056376
 30
0.0
  0
SPLINE
  5
23667
330
19
100
AcDbEntity
  8
≥ﬂ¥ÁòÀ◊¢
370
     9
100
AcDbSpline
210
0.0
220
0.0
230
0.0
 70
    24
 71
     3
 72
     8
 73
     4
 74
     0
 42
0.000000001
 43
0.0000000001
 40
0.0
 40
0.0
 40
0.0
 40
0.0
 40
1.0
 40
1.0
 40
1.0
 40
1.0
 10
3267.090530181187
 20
10210.10369064363
 30
0.0
 10
3267.090530181187
 20
10210.10369064363
 30
0.0
 10
3270.588668679422
 20
10213.60128476925
 30
0.0
 10
3270.588668679422
 20
10213.60128476925
 30
0.0
  0
SPLINE
  5
23668
330
19
100
AcDbEntity
  8
≥ﬂ¥ÁòÀ◊¢
370
     9
100
AcDbSpline
210
0.0
220
0.0
230
1.0
 70
    11
 71
     3
 72
    28
 73
    24
 74
     0
 42
0.000000001
 43
0.0000000001
 40
0.0
 40
0.0
 40
0.0
 40
0.0
 40
0.1428571428571428
 40
0.1428571428571428
 40
0.1428571428571428
 40
0.1428571528571428
 40
0.2857142857142857
 40
0.2857142857142857
 40
0.2857142857142857
 40
0.2857142957142857
 40
0.428571428571429
 40
0.428571428571429
 40
0.428571428571429
 40
0.4285714385714289
 40
0.5714285714285714
 40
0.5714285714285714
 40
0.5714285714285714
 40
0.5714285814285715
 40
0.7142857142857145
 40
0.7142857142857145
 40
0.7142857142857145
 40
0.7142857242857146
 40
1.0
 40
1.0
 40
1.0
 40
1.0
 10
3271.288731877171
 20
10214.30080359437
 30
0.0
 10
3271.288731877171
 20
10214.30080359437
 30
0.0
 10
3271.567450661987
 20
10214.30080359437
 30
0.0
 10
3271.567450661987
 20
10214.30080359437
 30
0.0
 10
3271.567450661987
 20
10214.30080359437
 30
0.0
 10
3271.567450661987
 20
10214.45431667506
 30
0.0
 10
3271.442244957856
 20
10214.57952237917
 30
0.0
 10
3271.288731877171
 20
10214.57952237917
 30
0.0
 10
3271.288731877171
 20
10214.57952237917
 30
0.0
 10
3271.134674423858
 20
10214.57952237917
 30
0.0
 10
3271.00946871976
 20
10214.45431667506
 30
0.0
 10
3271.00946871976
 20
10214.30080359437
 30
0.0
 10
3271.00946871976
 20
10214.30080359437
 30
0.0
 10
3271.00946871976
 20
10214.14674614106
 30
0.0
 10
3271.134674423858
 20
10214.02154043695
 30
0.0
 10
3271.288731877171
 20
10214.02154043695
 30
0.0
 10
3271.288731877171
 20
10214.02154043695
 30
0.0
 10
3271.442244957856
 20
10214.02154043695
 30
0.0
 10
3271.567450661987
 20
10214.14674614106
 30
0.0
 10
3271.567450661987
 20
10214.30080359437
 30
0.0
 10
3271.567450661987
 20
10214.30080359437
 30
0.0
 10
3271.567450661987
 20
10214.30080359437
 30
0.0
 10
3271.288731877171
 20
10214.30080359437
 30
0.0
 10
3271.288731877171
 20
10214.30080359437
 30
0.0
  0
SPLINE
  5
23669
330
19
100
AcDbEntity
  8
≥ﬂ¥ÁòÀ◊¢
370
     9
100
AcDbSpline
210
0.0
220
0.0
230
0.0
 70
    24
 71
     3
 72
     8
 73
     4
 74
     0
 42
0.000000001
 43
0.0000000001
 40
0.0
 40
0.0
 40
0.0
 40
0.0
 40
1.0
 40
1.0
 40
1.0
 40
1.0
 10
3271.986617584417
 20
10215.00141116475
 30
0.0
 10
3271.986617584417
 20
10215.00141116475
 30
0.0
 10
3275.486389200541
 20
10218.49900529037
 30
0.0
 10
3275.486389200541
 20
10218.49900529037
 30
0.0
  0
SPLINE
  5
2366A
330
19
100
AcDbEntity
  8
≥ﬂ¥ÁòÀ◊¢
370
     9
100
AcDbSpline
210
0.0
220
0.0
230
1.0
 70
    11
 71
     3
 72
    28
 73
    24
 74
     0
 42
0.000000001
 43
0.0000000001
 40
0.0
 40
0.0
 40
0.0
 40
0.0
 40
0.1428571428571428
 40
0.1428571428571428
 40
0.1428571428571428
 40
0.1428571528571428
 40
0.2857142857142857
 40
0.2857142857142857
 40
0.2857142857142857
 40
0.2857142957142857
 40
0.428571428571429
 40
0.428571428571429
 40
0.428571428571429
 40
0.4285714385714289
 40
0.5714285714285714
 40
0.5714285714285714
 40
0.5714285714285714
 40
0.5714285814285715
 40
0.7142857142857145
 40
0.7142857142857145
 40
0.7142857142857145
 40
0.7142857242857146
 40
1.0
 40
1.0
 40
1.0
 40
1.0
 10
3276.186452398294
 20
10219.19852411549
 30
0.0
 10
3276.186452398294
 20
10219.19852411549
 30
0.0
 10
3276.465171183099
 20
10219.19852411549
 30
0.0
 10
3276.465171183099
 20
10219.19852411549
 30
0.0
 10
3276.465171183099
 20
10219.19852411549
 30
0.0
 10
3276.465171183099
 20
10219.35203719618
 30
0.0
 10
3276.339965478989
 20
10219.47724290029
 30
0.0
 10
3276.186452398294
 20
10219.47724290029
 30
0.0
 10
3276.186452398294
 20
10219.47724290029
 30
0.0
 10
3276.032394944977
 20
10219.47724290029
 30
0.0
 10
3275.907189240864
 20
10219.35203719618
 30
0.0
 10
3275.907189240864
 20
10219.19852411549
 30
0.0
 10
3275.907189240864
 20
10219.19852411549
 30
0.0
 10
3275.907189240864
 20
10219.04446666218
 30
0.0
 10
3276.032394944977
 20
10218.91926095807
 30
0.0
 10
3276.186452398294
 20
10218.91926095807
 30
0.0
 10
3276.186452398294
 20
10218.91926095807
 30
0.0
 10
3276.339965478989
 20
10218.91926095807
 30
0.0
 10
3276.465171183099
 20
10219.04446666218
 30
0.0
 10
3276.465171183099
 20
10219.19852411549
 30
0.0
 10
3276.465171183099
 20
10219.19852411549
 30
0.0
 10
3276.465171183099
 20
10219.19852411549
 30
0.0
 10
3276.186452398294
 20
10219.19852411549
 30
0.0
 10
3276.186452398294
 20
10219.19852411549
 30
0.0
  0
SPLINE
  5
2366B
330
19
100
AcDbEntity
  8
≥ﬂ¥ÁòÀ◊¢
370
     9
100
AcDbSpline
210
0.0
220
0.0
230
0.0
 70
    24
 71
     3
 72
     8
 73
     4
 74
     0
 42
0.000000001
 43
0.0000000001
 40
0.0
 40
0.0
 40
0.0
 40
0.0
 40
1.0
 40
1.0
 40
1.0
 40
1.0
 10
3276.884338105537
 20
10219.89640982274
 30
0.0
 10
3276.884338105537
 20
10219.89640982274
 30
0.0
 10
3278.61598743061
 20
10221.63132538357
 30
0.0
 10
3278.61598743061
 20
10221.63132538357
 30
0.0
  0
SPLINE
  5
2366C
330
19
100
AcDbEntity
  8
≥ﬂ¥ÁòÀ◊¢
370
     9
100
AcDbSpline
210
0.0
220
0.0
230
0.0
 70
    24
 71
     3
 72
     8
 73
     4
 74
     0
 42
0.000000001
 43
0.0000000001
 40
0.0
 40
0.0
 40
0.0
 40
0.0
 40
1.0
 40
1.0
 40
1.0
 40
1.0
 10
3268.903835400236
 20
10209.11892056219
 30
0.0
 10
3268.903835400236
 20
10209.11892056219
 30
0.0
 10
3269.539662628055
 20
10209.75529216263
 30
0.0
 10
3269.539662628055
 20
10209.75529216263
 30
0.0
  0
SPLINE
  5
2366D
330
19
100
AcDbEntity
  8
≥ﬂ¥ÁòÀ◊¢
370
     9
100
AcDbSpline
210
0.0
220
0.0
230
1.0
 70
    11
 71
     3
 72
    28
 73
    24
 74
     0
 42
0.000000001
 43
0.0000000001
 40
0.0
 40
0.0
 40
0.0
 40
0.0
 40
0.1428571428571428
 40
0.1428571428571428
 40
0.1428571428571428
 40
0.1428571528571428
 40
0.2857142857142857
 40
0.2857142857142857
 40
0.2857142857142857
 40
0.2857142957142857
 40
0.428571428571429
 40
0.428571428571429
 40
0.428571428571429
 40
0.4285714385714289
 40
0.5714285714285714
 40
0.5714285714285714
 40
0.5714285714285714
 40
0.5714285814285715
 40
0.7142857142857145
 40
0.7142857142857145
 40
0.7142857142857145
 40
0.7142857242857146
 40
1.0
 40
1.0
 40
1.0
 40
1.0
 10
3270.239181453177
 20
10210.45481098776
 30
0.0
 10
3270.239181453177
 20
10210.45481098776
 30
0.0
 10
3270.518444610599
 20
10210.45481098776
 30
0.0
 10
3270.518444610599
 20
10210.45481098776
 30
0.0
 10
3270.518444610599
 20
10210.45481098776
 30
0.0
 10
3270.518444610599
 20
10210.60832406845
 30
0.0
 10
3270.39323890649
 20
10210.73352977255
 30
0.0
 10
3270.239181453177
 20
10210.73352977255
 30
0.0
 10
3270.239181453177
 20
10210.73352977255
 30
0.0
 10
3270.085668372489
 20
10210.73352977255
 30
0.0
 10
3269.960462668379
 20
10210.60832406845
 30
0.0
 10
3269.960462668379
 20
10210.45481098776
 30
0.0
 10
3269.960462668379
 20
10210.45481098776
 30
0.0
 10
3269.960462668379
 20
10210.30075353444
 30
0.0
 10
3270.085668372489
 20
10210.17554783034
 30
0.0
 10
3270.239181453177
 20
10210.17554783034
 30
0.0
 10
3270.239181453177
 20
10210.17554783034
 30
0.0
 10
3270.39323890649
 20
10210.17554783034
 30
0.0
 10
3270.518444610599
 20
10210.30075353444
 30
0.0
 10
3270.518444610599
 20
10210.45481098776
 30
0.0
 10
3270.518444610599
 20
10210.45481098776
 30
0.0
 10
3270.518444610599
 20
10210.45481098776
 30
0.0
 10
3270.239181453177
 20
10210.45481098776
 30
0.0
 10
3270.239181453177
 20
10210.45481098776
 30
0.0
  0
SPLINE
  5
2366E
330
19
100
AcDbEntity
  8
≥ﬂ¥ÁòÀ◊¢
370
     9
100
AcDbSpline
210
0.0
220
0.0
230
0.0
 70
    24
 71
     3
 72
     8
 73
     4
 74
     0
 42
0.000000001
 43
0.0000000001
 40
0.0
 40
0.0
 40
0.0
 40
0.0
 40
1.0
 40
1.0
 40
1.0
 40
1.0
 10
3270.937067160419
 20
10211.152696695
 30
0.0
 10
3270.937067160419
 20
10211.152696695
 30
0.0
 10
3274.435205658661
 20
10214.65083519325
 30
0.0
 10
3274.435205658661
 20
10214.65083519325
 30
0.0
  0
SPLINE
  5
2366F
330
19
100
AcDbEntity
  8
≥ﬂ¥ÁòÀ◊¢
370
     9
100
AcDbSpline
210
0.0
220
0.0
230
1.0
 70
    11
 71
     3
 72
    28
 73
    24
 74
     0
 42
0.000000001
 43
0.0000000001
 40
0.0
 40
0.0
 40
0.0
 40
0.0
 40
0.1428571428571428
 40
0.1428571428571428
 40
0.1428571428571428
 40
0.1428571528571428
 40
0.2857142857142857
 40
0.2857142857142857
 40
0.2857142857142857
 40
0.2857142957142857
 40
0.428571428571429
 40
0.428571428571429
 40
0.428571428571429
 40
0.4285714385714289
 40
0.5714285714285714
 40
0.5714285714285714
 40
0.5714285714285714
 40
0.5714285814285715
 40
0.7142857142857145
 40
0.7142857142857145
 40
0.7142857142857145
 40
0.7142857242857146
 40
1.0
 40
1.0
 40
1.0
 40
1.0
 10
3275.136901974296
 20
10215.35253150888
 30
0.0
 10
3275.136901974296
 20
10215.35253150888
 30
0.0
 10
3275.416165131718
 20
10215.35253150888
 30
0.0
 10
3275.416165131718
 20
10215.35253150888
 30
0.0
 10
3275.416165131718
 20
10215.35253150888
 30
0.0
 10
3275.416165131718
 20
10215.50604458957
 30
0.0
 10
3275.290959427609
 20
10215.63125029367
 30
0.0
 10
3275.136901974296
 20
10215.63125029367
 30
0.0
 10
3275.136901974296
 20
10215.63125029367
 30
0.0
 10
3274.983388893604
 20
10215.63125029367
 30
0.0
 10
3274.858183189499
 20
10215.50604458957
 30
0.0
 10
3274.858183189499
 20
10215.35253150888
 30
0.0
 10
3274.858183189499
 20
10215.35253150888
 30
0.0
 10
3274.858183189499
 20
10215.19847405556
 30
0.0
 10
3274.983388893604
 20
10215.07326835146
 30
0.0
 10
3275.136901974296
 20
10215.07326835146
 30
0.0
 10
3275.136901974296
 20
10215.07326835146
 30
0.0
 10
3275.290959427609
 20
10215.07326835146
 30
0.0
 10
3275.416165131718
 20
10215.19847405556
 30
0.0
 10
3275.416165131718
 20
10215.35253150888
 30
0.0
 10
3275.416165131718
 20
10215.35253150888
 30
0.0
 10
3275.416165131718
 20
10215.35253150888
 30
0.0
 10
3275.136901974296
 20
10215.35253150888
 30
0.0
 10
3275.136901974296
 20
10215.35253150888
 30
0.0
  0
SPLINE
  5
23670
330
19
100
AcDbEntity
  8
≥ﬂ¥ÁòÀ◊¢
370
     9
100
AcDbSpline
210
0.0
220
0.0
230
0.0
 70
    24
 71
     3
 72
     8
 73
     4
 74
     0
 42
0.000000001
 43
0.0000000001
 40
0.0
 40
0.0
 40
0.0
 40
0.0
 40
1.0
 40
1.0
 40
1.0
 40
1.0
 10
3275.834787681539
 20
10216.05041721612
 30
0.0
 10
3275.834787681539
 20
10216.05041721612
 30
0.0
 10
3279.33292617978
 20
10219.54855571437
 30
0.0
 10
3279.33292617978
 20
10219.54855571437
 30
0.0
  0
SPLINE
  5
23671
330
19
100
AcDbEntity
  8
≥ﬂ¥ÁòÀ◊¢
370
     9
100
AcDbSpline
210
0.0
220
0.0
230
1.0
 70
    11
 71
     3
 72
    28
 73
    24
 74
     0
 42
0.000000001
 43
0.0000000001
 40
0.0
 40
0.0
 40
0.0
 40
0.0
 40
0.1428571428571428
 40
0.1428571428571428
 40
0.1428571428571428
 40
0.1428571528571428
 40
0.2857142857142857
 40
0.2857142857142857
 40
0.2857142857142857
 40
0.2857142957142857
 40
0.428571428571429
 40
0.428571428571429
 40
0.428571428571429
 40
0.4285714385714289
 40
0.5714285714285714
 40
0.5714285714285714
 40
0.5714285714285714
 40
0.5714285814285715
 40
0.7142857142857145
 40
0.7142857142857145
 40
0.7142857142857145
 40
0.7142857242857146
 40
1.0
 40
1.0
 40
1.0
 40
1.0
 10
3280.032445004919
 20
10220.24753016687
 30
0.0
 10
3280.032445004919
 20
10220.24753016687
 30
0.0
 10
3280.311163789701
 20
10220.24753016687
 30
0.0
 10
3280.311163789701
 20
10220.24753016687
 30
0.0
 10
3280.311163789701
 20
10220.24753016687
 30
0.0
 10
3280.311163789701
 20
10220.40104324756
 30
0.0
 10
3280.18595808561
 20
10220.52679332429
 30
0.0
 10
3280.032445004919
 20
10220.52679332429
 30
0.0
 10
3280.032445004919
 20
10220.52679332429
 30
0.0
 10
3279.878387551594
 20
10220.52679332429
 30
0.0
 10
3279.753181847485
 20
10220.40104324756
 30
0.0
 10
3279.753181847485
 20
10220.24753016687
 30
0.0
 10
3279.753181847485
 20
10220.24753016687
 30
0.0
 10
3279.753181847485
 20
10220.09401708618
 30
0.0
 10
3279.878387551594
 20
10219.96826700944
 30
0.0
 10
3280.032445004919
 20
10219.96826700944
 30
0.0
 10
3280.032445004919
 20
10219.96826700944
 30
0.0
 10
3280.18595808561
 20
10219.96826700944
 30
0.0
 10
3280.311163789701
 20
10220.09401708618
 30
0.0
 10
3280.311163789701
 20
10220.24753016687
 30
0.0
 10
3280.311163789701
 20
10220.24753016687
 30
0.0
 10
3280.311163789701
 20
10220.24753016687
 30
0.0
 10
3280.032445004919
 20
10220.24753016687
 30
0.0
 10
3280.032445004919
 20
10220.24753016687
 30
0.0
  0
SPLINE
  5
23672
330
19
100
AcDbEntity
  8
≥ﬂ¥ÁòÀ◊¢
370
     9
100
AcDbSpline
210
0.0
220
0.0
230
0.0
 70
    24
 71
     3
 72
     8
 73
     4
 74
     0
 42
0.000000001
 43
0.0000000001
 40
0.0
 40
0.0
 40
0.0
 40
0.0
 40
1.0
 40
1.0
 40
1.0
 40
1.0
 10
3280.732508202662
 20
10220.94813773724
 30
0.0
 10
3280.732508202662
 20
10220.94813773724
 30
0.0
 10
3281.415695848995
 20
10221.63132538357
 30
0.0
 10
3281.415695848995
 20
10221.63132538357
 30
0.0
  0
SPLINE
  5
23673
330
19
100
AcDbEntity
  8
≥ﬂ¥ÁòÀ◊¢
370
     9
100
AcDbSpline
210
0.0
220
0.0
230
0.0
 70
    24
 71
     3
 72
     8
 73
     4
 74
     0
 42
0.000000001
 43
0.0000000001
 40
0.0
 40
0.0
 40
0.0
 40
0.0
 40
1.0
 40
1.0
 40
1.0
 40
1.0
 10
3271.702999445992
 20
10209.11892056219
 30
0.0
 10
3271.702999445992
 20
10209.11892056219
 30
0.0
 10
3273.38619960731
 20
10210.804298214
 30
0.0
 10
3273.38619960731
 20
10210.804298214
 30
0.0
  0
SPLINE
  5
23674
330
19
100
AcDbEntity
  8
≥ﬂ¥ÁòÀ◊¢
370
     9
100
AcDbSpline
210
0.0
220
0.0
230
1.0
 70
    11
 71
     3
 72
    28
 73
    24
 74
     0
 42
0.000000001
 43
0.0000000001
 40
0.0
 40
0.0
 40
0.0
 40
0.0
 40
0.1428571428571428
 40
0.1428571428571428
 40
0.1428571428571428
 40
0.1428571528571428
 40
0.2857142857142857
 40
0.2857142857142857
 40
0.2857142857142857
 40
0.2857142957142857
 40
0.428571428571429
 40
0.428571428571429
 40
0.428571428571429
 40
0.4285714385714289
 40
0.5714285714285714
 40
0.5714285714285714
 40
0.5714285714285714
 40
0.5714285814285715
 40
0.7142857142857145
 40
0.7142857142857145
 40
0.7142857142857145
 40
0.7142857242857146
 40
1.0
 40
1.0
 40
1.0
 40
1.0
 10
3274.085174059786
 20
10211.50381703913
 30
0.0
 10
3274.085174059786
 20
10211.50381703913
 30
0.0
 10
3274.364437217209
 20
10211.50381703913
 30
0.0
 10
3274.364437217209
 20
10211.50381703913
 30
0.0
 10
3274.364437217209
 20
10211.50381703913
 30
0.0
 10
3274.364437217209
 20
10211.65733011982
 30
0.0
 10
3274.239231513107
 20
10211.78308019655
 30
0.0
 10
3274.085174059786
 20
10211.78308019655
 30
0.0
 10
3274.085174059786
 20
10211.78308019655
 30
0.0
 10
3273.931660979105
 20
10211.78308019655
 30
0.0
 10
3273.806455275
 20
10211.65733011982
 30
0.0
 10
3273.806455275
 20
10211.50381703913
 30
0.0
 10
3273.806455275
 20
10211.50381703913
 30
0.0
 10
3273.806455275
 20
10211.34975958581
 30
0.0
 10
3273.931660979105
 20
10211.22455388171
 30
0.0
 10
3274.085174059786
 20
10211.22455388171
 30
0.0
 10
3274.085174059786
 20
10211.22455388171
 30
0.0
 10
3274.239231513107
 20
10211.22455388171
 30
0.0
 10
3274.364437217209
 20
10211.34975958581
 30
0.0
 10
3274.364437217209
 20
10211.50381703913
 30
0.0
 10
3274.364437217209
 20
10211.50381703913
 30
0.0
 10
3274.364437217209
 20
10211.50381703913
 30
0.0
 10
3274.085174059786
 20
10211.50381703913
 30
0.0
 10
3274.085174059786
 20
10211.50381703913
 30
0.0
  0
SPLINE
  5
23675
330
19
100
AcDbEntity
  8
≥ﬂ¥ÁòÀ◊¢
370
     9
100
AcDbSpline
210
0.0
220
0.0
230
0.0
 70
    24
 71
     3
 72
     8
 73
     4
 74
     0
 42
0.000000001
 43
0.0000000001
 40
0.0
 40
0.0
 40
0.0
 40
0.0
 40
1.0
 40
1.0
 40
1.0
 40
1.0
 10
3274.785781630173
 20
10212.20170274637
 30
0.0
 10
3274.785781630173
 20
10212.20170274637
 30
0.0
 10
3278.114075868925
 20
10215.53271884827
 30
0.0
 10
3278.114075868925
 20
10215.53271884827
 30
0.0
  0
SPLINE
  5
23676
330
19
100
AcDbEntity
  8
≥ﬂ¥ÁòÀ◊¢
370
     9
100
AcDbSpline
210
0.0
220
0.0
230
0.0
 70
    24
 71
     3
 72
     8
 73
     4
 74
     0
 42
0.000000001
 43
0.0000000001
 40
0.0
 40
0.0
 40
0.0
 40
0.0
 40
1.0
 40
1.0
 40
1.0
 40
1.0
 10
3280.578450749344
 20
10217.99654935606
 30
0.0
 10
3280.578450749344
 20
10217.99654935606
 30
0.0
 10
3283.181640649541
 20
10220.59756176574
 30
0.0
 10
3283.181640649541
 20
10220.59756176574
 30
0.0
  0
SPLINE
  5
23677
330
19
100
AcDbEntity
  8
≥ﬂ¥ÁòÀ◊¢
370
     9
100
AcDbSpline
210
0.0
220
0.0
230
1.0
 70
    11
 71
     3
 72
    28
 73
    24
 74
     0
 42
0.000000001
 43
0.0000000001
 40
0.0
 40
0.0
 40
0.0
 40
0.0
 40
0.1428571428571428
 40
0.1428571428571428
 40
0.1428571428571428
 40
0.1428571528571428
 40
0.2857142857142857
 40
0.2857142857142857
 40
0.2857142857142857
 40
0.2857142957142857
 40
0.428571428571429
 40
0.428571428571429
 40
0.428571428571429
 40
0.4285714385714289
 40
0.5714285714285714
 40
0.5714285714285714
 40
0.5714285714285714
 40
0.5714285814285715
 40
0.7142857142857145
 40
0.7142857142857145
 40
0.7142857142857145
 40
0.7142857242857146
 40
1.0
 40
1.0
 40
1.0
 40
1.0
 10
3283.880615102036
 20
10221.29925808137
 30
0.0
 10
3283.880615102036
 20
10221.29925808137
 30
0.0
 10
3284.159878259459
 20
10221.29925808137
 30
0.0
 10
3284.159878259459
 20
10221.29925808137
 30
0.0
 10
3284.159878259459
 20
10221.29925808137
 30
0.0
 10
3284.159878259459
 20
10221.45277116206
 30
0.0
 10
3284.034672555346
 20
10221.57852123879
 30
0.0
 10
3283.880615102036
 20
10221.57852123879
 30
0.0
 10
3283.880615102036
 20
10221.57852123879
 30
0.0
 10
3283.727102021348
 20
10221.57852123879
 30
0.0
 10
3283.601896317231
 20
10221.45277116206
 30
0.0
 10
3283.601896317231
 20
10221.29925808137
 30
0.0
 10
3283.601896317231
 20
10221.29925808137
 30
0.0
 10
3283.601896317231
 20
10221.14520062805
 30
0.0
 10
3283.727102021348
 20
10221.01999492395
 30
0.0
 10
3283.880615102036
 20
10221.01999492395
 30
0.0
 10
3283.880615102036
 20
10221.01999492395
 30
0.0
 10
3284.034672555346
 20
10221.01999492395
 30
0.0
 10
3284.159878259459
 20
10221.14520062805
 30
0.0
 10
3284.159878259459
 20
10221.29925808137
 30
0.0
 10
3284.159878259459
 20
10221.29925808137
 30
0.0
 10
3284.159878259459
 20
10221.29925808137
 30
0.0
 10
3283.880615102036
 20
10221.29925808137
 30
0.0
 10
3283.880615102036
 20
10221.29925808137
 30
0.0
  0
SPLINE
  5
23678
330
19
100
AcDbEntity
  8
≥ﬂ¥ÁòÀ◊¢
370
     9
100
AcDbSpline
210
0.0
220
0.0
230
0.0
 70
    24
 71
     3
 72
     8
 73
     4
 74
     0
 42
0.000000001
 43
0.0000000001
 40
0.0
 40
0.0
 40
0.0
 40
0.0
 40
1.0
 40
1.0
 40
1.0
 40
1.0
 10
3274.499986001224
 20
10209.11892056219
 30
0.0
 10
3274.499986001224
 20
10209.11892056219
 30
0.0
 10
3277.234914077042
 20
10211.85384863801
 30
0.0
 10
3277.234914077042
 20
10211.85384863801
 30
0.0
  0
SPLINE
  5
23679
330
19
100
AcDbEntity
  8
≥ﬂ¥ÁòÀ◊¢
370
     9
100
AcDbSpline
210
0.0
220
0.0
230
1.0
 70
    11
 71
     3
 72
    28
 73
    24
 74
     0
 42
0.000000001
 43
0.0000000001
 40
0.0
 40
0.0
 40
0.0
 40
0.0
 40
0.1428571428571428
 40
0.1428571428571428
 40
0.1428571428571428
 40
0.1428571528571428
 40
0.2857142857142857
 40
0.2857142857142857
 40
0.2857142857142857
 40
0.2857142957142857
 40
0.428571428571429
 40
0.428571428571429
 40
0.428571428571429
 40
0.4285714385714289
 40
0.5714285714285714
 40
0.5714285714285714
 40
0.5714285714285714
 40
0.5714285814285715
 40
0.7142857142857145
 40
0.7142857142857145
 40
0.7142857142857145
 40
0.7142857242857146
 40
1.0
 40
1.0
 40
1.0
 40
1.0
 10
3277.933888529548
 20
10212.5528230905
 30
0.0
 10
3277.933888529548
 20
10212.5528230905
 30
0.0
 10
3278.213151686959
 20
10212.5528230905
 30
0.0
 10
3278.213151686959
 20
10212.5528230905
 30
0.0
 10
3278.213151686959
 20
10212.5528230905
 30
0.0
 10
3278.213151686959
 20
10212.70688054382
 30
0.0
 10
3278.087945982872
 20
10212.83208624793
 30
0.0
 10
3277.933888529548
 20
10212.83208624793
 30
0.0
 10
3277.933888529548
 20
10212.83208624793
 30
0.0
 10
3277.780375448848
 20
10212.83208624793
 30
0.0
 10
3277.655169744739
 20
10212.70688054382
 30
0.0
 10
3277.655169744739
 20
10212.5528230905
 30
0.0
 10
3277.655169744739
 20
10212.5528230905
 30
0.0
 10
3277.655169744739
 20
10212.39931000981
 30
0.0
 10
3277.780375448848
 20
10212.2741043057
 30
0.0
 10
3277.933888529548
 20
10212.2741043057
 30
0.0
 10
3277.933888529548
 20
10212.2741043057
 30
0.0
 10
3278.087945982872
 20
10212.2741043057
 30
0.0
 10
3278.213151686959
 20
10212.39931000981
 30
0.0
 10
3278.213151686959
 20
10212.5528230905
 30
0.0
 10
3278.213151686959
 20
10212.5528230905
 30
0.0
 10
3278.213151686959
 20
10212.5528230905
 30
0.0
 10
3277.933888529548
 20
10212.5528230905
 30
0.0
 10
3277.933888529548
 20
10212.5528230905
 30
0.0
  0
SPLINE
  5
2367A
330
19
100
AcDbEntity
  8
≥ﬂ¥ÁòÀ◊¢
370
     9
100
AcDbSpline
210
0.0
220
0.0
230
1.0
 70
    11
 71
     3
 72
    28
 73
    24
 74
     0
 42
0.000000001
 43
0.0000000001
 40
0.0
 40
0.0
 40
0.0
 40
0.0
 40
0.1428571428571428
 40
0.1428571428571428
 40
0.1428571428571428
 40
0.1428571528571428
 40
0.2857142857142857
 40
0.2857142857142857
 40
0.2857142857142857
 40
0.2857142957142857
 40
0.428571428571429
 40
0.428571428571429
 40
0.428571428571429
 40
0.4285714385714289
 40
0.5714285714285714
 40
0.5714285714285714
 40
0.5714285714285714
 40
0.5714285814285715
 40
0.7142857142857145
 40
0.7142857142857145
 40
0.7142857142857145
 40
0.7142857242857146
 40
1.0
 40
1.0
 40
1.0
 40
1.0
 10
3277.299694419613
 20
10209.11946493482
 30
0.0
 10
3277.299694419613
 20
10209.11946493482
 30
0.0
 10
3277.578957577032
 20
10209.11946493482
 30
0.0
 10
3277.578957577032
 20
10209.11946493482
 30
0.0
 10
3277.578957577032
 20
10209.11946493482
 30
0.0
 10
3277.578957577032
 20
10209.27297801551
 30
0.0
 10
3277.453751872922
 20
10209.39872809224
 30
0.0
 10
3277.299694419613
 20
10209.39872809224
 30
0.0
 10
3277.299694419613
 20
10209.39872809224
 30
0.0
 10
3277.14618133891
 20
10209.39872809224
 30
0.0
 10
3277.020975634798
 20
10209.27297801551
 30
0.0
 10
3277.020975634798
 20
10209.11946493482
 30
0.0
 10
3277.020975634798
 20
10209.11946493482
 30
0.0
 10
3277.020975634798
 20
10208.96595185413
 30
0.0
 10
3277.14618133891
 20
10208.84020177739
 30
0.0
 10
3277.299694419613
 20
10208.84020177739
 30
0.0
 10
3277.299694419613
 20
10208.84020177739
 30
0.0
 10
3277.453751872922
 20
10208.84020177739
 30
0.0
 10
3277.578957577032
 20
10208.96595185413
 30
0.0
 10
3277.578957577032
 20
10209.11946493482
 30
0.0
 10
3277.578957577032
 20
10209.11946493482
 30
0.0
 10
3277.578957577032
 20
10209.11946493482
 30
0.0
 10
3277.299694419613
 20
10209.11946493482
 30
0.0
 10
3277.299694419613
 20
10209.11946493482
 30
0.0
  0
SPLINE
  5
2367B
330
19
100
AcDbEntity
  8
≥ﬂ¥ÁòÀ◊¢
370
     9
100
AcDbSpline
210
0.0
220
0.0
230
0.0
 70
    24
 71
     3
 72
     8
 73
     4
 74
     0
 42
0.000000001
 43
0.0000000001
 40
0.0
 40
0.0
 40
0.0
 40
0.0
 40
1.0
 40
1.0
 40
1.0
 40
1.0
 10
3277.584945675917
 20
10209.40471619113
 30
0.0
 10
3277.584945675917
 20
10209.40471619113
 30
0.0
 10
3278.114075868925
 20
10209.93547950202
 30
0.0
 10
3278.114075868925
 20
10209.93547950202
 30
0.0
  0
SPLINE
  5
2367C
330
19
100
AcDbEntity
  8
≥ﬂ¥ÁòÀ◊¢
370
     9
100
AcDbSpline
210
0.0
220
0.0
230
0.0
 70
    24
 71
     3
 72
     8
 73
     4
 74
     0
 42
0.000000001
 43
0.0000000001
 40
0.0
 40
0.0
 40
0.0
 40
0.0
 40
1.0
 40
1.0
 40
1.0
 40
1.0
 10
3282.121202772999
 20
10216.74013733397
 30
0.0
 10
3282.121202772999
 20
10216.74013733397
 30
0.0
 10
3282.132634598161
 20
10216.74884729599
 30
0.0
 10
3282.132634598161
 20
10216.74884729599
 30
0.0
  0
SPLINE
  5
2367D
330
19
100
AcDbEntity
  8
≥ﬂ¥ÁòÀ◊¢
370
     9
100
AcDbSpline
210
0.0
220
0.0
230
1.0
 70
    11
 71
     3
 72
    28
 73
    24
 74
     0
 42
0.000000001
 43
0.0000000001
 40
0.0
 40
0.0
 40
0.0
 40
0.0
 40
0.1428571428571428
 40
0.1428571428571428
 40
0.1428571428571428
 40
0.1428571528571428
 40
0.2857142857142857
 40
0.2857142857142857
 40
0.2857142857142857
 40
0.2857142957142857
 40
0.428571428571429
 40
0.428571428571429
 40
0.428571428571429
 40
0.4285714385714289
 40
0.5714285714285714
 40
0.5714285714285714
 40
0.5714285714285714
 40
0.5714285814285715
 40
0.7142857142857145
 40
0.7142857142857145
 40
0.7142857142857145
 40
0.7142857242857146
 40
1.0
 40
1.0
 40
1.0
 40
1.0
 10
3282.831609050652
 20
10217.45054361163
 30
0.0
 10
3282.831609050652
 20
10217.45054361163
 30
0.0
 10
3283.110872208075
 20
10217.45054361163
 30
0.0
 10
3283.110872208075
 20
10217.45054361163
 30
0.0
 10
3283.110872208075
 20
10217.45054361163
 30
0.0
 10
3283.110872208075
 20
10217.60460106494
 30
0.0
 10
3282.98566650398
 20
10217.72980676905
 30
0.0
 10
3282.831609050652
 20
10217.72980676905
 30
0.0
 10
3282.831609050652
 20
10217.72980676905
 30
0.0
 10
3282.678095969968
 20
10217.72980676905
 30
0.0
 10
3282.55289026587
 20
10217.60460106494
 30
0.0
 10
3282.55289026587
 20
10217.45054361163
 30
0.0
 10
3282.55289026587
 20
10217.45054361163
 30
0.0
 10
3282.55289026587
 20
10217.29703053094
 30
0.0
 10
3282.678095969968
 20
10217.17182482683
 30
0.0
 10
3282.831609050652
 20
10217.17182482683
 30
0.0
 10
3282.831609050652
 20
10217.17182482683
 30
0.0
 10
3282.98566650398
 20
10217.17182482683
 30
0.0
 10
3283.110872208075
 20
10217.29703053094
 30
0.0
 10
3283.110872208075
 20
10217.45054361163
 30
0.0
 10
3283.110872208075
 20
10217.45054361163
 30
0.0
 10
3283.110872208075
 20
10217.45054361163
 30
0.0
 10
3282.831609050652
 20
10217.45054361163
 30
0.0
 10
3282.831609050652
 20
10217.45054361163
 30
0.0
  0
SPLINE
  5
2367E
330
19
100
AcDbEntity
  8
≥ﬂ¥ÁòÀ◊¢
370
     9
100
AcDbSpline
210
0.0
220
0.0
230
0.0
 70
    24
 71
     3
 72
     8
 73
     4
 74
     0
 42
0.000000001
 43
0.0000000001
 40
0.0
 40
0.0
 40
0.0
 40
0.0
 40
1.0
 40
1.0
 40
1.0
 40
1.0
 10
3283.531672248402
 20
10218.14842931887
 30
0.0
 10
3283.531672248402
 20
10218.14842931887
 30
0.0
 10
3287.011846449976
 20
10221.63132538357
 30
0.0
 10
3287.011846449976
 20
10221.63132538357
 30
0.0
  0
SPLINE
  5
2367F
330
19
100
AcDbEntity
  8
≥ﬂ¥ÁòÀ◊¢
370
     9
100
AcDbSpline
210
0.0
220
0.0
230
1.0
 70
    11
 71
     3
 72
    28
 73
    24
 74
     0
 42
0.000000001
 43
0.0000000001
 40
0.0
 40
0.0
 40
0.0
 40
0.0
 40
0.1428571428571428
 40
0.1428571428571428
 40
0.1428571428571428
 40
0.1428571528571428
 40
0.2857142857142857
 40
0.2857142857142857
 40
0.2857142857142857
 40
0.2857142957142857
 40
0.428571428571429
 40
0.428571428571429
 40
0.428571428571429
 40
0.4285714385714289
 40
0.5714285714285714
 40
0.5714285714285714
 40
0.5714285714285714
 40
0.5714285814285715
 40
0.7142857142857145
 40
0.7142857142857145
 40
0.7142857142857145
 40
0.7142857242857146
 40
1.0
 40
1.0
 40
1.0
 40
1.0
 10
3282.121747145633
 20
10213.94097328822
 30
0.0
 10
3282.121747145633
 20
10213.94097328822
 30
0.0
 10
3282.401010303055
 20
10213.94097328822
 30
0.0
 10
3282.401010303055
 20
10213.94097328822
 30
0.0
 10
3282.401010303055
 20
10213.94097328822
 30
0.0
 10
3282.401010303055
 20
10214.09503074153
 30
0.0
 10
3282.275260226321
 20
10214.22023644564
 30
0.0
 10
3282.121747145633
 20
10214.22023644564
 30
0.0
 10
3282.121747145633
 20
10214.22023644564
 30
0.0
 10
3281.967689692308
 20
10214.22023644564
 30
0.0
 10
3281.84248398821
 20
10214.09503074153
 30
0.0
 10
3281.84248398821
 20
10213.94097328822
 30
0.0
 10
3281.84248398821
 20
10213.94097328822
 30
0.0
 10
3281.84248398821
 20
10213.78746020753
 30
0.0
 10
3281.967689692308
 20
10213.66225450342
 30
0.0
 10
3282.121747145633
 20
10213.66225450342
 30
0.0
 10
3282.121747145633
 20
10213.66225450342
 30
0.0
 10
3282.275260226321
 20
10213.66225450342
 30
0.0
 10
3282.401010303055
 20
10213.78746020753
 30
0.0
 10
3282.401010303055
 20
10213.94097328822
 30
0.0
 10
3282.401010303055
 20
10213.94097328822
 30
0.0
 10
3282.401010303055
 20
10213.94097328822
 30
0.0
 10
3282.121747145633
 20
10213.94097328822
 30
0.0
 10
3282.121747145633
 20
10213.94097328822
 30
0.0
  0
SPLINE
  5
23680
330
19
100
AcDbEntity
  8
≥ﬂ¥ÁòÀ◊¢
370
     9
100
AcDbSpline
210
0.0
220
0.0
230
0.0
 70
    24
 71
     3
 72
     8
 73
     4
 74
     0
 42
0.000000001
 43
0.0000000001
 40
0.0
 40
0.0
 40
0.0
 40
0.0
 40
1.0
 40
1.0
 40
1.0
 40
1.0
 10
3282.480488706536
 20
10214.30025922175
 30
0.0
 10
3282.480488706536
 20
10214.30025922175
 30
0.0
 10
3285.978627204779
 20
10217.8005752105
 30
0.0
 10
3285.978627204779
 20
10217.8005752105
 30
0.0
  0
SPLINE
  5
23681
330
19
100
AcDbEntity
  8
≥ﬂ¥ÁòÀ◊¢
370
     9
100
AcDbSpline
210
0.0
220
0.0
230
1.0
 70
    11
 71
     3
 72
    28
 73
    24
 74
     0
 42
0.000000001
 43
0.0000000001
 40
0.0
 40
0.0
 40
0.0
 40
0.0
 40
0.1428571428571428
 40
0.1428571428571428
 40
0.1428571428571428
 40
0.1428571528571428
 40
0.2857142857142857
 40
0.2857142857142857
 40
0.2857142857142857
 40
0.2857142957142857
 40
0.428571428571429
 40
0.428571428571429
 40
0.428571428571429
 40
0.4285714385714289
 40
0.5714285714285714
 40
0.5714285714285714
 40
0.5714285714285714
 40
0.5714285814285715
 40
0.7142857142857145
 40
0.7142857142857145
 40
0.7142857142857145
 40
0.7142857242857146
 40
1.0
 40
1.0
 40
1.0
 40
1.0
 10
3286.680323520406
 20
10218.49954966299
 30
0.0
 10
3286.680323520406
 20
10218.49954966299
 30
0.0
 10
3286.959586677828
 20
10218.49954966299
 30
0.0
 10
3286.959586677828
 20
10218.49954966299
 30
0.0
 10
3286.959586677828
 20
10218.49954966299
 30
0.0
 10
3286.959586677828
 20
10218.65360711631
 30
0.0
 10
3286.833836601097
 20
10218.77881282042
 30
0.0
 10
3286.680323520406
 20
10218.77881282042
 30
0.0
 10
3286.680323520406
 20
10218.77881282042
 30
0.0
 10
3286.526266067092
 20
10218.77881282042
 30
0.0
 10
3286.401060362983
 20
10218.65360711631
 30
0.0
 10
3286.401060362983
 20
10218.49954966299
 30
0.0
 10
3286.401060362983
 20
10218.49954966299
 30
0.0
 10
3286.401060362983
 20
10218.34603658231
 30
0.0
 10
3286.526266067092
 20
10218.2208308782
 30
0.0
 10
3286.680323520406
 20
10218.2208308782
 30
0.0
 10
3286.680323520406
 20
10218.2208308782
 30
0.0
 10
3286.833836601097
 20
10218.2208308782
 30
0.0
 10
3286.959586677828
 20
10218.34603658231
 30
0.0
 10
3286.959586677828
 20
10218.49954966299
 30
0.0
 10
3286.959586677828
 20
10218.49954966299
 30
0.0
 10
3286.959586677828
 20
10218.49954966299
 30
0.0
 10
3286.680323520406
 20
10218.49954966299
 30
0.0
 10
3286.680323520406
 20
10218.49954966299
 30
0.0
  0
SPLINE
  5
23682
330
19
100
AcDbEntity
  8
≥ﬂ¥ÁòÀ◊¢
370
     9
100
AcDbSpline
210
0.0
220
0.0
230
0.0
 70
    24
 71
     3
 72
     8
 73
     4
 74
     0
 42
0.000000001
 43
0.0000000001
 40
0.0
 40
0.0
 40
0.0
 40
0.0
 40
1.0
 40
1.0
 40
1.0
 40
1.0
 10
3287.378209227652
 20
10219.19797974287
 30
0.0
 10
3287.378209227652
 20
10219.19797974287
 30
0.0
 10
3289.811010495726
 20
10221.63132538357
 30
0.0
 10
3289.811010495726
 20
10221.63132538357
 30
0.0
  0
SPLINE
  5
23683
330
19
100
AcDbEntity
  8
≥ﬂ¥ÁòÀ◊¢
370
     9
100
AcDbSpline
210
0.0
220
0.0
230
0.0
 70
    24
 71
     3
 72
     8
 73
     4
 74
     0
 42
0.000000001
 43
0.0000000001
 40
0.0
 40
0.0
 40
0.0
 40
0.0
 40
1.0
 40
1.0
 40
1.0
 40
1.0
 10
3282.121202772999
 20
10211.14344236035
 30
0.0
 10
3282.121202772999
 20
10211.14344236035
 30
0.0
 10
3284.929621153423
 20
10213.95186074075
 30
0.0
 10
3284.929621153423
 20
10213.95186074075
 30
0.0
  0
SPLINE
  5
23684
330
19
100
AcDbEntity
  8
≥ﬂ¥ÁòÀ◊¢
370
     9
100
AcDbSpline
210
0.0
220
0.0
230
1.0
 70
    11
 71
     3
 72
    28
 73
    24
 74
     0
 42
0.000000001
 43
0.0000000001
 40
0.0
 40
0.0
 40
0.0
 40
0.0
 40
0.1428571428571428
 40
0.1428571428571428
 40
0.1428571428571428
 40
0.1428571528571428
 40
0.2857142857142857
 40
0.2857142857142857
 40
0.2857142857142857
 40
0.2857142957142857
 40
0.428571428571429
 40
0.428571428571429
 40
0.428571428571429
 40
0.4285714385714289
 40
0.5714285714285714
 40
0.5714285714285714
 40
0.5714285714285714
 40
0.5714285814285715
 40
0.7142857142857145
 40
0.7142857142857145
 40
0.7142857142857145
 40
0.7142857242857146
 40
1.0
 40
1.0
 40
1.0
 40
1.0
 10
3285.628595605903
 20
10214.65137956587
 30
0.0
 10
3285.628595605903
 20
10214.65137956587
 30
0.0
 10
3285.907858763327
 20
10214.65137956587
 30
0.0
 10
3285.907858763327
 20
10214.65137956587
 30
0.0
 10
3285.907858763327
 20
10214.65137956587
 30
0.0
 10
3285.907858763327
 20
10214.80489264656
 30
0.0
 10
3285.782108686591
 20
10214.93009835067
 30
0.0
 10
3285.628595605903
 20
10214.93009835067
 30
0.0
 10
3285.628595605903
 20
10214.93009835067
 30
0.0
 10
3285.475082525215
 20
10214.93009835067
 30
0.0
 10
3285.34933244848
 20
10214.80489264656
 30
0.0
 10
3285.34933244848
 20
10214.65137956587
 30
0.0
 10
3285.34933244848
 20
10214.65137956587
 30
0.0
 10
3285.34933244848
 20
10214.49732211256
 30
0.0
 10
3285.475082525215
 20
10214.37211640845
 30
0.0
 10
3285.628595605903
 20
10214.37211640845
 30
0.0
 10
3285.628595605903
 20
10214.37211640845
 30
0.0
 10
3285.782108686591
 20
10214.37211640845
 30
0.0
 10
3285.907858763327
 20
10214.49732211256
 30
0.0
 10
3285.907858763327
 20
10214.65137956587
 30
0.0
 10
3285.907858763327
 20
10214.65137956587
 30
0.0
 10
3285.907858763327
 20
10214.65137956587
 30
0.0
 10
3285.628595605903
 20
10214.65137956587
 30
0.0
 10
3285.628595605903
 20
10214.65137956587
 30
0.0
  0
SPLINE
  5
23685
330
19
100
AcDbEntity
  8
≥ﬂ¥ÁòÀ◊¢
370
     9
100
AcDbSpline
210
0.0
220
0.0
230
0.0
 70
    24
 71
     3
 72
     8
 73
     4
 74
     0
 42
0.000000001
 43
0.0000000001
 40
0.0
 40
0.0
 40
0.0
 40
0.0
 40
1.0
 40
1.0
 40
1.0
 40
1.0
 10
3286.329203176294
 20
10215.35144276362
 30
0.0
 10
3286.329203176294
 20
10215.35144276362
 30
0.0
 10
3289.827341674536
 20
10218.84958126187
 30
0.0
 10
3289.827341674536
 20
10218.84958126187
 30
0.0
  0
SPLINE
  5
23686
330
19
100
AcDbEntity
  8
≥ﬂ¥ÁòÀ◊¢
370
     9
100
AcDbSpline
210
0.0
220
0.0
230
1.0
 70
    11
 71
     3
 72
    28
 73
    24
 74
     0
 42
0.000000001
 43
0.0000000001
 40
0.0
 40
0.0
 40
0.0
 40
0.0
 40
0.1428571428571428
 40
0.1428571428571428
 40
0.1428571428571428
 40
0.1428571528571428
 40
0.2857142857142857
 40
0.2857142857142857
 40
0.2857142857142857
 40
0.2857142957142857
 40
0.428571428571429
 40
0.428571428571429
 40
0.428571428571429
 40
0.4285714385714289
 40
0.5714285714285714
 40
0.5714285714285714
 40
0.5714285714285714
 40
0.5714285814285715
 40
0.7142857142857145
 40
0.7142857142857145
 40
0.7142857142857145
 40
0.7142857242857146
 40
1.0
 40
1.0
 40
1.0
 40
1.0
 10
3290.526316127019
 20
10219.54910008699
 30
0.0
 10
3290.526316127019
 20
10219.54910008699
 30
0.0
 10
3290.805579284446
 20
10219.54910008699
 30
0.0
 10
3290.805579284446
 20
10219.54910008699
 30
0.0
 10
3290.805579284446
 20
10219.54910008699
 30
0.0
 10
3290.805579284446
 20
10219.70261316769
 30
0.0
 10
3290.679829207711
 20
10219.82781887179
 30
0.0
 10
3290.526316127019
 20
10219.82781887179
 30
0.0
 10
3290.526316127019
 20
10219.82781887179
 30
0.0
 10
3290.372803046324
 20
10219.82781887179
 30
0.0
 10
3290.2470529696
 20
10219.70261316769
 30
0.0
 10
3290.2470529696
 20
10219.54910008699
 30
0.0
 10
3290.2470529696
 20
10219.54910008699
 30
0.0
 10
3290.2470529696
 20
10219.39504263368
 30
0.0
 10
3290.372803046324
 20
10219.26983692957
 30
0.0
 10
3290.526316127019
 20
10219.26983692957
 30
0.0
 10
3290.526316127019
 20
10219.26983692957
 30
0.0
 10
3290.679829207711
 20
10219.26983692957
 30
0.0
 10
3290.805579284446
 20
10219.39504263368
 30
0.0
 10
3290.805579284446
 20
10219.54910008699
 30
0.0
 10
3290.805579284446
 20
10219.54910008699
 30
0.0
 10
3290.805579284446
 20
10219.54910008699
 30
0.0
 10
3290.526316127019
 20
10219.54910008699
 30
0.0
 10
3290.526316127019
 20
10219.54910008699
 30
0.0
  0
SPLINE
  5
23687
330
19
100
AcDbEntity
  8
≥ﬂ¥ÁòÀ◊¢
370
     9
100
AcDbSpline
210
0.0
220
0.0
230
0.0
 70
    24
 71
     3
 72
     8
 73
     4
 74
     0
 42
0.000000001
 43
0.0000000001
 40
0.0
 40
0.0
 40
0.0
 40
0.0
 40
1.0
 40
1.0
 40
1.0
 40
1.0
 10
3291.226923697402
 20
10220.24698579424
 30
0.0
 10
3291.226923697402
 20
10220.24698579424
 30
0.0
 10
3292.607997050974
 20
10221.63132538357
 30
0.0
 10
3292.607997050974
 20
10221.63132538357
 30
0.0
  0
SPLINE
  5
23688
330
19
100
AcDbEntity
  8
≥ﬂ¥ÁòÀ◊¢
370
     9
100
AcDbSpline
210
0.0
220
0.0
230
0.0
 70
    24
 71
     3
 72
     8
 73
     4
 74
     0
 42
0.000000001
 43
0.0000000001
 40
0.0
 40
0.0
 40
0.0
 40
0.0
 40
1.0
 40
1.0
 40
1.0
 40
1.0
 10
3282.89584502059
 20
10209.11892056219
 30
0.0
 10
3282.89584502059
 20
10209.11892056219
 30
0.0
 10
3283.880070729403
 20
10210.10369064363
 30
0.0
 10
3283.880070729403
 20
10210.10369064363
 30
0.0
  0
SPLINE
  5
23689
330
19
100
AcDbEntity
  8
≥ﬂ¥ÁòÀ◊¢
370
     9
100
AcDbSpline
210
0.0
220
0.0
230
1.0
 70
    11
 71
     3
 72
    28
 73
    24
 74
     0
 42
0.000000001
 43
0.0000000001
 40
0.0
 40
0.0
 40
0.0
 40
0.0
 40
0.1428571428571428
 40
0.1428571428571428
 40
0.1428571428571428
 40
0.1428571528571428
 40
0.2857142857142857
 40
0.2857142857142857
 40
0.2857142857142857
 40
0.2857142957142857
 40
0.428571428571429
 40
0.428571428571429
 40
0.428571428571429
 40
0.4285714385714289
 40
0.5714285714285714
 40
0.5714285714285714
 40
0.5714285714285714
 40
0.5714285814285715
 40
0.7142857142857145
 40
0.7142857142857145
 40
0.7142857142857145
 40
0.7142857242857146
 40
1.0
 40
1.0
 40
1.0
 40
1.0
 10
3284.581767045027
 20
10210.80538695926
 30
0.0
 10
3284.581767045027
 20
10210.80538695926
 30
0.0
 10
3284.86103020246
 20
10210.80538695926
 30
0.0
 10
3284.86103020246
 20
10210.80538695926
 30
0.0
 10
3284.86103020246
 20
10210.80538695926
 30
0.0
 10
3284.86103020246
 20
10210.95890003995
 30
0.0
 10
3284.735824498358
 20
10211.08410574406
 30
0.0
 10
3284.581767045027
 20
10211.08410574406
 30
0.0
 10
3284.581767045027
 20
10211.08410574406
 30
0.0
 10
3284.428253964346
 20
10211.08410574406
 30
0.0
 10
3284.303048260248
 20
10210.95890003995
 30
0.0
 10
3284.303048260248
 20
10210.80538695926
 30
0.0
 10
3284.303048260248
 20
10210.80538695926
 30
0.0
 10
3284.303048260248
 20
10210.65132950594
 30
0.0
 10
3284.428253964346
 20
10210.52612380183
 30
0.0
 10
3284.581767045027
 20
10210.52612380183
 30
0.0
 10
3284.581767045027
 20
10210.52612380183
 30
0.0
 10
3284.735824498358
 20
10210.52612380183
 30
0.0
 10
3284.86103020246
 20
10210.65132950594
 30
0.0
 10
3284.86103020246
 20
10210.80538695926
 30
0.0
 10
3284.86103020246
 20
10210.80538695926
 30
0.0
 10
3284.86103020246
 20
10210.80538695926
 30
0.0
 10
3284.581767045027
 20
10210.80538695926
 30
0.0
 10
3284.581767045027
 20
10210.80538695926
 30
0.0
  0
SPLINE
  5
2368A
330
19
100
AcDbEntity
  8
≥ﬂ¥ÁòÀ◊¢
370
     9
100
AcDbSpline
210
0.0
220
0.0
230
0.0
 70
    24
 71
     3
 72
     8
 73
     4
 74
     0
 42
0.000000001
 43
0.0000000001
 40
0.0
 40
0.0
 40
0.0
 40
0.0
 40
1.0
 40
1.0
 40
1.0
 40
1.0
 10
3285.280197124906
 20
10211.5032726665
 30
0.0
 10
3285.280197124906
 20
10211.5032726665
 30
0.0
 10
3288.777791250526
 20
10215.00141116475
 30
0.0
 10
3288.777791250526
 20
10215.00141116475
 30
0.0
  0
SPLINE
  5
2368B
330
19
100
AcDbEntity
  8
≥ﬂ¥ÁòÀ◊¢
370
     9
100
AcDbSpline
210
0.0
220
0.0
230
1.0
 70
    11
 71
     3
 72
    28
 73
    24
 74
     0
 42
0.000000001
 43
0.0000000001
 40
0.0
 40
0.0
 40
0.0
 40
0.0
 40
0.1428571428571428
 40
0.1428571428571428
 40
0.1428571428571428
 40
0.1428571528571428
 40
0.2857142857142857
 40
0.2857142857142857
 40
0.2857142857142857
 40
0.2857142957142857
 40
0.428571428571429
 40
0.428571428571429
 40
0.428571428571429
 40
0.4285714385714289
 40
0.5714285714285714
 40
0.5714285714285714
 40
0.5714285714285714
 40
0.5714285814285715
 40
0.7142857142857145
 40
0.7142857142857145
 40
0.7142857142857145
 40
0.7142857242857146
 40
1.0
 40
1.0
 40
1.0
 40
1.0
 10
3289.477310075661
 20
10215.70310748038
 30
0.0
 10
3289.477310075661
 20
10215.70310748038
 30
0.0
 10
3289.75602886044
 20
10215.70310748038
 30
0.0
 10
3289.75602886044
 20
10215.70310748038
 30
0.0
 10
3289.75602886044
 20
10215.70310748038
 30
0.0
 10
3289.75602886044
 20
10215.85662056107
 30
0.0
 10
3289.630823156346
 20
10215.98182626517
 30
0.0
 10
3289.477310075661
 20
10215.98182626517
 30
0.0
 10
3289.477310075661
 20
10215.98182626517
 30
0.0
 10
3289.323252622344
 20
10215.98182626517
 30
0.0
 10
3289.198046918238
 20
10215.85662056107
 30
0.0
 10
3289.198046918238
 20
10215.70310748038
 30
0.0
 10
3289.198046918238
 20
10215.70310748038
 30
0.0
 10
3289.198046918238
 20
10215.54905002707
 30
0.0
 10
3289.323252622344
 20
10215.42384432296
 30
0.0
 10
3289.477310075661
 20
10215.42384432296
 30
0.0
 10
3289.477310075661
 20
10215.42384432296
 30
0.0
 10
3289.630823156346
 20
10215.42384432296
 30
0.0
 10
3289.75602886044
 20
10215.54905002707
 30
0.0
 10
3289.75602886044
 20
10215.70310748038
 30
0.0
 10
3289.75602886044
 20
10215.70310748038
 30
0.0
 10
3289.75602886044
 20
10215.70310748038
 30
0.0
 10
3289.477310075661
 20
10215.70310748038
 30
0.0
 10
3289.477310075661
 20
10215.70310748038
 30
0.0
  0
SPLINE
  5
2368C
330
19
100
AcDbEntity
  8
≥ﬂ¥ÁòÀ◊¢
370
     9
100
AcDbSpline
210
0.0
220
0.0
230
0.0
 70
    24
 71
     3
 72
     8
 73
     4
 74
     0
 42
0.000000001
 43
0.0000000001
 40
0.0
 40
0.0
 40
0.0
 40
0.0
 40
1.0
 40
1.0
 40
1.0
 40
1.0
 10
3290.177917646025
 20
10216.40099318762
 30
0.0
 10
3290.177917646025
 20
10216.40099318762
 30
0.0
 10
3293.675511771645
 20
10219.89640982274
 30
0.0
 10
3293.675511771645
 20
10219.89640982274
 30
0.0
  0
SPLINE
  5
2368D
330
19
100
AcDbEntity
  8
≥ﬂ¥ÁòÀ◊¢
370
     9
100
AcDbSpline
210
0.0
220
0.0
230
1.0
 70
    11
 71
     3
 72
    28
 73
    24
 74
     0
 42
0.000000001
 43
0.0000000001
 40
0.0
 40
0.0
 40
0.0
 40
0.0
 40
0.1428571428571428
 40
0.1428571428571428
 40
0.1428571428571428
 40
0.1428571528571428
 40
0.2857142857142857
 40
0.2857142857142857
 40
0.2857142857142857
 40
0.2857142957142857
 40
0.428571428571429
 40
0.428571428571429
 40
0.428571428571429
 40
0.4285714385714289
 40
0.5714285714285714
 40
0.5714285714285714
 40
0.5714285714285714
 40
0.5714285814285715
 40
0.7142857142857145
 40
0.7142857142857145
 40
0.7142857142857145
 40
0.7142857242857146
 40
1.0
 40
1.0
 40
1.0
 40
1.0
 10
3294.375030596773
 20
10220.59810613837
 30
0.0
 10
3294.375030596773
 20
10220.59810613837
 30
0.0
 10
3294.653749381574
 20
10220.59810613837
 30
0.0
 10
3294.653749381574
 20
10220.59810613837
 30
0.0
 10
3294.653749381574
 20
10220.59810613837
 30
0.0
 10
3294.653749381574
 20
10220.75161921906
 30
0.0
 10
3294.52854367746
 20
10220.87736929579
 30
0.0
 10
3294.375030596773
 20
10220.87736929579
 30
0.0
 10
3294.375030596773
 20
10220.87736929579
 30
0.0
 10
3294.220973143448
 20
10220.87736929579
 30
0.0
 10
3294.09576743935
 20
10220.75161921906
 30
0.0
 10
3294.09576743935
 20
10220.59810613837
 30
0.0
 10
3294.09576743935
 20
10220.59810613837
 30
0.0
 10
3294.09576743935
 20
10220.44404868506
 30
0.0
 10
3294.220973143448
 20
10220.31884298094
 30
0.0
 10
3294.375030596773
 20
10220.31884298094
 30
0.0
 10
3294.375030596773
 20
10220.31884298094
 30
0.0
 10
3294.52854367746
 20
10220.31884298094
 30
0.0
 10
3294.653749381574
 20
10220.44404868506
 30
0.0
 10
3294.653749381574
 20
10220.59810613837
 30
0.0
 10
3294.653749381574
 20
10220.59810613837
 30
0.0
 10
3294.653749381574
 20
10220.59810613837
 30
0.0
 10
3294.375030596773
 20
10220.59810613837
 30
0.0
 10
3294.375030596773
 20
10220.59810613837
 30
0.0
  0
SPLINE
  5
2368E
330
19
100
AcDbEntity
  8
≥ﬂ¥ÁòÀ◊¢
370
     9
100
AcDbSpline
210
0.0
220
0.0
230
0.0
 70
    24
 71
     3
 72
     8
 73
     4
 74
     0
 42
0.000000001
 43
0.0000000001
 40
0.0
 40
0.0
 40
0.0
 40
0.0
 40
1.0
 40
1.0
 40
1.0
 40
1.0
 10
3295.075638167145
 20
10221.29871370875
 30
0.0
 10
3295.075638167145
 20
10221.29871370875
 30
0.0
 10
3295.407705469337
 20
10221.63132538357
 30
0.0
 10
3295.407705469337
 20
10221.63132538357
 30
0.0
  0
SPLINE
  5
2368F
330
19
100
AcDbEntity
  8
≥ﬂ¥ÁòÀ◊¢
370
     9
100
AcDbSpline
210
0.0
220
0.0
230
0.0
 70
    24
 71
     3
 72
     8
 73
     4
 74
     0
 42
0.000000001
 43
0.0000000001
 40
0.0
 40
0.0
 40
0.0
 40
0.0
 40
1.0
 40
1.0
 40
1.0
 40
1.0
 10
3285.695009066341
 20
10209.11892056219
 30
0.0
 10
3285.695009066341
 20
10209.11892056219
 30
0.0
 10
3287.72878519916
 20
10211.152696695
 30
0.0
 10
3287.72878519916
 20
10211.152696695
 30
0.0
  0
SPLINE
  5
23690
330
19
100
AcDbEntity
  8
≥ﬂ¥ÁòÀ◊¢
370
     9
100
AcDbSpline
210
0.0
220
0.0
230
1.0
 70
    11
 71
     3
 72
    28
 73
    24
 74
     0
 42
0.000000001
 43
0.0000000001
 40
0.0
 40
0.0
 40
0.0
 40
0.0
 40
0.1428571428571428
 40
0.1428571428571428
 40
0.1428571428571428
 40
0.1428571528571428
 40
0.2857142857142857
 40
0.2857142857142857
 40
0.2857142857142857
 40
0.2857142957142857
 40
0.428571428571429
 40
0.428571428571429
 40
0.428571428571429
 40
0.4285714385714289
 40
0.5714285714285714
 40
0.5714285714285714
 40
0.5714285714285714
 40
0.5714285814285715
 40
0.7142857142857145
 40
0.7142857142857145
 40
0.7142857142857145
 40
0.7142857242857146
 40
1.0
 40
1.0
 40
1.0
 40
1.0
 10
3288.427759651647
 20
10211.85439301063
 30
0.0
 10
3288.427759651647
 20
10211.85439301063
 30
0.0
 10
3288.707022809074
 20
10211.85439301063
 30
0.0
 10
3288.707022809074
 20
10211.85439301063
 30
0.0
 10
3288.707022809074
 20
10211.85439301063
 30
0.0
 10
3288.707022809074
 20
10212.00790609132
 30
0.0
 10
3288.581817104965
 20
10212.13311179543
 30
0.0
 10
3288.427759651647
 20
10212.13311179543
 30
0.0
 10
3288.427759651647
 20
10212.13311179543
 30
0.0
 10
3288.274246570964
 20
10212.13311179543
 30
0.0
 10
3288.149040866847
 20
10212.00790609132
 30
0.0
 10
3288.149040866847
 20
10211.85439301063
 30
0.0
 10
3288.149040866847
 20
10211.85439301063
 30
0.0
 10
3288.149040866847
 20
10211.70033555732
 30
0.0
 10
3288.274246570964
 20
10211.57512985321
 30
0.0
 10
3288.427759651647
 20
10211.57512985321
 30
0.0
 10
3288.427759651647
 20
10211.57512985321
 30
0.0
 10
3288.581817104965
 20
10211.57512985321
 30
0.0
 10
3288.707022809074
 20
10211.70033555732
 30
0.0
 10
3288.707022809074
 20
10211.85439301063
 30
0.0
 10
3288.707022809074
 20
10211.85439301063
 30
0.0
 10
3288.707022809074
 20
10211.85439301063
 30
0.0
 10
3288.427759651647
 20
10211.85439301063
 30
0.0
 10
3288.427759651647
 20
10211.85439301063
 30
0.0
  0
SPLINE
  5
23691
330
19
100
AcDbEntity
  8
≥ﬂ¥ÁòÀ◊¢
370
     9
100
AcDbSpline
210
0.0
220
0.0
230
0.0
 70
    24
 71
     3
 72
     8
 73
     4
 74
     0
 42
0.000000001
 43
0.0000000001
 40
0.0
 40
0.0
 40
0.0
 40
0.0
 40
1.0
 40
1.0
 40
1.0
 40
1.0
 10
3289.128367222027
 20
10212.55227871788
 30
0.0
 10
3289.128367222027
 20
10212.55227871788
 30
0.0
 10
3292.626505720269
 20
10216.05041721612
 30
0.0
 10
3292.626505720269
 20
10216.05041721612
 30
0.0
  0
SPLINE
  5
23692
330
19
100
AcDbEntity
  8
≥ﬂ¥ÁòÀ◊¢
370
     9
100
AcDbSpline
210
0.0
220
0.0
230
1.0
 70
    11
 71
     3
 72
    28
 73
    24
 74
     0
 42
0.000000001
 43
0.0000000001
 40
0.0
 40
0.0
 40
0.0
 40
0.0
 40
0.1428571428571428
 40
0.1428571428571428
 40
0.1428571428571428
 40
0.1428571528571428
 40
0.2857142857142857
 40
0.2857142857142857
 40
0.2857142857142857
 40
0.2857142957142857
 40
0.428571428571429
 40
0.428571428571429
 40
0.428571428571429
 40
0.4285714385714289
 40
0.5714285714285714
 40
0.5714285714285714
 40
0.5714285714285714
 40
0.5714285814285715
 40
0.7142857142857145
 40
0.7142857142857145
 40
0.7142857142857145
 40
0.7142857242857146
 40
1.0
 40
1.0
 40
1.0
 40
1.0
 10
3293.325480172771
 20
10216.74939166862
 30
0.0
 10
3293.325480172771
 20
10216.74939166862
 30
0.0
 10
3293.604743330194
 20
10216.74939166862
 30
0.0
 10
3293.604743330194
 20
10216.74939166862
 30
0.0
 10
3293.604743330194
 20
10216.74939166862
 30
0.0
 10
3293.604743330194
 20
10216.90344912193
 30
0.0
 10
3293.47953762608
 20
10217.02865482604
 30
0.0
 10
3293.325480172771
 20
10217.02865482604
 30
0.0
 10
3293.325480172771
 20
10217.02865482604
 30
0.0
 10
3293.171967092083
 20
10217.02865482604
 30
0.0
 10
3293.046761387973
 20
10216.90344912193
 30
0.0
 10
3293.046761387973
 20
10216.74939166862
 30
0.0
 10
3293.046761387973
 20
10216.74939166862
 30
0.0
 10
3293.046761387973
 20
10216.59587858793
 30
0.0
 10
3293.171967092083
 20
10216.47067288382
 30
0.0
 10
3293.325480172771
 20
10216.47067288382
 30
0.0
 10
3293.325480172771
 20
10216.47067288382
 30
0.0
 10
3293.47953762608
 20
10216.47067288382
 30
0.0
 10
3293.604743330194
 20
10216.59587858793
 30
0.0
 10
3293.604743330194
 20
10216.74939166862
 30
0.0
 10
3293.604743330194
 20
10216.74939166862
 30
0.0
 10
3293.604743330194
 20
10216.74939166862
 30
0.0
 10
3293.325480172771
 20
10216.74939166862
 30
0.0
 10
3293.325480172771
 20
10216.74939166862
 30
0.0
  0
SPLINE
  5
23693
330
19
100
AcDbEntity
  8
≥ﬂ¥ÁòÀ◊¢
370
     9
100
AcDbSpline
210
0.0
220
0.0
230
0.0
 70
    24
 71
     3
 72
     8
 73
     4
 74
     0
 42
0.000000001
 43
0.0000000001
 40
0.0
 40
0.0
 40
0.0
 40
0.0
 40
1.0
 40
1.0
 40
1.0
 40
1.0
 10
3294.023910252643
 20
10217.449999239
 30
0.0
 10
3294.023910252643
 20
10217.449999239
 30
0.0
 10
3297.521504378263
 20
10220.94813773724
 30
0.0
 10
3297.521504378263
 20
10220.94813773724
 30
0.0
  0
SPLINE
  5
23694
330
19
100
AcDbEntity
  8
≥ﬂ¥ÁòÀ◊¢
370
     9
100
AcDbSpline
210
0.0
220
0.0
230
1.0
 70
    11
 71
     3
 72
    28
 73
    24
 74
     0
 42
0.000000001
 43
0.0000000001
 40
0.0
 40
0.0
 40
0.0
 40
0.0
 40
0.1428571428571428
 40
0.1428571428571428
 40
0.1428571428571428
 40
0.1428571528571428
 40
0.2857142857142857
 40
0.2857142857142857
 40
0.2857142857142857
 40
0.2857142957142857
 40
0.428571428571429
 40
0.428571428571429
 40
0.428571428571429
 40
0.4285714385714289
 40
0.5714285714285714
 40
0.5714285714285714
 40
0.5714285714285714
 40
0.5714285814285715
 40
0.7142857142857145
 40
0.7142857142857145
 40
0.7142857142857145
 40
0.7142857242857146
 40
1.0
 40
1.0
 40
1.0
 40
1.0
 10
3298.207413887717
 20
10221.6318697562
 30
0.0
 10
3298.207413887717
 20
10221.6318697562
 30
0.0
 10
3298.48667704514
 20
10221.6318697562
 30
0.0
 10
3298.48667704514
 20
10221.6318697562
 30
0.0
 10
3298.48667704514
 20
10221.6318697562
 30
0.0
 10
3298.48667704514
 20
10221.78592720951
 30
0.0
 10
3298.361471341031
 20
10221.91113291362
 30
0.0
 10
3298.207413887717
 20
10221.91113291362
 30
0.0
 10
3298.207413887717
 20
10221.91113291362
 30
0.0
 10
3298.053900807026
 20
10221.91113291362
 30
0.0
 10
3297.928695102932
 20
10221.78592720951
 30
0.0
 10
3297.928695102932
 20
10221.6318697562
 30
0.0
 10
3297.928695102932
 20
10221.6318697562
 30
0.0
 10
3297.928695102932
 20
10221.47835667551
 30
0.0
 10
3298.053900807026
 20
10221.3531509714
 30
0.0
 10
3298.207413887717
 20
10221.3531509714
 30
0.0
 10
3298.207413887717
 20
10221.3531509714
 30
0.0
 10
3298.361471341031
 20
10221.3531509714
 30
0.0
 10
3298.48667704514
 20
10221.47835667551
 30
0.0
 10
3298.48667704514
 20
10221.6318697562
 30
0.0
 10
3298.48667704514
 20
10221.6318697562
 30
0.0
 10
3298.48667704514
 20
10221.6318697562
 30
0.0
 10
3298.207413887717
 20
10221.6318697562
 30
0.0
 10
3298.207413887717
 20
10221.6318697562
 30
0.0
  0
SPLINE
  5
23695
330
19
100
AcDbEntity
  8
≥ﬂ¥ÁòÀ◊¢
370
     9
100
AcDbSpline
210
0.0
220
0.0
230
0.0
 70
    24
 71
     3
 72
     8
 73
     4
 74
     0
 42
0.000000001
 43
0.0000000001
 40
0.0
 40
0.0
 40
0.0
 40
0.0
 40
1.0
 40
1.0
 40
1.0
 40
1.0
 10
3288.491995621586
 20
10209.11892056219
 30
0.0
 10
3288.491995621586
 20
10209.11892056219
 30
0.0
 10
3291.57477780576
 20
10212.20170274637
 30
0.0
 10
3291.57477780576
 20
10212.20170274637
 30
0.0
  0
SPLINE
  5
23696
330
19
100
AcDbEntity
  8
≥ﬂ¥ÁòÀ◊¢
370
     9
100
AcDbSpline
210
0.0
220
0.0
230
1.0
 70
    11
 71
     3
 72
    28
 73
    24
 74
     0
 42
0.000000001
 43
0.0000000001
 40
0.0
 40
0.0
 40
0.0
 40
0.0
 40
0.1428571428571428
 40
0.1428571428571428
 40
0.1428571428571428
 40
0.1428571528571428
 40
0.2857142857142857
 40
0.2857142857142857
 40
0.2857142857142857
 40
0.2857142957142857
 40
0.428571428571429
 40
0.428571428571429
 40
0.428571428571429
 40
0.4285714385714289
 40
0.5714285714285714
 40
0.5714285714285714
 40
0.5714285714285714
 40
0.5714285814285715
 40
0.7142857142857145
 40
0.7142857142857145
 40
0.7142857142857145
 40
0.7142857242857146
 40
1.0
 40
1.0
 40
1.0
 40
1.0
 10
3292.276474121394
 20
10212.903399062
 30
0.0
 10
3292.276474121394
 20
10212.903399062
 30
0.0
 10
3292.555737278817
 20
10212.903399062
 30
0.0
 10
3292.555737278817
 20
10212.903399062
 30
0.0
 10
3292.555737278817
 20
10212.903399062
 30
0.0
 10
3292.555737278817
 20
10213.05745651532
 30
0.0
 10
3292.430531574715
 20
10213.18266221943
 30
0.0
 10
3292.276474121394
 20
10213.18266221943
 30
0.0
 10
3292.276474121394
 20
10213.18266221943
 30
0.0
 10
3292.122961040713
 20
10213.18266221943
 30
0.0
 10
3291.997755336608
 20
10213.05745651532
 30
0.0
 10
3291.997755336608
 20
10212.903399062
 30
0.0
 10
3291.997755336608
 20
10212.903399062
 30
0.0
 10
3291.997755336608
 20
10212.74988598132
 30
0.0
 10
3292.122961040713
 20
10212.62468027721
 30
0.0
 10
3292.276474121394
 20
10212.62468027721
 30
0.0
 10
3292.276474121394
 20
10212.62468027721
 30
0.0
 10
3292.430531574715
 20
10212.62468027721
 30
0.0
 10
3292.555737278817
 20
10212.74988598132
 30
0.0
 10
3292.555737278817
 20
10212.903399062
 30
0.0
 10
3292.555737278817
 20
10212.903399062
 30
0.0
 10
3292.555737278817
 20
10212.903399062
 30
0.0
 10
3292.276474121394
 20
10212.903399062
 30
0.0
 10
3292.276474121394
 20
10212.903399062
 30
0.0
  0
SPLINE
  5
23697
330
19
100
AcDbEntity
  8
≥ﬂ¥ÁòÀ◊¢
370
     9
100
AcDbSpline
210
0.0
220
0.0
230
0.0
 70
    24
 71
     3
 72
     8
 73
     4
 74
     0
 42
0.000000001
 43
0.0000000001
 40
0.0
 40
0.0
 40
0.0
 40
0.0
 40
1.0
 40
1.0
 40
1.0
 40
1.0
 10
3292.97435982864
 20
10213.60128476925
 30
0.0
 10
3292.97435982864
 20
10213.60128476925
 30
0.0
 10
3296.472498326897
 20
10217.09942326749
 30
0.0
 10
3296.472498326897
 20
10217.09942326749
 30
0.0
  0
SPLINE
  5
23698
330
19
100
AcDbEntity
  8
≥ﬂ¥ÁòÀ◊¢
370
     9
100
AcDbSpline
210
0.0
220
0.0
230
1.0
 70
    11
 71
     3
 72
    28
 73
    24
 74
     0
 42
0.000000001
 43
0.0000000001
 40
0.0
 40
0.0
 40
0.0
 40
0.0
 40
0.1428571428571428
 40
0.1428571428571428
 40
0.1428571428571428
 40
0.1428571528571428
 40
0.2857142857142857
 40
0.2857142857142857
 40
0.2857142857142857
 40
0.2857142957142857
 40
0.428571428571429
 40
0.428571428571429
 40
0.428571428571429
 40
0.4285714385714289
 40
0.5714285714285714
 40
0.5714285714285714
 40
0.5714285714285714
 40
0.5714285814285715
 40
0.7142857142857145
 40
0.7142857142857145
 40
0.7142857142857145
 40
0.7142857242857146
 40
1.0
 40
1.0
 40
1.0
 40
1.0
 10
3297.174194642524
 20
10217.80111958312
 30
0.0
 10
3297.174194642524
 20
10217.80111958312
 30
0.0
 10
3297.453457799944
 20
10217.80111958312
 30
0.0
 10
3297.453457799944
 20
10217.80111958312
 30
0.0
 10
3297.453457799944
 20
10217.80111958312
 30
0.0
 10
3297.453457799944
 20
10217.95517703644
 30
0.0
 10
3297.328252095834
 20
10218.08038274055
 30
0.0
 10
3297.174194642524
 20
10218.08038274055
 30
0.0
 10
3297.174194642524
 20
10218.08038274055
 30
0.0
 10
3297.020681561843
 20
10218.08038274055
 30
0.0
 10
3296.89547585772
 20
10217.95517703644
 30
0.0
 10
3296.89547585772
 20
10217.80111958312
 30
0.0
 10
3296.89547585772
 20
10217.80111958312
 30
0.0
 10
3296.89547585772
 20
10217.64760650244
 30
0.0
 10
3297.020681561843
 20
10217.52240079833
 30
0.0
 10
3297.174194642524
 20
10217.52240079833
 30
0.0
 10
3297.174194642524
 20
10217.52240079833
 30
0.0
 10
3297.328252095834
 20
10217.52240079833
 30
0.0
 10
3297.453457799944
 20
10217.64760650244
 30
0.0
 10
3297.453457799944
 20
10217.80111958312
 30
0.0
 10
3297.453457799944
 20
10217.80111958312
 30
0.0
 10
3297.453457799944
 20
10217.80111958312
 30
0.0
 10
3297.174194642524
 20
10217.80111958312
 30
0.0
 10
3297.174194642524
 20
10217.80111958312
 30
0.0
  0
SPLINE
  5
23699
330
19
100
AcDbEntity
  8
≥ﬂ¥ÁòÀ◊¢
370
     9
100
AcDbSpline
210
0.0
220
0.0
230
0.0
 70
    24
 71
     3
 72
     8
 73
     4
 74
     0
 42
0.000000001
 43
0.0000000001
 40
0.0
 40
0.0
 40
0.0
 40
0.0
 40
1.0
 40
1.0
 40
1.0
 40
1.0
 10
3297.872080349763
 20
10218.49900529037
 30
0.0
 10
3297.872080349763
 20
10218.49900529037
 30
0.0
 10
3301.003856070336
 20
10221.63132538357
 30
0.0
 10
3301.003856070336
 20
10221.63132538357
 30
0.0
  0
SPLINE
  5
2369A
330
19
100
AcDbEntity
  8
≥ﬂ¥ÁòÀ◊¢
370
     9
100
AcDbSpline
210
0.0
220
0.0
230
1.0
 70
    11
 71
     3
 72
    28
 73
    24
 74
     0
 42
0.000000001
 43
0.0000000001
 40
0.0
 40
0.0
 40
0.0
 40
0.0
 40
0.1428571428571428
 40
0.1428571428571428
 40
0.1428571428571428
 40
0.1428571528571428
 40
0.2857142857142857
 40
0.2857142857142857
 40
0.2857142857142857
 40
0.2857142957142857
 40
0.428571428571429
 40
0.428571428571429
 40
0.428571428571429
 40
0.4285714385714289
 40
0.5714285714285714
 40
0.5714285714285714
 40
0.5714285714285714
 40
0.5714285814285715
 40
0.7142857142857145
 40
0.7142857142857145
 40
0.7142857142857145
 40
0.7142857242857146
 40
1.0
 40
1.0
 40
1.0
 40
1.0
 10
3291.291704039958
 20
10209.11946493482
 30
0.0
 10
3291.291704039958
 20
10209.11946493482
 30
0.0
 10
3291.570967197382
 20
10209.11946493482
 30
0.0
 10
3291.570967197382
 20
10209.11946493482
 30
0.0
 10
3291.570967197382
 20
10209.11946493482
 30
0.0
 10
3291.570967197382
 20
10209.27297801551
 30
0.0
 10
3291.445761493272
 20
10209.39872809224
 30
0.0
 10
3291.291704039958
 20
10209.39872809224
 30
0.0
 10
3291.291704039958
 20
10209.39872809224
 30
0.0
 10
3291.138190959271
 20
10209.39872809224
 30
0.0
 10
3291.012985255161
 20
10209.27297801551
 30
0.0
 10
3291.012985255161
 20
10209.11946493482
 30
0.0
 10
3291.012985255161
 20
10209.11946493482
 30
0.0
 10
3291.012985255161
 20
10208.96595185413
 30
0.0
 10
3291.138190959271
 20
10208.84020177739
 30
0.0
 10
3291.291704039958
 20
10208.84020177739
 30
0.0
 10
3291.291704039958
 20
10208.84020177739
 30
0.0
 10
3291.445761493272
 20
10208.84020177739
 30
0.0
 10
3291.570967197382
 20
10208.96595185413
 30
0.0
 10
3291.570967197382
 20
10209.11946493482
 30
0.0
 10
3291.570967197382
 20
10209.11946493482
 30
0.0
 10
3291.570967197382
 20
10209.11946493482
 30
0.0
 10
3291.291704039958
 20
10209.11946493482
 30
0.0
 10
3291.291704039958
 20
10209.11946493482
 30
0.0
  0
SPLINE
  5
2369B
330
19
100
AcDbEntity
  8
≥ﬂ¥ÁòÀ◊¢
370
     9
100
AcDbSpline
210
0.0
220
0.0
230
0.0
 70
    24
 71
     3
 72
     8
 73
     4
 74
     0
 42
0.000000001
 43
0.0000000001
 40
0.0
 40
0.0
 40
0.0
 40
0.0
 40
1.0
 40
1.0
 40
1.0
 40
1.0
 10
3291.925353777267
 20
10209.75529216263
 30
0.0
 10
3291.925353777267
 20
10209.75529216263
 30
0.0
 10
3295.423492275516
 20
10213.25343066088
 30
0.0
 10
3295.423492275516
 20
10213.25343066088
 30
0.0
  0
SPLINE
  5
2369C
330
19
100
AcDbEntity
  8
≥ﬂ¥ÁòÀ◊¢
370
     9
100
AcDbSpline
210
0.0
220
0.0
230
1.0
 70
    11
 71
     3
 72
    28
 73
    24
 74
     0
 42
0.000000001
 43
0.0000000001
 40
0.0
 40
0.0
 40
0.0
 40
0.0
 40
0.1428571428571428
 40
0.1428571428571428
 40
0.1428571428571428
 40
0.1428571528571428
 40
0.2857142857142857
 40
0.2857142857142857
 40
0.2857142857142857
 40
0.2857142957142857
 40
0.428571428571429
 40
0.428571428571429
 40
0.428571428571429
 40
0.4285714385714289
 40
0.5714285714285714
 40
0.5714285714285714
 40
0.5714285714285714
 40
0.5714285814285715
 40
0.7142857142857145
 40
0.7142857142857145
 40
0.7142857142857145
 40
0.7142857242857146
 40
1.0
 40
1.0
 40
1.0
 40
1.0
 10
3296.125188591148
 20
10213.95240511338
 30
0.0
 10
3296.125188591148
 20
10213.95240511338
 30
0.0
 10
3296.40445174857
 20
10213.95240511338
 30
0.0
 10
3296.40445174857
 20
10213.95240511338
 30
0.0
 10
3296.40445174857
 20
10213.95240511338
 30
0.0
 10
3296.40445174857
 20
10214.10646256669
 30
0.0
 10
3296.278701671842
 20
10214.2316682708
 30
0.0
 10
3296.125188591148
 20
10214.2316682708
 30
0.0
 10
3296.125188591148
 20
10214.2316682708
 30
0.0
 10
3295.971131137837
 20
10214.2316682708
 30
0.0
 10
3295.845925433732
 20
10214.10646256669
 30
0.0
 10
3295.845925433732
 20
10213.95240511338
 30
0.0
 10
3295.845925433732
 20
10213.95240511338
 30
0.0
 10
3295.845925433732
 20
10213.79889203269
 30
0.0
 10
3295.971131137837
 20
10213.67368632858
 30
0.0
 10
3296.125188591148
 20
10213.67368632858
 30
0.0
 10
3296.125188591148
 20
10213.67368632858
 30
0.0
 10
3296.278701671842
 20
10213.67368632858
 30
0.0
 10
3296.40445174857
 20
10213.79889203269
 30
0.0
 10
3296.40445174857
 20
10213.95240511338
 30
0.0
 10
3296.40445174857
 20
10213.95240511338
 30
0.0
 10
3296.40445174857
 20
10213.95240511338
 30
0.0
 10
3296.125188591148
 20
10213.95240511338
 30
0.0
 10
3296.125188591148
 20
10213.95240511338
 30
0.0
  0
SPLINE
  5
2369D
330
19
100
AcDbEntity
  8
≥ﬂ¥ÁòÀ◊¢
370
     9
100
AcDbSpline
210
0.0
220
0.0
230
0.0
 70
    24
 71
     3
 72
     8
 73
     4
 74
     0
 42
0.000000001
 43
0.0000000001
 40
0.0
 40
0.0
 40
0.0
 40
0.0
 40
1.0
 40
1.0
 40
1.0
 40
1.0
 10
3296.823074298394
 20
10214.65083519325
 30
0.0
 10
3296.823074298394
 20
10214.65083519325
 30
0.0
 10
3300.321212796632
 20
10218.14842931887
 30
0.0
 10
3300.321212796632
 20
10218.14842931887
 30
0.0
  0
SPLINE
  5
2369E
330
19
100
AcDbEntity
  8
≥ﬂ¥ÁòÀ◊¢
370
     9
100
AcDbSpline
210
0.0
220
0.0
230
1.0
 70
    11
 71
     3
 72
    28
 73
    24
 74
     0
 42
0.000000001
 43
0.0000000001
 40
0.0
 40
0.0
 40
0.0
 40
0.0
 40
0.1428571428571428
 40
0.1428571428571428
 40
0.1428571428571428
 40
0.1428571528571428
 40
0.2857142857142857
 40
0.2857142857142857
 40
0.2857142857142857
 40
0.2857142957142857
 40
0.428571428571429
 40
0.428571428571429
 40
0.428571428571429
 40
0.4285714385714289
 40
0.5714285714285714
 40
0.5714285714285714
 40
0.5714285714285714
 40
0.5714285814285715
 40
0.7142857142857145
 40
0.7142857142857145
 40
0.7142857142857145
 40
0.7142857242857146
 40
1.0
 40
1.0
 40
1.0
 40
1.0
 10
3301.02290911226
 20
10218.8501256345
 30
0.0
 10
3301.02290911226
 20
10218.8501256345
 30
0.0
 10
3301.302172269683
 20
10218.8501256345
 30
0.0
 10
3301.302172269683
 20
10218.8501256345
 30
0.0
 10
3301.302172269683
 20
10218.8501256345
 30
0.0
 10
3301.302172269683
 20
10219.00418308781
 30
0.0
 10
3301.176422192951
 20
10219.12938879192
 30
0.0
 10
3301.02290911226
 20
10219.12938879192
 30
0.0
 10
3301.02290911226
 20
10219.12938879192
 30
0.0
 10
3300.868851658968
 20
10219.12938879192
 30
0.0
 10
3300.743645954844
 20
10219.00418308781
 30
0.0
 10
3300.743645954844
 20
10218.8501256345
 30
0.0
 10
3300.743645954844
 20
10218.8501256345
 30
0.0
 10
3300.743645954844
 20
10218.69661255381
 30
0.0
 10
3300.868851658968
 20
10218.5714068497
 30
0.0
 10
3301.02290911226
 20
10218.5714068497
 30
0.0
 10
3301.02290911226
 20
10218.5714068497
 30
0.0
 10
3301.176422192951
 20
10218.5714068497
 30
0.0
 10
3301.302172269683
 20
10218.69661255381
 30
0.0
 10
3301.302172269683
 20
10218.8501256345
 30
0.0
 10
3301.302172269683
 20
10218.8501256345
 30
0.0
 10
3301.302172269683
 20
10218.8501256345
 30
0.0
 10
3301.02290911226
 20
10218.8501256345
 30
0.0
 10
3301.02290911226
 20
10218.8501256345
 30
0.0
  0
SPLINE
  5
2369F
330
19
100
AcDbEntity
  8
≥ﬂ¥ÁòÀ◊¢
370
     9
100
AcDbSpline
210
0.0
220
0.0
230
0.0
 70
    24
 71
     3
 72
     8
 73
     4
 74
     0
 42
0.000000001
 43
0.0000000001
 40
0.0
 40
0.0
 40
0.0
 40
0.0
 40
1.0
 40
1.0
 40
1.0
 40
1.0
 10
3301.720794819528
 20
10219.54855571437
 30
0.0
 10
3301.720794819528
 20
10219.54855571437
 30
0.0
 10
3303.803564488717
 20
10221.63132538357
 30
0.0
 10
3303.803564488717
 20
10221.63132538357
 30
0.0
  0
SPLINE
  5
236A0
330
19
100
AcDbEntity
  8
≥ﬂ¥ÁòÀ◊¢
370
     9
100
AcDbSpline
210
0.0
220
0.0
230
0.0
 70
    24
 71
     3
 72
     8
 73
     4
 74
     0
 42
0.000000001
 43
0.0000000001
 40
0.0
 40
0.0
 40
0.0
 40
0.0
 40
1.0
 40
1.0
 40
1.0
 40
1.0
 10
3294.088146222573
 20
10209.11892056219
 30
0.0
 10
3294.088146222573
 20
10209.11892056219
 30
0.0
 10
3294.374486224139
 20
10209.40471619113
 30
0.0
 10
3294.374486224139
 20
10209.40471619113
 30
0.0
  0
SPLINE
  5
236A1
330
19
100
AcDbEntity
  8
≥ﬂ¥ÁòÀ◊¢
370
     9
100
AcDbSpline
210
0.0
220
0.0
230
1.0
 70
    11
 71
     3
 72
    28
 73
    24
 74
     0
 42
0.000000001
 43
0.0000000001
 40
0.0
 40
0.0
 40
0.0
 40
0.0
 40
0.1428571428571428
 40
0.1428571428571428
 40
0.1428571428571428
 40
0.1428571528571428
 40
0.2857142857142857
 40
0.2857142857142857
 40
0.2857142857142857
 40
0.2857142957142857
 40
0.428571428571429
 40
0.428571428571429
 40
0.428571428571429
 40
0.4285714385714289
 40
0.5714285714285714
 40
0.5714285714285714
 40
0.5714285714285714
 40
0.5714285814285715
 40
0.7142857142857145
 40
0.7142857142857145
 40
0.7142857142857145
 40
0.7142857242857146
 40
1.0
 40
1.0
 40
1.0
 40
1.0
 10
3295.076182539775
 20
10210.10423501626
 30
0.0
 10
3295.076182539775
 20
10210.10423501626
 30
0.0
 10
3295.354901324568
 20
10210.10423501626
 30
0.0
 10
3295.354901324568
 20
10210.10423501626
 30
0.0
 10
3295.354901324568
 20
10210.10423501626
 30
0.0
 10
3295.354901324568
 20
10210.25774809694
 30
0.0
 10
3295.229695620462
 20
10210.38295380105
 30
0.0
 10
3295.076182539775
 20
10210.38295380105
 30
0.0
 10
3295.076182539775
 20
10210.38295380105
 30
0.0
 10
3294.922125086468
 20
10210.38295380105
 30
0.0
 10
3294.796919382352
 20
10210.25774809694
 30
0.0
 10
3294.796919382352
 20
10210.10423501626
 30
0.0
 10
3294.796919382352
 20
10210.10423501626
 30
0.0
 10
3294.796919382352
 20
10209.95017756294
 30
0.0
 10
3294.922125086468
 20
10209.82497185883
 30
0.0
 10
3295.076182539775
 20
10209.82497185883
 30
0.0
 10
3295.076182539775
 20
10209.82497185883
 30
0.0
 10
3295.229695620462
 20
10209.82497185883
 30
0.0
 10
3295.354901324568
 20
10209.95017756294
 30
0.0
 10
3295.354901324568
 20
10210.10423501626
 30
0.0
 10
3295.354901324568
 20
10210.10423501626
 30
0.0
 10
3295.354901324568
 20
10210.10423501626
 30
0.0
 10
3295.076182539775
 20
10210.10423501626
 30
0.0
 10
3295.076182539775
 20
10210.10423501626
 30
0.0
  0
SPLINE
  5
236A2
330
19
100
AcDbEntity
  8
≥ﬂ¥ÁòÀ◊¢
370
     9
100
AcDbSpline
210
0.0
220
0.0
230
0.0
 70
    24
 71
     3
 72
     8
 73
     4
 74
     0
 42
0.000000001
 43
0.0000000001
 40
0.0
 40
0.0
 40
0.0
 40
0.0
 40
1.0
 40
1.0
 40
1.0
 40
1.0
 10
3295.774068247025
 20
10210.804298214
 30
0.0
 10
3295.774068247025
 20
10210.804298214
 30
0.0
 10
3299.272206745267
 20
10214.30025922175
 30
0.0
 10
3299.272206745267
 20
10214.30025922175
 30
0.0
  0
SPLINE
  5
236A3
330
19
100
AcDbEntity
  8
≥ﬂ¥ÁòÀ◊¢
370
     9
100
AcDbSpline
210
0.0
220
0.0
230
1.0
 70
    11
 71
     3
 72
    28
 73
    24
 74
     0
 42
0.000000001
 43
0.0000000001
 40
0.0
 40
0.0
 40
0.0
 40
0.0
 40
0.1428571428571428
 40
0.1428571428571428
 40
0.1428571428571428
 40
0.1428571528571428
 40
0.2857142857142857
 40
0.2857142857142857
 40
0.2857142857142857
 40
0.2857142957142857
 40
0.428571428571429
 40
0.428571428571429
 40
0.428571428571429
 40
0.4285714385714289
 40
0.5714285714285714
 40
0.5714285714285714
 40
0.5714285714285714
 40
0.5714285814285715
 40
0.7142857142857145
 40
0.7142857142857145
 40
0.7142857142857145
 40
0.7142857242857146
 40
1.0
 40
1.0
 40
1.0
 40
1.0
 10
3299.971181197761
 20
10215.00195553738
 30
0.0
 10
3299.971181197761
 20
10215.00195553738
 30
0.0
 10
3300.250444355184
 20
10215.00195553738
 30
0.0
 10
3300.250444355184
 20
10215.00195553738
 30
0.0
 10
3300.250444355184
 20
10215.00195553738
 30
0.0
 10
3300.250444355184
 20
10215.15546861806
 30
0.0
 10
3300.124694278453
 20
10215.28067432217
 30
0.0
 10
3299.971181197761
 20
10215.28067432217
 30
0.0
 10
3299.971181197761
 20
10215.28067432217
 30
0.0
 10
3299.817668117074
 20
10215.28067432217
 30
0.0
 10
3299.691918040338
 20
10215.15546861806
 30
0.0
 10
3299.691918040338
 20
10215.00195553738
 30
0.0
 10
3299.691918040338
 20
10215.00195553738
 30
0.0
 10
3299.691918040338
 20
10214.84789808406
 30
0.0
 10
3299.817668117074
 20
10214.72269237995
 30
0.0
 10
3299.971181197761
 20
10214.72269237995
 30
0.0
 10
3299.971181197761
 20
10214.72269237995
 30
0.0
 10
3300.124694278453
 20
10214.72269237995
 30
0.0
 10
3300.250444355184
 20
10214.84789808406
 30
0.0
 10
3300.250444355184
 20
10215.00195553738
 30
0.0
 10
3300.250444355184
 20
10215.00195553738
 30
0.0
 10
3300.250444355184
 20
10215.00195553738
 30
0.0
 10
3299.971181197761
 20
10215.00195553738
 30
0.0
 10
3299.971181197761
 20
10215.00195553738
 30
0.0
  0
SPLINE
  5
236A4
330
19
100
AcDbEntity
  8
≥ﬂ¥ÁòÀ◊¢
370
     9
100
AcDbSpline
210
0.0
220
0.0
230
0.0
 70
    24
 71
     3
 72
     8
 73
     4
 74
     0
 42
0.000000001
 43
0.0000000001
 40
0.0
 40
0.0
 40
0.0
 40
0.0
 40
1.0
 40
1.0
 40
1.0
 40
1.0
 10
3300.671788768148
 20
10215.70201873513
 30
0.0
 10
3300.671788768148
 20
10215.70201873513
 30
0.0
 10
3304.169927266386
 20
10219.19797974287
 30
0.0
 10
3304.169927266386
 20
10219.19797974287
 30
0.0
  0
SPLINE
  5
236A5
330
19
100
AcDbEntity
  8
≥ﬂ¥ÁòÀ◊¢
370
     9
100
AcDbSpline
210
0.0
220
0.0
230
1.0
 70
    11
 71
     3
 72
    28
 73
    24
 74
     0
 42
0.000000001
 43
0.0000000001
 40
0.0
 40
0.0
 40
0.0
 40
0.0
 40
0.1428571428571428
 40
0.1428571428571428
 40
0.1428571428571428
 40
0.1428571528571428
 40
0.2857142857142857
 40
0.2857142857142857
 40
0.2857142857142857
 40
0.2857142957142857
 40
0.428571428571429
 40
0.428571428571429
 40
0.428571428571429
 40
0.4285714385714289
 40
0.5714285714285714
 40
0.5714285714285714
 40
0.5714285714285714
 40
0.5714285814285715
 40
0.7142857142857145
 40
0.7142857142857145
 40
0.7142857142857145
 40
0.7142857242857146
 40
1.0
 40
1.0
 40
1.0
 40
1.0
 10
3304.868901718881
 20
10219.89695419537
 30
0.0
 10
3304.868901718881
 20
10219.89695419537
 30
0.0
 10
3305.148164876304
 20
10219.89695419537
 30
0.0
 10
3305.148164876304
 20
10219.89695419537
 30
0.0
 10
3305.148164876304
 20
10219.89695419537
 30
0.0
 10
3305.148164876304
 20
10220.05046727605
 30
0.0
 10
3305.022414799583
 20
10220.17621735278
 30
0.0
 10
3304.868901718881
 20
10220.17621735278
 30
0.0
 10
3304.868901718881
 20
10220.17621735278
 30
0.0
 10
3304.715388638193
 20
10220.17621735278
 30
0.0
 10
3304.589638561476
 20
10220.05046727605
 30
0.0
 10
3304.589638561476
 20
10219.89695419537
 30
0.0
 10
3304.589638561476
 20
10219.89695419537
 30
0.0
 10
3304.589638561476
 20
10219.74344111468
 30
0.0
 10
3304.715388638193
 20
10219.61769103794
 30
0.0
 10
3304.868901718881
 20
10219.61769103794
 30
0.0
 10
3304.868901718881
 20
10219.61769103794
 30
0.0
 10
3305.022414799583
 20
10219.61769103794
 30
0.0
 10
3305.148164876304
 20
10219.74344111468
 30
0.0
 10
3305.148164876304
 20
10219.89695419537
 30
0.0
 10
3305.148164876304
 20
10219.89695419537
 30
0.0
 10
3305.148164876304
 20
10219.89695419537
 30
0.0
 10
3304.868901718881
 20
10219.89695419537
 30
0.0
 10
3304.868901718881
 20
10219.89695419537
 30
0.0
  0
SPLINE
  5
236A6
330
19
100
AcDbEntity
  8
≥ﬂ¥ÁòÀ◊¢
370
     9
100
AcDbSpline
210
0.0
220
0.0
230
0.0
 70
    24
 71
     3
 72
     8
 73
     4
 74
     0
 42
0.000000001
 43
0.0000000001
 40
0.0
 40
0.0
 40
0.0
 40
0.0
 40
1.0
 40
1.0
 40
1.0
 40
1.0
 10
3305.566787426127
 20
10220.59756176574
 30
0.0
 10
3305.566787426127
 20
10220.59756176574
 30
0.0
 10
3306.60109541659
 20
10221.63132538357
 30
0.0
 10
3306.60109541659
 20
10221.63132538357
 30
0.0
  0
SPLINE
  5
236A7
330
19
100
AcDbEntity
  8
≥ﬂ¥ÁòÀ◊¢
370
     9
100
AcDbSpline
210
0.0
220
0.0
230
0.0
 70
    24
 71
     3
 72
     8
 73
     4
 74
     0
 42
0.000000001
 43
0.0000000001
 40
0.0
 40
0.0
 40
0.0
 40
0.0
 40
1.0
 40
1.0
 40
1.0
 40
1.0
 10
3296.887854640958
 20
10209.11892056219
 30
0.0
 10
3296.887854640958
 20
10209.11892056219
 30
0.0
 10
3298.222656321256
 20
10210.4537222425
 30
0.0
 10
3298.222656321256
 20
10210.4537222425
 30
0.0
  0
SPLINE
  5
236A8
330
19
100
AcDbEntity
  8
≥ﬂ¥ÁòÀ◊¢
370
     9
100
AcDbSpline
210
0.0
220
0.0
230
1.0
 70
    11
 71
     3
 72
    28
 73
    24
 74
     0
 42
0.000000001
 43
0.0000000001
 40
0.0
 40
0.0
 40
0.0
 40
0.0
 40
0.1428571428571428
 40
0.1428571428571428
 40
0.1428571428571428
 40
0.1428571528571428
 40
0.2857142857142857
 40
0.2857142857142857
 40
0.2857142857142857
 40
0.2857142957142857
 40
0.428571428571429
 40
0.428571428571429
 40
0.428571428571429
 40
0.4285714385714289
 40
0.5714285714285714
 40
0.5714285714285714
 40
0.5714285714285714
 40
0.5714285814285715
 40
0.7142857142857145
 40
0.7142857142857145
 40
0.7142857142857145
 40
0.7142857242857146
 40
1.0
 40
1.0
 40
1.0
 40
1.0
 10
3298.922175146385
 20
10211.15324106763
 30
0.0
 10
3298.922175146385
 20
10211.15324106763
 30
0.0
 10
3299.200893931185
 20
10211.15324106763
 30
0.0
 10
3299.200893931185
 20
10211.15324106763
 30
0.0
 10
3299.200893931185
 20
10211.15324106763
 30
0.0
 10
3299.200893931185
 20
10211.30675414832
 30
0.0
 10
3299.075688227087
 20
10211.43250422505
 30
0.0
 10
3298.922175146385
 20
10211.43250422505
 30
0.0
 10
3298.922175146385
 20
10211.43250422505
 30
0.0
 10
3298.768117693074
 20
10211.43250422505
 30
0.0
 10
3298.642911988962
 20
10211.30675414832
 30
0.0
 10
3298.642911988962
 20
10211.15324106763
 30
0.0
 10
3298.642911988962
 20
10211.15324106763
 30
0.0
 10
3298.642911988962
 20
10210.99918361431
 30
0.0
 10
3298.768117693074
 20
10210.8739779102
 30
0.0
 10
3298.922175146385
 20
10210.8739779102
 30
0.0
 10
3298.922175146385
 20
10210.8739779102
 30
0.0
 10
3299.075688227087
 20
10210.8739779102
 30
0.0
 10
3299.200893931185
 20
10210.99918361431
 30
0.0
 10
3299.200893931185
 20
10211.15324106763
 30
0.0
 10
3299.200893931185
 20
10211.15324106763
 30
0.0
 10
3299.200893931185
 20
10211.15324106763
 30
0.0
 10
3298.922175146385
 20
10211.15324106763
 30
0.0
 10
3298.922175146385
 20
10211.15324106763
 30
0.0
  0
SPLINE
  5
236A9
330
19
100
AcDbEntity
  8
≥ﬂ¥ÁòÀ◊¢
370
     9
100
AcDbSpline
210
0.0
220
0.0
230
0.0
 70
    24
 71
     3
 72
     8
 73
     4
 74
     0
 42
0.000000001
 43
0.0000000001
 40
0.0
 40
0.0
 40
0.0
 40
0.0
 40
1.0
 40
1.0
 40
1.0
 40
1.0
 10
3299.620060853638
 20
10211.85384863801
 30
0.0
 10
3299.620060853638
 20
10211.85384863801
 30
0.0
 10
3303.11819935188
 20
10215.35144276362
 30
0.0
 10
3303.11819935188
 20
10215.35144276362
 30
0.0
  0
SPLINE
  5
236AA
330
19
100
AcDbEntity
  8
≥ﬂ¥ÁòÀ◊¢
370
     9
100
AcDbSpline
210
0.0
220
0.0
230
1.0
 70
    11
 71
     3
 72
    28
 73
    24
 74
     0
 42
0.000000001
 43
0.0000000001
 40
0.0
 40
0.0
 40
0.0
 40
0.0
 40
0.1428571428571428
 40
0.1428571428571428
 40
0.1428571428571428
 40
0.1428571528571428
 40
0.2857142857142857
 40
0.2857142857142857
 40
0.2857142857142857
 40
0.2857142957142857
 40
0.428571428571429
 40
0.428571428571429
 40
0.428571428571429
 40
0.4285714385714289
 40
0.5714285714285714
 40
0.5714285714285714
 40
0.5714285714285714
 40
0.5714285814285715
 40
0.7142857142857145
 40
0.7142857142857145
 40
0.7142857142857145
 40
0.7142857242857146
 40
1.0
 40
1.0
 40
1.0
 40
1.0
 10
3303.819895667511
 20
10216.05096158875
 30
0.0
 10
3303.819895667511
 20
10216.05096158875
 30
0.0
 10
3304.098614452305
 20
10216.05096158875
 30
0.0
 10
3304.098614452305
 20
10216.05096158875
 30
0.0
 10
3304.098614452305
 20
10216.05096158875
 30
0.0
 10
3304.098614452305
 20
10216.20447466944
 30
0.0
 10
3303.973408748199
 20
10216.33022474617
 30
0.0
 10
3303.819895667511
 20
10216.33022474617
 30
0.0
 10
3303.819895667511
 20
10216.33022474617
 30
0.0
 10
3303.66583821419
 20
10216.33022474617
 30
0.0
 10
3303.540632510088
 20
10216.20447466944
 30
0.0
 10
3303.540632510088
 20
10216.05096158875
 30
0.0
 10
3303.540632510088
 20
10216.05096158875
 30
0.0
 10
3303.540632510088
 20
10215.89690413543
 30
0.0
 10
3303.66583821419
 20
10215.77169843133
 30
0.0
 10
3303.819895667511
 20
10215.77169843133
 30
0.0
 10
3303.819895667511
 20
10215.77169843133
 30
0.0
 10
3303.973408748199
 20
10215.77169843133
 30
0.0
 10
3304.098614452305
 20
10215.89690413543
 30
0.0
 10
3304.098614452305
 20
10216.05096158875
 30
0.0
 10
3304.098614452305
 20
10216.05096158875
 30
0.0
 10
3304.098614452305
 20
10216.05096158875
 30
0.0
 10
3303.819895667511
 20
10216.05096158875
 30
0.0
 10
3303.819895667511
 20
10216.05096158875
 30
0.0
  0
SPLINE
  5
236AB
330
19
100
AcDbEntity
  8
≥ﬂ¥ÁòÀ◊¢
370
     9
100
AcDbSpline
210
0.0
220
0.0
230
0.0
 70
    24
 71
     3
 72
     8
 73
     4
 74
     0
 42
0.000000001
 43
0.0000000001
 40
0.0
 40
0.0
 40
0.0
 40
0.0
 40
1.0
 40
1.0
 40
1.0
 40
1.0
 10
3304.51778137475
 20
10216.74884729599
 30
0.0
 10
3304.51778137475
 20
10216.74884729599
 30
0.0
 10
3308.015919872993
 20
10220.24698579424
 30
0.0
 10
3308.015919872993
 20
10220.24698579424
 30
0.0
  0
SPLINE
  5
236AC
330
19
100
AcDbEntity
  8
≥ﬂ¥ÁòÀ◊¢
370
     9
100
AcDbSpline
210
0.0
220
0.0
230
1.0
 70
    11
 71
     3
 72
    28
 73
    24
 74
     0
 42
0.000000001
 43
0.0000000001
 40
0.0
 40
0.0
 40
0.0
 40
0.0
 40
0.1428571428571428
 40
0.1428571428571428
 40
0.1428571428571428
 40
0.1428571528571428
 40
0.2857142857142857
 40
0.2857142857142857
 40
0.2857142857142857
 40
0.2857142957142857
 40
0.428571428571429
 40
0.428571428571429
 40
0.428571428571429
 40
0.4285714385714289
 40
0.5714285714285714
 40
0.5714285714285714
 40
0.5714285714285714
 40
0.5714285814285715
 40
0.7142857142857145
 40
0.7142857142857145
 40
0.7142857142857145
 40
0.7142857242857146
 40
1.0
 40
1.0
 40
1.0
 40
1.0
 10
3308.71761618863
 20
10220.94868210987
 30
0.0
 10
3308.71761618863
 20
10220.94868210987
 30
0.0
 10
3308.996334973428
 20
10220.94868210987
 30
0.0
 10
3308.996334973428
 20
10220.94868210987
 30
0.0
 10
3308.996334973428
 20
10220.94868210987
 30
0.0
 10
3308.996334973428
 20
10221.10219519056
 30
0.0
 10
3308.871129269319
 20
10221.22794526729
 30
0.0
 10
3308.71761618863
 20
10221.22794526729
 30
0.0
 10
3308.71761618863
 20
10221.22794526729
 30
0.0
 10
3308.563558735321
 20
10221.22794526729
 30
0.0
 10
3308.438353031208
 20
10221.10219519056
 30
0.0
 10
3308.438353031208
 20
10220.94868210987
 30
0.0
 10
3308.438353031208
 20
10220.94868210987
 30
0.0
 10
3308.438353031208
 20
10220.79462465655
 30
0.0
 10
3308.563558735321
 20
10220.66941895245
 30
0.0
 10
3308.71761618863
 20
10220.66941895245
 30
0.0
 10
3308.71761618863
 20
10220.66941895245
 30
0.0
 10
3308.871129269319
 20
10220.66941895245
 30
0.0
 10
3308.996334973428
 20
10220.79462465655
 30
0.0
 10
3308.996334973428
 20
10220.94868210987
 30
0.0
 10
3308.996334973428
 20
10220.94868210987
 30
0.0
 10
3308.996334973428
 20
10220.94868210987
 30
0.0
 10
3308.71761618863
 20
10220.94868210987
 30
0.0
 10
3308.71761618863
 20
10220.94868210987
 30
0.0
  0
SPLINE
  5
236AD
330
19
100
AcDbEntity
  8
≥ﬂ¥ÁòÀ◊¢
370
     9
100
AcDbSpline
210
0.0
220
0.0
230
0.0
 70
    24
 71
     3
 72
     8
 73
     4
 74
     0
 42
0.000000001
 43
0.0000000001
 40
0.0
 40
0.0
 40
0.0
 40
0.0
 40
1.0
 40
1.0
 40
1.0
 40
1.0
 10
3299.684296823583
 20
10209.11892056219
 30
0.0
 10
3299.684296823583
 20
10209.11892056219
 30
0.0
 10
3302.068648927877
 20
10211.5032726665
 30
0.0
 10
3302.068648927877
 20
10211.5032726665
 30
0.0
  0
SPLINE
  5
236AE
330
19
100
AcDbEntity
  8
≥ﬂ¥ÁòÀ◊¢
370
     9
100
AcDbSpline
210
0.0
220
0.0
230
1.0
 70
    11
 71
     3
 72
    28
 73
    24
 74
     0
 42
0.000000001
 43
0.0000000001
 40
0.0
 40
0.0
 40
0.0
 40
0.0
 40
0.1428571428571428
 40
0.1428571428571428
 40
0.1428571428571428
 40
0.1428571528571428
 40
0.2857142857142857
 40
0.2857142857142857
 40
0.2857142857142857
 40
0.2857142957142857
 40
0.428571428571429
 40
0.428571428571429
 40
0.428571428571429
 40
0.4285714385714289
 40
0.5714285714285714
 40
0.5714285714285714
 40
0.5714285714285714
 40
0.5714285814285715
 40
0.7142857142857145
 40
0.7142857142857145
 40
0.7142857142857145
 40
0.7142857242857146
 40
1.0
 40
1.0
 40
1.0
 40
1.0
 10
3302.770345243501
 20
10212.202247119
 30
0.0
 10
3302.770345243501
 20
10212.202247119
 30
0.0
 10
3303.049608400947
 20
10212.202247119
 30
0.0
 10
3303.049608400947
 20
10212.202247119
 30
0.0
 10
3303.049608400947
 20
10212.202247119
 30
0.0
 10
3303.049608400947
 20
10212.35630457232
 30
0.0
 10
3302.924402696822
 20
10212.48151027642
 30
0.0
 10
3302.770345243501
 20
10212.48151027642
 30
0.0
 10
3302.770345243501
 20
10212.48151027642
 30
0.0
 10
3302.616832162835
 20
10212.48151027642
 30
0.0
 10
3302.491626458723
 20
10212.35630457232
 30
0.0
 10
3302.491626458723
 20
10212.202247119
 30
0.0
 10
3302.491626458723
 20
10212.202247119
 30
0.0
 10
3302.491626458723
 20
10212.04873403831
 30
0.0
 10
3302.616832162835
 20
10211.92352833421
 30
0.0
 10
3302.770345243501
 20
10211.92352833421
 30
0.0
 10
3302.770345243501
 20
10211.92352833421
 30
0.0
 10
3302.924402696822
 20
10211.92352833421
 30
0.0
 10
3303.049608400947
 20
10212.04873403831
 30
0.0
 10
3303.049608400947
 20
10212.202247119
 30
0.0
 10
3303.049608400947
 20
10212.202247119
 30
0.0
 10
3303.049608400947
 20
10212.202247119
 30
0.0
 10
3302.770345243501
 20
10212.202247119
 30
0.0
 10
3302.770345243501
 20
10212.202247119
 30
0.0
  0
SPLINE
  5
236AF
330
19
100
AcDbEntity
  8
≥ﬂ¥ÁòÀ◊¢
370
     9
100
AcDbSpline
210
0.0
220
0.0
230
0.0
 70
    24
 71
     3
 72
     8
 73
     4
 74
     0
 42
0.000000001
 43
0.0000000001
 40
0.0
 40
0.0
 40
0.0
 40
0.0
 40
1.0
 40
1.0
 40
1.0
 40
1.0
 10
3303.468775323381
 20
10212.90285468938
 30
0.0
 10
3303.468775323381
 20
10212.90285468938
 30
0.0
 10
3306.966369449004
 20
10216.40099318762
 30
0.0
 10
3306.966369449004
 20
10216.40099318762
 30
0.0
  0
SPLINE
  5
236B0
330
19
100
AcDbEntity
  8
≥ﬂ¥ÁòÀ◊¢
370
     9
100
AcDbSpline
210
0.0
220
0.0
230
1.0
 70
    11
 71
     3
 72
    28
 73
    24
 74
     0
 42
0.000000001
 43
0.0000000001
 40
0.0
 40
0.0
 40
0.0
 40
0.0
 40
0.1428571428571428
 40
0.1428571428571428
 40
0.1428571428571428
 40
0.1428571528571428
 40
0.2857142857142857
 40
0.2857142857142857
 40
0.2857142857142857
 40
0.2857142957142857
 40
0.428571428571429
 40
0.428571428571429
 40
0.428571428571429
 40
0.4285714385714289
 40
0.5714285714285714
 40
0.5714285714285714
 40
0.5714285714285714
 40
0.5714285814285715
 40
0.7142857142857145
 40
0.7142857142857145
 40
0.7142857142857145
 40
0.7142857242857146
 40
1.0
 40
1.0
 40
1.0
 40
1.0
 10
3307.665888274117
 20
10217.09996764012
 30
0.0
 10
3307.665888274117
 20
10217.09996764012
 30
0.0
 10
3307.944607058929
 20
10217.09996764012
 30
0.0
 10
3307.944607058929
 20
10217.09996764012
 30
0.0
 10
3307.944607058929
 20
10217.09996764012
 30
0.0
 10
3307.944607058929
 20
10217.25402509344
 30
0.0
 10
3307.819401354809
 20
10217.37923079754
 30
0.0
 10
3307.665888274117
 20
10217.37923079754
 30
0.0
 10
3307.665888274117
 20
10217.37923079754
 30
0.0
 10
3307.511830820825
 20
10217.37923079754
 30
0.0
 10
3307.386625116702
 20
10217.25402509344
 30
0.0
 10
3307.386625116702
 20
10217.09996764012
 30
0.0
 10
3307.386625116702
 20
10217.09996764012
 30
0.0
 10
3307.386625116702
 20
10216.94645455943
 30
0.0
 10
3307.511830820825
 20
10216.82124885533
 30
0.0
 10
3307.665888274117
 20
10216.82124885533
 30
0.0
 10
3307.665888274117
 20
10216.82124885533
 30
0.0
 10
3307.819401354809
 20
10216.82124885533
 30
0.0
 10
3307.944607058929
 20
10216.94645455943
 30
0.0
 10
3307.944607058929
 20
10217.09996764012
 30
0.0
 10
3307.944607058929
 20
10217.09996764012
 30
0.0
 10
3307.944607058929
 20
10217.09996764012
 30
0.0
 10
3307.665888274117
 20
10217.09996764012
 30
0.0
 10
3307.665888274117
 20
10217.09996764012
 30
0.0
  0
SPLINE
  5
236B1
330
19
100
AcDbEntity
  8
≥ﬂ¥ÁòÀ◊¢
370
     9
100
AcDbSpline
210
0.0
220
0.0
230
0.0
 70
    24
 71
     3
 72
     8
 73
     4
 74
     0
 42
0.000000001
 43
0.0000000001
 40
0.0
 40
0.0
 40
0.0
 40
0.0
 40
1.0
 40
1.0
 40
1.0
 40
1.0
 10
3308.366495844504
 20
10217.8005752105
 30
0.0
 10
3308.366495844504
 20
10217.8005752105
 30
0.0
 10
3311.864089970113
 20
10221.29871370875
 30
0.0
 10
3311.864089970113
 20
10221.29871370875
 30
0.0
  0
SPLINE
  5
236B2
330
19
100
AcDbEntity
  8
≥ﬂ¥ÁòÀ◊¢
370
     9
100
AcDbSpline
210
0.0
220
0.0
230
1.0
 70
    11
 71
     3
 72
    28
 73
    24
 74
     0
 42
0.000000001
 43
0.0000000001
 40
0.0
 40
0.0
 40
0.0
 40
0.0
 40
0.1428571428571428
 40
0.1428571428571428
 40
0.1428571428571428
 40
0.1428571528571428
 40
0.2857142857142857
 40
0.2857142857142857
 40
0.2857142857142857
 40
0.2857142957142857
 40
0.428571428571429
 40
0.428571428571429
 40
0.428571428571429
 40
0.4285714385714289
 40
0.5714285714285714
 40
0.5714285714285714
 40
0.5714285714285714
 40
0.5714285814285715
 40
0.7142857142857145
 40
0.7142857142857145
 40
0.7142857142857145
 40
0.7142857242857146
 40
1.0
 40
1.0
 40
1.0
 40
1.0
 10
3311.976230731183
 20
10221.40867697931
 30
0.0
 10
3311.976230731183
 20
10221.40867697931
 30
0.0
 10
3312.255493888617
 20
10221.40867697931
 30
0.0
 10
3312.255493888617
 20
10221.40867697931
 30
0.0
 10
3312.255493888617
 20
10221.40867697931
 30
0.0
 10
3312.255493888617
 20
10221.56219006
 30
0.0
 10
3312.130288184508
 20
10221.68794013673
 30
0.0
 10
3311.976230731183
 20
10221.68794013673
 30
0.0
 10
3311.976230731183
 20
10221.68794013673
 30
0.0
 10
3311.822717650517
 20
10221.68794013673
 30
0.0
 10
3311.697511946397
 20
10221.56219006
 30
0.0
 10
3311.697511946397
 20
10221.40867697931
 30
0.0
 10
3311.697511946397
 20
10221.40867697931
 30
0.0
 10
3311.697511946397
 20
10221.25516389862
 30
0.0
 10
3311.822717650517
 20
10221.12941382188
 30
0.0
 10
3311.976230731183
 20
10221.12941382188
 30
0.0
 10
3311.976230731183
 20
10221.12941382188
 30
0.0
 10
3312.130288184508
 20
10221.12941382188
 30
0.0
 10
3312.255493888617
 20
10221.25516389862
 30
0.0
 10
3312.255493888617
 20
10221.40867697931
 30
0.0
 10
3312.255493888617
 20
10221.40867697931
 30
0.0
 10
3312.255493888617
 20
10221.40867697931
 30
0.0
 10
3311.976230731183
 20
10221.40867697931
 30
0.0
 10
3311.976230731183
 20
10221.40867697931
 30
0.0
  0
SPLINE
  5
236B3
330
19
100
AcDbEntity
  8
≥ﬂ¥ÁòÀ◊¢
370
     9
100
AcDbSpline
210
0.0
220
0.0
230
0.0
 70
    24
 71
     3
 72
     8
 73
     4
 74
     0
 42
0.000000001
 43
0.0000000001
 40
0.0
 40
0.0
 40
0.0
 40
0.0
 40
1.0
 40
1.0
 40
1.0
 40
1.0
 10
3302.484005241949
 20
10209.11892056219
 30
0.0
 10
3302.484005241949
 20
10209.11892056219
 30
0.0
 10
3305.917363397635
 20
10212.55227871788
 30
0.0
 10
3305.917363397635
 20
10212.55227871788
 30
0.0
  0
SPLINE
  5
236B4
330
19
100
AcDbEntity
  8
≥ﬂ¥ÁòÀ◊¢
370
     9
100
AcDbSpline
210
0.0
220
0.0
230
1.0
 70
    11
 71
     3
 72
    28
 73
    24
 74
     0
 42
0.000000001
 43
0.0000000001
 40
0.0
 40
0.0
 40
0.0
 40
0.0
 40
0.1428571428571428
 40
0.1428571428571428
 40
0.1428571428571428
 40
0.1428571528571428
 40
0.2857142857142857
 40
0.2857142857142857
 40
0.2857142857142857
 40
0.2857142957142857
 40
0.428571428571429
 40
0.428571428571429
 40
0.428571428571429
 40
0.4285714385714289
 40
0.5714285714285714
 40
0.5714285714285714
 40
0.5714285714285714
 40
0.5714285814285715
 40
0.7142857142857145
 40
0.7142857142857145
 40
0.7142857142857145
 40
0.7142857242857146
 40
1.0
 40
1.0
 40
1.0
 40
1.0
 10
3306.619059713259
 20
10213.25397503351
 30
0.0
 10
3306.619059713259
 20
10213.25397503351
 30
0.0
 10
3306.898322870682
 20
10213.25397503351
 30
0.0
 10
3306.898322870682
 20
10213.25397503351
 30
0.0
 10
3306.898322870682
 20
10213.25397503351
 30
0.0
 10
3306.898322870682
 20
10213.40803248682
 30
0.0
 10
3306.773117166584
 20
10213.53323819093
 30
0.0
 10
3306.619059713259
 20
10213.53323819093
 30
0.0
 10
3306.619059713259
 20
10213.53323819093
 30
0.0
 10
3306.465546632571
 20
10213.53323819093
 30
0.0
 10
3306.340340928458
 20
10213.40803248682
 30
0.0
 10
3306.340340928458
 20
10213.25397503351
 30
0.0
 10
3306.340340928458
 20
10213.25397503351
 30
0.0
 10
3306.340340928458
 20
10213.10046195281
 30
0.0
 10
3306.465546632571
 20
10212.97471187608
 30
0.0
 10
3306.619059713259
 20
10212.97471187608
 30
0.0
 10
3306.619059713259
 20
10212.97471187608
 30
0.0
 10
3306.773117166584
 20
10212.97471187608
 30
0.0
 10
3306.898322870682
 20
10213.10046195281
 30
0.0
 10
3306.898322870682
 20
10213.25397503351
 30
0.0
 10
3306.898322870682
 20
10213.25397503351
 30
0.0
 10
3306.898322870682
 20
10213.25397503351
 30
0.0
 10
3306.619059713259
 20
10213.25397503351
 30
0.0
 10
3306.619059713259
 20
10213.25397503351
 30
0.0
  0
SPLINE
  5
236B5
330
19
100
AcDbEntity
  8
≥ﬂ¥ÁòÀ◊¢
370
     9
100
AcDbSpline
210
0.0
220
0.0
230
0.0
 70
    24
 71
     3
 72
     8
 73
     4
 74
     0
 42
0.000000001
 43
0.0000000001
 40
0.0
 40
0.0
 40
0.0
 40
0.0
 40
1.0
 40
1.0
 40
1.0
 40
1.0
 10
3307.316945420502
 20
10213.95186074075
 30
0.0
 10
3307.316945420502
 20
10213.95186074075
 30
0.0
 10
3310.815083918747
 20
10217.449999239
 30
0.0
 10
3310.815083918747
 20
10217.449999239
 30
0.0
  0
SPLINE
  5
236B6
330
19
100
AcDbEntity
  8
≥ﬂ¥ÁòÀ◊¢
370
     9
100
AcDbSpline
210
0.0
220
0.0
230
1.0
 70
    11
 71
     3
 72
    28
 73
    24
 74
     0
 42
0.000000001
 43
0.0000000001
 40
0.0
 40
0.0
 40
0.0
 40
0.0
 40
0.1428571428571428
 40
0.1428571428571428
 40
0.1428571428571428
 40
0.1428571528571428
 40
0.2857142857142857
 40
0.2857142857142857
 40
0.2857142857142857
 40
0.2857142957142857
 40
0.428571428571429
 40
0.428571428571429
 40
0.428571428571429
 40
0.4285714385714289
 40
0.5714285714285714
 40
0.5714285714285714
 40
0.5714285714285714
 40
0.5714285814285715
 40
0.7142857142857145
 40
0.7142857142857145
 40
0.7142857142857145
 40
0.7142857242857146
 40
1.0
 40
1.0
 40
1.0
 40
1.0
 10
3311.514602743871
 20
10218.1489736915
 30
0.0
 10
3311.514602743871
 20
10218.1489736915
 30
0.0
 10
3311.793321528661
 20
10218.1489736915
 30
0.0
 10
3311.793321528661
 20
10218.1489736915
 30
0.0
 10
3311.793321528661
 20
10218.1489736915
 30
0.0
 10
3311.793321528661
 20
10218.30303114481
 30
0.0
 10
3311.668115824563
 20
10218.42823684892
 30
0.0
 10
3311.514602743871
 20
10218.42823684892
 30
0.0
 10
3311.514602743871
 20
10218.42823684892
 30
0.0
 10
3311.360545290558
 20
10218.42823684892
 30
0.0
 10
3311.235339586448
 20
10218.30303114481
 30
0.0
 10
3311.235339586448
 20
10218.1489736915
 30
0.0
 10
3311.235339586448
 20
10218.1489736915
 30
0.0
 10
3311.235339586448
 20
10217.9954606108
 30
0.0
 10
3311.360545290558
 20
10217.8702549067
 30
0.0
 10
3311.514602743871
 20
10217.8702549067
 30
0.0
 10
3311.514602743871
 20
10217.8702549067
 30
0.0
 10
3311.668115824563
 20
10217.8702549067
 30
0.0
 10
3311.793321528661
 20
10217.9954606108
 30
0.0
 10
3311.793321528661
 20
10218.1489736915
 30
0.0
 10
3311.793321528661
 20
10218.1489736915
 30
0.0
 10
3311.793321528661
 20
10218.1489736915
 30
0.0
 10
3311.514602743871
 20
10218.1489736915
 30
0.0
 10
3311.514602743871
 20
10218.1489736915
 30
0.0
  0
SPLINE
  5
236B7
330
19
100
AcDbEntity
  8
≥ﬂ¥ÁòÀ◊¢
370
     9
100
AcDbSpline
210
0.0
220
0.0
230
0.0
 70
    24
 71
     3
 72
     8
 73
     4
 74
     0
 42
0.000000001
 43
0.0000000001
 40
0.0
 40
0.0
 40
0.0
 40
0.0
 40
1.0
 40
1.0
 40
1.0
 40
1.0
 10
3312.214665941621
 20
10218.84958126187
 30
0.0
 10
3312.214665941621
 20
10218.84958126187
 30
0.0
 10
3313.163507429701
 20
10219.79842274996
 30
0.0
 10
3313.163507429701
 20
10219.79842274996
 30
0.0
  0
SPLINE
  5
236B8
330
19
100
AcDbEntity
  8
≥ﬂ¥ÁòÀ◊¢
370
     9
100
AcDbSpline
210
0.0
220
0.0
230
1.0
 70
    11
 71
     3
 72
    28
 73
    24
 74
     0
 42
0.000000001
 43
0.0000000001
 40
0.0
 40
0.0
 40
0.0
 40
0.0
 40
0.1428571428571428
 40
0.1428571428571428
 40
0.1428571428571428
 40
0.1428571528571428
 40
0.2857142857142857
 40
0.2857142857142857
 40
0.2857142857142857
 40
0.2857142957142857
 40
0.428571428571429
 40
0.428571428571429
 40
0.428571428571429
 40
0.4285714385714289
 40
0.5714285714285714
 40
0.5714285714285714
 40
0.5714285714285714
 40
0.5714285814285715
 40
0.7142857142857145
 40
0.7142857142857145
 40
0.7142857142857145
 40
0.7142857242857146
 40
1.0
 40
1.0
 40
1.0
 40
1.0
 10
3305.567331798753
 20
10209.40526056376
 30
0.0
 10
3305.567331798753
 20
10209.40526056376
 30
0.0
 10
3305.846594956172
 20
10209.40526056376
 30
0.0
 10
3305.846594956172
 20
10209.40526056376
 30
0.0
 10
3305.846594956172
 20
10209.40526056376
 30
0.0
 10
3305.846594956172
 20
10209.55931801707
 30
0.0
 10
3305.721389252067
 20
10209.68452372118
 30
0.0
 10
3305.567331798753
 20
10209.68452372118
 30
0.0
 10
3305.567331798753
 20
10209.68452372118
 30
0.0
 10
3305.413818718065
 20
10209.68452372118
 30
0.0
 10
3305.288613013952
 20
10209.55931801707
 30
0.0
 10
3305.288613013952
 20
10209.40526056376
 30
0.0
 10
3305.288613013952
 20
10209.40526056376
 30
0.0
 10
3305.288613013952
 20
10209.25174748307
 30
0.0
 10
3305.413818718065
 20
10209.12654177896
 30
0.0
 10
3305.567331798753
 20
10209.12654177896
 30
0.0
 10
3305.567331798753
 20
10209.12654177896
 30
0.0
 10
3305.721389252067
 20
10209.12654177896
 30
0.0
 10
3305.846594956172
 20
10209.25174748307
 30
0.0
 10
3305.846594956172
 20
10209.40526056376
 30
0.0
 10
3305.846594956172
 20
10209.40526056376
 30
0.0
 10
3305.846594956172
 20
10209.40526056376
 30
0.0
 10
3305.567331798753
 20
10209.40526056376
 30
0.0
 10
3305.567331798753
 20
10209.40526056376
 30
0.0
  0
SPLINE
  5
236B9
330
19
100
AcDbEntity
  8
≥ﬂ¥ÁòÀ◊¢
370
     9
100
AcDbSpline
210
0.0
220
0.0
230
0.0
 70
    24
 71
     3
 72
     8
 73
     4
 74
     0
 42
0.000000001
 43
0.0000000001
 40
0.0
 40
0.0
 40
0.0
 40
0.0
 40
1.0
 40
1.0
 40
1.0
 40
1.0
 10
3306.267939369125
 20
10210.10369064363
 30
0.0
 10
3306.267939369125
 20
10210.10369064363
 30
0.0
 10
3309.766077867367
 20
10213.60128476925
 30
0.0
 10
3309.766077867367
 20
10213.60128476925
 30
0.0
  0
SPLINE
  5
236BA
330
19
100
AcDbEntity
  8
≥ﬂ¥ÁòÀ◊¢
370
     9
100
AcDbSpline
210
0.0
220
0.0
230
1.0
 70
    11
 71
     3
 72
    28
 73
    24
 74
     0
 42
0.000000001
 43
0.0000000001
 40
0.0
 40
0.0
 40
0.0
 40
0.0
 40
0.1428571428571428
 40
0.1428571428571428
 40
0.1428571428571428
 40
0.1428571528571428
 40
0.2857142857142857
 40
0.2857142857142857
 40
0.2857142857142857
 40
0.2857142957142857
 40
0.428571428571429
 40
0.428571428571429
 40
0.428571428571429
 40
0.4285714385714289
 40
0.5714285714285714
 40
0.5714285714285714
 40
0.5714285714285714
 40
0.5714285814285715
 40
0.7142857142857145
 40
0.7142857142857145
 40
0.7142857142857145
 40
0.7142857242857146
 40
1.0
 40
1.0
 40
1.0
 40
1.0
 10
3310.465052319883
 20
10214.30080359437
 30
0.0
 10
3310.465052319883
 20
10214.30080359437
 30
0.0
 10
3310.744315477299
 20
10214.30080359437
 30
0.0
 10
3310.744315477299
 20
10214.30080359437
 30
0.0
 10
3310.744315477299
 20
10214.30080359437
 30
0.0
 10
3310.744315477299
 20
10214.45431667506
 30
0.0
 10
3310.61910977319
 20
10214.57952237917
 30
0.0
 10
3310.465052319883
 20
10214.57952237917
 30
0.0
 10
3310.465052319883
 20
10214.57952237917
 30
0.0
 10
3310.311539239191
 20
10214.57952237917
 30
0.0
 10
3310.186333535078
 20
10214.45431667506
 30
0.0
 10
3310.186333535078
 20
10214.30080359437
 30
0.0
 10
3310.186333535078
 20
10214.30080359437
 30
0.0
 10
3310.186333535078
 20
10214.14674614106
 30
0.0
 10
3310.311539239191
 20
10214.02154043695
 30
0.0
 10
3310.465052319883
 20
10214.02154043695
 30
0.0
 10
3310.465052319883
 20
10214.02154043695
 30
0.0
 10
3310.61910977319
 20
10214.02154043695
 30
0.0
 10
3310.744315477299
 20
10214.14674614106
 30
0.0
 10
3310.744315477299
 20
10214.30080359437
 30
0.0
 10
3310.744315477299
 20
10214.30080359437
 30
0.0
 10
3310.744315477299
 20
10214.30080359437
 30
0.0
 10
3310.465052319883
 20
10214.30080359437
 30
0.0
 10
3310.465052319883
 20
10214.30080359437
 30
0.0
  0
SPLINE
  5
236BB
330
19
100
AcDbEntity
  8
≥ﬂ¥ÁòÀ◊¢
370
     9
100
AcDbSpline
210
0.0
220
0.0
230
0.0
 70
    24
 71
     3
 72
     8
 73
     4
 74
     0
 42
0.000000001
 43
0.0000000001
 40
0.0
 40
0.0
 40
0.0
 40
0.0
 40
1.0
 40
1.0
 40
1.0
 40
1.0
 10
3311.162938027119
 20
10215.00141116475
 30
0.0
 10
3311.162938027119
 20
10215.00141116475
 30
0.0
 10
3313.233187125908
 20
10217.07057151829
 30
0.0
 10
3313.233187125908
 20
10217.07057151829
 30
0.0
  0
SPLINE
  5
236BC
330
19
100
AcDbEntity
  8
≥ﬂ¥ÁòÀ◊¢
370
     9
100
AcDbSpline
210
0.0
220
0.0
230
0.0
 70
    24
 71
     3
 72
     8
 73
     4
 74
     0
 42
0.000000001
 43
0.0000000001
 40
0.0
 40
0.0
 40
0.0
 40
0.0
 40
1.0
 40
1.0
 40
1.0
 40
1.0
 10
3308.080155842937
 20
10209.11892056219
 30
0.0
 10
3308.080155842937
 20
10209.11892056219
 30
0.0
 10
3308.717071816005
 20
10209.75529216263
 30
0.0
 10
3308.717071816005
 20
10209.75529216263
 30
0.0
  0
SPLINE
  5
236BD
330
19
100
AcDbEntity
  8
≥ﬂ¥ÁòÀ◊¢
370
     9
100
AcDbSpline
210
0.0
220
0.0
230
1.0
 70
    11
 71
     3
 72
    28
 73
    24
 74
     0
 42
0.000000001
 43
0.0000000001
 40
0.0
 40
0.0
 40
0.0
 40
0.0
 40
0.1428571428571428
 40
0.1428571428571428
 40
0.1428571428571428
 40
0.1428571528571428
 40
0.2857142857142857
 40
0.2857142857142857
 40
0.2857142857142857
 40
0.2857142957142857
 40
0.428571428571429
 40
0.428571428571429
 40
0.428571428571429
 40
0.4285714385714289
 40
0.5714285714285714
 40
0.5714285714285714
 40
0.5714285714285714
 40
0.5714285814285715
 40
0.7142857142857145
 40
0.7142857142857145
 40
0.7142857142857145
 40
0.7142857242857146
 40
1.0
 40
1.0
 40
1.0
 40
1.0
 10
3309.416046268492
 20
10210.45481098776
 30
0.0
 10
3309.416046268492
 20
10210.45481098776
 30
0.0
 10
3309.695309425926
 20
10210.45481098776
 30
0.0
 10
3309.695309425926
 20
10210.45481098776
 30
0.0
 10
3309.695309425926
 20
10210.45481098776
 30
0.0
 10
3309.695309425926
 20
10210.60832406845
 30
0.0
 10
3309.570103721823
 20
10210.73352977255
 30
0.0
 10
3309.416046268492
 20
10210.73352977255
 30
0.0
 10
3309.416046268492
 20
10210.73352977255
 30
0.0
 10
3309.262533187811
 20
10210.73352977255
 30
0.0
 10
3309.136783111069
 20
10210.60832406845
 30
0.0
 10
3309.136783111069
 20
10210.45481098776
 30
0.0
 10
3309.136783111069
 20
10210.45481098776
 30
0.0
 10
3309.136783111069
 20
10210.30075353444
 30
0.0
 10
3309.262533187811
 20
10210.17554783034
 30
0.0
 10
3309.416046268492
 20
10210.17554783034
 30
0.0
 10
3309.416046268492
 20
10210.17554783034
 30
0.0
 10
3309.570103721823
 20
10210.17554783034
 30
0.0
 10
3309.695309425926
 20
10210.30075353444
 30
0.0
 10
3309.695309425926
 20
10210.45481098776
 30
0.0
 10
3309.695309425926
 20
10210.45481098776
 30
0.0
 10
3309.695309425926
 20
10210.45481098776
 30
0.0
 10
3309.416046268492
 20
10210.45481098776
 30
0.0
 10
3309.416046268492
 20
10210.45481098776
 30
0.0
  0
SPLINE
  5
236BE
330
19
100
AcDbEntity
  8
≥ﬂ¥ÁòÀ◊¢
370
     9
100
AcDbSpline
210
0.0
220
0.0
230
0.0
 70
    24
 71
     3
 72
     8
 73
     4
 74
     0
 42
0.000000001
 43
0.0000000001
 40
0.0
 40
0.0
 40
0.0
 40
0.0
 40
1.0
 40
1.0
 40
1.0
 40
1.0
 10
3310.116653838889
 20
10211.152696695
 30
0.0
 10
3310.116653838889
 20
10211.152696695
 30
0.0
 10
3313.233187125908
 20
10214.27086309991
 30
0.0
 10
3313.233187125908
 20
10214.27086309991
 30
0.0
  0
SPLINE
  5
236BF
330
19
100
AcDbEntity
  8
≥ﬂ¥ÁòÀ◊¢
370
     9
100
AcDbSpline
210
0.0
220
0.0
230
0.0
 70
    24
 71
     3
 72
     8
 73
     4
 74
     0
 42
0.000000001
 43
0.0000000001
 40
0.0
 40
0.0
 40
0.0
 40
0.0
 40
1.0
 40
1.0
 40
1.0
 40
1.0
 10
3310.8798642613
 20
10209.11892056219
 30
0.0
 10
3310.8798642613
 20
10209.11892056219
 30
0.0
 10
3312.565241913136
 20
10210.804298214
 30
0.0
 10
3312.565241913136
 20
10210.804298214
 30
0.0
  0
SPLINE
  5
236C0
330
19
100
AcDbEntity
  8
≥ﬂ¥ÁòÀ◊¢
370
     9
100
AcDbSpline
210
0.0
220
0.0
230
1.0
 70
    11
 71
     3
 72
    28
 73
    24
 74
     0
 42
0.000000001
 43
0.0000000001
 40
0.0
 40
0.0
 40
0.0
 40
0.0
 40
0.1428571428571428
 40
0.1428571428571428
 40
0.1428571428571428
 40
0.1428571528571428
 40
0.2857142857142857
 40
0.2857142857142857
 40
0.2857142857142857
 40
0.2857142957142857
 40
0.428571428571429
 40
0.428571428571429
 40
0.428571428571429
 40
0.4285714385714289
 40
0.5714285714285714
 40
0.5714285714285714
 40
0.5714285714285714
 40
0.5714285814285715
 40
0.7142857142857145
 40
0.7142857142857145
 40
0.7142857142857145
 40
0.7142857242857146
 40
1.0
 40
1.0
 40
1.0
 40
1.0
 10
3313.233731498538
 20
10211.47442091729
 30
0.0
 10
3313.233731498538
 20
10211.47442091729
 30
0.0
 10
3313.512450283331
 20
10211.47442091729
 30
0.0
 10
3313.512450283331
 20
10211.47442091729
 30
0.0
 10
3313.512450283331
 20
10211.47442091729
 30
0.0
 10
3313.512450283331
 20
10211.62847837061
 30
0.0
 10
3313.387244579222
 20
10211.75368407472
 30
0.0
 10
3313.233731498538
 20
10211.75368407472
 30
0.0
 10
3313.233731498538
 20
10211.75368407472
 30
0.0
 10
3313.079674045217
 20
10211.75368407472
 30
0.0
 10
3312.954468341118
 20
10211.62847837061
 30
0.0
 10
3312.954468341118
 20
10211.47442091729
 30
0.0
 10
3312.954468341118
 20
10211.47442091729
 30
0.0
 10
3312.954468341118
 20
10211.32090783661
 30
0.0
 10
3313.079674045217
 20
10211.1957021325
 30
0.0
 10
3313.233731498538
 20
10211.1957021325
 30
0.0
 10
3313.233731498538
 20
10211.1957021325
 30
0.0
 10
3313.387244579222
 20
10211.1957021325
 30
0.0
 10
3313.512450283331
 20
10211.32090783661
 30
0.0
 10
3313.512450283331
 20
10211.47442091729
 30
0.0
 10
3313.512450283331
 20
10211.47442091729
 30
0.0
 10
3313.512450283331
 20
10211.47442091729
 30
0.0
 10
3313.233731498538
 20
10211.47442091729
 30
0.0
 10
3313.233731498538
 20
10211.47442091729
 30
0.0
  0
SPLINE
  5
236C1
330
19
100
AcDbEntity
  8
≥ﬂ¥ÁòÀ◊¢
370
     9
100
AcDbSpline
210
0.0
220
0.0
230
0.0
 70
    24
 71
     3
 72
     8
 73
     4
 74
     0
 42
0.000000001
 43
0.0000000001
 40
0.0
 40
0.0
 40
0.0
 40
0.0
 40
1.0
 40
1.0
 40
1.0
 40
1.0
 10
3278.792908534255
 20
10208.93383386916
 30
0.0
 10
3278.792908534255
 20
10208.93383386916
 30
0.0
 10
3278.98017271778
 20
10209.1210980527
 30
0.0
 10
3278.98017271778
 20
10209.1210980527
 30
0.0
  0
SPLINE
  5
236C2
330
19
100
AcDbEntity
  8
≥ﬂ¥ÁòÀ◊¢
370
     9
100
AcDbSpline
210
0.0
220
0.0
230
0.0
 70
    24
 71
     3
 72
     8
 73
     4
 74
     0
 42
0.000000001
 43
0.0000000001
 40
0.0
 40
0.0
 40
0.0
 40
0.0
 40
1.0
 40
1.0
 40
1.0
 40
1.0
 10
3279.265968346717
 20
10206.04974769367
 30
0.0
 10
3279.265968346717
 20
10206.04974769367
 30
0.0
 10
3281.228431665455
 20
10208.00948914927
 30
0.0
 10
3281.228431665455
 20
10208.00948914927
 30
0.0
  0
SPLINE
  5
236C3
330
19
100
AcDbEntity
  8
≥ﬂ¥ÁòÀ◊¢
370
     9
100
AcDbSpline
210
0.0
220
0.0
230
0.0
 70
    24
 71
     3
 72
     8
 73
     4
 74
     0
 42
0.000000001
 43
0.0000000001
 40
0.0
 40
0.0
 40
0.0
 40
0.0
 40
1.0
 40
1.0
 40
1.0
 40
1.0
 10
3278.792908534255
 20
10207.81351500371
 30
0.0
 10
3278.792908534255
 20
10207.81351500371
 30
0.0
 10
3280.09885846535
 20
10209.1210980527
 30
0.0
 10
3280.09885846535
 20
10209.1210980527
 30
0.0
  0
SPLINE
  5
236C4
330
19
100
AcDbEntity
  8
≥ﬂ¥ÁòÀ◊¢
370
     9
100
AcDbSpline
210
0.0
220
0.0
230
0.0
 70
    24
 71
     3
 72
     8
 73
     4
 74
     0
 42
0.000000001
 43
0.0000000001
 40
0.0
 40
0.0
 40
0.0
 40
0.0
 40
1.0
 40
1.0
 40
1.0
 40
1.0
 10
3280.328583713755
 20
10205.99149982263
 30
0.0
 10
3280.328583713755
 20
10205.99149982263
 30
0.0
 10
3281.228431665455
 20
10206.89134777432
 30
0.0
 10
3281.228431665455
 20
10206.89134777432
 30
0.0
  0
SPLINE
  5
236C5
330
19
100
AcDbEntity
  8
≥ﬂ¥ÁòÀ◊¢
370
     9
100
AcDbSpline
210
0.0
220
0.0
230
0.0
 70
    24
 71
     3
 72
     8
 73
     4
 74
     0
 42
0.000000001
 43
0.0000000001
 40
0.0
 40
0.0
 40
0.0
 40
0.0
 40
1.0
 40
1.0
 40
1.0
 40
1.0
 10
3279.56537329133
 20
10216.42276809269
 30
0.0
 10
3279.56537329133
 20
10216.42276809269
 30
0.0
 10
3280.073817324526
 20
10216.93230087114
 30
0.0
 10
3280.073817324526
 20
10216.93230087114
 30
0.0
  0
SPLINE
  5
236C6
330
19
100
AcDbEntity
  8
≥ﬂ¥ÁòÀ◊¢
370
     9
100
AcDbSpline
210
0.0
220
0.0
230
0.0
 70
    24
 71
     3
 72
     8
 73
     4
 74
     0
 42
0.000000001
 43
0.0000000001
 40
0.0
 40
0.0
 40
0.0
 40
0.0
 40
1.0
 40
1.0
 40
1.0
 40
1.0
 10
3278.792908534255
 20
10212.29370172026
 30
0.0
 10
3278.792908534255
 20
10212.29370172026
 30
0.0
 10
3281.225709802332
 20
10214.72650298834
 30
0.0
 10
3281.225709802332
 20
10214.72650298834
 30
0.0
  0
SPLINE
  5
236C7
330
19
100
AcDbEntity
  8
≥ﬂ¥ÁòÀ◊¢
370
     9
100
AcDbSpline
210
0.0
220
0.0
230
0.0
 70
    24
 71
     3
 72
     8
 73
     4
 74
     0
 42
0.000000001
 43
0.0000000001
 40
0.0
 40
0.0
 40
0.0
 40
0.0
 40
1.0
 40
1.0
 40
1.0
 40
1.0
 10
3278.977995227269
 20
10209.1210980527
 30
0.0
 10
3278.977995227269
 20
10209.1210980527
 30
0.0
 10
3281.225709802332
 20
10211.36881262775
 30
0.0
 10
3281.225709802332
 20
10211.36881262775
 30
0.0
  0
SPLINE
  5
236C8
330
19
100
AcDbEntity
  8
≥ﬂ¥ÁòÀ◊¢
370
     9
100
AcDbSpline
210
0.0
220
0.0
230
0.0
 70
    24
 71
     3
 72
     8
 73
     4
 74
     0
 42
0.000000001
 43
0.0000000001
 40
0.0
 40
0.0
 40
0.0
 40
0.0
 40
1.0
 40
1.0
 40
1.0
 40
1.0
 10
3278.792908534255
 20
10214.53052884278
 30
0.0
 10
3278.792908534255
 20
10214.53052884278
 30
0.0
 10
3280.538711547604
 20
10216.27578748351
 30
0.0
 10
3280.538711547604
 20
10216.27578748351
 30
0.0
  0
SPLINE
  5
236C9
330
19
100
AcDbEntity
  8
≥ﬂ¥ÁòÀ◊¢
370
     9
100
AcDbSpline
210
0.0
220
0.0
230
0.0
 70
    24
 71
     3
 72
     8
 73
     4
 74
     0
 42
0.000000001
 43
0.0000000001
 40
0.0
 40
0.0
 40
0.0
 40
0.0
 40
1.0
 40
1.0
 40
1.0
 40
1.0
 10
3278.792908534255
 20
10211.17283848218
 30
0.0
 10
3278.792908534255
 20
10211.17283848218
 30
0.0
 10
3281.225709802332
 20
10213.60563975026
 30
0.0
 10
3281.225709802332
 20
10213.60563975026
 30
0.0
  0
SPLINE
  5
236CA
330
19
100
AcDbEntity
  8
≥ﬂ¥ÁòÀ◊¢
370
     9
100
AcDbSpline
210
0.0
220
0.0
230
0.0
 70
    24
 71
     3
 72
     8
 73
     4
 74
     0
 42
0.000000001
 43
0.0000000001
 40
0.0
 40
0.0
 40
0.0
 40
0.0
 40
1.0
 40
1.0
 40
1.0
 40
1.0
 10
3280.09885846535
 20
10209.1210980527
 30
0.0
 10
3280.09885846535
 20
10209.1210980527
 30
0.0
 10
3281.225709802332
 20
10210.24849376229
 30
0.0
 10
3281.225709802332
 20
10210.24849376229
 30
0.0
  0
SPLINE
  5
236CB
330
19
100
AcDbEntity
  8
≥ﬂ¥ÁòÀ◊¢
370
     9
100
AcDbSpline
210
0.0
220
0.0
230
0.0
 70
    24
 71
     3
 72
     8
 73
     4
 74
     0
 42
0.000000001
 43
0.0000000001
 40
0.0
 40
0.0
 40
0.0
 40
0.0
 40
1.0
 40
1.0
 40
1.0
 40
1.0
 10
3278.792908534255
 20
10205.57668788119
 30
0.0
 10
3278.792908534255
 20
10205.57668788119
 30
0.0
 10
3279.265968346717
 20
10206.04974769367
 30
0.0
 10
3279.265968346717
 20
10206.04974769367
 30
0.0
  0
SPLINE
  5
236CC
330
19
100
AcDbEntity
  8
≥ﬂ¥ÁòÀ◊¢
370
     9
100
AcDbSpline
210
0.0
220
0.0
230
0.0
 70
    24
 71
     3
 72
     8
 73
     4
 74
     0
 42
0.000000001
 43
0.0000000001
 40
0.0
 40
0.0
 40
0.0
 40
0.0
 40
1.0
 40
1.0
 40
1.0
 40
1.0
 10
3280.781501739049
 20
10204.2075907254
 30
0.0
 10
3280.781501739049
 20
10204.2075907254
 30
0.0
 10
3281.228431665455
 20
10204.65179878867
 30
0.0
 10
3281.228431665455
 20
10204.65179878867
 30
0.0
  0
SPLINE
  5
236CD
330
19
100
AcDbEntity
  8
≥ﬂ¥ÁòÀ◊¢
370
     9
100
AcDbSpline
210
0.0
220
0.0
230
0.0
 70
    24
 71
     3
 72
     8
 73
     4
 74
     0
 42
0.000000001
 43
0.0000000001
 40
0.0
 40
0.0
 40
0.0
 40
0.0
 40
1.0
 40
1.0
 40
1.0
 40
1.0
 10
3278.792908534255
 20
10204.45582464312
 30
0.0
 10
3278.792908534255
 20
10204.45582464312
 30
0.0
 10
3280.328583713755
 20
10205.99149982263
 30
0.0
 10
3280.328583713755
 20
10205.99149982263
 30
0.0
  0
SPLINE
  5
236CE
330
19
100
AcDbEntity
  8
≥ﬂ¥ÁòÀ◊¢
370
     9
100
AcDbSpline
210
0.0
220
0.0
230
0.0
 70
    24
 71
     3
 72
     8
 73
     4
 74
     0
 42
0.000000001
 43
0.0000000001
 40
0.0
 40
0.0
 40
0.0
 40
0.0
 40
1.0
 40
1.0
 40
1.0
 40
1.0
 10
3276.759132401443
 20
10203.54291174838
 30
0.0
 10
3276.759132401443
 20
10203.54291174838
 30
0.0
 10
3277.511455371332
 20
10204.29523471828
 30
0.0
 10
3277.511455371332
 20
10204.29523471828
 30
0.0
  0
SPLINE
  5
236CF
330
19
100
AcDbEntity
  8
≥ﬂ¥ÁòÀ◊¢
370
     9
100
AcDbSpline
210
0.0
220
0.0
230
0.0
 70
    24
 71
     3
 72
     8
 73
     4
 74
     0
 42
0.000000001
 43
0.0000000001
 40
0.0
 40
0.0
 40
0.0
 40
0.0
 40
1.0
 40
1.0
 40
1.0
 40
1.0
 10
3277.605087463096
 20
10203.26800357197
 30
0.0
 10
3277.605087463096
 20
10203.26800357197
 30
0.0
 10
3278.569171384722
 20
10204.23480935673
 30
0.0
 10
3278.569171384722
 20
10204.23480935673
 30
0.0
  0
SPLINE
  5
236D0
330
19
100
AcDbEntity
  8
≥ﬂ¥ÁòÀ◊¢
370
     9
100
AcDbSpline
210
0.0
220
0.0
230
0.0
 70
    24
 71
     3
 72
     8
 73
     4
 74
     0
 42
0.000000001
 43
0.0000000001
 40
0.0
 40
0.0
 40
0.0
 40
0.0
 40
1.0
 40
1.0
 40
1.0
 40
1.0
 10
3279.721608235148
 20
10203.1476972215
 30
0.0
 10
3279.721608235148
 20
10203.1476972215
 30
0.0
 10
3280.685692156785
 20
10204.11232551576
 30
0.0
 10
3280.685692156785
 20
10204.11232551576
 30
0.0
  0
SPLINE
  5
236D1
330
19
100
AcDbEntity
  8
≥ﬂ¥ÁòÀ◊¢
370
     9
100
AcDbSpline
210
0.0
220
0.0
230
0.0
 70
    24
 71
     3
 72
     8
 73
     4
 74
     0
 42
0.000000001
 43
0.0000000001
 40
0.0
 40
0.0
 40
0.0
 40
0.0
 40
1.0
 40
1.0
 40
1.0
 40
1.0
 10
3280.779324248545
 20
10203.08509436945
 30
0.0
 10
3280.779324248545
 20
10203.08509436945
 30
0.0
 10
3281.228431665455
 20
10203.53365741373
 30
0.0
 10
3281.228431665455
 20
10203.53365741373
 30
0.0
  0
SPLINE
  5
236D2
330
19
100
AcDbEntity
  8
≥ﬂ¥ÁòÀ◊¢
370
     9
100
AcDbSpline
210
0.0
220
0.0
230
0.0
 70
    24
 71
     3
 72
     8
 73
     4
 74
     0
 42
0.000000001
 43
0.0000000001
 40
0.0
 40
0.0
 40
0.0
 40
0.0
 40
1.0
 40
1.0
 40
1.0
 40
1.0
 10
3282.893667530086
 20
10202.96261052847
 30
0.0
 10
3282.893667530086
 20
10202.96261052847
 30
0.0
 10
3283.507719852841
 20
10203.5761184786
 30
0.0
 10
3283.507719852841
 20
10203.5761184786
 30
0.0
  0
SPLINE
  5
236D3
330
19
100
AcDbEntity
  8
≥ﬂ¥ÁòÀ◊¢
370
     9
100
AcDbSpline
210
0.0
220
0.0
230
0.0
 70
    24
 71
     3
 72
     8
 73
     4
 74
     0
 42
0.000000001
 43
0.0000000001
 40
0.0
 40
0.0
 40
0.0
 40
0.0
 40
1.0
 40
1.0
 40
1.0
 40
1.0
 10
3281.225709802332
 20
10203.53365741373
 30
0.0
 10
3281.225709802332
 20
10203.53365741373
 30
0.0
 10
3281.741230679668
 20
10204.04972266371
 30
0.0
 10
3281.741230679668
 20
10204.04972266371
 30
0.0
  0
SPLINE
  5
236D4
330
19
100
AcDbEntity
  8
≥ﬂ¥ÁòÀ◊¢
370
     9
100
AcDbSpline
210
0.0
220
0.0
230
0.0
 70
    24
 71
     3
 72
     8
 73
     4
 74
     0
 42
0.000000001
 43
0.0000000001
 40
0.0
 40
0.0
 40
0.0
 40
0.0
 40
1.0
 40
1.0
 40
1.0
 40
1.0
 10
3278.323659330151
 20
10201.75029268913
 30
0.0
 10
3278.323659330151
 20
10201.75029268913
 30
0.0
 10
3279.51583538231
 20
10202.94246874129
 30
0.0
 10
3279.51583538231
 20
10202.94246874129
 30
0.0
  0
SPLINE
  5
236D5
330
19
100
AcDbEntity
  8
≥ﬂ¥ÁòÀ◊¢
370
     9
100
AcDbSpline
210
0.0
220
0.0
230
0.0
 70
    24
 71
     3
 72
     8
 73
     4
 74
     0
 42
0.000000001
 43
0.0000000001
 40
0.0
 40
0.0
 40
0.0
 40
0.0
 40
1.0
 40
1.0
 40
1.0
 40
1.0
 10
3281.732520717655
 20
10201.80146371603
 30
0.0
 10
3281.732520717655
 20
10201.80146371603
 30
0.0
 10
3281.92413988219
 20
10201.9936272532
 30
0.0
 10
3281.92413988219
 20
10201.9936272532
 30
0.0
  0
SPLINE
  5
236D6
330
19
100
AcDbEntity
  8
≥ﬂ¥ÁòÀ◊¢
370
     9
100
AcDbSpline
210
0.0
220
0.0
230
0.0
 70
    24
 71
     3
 72
     8
 73
     4
 74
     0
 42
0.000000001
 43
0.0000000001
 40
0.0
 40
0.0
 40
0.0
 40
0.0
 40
1.0
 40
1.0
 40
1.0
 40
1.0
 10
3279.058562376001
 20
10201.36596561479
 30
0.0
 10
3279.058562376001
 20
10201.36596561479
 30
0.0
 10
3280.636698620386
 20
10202.94246874129
 30
0.0
 10
3280.636698620386
 20
10202.94246874129
 30
0.0
  0
SPLINE
  5
236D7
330
19
100
AcDbEntity
  8
≥ﬂ¥ÁòÀ◊¢
370
     9
100
AcDbSpline
210
0.0
220
0.0
230
1.0
 70
    11
 71
     3
 72
    16
 73
    12
 74
     0
 42
0.000000001
 43
0.0000000001
 40
0.0
 40
0.0
 40
0.0
 40
0.0
 40
0.25
 40
0.25
 40
0.25
 40
0.25000001
 40
0.5
 40
0.5
 40
0.5
 40
0.5000000100000001
 40
1.0
 40
1.0
 40
1.0
 40
1.0
 10
3287.902984439657
 20
10207.95831812237
 30
0.0
 10
3287.902984439657
 20
10207.95831812237
 30
0.0
 10
3286.20181998167
 20
10209.1210980527
 30
0.0
 10
3286.20181998167
 20
10209.1210980527
 30
0.0
 10
3286.20181998167
 20
10209.1210980527
 30
0.0
 10
3286.20181998167
 20
10209.1210980527
 30
0.0
 10
3287.902984439657
 20
10209.1210980527
 30
0.0
 10
3287.902984439657
 20
10209.1210980527
 30
0.0
 10
3287.902984439657
 20
10209.1210980527
 30
0.0
 10
3287.902984439657
 20
10209.1210980527
 30
0.0
 10
3287.902984439657
 20
10207.95831812237
 30
0.0
 10
3287.902984439657
 20
10207.95831812237
 30
0.0
  0
SPLINE
  5
236D8
330
19
100
AcDbEntity
  8
≥ﬂ¥ÁòÀ◊¢
370
     9
100
AcDbSpline
210
0.0
220
0.0
230
1.0
 70
    11
 71
     3
 72
    16
 73
    12
 74
     0
 42
0.000000001
 43
0.0000000001
 40
0.0
 40
0.0
 40
0.0
 40
0.0
 40
0.25
 40
0.25
 40
0.25
 40
0.25000001
 40
0.5
 40
0.5
 40
0.5
 40
0.5000000100000001
 40
1.0
 40
1.0
 40
1.0
 40
1.0
 10
3287.902984439657
 20
10207.95831812237
 30
0.0
 10
3287.902984439657
 20
10207.95831812237
 30
0.0
 10
3287.902984439657
 20
10209.1210980527
 30
0.0
 10
3287.902984439657
 20
10209.1210980527
 30
0.0
 10
3287.902984439657
 20
10209.1210980527
 30
0.0
 10
3287.902984439657
 20
10209.1210980527
 30
0.0
 10
3301.863964820295
 20
10207.95831812237
 30
0.0
 10
3301.863964820295
 20
10207.95831812237
 30
0.0
 10
3301.863964820295
 20
10207.95831812237
 30
0.0
 10
3301.863964820295
 20
10207.95831812237
 30
0.0
 10
3287.902984439657
 20
10207.95831812237
 30
0.0
 10
3287.902984439657
 20
10207.95831812237
 30
0.0
  0
SPLINE
  5
236D9
330
19
100
AcDbEntity
  8
≥ﬂ¥ÁòÀ◊¢
370
     9
100
AcDbSpline
210
0.0
220
0.0
230
1.0
 70
    11
 71
     3
 72
    16
 73
    12
 74
     0
 42
0.000000001
 43
0.0000000001
 40
0.0
 40
0.0
 40
0.0
 40
0.0
 40
0.25
 40
0.25
 40
0.25
 40
0.25000001
 40
0.5
 40
0.5
 40
0.5
 40
0.5000000100000001
 40
1.0
 40
1.0
 40
1.0
 40
1.0
 10
3301.863964820295
 20
10207.95831812237
 30
0.0
 10
3301.863964820295
 20
10207.95831812237
 30
0.0
 10
3287.902984439657
 20
10209.1210980527
 30
0.0
 10
3287.902984439657
 20
10209.1210980527
 30
0.0
 10
3287.902984439657
 20
10209.1210980527
 30
0.0
 10
3287.902984439657
 20
10209.1210980527
 30
0.0
 10
3301.863964820295
 20
10209.1210980527
 30
0.0
 10
3301.863964820295
 20
10209.1210980527
 30
0.0
 10
3301.863964820295
 20
10209.1210980527
 30
0.0
 10
3301.863964820295
 20
10209.1210980527
 30
0.0
 10
3301.863964820295
 20
10207.95831812237
 30
0.0
 10
3301.863964820295
 20
10207.95831812237
 30
0.0
  0
SPLINE
  5
236DA
330
19
100
AcDbEntity
  8
≥ﬂ¥ÁòÀ◊¢
370
     9
100
AcDbSpline
210
0.0
220
0.0
230
1.0
 70
    11
 71
     3
 72
    16
 73
    12
 74
     0
 42
0.000000001
 43
0.0000000001
 40
0.0
 40
0.0
 40
0.0
 40
0.0
 40
0.25
 40
0.25
 40
0.25
 40
0.25000001
 40
0.5
 40
0.5
 40
0.5
 40
0.5000000100000001
 40
1.0
 40
1.0
 40
1.0
 40
1.0
 10
3301.863964820295
 20
10207.95831812237
 30
0.0
 10
3301.863964820295
 20
10207.95831812237
 30
0.0
 10
3301.863964820295
 20
10209.1210980527
 30
0.0
 10
3301.863964820295
 20
10209.1210980527
 30
0.0
 10
3301.863964820295
 20
10209.1210980527
 30
0.0
 10
3301.863964820295
 20
10209.1210980527
 30
0.0
 10
3303.874877302794
 20
10207.67905496495
 30
0.0
 10
3303.874877302794
 20
10207.67905496495
 30
0.0
 10
3303.874877302794
 20
10207.67905496495
 30
0.0
 10
3303.874877302794
 20
10207.67905496495
 30
0.0
 10
3301.863964820295
 20
10207.95831812237
 30
0.0
 10
3301.863964820295
 20
10207.95831812237
 30
0.0
  0
SPLINE
  5
236DB
330
19
100
AcDbEntity
  8
≥ﬂ¥ÁòÀ◊¢
370
     9
100
AcDbSpline
210
0.0
220
0.0
230
1.0
 70
    11
 71
     3
 72
    16
 73
    12
 74
     0
 42
0.000000001
 43
0.0000000001
 40
0.0
 40
0.0
 40
0.0
 40
0.0
 40
0.25
 40
0.25
 40
0.25
 40
0.25000001
 40
0.5
 40
0.5
 40
0.5
 40
0.5000000100000001
 40
1.0
 40
1.0
 40
1.0
 40
1.0
 10
3303.874877302794
 20
10207.67905496495
 30
0.0
 10
3303.874877302794
 20
10207.67905496495
 30
0.0
 10
3301.863964820295
 20
10209.1210980527
 30
0.0
 10
3301.863964820295
 20
10209.1210980527
 30
0.0
 10
3301.863964820295
 20
10209.1210980527
 30
0.0
 10
3301.863964820295
 20
10209.1210980527
 30
0.0
 10
3303.874877302794
 20
10209.1210980527
 30
0.0
 10
3303.874877302794
 20
10209.1210980527
 30
0.0
 10
3303.874877302794
 20
10209.1210980527
 30
0.0
 10
3303.874877302794
 20
10209.1210980527
 30
0.0
 10
3303.874877302794
 20
10207.67905496495
 30
0.0
 10
3303.874877302794
 20
10207.67905496495
 30
0.0
  0
SPLINE
  5
236DC
330
19
100
AcDbEntity
  8
≥ﬂ¥ÁòÀ◊¢
370
     9
100
AcDbSpline
210
0.0
220
0.0
230
1.0
 70
    11
 71
     3
 72
    16
 73
    12
 74
     0
 42
0.000000001
 43
0.0000000001
 40
0.0
 40
0.0
 40
0.0
 40
0.0
 40
0.25
 40
0.25
 40
0.25
 40
0.25000001
 40
0.5
 40
0.5
 40
0.5
 40
0.5000000100000001
 40
1.0
 40
1.0
 40
1.0
 40
1.0
 10
3303.874877302794
 20
10207.67905496495
 30
0.0
 10
3303.874877302794
 20
10207.67905496495
 30
0.0
 10
3303.874877302794
 20
10209.1210980527
 30
0.0
 10
3303.874877302794
 20
10209.1210980527
 30
0.0
 10
3303.874877302794
 20
10209.1210980527
 30
0.0
 10
3303.874877302794
 20
10209.1210980527
 30
0.0
 10
3305.734454195099
 20
10206.86685100613
 30
0.0
 10
3305.734454195099
 20
10206.86685100613
 30
0.0
 10
3305.734454195099
 20
10206.86685100613
 30
0.0
 10
3305.734454195099
 20
10206.86685100613
 30
0.0
 10
3303.874877302794
 20
10207.67905496495
 30
0.0
 10
3303.874877302794
 20
10207.67905496495
 30
0.0
  0
SPLINE
  5
236DD
330
19
100
AcDbEntity
  8
≥ﬂ¥ÁòÀ◊¢
370
     9
100
AcDbSpline
210
0.0
220
0.0
230
1.0
 70
    11
 71
     3
 72
    16
 73
    12
 74
     0
 42
0.000000001
 43
0.0000000001
 40
0.0
 40
0.0
 40
0.0
 40
0.0
 40
0.25
 40
0.25
 40
0.25
 40
0.25000001
 40
0.5
 40
0.5
 40
0.5
 40
0.5000000100000001
 40
1.0
 40
1.0
 40
1.0
 40
1.0
 10
3305.734454195099
 20
10206.86685100613
 30
0.0
 10
3305.734454195099
 20
10206.86685100613
 30
0.0
 10
3303.874877302794
 20
10209.1210980527
 30
0.0
 10
3303.874877302794
 20
10209.1210980527
 30
0.0
 10
3303.874877302794
 20
10209.1210980527
 30
0.0
 10
3303.874877302794
 20
10209.1210980527
 30
0.0
 10
3305.734454195099
 20
10209.1210980527
 30
0.0
 10
3305.734454195099
 20
10209.1210980527
 30
0.0
 10
3305.734454195099
 20
10209.1210980527
 30
0.0
 10
3305.734454195099
 20
10209.1210980527
 30
0.0
 10
3305.734454195099
 20
10206.86685100613
 30
0.0
 10
3305.734454195099
 20
10206.86685100613
 30
0.0
  0
SPLINE
  5
236DE
330
19
100
AcDbEntity
  8
≥ﬂ¥ÁòÀ◊¢
370
     9
100
AcDbSpline
210
0.0
220
0.0
230
1.0
 70
    11
 71
     3
 72
    16
 73
    12
 74
     0
 42
0.000000001
 43
0.0000000001
 40
0.0
 40
0.0
 40
0.0
 40
0.0
 40
0.25
 40
0.25
 40
0.25
 40
0.25000001
 40
0.5
 40
0.5
 40
0.5
 40
0.5000000100000001
 40
1.0
 40
1.0
 40
1.0
 40
1.0
 10
3305.734454195099
 20
10206.86685100613
 30
0.0
 10
3305.734454195099
 20
10206.86685100613
 30
0.0
 10
3305.734454195099
 20
10209.1210980527
 30
0.0
 10
3305.734454195099
 20
10209.1210980527
 30
0.0
 10
3305.734454195099
 20
10209.1210980527
 30
0.0
 10
3305.734454195099
 20
10209.1210980527
 30
0.0
 10
3307.303880477469
 20
10205.58104286221
 30
0.0
 10
3307.303880477469
 20
10205.58104286221
 30
0.0
 10
3307.303880477469
 20
10205.58104286221
 30
0.0
 10
3307.303880477469
 20
10205.58104286221
 30
0.0
 10
3305.734454195099
 20
10206.86685100613
 30
0.0
 10
3305.734454195099
 20
10206.86685100613
 30
0.0
  0
SPLINE
  5
236DF
330
19
100
AcDbEntity
  8
≥ﬂ¥ÁòÀ◊¢
370
     9
100
AcDbSpline
210
0.0
220
0.0
230
1.0
 70
    11
 71
     3
 72
    16
 73
    12
 74
     0
 42
0.000000001
 43
0.0000000001
 40
0.0
 40
0.0
 40
0.0
 40
0.0
 40
0.25
 40
0.25
 40
0.25
 40
0.25000001
 40
0.5
 40
0.5
 40
0.5
 40
0.5000000100000001
 40
1.0
 40
1.0
 40
1.0
 40
1.0
 10
3307.303880477469
 20
10205.58104286221
 30
0.0
 10
3307.303880477469
 20
10205.58104286221
 30
0.0
 10
3305.734454195099
 20
10209.1210980527
 30
0.0
 10
3305.734454195099
 20
10209.1210980527
 30
0.0
 10
3305.734454195099
 20
10209.1210980527
 30
0.0
 10
3305.734454195099
 20
10209.1210980527
 30
0.0
 10
3307.303880477469
 20
10209.1210980527
 30
0.0
 10
3307.303880477469
 20
10209.1210980527
 30
0.0
 10
3307.303880477469
 20
10209.1210980527
 30
0.0
 10
3307.303880477469
 20
10209.1210980527
 30
0.0
 10
3307.303880477469
 20
10205.58104286221
 30
0.0
 10
3307.303880477469
 20
10205.58104286221
 30
0.0
  0
SPLINE
  5
236E0
330
19
100
AcDbEntity
  8
≥ﬂ¥ÁòÀ◊¢
370
     9
100
AcDbSpline
210
0.0
220
0.0
230
1.0
 70
    11
 71
     3
 72
    16
 73
    12
 74
     0
 42
0.000000001
 43
0.0000000001
 40
0.0
 40
0.0
 40
0.0
 40
0.0
 40
0.25
 40
0.25
 40
0.25
 40
0.25000001
 40
0.5
 40
0.5
 40
0.5
 40
0.5000000100000001
 40
1.0
 40
1.0
 40
1.0
 40
1.0
 10
3307.303880477469
 20
10205.58104286221
 30
0.0
 10
3307.303880477469
 20
10205.58104286221
 30
0.0
 10
3307.303880477469
 20
10209.1210980527
 30
0.0
 10
3307.303880477469
 20
10209.1210980527
 30
0.0
 10
3307.303880477469
 20
10209.1210980527
 30
0.0
 10
3307.303880477469
 20
10209.1210980527
 30
0.0
 10
3308.466660407797
 20
10203.91526262494
 30
0.0
 10
3308.466660407797
 20
10203.91526262494
 30
0.0
 10
3308.466660407797
 20
10203.91526262494
 30
0.0
 10
3308.466660407797
 20
10203.91526262494
 30
0.0
 10
3307.303880477469
 20
10205.58104286221
 30
0.0
 10
3307.303880477469
 20
10205.58104286221
 30
0.0
  0
SPLINE
  5
236E1
330
19
100
AcDbEntity
  8
≥ﬂ¥ÁòÀ◊¢
370
     9
100
AcDbSpline
210
0.0
220
0.0
230
1.0
 70
    11
 71
     3
 72
    16
 73
    12
 74
     0
 42
0.000000001
 43
0.0000000001
 40
0.0
 40
0.0
 40
0.0
 40
0.0
 40
0.25
 40
0.25
 40
0.25
 40
0.25000001
 40
0.5
 40
0.5
 40
0.5
 40
0.5000000100000001
 40
1.0
 40
1.0
 40
1.0
 40
1.0
 10
3308.466660407797
 20
10203.91526262494
 30
0.0
 10
3308.466660407797
 20
10203.91526262494
 30
0.0
 10
3307.303880477469
 20
10209.1210980527
 30
0.0
 10
3307.303880477469
 20
10209.1210980527
 30
0.0
 10
3307.303880477469
 20
10209.1210980527
 30
0.0
 10
3307.303880477469
 20
10209.1210980527
 30
0.0
 10
3308.466660407797
 20
10209.1210980527
 30
0.0
 10
3308.466660407797
 20
10209.1210980527
 30
0.0
 10
3308.466660407797
 20
10209.1210980527
 30
0.0
 10
3308.466660407797
 20
10209.1210980527
 30
0.0
 10
3308.466660407797
 20
10203.91526262494
 30
0.0
 10
3308.466660407797
 20
10203.91526262494
 30
0.0
  0
SPLINE
  5
236E2
330
19
100
AcDbEntity
  8
≥ﬂ¥ÁòÀ◊¢
370
     9
100
AcDbSpline
210
0.0
220
0.0
230
1.0
 70
    11
 71
     3
 72
    16
 73
    12
 74
     0
 42
0.000000001
 43
0.0000000001
 40
0.0
 40
0.0
 40
0.0
 40
0.0
 40
0.25
 40
0.25
 40
0.25
 40
0.25000001
 40
0.5
 40
0.5
 40
0.5
 40
0.5000000100000001
 40
1.0
 40
1.0
 40
1.0
 40
1.0
 10
3308.466660407797
 20
10203.91526262494
 30
0.0
 10
3308.466660407797
 20
10203.91526262494
 30
0.0
 10
3308.466660407797
 20
10209.1210980527
 30
0.0
 10
3308.466660407797
 20
10209.1210980527
 30
0.0
 10
3308.466660407797
 20
10209.1210980527
 30
0.0
 10
3308.466660407797
 20
10209.1210980527
 30
0.0
 10
3309.13188375744
 20
10201.99798223422
 30
0.0
 10
3309.13188375744
 20
10201.99798223422
 30
0.0
 10
3309.13188375744
 20
10201.99798223422
 30
0.0
 10
3309.13188375744
 20
10201.99798223422
 30
0.0
 10
3308.466660407797
 20
10203.91526262494
 30
0.0
 10
3308.466660407797
 20
10203.91526262494
 30
0.0
  0
SPLINE
  5
236E3
330
19
100
AcDbEntity
  8
≥ﬂ¥ÁòÀ◊¢
370
     9
100
AcDbSpline
210
0.0
220
0.0
230
1.0
 70
    11
 71
     3
 72
    16
 73
    12
 74
     0
 42
0.000000001
 43
0.0000000001
 40
0.0
 40
0.0
 40
0.0
 40
0.0
 40
0.25
 40
0.25
 40
0.25
 40
0.25000001
 40
0.5
 40
0.5
 40
0.5
 40
0.5000000100000001
 40
1.0
 40
1.0
 40
1.0
 40
1.0
 10
3309.13188375744
 20
10201.99798223422
 30
0.0
 10
3309.13188375744
 20
10201.99798223422
 30
0.0
 10
3308.466660407797
 20
10209.1210980527
 30
0.0
 10
3308.466660407797
 20
10209.1210980527
 30
0.0
 10
3308.466660407797
 20
10209.1210980527
 30
0.0
 10
3308.466660407797
 20
10209.1210980527
 30
0.0
 10
3309.13188375744
 20
10209.1210980527
 30
0.0
 10
3309.13188375744
 20
10209.1210980527
 30
0.0
 10
3309.13188375744
 20
10209.1210980527
 30
0.0
 10
3309.13188375744
 20
10209.1210980527
 30
0.0
 10
3309.13188375744
 20
10201.99798223422
 30
0.0
 10
3309.13188375744
 20
10201.99798223422
 30
0.0
  0
SPLINE
  5
236E4
330
19
100
AcDbEntity
  8
≥ﬂ¥ÁòÀ◊¢
370
     9
100
AcDbSpline
210
0.0
220
0.0
230
1.0
 70
    11
 71
     3
 72
    16
 73
    12
 74
     0
 42
0.000000001
 43
0.0000000001
 40
0.0
 40
0.0
 40
0.0
 40
0.0
 40
0.25
 40
0.25
 40
0.25
 40
0.25000001
 40
0.5
 40
0.5
 40
0.5
 40
0.5000000100000001
 40
1.0
 40
1.0
 40
1.0
 40
1.0
 10
3309.13188375744
 20
10201.99798223422
 30
0.0
 10
3309.13188375744
 20
10201.99798223422
 30
0.0
 10
3309.13188375744
 20
10209.1210980527
 30
0.0
 10
3309.13188375744
 20
10209.1210980527
 30
0.0
 10
3309.13188375744
 20
10209.1210980527
 30
0.0
 10
3309.13188375744
 20
10209.1210980527
 30
0.0
 10
3309.910880986048
 20
10204.68119491051
 30
0.0
 10
3309.910880986048
 20
10204.68119491051
 30
0.0
 10
3309.910880986048
 20
10204.68119491051
 30
0.0
 10
3309.910880986048
 20
10204.68119491051
 30
0.0
 10
3309.13188375744
 20
10201.99798223422
 30
0.0
 10
3309.13188375744
 20
10201.99798223422
 30
0.0
  0
SPLINE
  5
236E5
330
19
100
AcDbEntity
  8
≥ﬂ¥ÁòÀ◊¢
370
     9
100
AcDbSpline
210
0.0
220
0.0
230
1.0
 70
    11
 71
     3
 72
    16
 73
    12
 74
     0
 42
0.000000001
 43
0.0000000001
 40
0.0
 40
0.0
 40
0.0
 40
0.0
 40
0.25
 40
0.25
 40
0.25
 40
0.25000001
 40
0.5
 40
0.5
 40
0.5
 40
0.5000000100000001
 40
1.0
 40
1.0
 40
1.0
 40
1.0
 10
3309.910880986048
 20
10204.68119491051
 30
0.0
 10
3309.910880986048
 20
10204.68119491051
 30
0.0
 10
3309.13188375744
 20
10209.1210980527
 30
0.0
 10
3309.13188375744
 20
10209.1210980527
 30
0.0
 10
3309.13188375744
 20
10209.1210980527
 30
0.0
 10
3309.13188375744
 20
10209.1210980527
 30
0.0
 10
3309.910880986048
 20
10209.1210980527
 30
0.0
 10
3309.910880986048
 20
10209.1210980527
 30
0.0
 10
3309.910880986048
 20
10209.1210980527
 30
0.0
 10
3309.910880986048
 20
10209.1210980527
 30
0.0
 10
3309.910880986048
 20
10204.68119491051
 30
0.0
 10
3309.910880986048
 20
10204.68119491051
 30
0.0
  0
SPLINE
  5
236E6
330
19
100
AcDbEntity
  8
≥ﬂ¥ÁòÀ◊¢
370
     9
100
AcDbSpline
210
0.0
220
0.0
230
1.0
 70
    11
 71
     3
 72
    16
 73
    12
 74
     0
 42
0.000000001
 43
0.0000000001
 40
0.0
 40
0.0
 40
0.0
 40
0.0
 40
0.25
 40
0.25
 40
0.25
 40
0.25000001
 40
0.5
 40
0.5
 40
0.5
 40
0.5000000100000001
 40
1.0
 40
1.0
 40
1.0
 40
1.0
 10
3309.910880986048
 20
10204.68119491051
 30
0.0
 10
3309.910880986048
 20
10204.68119491051
 30
0.0
 10
3309.910880986048
 20
10209.1210980527
 30
0.0
 10
3309.910880986048
 20
10209.1210980527
 30
0.0
 10
3309.910880986048
 20
10209.1210980527
 30
0.0
 10
3309.910880986048
 20
10209.1210980527
 30
0.0
 10
3311.306108027911
 20
10207.10093123555
 30
0.0
 10
3311.306108027911
 20
10207.10093123555
 30
0.0
 10
3311.306108027911
 20
10207.10093123555
 30
0.0
 10
3311.306108027911
 20
10207.10093123555
 30
0.0
 10
3309.910880986048
 20
10204.68119491051
 30
0.0
 10
3309.910880986048
 20
10204.68119491051
 30
0.0
  0
SPLINE
  5
236E7
330
19
100
AcDbEntity
  8
≥ﬂ¥ÁòÀ◊¢
370
     9
100
AcDbSpline
210
0.0
220
0.0
230
1.0
 70
    11
 71
     3
 72
    16
 73
    12
 74
     0
 42
0.000000001
 43
0.0000000001
 40
0.0
 40
0.0
 40
0.0
 40
0.0
 40
0.25
 40
0.25
 40
0.25
 40
0.25000001
 40
0.5
 40
0.5
 40
0.5
 40
0.5000000100000001
 40
1.0
 40
1.0
 40
1.0
 40
1.0
 10
3311.306108027911
 20
10207.10093123555
 30
0.0
 10
3311.306108027911
 20
10207.10093123555
 30
0.0
 10
3309.910880986048
 20
10209.1210980527
 30
0.0
 10
3309.910880986048
 20
10209.1210980527
 30
0.0
 10
3309.910880986048
 20
10209.1210980527
 30
0.0
 10
3309.910880986048
 20
10209.1210980527
 30
0.0
 10
3311.306108027911
 20
10209.1210980527
 30
0.0
 10
3311.306108027911
 20
10209.1210980527
 30
0.0
 10
3311.306108027911
 20
10209.1210980527
 30
0.0
 10
3311.306108027911
 20
10209.1210980527
 30
0.0
 10
3311.306108027911
 20
10207.10093123555
 30
0.0
 10
3311.306108027911
 20
10207.10093123555
 30
0.0
  0
SPLINE
  5
236E8
330
19
100
AcDbEntity
  8
≥ﬂ¥ÁòÀ◊¢
370
     9
100
AcDbSpline
210
0.0
220
0.0
230
1.0
 70
    11
 71
     3
 72
    16
 73
    12
 74
     0
 42
0.000000001
 43
0.0000000001
 40
0.0
 40
0.0
 40
0.0
 40
0.0
 40
0.25
 40
0.25
 40
0.25
 40
0.25000001
 40
0.5
 40
0.5
 40
0.5
 40
0.5000000100000001
 40
1.0
 40
1.0
 40
1.0
 40
1.0
 10
3311.306108027911
 20
10207.10093123555
 30
0.0
 10
3311.306108027911
 20
10207.10093123555
 30
0.0
 10
3311.306108027911
 20
10209.1210980527
 30
0.0
 10
3311.306108027911
 20
10209.1210980527
 30
0.0
 10
3311.306108027911
 20
10209.1210980527
 30
0.0
 10
3311.306108027911
 20
10209.1210980527
 30
0.0
 10
3313.234820243782
 20
10209.1210980527
 30
0.0
 10
3313.234820243782
 20
10209.1210980527
 30
0.0
 10
3313.234820243782
 20
10209.1210980527
 30
0.0
 10
3313.234820243782
 20
10209.1210980527
 30
0.0
 10
3311.306108027911
 20
10207.10093123555
 30
0.0
 10
3311.306108027911
 20
10207.10093123555
 30
0.0
  0
SPLINE
  5
236E9
330
19
100
AcDbEntity
  8
≥ﬂ¥ÁòÀ◊¢
370
     9
100
AcDbSpline
210
0.0
220
0.0
230
1.0
 70
    11
 71
     3
 72
    16
 73
    12
 74
     0
 42
0.000000001
 43
0.0000000001
 40
0.0
 40
0.0
 40
0.0
 40
0.0
 40
0.25
 40
0.25
 40
0.25
 40
0.25000001
 40
0.5
 40
0.5
 40
0.5
 40
0.5000000100000001
 40
1.0
 40
1.0
 40
1.0
 40
1.0
 10
3309.275053758221
 20
10194.22053051862
 30
0.0
 10
3309.275053758221
 20
10194.22053051862
 30
0.0
 10
3306.073598341448
 20
10194.7142764909
 30
0.0
 10
3306.073598341448
 20
10194.7142764909
 30
0.0
 10
3306.073598341448
 20
10194.7142764909
 30
0.0
 10
3306.073598341448
 20
10194.7142764909
 30
0.0
 10
3306.073598341448
 20
10193.72732891896
 30
0.0
 10
3306.073598341448
 20
10193.72732891896
 30
0.0
 10
3306.073598341448
 20
10193.72732891896
 30
0.0
 10
3306.073598341448
 20
10193.72732891896
 30
0.0
 10
3309.275053758221
 20
10194.22053051862
 30
0.0
 10
3309.275053758221
 20
10194.22053051862
 30
0.0
  0
SPLINE
  5
236EA
330
19
100
AcDbEntity
  8
≥ﬂ¥ÁòÀ◊¢
370
     9
100
AcDbSpline
210
0.0
220
0.0
230
1.0
 70
    11
 71
     3
 72
    16
 73
    12
 74
     0
 42
0.000000001
 43
0.0000000001
 40
0.0
 40
0.0
 40
0.0
 40
0.0
 40
0.25
 40
0.25
 40
0.25
 40
0.25000001
 40
0.5
 40
0.5
 40
0.5
 40
0.5000000100000001
 40
1.0
 40
1.0
 40
1.0
 40
1.0
 10
3313.233187125908
 20
10194.22053051862
 30
0.0
 10
3313.233187125908
 20
10194.22053051862
 30
0.0
 10
3316.433553797433
 20
10193.72732891896
 30
0.0
 10
3316.433553797433
 20
10193.72732891896
 30
0.0
 10
3316.433553797433
 20
10193.72732891896
 30
0.0
 10
3316.433553797433
 20
10193.72732891896
 30
0.0
 10
3316.433553797433
 20
10194.7142764909
 30
0.0
 10
3316.433553797433
 20
10194.7142764909
 30
0.0
 10
3316.433553797433
 20
10194.7142764909
 30
0.0
 10
3316.433553797433
 20
10194.7142764909
 30
0.0
 10
3313.233187125908
 20
10194.22053051862
 30
0.0
 10
3313.233187125908
 20
10194.22053051862
 30
0.0
  0
SPLINE
  5
236EB
330
19
100
AcDbEntity
  8
≥ﬂ¥ÁòÀ◊¢
370
     9
100
AcDbSpline
210
0.0
220
0.0
230
0.0
 70
    24
 71
     3
 72
     8
 73
     4
 74
     0
 42
0.000000001
 43
0.0000000001
 40
0.0
 40
0.0
 40
0.0
 40
0.0
 40
1.0
 40
1.0
 40
1.0
 40
1.0
 10
3296.974954261193
 20
10193.38600728211
 30
0.0
 10
3296.974954261193
 20
10193.38600728211
 30
0.0
 10
3300.020174734152
 20
10193.38600728211
 30
0.0
 10
3300.020174734152
 20
10193.38600728211
 30
0.0
  0
SPLINE
  5
236EC
330
19
100
AcDbEntity
  8
≥ﬂ¥ÁòÀ◊¢
370
     9
100
AcDbSpline
210
0.0
220
0.0
230
0.0
 70
    24
 71
     3
 72
     8
 73
     4
 74
     0
 42
0.000000001
 43
0.0000000001
 40
0.0
 40
0.0
 40
0.0
 40
0.0
 40
1.0
 40
1.0
 40
1.0
 40
1.0
 10
3313.233187125908
 20
10207.53425184629
 30
0.0
 10
3313.233187125908
 20
10207.53425184629
 30
0.0
 10
3313.233187125908
 20
10190.26239715093
 30
0.0
 10
3313.233187125908
 20
10190.26239715093
 30
0.0
  0
SPLINE
  5
236ED
330
19
100
AcDbEntity
  8
≥ﬂ¥ÁòÀ◊¢
370
     9
100
AcDbSpline
210
0.0
220
0.0
230
0.0
 70
    24
 71
     3
 72
     8
 73
     4
 74
     0
 42
0.000000001
 43
0.0000000001
 40
0.0
 40
0.0
 40
0.0
 40
0.0
 40
1.0
 40
1.0
 40
1.0
 40
1.0
 10
3309.275053758221
 20
10194.22053051862
 30
0.0
 10
3309.275053758221
 20
10194.22053051862
 30
0.0
 10
3302.923858324211
 20
10194.22053051862
 30
0.0
 10
3302.923858324211
 20
10194.22053051862
 30
0.0
  0
SPLINE
  5
236EE
330
19
100
AcDbEntity
  8
≥ﬂ¥ÁòÀ◊¢
370
     9
100
AcDbSpline
210
0.0
220
0.0
230
0.0
 70
    24
 71
     3
 72
     8
 73
     4
 74
     0
 42
0.000000001
 43
0.0000000001
 40
0.0
 40
0.0
 40
0.0
 40
0.0
 40
1.0
 40
1.0
 40
1.0
 40
1.0
 10
3313.233187125908
 20
10194.22053051862
 30
0.0
 10
3313.233187125908
 20
10194.22053051862
 30
0.0
 10
3319.389497159627
 20
10194.22053051862
 30
0.0
 10
3319.389497159627
 20
10194.22053051862
 30
0.0
  0
TEXT
  5
236EF
330
19
100
AcDbEntity
  8
≥ﬂ¥ÁòÀ◊¢
370
     9
100
AcDbText
 10
3296.921911394016
 20
10194.04922907813
 30
0.0
 40
3.375066734834543
  1
1
  7
0
100
AcDbText
  0
TEXT
  5
236F0
330
19
100
AcDbEntity
  8
≥ﬂ¥ÁòÀ◊¢
370
     9
100
AcDbText
 10
3296.931286645238
 20
10189.32832131705
 30
0.0
 40
3.375066734834543
  1
4
  7
0
100
AcDbText
  0
TEXT
  5
236F1
330
19
100
AcDbEntity
  8
≥ﬂ¥ÁòÀ◊¢
370
     9
100
AcDbText
 10
3300.187556195327
 20
10194.31085569015
 30
0.0
 40
1.704975066372112
  1
"
 41
1.979076343072556
  7
0
100
AcDbText
  0
MTEXT
  5
236F2
330
19
100
AcDbEntity
  8
≥ﬂ¥ÁòÀ◊¢
100
AcDbMText
 10
3257.762584868189
 20
10237.53704380516
 30
0.0
 40
6.532471518667093
 41
53.62186730363465
 71
     1
 72
     5
  1
{\fTahoma|b0|i0|c163|p34;1/4" Conceal}
 73
     1
 44
1.0
1001
ACAD
1000
MTEXTBEGIN
1070
    73
1070
     1
1070
    44
1040
1.0
1070
    74
1070
     0
1000
MTEXTEND
  0
MTEXT
  5
236F3
330
19
100
AcDbEntity
  8
≥ﬂ¥ÁòÀ◊¢
100
AcDbMText
 10
3256.558844592291
 20
10245.99013443764
 30
0.0
 40
6.532471518667093
 41
57.18484743947556
 71
     1
 72
     5
  1
{\fTahoma|b0|i0|c163|p34; }
 73
     1
 44
1.0
1001
ACAD
1000
MTEXTBEGIN
1070
    73
1070
     1
1070
    44
1040
1.0
1070
    74
1070
     0
1000
MTEXTEND
  0
MTEXT
  5
236F4
330
19
100
AcDbEntity
  8
≥ﬂ¥ÁòÀ◊¢
100
AcDbMText
 10
3256.495864456457
 20
10236.19106282921
 30
0.0
 40
6.532471518667093
 41
59.7478275753092
 71
     1
 72
     5
  1
{\fTahoma|b0|i0|c163|p34; }
 73
     1
 44
1.0
1001
ACAD
1000
MTEXTBEGIN
1070
    73
1070
     1
1070
    44
1040
1.0
1070
    74
1070
     0
1000
MTEXTEND
  0
LEADER
  5
236F5
330
19
100
AcDbEntity
  8
≥ﬂ¥ÁòÀ◊¢
 62
     1
 48
5.0
100
AcDbLeader
  3
DIMSTYLE_1
 76
     3
 10
3216.601002665262
 20
10176.58401821537
 30
0.0
 10
3242.022417332751
 20
10228.40338531895
 30
0.0
 10
3252.651567183646
 20
10228.40338531895
 30
0.0
  0
INSERT
  5
236F6
330
19
100
AcDbEntity
  8
0
370
     0
100
AcDbBlockReference
  2
A$C34A91011
 10
3246.073776366235
 20
10416.36267748204
 30
0.0
 41
0.2
 42
0.2
 43
0.2
  0
DIMENSION
  5
236F7
330
19
100
AcDbEntity
  8
0
100
AcDbDimension
  2
*D6
 10
3968.377118809473
 20
10562.469036022
 30
0.0
 11
3589.827118809475
 21
10577.219036022
 31
0.0
 70
    32
 71
     5
 42
757.0999999999967
  3
mm+in
100
AcDbAlignedDimension
 13
3211.277118809476
 23
10308.37775903413
 33
0.0
 14
3968.377118809473
 24
10308.37775903405
 34
0.0
 50
0.0
100
AcDbRotatedDimension
1001
ACAD_DSTYLE_DIMARC_LENGTH_SYMBOL
1070
   379
1070
     1
  0
DIMENSION
  5
236F8
330
19
100
AcDbEntity
  8
0
100
AcDbDimension
  2
*D7
 10
3974.727118809472
 20
10604.76155436579
 30
0.0
 11
3589.827118809474
 21
10619.51155436579
 31
0.0
 70
    32
 71
     5
 42
769.7999999999961
  3
mm+in
100
AcDbAlignedDimension
 13
3204.927118809476
 23
10308.37775903413
 33
0.0
 14
3974.727118809472
 24
10308.37775903404
 34
0.0
 50
0.0
100
AcDbRotatedDimension
1001
ACAD_DSTYLE_DIMARC_LENGTH_SYMBOL
1070
   379
1070
     1
  0
DIMENSION
  5
236F9
330
19
100
AcDbEntity
  8
0
100
AcDbDimension
  2
*D8
 10
3981.077118809472
 20
10644.75950004369
 30
0.0
 11
3589.827118809474
 21
10659.50950004369
 31
0.0
 70
    32
 71
     5
 42
782.4999999999954
  3
mm+in
100
AcDbAlignedDimension
 13
3198.577118809476
 23
10308.37775903413
 33
0.0
 14
3981.077118809472
 24
10308.37775903423
 34
0.0
 50
0.0
100
AcDbRotatedDimension
1001
ACAD_DSTYLE_DIMARC_LENGTH_SYMBOL
1070
   379
1070
     1
  0
DIMENSION
  5
236FA
330
19
100
AcDbEntity
  8
0
100
AcDbDimension
  2
*D9
 10
4032.040302712117
 20
10105.02775903413
 30
0.0
 11
4017.290302712118
 21
10308.37775903413
 31
0.0
 70
    32
 71
     5
 42
406.6999999999989
  3
mm+in
100
AcDbAlignedDimension
 13
3589.827118809477
 23
10511.72775903413
 33
0.0
 14
3589.827118809477
 24
10105.02775903413
 34
0.0
 50
90.0
100
AcDbRotatedDimension
1001
ACAD_DSTYLE_DIMARC_LENGTH_SYMBOL
1070
   379
1070
     1
  0
DIMENSION
  5
236FB
330
19
100
AcDbEntity
  8
0
100
AcDbDimension
  2
*D10
 10
4071.753203949197
 20
10098.67775903413
 30
0.0
 11
4057.003203949197
 21
10308.37775903413
 31
0.0
 70
    32
 71
     5
 42
419.3999999999996
  3
mm+in
100
AcDbAlignedDimension
 13
3589.827118809477
 23
10518.07775903413
 33
0.0
 14
3589.827118809477
 24
10098.67775903413
 34
0.0
 50
90.0
100
AcDbRotatedDimension
1001
ACAD_DSTYLE_DIMARC_LENGTH_SYMBOL
1070
   379
1070
     1
  0
DIMENSION
  5
236FC
330
19
100
AcDbEntity
  8
0
100
AcDbDimension
  2
*D11
 10
4114.299918548776
 20
10092.32775903413
 30
0.0
 11
4099.549918548776
 21
10308.37775903413
 31
0.0
 70
    32
 71
     5
 42
432.1000000000004
  3
mm+in
100
AcDbAlignedDimension
 13
3589.827118809477
 23
10524.42775903413
 33
0.0
 14
3589.827118809477
 24
10092.32775903413
 34
0.0
 50
90.0
100
AcDbRotatedDimension
1001
ACAD_DSTYLE_DIMARC_LENGTH_SYMBOL
1070
   379
1070
     1
  0
DIMENSION
  5
236FD
330
19
100
AcDbEntity
  8
0
100
AcDbDimension
  2
*D12
 10
3198.577118809476
 20
10268.99573013567
 30
0.0
 11
3111.702118809477
 21
10283.74573013567
 31
0.0
 70
    32
 71
     5
 42
6.350000000000363
  3
mm+in
100
AcDbAlignedDimension
 13
3204.927118809477
 23
10308.37775903413
 33
0.0
 14
3198.577118809476
 24
10308.37775903413
 34
0.0
 50
0.0
100
AcDbRotatedDimension
1001
ACAD_DSTYLE_DIMARC_LENGTH_SYMBOL
1070
   379
1070
     1
  0
DIMENSION
  5
236FE
330
19
100
AcDbEntity
  8
0
100
AcDbDimension
  2
*D13
 10
3298.638641199651
 20
10191.31660295668
 30
0.0
 11
3087.92938609211
 21
10127.97197943943
 31
0.0
 70
   164
 71
     5
 42
83.35000000009156
  3
mm+in
100
AcDbRadialDimension
 15
3218.817580188918
 25
10167.32033826536
 35
0.0
 40
0.0
1001
ACAD
1000
DSTYLE
1002
{
1070
   288
1070
     1
1002
}
1001
ACAD_DSTYLE_DIMRADIAL_EXTENSION
1070
   387
1070
     1
1070
   388
1040
-3.073082255490271
1070
   390
1040
-1.635372032970043
1001
ACAD_DSTYLE_DIMARC_LENGTH_SYMBOL
1070
   379
1070
     1
  0
DIMENSION
  5
236FF
330
19
100
AcDbEntity
  8
0
100
AcDbDimension
  2
*D14
 10
3298.638641199651
 20
10191.3166029567
 30
0.0
 11
3101.422941309964
 21
10078.54918352398
 31
0.0
 70
   164
 71
     5
 42
89.70000000009873
  3
mm+in
100
AcDbRadialDimension
 15
3220.769605341403
 25
10146.79129268799
 35
0.0
 40
0.0
1001
ACAD
1000
DSTYLE
1002
{
1070
   288
1070
     1
1002
}
1001
ACAD_DSTYLE_DIMRADIAL_EXTENSION
1070
   387
1070
     1
1070
   388
1040
-3.073082255490378
1070
   390
1040
-1.635372032970147
1001
ACAD_DSTYLE_DIMARC_LENGTH_SYMBOL
1070
   379
1070
     1
  0
DIMENSION
  5
23700
330
19
100
AcDbEntity
  8
0
100
AcDbDimension
  2
*D15
 10
3298.638641199666
 20
10191.3166029567
 30
0.0
 11
3129.835123465924
 21
10054.08090278812
 31
0.0
 70
    36
 71
     5
 42
96.05000000010832
  3
mm+in
100
AcDbRadialDimension
 15
3228.390342097104
 25
10125.81256511766
 35
0.0
 40
0.0
1001
ACAD
1000
DSTYLE
1002
{
1070
   288
1070
     1
1002
}
1001
ACAD_DSTYLE_DIMRADIAL_EXTENSION
1070
   387
1070
     1
1070
   388
1040
-3.073082255490491
1070
   390
1040
-1.635372032970254
1001
ACAD_DSTYLE_DIMARC_LENGTH_SYMBOL
1070
   379
1070
     1
  0
MTEXT
  5
23881
330
19
100
AcDbEntity
  8
Œƒ◊÷
370
     0
100
AcDbMText
 10
3874.808426159361
 20
10126.58179471915
 30
0.0
 40
5.0
 41
279.937255014068
 71
     2
 72
     5
  1
{\fArial|b0|i0|c0|p34; }
 73
     1
 44
1.0
1001
ACAD
1000
MTEXTBEGIN
1070
    73
1070
     1
1070
    44
1040
1.0
1070
    74
1070
     0
1000
MTEXTEND
1000
ACAD_MTEXT_DEFINED_HEIGHT_BEGIN
1070
    46
1040
18.29255279131939
1000
ACAD_MTEXT_DEFINED_HEIGHT_END
  0
VIEWPORT
  5
1639
102
{ACAD_XDICTIONARY
360
239E6
102
}
330
16
100
AcDbEntity
 67
     1
  8
0
 62
     7
100
AcDbViewport
 10
6.042525123186083
 20
3.969314544077551
 30
0.0
 40
14.46220988415796
 41
8.746115603782959
 68
     1
 69
    -1
 12
6.042525123186083
 22
3.969314544077551
 13
0.0
 23
0.0
 14
10.0
 24
10.0
 15
10.0
 25
10.0
 16
0.0
 26
0.0
 36
1.0
 17
0.0
 27
0.0
 37
0.0
 42
50.0
 43
0.0
 44
0.0
 45
8.746115603782959
 50
0.0
 51
0.0
 72
   100
 90
    32800
  1

281
     0
 71
     1
 74
     0
110
0.0
120
0.0
130
0.0
111
1.0
121
0.0
131
0.0
112
0.0
122
1.0
132
0.0
 79
     0
146
0.0
  0
VIEWPORT
  5
163B
102
{ACAD_XDICTIONARY
360
239E8
102
}
330
16
100
AcDbEntity
 67
     1
  8
≥ﬂ¥ÁòÀ◊¢
 62
     7
100
AcDbViewport
 10
5.58814492645992
 20
3.879923315141276
 30
0.0
 40
11.21243392809702
 41
7.697085240108066
 68
     2
 69
    -1
 12
2171.873614219202
 22
132.7147643347649
 13
0.0
 23
0.0
 14
0.5
 24
0.5
 15
0.5
 25
0.5
 16
0.0
 26
0.0
 36
1.0
 17
0.0
 27
0.0
 37
0.0
 42
50.0
 43
0.0
 44
0.0
 45
292.4958343951303
 50
0.0
 51
0.0
 72
   100
 90
    32800
  1

281
     0
 71
     1
 74
     0
110
0.0
120
0.0
130
0.0
111
1.0
121
0.0
131
0.0
112
0.0
122
1.0
132
0.0
 79
     0
146
0.0
  0
ENDSEC
  0
SECTION
  2
OBJECTS
  0
DICTIONARY
  5
C
330
0
100
AcDbDictionary
281
     1
  3
ACAD_CIP_PREVIOUS_PRODUCT_INFO
350
9471
  3
ACAD_COLOR
350
30EF
  3
ACAD_DATALINK
350
22D43
  3
ACAD_DETAILVIEWSTYLE
350
945C
  3
ACAD_GROUP
350
D
  3
ACAD_IMAGE_DICT
350
7016
  3
ACAD_IMAGE_VARS
350
7018
  3
ACAD_LAYOUT
350
11B
  3
ACAD_MATERIAL
350
30EE
  3
ACAD_MLEADERSTYLE
350
31BD
  3
ACAD_MLINESTYLE
350
E
  3
ACAD_PLOTSETTINGS
350
11C
  3
ACAD_PLOTSTYLENAME
350
119
  3
ACAD_SCALELIST
350
319B
  3
ACAD_SECTIONVIEWSTYLE
350
945A
  3
ACAD_TABLESTYLE
350
30F0
  3
ACAD_VISUALSTYLE
350
3187
  3
AcadDim
350
56A2
  3
ACDB_RECOMPOSE_DATA
350
23A35
  3
ACDBHEADERROUNDTRIPXREC
350
239E2
  3
AcDbVariableDictionary
350
128
  3
AEC_PROPERTY_SET_DEFS
350
42E5
  3
ASE_INDEX_DICTIONARY
350
3116
  3
DWGPROPS
350
239E5
  3
lxx_dict
350
411E
  0
DICTIONARY
  5
239F3
330
8
100
AcDbDictionary
280
     1
281
     1
  3
ACAD_XREC_ROUNDTRIP
360
239F4
  0
DICTIONARY
  5
3626
330
2
100
AcDbDictionary
280
     1
281
     1
  3
ACAD_LAYERFILTERS
360
4564
  3
ACAD_LAYERSTATES
360
3627
  3
ACLYDICTIONARY
360
4563
  0
DICTIONARY
  5
31CD
330
F
100
AcDbDictionary
280
     1
281
     1
  3
ACAD_XREC_ROUNDTRIP
360
239EA
  3
ADSK_XREC_LAYER_RECONCILED
360
4E8D
  0
DICTIONARY
  5
31CF
330
4C
100
AcDbDictionary
280
     1
281
     1
  3
ACAD_XREC_ROUNDTRIP
360
239EB
  3
ADSK_XREC_LAYER_RECONCILED
360
4E8E
  0
DICTIONARY
  5
31D1
330
4D
100
AcDbDictionary
280
     1
281
     1
  3
ACAD_XREC_ROUNDTRIP
360
239EC
  3
ADSK_XREC_LAYER_RECONCILED
360
4E8F
  0
DICTIONARY
  5
31D9
330
1B1
100
AcDbDictionary
280
     1
281
     1
  3
ACAD_XREC_ROUNDTRIP
360
239ED
  3
ADSK_XREC_LAYER_RECONCILED
360
4E90
  0
DICTIONARY
  5
45A6
330
4566
100
AcDbDictionary
280
     1
281
     1
  3
ACAD_XREC_ROUNDTRIP
360
239EE
  3
ADSK_XREC_LAYER_RECONCILED
360
4E91
  0
DICTIONARY
  5
239EF
330
50CB
100
AcDbDictionary
280
     1
281
     1
  3
ACAD_XREC_ROUNDTRIP
360
239F0
  0
DICTIONARY
  5
239F1
330
23213
100
AcDbDictionary
280
     1
281
     1
  3
ACAD_XREC_ROUNDTRIP
360
239F2
  0
DICTIONARY
  5
348
330
19
100
AcDbDictionary
280
     1
281
     1
  3
ACAD_SORTENTS
360
36EE
  0
DICTIONARY
  5
237BE
330
2317F
100
AcDbDictionary
280
     1
281
     1
  3
ACAD_SORTENTS
360
237BF
  0
DICTIONARY
  5
237B5
330
237B4
100
AcDbDictionary
280
     1
281
     1
  3
ACAD_DIMASSOC
360
237B6
  0
DICTIONARY
  5
237B9
330
237B8
100
AcDbDictionary
280
     1
281
     1
  3
ACAD_DIMASSOC
360
237BA
  0
DICTIONARY
  5
237BC
330
237BB
100
AcDbDictionary
280
     1
281
     1
  3
ACAD_DIMASSOC
360
237BD
  0
DICTIONARY
  5
239E6
330
1639
100
AcDbDictionary
280
     1
281
     1
  3
ACAD_XREC_ROUNDTRIP
360
239E7
  0
DICTIONARY
  5
239E8
330
163B
100
AcDbDictionary
280
     1
281
     1
  3
ACAD_XREC_ROUNDTRIP
360
239E9
  0
XRECORD
  5
9471
102
{ACAD_REACTORS
330
C
102
}
330
C
100
AcDbXrecord
280
     1
300
ACD
300
2020
300

  0
DICTIONARY
  5
30EF
102
{ACAD_REACTORS
330
C
102
}
330
C
100
AcDbDictionary
281
     1
  0
DICTIONARY
  5
22D43
102
{ACAD_REACTORS
330
C
102
}
330
C
100
AcDbDictionary
280
     1
281
     1
  0
DICTIONARY
  5
945C
102
{ACAD_REACTORS
330
C
102
}
330
C
100
AcDbDictionary
281
     1
  3
Imperial24
350
103F2
  3
Metric50
350
945D
  0
DICTIONARY
  5
D
102
{ACAD_REACTORS
330
C
102
}
330
C
100
AcDbDictionary
281
     1
  0
DICTIONARY
  5
7016
102
{ACAD_REACTORS
330
C
102
}
330
C
100
AcDbDictionary
281
     1
  0
RASTERVARIABLES
  5
7018
102
{ACAD_REACTORS
330
C
102
}
330
C
100
AcDbRasterVariables
 90
        0
 70
     1
 71
     1
 72
     0
  0
DICTIONARY
  5
11B
102
{ACAD_REACTORS
330
C
102
}
330
C
100
AcDbDictionary
281
     1
  3
Layout1
350
11E
  3
Model
350
11D
  0
DICTIONARY
  5
30EE
102
{ACAD_REACTORS
330
C
102
}
330
C
100
AcDbDictionary
281
     1
  3
ByBlock
350
3177
  3
ByLayer
350
316F
  3
Global
350
317F
  0
DICTIONARY
  5
31BD
102
{ACAD_REACTORS
330
C
102
}
330
C
100
AcDbDictionary
281
     1
  3
Standard
350
31BE
  0
DICTIONARY
  5
E
102
{ACAD_REACTORS
330
C
102
}
330
C
100
AcDbDictionary
281
     1
  3
STANDARD
350
1C
  0
DICTIONARY
  5
11C
102
{ACAD_REACTORS
330
C
102
}
330
C
100
AcDbDictionary
281
     1
  0
ACDBDICTIONARYWDFLT
  5
119
102
{ACAD_REACTORS
330
C
102
}
330
C
100
AcDbDictionary
281
     1
  3
Normal
350
11A
100
AcDbDictionaryWithDefault
340
11A
  0
DICTIONARY
  5
319B
102
{ACAD_REACTORS
330
C
102
}
330
C
100
AcDbDictionary
281
     1
  3
A0
350
319C
  3
A1
350
319D
  3
A2
350
319E
  3
A3
350
319F
  3
A4
350
31A0
  3
A5
350
31A1
  3
A6
350
31A2
  3
A7
350
31A3
  3
A8
350
31A4
  3
A9
350
31A5
  3
B0
350
31A6
  3
B1
350
31A7
  3
B2
350
31A8
  3
B3
350
31A9
  3
B4
350
31AA
  3
B5
350
31AB
  3
B6
350
31AC
  3
B7
350
31AD
  3
B8
350
31AE
  3
B9
350
31AF
  3
C0
350
31B0
  3
C1
350
31B1
  3
C2
350
31B2
  3
C3
350
31B3
  3
C4
350
31B4
  3
C5
350
31B5
  3
C6
350
31B6
  3
C7
350
31B7
  3
C8
350
31B8
  3
C9
350
31B9
  3
D0
350
31BA
  3
D1
350
31BB
  3
D2
350
31BC
  0
DICTIONARY
  5
945A
102
{ACAD_REACTORS
330
C
102
}
330
C
100
AcDbDictionary
281
     1
  3
Imperial24
350
103F1
  3
Metric50
350
945B
  0
DICTIONARY
  5
30F0
102
{ACAD_REACTORS
330
C
102
}
330
C
100
AcDbDictionary
281
     1
  3
Standard
350
30F1
  0
DICTIONARY
  5
3187
102
{ACAD_REACTORS
330
C
102
}
330
C
100
AcDbDictionary
281
     1
  3
2dWireframe
350
318D
  3
3D Hidden
350
318F
  3
3dWireframe
350
318E
  3
Basic
350
318C
  3
Brighten
350
3193
  3
ColorChange
350
3197
  3
Conceptual
350
3190
  3
Dim
350
3192
  3
EdgeColorOff
350
319A
  3
Facepattern
350
3196
  3
Flat
350
3188
  3
FlatWithEdges
350
3189
  3
Gouraud
350
318A
  3
GouraudWithEdges
350
318B
  3
Hidden
350
3E78
  3
JitterOff
350
3198
  3
Linepattern
350
3195
  3
OverhangOff
350
3199
  3
Realistic
350
3191
  3
Shaded
350
3E7D
  3
Shaded with edges
350
3E7C
  3
Shades of Gray
350
3E79
  3
Sketchy
350
3E7A
  3
Thicken
350
3194
  3
Wireframe
350
3E77
  3
X-Ray
350
3E7B
  0
XRECORD
  5
56A2
102
{ACAD_REACTORS
330
C
102
}
330
C
100
AcDbXrecord
280
     1
 90
   990106
  3

 60
     0
 61
     0
 62
     1
 63
     3
 64
     0
 65
     0
 66
     0
 67
     3
 68
     1
 69
     0
 70
     0
 71
     0
 72
     0
 40
0.0
170
     0
  0
XRECORD
  5
23A35
102
{ACAD_REACTORS
330
C
102
}
330
C
100
AcDbXrecord
280
     1
 90
        1
330
30F1
  0
DICTIONARY
  5
239E2
102
{ACAD_REACTORS
330
C
102
}
330
C
100
AcDbDictionary
281
     1
  3
COLORDICT
350
239E3
  3
MATERIALDICT
350
239E4
  0
DICTIONARY
  5
128
102
{ACAD_REACTORS
330
C
102
}
330
C
100
AcDbDictionary
281
     1
  3
CANNOSCALE
350
23915
  3
CMLEADERSTYLE
350
3819
  3
CTABLESTYLE
350
30FE
  3
CVIEWDETAILSTYLE
350
9D1C
  3
CVIEWSECTIONSTYLE
350
9D1D
  3
DIMASSOC
350
129
  3
HIDETEXT
350
22F26
  3
INDEXCTL
350
4B85
  3
LAYEREVAL
350
427E
  3
LAYERNOTIFY
350
427F
  3
LIGHTINGUNITS
350
427D
  3
MSLTSCALE
350
427C
  3
PROJECTNAME
350
3124
  3
SOLIDHIST
350
22D41
  3
SORTENTS
350
4B84
  0
DICTIONARY
  5
42E5
102
{ACAD_REACTORS
330
C
102
}
330
C
100
AcDbDictionary
281
     1
  0
DICTIONARY
  5
3116
102
{ACAD_REACTORS
330
C
102
}
330
C
100
AcDbDictionary
281
     1
  3
ASEBlockHierarchyIndexRecord
350
3117
1001
DCO15
1040
1700194547.328
  0
XRECORD
  5
239E5
102
{ACAD_REACTORS
330
C
102
}
330
C
100
AcDbXrecord
280
     1
  1
DWGPROPS COOKIE
  2

  3

  4

  6

  7

  8
HZY
  9

300
=
301
=
302
=
303
=
304
=
305
=
306
=
307
=
308
=
309
=
 40
0.0
 41
2457822.714884259
 42
2461244.416652199
  1

 90
        0
  0
DICTIONARY
  5
411E
102
{ACAD_REACTORS
330
C
102
}
330
C
100
AcDbDictionary
281
     1
  3
lxx_dimth
350
411F
  0
XRECORD
  5
239F4
102
{ACAD_REACTORS
330
239F3
102
}
330
239F3
100
AcDbXrecord
280
     1
102
VTR_0.000_0.000_1.000_1.000_VISUALSTYLE
340
318D
102
VTR_0.000_0.000_1.000_1.000_GRIDDISPLAY
 70
     3
102
VTR_0.000_0.000_1.000_1.000_GRIDMAJOR
 70
     5
102
VTR_0.000_0.000_1.000_1.000_DEFAULTLIGHTING
280
     1
102
VTR_0.000_0.000_1.000_1.000_DEFAULTLIGHTINGTYPE
 70
     1
102
VTR_0.000_0.000_1.000_1.000_BRIGHTNESS
141
0.0
102
VTR_0.000_0.000_1.000_1.000_CONTRAST
142
0.0
  0
DICTIONARY
  5
4564
102
{ACAD_REACTORS
330
3626
102
}
330
3626
100
AcDbDictionary
281
     1
  0
DICTIONARY
  5
3627
102
{ACAD_REACTORS
330
3626
102
}
330
3626
100
AcDbDictionary
281
     1
  0
DICTIONARY
  5
4563
102
{ACAD_REACTORS
330
3626
102
}
330
3626
100
AcDbDictionary
281
     1
  3
*A1
350
4565
1001
ACAD
1000
<All
  0
XRECORD
  5
239EA
102
{ACAD_REACTORS
330
31CD
102
}
330
31CD
100
AcDbXrecord
280
     1
102
MATERIAL
340
317F
  0
XRECORD
  5
4E8D
102
{ACAD_REACTORS
330
31CD
102
}
330
31CD
100
AcDbXrecord
280
     1
290
     1
  0
XRECORD
  5
239EB
102
{ACAD_REACTORS
330
31CF
102
}
330
31CF
100
AcDbXrecord
280
     1
102
MATERIAL
340
317F
  0
XRECORD
  5
4E8E
102
{ACAD_REACTORS
330
31CF
102
}
330
31CF
100
AcDbXrecord
280
     1
290
     1
  0
XRECORD
  5
239EC
102
{ACAD_REACTORS
330
31D1
102
}
330
31D1
100
AcDbXrecord
280
     1
102
MATERIAL
340
317F
  0
XRECORD
  5
4E8F
102
{ACAD_REACTORS
330
31D1
102
}
330
31D1
100
AcDbXrecord
280
     1
290
     1
  0
XRECORD
  5
239ED
102
{ACAD_REACTORS
330
31D9
102
}
330
31D9
100
AcDbXrecord
280
     1
102
MATERIAL
340
317F
  0
XRECORD
  5
4E90
102
{ACAD_REACTORS
330
31D9
102
}
330
31D9
100
AcDbXrecord
280
     1
290
     1
  0
XRECORD
  5
239EE
102
{ACAD_REACTORS
330
45A6
102
}
330
45A6
100
AcDbXrecord
280
     1
102
MATERIAL
340
317F
  0
XRECORD
  5
4E91
102
{ACAD_REACTORS
330
45A6
102
}
330
45A6
100
AcDbXrecord
280
     1
290
     1
  0
XRECORD
  5
239F0
102
{ACAD_REACTORS
330
239EF
102
}
330
239EF
100
AcDbXrecord
280
     1
102
MATERIAL
340
317F
  0
XRECORD
  5
239F2
102
{ACAD_REACTORS
330
239F1
102
}
330
239F1
100
AcDbXrecord
280
     1
102
MATERIAL
340
317F
  0
SORTENTSTABLE
  5
36EE
102
{ACAD_REACTORS
330
348
102
}
330
348
100
AcDbSortentsTable
330
19
  0
SORTENTSTABLE
  5
237BF
102
{ACAD_REACTORS
330
237BE
102
}
330
237BE
100
AcDbSortentsTable
330
2317F
  0
DIMASSOC
  5
237B6
102
{ACAD_REACTORS
330
237B5
102
}
330
237B5
100
AcDbDimAssoc
330
237B4
 90
        3
 70
     0
 71
     0
  1
AcDbOsnapPointRef
 72
     2
331
237AA
 73
     2
 91
        0
 40
3.141592653589793
 10
0.0
 20
0.0
 30
0.0
 75
     0
  1
AcDbOsnapPointRef
 72
     8
331
237A6
 73
     2
 91
        0
 40
6.283185307179586
 10
0.0
 20
0.0
 30
0.0
 75
     1
  1
AcDbOsnapPointRef
 72
     2
331
237AA
 73
     2
 91
        0
 40
3.141592653589793
 10
0.0
 20
0.0
 30
0.0
 75
     0
  0
DIMASSOC
  5
237BA
102
{ACAD_REACTORS
330
237B9
102
}
330
237B9
100
AcDbDimAssoc
330
237B8
 90
        1
 70
     0
 71
     0
  1
AcDbOsnapPointRef
 72
    13
331
2379F
 73
     2
 91
        0
 40
0.0
 10
0.0
 20
0.0
 30
2.000000000000000E+50
 75
     0
  0
DIMASSOC
  5
237BD
102
{ACAD_REACTORS
330
237BC
102
}
330
237BC
100
AcDbDimAssoc
330
237BB
 90
        3
 70
     0
 71
     0
  1
AcDbOsnapPointRef
 72
    11
331
237B0
 73
     2
 91
        0
 40
0.0
 10
0.0
 20
0.0
 30
0.0
332
237A7
 74
     2
 92
        0
 75
     0
  1
AcDbOsnapPointRef
 72
    13
331
237AF
 73
     2
 91
        0
 40
0.0
 10
0.0
 20
0.0
 30
2.000000000000000E+50
 75
     0
  0
XRECORD
  5
239E7
102
{ACAD_REACTORS
330
239E6
102
}
330
239E6
100
AcDbXrecord
280
     1
102
VISUALSTYLE
340
318D
102
GRIDDISPLAY
 70
     0
102
GRIDMAJOR
 70
     5
102
DEFAULTLIGHTING
280
     1
102
DEFAULTLIGHTINGTYPE
 70
     1
102
BRIGHTNESS
141
0.0
102
CONTRAST
142
0.0
  0
XRECORD
  5
239E9
102
{ACAD_REACTORS
330
239E8
102
}
330
239E8
100
AcDbXrecord
280
     1
102
VISUALSTYLE
340
318D
102
GRIDDISPLAY
 70
     0
102
GRIDMAJOR
 70
     5
102
DEFAULTLIGHTING
280
     1
102
DEFAULTLIGHTINGTYPE
 70
     1
102
BRIGHTNESS
141
0.0
102
CONTRAST
142
0.0
  0
ACDBDETAILVIEWSTYLE
  5
103F2
102
{ACAD_XDICTIONARY
360
22D12
102
}
102
{ACAD_REACTORS
330
945C
102
}
330
945C
100
AcDbModelDocViewStyle
 70
     0
  3
Imperial24
290
     0
100
AcDbDetailViewStyle
 70
     0
 71
     0
 90
        3
 71
     1
340
10
 40
0.24
340
0
 40
0.24
300

 40
0.36
280
     3
 71
     2
340
15
 90
       25
 71
     3
340
10
 40
0.24
 90
        1
 40
0.75
 90
        1
300
%<\AcVar ViewType \f "%tc1">% %<\AcVar ViewDetailId>%\PSCALE %<\AcVar ViewScale \f "%sn">%
 71
     4
340
15
 90
       25
340
15
 90
       25
280
     0
  0
ACDBDETAILVIEWSTYLE
  5
945D
102
{ACAD_XDICTIONARY
360
22CF6
102
}
102
{ACAD_REACTORS
330
945C
102
}
330
945C
100
AcDbModelDocViewStyle
 70
     0
  3
Metric50
290
     0
100
AcDbDetailViewStyle
 70
     0
 71
     0
 90
        3
 71
     1
340
10
 40
5.0
340
0
 40
5.0
300

 40
0.0
280
     1
 71
     2
340
15
 90
       25
 71
     3
340
10
 40
5.0
 90
        0
 40
15.0
 90
        1
300
%<\AcVar ViewDetailId>% (%<\AcVar ViewScale \f "%sn">%)
 71
     4
340
15
 90
       25
340
15
 90
       25
280
     0
  0
LAYOUT
  5
11E
102
{ACAD_REACTORS
330
11B
102
}
330
11B
100
AcDbPlotSettings
  1

  2
HP LaserJet 6L
  4
A4
  6

 40
6.297083377838134
 41
5.916064739227294
 42
7.313079833984375
 43
7.14373779296875
 44
209.9733276367187
 45
296.9683227539062
 46
0.0
 47
0.0
 48
0.477952646684618
 49
0.0839057621342301
140
10.60930314461479
141
7.636367042409466
142
1.0
143
0.03937
 70
   672
 72
     1
 73
     1
 74
     4
  7
monochrome.ctb
 75
     0
147
25.4000508001016
148
-0.477952646684618
149
-0.0839057621342301
100
AcDbLayout
  1
Layout1
 70
     1
 71
     1
 10
0.1967036897754383
 20
-0.1640104104512572
 11
11.88834655659673
 21
8.102639498606359
 12
0.0
 22
0.0
 32
0.0
 14
-0.0186767298945654
 24
0.0313110561474588
 34
-0.0015258207003583
 15
11.19470217543969
 25
7.728607197209036
 35
0.0000000349246037
146
0.0
 13
0.0
 23
0.0
 33
0.0
 16
1.0
 26
0.0
 36
0.0
 17
0.0
 27
1.0
 37
0.0
 76
     0
330
16
331
1639
  0
LAYOUT
  5
11D
102
{ACAD_XDICTIONARY
360
239F5
102
}
102
{ACAD_REACTORS
330
11B
102
}
330
11B
100
AcDbPlotSettings
  1

  2
RICOH Aficio MP 5001 PCL 6
  4
A4 (210 x 297 mm)
  6

 40
5.027083333333333
 41
5.027083333333333
 42
5.027083333333337
 43
5.027083333333337
 44
209.9733333333333
 45
296.926
 46
0.9207557462959812
 47
0.0
 48
2940.729551858914
 49
9758.932092100645
140
4340.649317871133
141
10725.54084368671
142
1.0
143
4.879948476452794
 70
  3252
 72
     1
 73
     1
 74
     4
  7
Monochrome.ctb
 75
     0
147
0.2049201963556169
148
-2940.729551858914
149
-9758.932092100645
100
AcDbLayout
  1
Model
 70
     1
 71
     0
 10
0.0
 20
0.0
 11
12.0
 21
9.0
 12
0.0
 22
0.0
 32
0.0
 14
0.0
 24
0.0
 34
0.0
 15
0.0
 25
0.0
 35
0.0
146
0.0
 13
0.0
 23
0.0
 33
0.0
 16
1.0
 26
0.0
 36
0.0
 17
0.0
 27
1.0
 37
0.0
 76
     0
330
19
331
316D
1001
ACAD_PSEXT
1000
RICOH Aficio MP 5001 PCL 6
1000
RICOH Aficio MP 5001 PCL 6
1000
192.168.1.243
1000

1070
     0
  0
MATERIAL
  5
3177
102
{ACAD_XDICTIONARY
360
239F7
102
}
102
{ACAD_REACTORS
330
30EE
102
}
330
30EE
100
AcDbMaterial
  1
ByBlock
 72
     0
 73
     2
 77
     0
 78
     2
171
     0
172
     2
175
     0
176
     2
179
     0
270
     2
274
     2
  0
MATERIAL
  5
316F
102
{ACAD_XDICTIONARY
360
239F9
102
}
102
{ACAD_REACTORS
330
30EE
102
}
330
30EE
100
AcDbMaterial
  1
ByLayer
 72
     0
 73
     2
 77
     0
 78
     2
171
     0
172
     2
175
     0
176
     2
179
     0
270
     2
274
     2
  0
MATERIAL
  5
317F
102
{ACAD_XDICTIONARY
360
3180
102
}
102
{ACAD_REACTORS
330
30EE
102
}
330
30EE
100
AcDbMaterial
  1
Global
 72
     0
 73
     2
 77
     0
 78
     2
171
     0
172
     2
175
     0
176
     2
179
     0
270
     2
274
     2
  0
MLEADERSTYLE
  5
31BE
102
{ACAD_XDICTIONARY
360
239FC
102
}
102
{ACAD_REACTORS
330
31BD
102
}
330
31BD
100
AcDbMLeaderStyle
170
     2
171
     1
172
     0
 90
        2
 40
0.0
 41
0.0
173
     1
 91
-1056964608
340
13
 92
       -2
290
     1
 42
0.09
291
     1
 43
0.36
  3
Standard
 44
0.18
300

342
10
174
     1
178
     6
175
     1
176
     0
 93
-1056964608
 45
0.18
292
     0
297
     0
 46
0.18
 94
-1056964608
 47
1.0
 49
1.0
140
1.0
293
     1
141
0.0
294
     1
177
     0
142
1.0
295
     0
296
     0
143
0.125
1001
ACAD_MLEADERVER
1070
     2
  0
MLINESTYLE
  5
1C
102
{ACAD_REACTORS
330
E
102
}
330
E
100
AcDbMlineStyle
  2
STANDARD
 70
     0
  3

 62
     0
 51
90.0
 52
90.0
 71
     2
 49
0.5
 62
   256
  6
BYLAYER
 49
-0.5
 62
   256
  6
BYLAYER
  0
ACDBPLACEHOLDER
  5
11A
102
{ACAD_REACTORS
330
119
102
}
330
119
  0
SCALE
  5
319C
102
{ACAD_REACTORS
330
319B
102
}
330
319B
100
AcDbScale
 70
     0
300
1:1
140
1.0
141
1.0
290
     1
  0
SCALE
  5
319D
102
{ACAD_REACTORS
330
319B
102
}
330
319B
100
AcDbScale
 70
     0
300
1:2
140
1.0
141
2.0
290
     0
  0
SCALE
  5
319E
102
{ACAD_REACTORS
330
319B
102
}
330
319B
100
AcDbScale
 70
     0
300
1:4
140
1.0
141
4.0
290
     0
  0
SCALE
  5
319F
102
{ACAD_REACTORS
330
319B
102
}
330
319B
100
AcDbScale
 70
     0
300
1:5
140
1.0
141
5.0
290
     0
  0
SCALE
  5
31A0
102
{ACAD_REACTORS
330
319B
102
}
330
319B
100
AcDbScale
 70
     0
300
1:8
140
1.0
141
8.0
290
     0
  0
SCALE
  5
31A1
102
{ACAD_REACTORS
330
319B
102
}
330
319B
100
AcDbScale
 70
     0
300
1:10
140
1.0
141
10.0
290
     0
  0
SCALE
  5
31A2
102
{ACAD_REACTORS
330
319B
102
}
330
319B
100
AcDbScale
 70
     0
300
1:16
140
1.0
141
16.0
290
     0
  0
SCALE
  5
31A3
102
{ACAD_REACTORS
330
319B
102
}
330
319B
100
AcDbScale
 70
     0
300
1:20
140
1.0
141
20.0
290
     0
  0
SCALE
  5
31A4
102
{ACAD_REACTORS
330
319B
102
}
330
319B
100
AcDbScale
 70
     0
300
1:30
140
1.0
141
30.0
290
     0
  0
SCALE
  5
31A5
102
{ACAD_REACTORS
330
319B
102
}
330
319B
100
AcDbScale
 70
     0
300
1:40
140
1.0
141
40.0
290
     0
  0
SCALE
  5
31A6
102
{ACAD_REACTORS
330
319B
102
}
330
319B
100
AcDbScale
 70
     0
300
1:50
140
1.0
141
50.0
290
     0
  0
SCALE
  5
31A7
102
{ACAD_REACTORS
330
319B
102
}
330
319B
100
AcDbScale
 70
     0
300
1:100
140
1.0
141
100.0
290
     0
  0
SCALE
  5
31A8
102
{ACAD_REACTORS
330
319B
102
}
330
319B
100
AcDbScale
 70
     0
300
2:1
140
2.0
141
1.0
290
     0
  0
SCALE
  5
31A9
102
{ACAD_REACTORS
330
319B
102
}
330
319B
100
AcDbScale
 70
     0
300
4:1
140
4.0
141
1.0
290
     0
  0
SCALE
  5
31AA
102
{ACAD_REACTORS
330
319B
102
}
330
319B
100
AcDbScale
 70
     0
300
8:1
140
8.0
141
1.0
290
     0
  0
SCALE
  5
31AB
102
{ACAD_REACTORS
330
319B
102
}
330
319B
100
AcDbScale
 70
     0
300
10:1
140
10.0
141
1.0
290
     0
  0
SCALE
  5
31AC
102
{ACAD_REACTORS
330
319B
102
}
330
319B
100
AcDbScale
 70
     0
300
100:1
140
100.0
141
1.0
290
     0
  0
SCALE
  5
31AD
102
{ACAD_REACTORS
330
319B
102
}
330
319B
100
AcDbScale
 70
     0
300
1/128" = 1'-0"
140
0.0078125
141
12.0
290
     0
  0
SCALE
  5
31AE
102
{ACAD_REACTORS
330
319B
102
}
330
319B
100
AcDbScale
 70
     0
300
1/64" = 1'-0"
140
0.015625
141
12.0
290
     0
  0
SCALE
  5
31AF
102
{ACAD_REACTORS
330
319B
102
}
330
319B
100
AcDbScale
 70
     0
300
1/32" = 1'-0"
140
0.03125
141
12.0
290
     0
  0
SCALE
  5
31B0
102
{ACAD_REACTORS
330
319B
102
}
330
319B
100
AcDbScale
 70
     0
300
1/16" = 1'-0"
140
0.0625
141
12.0
290
     0
  0
SCALE
  5
31B1
102
{ACAD_REACTORS
330
319B
102
}
330
319B
100
AcDbScale
 70
     0
300
3/32" = 1'-0"
140
0.09375
141
12.0
290
     0
  0
SCALE
  5
31B2
102
{ACAD_REACTORS
330
319B
102
}
330
319B
100
AcDbScale
 70
     0
300
1/8" = 1'-0"
140
0.125
141
12.0
290
     0
  0
SCALE
  5
31B3
102
{ACAD_REACTORS
330
319B
102
}
330
319B
100
AcDbScale
 70
     0
300
3/16" = 1'-0"
140
0.1875
141
12.0
290
     0
  0
SCALE
  5
31B4
102
{ACAD_REACTORS
330
319B
102
}
330
319B
100
AcDbScale
 70
     0
300
1/4" = 1'-0"
140
0.25
141
12.0
290
     0
  0
SCALE
  5
31B5
102
{ACAD_REACTORS
330
319B
102
}
330
319B
100
AcDbScale
 70
     0
300
3/8" = 1'-0"
140
0.375
141
12.0
290
     0
  0
SCALE
  5
31B6
102
{ACAD_REACTORS
330
319B
102
}
330
319B
100
AcDbScale
 70
     0
300
1/2" = 1'-0"
140
0.5
141
12.0
290
     0
  0
SCALE
  5
31B7
102
{ACAD_REACTORS
330
319B
102
}
330
319B
100
AcDbScale
 70
     0
300
3/4" = 1'-0"
140
0.75
141
12.0
290
     0
  0
SCALE
  5
31B8
102
{ACAD_REACTORS
330
319B
102
}
330
319B
100
AcDbScale
 70
     0
300
1" = 1'-0"
140
1.0
141
12.0
290
     0
  0
SCALE
  5
31B9
102
{ACAD_REACTORS
330
319B
102
}
330
319B
100
AcDbScale
 70
     0
300
1-1/2" = 1'-0"
140
1.5
141
12.0
290
     0
  0
SCALE
  5
31BA
102
{ACAD_REACTORS
330
319B
102
}
330
319B
100
AcDbScale
 70
     0
300
3" = 1'-0"
140
3.0
141
12.0
290
     0
  0
SCALE
  5
31BB
102
{ACAD_REACTORS
330
319B
102
}
330
319B
100
AcDbScale
 70
     0
300
6" = 1'-0"
140
6.0
141
12.0
290
     0
  0
SCALE
  5
31BC
102
{ACAD_REACTORS
330
319B
102
}
330
319B
100
AcDbScale
 70
     0
300
1'-0" = 1'-0"
140
12.0
141
12.0
290
     0
  0
ACDBSECTIONVIEWSTYLE
  5
103F1
102
{ACAD_XDICTIONARY
360
22D10
102
}
102
{ACAD_REACTORS
330
945A
102
}
330
945A
100
AcDbModelDocViewStyle
 70
     0
  3
Imperial24
290
     0
100
AcDbSectionViewStyle
 70
     0
 71
     0
 90
       78
 71
     1
340
10
 40
0.24
340
0
340
0
 40
0.24
300
I, O, Q, S, X, Z
 40
0.48
 90
        3
 40
0.18
 90
        1
 71
     2
340
15
 90
       25
340
15
 90
       50
 40
0.24
 40
0.0
 40
0.24
 71
     3
340
10
 40
0.24
 90
        1
 40
0.75
 90
        1
300
%<\AcVar ViewType \f "%tc1">% %<\AcVar ViewSectionStartId>%-%<\AcVar ViewSectionEndId>%\PSCALE %<\AcVar ViewScale \f "%sn">%
 71
     4
300
ANSI31
 40
1.0
 90
        0
290
     0
290
     0
 90
        6
 40
0.0
 40
1.570796326794896
 40
0.2617993877991494
 40
1.308996938995747
 40
-0.2617993877991494
 40
1.832595714594046
  0
ACDBSECTIONVIEWSTYLE
  5
945B
102
{ACAD_XDICTIONARY
360
22CF4
102
}
102
{ACAD_REACTORS
330
945A
102
}
330
945A
100
AcDbModelDocViewStyle
 70
     0
  3
Metric50
290
     0
100
AcDbSectionViewStyle
 70
     0
 71
     0
 90
      102
 71
     1
340
10
 40
5.0
340
0
340
0
 40
5.0
300
I, O, Q, S, X, Z
 40
10.0
 90
        0
 40
2.5
 90
        0
 71
     2
340
15
 90
       25
340
15
 90
       50
 40
5.0
 40
2.5
 40
5.0
 71
     3
340
10
 40
5.0
 90
        0
 40
15.0
 90
        1
300
%<\AcVar ViewSectionStartId>%-%<\AcVar ViewSectionEndId>% (%<\AcVar ViewScale \f "%sn">%)
 71
     4
300
ANSI31
 40
1.0
 90
        0
290
     0
290
     0
 90
        6
 40
0.0
 40
1.570796326794896
 40
0.2617993877991494
 40
1.308996938995747
 40
-0.2617993877991494
 40
1.832595714594046
  0
TABLESTYLE
  5
30F1
102
{ACAD_XDICTIONARY
360
239FE
102
}
102
{ACAD_REACTORS
330
30F0
102
}
330
30F0
100
AcDbTableStyle
  3
Standard
 70
     0
 71
     0
 40
0.06
 41
0.06
280
     0
281
     0
  7
STANDARD
140
0.18
170
     2
 62
     0
 63
   257
283
     0
274
    -2
284
     1
 64
     0
275
    -2
285
     1
 65
     0
276
    -2
286
     1
 66
     0
277
    -2
287
     1
 67
     0
278
    -2
288
     1
 68
     0
279
    -2
289
     1
 69
     0
  7
STANDARD
140
0.25
170
     5
 62
     0
 63
   257
283
     0
274
    -2
284
     1
 64
     0
275
    -2
285
     1
 65
     0
276
    -2
286
     1
 66
     0
277
    -2
287
     1
 67
     0
278
    -2
288
     1
 68
     0
279
    -2
289
     1
 69
     0
  7
STANDARD
140
0.18
170
     5
 62
     0
 63
   257
283
     0
274
    -2
284
     1
 64
     0
275
    -2
285
     1
 65
     0
276
    -2
286
     1
 66
     0
277
    -2
287
     1
 67
     0
278
    -2
288
     1
 68
     0
279
    -2
289
     1
 69
     0
  0
VISUALSTYLE
  5
318D
102
{ACAD_XDICTIONARY
360
23A01
102
}
102
{ACAD_REACTORS
330
3187
102
}
330
3187
100
AcDbVisualStyle
  2
2dWireframe
 70
     4
 71
     0
 72
     2
 73
     0
 90
        0
 40
-0.6
 41
-30.0
 62
     5
 63
     7
 74
     1
 91
        4
 64
     7
 65
   257
 75
     1
175
     1
 42
1.0
 92
        0
 66
   257
 43
1.0
 76
     1
 77
     6
 78
     2
 67
     7
 79
     5
170
     0
171
     0
290
     0
174
   255
 93
        1
 44
0.0
173
     0
291
     0
 45
0.0
1001
ACAD
1000
AcDbSavedByObjectVersion
1070
     0
  0
VISUALSTYLE
  5
318F
102
{ACAD_XDICTIONARY
360
23A03
102
}
102
{ACAD_REACTORS
330
3187
102
}
330
3187
100
AcDbVisualStyle
  2
3D Hidden
 70
     6
 71
     1
 72
     2
 73
     2
 90
        0
 40
-0.6
 41
-30.0
 62
     5
 63
     7
 74
     2
 91
        2
 64
     7
 65
   257
 75
     2
175
     1
 42
179.0
 92
        0
 66
   257
 43
1.0
 76
     1
 77
     6
 78
     2
 67
     7
 79
     3
170
     0
171
     0
290
     0
174
   255
 93
        1
 44
0.0
173
     0
291
     0
 45
0.0
1001
ACAD
1000
AcDbSavedByObjectVersion
1070
     0
  0
VISUALSTYLE
  5
318E
102
{ACAD_XDICTIONARY
360
23A05
102
}
102
{ACAD_REACTORS
330
3187
102
}
330
3187
100
AcDbVisualStyle
  2
3dWireframe
 70
     5
 71
     0
 72
     2
 73
     0
 90
        0
 40
-0.6
 41
-30.0
 62
     5
 63
     7
 74
     1
 91
        4
 64
     7
 65
   257
 75
     1
175
     1
 42
1.0
 92
        0
 66
   257
 43
1.0
 76
     1
 77
     6
 78
     2
 67
     7
 79
     5
170
     0
171
     0
290
     0
174
     0
 93
        1
 44
0.0
173
     0
291
     0
 45
0.0
1001
ACAD
1000
AcDbSavedByObjectVersion
1070
     0
  0
VISUALSTYLE
  5
318C
102
{ACAD_XDICTIONARY
360
23A07
102
}
102
{ACAD_REACTORS
330
3187
102
}
330
3187
100
AcDbVisualStyle
  2
Basic
 70
     7
 71
     1
 72
     0
 73
     1
 90
        0
 40
-0.6
 41
-30.0
 62
     5
 63
     7
 74
     0
 91
        4
 64
     7
 65
   257
 75
     1
175
     1
 42
1.0
 92
        8
 66
     7
 43
1.0
 76
     1
 77
     6
 78
     2
 67
     7
 79
     5
170
     0
171
     0
290
     0
174
 -1168
 93
        1
 44
0.0
173
     0
291
     1
 45
0.0
1001
ACAD
1000
AcDbSavedByObjectVersion
1070
     0
  0
VISUALSTYLE
  5
3193
102
{ACAD_XDICTIONARY
360
23A09
102
}
102
{ACAD_REACTORS
330
3187
102
}
330
3187
100
AcDbVisualStyle
  2
Brighten
 70
    12
 71
     2
 72
     2
 73
     0
 90
        0
 40
-0.6
 41
-30.0
 62
     5
 63
     7
 74
     1
 91
        4
 64
     7
 65
   257
 75
     1
175
     1
 42
1.0
 92
        8
 66
     7
 43
1.0
 76
     1
 77
     6
 78
     2
 67
     7
 79
     5
170
     0
171
     0
290
     0
174
   255
 93
        1
 44
50.0
173
     0
291
     1
 45
0.0
1001
ACAD
1000
AcDbSavedByObjectVersion
1070
     0
  0
VISUALSTYLE
  5
3197
102
{ACAD_XDICTIONARY
360
23A0B
102
}
102
{ACAD_REACTORS
330
3187
102
}
330
3187
100
AcDbVisualStyle
  2
ColorChange
 70
    16
 71
     2
 72
     2
 73
     3
 90
        0
 40
-0.6
 41
-30.0
 62
     5
 63
     8
 74
     1
 91
        4
 64
     7
 65
   257
 75
     1
175
     1
 42
1.0
 92
        8
 66
     8
 43
1.0
 76
     1
 77
     6
 78
     2
 67
     7
 79
     5
170
     0
171
     0
290
     0
174
   100
 93
        1
 44
0.0
173
     0
291
     1
 45
0.0
1001
ACAD
1000
AcDbSavedByObjectVersion
1070
     0
  0
VISUALSTYLE
  5
3190
102
{ACAD_XDICTIONARY
360
23A0D
102
}
102
{ACAD_REACTORS
330
3187
102
}
330
3187
100
AcDbVisualStyle
  2
Conceptual
 70
     9
 71
     3
 72
     2
 73
     0
 90
        0
 40
-0.6
 41
-30.0
 62
     5
 63
     7
 74
     2
 91
        2
 64
     7
 65
   257
 75
     1
175
     1
 42
179.0
 92
        8
 66
     7
 43
1.0
 76
     1
 77
     6
 78
     2
 67
     7
 79
     3
170
     0
171
     0
290
     0
174
   -61
 93
        1
 44
0.0
173
     0
291
     0
 45
0.0
1001
ACAD
1000
AcDbSavedByObjectVersion
1070
     0
  0
VISUALSTYLE
  5
3192
102
{ACAD_XDICTIONARY
360
23A0F
102
}
102
{ACAD_REACTORS
330
3187
102
}
330
3187
100
AcDbVisualStyle
  2
Dim
 70
    11
 71
     2
 72
     2
 73
     0
 90
        0
 40
-0.6
 41
-30.0
 62
     5
 63
     7
 74
     1
 91
        4
 64
     7
 65
   257
 75
     1
175
     1
 42
1.0
 92
        8
 66
     7
 43
1.0
 76
     1
 77
     6
 78
     2
 67
     7
 79
     5
170
     0
171
     0
290
     0
174
     0
 93
        1
 44
-50.0
173
     0
291
     1
 45
0.0
1001
ACAD
1000
AcDbSavedByObjectVersion
1070
     0
  0
VISUALSTYLE
  5
319A
102
{ACAD_XDICTIONARY
360
23A11
102
}
102
{ACAD_REACTORS
330
3187
102
}
330
3187
100
AcDbVisualStyle
  2
EdgeColorOff
 70
    22
 71
     2
 72
     2
 73
     0
 90
        0
 40
-0.6
 41
-30.0
 62
     5
 63
     7
 74
     1
 91
        4
 64
     7
 65
   257
 75
     1
175
     1
 42
1.0
 92
        8
 66
     7
 43
1.0
 76
     1
 77
     6
 78
     2
 67
     7
 79
     5
170
     0
171
     0
290
     0
174
    -1
 93
        1
 44
0.0
173
     0
291
     1
 45
0.0
1001
ACAD
1000
AcDbSavedByObjectVersion
1070
     0
  0
VISUALSTYLE
  5
3196
102
{ACAD_XDICTIONARY
360
23A13
102
}
102
{ACAD_REACTORS
330
3187
102
}
330
3187
100
AcDbVisualStyle
  2
Facepattern
 70
    15
 71
     2
 72
     2
 73
     0
 90
        0
 40
-0.6
 41
-30.0
 62
     5
 63
     7
 74
     1
 91
        4
 64
     7
 65
   257
 75
     1
175
     1
 42
1.0
 92
        8
 66
     7
 43
1.0
 76
     1
 77
     6
 78
     2
 67
     7
 79
     5
170
     0
171
     0
290
     0
174
     0
 93
        1
 44
0.0
173
     0
291
     1
 45
0.0
1001
ACAD
1000
AcDbSavedByObjectVersion
1070
     0
  0
VISUALSTYLE
  5
3188
102
{ACAD_XDICTIONARY
360
23A15
102
}
102
{ACAD_REACTORS
330
3187
102
}
330
3187
100
AcDbVisualStyle
  2
Flat
 70
     0
 71
     2
 72
     1
 73
     1
 90
        2
 40
-0.6
 41
30.0
 62
     5
 63
     7
 74
     0
 91
        4
 64
     7
 65
   257
 75
     1
175
     1
 42
1.0
 92
        8
 66
     7
 43
1.0
 76
     1
 77
     6
 78
     2
 67
     7
 79
     5
170
     0
171
     0
290
     0
174
     0
 93
       13
 44
0.0
173
     0
291
     1
 45
0.0
1001
ACAD
1000
AcDbSavedByObjectVersion
1070
     0
  0
VISUALSTYLE
  5
3189
102
{ACAD_XDICTIONARY
360
23A17
102
}
102
{ACAD_REACTORS
330
3187
102
}
330
3187
100
AcDbVisualStyle
  2
FlatWithEdges
 70
     1
 71
     2
 72
     1
 73
     1
 90
        2
 40
-0.6
 41
30.0
 62
     5
 63
     7
 74
     1
 91
        4
 64
     7
 65
   257
 75
     1
175
     1
 42
1.0
 92
        0
 66
   257
 43
1.0
 76
     1
 77
     6
 78
     2
 67
     7
 79
     5
170
     0
171
     0
290
     0
174
   255
 93
       13
 44
0.0
173
     0
291
     1
 45
0.0
1001
ACAD
1000
AcDbSavedByObjectVersion
1070
     0
  0
VISUALSTYLE
  5
318A
102
{ACAD_XDICTIONARY
360
23A19
102
}
102
{ACAD_REACTORS
330
3187
102
}
330
3187
100
AcDbVisualStyle
  2
Gouraud
 70
     2
 71
     2
 72
     2
 73
     1
 90
        2
 40
-0.6
 41
30.0
 62
     5
 63
     7
 74
     0
 91
        4
 64
     7
 65
   257
 75
     1
175
     1
 42
1.0
 92
        0
 66
     7
 43
1.0
 76
     1
 77
     6
 78
     2
 67
     7
 79
     5
170
     0
171
     0
290
     0
174
   255
 93
       13
 44
0.0
173
     0
291
     1
 45
0.0
1001
ACAD
1000
AcDbSavedByObjectVersion
1070
     0
  0
VISUALSTYLE
  5
318B
102
{ACAD_XDICTIONARY
360
23A1B
102
}
102
{ACAD_REACTORS
330
3187
102
}
330
3187
100
AcDbVisualStyle
  2
GouraudWithEdges
 70
     3
 71
     2
 72
     2
 73
     1
 90
        2
 40
-0.6
 41
30.0
 62
     5
 63
     7
 74
     1
 91
        4
 64
     7
 65
   257
 75
     1
175
     1
 42
1.0
 92
        0
 66
   257
 43
1.0
 76
     1
 77
     6
 78
     2
 67
     7
 79
     5
170
     0
171
     0
290
     0
174
    -1
 93
       13
 44
0.0
173
     0
291
     1
 45
0.0
1001
ACAD
1000
AcDbSavedByObjectVersion
1070
     0
  0
VISUALSTYLE
  5
3E78
102
{ACAD_XDICTIONARY
360
23A1D
102
}
102
{ACAD_REACTORS
330
3187
102
}
330
3187
100
AcDbVisualStyle
  2
Hidden
 70
     6
 71
     1
 72
     2
 73
     2
 90
        0
 40
-0.6
 41
-30.0
 62
     5
 63
     7
 74
     2
 91
        2
 64
     7
 65
   257
 75
     2
175
     1
 42
40.0
 92
        0
 66
   257
 43
1.0
 76
     1
 77
     6
 78
     2
 67
     7
 79
     3
170
     0
171
     0
290
     0
174
     0
 93
        1
 44
0.0
173
     0
291
     0
 45
0.0
1001
ACAD
1000
AcDbSavedByObjectVersion
1070
     0
  0
VISUALSTYLE
  5
3198
102
{ACAD_XDICTIONARY
360
23A1F
102
}
102
{ACAD_REACTORS
330
3187
102
}
330
3187
100
AcDbVisualStyle
  2
JitterOff
 70
    20
 71
     2
 72
     2
 73
     0
 90
        0
 40
-0.6
 41
-30.0
 62
     5
 63
     7
 74
     1
 91
        4
 64
     7
 65
   257
 75
     1
175
     1
 42
1.0
 92
       10
 66
     7
 43
1.0
 76
     1
 77
     6
 78
     2
 67
     7
 79
     5
170
     0
171
     0
290
     0
174
     0
 93
        1
 44
0.0
173
     0
291
     1
 45
0.0
1001
ACAD
1000
AcDbSavedByObjectVersion
1070
     0
  0
VISUALSTYLE
  5
3195
102
{ACAD_XDICTIONARY
360
23A21
102
}
102
{ACAD_REACTORS
330
3187
102
}
330
3187
100
AcDbVisualStyle
  2
Linepattern
 70
    14
 71
     2
 72
     2
 73
     0
 90
        0
 40
-0.6
 41
-30.0
 62
     5
 63
     7
 74
     1
 91
        4
 64
     7
 65
   257
 75
     7
175
     7
 42
1.0
 92
        8
 66
     7
 43
1.0
 76
     1
 77
     6
 78
     2
 67
     7
 79
     5
170
     0
171
     0
290
     0
174
   100
 93
        1
 44
0.0
173
     0
291
     1
 45
0.0
1001
ACAD
1000
AcDbSavedByObjectVersion
1070
     0
  0
VISUALSTYLE
  5
3199
102
{ACAD_XDICTIONARY
360
23A23
102
}
102
{ACAD_REACTORS
330
3187
102
}
330
3187
100
AcDbVisualStyle
  2
OverhangOff
 70
    21
 71
     2
 72
     2
 73
     0
 90
        0
 40
-0.6
 41
-30.0
 62
     5
 63
     7
 74
     1
 91
        4
 64
     7
 65
   257
 75
     1
175
     1
 42
1.0
 92
        9
 66
     7
 43
1.0
 76
     1
 77
     6
 78
     2
 67
     7
 79
     5
170
     0
171
     0
290
     0
174
  -109
 93
        1
 44
0.0
173
     0
291
     1
 45
0.0
1001
ACAD
1000
AcDbSavedByObjectVersion
1070
     0
  0
VISUALSTYLE
  5
3191
102
{ACAD_XDICTIONARY
360
23A25
102
}
102
{ACAD_REACTORS
330
3187
102
}
330
3187
100
AcDbVisualStyle
  2
Realistic
 70
     8
 71
     2
 72
     2
 73
     0
 90
        0
 40
-0.6
 41
-30.0
 62
     5
 63
     7
 74
     1
 91
        0
 64
     7
 65
   257
 75
     1
175
     1
 42
1.0
 92
        8
 66
     8
 43
1.0
 76
     1
 77
     6
 78
     2
 67
     7
 79
     5
170
     0
171
     0
290
     0
174
   255
 93
       13
 44
0.0
173
     0
291
     0
 45
0.0
1001
ACAD
1000
AcDbSavedByObjectVersion
1070
     0
  0
VISUALSTYLE
  5
3E7D
102
{ACAD_XDICTIONARY
360
23A27
102
}
102
{ACAD_REACTORS
330
3187
102
}
330
3187
100
AcDbVisualStyle
  2
Shaded
 70
    27
 71
     2
 72
     2
 73
     1
 90
        2
 40
-0.6
 41
30.0
 62
     5
 63
     7
 74
     0
 91
        4
 64
     7
 65
   257
 75
     1
175
     1
 42
1.0
 92
        8
 66
   257
 43
1.0
 76
     1
 77
     6
 78
     2
 67
     8
 79
     3
170
     0
171
     0
290
     0
174
     0
 93
        5
 44
0.0
173
     0
291
     0
 45
0.0
1001
ACAD
1000
AcDbSavedByObjectVersion
1070
     0
  0
VISUALSTYLE
  5
3E7C
102
{ACAD_XDICTIONARY
360
23A29
102
}
102
{ACAD_REACTORS
330
3187
102
}
330
3187
100
AcDbVisualStyle
  2
Shaded with edges
 70
    26
 71
     2
 72
     2
 73
     1
 90
        2
 40
-0.6
 41
30.0
 62
     5
 63
     7
 74
     1
 91
        2
 64
     7
 65
   257
 75
     2
175
     1
 42
1.0
 92
        8
 66
   257
 43
1.0
 76
     1
 77
     6
 78
     2
 67
     7
 79
     3
170
     0
171
     0
290
     0
174
     0
 93
        5
 44
0.0
173
     0
291
     0
 45
0.0
1001
ACAD
1000
AcDbSavedByObjectVersion
1070
     0
  0
VISUALSTYLE
  5
3E79
102
{ACAD_XDICTIONARY
360
23A2B
102
}
102
{ACAD_REACTORS
330
3187
102
}
330
3187
100
AcDbVisualStyle
  2
Shades of Gray
 70
    23
 71
     2
 72
     2
 73
     3
 90
        0
 40
-0.6
 41
-30.0
 62
     5
 63
     7
 74
     2
 91
        2
 64
     7
 65
     7
 75
     1
175
     1
 42
40.0
 92
        8
 66
     7
 43
1.0
 76
     1
 77
     6
 78
     2
 67
     7
 79
     3
170
     0
171
     0
290
     0
174
     0
 93
        1
 44
0.0
173
     0
291
     0
 45
0.0
1001
ACAD
1000
AcDbSavedByObjectVersion
1070
     0
  0
VISUALSTYLE
  5
3E7A
102
{ACAD_XDICTIONARY
360
23A2D
102
}
102
{ACAD_REACTORS
330
3187
102
}
330
3187
100
AcDbVisualStyle
  2
Sketchy
 70
    24
 71
     1
 72
     2
 73
     2
 90
        0
 40
-0.6
 41
-30.0
 62
     5
 63
     7
 74
     2
 91
        2
 64
     7
 65
     7
 75
     1
175
     1
 42
40.0
 92
       11
 66
     7
 43
1.0
 76
     1
 77
     6
 78
     2
 67
     7
 79
     6
170
     0
171
     0
290
     0
174
     0
 93
        1
 44
0.0
173
     0
291
     0
 45
0.0
1001
ACAD
1000
AcDbSavedByObjectVersion
1070
     0
  0
VISUALSTYLE
  5
3194
102
{ACAD_XDICTIONARY
360
23A2F
102
}
102
{ACAD_REACTORS
330
3187
102
}
330
3187
100
AcDbVisualStyle
  2
Thicken
 70
    13
 71
     2
 72
     2
 73
     0
 90
        0
 40
-0.6
 41
-30.0
 62
     5
 63
     7
 74
     1
 91
        4
 64
     7
 65
   257
 75
     1
175
     1
 42
1.0
 92
       12
 66
     7
 43
1.0
 76
     1
 77
     6
 78
     2
 67
     7
 79
     5
170
     0
171
     0
290
     0
174
 26208
 93
        1
 44
0.0
173
     0
291
     1
 45
0.0
1001
ACAD
1000
AcDbSavedByObjectVersion
1070
     0
  0
VISUALSTYLE
  5
3E77
102
{ACAD_XDICTIONARY
360
23A31
102
}
102
{ACAD_REACTORS
330
3187
102
}
330
3187
100
AcDbVisualStyle
  2
Wireframe
 70
     5
 71
     0
 72
     2
 73
     0
 90
        0
 40
-0.6
 41
-30.0
 62
     5
 63
     7
 74
     1
 91
        4
 64
     7
 65
   257
 75
     1
175
     1
 42
1.0
 92
        0
 66
   257
 43
1.0
 76
     1
 77
     6
 78
     2
 67
     7
 79
     3
170
     0
171
     0
290
     0
174
     0
 93
        1
 44
0.0
173
     0
291
     0
 45
0.0
1001
ACAD
1000
AcDbSavedByObjectVersion
1070
     0
  0
VISUALSTYLE
  5
3E7B
102
{ACAD_XDICTIONARY
360
23A33
102
}
102
{ACAD_REACTORS
330
3187
102
}
330
3187
100
AcDbVisualStyle
  2
X-Ray
 70
    25
 71
     2
 72
     2
 73
     1
 90
        1
 40
0.5
 41
-30.0
 62
     5
 63
     7
 74
     1
 91
        0
 64
     7
 65
   257
 75
     1
175
     1
 42
1.0
 92
        8
 66
     7
 43
1.0
 76
     1
 77
     6
 78
     2
 67
     7
 79
     3
170
     0
171
     0
290
     0
174
     0
 93
       13
 44
0.0
173
     0
291
     0
 45
0.0
1001
ACAD
1000
AcDbSavedByObjectVersion
1070
     0
  0
XRECORD
  5
239E3
102
{ACAD_REACTORS
330
239E2
102
}
330
239E2
100
AcDbXrecord
280
     1
340
30EF
  0
XRECORD
  5
239E4
102
{ACAD_REACTORS
330
239E2
102
}
330
239E2
100
AcDbXrecord
280
     1
340
30EE
  0
DICTIONARYVAR
  5
23915
102
{ACAD_REACTORS
330
128
102
}
330
128
100
DictionaryVariables
280
     0
  1
1:1
  0
DICTIONARYVAR
  5
3819
102
{ACAD_REACTORS
330
128
102
}
330
128
100
DictionaryVariables
280
     0
  1
STANDARD
  0
DICTIONARYVAR
  5
30FE
102
{ACAD_REACTORS
330
128
102
}
330
128
100
DictionaryVariables
280
     0
  1
STANDARD
  0
DICTIONARYVAR
  5
9D1C
102
{ACAD_REACTORS
330
128
102
}
330
128
100
DictionaryVariables
280
     0
  1
Metric50
  0
DICTIONARYVAR
  5
9D1D
102
{ACAD_REACTORS
330
128
102
}
330
128
100
DictionaryVariables
280
     0
  1
Metric50
  0
DICTIONARYVAR
  5
129
102
{ACAD_REACTORS
330
128
102
}
330
128
100
DictionaryVariables
280
     0
  1
1
  0
DICTIONARYVAR
  5
22F26
102
{ACAD_REACTORS
330
128
102
}
330
128
100
DictionaryVariables
280
     0
  1
1
  0
DICTIONARYVAR
  5
4B85
102
{ACAD_REACTORS
330
128
102
}
330
128
100
DictionaryVariables
280
     0
  1
0
  0
DICTIONARYVAR
  5
427E
102
{ACAD_REACTORS
330
128
102
}
330
128
100
DictionaryVariables
280
     0
  1
1
  0
DICTIONARYVAR
  5
427F
102
{ACAD_REACTORS
330
128
102
}
330
128
100
DictionaryVariables
280
     0
  1
15
  0
DICTIONARYVAR
  5
427D
102
{ACAD_REACTORS
330
128
102
}
330
128
100
DictionaryVariables
280
     0
  1
0
  0
DICTIONARYVAR
  5
427C
102
{ACAD_REACTORS
330
128
102
}
330
128
100
DictionaryVariables
280
     0
  1
0
  0
DICTIONARYVAR
  5
3124
102
{ACAD_REACTORS
330
128
102
}
330
128
100
DictionaryVariables
280
     0
  1

  0
DICTIONARYVAR
  5
22D41
102
{ACAD_REACTORS
330
128
102
}
330
128
100
DictionaryVariables
280
     0
  1
1
  0
DICTIONARYVAR
  5
4B84
102
{ACAD_REACTORS
330
128
102
}
330
128
100
DictionaryVariables
280
     0
  1
127
  0
XRECORD
  5
3117
102
{ACAD_REACTORS
330
3116
102
}
330
3116
100
AcDbXrecord
280
     1
330
0
330
0
330
0
330
0
  0
VLO-VL
  5
411F
102
{ACAD_REACTORS
330
411E
102
}
330
411E
100
vlo_VL
 90
   -64512
 91
       12
 92
        1
 40
2.5
300
(&VLO-R . 0)
  0
XRECORD
  5
4565
102
{ACAD_REACTORS
330
4563
102
}
330
4563
100
AcDbXrecord
280
     1
  1
AcLyLayerFilter
 90
        1
300
—b”ÜÖ^”Ú
301
""""
  0
DICTIONARY
  5
22D12
330
103F2
100
AcDbDictionary
280
     1
281
     1
  3
ACAD_XREC_ROUNDTRIP
360
22D13
  0
DICTIONARY
  5
22CF6
330
945D
100
AcDbDictionary
280
     1
281
     1
  3
ACAD_XREC_ROUNDTRIP
360
22CF7
  0
DICTIONARY
  5
239F5
330
11D
100
AcDbDictionary
280
     1
281
     1
  3
ACAD_XREC_ROUNDTRIP
360
239F6
  0
DICTIONARY
  5
239F7
330
3177
100
AcDbDictionary
280
     1
281
     1
  3
ACAD_XREC_ROUNDTRIP
360
239F8
  0
DICTIONARY
  5
239F9
330
316F
100
AcDbDictionary
280
     1
281
     1
  3
ACAD_XREC_ROUNDTRIP
360
239FA
  0
DICTIONARY
  5
3180
330
317F
100
AcDbDictionary
280
     1
281
     1
  3
ACAD_XREC_ROUNDTRIP
360
239FB
  3
FBXASSET
360
16EC7
  0
DICTIONARY
  5
239FC
330
31BE
100
AcDbDictionary
280
     1
281
     1
  3
ACAD_XREC_ROUNDTRIP
360
239FD
  0
DICTIONARY
  5
22D10
330
103F1
100
AcDbDictionary
280
     1
281
     1
  3
ACAD_XREC_ROUNDTRIP
360
22D11
  0
DICTIONARY
  5
22CF4
330
945B
100
AcDbDictionary
280
     1
281
     1
  3
ACAD_XREC_ROUNDTRIP
360
22CF5
  0
DICTIONARY
  5
239FE
330
30F1
100
AcDbDictionary
280
     1
281
     1
  3
ACAD_ROUNDTRIP_2008_TABLESTYLE_CELLSTYLEMAP
360
23A00
  3
ACAD_XREC_ROUNDTRIP
360
239FF
  0
DICTIONARY
  5
23A01
330
318D
100
AcDbDictionary
280
     1
281
     1
  3
ACAD_XREC_ROUNDTRIP
360
23A02
  0
DICTIONARY
  5
23A03
330
318F
100
AcDbDictionary
280
     1
281
     1
  3
ACAD_XREC_ROUNDTRIP
360
23A04
  0
DICTIONARY
  5
23A05
330
318E
100
AcDbDictionary
280
     1
281
     1
  3
ACAD_XREC_ROUNDTRIP
360
23A06
  0
DICTIONARY
  5
23A07
330
318C
100
AcDbDictionary
280
     1
281
     1
  3
ACAD_XREC_ROUNDTRIP
360
23A08
  0
DICTIONARY
  5
23A09
330
3193
100
AcDbDictionary
280
     1
281
     1
  3
ACAD_XREC_ROUNDTRIP
360
23A0A
  0
DICTIONARY
  5
23A0B
330
3197
100
AcDbDictionary
280
     1
281
     1
  3
ACAD_XREC_ROUNDTRIP
360
23A0C
  0
DICTIONARY
  5
23A0D
330
3190
100
AcDbDictionary
280
     1
281
     1
  3
ACAD_XREC_ROUNDTRIP
360
23A0E
  0
DICTIONARY
  5
23A0F
330
3192
100
AcDbDictionary
280
     1
281
     1
  3
ACAD_XREC_ROUNDTRIP
360
23A10
  0
DICTIONARY
  5
23A11
330
319A
100
AcDbDictionary
280
     1
281
     1
  3
ACAD_XREC_ROUNDTRIP
360
23A12
  0
DICTIONARY
  5
23A13
330
3196
100
AcDbDictionary
280
     1
281
     1
  3
ACAD_XREC_ROUNDTRIP
360
23A14
  0
DICTIONARY
  5
23A15
330
3188
100
AcDbDictionary
280
     1
281
     1
  3
ACAD_XREC_ROUNDTRIP
360
23A16
  0
DICTIONARY
  5
23A17
330
3189
100
AcDbDictionary
280
     1
281
     1
  3
ACAD_XREC_ROUNDTRIP
360
23A18
  0
DICTIONARY
  5
23A19
330
318A
100
AcDbDictionary
280
     1
281
     1
  3
ACAD_XREC_ROUNDTRIP
360
23A1A
  0
DICTIONARY
  5
23A1B
330
318B
100
AcDbDictionary
280
     1
281
     1
  3
ACAD_XREC_ROUNDTRIP
360
23A1C
  0
DICTIONARY
  5
23A1D
330
3E78
100
AcDbDictionary
280
     1
281
     1
  3
ACAD_XREC_ROUNDTRIP
360
23A1E
  0
DICTIONARY
  5
23A1F
330
3198
100
AcDbDictionary
280
     1
281
     1
  3
ACAD_XREC_ROUNDTRIP
360
23A20
  0
DICTIONARY
  5
23A21
330
3195
100
AcDbDictionary
280
     1
281
     1
  3
ACAD_XREC_ROUNDTRIP
360
23A22
  0
DICTIONARY
  5
23A23
330
3199
100
AcDbDictionary
280
     1
281
     1
  3
ACAD_XREC_ROUNDTRIP
360
23A24
  0
DICTIONARY
  5
23A25
330
3191
100
AcDbDictionary
280
     1
281
     1
  3
ACAD_XREC_ROUNDTRIP
360
23A26
  0
DICTIONARY
  5
23A27
330
3E7D
100
AcDbDictionary
280
     1
281
     1
  3
ACAD_XREC_ROUNDTRIP
360
23A28
  0
DICTIONARY
  5
23A29
330
3E7C
100
AcDbDictionary
280
     1
281
     1
  3
ACAD_XREC_ROUNDTRIP
360
23A2A
  0
DICTIONARY
  5
23A2B
330
3E79
100
AcDbDictionary
280
     1
281
     1
  3
ACAD_XREC_ROUNDTRIP
360
23A2C
  0
DICTIONARY
  5
23A2D
330
3E7A
100
AcDbDictionary
280
     1
281
     1
  3
ACAD_XREC_ROUNDTRIP
360
23A2E
  0
DICTIONARY
  5
23A2F
330
3194
100
AcDbDictionary
280
     1
281
     1
  3
ACAD_XREC_ROUNDTRIP
360
23A30
  0
DICTIONARY
  5
23A31
330
3E77
100
AcDbDictionary
280
     1
281
     1
  3
ACAD_XREC_ROUNDTRIP
360
23A32
  0
DICTIONARY
  5
23A33
330
3E7B
100
AcDbDictionary
280
     1
281
     1
  3
ACAD_XREC_ROUNDTRIP
360
23A34
  0
XRECORD
  5
22D13
102
{ACAD_REACTORS
330
22D12
102
}
330
22D12
100
AcDbXrecord
280
     1
102
DISPLAYNAME
  1
Imperial24
102
FLAGS
 90
        0
  0
XRECORD
  5
22CF7
102
{ACAD_REACTORS
330
22CF6
102
}
330
22CF6
100
AcDbXrecord
280
     1
102
DISPLAYNAME
  1
Metric50
102
FLAGS
 90
        0
  0
XRECORD
  5
239F6
102
{ACAD_REACTORS
330
239F5
102
}
330
239F5
100
AcDbXrecord
280
     1
102
SHADEPLOT
 70
     1
102
SHADEPLOTRESLEVEL
 70
     2
102
SHADEPLOTCUSTOMDPI
 70
   300
  0
XRECORD
  5
239F8
102
{ACAD_REACTORS
330
239F7
102
}
330
239F7
100
AcDbXrecord
280
     1
102
MATERIAL
148
0.0
149
0.0
149
0.0
 93
        0
 94
      127
282
     0
 72
     0
 77
     0
171
     0
175
     0
179
     0
273
     0
  0
XRECORD
  5
239FA
102
{ACAD_REACTORS
330
239F9
102
}
330
239F9
100
AcDbXrecord
280
     1
102
MATERIAL
148
0.0
149
0.0
149
0.0
 93
        0
 94
      127
282
     0
 72
     0
 77
     0
171
     0
175
     0
179
     0
273
     0
  0
XRECORD
  5
239FB
102
{ACAD_REACTORS
330
3180
102
}
330
3180
100
AcDbXrecord
280
     1
102
MATERIAL
148
0.0
149
0.0
149
0.0
 93
        0
 94
      127
282
     0
 72
     0
 77
     0
171
     0
175
     0
179
     0
273
     0
  0
XRECORD
  5
16EC7
102
{ACAD_REACTORS
330
3180
102
}
330
3180
100
AcDbXrecord
280
     1
 70
     1
 90
1959938040
 71
     1
  1
9192D80E-6AB2-4A28-82D2-D83C9DDC01BF
311
504B0304140006080800B973294C4E8AD8E6F4000000A80100004F00000031464530374443452D374233422D344144462D423632432D3234414241413039383539422F4173736574446174612F446566696E6974696F6E4974657261746F7250726F706572746965732E62696EBD50C14EC42010450F1A0F1E4CFC000F5E47
311
28745B3031064AF1E4453FC0B015779BB0ED6669E3758FFEB50EB1FE822F79CCCB639879E18B10F2BD002539411EF1BCC4FA148670E8BBD76E1B769E9C65278E6B1F6F5171ED34AB8503C1640DA5320264894A17BA72AD5B49C429F69D236DF8F0739CF2C8E73E7521463F84714E57682C3B6E767EC25D3EDEE5471784E472
311
4492BF8B94276D7E13E5909F48FFBEBF7FF42985E98116AE65B56D5AA88D30506AEBC054BC015E6AA3355372A50C7D09699C0F5D4854158A5BC95AA8B4E1D8CE25486E3958291A656DC30AE3E8B49DF3D75CE718EBC1F79132BA4478DB0F1BB4FF0D3F504B0304140006080800B973294C545636F218010000300200004500
311
000031464530374443452D374233422D344144462D423632432D3234414241413039383539422F4173736574446174612F496E7374616E636550726F706572746965732E62696EEB606060F80F0540260323103700495E20ED9E9A975A94991C9C9C919A9BA80214B034B43472B13070D535737432D2357134B2D0B5307231
311
D275B13076B674717136307472634768046931363471713532B5D435353131D635313332D475727372D13534373670367376B67474B5042A03DBCBA019D37FE8ABC6157B20CD04146B0062181F4C03F940F0C11EA29A8141C08141002C0426541C106CAC2CA046088033B02A030AC2157C6006F21A8018AAF50194E6010A61
311
0250382264E08660284CD9E98021862280A91564B406929A0FF62C401E28B6F88038B83CB1243943D7A928312F25350524A3C091950CA4183E5CCA04D30E0720B4C16F087DE02784DE7003425F9082A84F780DE13B5C87D0094C10F107BC101A00504B0304140006080800B973294C88E57597CD3F0000904100006B000000
311
31464530374443452D374233422D344144462D423632432D3234414241413039383539422F5265736F75726365732F39313932443830452D364142322D344132382D383244322D4438334339444443303142462F7468756D626E61696C2F302F67656E657269635F706E67355B773CD4FF1FBF73E71C0E67EF7576C9DEF3EC
311
995D46C6A1EC5046649CBDF79E192942562825CE965D8A868C2842C8DE9FDFD1F7E7F138F7078FCF6B3F5FCFD7EBFDFEC41B196891913091804020321D6D7513FC77D8C5070EC3FFEE51B21F068154CC75D455CC028A3EA68992803810109FDDE5D5CEC5521B28A1B422BF80741695D5B529DA1C2D058AD2388BDA9F476F7C
311
2CADC939304173DBF48A452BF8A700C0C70C3D121C1AA15A5270C22E2B9E28763651F7DA0D12CE11077B2ECD0D560B5E3DE2368B1E65C5E1C87384A4CC5F2D9FB8BE39E9B77C753783A37998F5CEF1B4FEE553463245C9712270880DF339E0B882A6BA713D865F6F384C842D440934EF264F4A304F8DE4EEFA1E2BF5E2D91F
311
5ADD9613D6E31DDB33ED31DB1D7916CAF091286EA3D31B9CFECB78BB0060245B943C4C040119FF780A74DD308BA9D028678674EB5504ECF284EE814DAED07440BAF649BE4B55DA2890F4D73E2D489A59EE54FDB0A85B59F2F52C4858A02705C4815A792B0C4A996A2023ECB195073E115E3E3647F64243A8338F2000BCB58D
311
A5692C7E7C3D413F963FEDF3CF00FBB0F831A9D51360FECA43819F527B89FA260EB63C5DA676830AA3626A3693B23F1A17A0DFFCE3EE164E31B5365EDF0C89EF64D8E38AB0BA9A1117D7C3A0EC44F44F4023095E80BA610DE336D0F99593A88BFC5306E72DF98F7FD132ED95878DF2964EA7E43071359FD83B2BDF9C6B5BDF
311
768F0F3C0FC351199526F53D9460A34511F75D1B63E488178569472C91A94497807A3FD4A390C6558F26D416365C3656DE6E769DA9D8FC73774E1709812842DD8EF96AED1960F79D21B395CDDFE6F92CB4EB962A4668C76990E2EF29798C8941D67DA50F4A5F947872460F1F6FDB794E8A29FD7AC0C0D6E0714339CE258FB1
311
7AE8535221E3464A10F29A0BE5EEECEFC5675926A89F49EB14E5711894F6586DB5754EB4D5DA9C6437EBA57DB97A24F8B8A8DB295FFD73266CF57E82694DF5166DDF93573AFE9C9C5EB05F8FEF8E89E0A8917B0B3724DB7BEBB53252581EFC3E38166BA131A3A5B42FE2AD00A769BBFA4458D2DE7822F8C4F63D0B8E21B285
311
AE13325F3410A435C648C9D91FDEB109E73CEDA7BC796961AF79175E1A3CE4C5E8B0D009B0C9E29EFD98BC8E97554E3D8D838424E270F7685226E5AC268E021EDE3522D583E8F20C0BDE2959EF5BBFEEDAB32FE9A3ED0E39F211A86AA9DEBFC68182EDED132AB8BB794442D2D7EA9F4D8BFF52BC4D55BB165124EE90A42D10
311
1E67BBBB292FFB4F66DE5BF2300E44546757DA7CEF8932BFC9F92A0707953491A55C5A5ACEDABD9FA1AEA01BAC3DC5A24E22E7C47213493996EFBC369D086ED9397C9BA6C7F9855C7BD5E15BFC8C53DB3D2A4C5901A57ACD2FBDF4D1676E95338B2C2BCE65FDA4C64F5FEFDC7D9CA5AA1FCF11E193F2FDABF0F4916BF13FB9
311
16A224380E6462A9815F2300DC49CC4DF8D055CEF76462F4B7A7ACA7365C2707891370BC1D0AA6203C44CCAB47084FEC057F27FFCD57F89B8B9852459798A675C66BD7CE572CAF71FF7E6D7ECF7BF62CAB7B3F1107DCD04DC55A3F9961700286141C94A4F771FEB2BCDA2DDEE0CB0BAE402FF1DB0100F8E475DFFFC074DDB4
311
498AB7D186A7654DDB1CB680D703D47CEB4E72F8CB13D86A4AA68116E26387B93FD6738779B34FEDB8E517EDF2BAF28D9BE93A1D3A164320E07D42E514725C29515FF361754213EDE06B079A2E99EB1CA82A02019EADEEB87B9AF005BD04BBCECB14AACD6B24EFBE482194A97DD32400685FF1FEF1544D1B14EFB1E7F08E6D
311
2CD2AF52DE757F35F5E62332EE88EA26417AD5C3E0E319D68F25414E6D672BD4522B278C57D18F0113921C71D96527E091F00CEB15AE23D24667369BD3CEFA10C7549D930890BA4366F4EBC55F01F746109F98ABCDD5A3EE06619C6AD78AB33E48E4C9BD21BF7478B385EC05C4F8987E2C1BFA0A60EBEDAA0AE0B015C2720E
311
CE180FB6F2DEFBEB822D96338C9B63822183BBF52FB664A7AE57003AABCE512BF77E7E31BDA2E739AC4C131657DDFE5225E900FB56CC01CDE808FA4A9C9DA16AC679656BB64796283D89812B8F91136AE18EE5EBBAF47A73BE3C153EB5D4CD491B4BFB4FE690A4CF9ABA08C0D8AA64220C438C96EA6CA80B58FE5761E697B3
311
A292EB9FBDA502FA863E49FE694ADDFFF9D62C520BDD1A22014147A0903A05B9B729F54272EF83931FEEC057BFF8C8055C279EAC5C0011804828734024F6CFA319C9CC6867C727184465CD9BB7ED386AFFD96B294A85E3802FAE47244602D8273615952B98C4F23F7EAE4463D9D638EEE374A20959E0FE519C4CFB0FBFE5DD
311
80C2AA3F9DB961D1BDE57E67C9BB47B77FDD74EE3094F5DBBE3EBC1FBDB7393F5116263009E2EFE1AF9A221B2AE234C902BF70E9F280ED23E73908361565964333A3F01D0B006AF32FB21AA1316744B489D5A198E85299241735BE559675130955C902A8ED761FC0DBE337A9F91919AF5CE32AF902ADF9AB2615E00E8A9458
311
6BA1A90839B61832FF1BFB76D2EFADE6DB1BA04CCAD3DA649E7E2A0219F592E22F2AD54847EEA8E42271011E9074F8F3DD9FBA6CDF88FFC9FC7E811AD1CA8F4557CE4AFC7BBEDCF0114A48689F20A584520C74DA8127124B767E2FB91A6B186246727BE63C9445BAE02088D58B8EFDC0F1072407CD9B89A13F6303B4A928F5
311
93AD489B58E6869325790ADC406036C591729FE14021F94B7796BB11848D463536A092A26F077F94639F7CEEE2A724C66EC885F4A24F8B8A0AC321F8FD149BA529460FAA34E4663C02D41FDF80BCA222D42F0ABFF8490F4FA74C673807C2051D8E467B47B616072860069A9A303ABA9B319D58404461401B0A0F9BE5E1E151
311
C14BC33B32ABE03DDE91708DFAEB15E7C0D593C86BB7D7EC17BE56E57975F077BFD5525F3A1A361D584A75E08CF29FC7B44B2B3085014F3A5A14517377C3F6B8F37E59514C3B12F8AACDEDDA4DFC49BE5710101534CD6FB6DE15B50F11A09472AABA727F0C49D9CB906B158030065F48EB3625E010CEC1D511D0053474B11E
311
6A4F01C0D6EF1BED3A944FDEC70E0DDCDC756C86545910E0DAE3BE3AA9A404574C2995CD5CAF9549226BC94B4F4F0F5F9086F418F6B32346464610D8BC7391D3C3A3CCF04CFC1FB2A3A3170E369511868F14EEA4E5E438CC73DB1F3248AA94B6B2FF33B222FF3D1E7BF146CAD229770158063BCE4F5391964DF62F7E52A7BE
311
0EEA829C9E13C4C147D6F93FE59E111DAB5E4594D6F3CD1AD375EE039930EFE5AF2BB2D41C83C7DABD8C659BAFBE8FAB392CA634F3D15C1D945DB4588D2B0824A4EC928AAC565557CA2F0DAA588CA5BE30B3A8004F7BF005E96CBF891D7F18112A3619FDF530DC8AA64954258E1811789B5189B49B4EB53F5F89F7D3752389
311
4F3EB57B373763C91E502F52CC99EB7BDDF933FC324C4FFC2561DFFA7339FAFDD0A4BFBE6D3A8FF9ED1FC49898139864602458968913181918F719CCF5A68B2EE9C1FF050E34E63107003B8120FA982C21B30A874E4F5E4B38D5A8290C4B8D9BE48A0BE31EA995BDC37AC6DE90BA17D259DEF53605D55922FEB1855D915B65
311
9FBEB350EE0DFB2F9F766E1C84CC8964B75D08667445EAB966015F63A18A9E0A325C1B3DC628C0D3CB60F767FA93CC65F25458BD23C3B312716E5F40E5858AC06EBA9AB14F95DB99147B832069201541D09A0D856E12C629CF32683760EE855537D1901988D5EBC156676C7DD51D7207CF3267AF1D76C2AD867315E4461801
311
5313A98B19941C696FED3461CAA9B5415F918556D7802EDACEFD6B2E45853A9735DFC9DBF7E440F9319F8B6805A973BCCDC76C069A9144E51F187EDCC12FC31B5DEAAF0A76137199B106EC84ADA6B6EE697D4E6A96E007417F4E880E8B1E89B4BCE9D81EF611E2ED8F0C1A6C25F620FAFAAB656A7C42D464880E8AFAB0E0FC
311
8EA38CA9A8AEEAEE3E4648BA4680270A89743CDD3E6C6CBF34B7B640EFA285ABC7EA0A1E28F3CC963D114A80123EE66D0AF7D5380EB41909B605AB4765B709B808590458157E69BA1378FEC4B48CAF6A730E3BE3C5EF2DD1A5EAF94B1DDE50CEB55DDFD7EE9A16747FA4B223359FB1FCC69E1194892BABB93A1D5C4E807AC0
311
EA2E30180811E77A2291F6E7F7FAA5E0F60215BC6024E48DE436C511F0628B8CA189982D4D83CCA17D305A7E923C37941CFDFDCD93ACAF735EF5F0E61BBD3E6C41A59B242790D3A3BAC7064DCD89AA2E37214EC839820949D5CAA31E240D2948E48F690298974A96BA9A8432BC90F5071D6537C9666EA4564796B7AFFFA548
311
077BEEA75F63083435074BA182F3699557397F71548383FDA8CA34D99B981E72835ECDA5DDDC151315173D05A21F651AAF8524E88209E2E7A737ED1045800CE3390050BCFB8BE588DF111617874C62575039CA588EEFDEFEFE319B739DE2EDC147092A262611E159650E787917885EF08F1F51B8F2D8A71D60B58B190FEF95
311
41A1BE94BC19FEA50784DA1419FE4B0FB51B8D36B5FF8E1286FD8AF42B91E59A5F1CC4D60174E764045FD8C57B18209B217F89A62252BD20BE0E63E12B8E8F029FE19E0E8D0870F58721A557082250D5424F7909369376E41666C0EE77CD87CB283F661D5FB6D0DA023CB67320A20DC7BE661E9E1BFE5463085C557DA1FF9B
311
E835733766C3D139F2CF9E2208873AD0EB4814DE9E6BF2CAF81614D4D43906ED1C05A3265CABBFE192770FC2F64F940CB6B17B5F166F133C9AEEAD2641807C3E69515171DD74C4A85311513D6EC9530B3B601B6BA3EBFF3B5C3D2F7D69765141E345F75433953D013ADDF8F6AA7DC3F4A7563FE5C7D367937E2900D7EAD0F9
311
FC9A4A1A9B5BDF1FEF08532660C01C5D6DE22199AA774383E306DAB87E301ABB7D213887F9869D4942D0D71E94B27EDF216A318BD488D45DF84529EF575AF3C3938C0AAA0215B01994153E2054A0B894DA5C784980633AAD48576957CF4AEAEAFADC7C587368551C73DBE1E57C58AC713303A8BFC258BD04B51724459FF9E2
311
4C03A81E0E0679CEB9B348C0DC998FEB9C6D6EFA77D247CC8F92D3848599ED89A23218D0636465AD1CEEB7DC140D7426F83491C4E8E8281C2FB35240918FFECE880CA2A42D70E8B20B34DF5221C7DB0CF90ECCB9C745B37A47E9B716FF7A97B7A252C1F3814DC7B1E1A7F72B8751D524EF7CAE45B0C73B3BE7D08ED39781B3
311
80DDFC9AA4A4749C9493DB5BAD07A6EA6C092FBD0E85DB004DF06B8C9D3089C5320187E4CE1846158C7EA7DDAE8AD9AFFF21AA3A1026BB06A259845E8232DEE62811A4DA9CEAB3A4887320B76E2AE5615EAB7BDF738CBDD01F1E64064BC13D9EC53576751CA8CACD58B3CEB0E6CA585BD089B2A59B9FC101403387AADBDBE7
311
0586B93D64BF3AD4453EF9C3B6A93817E8346991798601344F79A83C51F3D50F7BF2683A3605F51A72449489E0EE6169C749C60B1035651103AEE24D24E51A759C840DD3FC6504DA6FE107510E447B43461C79D22970B75DE5E1BD3007D1AFC619A4A4A69B5626AF5E9B8374E20677F77E2F8E73DF868E8BEC7EBA7B6A75EE
311
F7205E1AB9486CB642741D6E03FF13FCCEDB1C4AC129886268B01CDF4B124AF797CF784F3C6DEC97A17D4B558070A0F1C04DA4FF9BDBF34159AEFE958479824B3F58EBD1E19088A2AFDE501B6F2052368A3FD0E650A179EFAB1561E1D27527077136E652676C3670F42DCB3352F48F6BC86D2C3B0051727E41A0A4DC6CE2BE
311
9D47F5CAA2935A3C0539AF080665997194ABECD723B08129CC5B6B21D2E7D54CD4D12610E7E9FB8306771A89576C7A982002775ED44F3F744CF21EEBB27A631671D921938AAEE3EB0D19CD1E083727F607823E817BF599DCED5394E37EEBC2E88782E638920CA641EF74D4CDFCDEF06F4278ECB18E31E7E9876F2D783C8BF4
311
29C75395F57E98C2B495A3DA077EB3AC3C158608B6B57FE3EA48484D9A480096FCEE0DE880950E7E5A5714131C5C41AAA29FD19AE81AC145FA1B9E85C7169A5AB837B213493DF7E9AA4B5FBF9CDEB36EBD21EF1181B7CF7366AB2A951D01E37AF4EB835D1BE8C117CFBE7625D2EBCDB0B20C5A4B45CED0BCDE3EE8DA9DA78C
311
2E21DEAAFFD1197E463C33CC6A80FB785669B856EFF7A8CCCA2841B5A5369173320B1170C368B2748D81062EA0296E5E2D95D7667A4A46D98A6FF475C76AAB0A8C8D45E226FAFC9FE0133EA9F60111F99CA81ACE03A1D14C89E8B0D69079C91464FA1D99E651D0EAF606F345C42A8A1AA9BA391031582B96D5B4176A77AADB
311
01F12FD298A75DEEBB2C82F0B8650E880722F8DDD90C56A7A058E5FDEF1AC93545BA27367C76F5D8F9690CB6F8DAE141EDD7971F0FB548A2AE435F224D6E5954CA155512F7332029D5A1230854B79F258EC5FFDB09F5F6343A8EB193229B7F7E79B3E48F8E183860B38C8269D1B53738FF1E0BACF6AADA6D4869E9DE708E79
311
B5DADCC09B1BC76F649731CFAF59A83FD8BAE4C749D66FA87A3810D4D62FFE826FA400C0F325D2BC0F3CA35F5847B82A2ACC7961745C823E4D863D54460AF792CE6F79B5C7A33B25C3AEA6CDE15A919B6367D781E9D44F61BF828672594A3E1D9EDD6DF179A81F27EAC05B936575D73E05C209DDD2115CFB705DF9BBF3C911
311
589B3640735E9E618FC9C36A7326C82B2205E244C55D56FDB9D5DC93CE958D4BF8174D2B3DA54CB3C09F2C2A6DFF73D23B2197355761AD421EC581284A7EF8DE2CE3497C0C804D49B41DFD6A7360844E5BEFFB495CFCDB97A4595911CDBA623274CE852B5E278AF0BEB1770E9D37CD977B2766A7DED0E94B840E1E95E8C77D
311
E5CB6354AF7871427C28ADBEEF7BA0A28E19DE9ACD75F379FE373EAE6DDDAE3834692F9C2B03B4FCA8FCA9ABE8EEEBEBB725B88A7C90941E850682CA04061A7DF0CE82ED49BFAFFD42C309818FAE14755CAAE78B0F73243ECCCAD7DF58FCB9CDFAE7A4D3E6671A613639130D056C8383C8F4FCF4808C331E544DD26E4755D0
311
9EA05253B3049A1E32587CC25D72E073E2CD96D04A71BBCB0038FEC3F53D254199C3CDC67CD66640269431860225392B2CB3ECD0B4498AAE78BA1994246AE1EE78F2EDFB79F6C6CB6B5E279C4D373FBC21CB2698C9ACBBEB6A4BB6B39E16AB0E421CCBFC7654D81ED86022F9BB522146F9F4772E2D0E4FA70120C95A85A417
311
BF5078B232F4754363EB1750B2AC2148EB46B1EA72AD9B4D23ADCBC589D70106C3EC2ABEEED84DFE28E718C6C83502C28E9FDD3B09DA0A6F6F7B72B706A31C9E2A331EE70DA56A083D2177BFD63C55B11D8D949FAFCF90B23A1E24B9B5018B9A17E99F2890EC302F330FE7936E2C23F0D237EC8916F5166AB84B62A21BB0B9
311
50146962D754F92CC2C8877BED8FC7B7B25726DD19545392570B3A2C66B58F027BEF412E552D12A588C4A3CC5C3193FCB3485EFFF700D0B9EEC077754A33DC1FB9E25AF814628F91DDFECB667D3F7690803F38D13F8AE39353523BB08FC6760144AFA2CE28236F65EDBB3D5F59A57D612B99E3D7E5F8A851666BF9B5A6658E
311
FC96EEB37A378ABB0EB3FDDF1303AF32C41BD1C8560745D7BD81066B0D6313359CF488563D3BA3F8E2185D1FAA3EBA1397C9D0E3DD232180A4DCADB6AF25DB3AC3CC26589C8239E66E81547BC7E2F328F9884764CA37EB5DBE390DFC03A5246B456A7C3684C4377D0EEF9A350680FA9A077E8B2957B489E09AB1AD41316944
311
C2254B5984830F691C93CAA767EECF976FA5647538830B5E63236A6F0365C1E0F3E327F24FE35EDDBD7360B0F7374837409F7A6311BECC12B7026D4FA1AE204FA3F5FE904B1F420C7A9044AE58E403E7C4848E7DA25DC9EDAC79DD756FAA26B9EA83ACE8A214A2612A22AFA19DAE7DBAC5F8CDE1292A485F98DAC731A29FE0
311
1A3966E96BCB9FB5A4C8830E1B9AF0C54B87FBE221A097036E5D28D1F869F810C06A9BB0AC0612F69AEBAF893C6E7AD59460208BAB3A6B09CA4F6BDDAB8CF0D1F84B72487498395A70DCD754796E271099A567A55CF242BBED64696378BB6CF25EF0FCDB589F3A82F1116D010A9AB9FA4358809EE0C973A2B4229BAA876A70
311
B03AB49CBA7FBE71DB1832FFD32F9BF2C8E98075CACAFB36921235D0F552B6A67E94E094097A5D7DF681B40623DA535ADA7A9AD8E9A62407D7C9A5AE51D62A17A83A23728DE86BB56115804D3F2675F2C6B87541A0FC497BF0CA86420F558C9859EBE9FAD62747E323E3AADC03FDCDDFE7407B09DA90B44E3185723C5381EA
311
EF589765E2F7A099BA46695BAD60CEF3491B8A171F5F56444F7CE9455312C3498C74173AEA0214EC029833B34B650CBB5A5508D5091665309642791708ECF27CF11DB3D797D6CFE474453BD4BFADB768094B2147814D81C7CBAF8228DCAF5564B5891F5EF6A860EB2E323CB82AB868D8EA048880D63B0DE5341F1B3D53297B
311
928A11E15F25E5148990F710747C3509ED14909C552EBE3973246FCE55D00564D8310BC3EBC5085D08D806799B77D6C57FDF5E55837F9E934F09C03C729271B64F12D0A9F9E938107CAF7BF1EC8CF1BB9B42363D33070F4CACB425E605DDB0A34A12BB936DE286B9887A4E2E558F0886498BFF49C311D96C277CF6A9FC0D75
311
AD0ECC5226D7E0E3572012E56D7FDE4410CEC7A6D0F997F225A2055B8B92E3956E875AE4993CB3D4C9063AF98FD45E1BAB165640A43439A2C9181A7C355B297C0A0CCFFAE19B6FA3C2BA238A885FBC98B8F6DAF4B94B97304878DF4D8BFF6A4AEDF79E90ED4E68F00CD7299F4E0D83E35601AF0CBEF18C1E870E74758FA91F
311
5131075004DB3CFCF09AE1DABC11957FD9808C92E8A678CE9DBE40DDA0E0D1D505AAFBCBA208232BFB6FB3704E8985E61ADE53DE74152F5C7DE74B1DEDCD37DC3E8FB30D7EBA8B9EFFC3606BF90B8D438279CB7709FC7C00D327F41817EEA71CD9E49FE9C8C9A81C70915D9F0F15958EC5AA4C3BBFAF46986B90F188BDB24B
311
89DE3C6F29EC3E6F66D84856EE96A35E657CA41B41EFD8DBFA16AD6E91439EA92B40B21C053249F51AE50EB0B24C770FFAF40DF12C8436366819C48E36547D4E7B72FE2BBF10828583057814A668BDF183F6B2E58DFB151103E56303E63D00F39C27C4661605DB644D19175D02E3F0241E8FC3458D17AAAADB117CE9EEA690
311
D0DB01E634878C04C2C9310B69FCAB831151E3AD293BEF6E46B0ABCECB50F5939B39C613D41E81FAE8D34CAE3C4566B761D37185FE864AC32FCB71AEF39DAA5BAB88609BB980CD2F07A8F941653B529567726E2B2A58D079DD57E1E5E31426CF184A04D7B03B985F276D47406AF276FE32E3328BA866EB1FD39BEF57863A31
311
7634AA5FE467409B3873F5069EF0D71AF00AD189D17BA1974ECDB2D623E9E14086386A6AAB5807825C37B015BFE892AFD154920EC437EB945D958E18622E1E0FE2FA06557CE4BB9BBD05A2D40E774DA2B65473791E314B7D6C886820B2FCFE4AA272B3B8B15E7344A145E8AF919B5454D89D36D413E87211186BF6F645E5EC
311
94DCCE8E1C799022E4EC9BC86D7A0F2AFB1FC4B2CE48F84B3F49ECE65BAD24CADCC07EFF39AB06BE9E6B27A059938EA7208838455383DDBCFCD967DDE4650EF92A14FF933C975DB20BD7FEEBC4487576485963D757D16340D9599FEB362F775F38CA4185A86F74B629C81B133644A3B18FD056E997E0734F9BE26D11C0AAFC
311
669E2AC9FC41D281F8B2E1C35AE27BCE05F3DA295488096688719D974DF1B5D182DB7792288697F8763CFB43562C1CDEE11C4AABD5C22B6E33F6F389CFC3477C5919DC0D533F8A7A1846B7ADB60ABDC26C43D0CFC8910B7C15EE22675BD02702ED39DB77A87A192CA7A543E6205B979B9F5A6B512A3CA799E198B2D5797C0A
311
F8D1D872CA455D4D431A7879D4DD76110B5FF7F4176B54477A9EB5E4A5D11214FDA585F0382751D8E2582BA5D2075053298FEB8F1537304E32CB22C2E2B693DC0A760B1DFCA751BDC445AFDCBB12820ED85F6D5298933C7EF1211E9E057684056CDA3FEF3BB6052355E162DF27C59E965A8DDB7F9437EB72CDDA3A090DE65A
311
5B2F50326247B7EC67B73ACC7047FC9B353D6EE990F772207C6EC52B39DC2F3C0754821DAB559F7C1809C7D0DD5B0499D0442E0A6E391B3D5DB46D11E731E6794EC77523FBDAA242ED67F9FA1FB684255671F63C9BCFE6E7E896D51001A6113EF2298BA494E0B0980D1FA5B9D60796554C02256B1E0345FB7C6186B6A19D2D
311
CA270416262845FA4F42DB5D9B0A0B6F07FCA2E56C242522E001E0CEB734AF310FC8BFB57E38E03AACE93B3326A2197891E68452B26A6307FDABFEE0223D3C03C3C73D2D5BC054C8311F12004CAE488E5C29287F8156A2CAA4AD0D7BE6B97264E4139F437CE73ADF52E5134C52B819777C18B323A5924E4F67AFD13B1CDC3A
311
61793A79FAF5C0CEB718E441071E797C6DCCB9EFCF7E4A1E9F3DF3C2F9C9E8294E9586868788C972857FB0556D7A26941A7EEB9B580AD78EC40B85DC906B4120A563CA3B87797ED612D3B035962BB75F6515A393F4CB057F564CDF54F2E5A024514E6A1F901DB80C7E70B1FC05E356A7E72FABF4775B3E3FB8F70A2A8E7B6A
311
94542BB304157978CCC999E707A29CC795E67A59CC546A5D47B368954CA7B6E75EC9E1F6FC73CE3B4F71F8CB1A6B15923D61EAAEB14626AAA9D04A26EB9C66CD1BE86CA31A5D8703DE04CD1EBCE4F5CCB62F93909AD11E55799A781A956ED27D3E738F4538CB04ADABC7DAEF20BC35BA6A90BCC1DC61BA05F20D8832FFB9BC
311
9B15E2DB838A0AFBB7E0C82A562127E0446894F427794C3037186F622BF24DE1B00AA10A23BFA47B2A180D6DA5AD6F7326FEB8C100C2D7142EB2A0B2A9D1008A09BA343D70E054AB69E2A7EDB783CBD92537FAF4A44D1296AC2792729104B3276C276C951D0CF3CF3F1E6B017720A7B8505A5FF9589365979678C36F1BAF75
311
9EAF57C60F1FF5FE9DCF5F8E764FF25A2D06CF25117A8FED51884C13B2B750DB0E4F5E3D64124FCF11F0AD8F1CC3B3DA4B38ED22BF1CB2585EE6BFEBBA63FBFD44F9537B9B37BDD6B358720F98A8125AED4349CCFEB0E135F19E208A04CA7E2B10711185D72E381F448036EF57C9F874E54A971CA37A639E986AC0226DC5AA
311
00D5B14FEA9192234B3DE617814FC221C92F33F1D392F297731B567FD98FD91D989379AF567A65B8ADF177591DB90FBEA99BF4ED11B16E50A0AB1DBF1156D034BBE04D69D08F939D8E92BF525A1DDAFF80ECBC95D8F45D3FDD289FD23F7D8B452F8EBB34EC082DEEE68E18EDDF072060FAD2AB1504DD4879BF67099FC58F6E
311
9DEFBF645D16334A3E9A127C6F1AF6132CF287E433B43A0EE93812B4AA0B194E03EE3FF91EF9C6ED0074A2F6EB18A96A7C9890B1FCDA1F2095E944DB911ED54C60DF16FB74C8CE9BDC7C54C4F14078CF73C2FFF1F1BBCCD7CF64F71407EA1683DBC410D226627F66E509060D5C0AFD611DE681D509DB8DD12FB1265B03C6F5
311
C55FF4C30BD94187FF692B4F152982502F193098A789526A038AB529A52BC0DC4FB6285CBAC10A8B8DB75DCD9BDABBB221E27D1F8DA9F5EE5926A1C8AA9BA9BC09239C6A7F12914EA3B59EFF7AAEC3FFCCE56F1C5C2980AD072793527565E774F4631DB178CEEC691B1F367BEA0CF2907E1D6B854D527065979DDEF002D8B2
311
ACEA7CE21AE297737EDE1D45B31233B73FEA35BCFDD0B09721FDBAF6432681F2FD10C3E9EFB246FD6E854B344ACC9D8A0EEF876A7314B49B6A499FC650B099D650DBFEC7638ADFD245E2B7839DA5AC5F7D5623FC0ECEEC8653FC9B2BDD1AD4D00A566FBA7186DD3C9CD26512551637498CADB950FEC71ADB9A5524285DE328
311
B8EC7EC75D2345AEC6A27C42AF6D9B92155315C80DBFCABBB7DA0FAE425C4FB896B15C9BFAC4FE67DF5A23D30C93DA4D8F36FB15D100050DA6062E22AEC5F4DAC4F6FEEF97AE05DE63C6D38F9E068A20BC5E3B6BCD75320C5090924E7F93640A7735B1A43451C2D91EE62C6238B797349E59890AF3A520DF4A87095F3ABEC2
311
E61F0593416CE46CDCBE0E00E2523FCCD04408588B5B6C9DB6459C786CE378770B54F51DA3A5E1DF2A3349BEAAC234A6CF8993B598B3B25B4B113E353A4D750FA7534749430F3EBF2512E7EA3FD43C6AB9A1F765A58463B306721A15D224FAFE8C6F5E3432D57EE697DA0DD5A9D4866A8BCCAAA9DFF1F06047851408FEC060
311
471D0E3EB86BFAF46E4B5E60311DC3E3CEA147C75CF971BE74689507154FF2D2E92F15CDB2B9182B11459FD8ACAC5A85F174BC94A7F4EE4C4F5CAFA7C02E37BF0BC77B7DCD0C047BC316F562A01A441AFA7931CC84A28CB9F4AA367EB515778F29BFE61195FA671F4352E5E46E3A64773F1F76EE5EB36D7BCE9BCEAD837A4D
311
77F8DB8C92AEEF6711920D7C7D0F76B0FD0EB7AB83724CD35BCA7D36DDDF5FBB7FF6F04A91F3E2BB3B8F1A43CD659639507FF6331C5F697BCC782AE57D757A27D97F1AB9E0AEDB43F92F1B2AACDF5FEC8ADBAF9F814E2027003BA2F9E144B1938A7A04050AE5D953B82C45619165C813A10E76DD6906B3C16438064D14CDA7
311
13AEC420034613E1AC7241904A49FBF87409AFB1FCB9B72FE7933A87D8FBEDACECE4EDCF6A4FE9FB94D5DEB74FAB7CFEAE17EE965DF980DCCA2D04134994F9A2E94D2265DA4FE6AA7B7AC15FACAC2B5ABBCD7DFF542C5314FDAB2E1B9D8B65220B8E2B638BE008E8DCA22678C820C5053664D15E89F2D735B51A84955E81A4
311
43545E9FF787BE0FA700A76D136C27DA179A7C6E8939E01BE756E19CB292798063D8B97F44E8A27BCF3A614FEB8BE974A718E86F7EC99B53CA35FA24F61F2B07266684623A3D4CF073E511F3A10A8FDAFAF0078C577F4DF9D339FE7862E5FA47CF4344209E5BF76D783B1B48E152AD281B15FCB934DCDA49CEC5706B1EE8B4
311
60F435324A5CAD154725E21AB8044B75A557A79F6C807B9340AA3D92503E866F4274412926C8C504E4D5EF8C0E68DD0B028781A6B4054F11CF18941F101C57CCC796773ABC8DED9CD91FE5788806C05E548895354AEAC96546D55B0E94A59F148D061F42AA398D822CDECA4CDE79E13469BDCC44FDC990F366BA5978C15F97
311
ED80CBFD73B0CD9B8B83A4F6845BDFBFAF034019473FB9A63BD55D3A4A7284757071574029A4D016DCCBE95DD679EF3C4880BF169422F8C89B68A988D2B13793CAED4F74DE7486C72DC94DF46B8E93D8E02EFCB1FF9B3BA10C8AE7F653DF94F4AF466CDDCEF5776687F7C4C14B63E4EED1719DC2EC482D7DBCC7AE518CDE3D
311
5FF86D39000EC3673C0044E1D308BF05F74D1B5F033A7D1BE7F74BC55BBE3E4A20F920946CA0271EB17BD2B80E5660ACB8A29A79F5E4BBA49D4D945B6EEF4A7EFEAA65E5555BBB57A7E15D2F83C69F30BBB978D2B39F1F26FC097424D39BB33CA3D87ABF64E307938B685BAD44F71556A30B7E712CA4FE600613C3E554B69A
311
DE949A7CFE214DF1FFF05CB82151EC6FC31950239F94CF7AD39DC473F6EA356E5EC2C4EFA04383CEFE985A127484366FBEE3C0EC4FEA363E4F6632AE781392FD45D67B63FB8DF70E82734F431FD3443172A0E30A83D60982D55FA6A2CF86DBA8382502ACC6CDEF3B907982EED1160E14863FA242F9757347E1544275CCDCF7
311
1ECD5F8621CBEA326B8BA884AD7F825781923E66971F04010D574C541D8427A438A37EEF8AF88240EED7362C953F5A81DE2D56109CDE2524EA0F5D2F87308C0C47BD97AD605878AB8589E17CA83930CB5E0DCCD75853D68B1AB136594926DE426C367428E9334AFAFF90ECE221BB5DC9E5BB53D2CDEF954EAA9CD814F0E572
311
5F1965DD458E5F8487683AD86B9D0076BE3EE91EB1CECC5331A67A3F79D8B27587C12EC2A6A70474749F27B4C0BBAFB94B34189E88DC18964BE4121B9137FD516C7755356E50D6714E31ACD222621EBBCD1CFF81D87479056A9DA0E0B8EA19D24CF937DA89F78E8650CCBDC110AAB6C4E46DCBFD0446BA9E2060E81F314AC2
311
031E88135E5476AC0160EF5C0DD2EEF1B8B5CB2D198BE9A554A9093B5F7D7E4B5407DDFCA1D9C152FD97F55BFFFDFE802954DFEC8995B983E28AC92F1971E28F531DC407A1280EB125F64A72E617EFB27DFBCEDCDA2D6F2BDADA36873EE46B9BE1782998C63DA7182BC383FB6FD15DA472B175D7E8B4FC88F38D6E07FEAA3F
311
A3CBB8F6B449ECF14D2175E5C5CCA3A42ABF24CA6C9395AF74535F4DDB38CB84F56614B0FD32D7E19CA5CF988DB4449C40E23DF2B16772594554579094450F56F253CD25EA7F77366FB1CFE79696C428BB64D5A41E986189427E5E4D7E2DAE3D5BB4972B3DC44EAABDDDD63A2264ECFA5C786EB0EE1FDC5BE34FA0F0837686
311
9FD1E61EA06CAE15191135445EE8F0394161C3266A596AA035572BB0C8876180D8B9C77D307DF9DCDF7365ABDA6F3A2366436457A4DFC1F259666569A9E4A79C817BDD5610E5200FCE894A358EC72858D50EF67545DA81C6FACE3D457BAF70367E1E6BDD9A952FB4F56247F58F523B97E640246051A72F79BE42FFA0B3187F
311
63097F91C48B868586F714B0EBD5A00A8412C1236E1298F60C72BE6C96B82B404CADAA304AE9F303176B14BA53FBC2D5E86377E35542019E24D97B96A49B2C0E5006E7795954DEAF5DA58958839043C6C70BD3B1B33B6DC5C31316D8A6923F142E26F6711A2258AF977DDF1F970ECC4F1F2B434B96D81BEB6E89BF3BBB3C7C
311
8CC80505070723D6D7D7D3C8CA27CA164A26024FED94B12A86031867241DA53D929636DA600F050BC40CE48B8BA03D69224720DEE2ED2127390BDF5E6EA64527BBD4C4C63FA76BB801FEEC0E61218EC98A8A86CD8313781617877E66692839B9468CF4DB8E50A73986E558E309C0D6F676F921BE02F1185454DC75B111572F
311
F9D27D85EA14C05AD7271225B391C4275659CA4A43759D0BA44639BE4C30A84DB7F67A41399FB95CBF923B1B1672ABC807C1590557FB18D811983FA97F5E609516D62281D38B1281F68FC75528C35E4CD7DF0F7DBB5E5DD69C414EBEA2F4A5B241B996BA77AE6C772E367408C633EA3E438B68563EA8BE7667F3A4C4FDEEA5
311
2ABD78A2820F443B7914A15F180018D231E64519C56A12F6CA7C8DAE18F06F6B769DBF92329EF6A5D18FBCE600F36BD8E8198DE5CDAA96181F3A756EBA5501CEE58F497EA4F418A2B82565B9BCC611713C0B708CCA1F398B78C5F7D03B3437CC18F13061F55C7BEDADD5ACB1DB0E36D3CE47FF6EA1A563A57E9649EA5D14D1
311
A50EAA457463381C073777EF1600607BAF6428A7DDC079D47A204EF1E1F1F0589FB054D45E02CE623B3823C317C601E589E22B1E88B448524B86A82828E32345EC18AE17214B42F8C41C6D428016D9BA31DDCB47572561E5A402E5BA4FCE55F78AF7268524AA04130F3A20BA5D1E9F9948EA48FC8F5314FDB35E2189819806
311
0034ACE5E3E2BBCA34092518F275190AF65F45867FF0900AA4B81F25427414C372BF51DC29AA855C5428EE1EEDD6B849AD60F6E73475C2D2523F8A2772C840A478DED18A8C5C91B085F255DC4F54EA7AA8947354FD17ECF8FB3B4A0DE7B483CAF3A1165EE05BBA413E5C1FEF3DE1D6B8F2F3F3251C17D9FCAB48A9AAF63AC7
311
73A0E413BBC46A9ADF84A566FC920E4D8C52C9769EE3301CADEEEDD92B312E02E2A7E35B7F1E7D203FE5A7D75578B06E99D0E46FFADB8FDA17ED8880390DA29094202D6F645F76F6F96409CDA05495A96E84B04A00D1A6C6C81D7F3DE9376E828CCF144EE50E364ACCE7237EA0BFB5607ED1AC3CFE73794E5B61739D14DF17
311
43441B1AC98F00ECEDE9E7301FA29755FBEFA68C91EF2B314CF510537EF1ABFC9A762496280B546F5EDAAF8A5B387D469FC9A878A92828C88608453ACEC6094DCA54111E7AD5B2663DFE2DD151B7F123B9F4FEF8EE36AB125FD7AD52A59B1B765B3E3F73E3F73DEA93875004D2AFFE3CDE9493B87A9904DD052028949041A9
311
1DC0E1BA47BA714343FD5B25E0A6A09503AFC17C790058A836A324FE31D7893512E28230332F153181C1E018E1124EBE1BA262AA428A518237D1EA7275E48C5C561BD19ED6912EDD8367DA0F31E40EEAE9683DA9257525AEA7B632B97119E17145A90231768A4F3B9120FF32E8319B015E3CBE26F1A754177D8185345817C0
311
96B0CE443A955D13AC15E1FB5DEEA0239EC32A3C92241A237B0B02FFCB4F93CF2B02570C8D192E2F2A68CEEB42F12E6F8CEEFF46C251E22B4341C56FB08CCE550E7A9D6F4D6564B9EA52A83D5BF2C6E03FA19D2775E15A8A7ACF30A13C259EE7F5EF2AC3BA354F1500E1A07FC63FB4686E2F12EC69719F9ECF5FE3F35598DF
311
2CE944008CE78F0911BA5BE5D0A34E0098FF038669C26030BA9B300303039852A8F6F496341737CA7E0D2E3AAA36DE0A70AA7D9CA0D54D9AD84B18A44C9E625475E1C97B93BEBB38DCE7D227E67A2D00F531436136355F243D1FC0D712C5765754FA22FCFFAE97919161F46D6E61ACB37D83777B385889770B50765B127768
311
443A5C4D3A4E35A3151111F146B7CA116F918A049F1C272F2CD7976C69A0068773451659A97E0F4A08FE604C3FF6CE7385DB19F4D3ABC8A0D80DA8A42096AC377DB49382B36E270B6FA7570188B4B7D1DDDDA82ACA487CCA5D38BD3BD039ADBAFA4ACFF27809239B722081E2EB9F145320553D183F28471C388BC8814E5045
311
676767AB58A8E72D1CED2CA731379515D2E533E4CF0B39DFC625F97AC4836831A4DE330E87A8126FA17EBE583D614E71E22A8DBF2825599743E0640037303E8E1B1E8EA4E1ABFA4F62907B5E4E0E5DCFDAB417C36C6848A2B8D15F1E505434C0707E16B1CFC2A1C36A42BBF55734F8F4301DDC2A5110CEE8C0747F69519265
311
012A2174BF4E955ECD4FDE095A3ABC70536B7AD0B9D7892F81287D667C108703C9B66A221E9A0929D030008F77FF6F5D2108EF5706FC87A3069B976F7C9FC3239D13D283CDEA83597461079FEEE049B0F392889898B7D87D31F8D60ED7B56B91823A8E4EDDB36C6172ECEE42BD42B12CD67994FA0F0DFAE9389356F4CD4425
311
A4B8AA55CBF7ECD585C6A2C2316791E43D5C06841ADBB226A87FD61515FFBB0167B74E56BD7F3E90A57A97FEDCBDF483A0D6699A8C0849CAEB4947FAA90D8E332D9DEBD9F4738C37DA0CAF9CF3DAA68BCB67C420459C7A64498D6E848E5CADE92BB6901F607AA331104A67F7CD650EE169B1DAE94D2C31C2F993632259B695
311
7E246EFE4C5481107B07118607700040E5812A2A2A38DA0076875258C753F60E0F2662C748EDD5F3F3686B8FC3BD6FE631ECCAA1E8B1C1E565AD117E54893E79F4672E32F9E46B2A183DFDCF3EECB4D4D077DBEA0DA254D256045109670050129E9B9B1A9E4A11344D61497A992778095151510C4BB7EF2009B63AA4360635
311
312E4CF668B7E0D3D85A8688E2BD83B569439892ADB63461930D428E0DE42E4AC57CE48DA5CC1449530D8BD3D6A0F08DF20C8E8F570F2CFFFCEA286E30969B4654D498A58D9DA782E19FE3F002181838925592C4A1EF0B332D88B61A92C644547BED490D3A42CFFAB70E36D961F694F6307F72FF15A1C79D5B1B5CEFD353D9
311
E2B52566DEC8F8F09CB3E8359C0F68EBBB7898243E34E12A015B2685AB303C04D3A9E00671FF3DFF0A184E4A2ABEB2B666AF5B3A209C73D8EF29DCDB069C9F391EEE9DD0F74C7BCDE16F8F02E3B8816122BBEB50665775B600549D8BB33A54A6BF940C028118BC6878C79958D6784F9DEAA6E26748386FFAF8D0D0101E2847
311
B6563F5D8DC1D78F787BE00E2C941AE12148D4A81599FE8F68D4DA5CDED75530ADE138240300EE13B0FC13A1687FED6774662C05A2B7DFB186732F0D7A93545D8B0A6390AE5054D9CB582DA846D7A061B3358B45E2B52DDE63E114397EDB7E09233A579155D795BE76102CF277F4DF8B188C4F2879BEAE3C08347124BF9ED2
311
3B128259FE107D31E34A652F090B30B39E0D9AF917B76A2806135621A8A60681F16AF216514BBD02711585B5B1AE823F4B2D0369EA5B6BCB863072727FFC871CA6C9AB79A814D989057E9470A3D238BC87CBB4A0EA49AFE2B86F22E499793CAA9047080450166BDC357524561E258C77CB697F1ABB32562CF87C3B7AA12F91
311
1EF19FB3E5C02222E887D08202A60A17151F5E053A86B437771088B4FEE14D652C43E8D939995D34545E12E2FF93D4E366EAD25F10CB7DED141563C3D0C447AF06078A91135FD4B9611583CB4BF3BD167F2399CEAB0E0100F8FFC305F00F1711717173138B4B48C83022295DE657EFEDD97F238ECA80F528AFB4F8D67AD4E2
311
594B9A3AA86D7487EFC313BA95745C186F0CDD84CC12DC9CB0424B42203D351FD9C0A3AF10CC7F388E0329279087386421F194F4A29464C1DEF7EF8BE515E4A199DCD5B909342598D8FE6A231F71336248D5CEC5454455C7BE383B3BC7B260FED27F703FDC39A170F3827239102F59D4DEE7FEF82EAA1A5E4BA94DCC4CC44E
311
7E2EDE20F24244E4454369D2E87C3F823F193FD4FD27E1C23984B01898D15ABC20711A8A558054951A6AE280096BA36CBA439603B7B0B4C45F248C14B2383B4B5CD8ECECE4FF859AD4A6CA2326D020EF090F4041D28DB66E5256B56232CC52829DE8060BAE6BBF37D4B7469B822454FE93210A3E8D15E69FFCF01123222611
311
C51C4FD0A041A0CFA2471CF6BE38D2B20FA4C3525B5B8B586759475CF80ADFE67A284AC24651E52B8E683D24C2622642F27E7C3C22783BCF63648BC398BD6CD0D9C97E7E7E3EACB6126DB7A6C1FD9F1031302EE67ED96F22B77C7CA0239BB324207559B105E4693EB26EC46182A92C9C0DBD24F29B31C5C5AC1F84300E0E17
311
CEEAC15F5736FA4A98971E2F1423BFCD68D4BBD5F86E74B40A369F39507C88FCDB35D2DD8DEBEA4AF999E23CF2816D204200DF6E611781B9884C1AC8888B4DE397320472959434323A5A36B22A8E1F721A270DF3BD65E4A31C11FF048AFB0D8B7B6881423793963A23CFCE935FC189ED36FAE35C46DA3574C979E4394BE520
311
84F3081837BE033396D2EBD80F1F691B273F660D2B32FA27A33B1DE4ADA5F0FA4651511102DFA410DDA86E065272CA314D5249DF91B06BB92807B28EFD54F08F7B525252782CD276DD02E6B0319B13DF87B1F6361AD6B28FC0D711CF445429B9E5A433CD493051C49A9E03DDB1B147D880253514A5DED88009018620EE2291
311
01C041950E2D8AA8E1F5F5438E0C0C0C60EEDEE9E3E0C051948C69F84BB7B2A48A1F3C8EB9E6864687F4F4F6F6E2FA87608ADAF9C5E117B7C1A737E710769DA1D15ECE6A84502AA855398712D5FB51BE92E4EF824969CE18278798AC303C2C7980DD2500ADF8FB1E6D6C2FAAFF9987178923334A244758BAA01A9A1B70FA50
311
97D01E1CC2A58DAD0EC94CE6430AA9B0C10D75E3C6BAC670EFBADEE1607739CE0FC18A2587E3EC3058562014C64219C69BC269082D5C2F4A659278D585755912176D78A1B641719C2A394CED495A1AC5D583FD2F5EDD93308EA7EAE8A6DD396598BDBD3D4CFED62D18A5BDFDE0DD5C80D1A89BA62697B131AE7CE9A6594138
311
582F1B37D68F1749AC7CB67A70695D48A4A056AC1FBD4E82358CEAE38F54B95A9016F9000F9879C0D9D131768635CA798895F27D6F1614F11F2838A83611AA51C9A3DDB539D42979C29F10465655C17BEC3E2760B80DCBF609198C7B171A531905F3EC218D696025975E986C6B4C666666787271F202805577DD5A3EF0CAFA
311
F91B62DC4B2DB4217A7606282F31D8DDBC290593BAA93EA6353AFA9939B877978481E15CFC9F2755CDC00C538F63A4BA3E80AE009B73CA0185687D339A507D165B74290D6EE46D5C58148F020C3668ABE9EF2F7549170DC80DB41FFC1D678FF19AEB10C7133832B104B80F691B3138F97A92D26E551F1F110400D45AC71A9B
311
9AC41A1A1B1DAEED0B0810638EFFB511D46B121C6FEA0F38CD00E03CFFEB9713FE1F9C263E4DDEC160D0497FA9A132BA608584057FB15380825DE6C7FC3C667EE947D488A09898D8E939C4953BF4EC9836344D2CC6B2971B2A21A572B06096F4982D2CC7232D46E8EA69DC83722E267754D777F97F96D5DA74E1E75178084D
311
0E70F12AD33E5F71EF2AFA599B2BEBF60A5BE475F444F240CBFE8143C334E7ED9150FEEFEF7EB020C4DBED388DD1D6A167A76F3CBF119B578AE8CFA7736ACAFA4440A1C47185638A0D2F3EB5BDDEFDA958FB13CE4AA4923D5BF840392D45544329525749734866684BF7F8D9D54D892E19BCA9F829A0F8BFCBEEA6CFDFC61D
311
74EA1A645ED7A1FF241739F15694BD835B66FEC5677E40FE69BD3F91AE402F036537218A401CB0828604AD189E575015C6F3F6BBC8AC79CF6C70653847254B31551EFCBEB5978B9DB85D58D0FA41A9DFE9C624834AA04949D24B5AE6D299E072D152D12097920F14AA92C31C3B97E28B6C2E6E9C23D63043ECBBC0A60FDF5B
311
D0C33C127EA8A3308B8B6AFFEB28B4455BF6E7AF4FC6222728357EB8E46E85053E6A8843AB23295BF838ABDA94658FEF3F832F147046B4ACD6F7D48E8FCC9618582961C898D1C7A253C91BFECBDA6BA18A1FCF70755DCCEE2222F41B76D23CA98D0CB3D95F0CF66D57FFF65E2A90F5DF40FC3187621E981BD0BC1D99278721
311
2688976B94A8F0C6EF646624B570B78E068826F87CE27041A95C9A4871FF65CC17FCB1639629AD6A9517000D63AC231F3D741CB8430777E7ECF80CE7A3F73C0F162F7E56AA71F4DA80A33CD6ACEE78E2C11FAC03DAFCE929B106F8F6B3ED2DC71FF994BD9CEF4E9A94896EF1B6E2B7B4978168BCF0847A3D2A4F1B0500B926
311
E634B174548E9FBAD27153FB5FC36799B1E6C7C38A94E1F9E996796D7B485E635D5287A2AE76FBD11A341DB3F8F810385BB7296391973DC6C37C452A9305AEBBE0CDB6C566DB59FE60C8E94B1FD090354BF51439FFD1B48D725228FFA88C84F686F547107A7A235665A4593B7C34D748C1AC8D56DD5DA861EEFBADDECBBD65
311
117E65851F90351AEB65F0EFCFF4BCFEF24CB7A5879699FAC437A7AF9099186CF006BB923A59E37D7A36A29FD8D2CBB914A5E9D0A8FD212FBF796AE9A67958FF1D5D8B85F78F96219D4714EB919929241B6C018AAE0C02069F8D919961EC5DDFBFB7573E3AC8E08BFB7C8534BE6DE045B3CD63DBD71F7638BA2309CAE398EA
311
3A7D8F98BBBC7AEB367EFA5CFA27A9F8F2F52FE878058E6209C026453F8E7E8A237DFC389E9590F6059B397CFD65183BBF936E86896612A5B5FEE49DAC8455D026218AFEBEC12B3523A45B57B82C9C97E02ACFA1184DB18E48CF615DBF39C3CC6F0B4AE6BBEEA2E39D944E290302FA3DE33FA7E40296E2EF7BF1CD855BBECF
311
AD0FD622BEE9746FC4FDFDE545AE6E3BC234CADF83A0FB76DFB145BF3828AE3436368AC24989454F8FF70A177672C711CAA1A76107218CF948CA01F873520E7A2B118EBB161ABAD432932029628B6761590C98AB590C8C8C79798CE9F715BA696E839E9131A4BB68BE923F1747FBFF165331FFDD4D05997ACD168F12CA7534
311
8DAC04C7F509FE83898A8B421181AF492861CE81E4A2DD0A30850CFA95E05F097FF70F9E777310D584A75BA7018922E271DAB1D785671157685B7D383D3E074DDB4F1E44EF04B07BAAC75A062077C54B9752C738C9D804D402E02851F3F89605AF189738C18C021D2139EAF72513824E10DDD3047BACC8521ED7E98B257D11
311
66903B1B08FA6F918FD7E162913FEC7D0EF4787E29C35FBA8C6E2C9C20E9AB30AE42CA2A01A090E7D010C1B5BF9CEE2A304BF3A987FB40D836979B79E18D70F257DA61E808472DD85B82761825779D6B90CAEB0F23360C6F80A7D7D77545E95B3DFF0CF96A827F9B5BCECD2C9698718417EF80FEEDEE938AFF55859D0D540B
311
7FE09435583A6F04874A0C7E8CF234DF4879722000167F5872CEC6BF3EF7E5A8CC8121E6A359227C8A29C95212F9F735BC72A887D56B8F309FC525BFB4FD767AAEC4AEFF249CFBBD2DE1AB9969A6155C7D8DABC307E47324C1F916C7BCFF40ABA5644E9FFB9238D19ADADA49D9610F01ABBA57E4DFCBDCCBB2B93C8953206C
311
91DE01B0E2651A6D6C31721915B31F7B7CBCE55466F6D70402788FA91D73BE4ADCBA99A35F17D6B83383704917D6833F0FA3CD45C926ADB8BC17999A4A0AFBCE2541F7B8CF4C2F5FBA611B3E626D64407CB32C122DFF4EF8674D6EDBB86C8F7C6A16D50FA685E2CCA34F8F7D1D8265BB0042E9D7F1F666F7BE5FAA5184DF58
311
E12122A42EF02F461B3F369AC746F96528AD208512AB56844CF75B97F352DF7995024FB02855385854F3798670D01CAC771AC3E1889EC25F61A20C1F8CAB46898817F9C47E2CDA1F286BF2F358298709FE567C91133E2638C8B53975E753EA8BFD3578B5F7186B7BF084EBA3F77BAC3132A5779902EC22AF2D2E79F42D324E
311
083386DAEE9810D1B44A5DAA54513C7A71E52A4AB9257D975B621308FE4D2141CC3DCFE946C154A3C1DFCCA7629EC69ACFA831634ADDA93C0388D2A9A2DDAFCF957C6995BCE7FBB6DC4EBAE79E63EB08E9A25F52F67076F7093CA545CA3053B5BF576DEAD4E0017143C5F759F32B2D6F145B52B67B48909B7C7FCA6586EE38
311
5A2189C16932CB6DDFD9152AE317C430492A578ED27B72D85D40C7C93C097939E1B50F4D67F05334FE9DC362C30B7FF561B95259138ECFD9274C8D695C31B14D4EAA9F3D7FA8DDF652F8C5DEFA23284C799B7D94416DEE81E05A866302DC70192A5368EA65E1CED8BF107A1E2D3119A71E85DC1A7B0C1E93274CE04DD0F2AB
311
C8AC7C987FDB002B6F81757B43502EF7A0D92E416494FAEEA4C9C090CD9557AA4D532F4996A272B94355C5A0E4974EEA9627476F30809B94D8D8D860062E02204643BEC7D0438AF800FC7E2B26955D595421E83C69E1A07E0E3122285835F014AD538188CF9737CE76D464A353FA55A001AB2526B84E985083693BC76FE211
311
CA1D000679C889E3C009832C87E1AC2EDD05C302557422DF0800E316FCAC86978A371F025A6C7DAA9F333E7BD160403A1A06EA75AA9888FF01504B0304140006080800B973294C28BB58AF800100009E0500003D00000031464530374443452D374233422D344144462D423632432D3234414241413039383539422F536368
311
656D61732F436F6D6D6F6E536368656D612E786D6CBD544D4FC23018BEFB2B96DE15493C78601010A34B880709DEDFB52FD0D8B54BD70DF6EFED3AC0B12E6442E2716BFB3CEFF3D18E26FB440405EA8C2B1992E1C323095052C5B8DC842437EBFB673219DF8DA659866649B798C078B48AE6410122242F2A4994AC7F93815D
311
F85C049C8564CA0A901499DD886B2EB9B1E02448F358701A9235880C49A0119892A20C89D1B9FD768815CAD268CB5E0355B40B1E47F3E37A2020464BED06AA57CE8FCC20C3C3446D46761A2632A8C1283D07031EFF2AE7CCB1BFEEE916E406DFAC8E36FFD99A9D60A6944090EEDC3B670C7DC13DE86B6B2C5C240D6E503BB8
311
5ACD579D513F1B9F9A69DC9CC22AFA80C426D40AF0B21EA168559156B6276F0F726A6BFF04DCD513A87A62CAD41FB24FCB2858B3952E3D852084DA25B9303C15687973CC8E8AAE11DF2836C38C6A9E765E8C1BA1BFB1DC29CDFE518C8B5A7655A4ED7E77291ABEB80DBD82EC866ADE1B8D05AF9E35CF09D7A061F38A986D9E
311
C412B8F0F65E5D81534D9B231D1E5A8FE577A241F3A5FD01504B0304140006080800B973294C2CCEBD668A040000E01200003E00000031464530374443452D374233422D344144462D423632432D3234414241413039383539422F536368656D61732F47656E65726963536368656D612E786D6CD5586D6FDB380CFE7EBF42
311
F0F7A649B70E1B90744856B4970F450FCD7A5F05459613EDE4174872DADCAF3F522F8ED3B88D2F1D06AC4050DBA2493EE4438AF2F8EB73AEC8466823CB62928C06C384888297A92C5693A4B6D9D9E7E4EBD51FE3A931C22EF85AE4EC6AFC38BF261BA626C9AD288496DC3F4FCEAFC63366845F7A10452AF41DB320C0D44EC2
311
6EAB20918735565582695670811A6A49643A49A6E9069FA4604A64B29016DC4B48552F95E4932463CA888468C1D2B250DB4962750DF7CE273069CE8363F1FF4EDB00E0A21999574AE4A2B00C353B93F3BD4777B8A61ED8F604ABFEDD79CE56A2B7BDFBDBC50996E0ADDE16FED26223C5D30956C29BDF4A55EA686E5E58B112
311
DA45CE67F76F4FA27EFA3FB672FD7372FC388FAECDCA5209E693CAD167BADCD272F943701B3812F8A3D852008B1D2E32DB927B2F833C6EA95879925356D254582695095A3CE982924720BE5774A3CB9CDCDB350427D2DF20DA1B5532EBE2D5D6288D75D4F7E4FD9890A0EF8E3D93EBB8F8BA4758158EF6FB90A6F9520281C9
311
3DE7AAC6D24607DA296BB96018123F821A7D6A5C5884050C475DA4865442732C8B95684A50165CBB3A32F25F783A4A480ED59AD7F924B968AEA50131F46303223E6A397B0E52976030DC1DCA81D7E7C1EDEEA42C19FF27635C505E2BD5198A599020DF50A2330FCB3AAF28CB0124108429553EF1B228802E2265D8F7CC2401
311
042B155BCC7070F1E5C55F13B4A9577362CCCE46C32174E010C3C378C44841A4BDA00FE3A12006CE11EE6AEC59894D3526DDE1CD59D503ECC324017F8061B7F162162FA62EDD81AE3308617770796DCBDAD2B2625C5AE8A63DE20B2C8AA5E95E76E5730823955956E33E705425A2187C185D36489A1B44D3DCEC2172F6BA21
311
05C3546287A7194B2331768EBBE64F6E70A9930ABE0ADEA89E9E2C38523B810287AD67A54A039C1606EAFE68F8304610BB9093DBDDABC0B2AE4E290DCDA15376D7E39F72B556F0B32EAB5D3D498B4C41ABADEC3A1434C422D87E8025A84BDCB2B1417ED750FAE4DA8976863974C577C7F902D3F156AD354DEA3540DE6BEAE2
311
BEA52F7A2EB4CA43802ECE5BF2CE2EDC9347179FFB023CE412E60BE16DA0BE29B374988A553F561DC04615DD35F7D2C8979F60E5955CE93DF29DED8AFA1EE6642D53418086C03C47C377910F75F7E8F5EF665F70B60FFB22AEDF897D119E8423C773E819A3C1E55E550599EE6EDCA34D0C86FD72057DF2CD46F16A47068247
311
1C164E4346D5306BF12D7D12D82CFF673D41636C347443FEB51B50D72EA171A8E4A58623A4A16E0FA2B8B10A0D23268D87C33896EE8FB73305A74BF224EDBADFA0BD674AB354D63DB7BD5D83426761C077DE767728235446A552754EB93B755891C3C4CC6CADE37CF0E912A7BB38DBA010F9DE1282EDF470CA69A9CDA482E3
311
34C4A6EA4107987980B17E72F31730EBF88BBD39E7C629F56797A3C0009C2C5AE7951D9A05A02773440F02EEB4DE396A3B6A570C72CCFBCD823B0B8ED3F1D5CEDDFED772FA70236C83FB7D86C385D570B87107535572A60A96035F8F7C6A7192F13007246BBE0521855E6AC46F3E27689CEE7D186A6FD679D98CDCAD13333E
311
04EBE7ED6F55FF01504B0304140006080800B973294C6180134D5F0100006B0300004500000031464530374443452D374233422D344144462D423632432D3234414241413039383539422F536368656D61732F52656E6465724D6174657269616C536368656D612E786D6CA5934D6FC2300C86EFFB1551EEE343DBA41D1A10
311
3009551ADAD40EAE28A4A68D9426284961FCFBE5A340113B2071746D3F765EBF4DC6BFB5407BD0862B49F0B037C0082453059725C18DDD3EBFE3F1E829991803366715D474942CD30FB4A782E00C64017A412D684E454CE3FE28995203B162A6EA5AC94B66997D225E109CD63B0135484BAD1B3C07E9080CA35DB3119C11BC
311
A5C200461A68A1A438126C75E3E230D40FF81FB3F03C91D1E3A3A0AF79FE28E25BC39EC3E17E4C2A2D94A0833A51AF55BCCA7D88572FCBAC529C4140B020FC3AAFA886621DCED7EAD7664CC86024E806DC297DA1BB393E4156543457A4537DB8817349A70F8ACBF09B3EEE2CB2F33E91B65D60786E4E3B39B77E3FEEEF5650
311
424525DA657FB8B46BE6BF064646F0A0F7327C0BC1BC1B4CBBC1C419FA3CCB23500007872A2580CAAE5461865565294E4EDB4617B62FF579DF9A5B2F54E834076A597573A020912FED777F9B3F504B0304140006080800B973294C568820E551000000570000004700000031464530374443452D374233422D344144462D42
311
3632432D3234414241413039383539422F4173736574446174612F41737365745461626C654F66436F6E74656E74732E62696E53616060B034B43472B13070D535737432D2357134B2D0B5307231D275B13076B6747171363074721302AACB4D2C492DCA4CCC492C28484D2C4ACC4B4E050A82012F90744FCD03CA26072767
311
A4E6260200504B0304140006080800B973294CF865834058000000680000004500000031464530374443452D374233422D344144462D423632432D3234414241413039383539422F4173736574446174612F53747265616D56657273696F6E5461626C652E696E66558CBD0A80300C06F73E4B117FB66E451741D041DC5BF9
311
8480A492E4FDD18EAEC7DD4555D89EF28DF51A0B1BD8340C4DE7DD848B988C0ACF0649566493F2408C508DDEBB99D5129FF8F1AF8CF5B9503E20FAE5A16B5AF702504B0304140006080800B973294C3226E6CE37010000A20400003600000031464530374443452D374233422D344144462D423632432D3234414241413039
311
383539422F4173736574446174612F636E782E786D6CCD94314FC3301085FF4A6489318E1381D4568E2B044B2790A818D8AECEA55875ECC8BE20F8F7D86D0650115387AEA7EFEE9E9FFC4EAE3F075B7C6088C6BB96D55CB0029DF69D71FB964DD4970B56AC950CDED30F8C150E066C592E3325F7C14FE35CEAB087C9E6AA35
311
EE3017EF6344DAC2CEE253FFE01DA1A3C80A6D21C69645FD8E037098C877180FBC03025EF380D14F41639A4466C079920E08841D538DA817A5A84BB1DCD6B7AB66B9BA136FB2CAA4923BEFEDCC9BB42CF8F1A611FAB4972921AB0C2839053353F9354CFDA592EF8C935522958C14922B73077D8DA903C6D11A0D94CCABBC26
311
A432410883AC4EB0925576E197178FD81B6772CB264903F2E13909C44006AFD093FFD45EDE9B8D8B044EE3353B72AEF1F23EBC1C7FD1EB2996C7DC5C5F5ACE3572E3FA0B64A53A9E93149D7C5DD437504B0304140006080800B973294CB927FF00E7000000600100006700000031464530374443452D374233422D34414446
311
2D423632432D3234414241413039383539422F5265736F75726365732F39313932443830452D364142322D344132382D383244322D4438334339444443303142462F7468756D626E61696C2F302F636E782E786D6C4D90C16EC4200C447F2542EA318144ADB4BB22EC4FF4D44BE5126F8A966004A66AFFBED072D8D358E327
311
CB33FAFA7DF8E10B53761456314F4A0C182C6D2EECAB287C1B4F62B81A9D88F8011343800357D16C61F49EA8C46E6D7883E29BEB5DB87773C780C9D9F7187631580F39AF22DB4F3C6082C2B461BE4F1B304CF39430534916EB017607F6033621306EC22C6A3E8D6A1ED5F9757EBE2CE7CB8B7AD3B291467F10F9CEBBC09828
311
3E2DCA521D43FD4769D900A34B729D6A218479784ECBBA343A73AAF93BC43FB14210A37716B8D624C932F258218443CB7FD868D9F256F92BA36AEBC6FC02504B0304140006080800B973294CA233C2345D000000800000006500000031464530374443452D374233422D344144462D423632432D3234414241413039383539
311
422F5265736F75726365732F39313932443830452D364142322D344132382D383244322D4438334339444443303142462F7468756D626E61696C2F636E782E786D6C4D8B490E80201004BF42E6EE76F3C0F216234B883063108CCF170C074F95AE5473F5C4C06E932E4F28601967600677D21E9D8092EDB002539227A2FCCB
311
80E1168D80A6417297A89C5D6963B7129A0D1E8F2EE73AA7B62BBEB8B27DE50B504B0304140006080800B973294CBE89762363000000880000005B00000031464530374443452D374233422D344144462D423632432D3234414241413039383539422F5265736F75726365732F39313932443830452D364142322D34413238
311
2D383244322D4438334339444443303142462F636E782E786D6C4DCC3B0E80201004D0AB90EDFD75167CCE820A4A845D83603CBE602CAC26799919AEEEE0D965E2E908050C6D0FCCE04C8BC355404EB6198129C92351FAD580A10E464065907C8D948F8F166375F655BDC3FDC3B4E530A176BE7057BDC43B2A593FE403504B
311
0304140006080800B973294C74EC8A307E000000A30000003600000031464530374443452D374233422D344144462D423632432D3234414241413039383539422F5265736F75726365732F636E782E786D6C4D8CD10AC22018465F45FE7B4B2D42411DDBACF718CD0DC969D81C7BFC3476D1D50787EF1CD9EC8B479B4D1F17
311
83027A22806C78C6D18559415E27CC01355AA618D7BF1BA0302C5641C5A0E59C627E1F68B4D3907DA5DE85D7010515CC7072C7B7B663F8DA328E39330C1B7EE985313DA1DDA318E7AA94F9F5CAD6BCFE02504B0304140006080800B973294CF0C1796A0B010000550300003400000031464530374443452D374233422D3441
311
44462D423632432D3234414241413039383539422F536368656D61732F636E782E786D6CCD93BD4E042114855F654262390C33D16477C3B08585958D5AD921DC5DC90277C28FD1B717468ADDC44E8BEDE0E4CBCD39072EDF7F3ADB7D408806FD4C46CA48075EA136FE38939C0EFD86747BC103623AC348E7A583995499087E
311
0C9897266938C86CAB6A8D3F35F11E9D43FFACDEC149D2292B639C495CAF54E6841AE2896A99241D698088392828139271D026A8003281266262E3A66763CFB62FE3ED6EDAEEEED82B1F2A29F81BA26DBCF109022E371353588EBE18627CA880E0399846D514449CBBA3A50F3E1442F0984269A191E96B29A45C166B944CA5
311
AC61057F18C1871AF622F2037808465D6BE60B7BFF16FA09BC86F0585E2A1869AF35FB6F2EFF56C1B06E40F9067521C437504B0304140006080800B973294CE3603EBE7A000000C20000002C00000031464530374443452D374233422D344144462D423632432D3234414241413039383539422F636E782E786D6C6DCD410E
311
C2201085E1AB90D9DBEACE05D09878023D01A1D34A8419C380F1F82DA68B9AB8FDFEC93C3D7C52546FCC12980C9CBA232824CF63A0D9402DD3E10C6AB03A3397DD192872090D3406ABE7CCF5B5D18893ABB1690CF4DCF02282E5EA8A5BB96FFE536F285CB347F95BEFFE81C9ED5AFF9D5B1FB575BB00504B03041400060808
311
00B973294CD15ED7E77F000000A300000007000000636E782E786D6C4D8C4D0E83201805AF42BE3D2D5A5B35010CF8730F53D1902234549A1EBF605CB87AC9E4CDD0E6B71AF455FEA39D65905D0820659F6ED2766110B61957801A4EBD73DBE906C88EAB62903070BA7817DE079AD43C0693A8D1F675C06CE849D9B53D2EE5
311
4DE2427403968FBCC57921A410A4AEEEB58CC6352971F65EDC94E77F504B0304140006080800B973294CCA1DF9C9A900000073010000130000005B436F6E74656E745F54797065735D2E786D6CA590410EC2300C04BF12E5DEBA70400835E500FC800F84E0B411AD13252E2ABF27A55740421CEDDDD9B55CEFA7A117778CC9
311
79527255565220197F75D42A39B22DB652EC9BFAFC089844F65252B2630E3B80643A1C742A7D40CA8AF571D09CC7D842D0E6A65B8475556DC07862242E78CE904D7D44ABC79EC569CAEBA537E3521C16DF5CA5A40EA17746733E0B6615DE7217475F386F18B9481C510F1F021CD9FF027EA0E1F5C4E609504B030414000608
311
0800B973294C3DEE336E64000000790000001B0000006175746F6465736B2D64657369676E2D7061636B6167652E786D6C35CBC10E83200C00D05F21DCA56CA76D41FC96062B120735B69A7DBE268BB7777961F8D5AF396893C2ADB70FE7ADA196782C2DF776D7A97B5933C430F15651E5469C55D70F80A4992A3ADC954792
311
C525AE70A1E4D6AD9816CC044FEFDF01FE3FDE907802504B0304140006080800B973294C1AED3E7FF8000000960100003700000031464530374443452D374233422D344144462D423632432D3234414241413039383539422F4173736574446174612F636F72652E786D6C8550CB6E833010FC15B477830D4440641CA142BF
311
A0A7DE2CDBA156828DFCA8FAF9B5132AB5A79ED69E9D99DD1D7AF9DAEEC5A7725E5B3302293114CA082BB5594788E18A7A282E8C3A6BC32F1A14866F6A840C03A3ABB3713F20614D5026A3C64A7580DC7B15A010F7F418C18B0FB5F192C79018FE56EE5CDCF8AA4A523E798CC6A8E521D532B9E9AB560E58372F7DDD4D036A
311
BBA541EDF0BAA009A7EFDC77C3E9652173433A5A6531A3416F3FD385533C2809ACC6A44798203CBC91F65C0FE7137EA7556632EA834B371F43F375C0A6BCF5CC03A7D5B3FBC735EEF27FD7A84D68EAC3F5A9F0C0485AF2D160B4CA29A5F28830D59C28FB06504B0304140006080800B973294C98C7EB7DF30000008E010000
311
6800000031464530374443452D374233422D344144462D423632432D3234414241413039383539422F5265736F75726365732F39313932443830452D364142322D344132382D383244322D4438334339444443303142462F7468756D626E61696C2F302F636F72652E786D6C8550CB6E833010FC15B477830D4440641C4585
311
7E414FBD59B643AD041BF951F5F36B072AB5A79E76773C33EB1D7AF95A1FC5A7725E5B3302293114CA082BB5594688E1867A282E8C3A6BC32F1A1486AF6A840C03A38BB3713B20614D5026A3C64A7580DC7B15A0108FD48CE0C5875A79C963480C7F2F372EEE7C512529771EA3316A7948B54C6EFAA69503D64D735F77D701
311
B5DDDCA076789DD115A771EABBE1F43293A9211DADB298D1A0D79FEDC2291E94045663D2234C101EDE487BAE87F309BFD32A3319F5C1A59B8FA5F93A6098563BFAC72D6EF27FB7A84D68EAC36D577860247DEEF9C06895D349E5195DAA3949F60D504B0304140006080800B973294C7A230F7DF90000009601000066000000
311
31464530374443452D374233422D344144462D423632432D3234414241413039383539422F5265736F75726365732F39313932443830452D364142322D344132382D383244322D4438334339444443303142462F7468756D626E61696C2F636F72652E786D6C8550CB6E833010FC15B477C0062220328EA242BFA0A7DE5CDB
311
2156C0467E54FDFCDA814AEDA9A7B567676677875CBED625FB94D629A307C005824C6A6E84D2F300C1DFF20EB20B25D618FF8B069966AB1C20C140C96C4DD80E881BEDA54EA836421E20734E7AC8F8121F03387E972B2B58F091E11EC5C6F883CDB2C0C5CEA32404250EA912D14DDD94B440DB71EAAAF6DAE74D3BD579D3BF
311
4EF915C5EFD8B5FDE965C2638D5B522631255EAD3FD3B995CC4B01B442B8CB11CE51FF869B73D59F4FE89D94894989F336DE7C0C4DD701F5F7B07E68A61652EEDD3FAE6113FFBB06A57D5D1DAEBBC201C571C967839232A514CB33C25853A2F41B504B0304140006080800B973294CD4755F310D010000B10100005C000000
311
31464530374443452D374233422D344144462D423632432D3234414241413039383539422F5265736F75726365732F39313932443830452D364142322D344132382D383244322D4438334339444443303142462F636F72652E786D6C8590416EC3201045AF62B1C706ECD4106122273827E8AA3B6413072586C840D5E31712
311
576A575D0D7CFE9FC70C3F7C2DF7E253AFDE38DB015C2250683BBAC9D8B903315C2005C541F0D5B9F0CB060AAB16DD812C03C1E7D5C5C7268DCE066DB36ADDA4375179AF0328C67B3A74C08F57BDA852C5901CFE563ED47853B32E71F9F2091EA399B6A899523773317A05A29503256DCF60D30E356CD879803D4A57495BB6
311
3B0D58D6B8E5550E0B1ECCF2431F57AD829E80200853883044EC1D377BC2F63BF4C1ABEC14DC8735CDBC41F3744030CC88A468806FFD91C0A62714522249C2D52726E509E1E39957AFE01F607C4CFF03A3B1A1261BF095F040E0F4FFE783E0555E602ACFEDA69A972DBE01504B0304140006080800B973294C8EB15922F900
311
0000960100003700000031464530374443452D374233422D344144462D423632432D3234414241413039383539422F5265736F75726365732F636F72652E786D6C8550CB6E833010FC15B477C0062220328EA2423FA0EAA937CB6C889560233FAA7E7EED844AEDA9A7B567676677879DBED67BF689D629A307A005810CB534
311
B3D2CB00C15FF20EB21367D618FF8B0699162B0E9060E06CB1266C3B248DF6A813AACD8C3B289C430F99BCC7C7004E5E711585083E32DCADD884BC89050B5A3C799C85A0E65DAAE6E8A62E0A2DF0769CBAAA3DF779D34E75DEF4AF537E26F13B766D7F7899E858D3969549CC9957EBCF746951789C8157847639A139E9DF69
311
73ACFAE3817CB032313973DEC69BF7A1E93AE06FE84CB0121D2B9FDD3FAE619BFF770D4AFBBADA5D9F0A079CC6251F0DCECA94522C8F08634D89F26F504B0304140006080800B973294C204408A9F7000000940100003500000031464530374443452D374233422D344144462D423632432D3234414241413039383539422F
311
536368656D61732F636F72652E786D6C8550CB6E833010FC15B477830D4440641C4585FE407BEACD320EB1126CE447D5CFAF0D546A4F3DAD3D3B33BB3BF4F2B53CB34F699D32BA079263C8A41666527AEE21F81B6A21BB306A8DF1BF689069BEC81E120C8CCED684F58084D15EEA846A33C903E4CE490F9978C6470F4EDCE5
311
C2731E7C64B847BE72F1E0B3CC49BEF3180D414D87544DD14DDD94B4C09A616CCBE6DAA1BA192B5477AF23BAE2F81DDAA63BBD8C64A848438B2466D4ABE567BAB0927B39012B316911260877EFA43E97DDF9843F6891988C3A6FE3CDC7D0741DB0B76D4F478BBDF7C733ACD3FF9E41695F9587E7AE70C0485C716B305AA48C
311
62D9028C35E5C9BE01504B0304140006080800B973294CE9E719B803010000D80100002D00000031464530374443452D374233422D344144462D423632432D3234414241413039383539422F636F72652E786D6C9591CB6EC32010457FC5628F0D8ED3D81126B2F3F882AEBAA366E2A0C460F1A8FAF985DA55DB5DBB025DCE
311
9DE1CEB0C3FBF4C8DEC03A65748B684E50067A3052E9B145C15F718DB20367D618FF0343991613B428C988B3D19A30AFD260B4079D546D24ACA2700E3CCA8647BCB4C80D3798442E828F84BBE7B318EE62849CE60BC79957D39775B0203C48C44B426B4C2826CD33ADF665B3DF9217562492B3A0B4DF946B33985E416666F6
311
3152B451562CCF110B4AAE9092F193EAAAC0224E2F67B23B1DCF78D76F7A5C75A70BEE9FCA232EABAEEF3AD2D4DBA68F45A29933E76D1CCD5A240DE1AFF6C5F82B5A98E53FA32D0E177B7E872AD29C392B3E9710CFB413FE01504B0304140006080800B973294C01D03F3F07010000B201000008000000636F72652E786D6C
311
8D50416EC32010FC0ADA3B36D88E6C479828AADD17F4D41B35C441B1C1021CB5BF2F24AED4DE7A5A9899DD995D76FA5C667457CE6B6B3AA01901A4CC68A53653075BB8E006D08933676DF8250364C4A23A4830703639BBAD3B345A139449A8B152EDA0F05E0540E31C1F1DF8F1AA1691892D4485BF65AB186F625219CD9E3A
311
CE825E7E5A47A74450127841688309C5A47DA3D5B1688F07F2CEF2A4E46CDBB4DCADB48CEEFAA295035EF74353D4E71657F550E2AA7D1DF099C46FDFD4EDE165A07D496B96A766CE7C7071E77D48CC199017F7E4CBF227C5D987B5F32E88A124B266FE024E589E883FA1B755FE23B436A12CF681CF0E0F9CC6400F221AA70B
311
C6F2386FACE9DAFC1B504B01021400140006080800B973294C4E8AD8E6F4000000A80100004F000000000000000000000000000000000031464530374443452D374233422D344144462D423632432D3234414241413039383539422F4173736574446174612F446566696E6974696F6E4974657261746F7250726F70657274
311
6965732E62696E504B01021400140006080800B973294C545636F2180100003002000045000000000000000000000000006101000031464530374443452D374233422D344144462D423632432D3234414241413039383539422F4173736574446174612F496E7374616E636550726F706572746965732E62696E504B010214
311
00140006080800B973294C88E57597CD3F0000904100006B00000000000000000000000000DC02000031464530374443452D374233422D344144462D423632432D3234414241413039383539422F5265736F75726365732F39313932443830452D364142322D344132382D383244322D4438334339444443303142462F7468
311
756D626E61696C2F302F67656E657269635F706E67504B01021400140006080800B973294C28BB58AF800100009E0500003D000000000000000000000000003243000031464530374443452D374233422D344144462D423632432D3234414241413039383539422F536368656D61732F436F6D6D6F6E536368656D612E786D
311
6C504B01021400140006080800B973294C2CCEBD668A040000E01200003E000000000000000000000000000D45000031464530374443452D374233422D344144462D423632432D3234414241413039383539422F536368656D61732F47656E65726963536368656D612E786D6C504B01021400140006080800B973294C6180
311
134D5F0100006B0300004500000000000000000000000000F349000031464530374443452D374233422D344144462D423632432D3234414241413039383539422F536368656D61732F52656E6465724D6174657269616C536368656D612E786D6C504B01021400140006080800B973294C568820E551000000570000004700
311
000000000000000000000000B54B000031464530374443452D374233422D344144462D423632432D3234414241413039383539422F4173736574446174612F41737365745461626C654F66436F6E74656E74732E62696E504B01021400140006080800B973294CF86583405800000068000000450000000000000000000000
311
00006B4C000031464530374443452D374233422D344144462D423632432D3234414241413039383539422F4173736574446174612F53747265616D56657273696F6E5461626C652E696E66504B01021400140006080800B973294C3226E6CE37010000A20400003600000000000000000000000000264D0000314645303744
311
43452D374233422D344144462D423632432D3234414241413039383539422F4173736574446174612F636E782E786D6C504B01021400140006080800B973294CB927FF00E7000000600100006700000000000000000000000000B14E000031464530374443452D374233422D344144462D423632432D323441424141303938
311
3539422F5265736F75726365732F39313932443830452D364142322D344132382D383244322D4438334339444443303142462F7468756D626E61696C2F302F636E782E786D6C504B01021400140006080800B973294CA233C2345D0000008000000065000000000000000000000000001D50000031464530374443452D3742
311
33422D344144462D423632432D3234414241413039383539422F5265736F75726365732F39313932443830452D364142322D344132382D383244322D4438334339444443303142462F7468756D626E61696C2F636E782E786D6C504B01021400140006080800B973294CBE89762363000000880000005B0000000000000000
311
0000000000FD50000031464530374443452D374233422D344144462D423632432D3234414241413039383539422F5265736F75726365732F39313932443830452D364142322D344132382D383244322D4438334339444443303142462F636E782E786D6C504B01021400140006080800B973294C74EC8A307E000000A30000
311
003600000000000000000000000000D951000031464530374443452D374233422D344144462D423632432D3234414241413039383539422F5265736F75726365732F636E782E786D6C504B01021400140006080800B973294CF0C1796A0B010000550300003400000000000000000000000000AB5200003146453037444345
311
2D374233422D344144462D423632432D3234414241413039383539422F536368656D61732F636E782E786D6C504B01021400140006080800B973294CE3603EBE7A000000C20000002C000000000000000000000000000854000031464530374443452D374233422D344144462D423632432D3234414241413039383539422F
311
636E782E786D6C504B01021400140006080800B973294CD15ED7E77F000000A30000000700000000000000000000000000CC540000636E782E786D6C504B01021400140006080800B973294CCA1DF9C9A9000000730100001300000000000000000000000000705500005B436F6E74656E745F54797065735D2E786D6C504B
311
01021400140006080800B973294C3DEE336E64000000790000001B000000000000000000000000004A5600006175746F6465736B2D64657369676E2D7061636B6167652E786D6C504B01021400140006080800B973294C1AED3E7FF8000000960100003700000000000000000000000000E756000031464530374443452D37
311
4233422D344144462D423632432D3234414241413039383539422F4173736574446174612F636F72652E786D6C504B01021400140006080800B973294C98C7EB7DF30000008E01000068000000000000000000000000003458000031464530374443452D374233422D344144462D423632432D323441424141303938353942
311
2F5265736F75726365732F39313932443830452D364142322D344132382D383244322D4438334339444443303142462F7468756D626E61696C2F302F636F72652E786D6C504B01021400140006080800B973294C7A230F7DF9000000960100006600000000000000000000000000AD59000031464530374443452D37423342
311
2D344144462D423632432D3234414241413039383539422F5265736F75726365732F39313932443830452D364142322D344132382D383244322D4438334339444443303142462F7468756D626E61696C2F636F72652E786D6C504B01021400140006080800B973294CD4755F310D010000B10100005C000000000000000000
311
000000002A5B000031464530374443452D374233422D344144462D423632432D3234414241413039383539422F5265736F75726365732F39313932443830452D364142322D344132382D383244322D4438334339444443303142462F636F72652E786D6C504B01021400140006080800B973294C8EB15922F9000000960100
311
003700000000000000000000000000B15C000031464530374443452D374233422D344144462D423632432D3234414241413039383539422F5265736F75726365732F636F72652E786D6C504B01021400140006080800B973294C204408A9F7000000940100003500000000000000000000000000FF5D000031464530374443
311
452D374233422D344144462D423632432D3234414241413039383539422F536368656D61732F636F72652E786D6C504B01021400140006080800B973294CE9E719B803010000D80100002D00000000000000000000000000495F000031464530374443452D374233422D344144462D423632432D3234414241413039383539
311
422F636F72652E786D6C504B01021400140006080800B973294C01D03F3F07010000B2010000080000000000000000000000000097600000636F72652E786D6C504B0506000000001A001A00210B0000C46100000000
310
504B0304140006080800B973294C000000000000000000000000370000006662782F30303439423537302D444445412D343531302D394444352D3645363336323534344635442F617474726962757465732E62696E504B0304140006080800B973294C000000000000000000000000350000006662782F3030343942353730
310
2D444445412D343531302D394444352D3645363336323534344635442F76657274696365732E62696E504B0304140006080800B973294CF270F1330600000004000000360000006662782F30303439423537302D444445412D343531302D394444352D3645363336323534344635442F747269616E676C65732E62696E6366
310
60600000504B0304140006080800B973294C88E57597CD3F000090410000420000006662782F30303439423537302D444445412D343531302D394444352D3645363336323534344635442F7265736F75726365732F322F305F67656E657269632E706E67355B773CD4FF1FBF73E71C0E67EF7576C9DEF3EC995D46C6A1EC50
310
46649CBDF79E192942562825CE965D8A868C2842C8DE9FDFD1F7E7F138F7078FCF6B3F5FCFD7EBFDFEC41B196891913091804020321D6D7513FC77D8C5070EC3FFEE51B21F068154CC75D455CC028A3EA68992803810109FDDE5D5CEC5521B28A1B422BF80741695D5B529DA1C2D058AD2388BDA9F476F7C2CADC939304173
310
DBF48A452BF8A700C0C70C3D121C1AA15A5270C22E2B9E28763651F7DA0D12CE11077B2ECD0D560B5E3DE2368B1E65C5E1C87384A4CC5F2D9FB8BE39E9B77C753783A37998F5CEF1B4FEE553463245C9712270880DF339E0B882A6BA713D865F6F384C842D440934EF264F4A304F8DE4EEFA1E2BF5E2D91F5ADD9613D6E31D
310
DB33ED31DB1D7916CAF091286EA3D31B9CFECB78BB0060245B943C4C040119FF780A74DD308BA9D028678674EB5504ECF284EE814DAED07440BAF649BE4B55DA2890F4D73E2D489A59EE54FDB0A85B59F2F52C4858A02705C4815A792B0C4A996A2023ECB195073E115E3E3647F64243A8338F2000BCB58DA5692C7E7C3D41
310
3F963FEDF3CF00FBB0F831A9D51360FECA43819F527B89FA260EB63C5DA676830AA3626A3693B23F1A17A0DFFCE3EE164E31B5365EDF0C89EF64D8E38AB0BA9A1117D7C3A0EC44F44F4023095E80BA610DE336D0F99593A88BFC5306E72DF98F7FD132ED95878DF2964EA7E43071359FD83B2BDF9C6B5BDF768F0F3C0FC351
310
199526F53D9460A34511F75D1B63E488178569472C91A94497807A3FD4A390C6558F26D416365C3656DE6E769DA9D8FC73774E1709812842DD8EF96AED1960F79D21B395CDDFE6F92CB4EB962A4668C76990E2EF29798C8941D67DA50F4A5F947872460F1F6FDB794E8A29FD7AC0C0D6E0714339CE258FB17AE8535221E346
310
4A10F29A0BE5EEECEFC5675926A89F49EB14E5711894F6586DB5754EB4D5DA9C6437EBA57DB97A24F8B8A8DB295FFD73266CF57E82694DF5166DDF93573AFE9C9C5EB05F8FEF8E89E0A8917B0B3724DB7BEBB53252581EFC3E38166BA131A3A5B42FE2AD00A769BBFA4458D2DE7822F8C4F63D0B8E21B285AE13325F3410A4
310
35C648C9D91FDEB109E73CEDA7BC796961AF79175E1A3CE4C5E8B0D009B0C9E29EFD98BC8E97554E3D8D838424E270F7685226E5AC268E021EDE3522D583E8F20C0BDE2959EF5BBFEEDAB32FE9A3ED0E39F211A86AA9DEBFC68182EDED132AB8BB794442D2D7EA9F4D8BFF52BC4D55BB165124EE90A42D101E67BBBB292FFB
310
4F66DE5BF2300E44546757DA7CEF8932BFC9F92A0707953491A55C5A5ACEDABD9FA1AEA01BAC3DC5A24E22E7C47213493996EFBC369D086ED9397C9BA6C7F9855C7BD5E15BFC8C53DB3D2A4C5901A57ACD2FBDF4D1676E95338B2C2BCE65FDA4C64F5FEFDC7D9CA5AA1FCF11E193F2FDABF0F4916BF13FB916A224380E6462
310
A9815F2300DC49CC4DF8D055CEF76462F4B7A7ACA7365C2707891370BC1D0AA6203C44CCAB47084FEC057F27FFCD57F89B8B9852459798A675C66BD7CE572CAF71FF7E6D7ECF7BF62CAB7B3F1107DCD04DC55A3F9961700286141C94A4F771FEB2BCDA2DDEE0CB0BAE402FF1DB0100F8E475DFFFC074DDB4498AB7D186A765
310
4DDB1CB680D703D47CEB4E72F8CB13D86A4AA68116E26387B93FD6738779B34FEDB8E517EDF2BAF28D9BE93A1D3A164320E07D42E514725C29515FF361754213EDE06B079A2E99EB1CA82A02019EADEEB87B9AF005BD04BBCECB14AACD6B24EFBE482194A97DD32400685FF1FEF1544D1B14EFB1E7F08E6D2CD2AF52DE757F
310
35F5E62332EE88EA26417AD5C3E0E319D68F25414E6D672BD4522B278C57D18F0113921C71D96527E091F00CEB15AE23D24667369BD3CEFA10C7549D930890BA4366F4EBC55F01F746109F98ABCDD5A3EE06619C6AD78AB33E48E4C9BD21BF7478B385EC05C4F8987E2C1BFA0A60EBEDAA0AE0B015C2720ECE180FB6F2DEFB
310
EB822D96338C9B63822183BBF52FB664A7AE57003AABCE512BF77E7E31BDA2E739AC4C131657DDFE5225E900FB56CC01CDE808FA4A9C9DA16AC679656BB64796283D89812B8F91136AE18EE5EBBAF47A73BE3C153EB5D4CD491B4BFB4FE690A4CF9ABA08C0D8AA64220C438C96EA6CA80B58FE5761E697B3A292EB9FBDA502
310
FA863E49FE694ADDFFF9D62C520BDD1A22014147A0903A05B9B729F54272EF83931FEEC057BFF8C8055C279EAC5C0011804828734024F6CFA319C9CC6867C727184465CD9BB7ED386AFFD96B294A85E3802FAE47244602D8273615952B98C4F23F7EAE4463D9D638EEE374A20959E0FE519C4CFB0FBFE5DD80C2AA3F9DB961
310
D1BDE57E67C9BB47B77FDD74EE3094F5DBBE3EBC1FBDB7393F5116263009E2EFE1AF9A221B2AE234C902BF70E9F280ED23E73908361565964333A3F01D0B006AF32FB21AA1316744B489D5A198E85299241735BE559675130955C902A8ED761FC0DBE337A9F91919AF5CE32AF902ADF9AB2615E00E8A94586BA1A90839B618
310
32FF1BFB76D2EFADE6DB1BA04CCAD3DA649E7E2A0219F592E22F2AD54847EEA8E42271011E9074F8F3DD9FBA6CDF88FFC9FC7E811AD1CA8F4557CE4AFC7BBEDCF0114A48689F20A584520C74DA8127124B767E2FB91A6B186246727BE63C9445BAE02088D58B8EFDC0F1072407CD9B89A13F6303B4A928F593AD489B58E686
310
9325790ADC406036C591729FE14021F94B7796BB11848D463536A092A26F077F94639F7CEEE2A724C66EC885F4A24F8B8A0AC321F8FD149BA529460FAA34E4663C02D41FDF80BCA222D42F0ABFF8490F4FA74C673807C2051D8E467B47B616072860069A9A303ABA9B319D58404461401B0A0F9BE5E1E151C14BC33B32ABE0
310
3DDE91708DFAEB15E7C0D593C86BB7D7EC17BE56E57975F077BFD5525F3A1A361D584A75E08CF29FC7B44B2B3085014F3A5A14517377C3F6B8F37E59514C3B12F8AACDEDDA4DFC49BE5710101534CD6FB6DE15B50F11A09472AABA727F0C49D9CB906B158030065F48EB3625E010CEC1D511D0053474B11E6A4F01C0D6EF1B
310
ED3A944FDEC70E0DDCDC756C86545910E0DAE3BE3AA9A404574C2995CD5CAF9549226BC94B4F4F0F5F9086F418F6B32346464610D8BC7391D3C3A3CCF04CFC1FB2A3A3170E369511868F14EEA4E5E438CC73DB1F3248AA94B6B2FF33B222FF3D1E7BF146CAD229770158063BCE4F5391964DF62F7E52A7BE0EEA829C9E13C4
310
C147D6F93FE59E111DAB5E4594D6F3CD1AD375EE039930EFE5AF2BB2D41C83C7DABD8C659BAFBE8FAB392CA634F3D15C1D945DB4588D2B0824A4EC928AAC565557CA2F0DAA588CA5BE30B3A8004F7BF005E96CBF891D7F18112A3619FDF530DC8AA64954258E1811789B5189B49B4EB53F5F89F7D37523894F3EB57B373763
310
C91E502F52CC99EB7BDDF933FC324C4FFC2561DFFA7339FAFDD0A4BFBE6D3A8FF9ED1FC49898139864602458968913181918F719CCF5A68B2EE9C1FF050E34E63107003B8120FA982C21B30A874E4F5E4B38D5A8290C4B8D9BE48A0BE31EA995BDC37AC6DE90BA17D259DEF53605D55922FEB1855D915B659FBEB350EE0DFB
310
2F9F766E1C84CC8964B75D08667445EAB966015F63A18A9E0A325C1B3DC628C0D3CB60F767FA93CC65F25458BD23C3B312716E5F40E5858AC06EBA9AB14F95DB99147B832069201541D09A0D856E12C629CF32683760EE855537D1901988D5EBC156676C7DD51D7207CF3267AF1D76C2AD867315E44618015313A98B19941C
310
696FED3461CAA9B5415F918556D7802EDACEFD6B2E45853A9735DFC9DBF7E440F9319F8B6805A973BCCDC76C069A9144E51F187EDCC12FC31B5DEAAF0A76137199B106EC84ADA6B6EE697D4E6A96E007417F4E880E8B1E89B4BCE9D81EF611E2ED8F0C1A6C25F620FAFAAB656A7C42D464880E8AFAB0E0FC8EA38CA9A8AEEA
310
EE3E4648BA4680270A89743CDD3E6C6CBF34B7B640EFA285ABC7EA0A1E28F3CC963D114A80123EE66D0AF7D5380EB41909B605AB4765B709B808590458157E69BA1378FEC4B48CAF6A730E3BE3C5EF2DD1A5EAF94B1DDE50CEB55DDFD7EE9A16747FA4B223359FB1FCC69E1194892BABB93A1D5C4E807AC0EA2E30180811E7
310
7A2291F6E7F7FAA5E0F60215BC6024E48DE436C511F0628B8CA189982D4D83CCA17D305A7E923C37941CFDFDCD93ACAF735EF5F0E61BBD3E6C41A59B242790D3A3BAC7064DCD89AA2E37214EC839820949D5CAA31E240D2948E48F690298974A96BA9A8432BC90F5071D6537C9666EA4564796B7AFFFA548077BEEA75F6308
310
3435074BA182F3699557397F71548383FDA8CA34D99B981E72835ECDA5DDDC151315173D05A21F651AAF8524E88209E2E7A737ED1045800CE3390050BCFB8BE588DF111617874C62575039CA588EEFDEFEFE319B739DE2EDC147092A262611E159650E787917885EF08F1F51B8F2D8A71D60B58B190FEF9541A1BE94BC19FE
310
A50784DA1419FE4B0FB51B8D36B5FF8E1286FD8AF42B91E59A5F1CC4D60174E764045FD8C57B18209B217F89A62252BD20BE0E63E12B8E8F029FE19E0E8D0870F58721A557082250D5424F7909369376E41666C0EE77CD87CB283F661D5FB6D0DA023CB67320A20DC7BE661E9E1BFE5463085C557DA1FF9BE835733766C3D1
310
39F2CF9E2208873AD0EB4814DE9E6BF2CAF81614D4D43906ED1C05A3265CABBFE192770FC2F64F940CB6B17B5F166F133C9AEEAD2641807C3E69515171DD74C4A85311513D6EC9530B3B601B6BA3EBFF3B5C3D2F7D69765141E345F75433953D013ADDF8F6AA7DC3F4A7563FE5C7D367937E2900D7EAD0F9FC9A4A1A9B5BDF
310
1FEF08532660C01C5D6DE22199AA774383E306DAB87E301ABB7D213887F9869D4942D0D71E94B27EDF216A318BD488D45DF84529EF575AF3C3938C0AAA0215B01994153E2054A0B894DA5C784980633AAD48576957CF4AEAEAFADC7C587368551C73DBE1E57C58AC713303A8BFC258BD04B51724459FF9E24C03A81E0E0679
310
CEB9B348C0DC998FEB9C6D6EFA77D247CC8F92D3848599ED89A23218D0636465AD1CEEB7DC140D7426F83491C4E8E8281C2FB35240918FFECE880CA2A42D70E8B20B34DF5221C7DB0CF90ECCB9C745B37A47E9B716FF7A97B7A252C1F3814DC7B1E1A7F72B8751D524EF7CAE45B0C73B3BE7D08ED39781B380DDFC9AA4A474
310
9C9493DB5BAD07A6EA6C092FBD0E85DB004DF06B8C9D3089C5320187E4CE1846158C7EA7DDAE8AD9AFFF21AA3A1026BB06A259845E8232DEE62811A4DA9CEAB3A4887320B76E2AE5615EAB7BDF738CBDD01F1E64064BC13D9EC53576751CA8CACD58B3CEB0E6CA585BD089B2A59B9FC101403387AADBDBE70586B93D64BF3A
310
D4453EF9C3B6A93817E8346991798601344F79A83C51F3D50F7BF2683A3605F51A72449489E0EE6169C749C60B1035651103AEE24D24E51A759C840DD3FC6504DA6FE107510E447B43461C79D22970B75DE5E1BD3007D1AFC619A4A4A69B5626AF5E9B8374E20677F77E2F8E73DF868E8BEC7EBA7B6A75EEF7205E1AB9486C
310
B642741D6E03FF13FCCEDB1C4AC129886268B01CDF4B124AF797CF784F3C6DEC97A17D4B558070A0F1C04DA4FF9BDBF34159AEFE958479824B3F58EBD1E19088A2AFDE501B6F2052368A3FD0E650A179EFAB1561E1D27527077136E652676C3670F42DCB3352F48F6BC86D2C3B0051727E41A0A4DC6CE2BE9D47F5CAA2935A
310
3C0539AF080665997194ABECD723B08129CC5B6B21D2E7D54CD4D12610E7E9FB8306771A89576C7A982002775ED44F3F744CF21EEBB27A631671D921938AAEE3EB0D19CD1E083727F607823E817BF599DCED5394E37EEBC2E88782E638920CA641EF74D4CDFCDEF06F4278ECB18E31E7E9876F2D783C8BF429C75395F57E98
310
C2B495A3DA077EB3AC3C158608B6B57FE3EA48484D9A480096FCEE0DE880950E7E5A5714131C5C41AAA29FD19AE81AC145FA1B9E85C7169A5AB837B213493DF7E9AA4B5FBF9CDEB36EBD21EF1181B7CF7366AB2A951D01E37AF4EB835D1BE8C117CFBE7625D2EBCDB0B20C5A4B45CED0BCDE3EE8DA9DA78C2E21DEAAFFD119
310
7E463C33CC6A80FB785669B856EFF7A8CCCA2841B5A5369173320B1170C368B2748D81062EA0296E5E2D95D7667A4A46D98A6FF475C76AAB0A8C8D45E226FAFC9FE0133EA9F60111F99CA81ACE03A1D14C89E8B0D69079C91464FA1D99E651D0EAF606F345C42A8A1AA9BA391031582B96D5B4176A77AADB01F12FD298A75D
310
EEBB2C82F0B8650E880722F8DDD90C56A7A058E5FDEF1AC93545BA27367C76F5D8F9690CB6F8DAE141EDD7971F0FB548A2AE435F224D6E5954CA155512F7332029D5A1230854B79F258EC5FFDB09F5F6343A8EB193229B7F7E79B3E48F8E183860B38C8269D1B53738FF1E0BACF6AADA6D4869E9DE708E79B5DADCC09B1BC7
310
6F649731CFAF59A83FD8BAE4C749D66FA87A3810D4D62FFE826FA400C0F325D2BC0F3CA35F5847B82A2ACC7961745C823E4D863D54460AF792CE6F79B5C7A33B25C3AEA6CDE15A919B6367D781E9D44F61BF828672594A3E1D9EDD6DF179A81F27EAC05B936575D73E05C209DDD2115CFB705DF9BBF3C911589B3640735E9E
310
618FC9C36A7326C82B2205E244C55D56FDB9D5DC93CE958D4BF8174D2B3DA54CB3C09F2C2A6DFF73D23B2197355761AD421EC581284A7EF8DE2CE3497C0C804D49B41DFD6A7360844E5BEFFB495CFCDB97A4595911CDBA623274CE852B5E278AF0BEB1770E9D37CD977B2766A7DED0E94B840E1E95E8C77DE5CB6354AF7871
310
427C28ADBEEF7BA0A28E19DE9ACD75F379FE373EAE6DDDAE3834692F9C2B03B4FCA8FCA9ABE8EEEBEBB725B88A7C90941E850682CA04061A7DF0CE82ED49BFAFFD42C309818FAE14755CAAE78B0F73243ECCCAD7DF58FCB9CDFAE7A4D3E6671A613639130D056C8383C8F4FCF4808C331E544DD26E4755D09EA05253B3049A
310
1E32587CC25D72E073E2CD96D04A71BBCB0038FEC3F53D254199C3CDC67CD66640269431860225392B2CB3ECD0B4498AAE78BA1994246AE1EE78F2EDFB79F6C6CB6B5E279C4D373FBC21CB2698C9ACBBEB6A4BB6B39E16AB0E421CCBFC7654D81ED86022F9BB522146F9F4772E2D0E4FA70120C95A85A417BF5078B232F475
310
4363EB1750B2AC2148EB46B1EA72AD9B4D23ADCBC589D70106C3EC2ABEEED84DFE28E718C6C83502C28E9FDD3B09DA0A6F6F7B72B706A31C9E2A331EE70DA56A083D2177BFD63C55B11D8D949FAFCF90B23A1E24B9B5018B9A17E99F2890EC302F330FE7936E2C23F0D237EC8916F5166AB84B62A21BB0B950146962D754F9
310
2CC2C8877BED8FC7B7B25726DD19545392570B3A2C66B58F027BEF412E552D12A588C4A3CC5C3193FCB3485EFFF700D0B9EEC077754A33DC1FB9E25AF814628F91DDFECB667D3F7690803F38D13F8AE39353523BB08FC6760144AFA2CE28236F65EDBB3D5F59A57D612B99E3D7E5F8A851666BF9B5A6658EFC96EEB37A378A
310
BB0EB3FDDF1303AF32C41BD1C8560745D7BD81066B0D6313359CF488563D3BA3F8E2185D1FAA3EBA1397C9D0E3DD232180A4DCADB6AF25DB3AC3CC26589C8239E66E81547BC7E2F328F9884764CA37EB5DBE390DFC03A5246B456A7C3684C4377D0EEF9A350680FA9A077E8B2957B489E09AB1AD41316944C2254B5984830F
310
691C93CAA767EECF976FA5647538830B5E63236A6F0365C1E0F3E327F24FE35EDDBD7360B0F7374837409F7A6311BECC12B7026D4FA1AE204FA3F5FE904B1F420C7A9044AE58E403E7C4848E7DA25DC9EDAC79DD756FAA26B9EA83ACE8A214A2612A22AFA19DAE7DBAC5F8CDE1292A485F98DAC731A29FE01A3966E96BCB9F
310
B5A4C8830E1B9AF0C54B87FBE221A097036E5D28D1F869F810C06A9BB0AC0612F69AEBAF893C6E7AD59460208BAB3A6B09CA4F6BDDAB8CF0D1F84B72487498395A70DCD754796E271099A567A55CF242BBED64696378BB6CF25EF0FCDB589F3A82F1116D010A9AB9FA4358809EE0C973A2B4229BAA876A70B03AB49CBA7FBE
310
71DB1832FFD32F9BF2C8E98075CACAFB36921235D0F552B6A67E94E094097A5D7DF681B40623DA535ADA7A9AD8E9A62407D7C9A5AE51D62A17A83A23728DE86BB56115804D3F2675F2C6B87541A0FC497BF0CA86420F558C9859EBE9FAD62747E323E3AADC03FDCDDFE7407B09DA90B44E3185723C5381EAEF589765E2F7A0
310
99BA46695BAD60CEF3491B8A171F5F56444F7CE9455312C3498C74173AEA0214EC029833B34B650CBB5A5508D5091665309642791708ECF27CF11DB3D797D6CFE474453BD4BFADB768094B2147814D81C7CBAF8228DCAF5564B5891F5EF6A860EB2E323CB82AB868D8EA048880D63B0DE5341F1B3D53297B928A11E15F25E5
310
148990F710747C3509ED14909C552EBE3973246FCE55D00564D8310BC3EBC5085D08D806799B77D6C57FDF5E55837F9E934F09C03C729271B64F12D0A9F9E938107CAF7BF1EC8CF1BB9B42363D33070F4CACB425E605DDB0A34A12BB936DE286B9887A4E2E558F0886498BFF49C311D96C277CF6A9FC0D75AD0ECC5226D7E0
310
E3572012E56D7FDE4410CEC7A6D0F997F225A2055B8B92E3956E875AE4993CB3D4C9063AF98FD45E1BAB165640A43439A2C9181A7C355B297C0A0CCFFAE19B6FA3C2BA238A885FBC98B8F6DAF4B94B97304878DF4D8BFF6A4AEDF79E90ED4E68F00CD7299F4E0D83E35601AF0CBEF18C1E870E74758FA91F5131075004DB3C
310
FCF09AE1DABC11957FD9808C92E8A678CE9DBE40DDA0E0D1D505AAFBCBA208232BFB6FB3704E8985E61ADE53DE74152F5C7DE74B1DEDCD37DC3E8FB30D7EBA8B9EFFC3606BF90B8D438279CB7709FC7C00D327F41817EEA71CD9E49FE9C8C9A81C70915D9F0F15958EC5AA4C3BBFAF46986B90F188BDB24B89DE3C6F29EC3E
310
6F66D84856EE96A35E657CA41B41EFD8DBFA16AD6E91439EA92B40B21C053249F51AE50EB0B24C770FFAF40DF12C8436366819C48E36547D4E7B72FE2BBF10828583057814A668BDF183F6B2E58DFB151103E56303E63D00F39C27C4661605DB644D19175D02E3F0241E8FC3458D17AAAADB117CE9EEA690D0DB01E634878C
310
04C2C9310B69FCAB831151E3AD293BEF6E46B0ABCECB50F5939B39C613D41E81FAE8D34CAE3C4566B761D37185FE864AC32FCB71AEF39DAA5BAB88609BB980CD2F07A8F941653B529567726E2B2A58D079DD57E1E5E31426CF184A04D7B03B985F276D47406AF276FE32E3328BA866EB1FD39BEF57863A317634AA5FE46740
310
9B3873F5069EF0D71AF00AD189D17BA1974ECDB2D623E9E14086386A6AAB5807825C37B015BFE892AFD154920EC437EB945D958E18622E1E0FE2FA06557CE4BB9BBD05A2D40E774DA2B65473791E314B7D6C886820B2FCFE4AA272B3B8B15E7344A145E8AF919B5454D89D36D413E87211186BF6F645E5EC94DCCE8E1C7990
310
22E4EC9BC86D7A0F2AFB1FC4B2CE48F84B3F49ECE65BAD24CADCC07EFF39AB06BE9E6B27A059938EA7208838455383DDBCFCD967DDE4650EF92A14FF933C975DB20BD7FEEBC4487576485963D757D16340D9599FEB362F775F38CA4185A86F74B629C81B133644A3B18FD056E997E0734F9BE26D11C0AAFC669E2AC9FC41D2
310
81F8B2E1C35AE27BCE05F3DA295488096688719D974DF1B5D182DB7792288697F8763CFB43562C1CDEE11C4AABD5C22B6E33F6F389CFC3477C5919DC0D533F8A7A1846B7ADB60ABDC26C43D0CFC8910B7C15EE22675BD02702ED39DB77A87A192CA7A543E6205B979B9F5A6B512A3CA799E198B2D5797C0AF8D1D872CA455D
310
4D431A7879D4DD76110B5FF7F4176B54477A9EB5E4A5D11214FDA585F0382751D8E2582BA5D2075053298FEB8F1537304E32CB22C2E2B693DC0A760B1DFCA751BDC445AFDCBB12820ED85F6D5298933C7EF1211E9E057684056CDA3FEF3BB6052355E162DF27C59E965A8DDB7F9437EB72CDDA3A090DE65A5B2F50326247B7
310
EC67B73ACC7047FC9B353D6EE990F772207C6EC52B39DC2F3C0754821DAB559F7C1809C7D0DD5B0499D0442E0A6E391B3D5DB46D11E731E6794EC77523FBDAA242ED67F9FA1FB684255671F63C9BCFE6E7E896D51001A6113EF2298BA494E0B0980D1FA5B9D60796554C02256B1E0345FB7C6186B6A19D2DCA270416262845
310
FA4F42DB5D9B0A0B6F07FCA2E56C242522E001E0CEB734AF310FC8BFB57E38E03AACE93B3326A2197891E68452B26A6307FDABFEE0223D3C03C3C73D2D5BC054C8311F12004CAE488E5C29287F8156A2CAA4AD0D7BE6B97264E4139F437CE73ADF52E5134C52B819777C18B323A5924E4F67AFD13B1CDC3A61793A79FAF5C0
310
CEB718E441071E797C6DCCB9EFCF7E4A1E9F3DF3C2F9C9E8294E9586868788C972857FB0556D7A26941A7EEB9B580AD78EC40B85DC906B4120A563CA3B87797ED612D3B035962BB75F6515A393F4CB057F564CDF54F2E5A024514E6A1F901DB80C7E70B1FC05E356A7E72FABF4775B3E3FB8F70A2A8E7B6A94542BB3041579
310
78CCC999E707A29CC795E67A59CC546A5D47B368954CA7B6E75EC9E1F6FC73CE3B4F71F8CB1A6B15923D61EAAEB14626AAA9D04A26EB9C66CD1BE86CA31A5D8703DE04CD1EBCE4F5CCB62F93909AD11E55799A781A956ED27D3E738F4538CB04ADABC7DAEF20BC35BA6A90BCC1DC61BA05F20D8832FFB9BC9B15E2DB838A0A
310
FBB7E0C82A562127E0446894F427794C3037186F622BF24DE1B00AA10A23BFA47B2A180D6DA5AD6F7326FEB8C100C2D7142EB2A0B2A9D1008A09BA343D70E054AB69E2A7EDB783CBD92537FAF4A44D1296AC2792729104B3276C276C951D0CF3CF3F1E6B017720A7B8505A5FF9589365979678C36F1BAF759EAF57C60F1FF5
310
FE9DCF5F8E764FF25A2D06CF25117A8FED51884C13B2B750DB0E4F5E3D64124FCF11F0AD8F1CC3B3DA4B38ED22BF1CB2585EE6BFEBBA63FBFD44F9537B9B37BDD6B358720F98A8125AED4349CCFEB0E135F19E208A04CA7E2B10711185D72E381F448036EF57C9F874E54A971CA37A639E986AC0226DC5AA00D5B14FEA9192
310
234B3DE617814FC221C92F33F1D392F297731B567FD98FD91D989379AF567A65B8ADF177591DB90FBEA99BF4ED11B16E50A0AB1DBF1156D034BBE04D69D08F939D8E92BF525A1DDAFF80ECBC95D8F45D3FDD289FD23F7D8B452F8EBB34EC082DEEE68E18EDDF072060FAD2AB1504DD4879BF67099FC58F6E9DEFBF645D1633
310
4A3E9A127C6F1AF6132CF287E433B43A0EE93812B4AA0B194E03EE3FF91EF9C6ED0074A2F6EB18A96A7C9890B1FCDA1F2095E944DB911ED54C60DF16FB74C8CE9BDC7C54C4F14078CF73C2FFF1F1BBCCD7CF64F71407EA1683DBC410D226627F66E509060D5C0AFD611DE681D509DB8DD12FB1265B03C6F5C55FF4C30BD941
310
87FF692B4F152982502F193098A789526A038AB529A52BC0DC4FB6285CBAC10A8B8DB75DCD9BDABBB221E27D1F8DA9F5EE5926A1C8AA9BA9BC09239C6A7F12914EA3B59EFF7AAEC3FFCCE56F1C5C2980AD072793527565E774F4631DB178CEEC691B1F367BEA0CF2907E1D6B854D527065979DDEF002D8B2ACEA7CE21AE297
310
737EDE1D45B31233B73FEA35BCFDD0B09721FDBAF6432681F2FD10C3E9EFB246FD6E854B344ACC9D8A0EEF876A7314B49B6A499FC650B099D650DBFEC7638ADFD245E2B7839DA5AC5F7D5623FC0ECEEC8653FC9B2BDD1AD4D00A566FBA7186DD3C9CD26512551637498CADB950FEC71ADB9A5524285DE328B8EC7EC75D2345
310
AEC6A27C42AF6D9B92155315C80DBFCABBB7DA0FAE425C4FB896B15C9BFAC4FE67DF5A23D30C93DA4D8F36FB15D100050DA6062E22AEC5F4DAC4F6FEEF97AE05DE63C6D38F9E068A20BC5E3B6BCD75320C5090924E7F93640A7735B1A43451C2D91EE62C6238B797349E59890AF3A520DF4A87095F3ABEC2E61F0593416CE4
310
6CDCBE0E00E2523FCCD04408588B5B6C9DB6459C786CE378770B54F51DA3A5E1DF2A3349BEAAC234A6CF8993B598B3B25B4B113E353A4D750FA7534749430F3EBF2512E7EA3FD43C6AB9A1F765A58463B306721A15D224FAFE8C6F5E3432D57EE697DA0DD5A9D4866A8BCCAAA9DFF1F06047851408FEC060471D0E3EB86BFA
310
F46E4B5E60311DC3E3CEA147C75CF971BE74689507154FF2D2E92F15CDB2B9182B11459FD8ACAC5A85F174BC94A7F4EE4C4F5CAFA7C02E37BF0BC77B7DCD0C047BC316F562A01A441AFA7931CC84A28CB9F4AA367EB515778F29BFE61195FA671F4352E5E46E3A64773F1F76EE5EB36D7BCE9BCEAD837A4D77F8DB8C92AEEF
310
6711920D7C7D0F76B0FD0EB7AB83724CD35BCA7D36DDDF5FBB7FF6F04A91F3E2BB3B8F1A43CD659639507FF6331C5F697BCC782AE57D757A27D97F1AB9E0AEDB43F92F1B2AACDF5FEC8ADBAF9F814E2027003BA2F9E144B1938A7A04050AE5D953B82C45619165C813A10E76DD6906B3C16438064D14CDA713AEC420034613
310
E1AC7241904A49FBF87409AFB1FCB9B72FE7933A87D8FBEDACECE4EDCF6A4FE9FB94D5DEB74FAB7CFEAE17EE965DF980DCCA2D04134994F9A2E94D2265DA4FE6AA7B7AC15FACAC2B5ABBCD7DFF542C5314FDAB2E1B9D8B65220B8E2B638BE008E8DCA22678C820C5053664D15E89F2D735B51A84955E81A443545E9FF787BE
310
0FA700A76D136C27DA179A7C6E8939E01BE756E19CB292798063D8B97F44E8A27BCF3A614FEB8BE974A718E86F7EC99B53CA35FA24F61F2B07266684623A3D4CF073E511F3A10A8FDAFAF0078C577F4DF9D339FE7862E5FA47CF4344209E5BF76D783B1B48E152AD281B15FCB934DCDA49CEC5706B1EE8B460F435324A5CAD
310
154725E21AB8044B75A557A79F6C807B9340AA3D92503E866F4274412926C8C504E4D5EF8C0E68DD0B028781A6B4054F11CF18941F101C57CCC796773ABC8DED9CD91FE5788806C05E548895354AEAC96546D55B0E94A59F148D061F42AA398D822CDECA4CDE79E13469BDCC44FDC990F366BA5978C15F97ED80CBFD73B0CD
310
9B8B83A4F6845BDFBFAF034019473FB9A63BD55D3A4A7284757071574029A4D016DCCBE95DD679EF3C4880BF169422F8C89B68A988D2B13793CAED4F74DE7486C72DC94DF46B8E93D8E02EFCB1FF9B3BA10C8AE7F653DF94F4AF466CDDCEF5776687F7C4C14B63E4EED1719DC2EC482D7DBCC7AE518CDE3D5FF86D39000EC3
310
673C0044E1D308BF05F74D1B5F033A7D1BE7F74BC55BBE3E4A20F920946CA0271EB17BD2B80E5660ACB8A29A79F5E4BBA49D4D945B6EEF4A7EFEAA65E5555BBB57A7E15D2F83C69F30BBB978D2B39F1F26FC097424D39BB33CA3D87ABF64E307938B685BAD44F71556A30B7E712CA4FE600613C3E554B69ADE949A7CFE214D
310
F1FFF05CB82151EC6FC31950239F94CF7AD39DC473F6EA356E5EC2C4EFA04383CEFE985A127484366FBEE3C0EC4FEA363E4F6632AE781392FD45D67B63FB8DF70E82734F431FD3443172A0E30A83D60982D55FA6A2CF86DBA8382502ACC6CDEF3B907982EED1160E14863FA242F9757347E1544275CCDCF71ECD5F8621CBEA
310
326B8BA884AD7F825781923E66971F04010D574C541D8427A438A37EEF8AF88240EED7362C953F5A81DE2D56109CDE2524EA0F5D2F87308C0C47BD97AD605878AB8589E17CA83930CB5E0DCCD75853D68B1AB136594926DE426C367428E9334AFAFF90ECE221BB5DC9E5BB53D2CDEF954EAA9CD814F0E5725F1965DD458E5F
310
8487683AD86B9D0076BE3EE91EB1CECC5331A67A3F79D8B27587C12EC2A6A70474749F27B4C0BBAFB94B34189E88DC18964BE4121B9137FD516C7755356E50D6714E31ACD222621EBBCD1CFF81D87479056A9DA0E0B8EA19D24CF937DA89F78E8650CCBDC110AAB6C4E46DCBFD0446BA9E2060E81F314AC2031E88135E5476
310
AC0160EF5C0DD2EEF1B8B5CB2D198BE9A554A9093B5F7D7E4B5407DDFCA1D9C152FD97F55BFFFDFE802954DFEC8995B983E28AC92F1971E28F531DC407A1280EB125F64A72E617EFB27DFBCEDCDA2D6F2BDADA36873EE46B9BE1782998C63DA7182BC383FB6FD15DA472B175D7E8B4FC88F38D6E07FEAA3FA3CBB8F6B449EC
310
F14D2175E5C5CCA3A42ABF24CA6C9395AF74535F4DDB38CB84F56614B0FD32D7E19CA5CF988DB4449C40E23DF2B16772594554579094450F56F253CD25EA7F77366FB1CFE79696C428BB64D5A41E986189427E5E4D7E2DAE3D5BB4972B3DC44EAABDDDD63A2264ECFA5C786EB0EE1FDC5BE34FA0F08376869FD1E61EA06CAE
310
15191135445EE8F0394161C3266A596AA035572BB0C8876180D8B9C77D307DF9DCDF7365ABDA6F3A2366436457A4DFC1F259666569A9E4A79C817BDD5610E5200FCE894A358EC72858D50EF67545DA81C6FACE3D457BAF70367E1E6BDD9A952FB4F56247F58F523B97E640246051A72F79BE42FFA0B3187F63097F91C48B86
310
8586F714B0EBD5A00A8412C1236E1298F60C72BE6C96B82B404CADAA304AE9F303176B14BA53FBC2D5E86377E35542019E24D97B96A49B2C0E5006E7795954DEAF5DA58958839043C6C70BD3B1B33B6DC5C31316D8A6923F142E26F6711A2258AF977DDF1F970ECC4F1F2B434B96D81BEB6E89BF3BBB3C7C8CC80505070723
310
D6D7D7D3C8CA27CA164A26024FED94B12A86031867241DA53D929636DA600F050BC40CE48B8BA03D69224720DEE2ED2127390BDF5E6EA64527BBD4C4C63FA76BB801FEEC0E61218EC98A8A86CD8313781617877E66692839B9468CF4DB8E50A73986E558E309C0D6F676F921BE02F1185454DC75B111572FF9D27D85EA14C0
310
5AD7271225B391C4275659CA4A43759D0BA44639BE4C30A84DB7F67A41399FB95CBF923B1B1672ABC807C1590557FB18D811983FA97F5E609516D62281D38B1281F68FC75528C35E4CD7DF0F7DBB5E5DD69C414EBEA2F4A5B241B996BA77AE6C772E367408C633EA3E438B68563EA8BE7667F3A4C4FDEEA52ABD78A2820F44
310
3B7914A15F180018D231E64519C56A12F6CA7C8DAE18F06F6B769DBF92329EF6A5D18FBCE600F36BD8E8198DE5CDAA96181F3A756EBA5501CEE58F497EA4F418A2B82565B9BCC611713C0B708CCA1F398B78C5F7D03B3437CC18F13061F55C7BEDADD5ACB1DB0E36D3CE47FF6EA1A563A57E9649EA5D14D1A50EAA45746338
310
1C073777EF1600607BAF6428A7DDC079D47A204EF1E1F1F0589FB054D45E02CE623B3823C317C601E589E22B1E88B448524B86A82828E32345EC18AE17214B42F8C41C6D428016D9BA31DDCB47572561E5A402E5BA4FCE55F78AF7268524AA04130F3A20BA5D1E9F9948EA48FC8F5314FDB35E21898198060034ACE5E3E2BB
310
CA34092518F275190AF65F45867FF0900AA4B81F25427414C372BF51DC29AA855C5428EE1EEDD6B849AD60F6E73475C2D2523F8A2772C840A478DED18A8C5C91B085F255DC4F54EA7AA8947354FD17ECF8FB3B4A0DE7B483CAF3A1165EE05BBA413E5C1FEF3DE1D6B8F2F3F3251C17D9FCAB48A9AAF63AC773A0E413BBC46A
310
9ADF84A566FC920E4D8C52C9769EE3301CADEEEDD92B312E02E2A7E35B7F1E7D203FE5A7D75578B06E99D0E46FFADB8FDA17ED8880390DA29094202D6F645F76F6F96409CDA05495A96E84B04A00D1A6C6C81D7F3DE9376E828CCF144EE50E364ACCE7237EA0BFB5607ED1AC3CFE73794E5B61739D14DF1743441B1AC98F00
310
ECEDE9E7301FA29755FBEFA68C91EF2B314CF510537EF1ABFC9A762496280B546F5EDAAF8A5B387D469FC9A878A92828C88608453ACEC6094DCA54111E7AD5B2663DFE2DD151B7F123B9F4FEF8EE36AB125FD7AD52A59B1B765B3E3F73E3F73DEA93875004D2AFFE3CDE9493B87A9904DD052028949041A91DC0E1BA47BA71
310
4343FD5B25E0A6A09503AFC17C790058A836A324FE31D7893512E28230332F153181C1E018E1124EBE1BA262AA428A518237D1EA7275E48C5C561BD19ED6912EDD8367DA0F31E40EEAE9683DA9257525AEA7B632B97119E17145A90231768A4F3B9120FF32E8319B015E3CBE26F1A754177D8185345817C096B0CE443A955D
310
13AC15E1FB5DEEA0239EC32A3C92241A237B0B02FFCB4F93CF2B02570C8D192E2F2A68CEEB42F12E6F8CEEFF46C251E22B4341C56FB08CCE550E7A9D6F4D6564B9EA52A83D5BF2C6E03FA19D2775E15A8A7ACF30A13C259EE7F5EF2AC3BA354F1500E1A07FC63FB4686E2F12EC69719F9ECF5FE3F35598DF2CE944008CE78F
310
0911BA5BE5D0A34E0098FF038669C26030BA9B300303039852A8F6F496341737CA7E0D2E3AAA36DE0A70AA7D9CA0D54D9AD84B18A44C9E625475E1C97B93BEBB38DCE7D227E67A2D00F531436136355F243D1FC0D712C5765754FA22FCFFAE97919161F46D6E61ACB37D83777B385889770B50765B127768443A5C4D3A4E35
310
A3151111F146B7CA116F918A049F1C272F2CD7976C69A0068773451659A97E0F4A08FE604C3FF6CE7385DB19F4D3ABC8A0D80DA8A42096AC377DB49382B36E270B6FA7570188B4B7D1DDDDA82ACA487CCA5D38BD3BD039ADBAFA4ACFF27809239B722081E2EB9F145320553D183F28471C388BC8814E5045676767AB58A8E7
310
2D1CED2CA731379515D2E533E4CF0B39DFC625F97AC4836831A4DE330E87A8126FA17EBE583D614E71E22A8DBF2825599743E0640037303E8E1B1E8EA4E1ABFA4F62907B5E4E0E5DCFDAB417C36C6848A2B8D15F1E505434C0707E16B1CFC2A1C36A42BBF55734F8F4301DDC2A5110CEE8C0747F69519265012A2174BF4E95
310
5ECD4FDE095A3ABC70536B7AD0B9D7892F81287D667C108703C9B66A221E9A0929D030008F77FF6F5D2108EF5706FC87A3069B976F7C9FC3239D13D283CDEA83597461079FEEE049B0F392889898B7D87D31F8D60ED7B56B91823A8E4EDDB36C6172ECEE42BD42B12CD67994FA0F0DFAE9389356F4CD4425A4B8AA55CBF7EC
310
D585C6A2C2316791E43D5C06841ADBB226A87FD61515FFBB0167B74E56BD7F3E90A57A97FEDCBDF483A0D6699A8C0849CAEB4947FAA90D8E332D9DEBD9F4738C37DA0CAF9CF3DAA68BCB67C420459C7A64498D6E848E5CADE92BB6901F607AA331104A67F7CD650EE169B1DAE94D2C31C2F993632259B6957E246EFE4C5481
310
107B07118607700040E5812A2A2A38DA0076875258C753F60E0F2662C748EDD5F3F3686B8FC3BD6FE631ECCAA1E8B1C1E565AD117E54893E79F4672E32F9E46B2A183DFDCF3EECB4D4D077DBEA0DA254D256045109670050129E9B9B1A9E4A11344D61497A992778095151510C4BB7EF2009B63AA4360635312E4CF668B7E0
310
D3D85A8688E2BD83B569439892ADB63461930D428E0DE42E4AC57CE48DA5CC1449530D8BD3D6A0F08DF20C8E8F570F2CFFFCEA286E30969B4654D498A58D9DA782E19FE3F002181838925592C4A1EF0B332D88B61A92C644547BED490D3A42CFFAB70E36D961F694F6307F72FF15A1C79D5B1B5CEFD353D9E2B52566DEC8F8
310
F09CB3E8359C0F68EBBB7898243E34E12A015B2685AB303C04D3A9E00671FF3DFF0A184E4A2ABEB2B666AF5B3A209C73D8EF29DCDB069C9F391EEE9DD0F74C7BCDE16F8F02E3B8816122BBEB50665775B600549D8BB33A54A6BF940C028118BC6878C79958D6784F9DEAA6E26748386FFAF8D0D0101E2847B6563F5D8DC1D7
310
8F787BE00E2C941AE12148D4A81599FE8F68D4DA5CDED75530ADE138240300EE13B0FC13A1687FED6774662C05A2B7DFB186732F0D7A93545D8B0A6390AE5054D9CB582DA846D7A061B3358B45E2B52DDE63E114397EDB7E09233A579155D795BE76102CF277F4DF8B188C4F2879BEAE3C08347124BF9ED23B128259FE107D
310
31E34A652F090B30B39E0D9AF917B76A2806135621A8A60681F16AF216514BBD02711585B5B1AE823F4B2D0369EA5B6BCB863072727FFC871CA6C9AB79A814D989057E9470A3D238BC87CBB4A0EA49AFE2B86F22E499793CAA9047080450166BDC357524561E258C77CB697F1ABB32562CF87C3B7AA12F911EF19FB3E5C022
310
22E887D08202A60A17151F5E053A86B437771088B4FEE14D652C43E8D939995D34545E12E2FF93D4E366EAD25F10CB7DED141563C3D0C447AF06078A91135FD4B9611583CB4BF3BD167F2399CEAB0E0100F8FFC305F00F1711717173138B4B48C83022295DE657EFEDD97F238ECA80F528AFB4F8D67AD4E2594B9A3AA86D74
310
87EFC313BA95745C186F0CDD84CC12DC9CB0424B42203D351FD9C0A3AF10CC7F388E0329279087386421F194F4A29464C1DEF7EF8BE515E4A199DCD5B909342598D8FE6A231F71336248D5CEC5454455C7BE383B3BC7B260FED27F703FDC39A170F3827239102F59D4DEE7FEF82EAA1A5E4BA94DCC4CC44E7E2EDE20F24244
310
E4454369D2E87C3F823F193FD4FD27E1C23984B01898D15ABC20711A8A558054951A6AE280096BA36CBA439603B7B0B4C45F248C14B2383B4B5CD8ECECE4FF859AD4A6CA2326D020EF090F4041D28DB66E5256B56232CC52829DE8060BAE6BBF37D4B7469B822454FE93210A3E8D15E69FFCF01123222611C51C4FD0A041A0
310
CFA2471CF6BE38D2B20FA4C3525B5B8B586759475CF80ADFE67A284AC24651E52B8E683D24C2622642F27E7C3C22783BCF63648BC398BD6CD0D9C97E7E7E3EACB6126DB7A6C1FD9F1031302EE67ED96F22B77C7CA0239BB324207559B105E4693EB26EC46182A92C9C0DBD24F29B31C5C5AC1F84300E0E17CEEAC15F5736FA
310
4A98971E2F1423BFCD68D4BBD5F86E74B40A369F39507C88FCDB35D2DD8DEBEA4AF999E23CF2816D204200DF6E611781B9884C1AC8888B4DE397320472959434323A5A36B22A8E1F721A270DF3BD65E4A31C11FF048AFB0D8B7B6881423793963A23CFCE935FC189ED36FAE35C46DA3574C979E4394BE52084F3081837BE03
310
3396D2EBD80F1F691B273F660D2B32FA27A33B1DE4ADA5F0FA4651511102DFA410DDA86E065272CA314D5249DF91B06BB92807B28EFD54F08F7B525252782CD276DD02E6B0319B13DF87B1F6361AD6B28FC0D711CF445429B9E5A433CD493051C49A9E03DDB1B147D880253514A5DED88009018620EE229101C041950E2D8A
310
A8E1F5F5438E0C0C0C60EEDEE9E3E0C051948C69F84BB7B2A48A1F3C8EB9E6864687F4F4F6F6E2FA87608ADAF9C5E117B7C1A737E710769DA1D15ECE6A84502AA855398712D5FB51BE92E4EF824969CE18278798AC303C2C7980DD2500ADF8FB1E6D6C2FAAFF9987178923334A244758BAA01A9A1B70FA5097D01E1CC2A58D
310
AD0EC94CE6430AA9B0C10D75E3C6BAC670EFBADEE1607739CE0FC18A2587E3EC3058562014C64219C69BC269082D5C2F4A659278D585755912176D78A1B641719C2A394CED495A1AC5D583FD2F5EDD93308EA7EAE8A6DD396598BDBD3D4CFED62D18A5BDFDE0DD5C80D1A89BA62697B131AE7CE9A6594138582F1B37D68F17
310
49AC7CB67A70695D48A4A056AC1FBD4E82358CEAE38F54B95A9016F9000F9879C0D9D131768635CA798895F27D6F1614F11F2838A83611AA51C9A3DDB539D42979C29F10465655C17BEC3E2760B80DCBF609198C7B171A531905F3EC218D696025975E986C6B4C666666787271F202805577DD5A3EF0CAFAF91B62DC4B2DB4
310
217A7606282F31D8DDBC290593BAA93EA6353AFA9939B877978481E15CFC9F2755CDC00C538F63A4BA3E80AE009B73CA0185687D339A507D165B74290D6EE46D5C58148F020C3668ABE9EF2F7549170DC80DB41FFC1D678FF19AEB10C7133832B104B80F691B3138F97A92D26E551F1F110400D45AC71A9B9AC41A1A1B1DAE
310
ED0B0810638EFFB511D46B121C6FEA0F38CD00E03CFFEB9713FE1F9C263E4DDEC160D0497FA9A132BA608584057FB15380825DE6C7FC3C667EE947D488A09898D8E939C4953BF4EC9836344D2CC6B2971B2A21A572B06096F4982D2CC7232D46E8EA69DC83722E267754D777F97F96D5DA74E1E75178084D0E70F12AD33E5F
310
71EF2AFA599B2BEBF60A5BE475F444F240CBFE8143C334E7ED9150FEEFEF7EB020C4DBED388DD1D6A167A76F3CBF119B578AE8CFA7736ACAFA4440A1C47185638A0D2F3EB5BDDEFDA958FB13CE4AA4923D5BF840392D45544329525749734866684BF7F8D9D54D892E19BCA9F829A0F8BFCBEEA6CFDFC61D74EA1A645ED7A1
310
FF241739F15694BD835B66FEC5677E40FE69BD3F91AE402F036537218A401CB0828604AD189E575015C6F3F6BBC8AC79CF6C70653847254B31551EFCBEB5978B9DB85D58D0FA41A9DFE9C624834AA04949D24B5AE6D299E072D152D12097920F14AA92C31C3B97E28B6C2E6E9C23D63043ECBBC0A60FDF5BD0C33C127EA8A3
310
308B8B6AFFEB28B4455BF6E7AF4FC6222728357EB8E46E85053E6A8843AB23295BF838ABDA94658FEF3F832F147046B4ACD6F7D48E8FCC9618582961C898D1C7A253C91BFECBDA6BA18A1FCF70755DCCEE2222F41B76D23CA98D0CB3D95F0CF66D57FFF65E2A90F5DF40FC3187621E981BD0BC1D992787212688976B94A8F0
310
C6EF646624B570B78E068826F87CE27041A95C9A4871FF65CC17FCB1639629AD6A9517000D63AC231F3D741CB8430777E7ECF80CE7A3F73C0F162F7E56AA71F4DA80A33CD6ACEE78E2C11FAC03DAFCE929B106F8F6B3ED2DC71FF994BD9CEF4E9A94896EF1B6E2B7B4978168BCF0847A3D2A4F1B0500B926E634B174548E9F
310
BAD27153FB5FC36799B1E6C7C38A94E1F9E996796D7B485E635D5287A2AE76FBD11A341DB3F8F810385BB7296391973DC6C37C452A9305AEBBE0CDB6C566DB59FE60C8E94B1FD090354BF51439FFD1B48D725228FFA88C84F686F547107A7A235665A4593B7C34D748C1AC8D56DD5DA861EEFBADDECBBD65117E65851F9035
310
1AEB65F0EFCFF4BCFEF24CB7A5879699FAC437A7AF9099186CF006BB923A59E37D7A36A29FD8D2CBB914A5E9D0A8FD212FBF796AE9A67958FF1D5D8B85F78F96219D4714EB919929241B6C018AAE0C02069F8D919961EC5DDFBFB7573E3AC8E08BFB7C8534BE6DE045B3CD63DBD71F7638BA2309CAE398EA3A7D8F98BBBC7A
310
EB367EFA5CFA27A9F8F2F52FE878058E6209C026453F8E7E8A237DFC389E9590F6059B397CFD65183BBF936E86896612A5B5FEE49DAC8455D026218AFEBEC12B3523A45B57B82C9C97E02ACFA1184DB18E48CF615DBF39C3CC6F0B4AE6BBEEA2E39D944E290302FA3DE33FA7E40296E2EF7BF1CD855BBECFAD0FD622BEE974
310
6FC4FDFDE545AE6E3BC234CADF83A0FB76DFB145BF3828AE3436368AC24989454F8FF70A177672C711CAA1A76107218CF948CA01F873520E7A2B118EBB161ABAD432932029628B6761590C98AB590C8C8C79798CE9F715BA696E839E9131A4BB68BE923F1747FBFF165331FFDD4D05997ACD168F12CA75348DAC04C7F509FE
310
83898A8B421181AF492861CE81E4A2DD0A30850CFA95E05F097FF70F9E777310D584A75BA7018922E271DAB1D785671157685B7D383D3E074DDB4F1E44EF04B07BAAC75A062077C54B9752C738C9D804D402E02851F3F89605AF189738C18C021D2139EAF72513824E10DDD3047BACC8521ED7E98B257D1166903B1B08FA6F
310
918FD7E162913FEC7D0EF4787E29C35FBA8C6E2C9C20E9AB30AE42CA2A01A090E7D010C1B5BF9CEE2A304BF3A987FB40D836979B79E18D70F257DA61E808472DD85B82761825779D6B90CAEB0F23360C6F80A7D7D77545E95B3DFF0CF96A827F9B5BCECD2C9698718417EF80FEEDEE938AFF55859D0D540B7FE09435583A6F
310
04874A0C7E8CF234DF4879722000167F5872CEC6BF3EF7E5A8CC8121E6A359227C8A29C95212F9F735BC72A887D56B8F309FC525BFB4FD767AAEC4AEFF249CFBBD2DE1AB9969A6155C7D8DABC307E47324C1F916C7BCFF40ABA5644E9FFB9238D19ADADA49D9610F01ABBA57E4DFCBDCCBB2B93C8953206C91DE01B0E2651A
310
6D6C31721915B31F7B7CBCE55466F6D70402788FA91D73BE4ADCBA99A35F17D6B83383704917D6833F0FA3CD45C926ADB8BC17999A4A0AFBCE2541F7B8CF4C2F5FBA611B3E626D64407CB32C122DFF4EF8674D6EDBB86C8F7C6A16D50FA685E2CCA34F8F7D1D8265BB0042E9D7F1F666F7BE5FAA5184DF58E12122A42EF02F
310
461B3F369AC746F96528AD208512AB56844CF75B97F352DF7995024FB02855385854F3798670D01CAC771AC3E1889EC25F61A20C1F8CAB46898817F9C47E2CDA1F286BF2F358298709FE567C91133E2638C8B53975E753EA8BFD3578B5F7186B7BF084EBA3F77BAC3132A5779902EC22AF2D2E79F42D324E083386DAEE9810
310
D1B44A5DAA54513C7A71E52A4AB9257D975B621308FE4D2141CC3DCFE946C154A3C1DFCCA7629EC69ACFA831634ADDA93C0388D2A9A2DDAFCF957C6995BCE7FBB6DC4EBAE79E63EB08E9A25F52F67076F7093CA545CA3053B5BF576DEAD4E0017143C5F759F32B2D6F145B52B67B48909B7C7FCA6586EE385A2189C16932CB
310
6DDFD9152AE317C430492A578ED27B72D85D40C7C93C097939E1B50F4D67F05334FE9DC362C30B7FF561B95259138ECFD9274C8D695C31B14D4EAA9F3D7FA8DDF652F8C5DEFA23284C799B7D94416DEE81E05A866302DC70192A5368EA65E1CED8BF107A1E2D3119A71E85DC1A7B0C1E93274CE04DD0F2ABC8AC7C987FDB00
310
2B6F81757B43502EF7A0D92E416494FAEEA4C9C090CD9557AA4D532F4996A272B94355C5A0E4974EEA9627476F30809B94D8D8D860062E02204643BEC7D0438AF800FC7E2B26955D595421E83C69E1A07E0E3122285835F014AD538188CF9737CE76D464A353FA55A001AB2526B84E985083693BC76FE211CA1D000679C889
310
E3C009832C87E1AC2EDD05C302557422DF0800E316FCAC86978A371F025A6C7DAA9F333E7BD160403A1A06EA75AA9888FF01504B0304140006080800B973294C51464CB48900000043010000360000006662782F30303439423537302D444445412D343531302D394444352D3645363336323534344635442F646972656374
310
6F72792E786D6C9D8F310EC2300C45AF127987122606C71DD918B841D4B851A43646695A717C52A85029031293A5A76FBF6FACEF7DA7264E43906840EF0FA03836E242F406C6DCEE4EA06AC22492573150D1F66C60C640E8938CB705396EEDD86DE9B5042FE27813D640EA63BB001C722AF6E55CB61E4863F58284D5D3F53D
310
D715CE1C3985E63FD7F1B7EBDD617E9F1E504B0304140006080800B973294C680697933C070000201C0000340000006662782F30303439423537302D444445412D343531302D394444352D3645363336323534344635442F6F626A656374732E786D6CDD59596FDB3810FE2B84F665F74197AFDA85ED22B193C028D21635BA
310
D837819669871BEA002525CEFEFA1D52A42C2AB2ADF400169B00B14391C3996FEED1F4C32162E889F08C26F1CCF21DCF42240E932D8DF733ABC877F6D8421FE668CA9324AFEDB3508C2332B3C4B2359FEE7952A46A694B76B860CDD5DBEBBF5016929858286438CB6656163E90083BB8C8932DC91E9D2DCEB1B3DF1D1CDF29
310
379A64F71CA70F8DAB52CC499C03ABB01E0315C5816FFE0B22B9F3A92B3618DBFADDB6F5CE6C73A5E026A334CE721C87AFB86A5CD73BC155E3BABE3F58DEF486137B3818F4EDC1A8E7DBD7B7D74BDB7FD7F716A3C562727533B1D07CBA491256292025F116B4F862CDFDA92B9E54E22B14DAF80E933826A142B36DC39628BA
310
94644D4C0C607D295A4D21A5ACB5857E47E14F6CEB048AC19281B6164E7FD6AD37D9FC0D20645DAC94674458799673D0B5C2BEF4076FEA96AB865E6886229C134E31438C6E38E6A020D85A2AC82023BC4590420233A9454DAFCE2B18F6655F6AE372573026FCD79A4B4F0BC01F499E49CEE83F841FB9AFDF063C81B4058DF3
310
B112367F4981C464EACAC5F259BFA71E9640A21DC37BB01610536CEAF71A782D442C582DADF9C7DBCD612DE243FBE5294F52C2736179D29995DF690DD64C0B8CAF032825AEA6EE8EA87C05E83F01F2152F680A9AE3F430380CB4EC1CC7D92EE111680779C8F6E08F87C4D757DFA66E75788E90112B4F610A6EFB933035C430
310
EEAE413A9F3E81D127BCAF845B8798814DDFD358F839180A62092C41BCDF6D0ED67C05C11416E11466203DFC4E5DF115C1474907E24D43436DE1B783A2B4C334FDECA8AB3BB0194EC34A55868CA7F01DFE147CAF96EB8FEB82EF7048EE95632FC98EC6348764DACE9001BAE1F2DF569FA447DEB16483D9F1B4B129846BF689
310
881B2D6A592BB520A917E044A4E1523372E59E82B73386639214995A6F8B5361C2121E6C5E82D2855BEFFA53DB4079993280D65806C93DE43415985873A5AD2A103A3541C1C2305716B82FB51A6C8A280D709414B108B5AF4DB1C907C4196189405552D386ADBD5693DDD2DDAEC82078B5925C18402A7FD6844B0B1F401C6B
310
E397931DC790449338A09083C1595A6F302EA8C03BCF7346D82EA08C1551B0A30CF24810E1F404FD8E12D433D72379794EF8B695A06959DA27B50D09C015B01A249DADCA98AF74CAC9131565A6CC673A1B183B541D6ACD0727D285C8142D806A6394663EF127BDE5D8BBB14757D73D7B70D51BDBE3DEB2672FC7FDC564B95C
310
78FEF56D934F1DADEAF90E5429CA1CC3FFF28722DAC498327820C4C6DBF4FD07993D672E8446D7F30693EBE13BCF5E2E6FAEECC1D0F76CB872688F6E46FD510F4AB8DBE1D2E5244B0A1E92CCEDB95EA04D328DF7A7B8D2DCBD8EA150D65C4E765A5F4D61FEC731B499130C25FE57836815BB5A0AC2AE41541C6D86501C3E8A
310
14158450F5B5BA4F238836F9688B736F8CCB9ED3F7E48F0FCEE94D7AE3C9A832F6B3815ADEF3C371AE4D8210FACE220F921487346F4FA80D5C3AC6E937E516A7EF0F11A053FDAD2E399F67D425018DF09E043B2CBA8496C0784982D61CB6674996D19864B2CB7B55FD35687A0E145366CE6D31429A0511C9F1F7D89F6C1B1A
310
360DB19905D08FE6622270B12AA80C5A7520A7288AEE1712B794FF25C87094B2B2D3BD8481DFD310E81EA7CDE204D3E28A27B0B700E781B725727071897AC5BEAE0F5AB5D6A43EF96EF227E0D175CD2F84475FD1BD747286FE44FC8C21A88C867EFF9D56C425ACF455B9E8E358019D67F8123C13BA7FE8546876D349AD642B
310
8BEA9C44D0C6E2BCE09DFC7534F45E5DA4E242C3216A37BDB13894FD9BEEE0003DD9C09D2A6F6BD7401D4A6398737512E49514AD262C7521677A6274F506BF3EABEC3AD51F8E97BFBC62AE3B5F24873F9771806AB90CC02AFA1835756BD56DD443D933CE4308A46BF9695F83476CC9F6D89819E4DA4A745D9F5EAA9E5722A0
310
4630B1C522CEDE8B2FEC2B065543F79CB97765D1E696EB2B91D81C184E1FF9309836697DBE5B37A8C04AE7D35F0446E4B94141AD2E44377C86D4B7D5B1E76F5050127D5B9D39FE9FE828B4026B633498066709A33094275BB42709646F183B74E8367844329995C1785590D26F043A9C7E2A67AA39DE307D3A7CC0309866AA
310
172B42188A42C69C596A1DFD066350318994C329E711DA3015C32C54703AB3C062730ADD96B38171961C1E4AEA8D712538368EF722DF97A7AAFF8FC7043A10958E72557BBAE0A224339C090ADB54BE2780AAAF7C309F7EBFE89A1D8473F8BA29F24A98E3C2511A05827E21500A0753BF4705EF010A8AF372F98EDC6340D269
310
327FD60E4AAA768EF95E8ED76B785F2DBFB86232BEFA8C5256EC853ACF75BF06255B74DDAC28A75053300C25668A450DB978EF7EE109BC628AD02D052340BF1FC6A33FDC451245495C2EB957EA45155A3FC06BA7ADAB477ED0C67BFEC895530035D60F3638230EDE668FB000AAE554CC464B880D03A8A269CD00B446842EE0
310
98B17FB544AA36AA4D48EA6157C02367FA081C49BCCB116E53DF501B40822F0057F2E1F18B5E98BA1C86E0F37F01504B0304140006080800B973294C7D4446B8E1000000550100003C0000006662782F30303439423537302D444445412D343531302D394444352D3645363336323534344635442F7265736F75726365732F
310
322F636E782E786D6C4D90DD6A032110855F45845EAEBA4B0B4970CD4BF42A37C1EAC44A5C67F1A7A46F5F4D2DF46A86733E8633479E1F5B205F90B2C7B8D299094A201AB43EBA95D6729B0E949C954C88E51F4649D41BACB4CB544997B0EE43B270D3357435F8781FA2B83A8890BCB9EED1516282CE79A5D97CC2A699AE05
310
2DE43BB3BA6836B304196B32D04E14BFC1386112E80296AA45CC8749CC9338BECFAFA7E5787A1317C93BA9E4076218BC8F0512EE2F8B30D8D6D81209C93BA0644D7E50FD8D66FCC5632D9EE4CD563297D43A1858F9DE1BE637ED803F915F5749DE9F6CE3D9409BBD10F503504B0304140006080800B973294CFF15A4A45D00
310
0000800000003A0000006662782F30303439423537302D444445412D343531302D394444352D3645363336323534344635442F7265736F75726365732F636E782E786D6C4D8B3B0E80201005AF42B6F75B59F0390B113044D83508C6E30BC6C26AF226F3B8BA6360974DA7271430F523308B2B198F9B80925DB700539227A2
310
FCCB80A18E5640D320F996A81C9F32D6E9129A0D1EF74FCE750E6D57BC7165FBCA07504B0304140006080800B973294C1B0B55EC4301000056050000300000006662782F30303439423537302D444445412D343531302D394444352D3645363336323534344635442F636E782E786D6CCD94416AC3301045AF62045DDAB243
310
0B499015E8A227E8A27427CB135789AD31D2B834B7AF942A494B09ED2290ECC4E809FE9FF91AB1FA18FAEC1D9C37686B561525CBC06A6C8DED6A36D13A9FB36C258543A46F18CBAC1AA066B1CCA4E81C4E632AB5B056531FABBDB1DB545444CE3413816799EE95F735F3FA0D0655A889B005BF2D5A45AAA80A071E27A721BC
310
2733407AAF1D288296C95959CDF3B2CACBC57375BF9C2D960FE5ABE09194A241EC136F2C81C3F16E566A0C471BE4948247408AC99944450F4C9EB4158DB182877B297CD06BBBC4D16E8CDC38F6462B0A8DE2A809280F10A841F02F580A1E1DFFF0FDF4F872D2104EAD71A009DDEE6A6DA8CEB5E128AD0889F85F17F6E05FE6
310
B1D904CBD79BFB59C349D8C5EC1E92EB43747F2721E449D9AEBFC50F709476F9FC87C54246DFA2E983B20B79E6FB1518061F37A2FC04504B0304140006080800B973294C3BD488F97E000000A30000000B0000006662782F636E782E786D6C4D8CD10AC22018465F45FE7BCB95BF355047E17A8FD1DC909C86CDE8F1D3D845
310
571F1CBE7364F7593C79DBF472312868760C880DF738BA302BC8EB44CF403A2D538CEBDF0D481816ABA062D0724E313F3734DA69C8BE52EFC263838CF1F68A27468DE92F9463C3686B0C52D18BA33820E73734C5D857A5CCAF57B6E6F517504B0304140006080800B973294CA6D797065F0000008200000007000000636E78
310
2E786D6C4DCB3B0E80201045D1AD90E9FD7516806B51190811670C8A61F982B1B0BAC9C97B72CA7B1037C6D3332918DA1E04D2CAC69353902EDB8C20262D23F3F59B81A079470595414B17391D1F19B4730A5583A7ED43BBE4025D9592775E5ADFFA01504B0304140006080800B973294CECFD112DA8000000260100001300
310
00005B436F6E74656E745F54797065735D2E786D6C7D4F4B0EC22010BD0A61DF525D18634ABB506FE00510A79458060253536F2FD89D5197F3FED3F68B9BD80362B21E25DFD40D6780DADF2C1AC9671AAA3D677DD75E9E0112CB5A4C928F44E12044D22338956A1F003333F8E814E5331A1194BE2B0362DB343BA13D122055
310
543278D79E6050F344ECBC6478EDCD76CE8EABAE5449AE4298AC56946789C28AAFBEABC53F3EAF09A84A1441B91F0101CD4780756578C173A578FFDDBD00504B0304140006080800B973294C3DEE336E64000000790000001B0000006175746F6465736B2D64657369676E2D7061636B6167652E786D6C35CBC10E83200C00
310
D05F21DCA56CA76D41FC96062B120735B69A7DBE268BB7777961F8D5AF396893C2ADB70FE7ADA196782C2DF776D7A97B5933C430F15651E5469C55D70F80A4992A3ADC954792C525AE70A1E4D6AD9816CC044FEFDF01FE3FDE907802504B0304140006080800B973294C52A5EBC4F40000008E0100003D0000006662782F30
310
303439423537302D444445412D343531302D394444352D3645363336323534344635442F7265736F75726365732F322F636F72652E786D6C8550CB6EC32010FC156BEFD860C72D8E30914CDA2FE8A93784898B1283C5A3EAE71712576A4F3DED6A76667677D8E96BBD559FDA07E3EC08A4C65069ABDC6CEC32428A1744A13A
310
71E69D8BBF685059B9EA110A0C9C2DDEA56D8794B351DB825A37EB1D9421E80895BAE56684A03EF42A6B996266846BBD4975958BAE49FDE07196929977A999B39BB918ED810B41A7AE7D15489C29458773FF8226F184119DF040BA7E98C473CF9A22E62C9AF567BBF25A463D036F31A108138487377238B6C3B1C7EFAC294C
310
CE42F4F9E77D69F92ED359F340FFB8A56DFEDF2D191BBB76777B280270928FBB0F386B4A3AB9DCA3CBB524C9BF01504B0304140006080800B973294C19DF1AE3F9000000960100003B0000006662782F30303439423537302D444445412D343531302D394444352D3645363336323534344635442F7265736F75726365732F
310
636F72652E786D6C8550CB6E833010FC15B477830DA185C83812A4FD829E7AB3CC865A0936F2A3EAE7D74EA8D49E7ADAD5ECCCECEEF0D3D77A2B3ED1796DCD00ACA450A05176D6661920860BE9A03809EEAC0DBF685018B9E2001906C11767E3B643CA9A8026A3C6CEB883D27B0C50A85B6A06F0EA035759CA1812C35FCB4D
310
AAAB5CB064E58327788C7ADEA57A4E6EFAA2D18198A66E6CEAD7894CE7AE238773FB42C6E989926EA43D6BDA7E9C9E5B5E65B1E041AF3FDB95431970065153D611CA08EDDFD8E158F7C796BEF32A3305F7C1A59FF7A5F93B100EBD8D4EA1E7D563FAC7356EF3FFAE519BD0D4BBEB43E141B074E47D207895534AE51E61AA39
310
51F10D504B0304140006080800B973294CD0B9D513F2000000B1010000310000006662782F30303439423537302D444445412D343531302D394444352D3645363336323534344635442F636F72652E786D6C8D50CB6EC32010FC156BEFD8E018378E30512BA75FD0536F0888831283C5A3EAE71712576A6F392D9A9D616687
310
1DBF975BF5A57D30CE8E406A0C95B6D22963E711523CA33D5447CEBC73F10F0D2A2B163D428181B3D9BBB46E9074366A5B50EB94DE4011828E50C95B7E8C10E4452FA216296646B8D6AB905731EB9AD40F1E67D12CBF52E9B5885A016F31D9234C101E3E4877688703C59FAC294CCE52326AB3322ABB9BB3D11E38C6DDF046
310
5F309AA6D32BEA28C16898268AFA53BFEB5BDA75EF74624D117316A2CF376F9F94EB9E953F84FF32A7553D91D9D8B86B37C38722002739CF7DC159530ACCE3DE6E9EA56CFE03504B0304140006080800B973294C77ADFE6654010000DD0200000C0000006662782F636F72652E786D6C8D525D6F832014FD2B8677146DDDB4
310
419A68B75FB0A7BD51A48E54C12098FEFC811F713EAC5B4C909C7BEF39F79C80CF8FAE0D46AE07A16401E21081804BA66A219B025873831908CE046BA5CC8F361048DAF102781810DC6865FB05624A1A2E3D2A55CD17900E03372060ADBB1460605FBCA321B5C6750CF7B0A7EC4E1B1EC6E1DC47B0B5A25E4645EDD8C44D70
310
0D485565E52179AF6075C93278BCA46FB0AC5E10CC4A94C787342FABD714477E986023BA559D694E0DAF0149509C411443947FC4C753929F52F48923DF49F060B4F3BC887A7780DCAE0F1CCDF88ECFF6F5DF7C5648734816BE7962002476EB4D0582239F8FFB4DE1ED3374C22E3F43AFED6AE1EEA09133A3F4D1556A65B7D2
310
485BCB1D350AA60F4773D5314F04BFF1244F789E73B8A0A86CDC6AD4B8EBD51AAFBEDFA9E71A8EE61148A53BDA6ECBCD2B6EE726B4B3B48E33D52AFD9FE9D5EA1A66E41F26F906504B0304140006080800B973294C5AF4DB4707010000B201000008000000636F72652E786D6C8D50C16E842014FC15F2EE28E8DAEA06D944
310
B7FD829E7AA3C2BA64150CE0A6FDFBC26A93F6D6D32333F3DE0CC34E9FF384EECA796D4D0B3423809419ACD4666C610D175C033A71E6AC0DBF64808C98550B0906CE4667D76587066B8232093556AA1D14DEAB006898E2A3053F5CD52C32B186A8F0B76C11C34D8C2AA3D9A6E32CE8F96775704A0425811784D698504C9A37
310
7A3816CDB122EF2C4F4ACED655CBDD4ACBE8AE2F5A39E07D5F7765F1DAE3FE5CD7F870AE5E70D73F115C77A4A165D574FD73C5F2B4CC990F2EFE793F127306E4C53DF9B27CA338FBB076DA05319444D64C5FC009CB13F127F4BAC87F84D62694C57E70DBF0C0690CF420A2716A308E47BD71A6B6F937504B01021400140006
310
080800B973294C0000000000000000000000003700000000000000000000000000000000006662782F30303439423537302D444445412D343531302D394444352D3645363336323534344635442F617474726962757465732E62696E504B01021400140006080800B973294C00000000000000000000000035000000000000
310
00000000000000550000006662782F30303439423537302D444445412D343531302D394444352D3645363336323534344635442F76657274696365732E62696E504B01021400140006080800B973294CF270F13306000000040000003600000000000000000000000000A80000006662782F30303439423537302D44444541
310
2D343531302D394444352D3645363336323534344635442F747269616E676C65732E62696E504B01021400140006080800B973294C88E57597CD3F0000904100004200000000000000000000000000020100006662782F30303439423537302D444445412D343531302D394444352D3645363336323534344635442F726573
310
6F75726365732F322F305F67656E657269632E706E67504B01021400140006080800B973294C51464CB4890000004301000036000000000000000000000000002F4100006662782F30303439423537302D444445412D343531302D394444352D3645363336323534344635442F6469726563746F72792E786D6C504B010214
310
00140006080800B973294C680697933C070000201C000034000000000000000000000000000C4200006662782F30303439423537302D444445412D343531302D394444352D3645363336323534344635442F6F626A656374732E786D6C504B01021400140006080800B973294C7D4446B8E1000000550100003C0000000000
310
00000000000000009A4900006662782F30303439423537302D444445412D343531302D394444352D3645363336323534344635442F7265736F75726365732F322F636E782E786D6C504B01021400140006080800B973294CFF15A4A45D000000800000003A00000000000000000000000000D54A00006662782F3030343942
310
3537302D444445412D343531302D394444352D3645363336323534344635442F7265736F75726365732F636E782E786D6C504B01021400140006080800B973294C1B0B55EC430100005605000030000000000000000000000000008A4B00006662782F30303439423537302D444445412D343531302D394444352D36453633
310
36323534344635442F636E782E786D6C504B01021400140006080800B973294C3BD488F97E000000A30000000B000000000000000000000000001B4D00006662782F636E782E786D6C504B01021400140006080800B973294CA6D797065F000000820000000700000000000000000000000000C24D0000636E782E786D6C50
310
4B01021400140006080800B973294CECFD112DA8000000260100001300000000000000000000000000464E00005B436F6E74656E745F54797065735D2E786D6C504B01021400140006080800B973294C3DEE336E64000000790000001B000000000000000000000000001F4F00006175746F6465736B2D64657369676E2D70
310
61636B6167652E786D6C504B01021400140006080800B973294C52A5EBC4F40000008E0100003D00000000000000000000000000BC4F00006662782F30303439423537302D444445412D343531302D394444352D3645363336323534344635442F7265736F75726365732F322F636F72652E786D6C504B0102140014000608
310
0800B973294C19DF1AE3F9000000960100003B000000000000000000000000000B5100006662782F30303439423537302D444445412D343531302D394444352D3645363336323534344635442F7265736F75726365732F636F72652E786D6C504B01021400140006080800B973294CD0B9D513F2000000B101000031000000
310
000000000000000000005D5200006662782F30303439423537302D444445412D343531302D394444352D3645363336323534344635442F636F72652E786D6C504B01021400140006080800B973294C77ADFE6654010000DD0200000C000000000000000000000000009E5300006662782F636F72652E786D6C504B01021400
310
140006080800B973294C5AF4DB4707010000B201000008000000000000000000000000001C550000636F72652E786D6C504B050600000000120012002D060000495600000000
  0
XRECORD
  5
239FD
102
{ACAD_REACTORS
330
239FC
102
}
330
239FC
100
AcDbXrecord
280
     1
102
ACAD_ROUNDTRIP_2010_MLEADER_STYLE
  0
XRECORD
  5
22D11
102
{ACAD_REACTORS
330
22D10
102
}
330
22D10
100
AcDbXrecord
280
     1
102
DISPLAYNAME
  1
Imperial24
102
FLAGS
 90
        0
  0
XRECORD
  5
22CF5
102
{ACAD_REACTORS
330
22CF4
102
}
330
22CF4
100
AcDbXrecord
280
     1
102
DISPLAYNAME
  1
Metric50
102
FLAGS
 90
        0
  0
CELLSTYLEMAP
  5
23A00
102
{ACAD_REACTORS
330
239FE
102
}
330
239FE
100
AcDbCellStyleMap
 90
        3
300
CELLSTYLE
  1
TABLEFORMAT_BEGIN
 90
        5
170
     1
 91
        0
 92
    32768
 62
   257
 93
        1
300
CONTENTFORMAT
  1
CONTENTFORMAT_BEGIN
 90
        0
 91
        0
 92
        4
 93
        0
300

 40
0.0
140
1.0
 94
        5
 62
     0
340
10
144
0.25
309
CONTENTFORMAT_END
171
     0
 94
        6
 95
        1
302
GRIDFORMAT
  1
GRIDFORMAT_BEGIN
 90
        0
 91
        1
 62
     0
 92
       -2
340
0
 93
        0
 40
0.045
309
GRIDFORMAT_END
 95
        2
302
GRIDFORMAT
  1
GRIDFORMAT_BEGIN
 90
        0
 91
        1
 62
     0
 92
       -2
340
0
 93
        0
 40
0.045
309
GRIDFORMAT_END
 95
        4
302
GRIDFORMAT
  1
GRIDFORMAT_BEGIN
 90
        0
 91
        1
 62
     0
 92
       -2
340
0
 93
        0
 40
0.045
309
GRIDFORMAT_END
 95
        8
302
GRIDFORMAT
  1
GRIDFORMAT_BEGIN
 90
        0
 91
        1
 62
     0
 92
       -2
340
0
 93
        0
 40
0.045
309
GRIDFORMAT_END
 95
       16
302
GRIDFORMAT
  1
GRIDFORMAT_BEGIN
 90
        0
 91
        1
 62
     0
 92
       -2
340
0
 93
        0
 40
0.045
309
GRIDFORMAT_END
 95
       32
302
GRIDFORMAT
  1
GRIDFORMAT_BEGIN
 90
        0
 91
        1
 62
     0
 92
       -2
340
0
 93
        0
 40
0.045
309
GRIDFORMAT_END
309
TABLEFORMAT_END
  1
CELLSTYLE_BEGIN
 90
        1
 91
        1
300
_TITLE
309
CELLSTYLE_END
300
CELLSTYLE
  1
TABLEFORMAT_BEGIN
 90
        5
170
     1
 91
        0
 92
        0
 62
   257
 93
        1
300
CONTENTFORMAT
  1
CONTENTFORMAT_BEGIN
 90
        0
 91
        0
 92
        4
 93
        0
300

 40
0.0
140
1.0
 94
        5
 62
     0
340
10
144
0.18
309
CONTENTFORMAT_END
171
     0
 94
        6
 95
        1
302
GRIDFORMAT
  1
GRIDFORMAT_BEGIN
 90
        0
 91
        1
 62
     0
 92
       -2
340
0
 93
        0
 40
0.045
309
GRIDFORMAT_END
 95
        2
302
GRIDFORMAT
  1
GRIDFORMAT_BEGIN
 90
        0
 91
        1
 62
     0
 92
       -2
340
0
 93
        0
 40
0.045
309
GRIDFORMAT_END
 95
        4
302
GRIDFORMAT
  1
GRIDFORMAT_BEGIN
 90
        0
 91
        1
 62
     0
 92
       -2
340
0
 93
        0
 40
0.045
309
GRIDFORMAT_END
 95
        8
302
GRIDFORMAT
  1
GRIDFORMAT_BEGIN
 90
        0
 91
        1
 62
     0
 92
       -2
340
0
 93
        0
 40
0.045
309
GRIDFORMAT_END
 95
       16
302
GRIDFORMAT
  1
GRIDFORMAT_BEGIN
 90
        0
 91
        1
 62
     0
 92
       -2
340
0
 93
        0
 40
0.045
309
GRIDFORMAT_END
 95
       32
302
GRIDFORMAT
  1
GRIDFORMAT_BEGIN
 90
        0
 91
        1
 62
     0
 92
       -2
340
0
 93
        0
 40
0.045
309
GRIDFORMAT_END
309
TABLEFORMAT_END
  1
CELLSTYLE_BEGIN
 90
        2
 91
        1
300
_HEADER
309
CELLSTYLE_END
300
CELLSTYLE
  1
TABLEFORMAT_BEGIN
 90
        5
170
     1
 91
        0
 92
        0
 62
   257
 93
        1
300
CONTENTFORMAT
  1
CONTENTFORMAT_BEGIN
 90
        0
 91
        0
 92
        4
 93
        0
300

 40
0.0
140
1.0
 94
        2
 62
     0
340
10
144
0.18
309
CONTENTFORMAT_END
171
     0
 94
        6
 95
        1
302
GRIDFORMAT
  1
GRIDFORMAT_BEGIN
 90
        0
 91
        1
 62
     0
 92
       -2
340
0
 93
        0
 40
0.045
309
GRIDFORMAT_END
 95
        2
302
GRIDFORMAT
  1
GRIDFORMAT_BEGIN
 90
        0
 91
        1
 62
     0
 92
       -2
340
0
 93
        0
 40
0.045
309
GRIDFORMAT_END
 95
        4
302
GRIDFORMAT
  1
GRIDFORMAT_BEGIN
 90
        0
 91
        1
 62
     0
 92
       -2
340
0
 93
        0
 40
0.045
309
GRIDFORMAT_END
 95
        8
302
GRIDFORMAT
  1
GRIDFORMAT_BEGIN
 90
        0
 91
        1
 62
     0
 92
       -2
340
0
 93
        0
 40
0.045
309
GRIDFORMAT_END
 95
       16
302
GRIDFORMAT
  1
GRIDFORMAT_BEGIN
 90
        0
 91
        1
 62
     0
 92
       -2
340
0
 93
        0
 40
0.045
309
GRIDFORMAT_END
 95
       32
302
GRIDFORMAT
  1
GRIDFORMAT_BEGIN
 90
        0
 91
        1
 62
     0
 92
       -2
340
0
 93
        0
 40
0.045
309
GRIDFORMAT_END
309
TABLEFORMAT_END
  1
CELLSTYLE_BEGIN
 90
        3
 91
        2
300
_DATA
309
CELLSTYLE_END
  0
XRECORD
  5
239FF
102
{ACAD_REACTORS
330
239FE
102
}
330
239FE
100
AcDbXrecord
280
     1
102
ACAD_ROUNDTRIP_PRE2007_TABLESTYLE
 90
        4
 91
        0
  1

 92
        4
 93
        0
  2

 94
        4
 95
        0
  3

  0
XRECORD
  5
23A02
102
{ACAD_REACTORS
330
23A01
102
}
330
23A01
100
AcDbXrecord
280
     1
102
RTVSPropertyOp0
 70
     1
102
RTVSPropertyOp1
 70
     1
102
RTVSPropertyOp2
 70
     1
102
RTVSPropertyOp3
 70
     1
102
RTVSPropertyOp4
 70
     1
102
RTVSPropertyOp5
 70
     1
102
RTVSPropertyOp6
 70
     1
102
RTVSPropertyOp7
 70
     1
102
RTVSPropertyOp8
 70
     1
102
RTVSPropertyOp9
 70
     1
102
RTVSPropertyOp10
 70
     1
102
RTVSPropertyOp11
 70
     1
102
RTVSPropertyOp12
 70
     1
102
RTVSPropertyOp13
 70
     1
102
RTVSPropertyOp14
 70
     1
102
RTVSPropertyOp15
 70
     1
102
RTVSPropertyOp16
 70
     1
102
RTVSPropertyOp17
 70
     1
102
RTVSPropertyOp18
 70
     1
102
RTVSPropertyOp19
 70
     1
102
RTVSPropertyOp20
 70
     1
102
RTVSPropertyOp21
 70
     1
102
RTVSPropertyOp22
 70
     1
102
RTVSPropertyOp23
 70
     1
102
RTVSPropertyOp24
 70
     1
102
RTVSPropertyOp25
 70
     1
102
RTVSPropertyOp26
 70
     1
102
RTVSPropertyOp27
 70
     1
102
RTVSPropertyOp28
 70
     1
102
RTVSPropertyOp29
 70
     1
102
RTVSPropertyOp30
 70
     1
102
RTVSPropertyOp31
 70
     1
102
RTVSPropertyOp32
 70
     1
102
RTVSPropertyOp33
 70
     1
102
RTVSPropertyOp34
 70
     1
102
RTVSPropertyOp35
 70
     1
102
RTVSPropertyOp36
 70
     1
102
RTVSPropertyOp37
 70
     1
102
RTVSPropertyOp38
 70
     1
102
RTVSPropertyOp39
 70
     1
102
RTVSPropertyOp40
 70
     1
102
RTVSPropertyOp41
 70
     1
102
RTVSPropertyOp42
 70
     1
102
RTVSPropertyOp43
 70
     1
102
RTVSPropertyOp44
 70
     1
102
RTVSPropertyOp45
 70
     1
102
RTVSPropertyOp46
 70
     1
102
RTVSPropertyOp47
 70
     1
102
RTVSPropertyOp48
 70
     1
102
RTVSPropertyOp49
 70
     1
102
RTVSPropertyOp50
 70
     1
102
RTVSPropertyOp51
 70
     0
102
RTVSPropertyOp52
 70
     0
102
RTVSPropertyOp53
 70
     1
102
RTVSPropertyOp54
 70
     1
102
RTVSPropertyOp55
 70
     1
102
RTVSPropertyOp56
 70
     1
102
RTVSPropertyOp57
 70
     1
102
RTVSPost2010Prop28
280
     1
102
RTVSPost2010PropOp28
 70
     1
102
RTVSPost2010Prop29
280
     1
102
RTVSPost2010PropOp29
 70
     1
102
RTVSPost2010Prop30
280
     0
102
RTVSPost2010PropOp30
 70
     1
102
RTVSPost2010Prop31
280
     0
102
RTVSPost2010PropOp31
 70
     1
102
RTVSPost2010Prop32
280
     0
102
RTVSPost2010PropOp32
 70
     1
102
RTVSPost2010Prop33
280
     0
102
RTVSPost2010PropOp33
 70
     1
102
RTVSPost2010Prop34
280
     0
102
RTVSPost2010PropOp34
 70
     1
102
RTVSPost2010Prop35
280
     0
102
RTVSPost2010PropOp35
 70
     1
102
RTVSPost2010Prop36
280
     0
102
RTVSPost2010PropOp36
 70
     1
102
RTVSPost2010Prop37
 90
       50
102
RTVSPost2010PropOp37
 70
     1
102
RTVSPost2010Prop38
140
0.0
102
RTVSPost2010PropOp38
 70
     1
102
RTVSPost2010Prop39
140
1.0
102
RTVSPost2010PropOp39
 70
     1
102
RTVSPost2010Prop40
 90
        0
102
RTVSPost2010PropOp40
 70
     1
102
RTVSPost2010Prop41ColorIndex
 90
       18
102
RTVSPost2010Prop41ColorRGB
 90
        0
102
RTVSPost2010PropOp41
 70
     1
102
RTVSPost2010Prop42
 90
       50
102
RTVSPost2010PropOp42
 70
     1
102
RTVSPost2010Prop43
 90
        3
102
RTVSPost2010PropOp43
 70
     1
102
RTVSPost2010Prop44ColorIndex
 90
        5
102
RTVSPost2010Prop44ColorRGB
 90
      255
102
RTVSPost2010PropOp44
 70
     1
102
RTVSPost2010Prop45
280
     0
102
RTVSPost2010PropOp45
 70
     1
102
RTVSPost2010Prop46
 90
       50
102
RTVSPost2010PropOp46
 70
     1
102
RTVSPost2010Prop47
 90
       50
102
RTVSPost2010PropOp47
 70
     1
102
RTVSPost2010Prop48
 90
       50
102
RTVSPost2010PropOp48
 70
     1
102
RTVSPost2010Prop49
280
     0
102
RTVSPost2010PropOp49
 70
     1
102
RTVSPost2010Prop50
 90
       50
102
RTVSPost2010PropOp50
 70
     1
102
RTVSPost2010Prop51ColorIndex
 90
      256
102
RTVSPost2010Prop51ColorRGB
 90
-16777216
102
RTVSPost2010PropOp51
 70
     0
102
RTVSPost2010Prop52
140
1.0
102
RTVSPost2010PropOp52
 70
     0
102
RTVSPost2010Prop53
 90
        2
102
RTVSPost2010PropOp53
 70
     1
102
RTVSPost2010Prop54
  1
strokes_ogs.tif
102
RTVSPost2010PropOp54
 70
     1
102
RTVSPost2010Prop55
280
     0
102
RTVSPost2010PropOp55
 70
     1
102
RTVSPost2010Prop56
140
1.0
102
RTVSPost2010PropOp56
 70
     1
102
RTVSPost2010Prop57
140
1.0
102
RTVSPost2010PropOp57
 70
     1
  0
XRECORD
  5
23A04
102
{ACAD_REACTORS
330
23A03
102
}
330
23A03
100
AcDbXrecord
280
     1
102
RTVSPropertyOp0
 70
     1
102
RTVSPropertyOp1
 70
     1
102
RTVSPropertyOp2
 70
     1
102
RTVSPropertyOp3
 70
     1
102
RTVSPropertyOp4
 70
     1
102
RTVSPropertyOp5
 70
     1
102
RTVSPropertyOp6
 70
     1
102
RTVSPropertyOp7
 70
     1
102
RTVSPropertyOp8
 70
     1
102
RTVSPropertyOp9
 70
     1
102
RTVSPropertyOp10
 70
     1
102
RTVSPropertyOp11
 70
     1
102
RTVSPropertyOp12
 70
     1
102
RTVSPropertyOp13
 70
     1
102
RTVSPropertyOp14
 70
     1
102
RTVSPropertyOp15
 70
     1
102
RTVSPropertyOp16
 70
     1
102
RTVSPropertyOp17
 70
     1
102
RTVSPropertyOp18
 70
     1
102
RTVSPropertyOp19
 70
     1
102
RTVSPropertyOp20
 70
     1
102
RTVSPropertyOp21
 70
     1
102
RTVSPropertyOp22
 70
     1
102
RTVSPropertyOp23
 70
     1
102
RTVSPropertyOp24
 70
     1
102
RTVSPropertyOp25
 70
     1
102
RTVSPropertyOp26
 70
     1
102
RTVSPropertyOp27
 70
     1
102
RTVSPropertyOp28
 70
     1
102
RTVSPropertyOp29
 70
     1
102
RTVSPropertyOp30
 70
     1
102
RTVSPropertyOp31
 70
     1
102
RTVSPropertyOp32
 70
     1
102
RTVSPropertyOp33
 70
     1
102
RTVSPropertyOp34
 70
     1
102
RTVSPropertyOp35
 70
     1
102
RTVSPropertyOp36
 70
     1
102
RTVSPropertyOp37
 70
     1
102
RTVSPropertyOp38
 70
     1
102
RTVSPropertyOp39
 70
     1
102
RTVSPropertyOp40
 70
     1
102
RTVSPropertyOp41
 70
     1
102
RTVSPropertyOp42
 70
     1
102
RTVSPropertyOp43
 70
     1
102
RTVSPropertyOp44
 70
     1
102
RTVSPropertyOp45
 70
     1
102
RTVSPropertyOp46
 70
     1
102
RTVSPropertyOp47
 70
     1
102
RTVSPropertyOp48
 70
     1
102
RTVSPropertyOp49
 70
     1
102
RTVSPropertyOp50
 70
     1
102
RTVSPropertyOp51
 70
     0
102
RTVSPropertyOp52
 70
     0
102
RTVSPropertyOp53
 70
     1
102
RTVSPropertyOp54
 70
     1
102
RTVSPropertyOp55
 70
     1
102
RTVSPropertyOp56
 70
     1
102
RTVSPropertyOp57
 70
     1
102
RTVSPost2010Prop28
280
     0
102
RTVSPost2010PropOp28
 70
     1
102
RTVSPost2010Prop29
280
     1
102
RTVSPost2010PropOp29
 70
     1
102
RTVSPost2010Prop30
280
     1
102
RTVSPost2010PropOp30
 70
     1
102
RTVSPost2010Prop31
280
     0
102
RTVSPost2010PropOp31
 70
     1
102
RTVSPost2010Prop32
280
     0
102
RTVSPost2010PropOp32
 70
     1
102
RTVSPost2010Prop33
280
     0
102
RTVSPost2010PropOp33
 70
     1
102
RTVSPost2010Prop34
280
     0
102
RTVSPost2010PropOp34
 70
     1
102
RTVSPost2010Prop35
280
     0
102
RTVSPost2010PropOp35
 70
     1
102
RTVSPost2010Prop36
280
     0
102
RTVSPost2010PropOp36
 70
     1
102
RTVSPost2010Prop37
 90
       50
102
RTVSPost2010PropOp37
 70
     1
102
RTVSPost2010Prop38
140
0.0
102
RTVSPost2010PropOp38
 70
     1
102
RTVSPost2010Prop39
140
1.0
102
RTVSPost2010PropOp39
 70
     1
102
RTVSPost2010Prop40
 90
        0
102
RTVSPost2010PropOp40
 70
     1
102
RTVSPost2010Prop41ColorIndex
 90
       18
102
RTVSPost2010Prop41ColorRGB
 90
        0
102
RTVSPost2010PropOp41
 70
     1
102
RTVSPost2010Prop42
 90
       50
102
RTVSPost2010PropOp42
 70
     1
102
RTVSPost2010Prop43
 90
        3
102
RTVSPost2010PropOp43
 70
     1
102
RTVSPost2010Prop44ColorIndex
 90
        5
102
RTVSPost2010Prop44ColorRGB
 90
      255
102
RTVSPost2010PropOp44
 70
     1
102
RTVSPost2010Prop45
280
     0
102
RTVSPost2010PropOp45
 70
     1
102
RTVSPost2010Prop46
 90
       50
102
RTVSPost2010PropOp46
 70
     1
102
RTVSPost2010Prop47
 90
       50
102
RTVSPost2010PropOp47
 70
     1
102
RTVSPost2010Prop48
 90
       50
102
RTVSPost2010PropOp48
 70
     1
102
RTVSPost2010Prop49
280
     0
102
RTVSPost2010PropOp49
 70
     1
102
RTVSPost2010Prop50
 90
       50
102
RTVSPost2010PropOp50
 70
     1
102
RTVSPost2010Prop51ColorIndex
 90
      256
102
RTVSPost2010Prop51ColorRGB
 90
-16777216
102
RTVSPost2010PropOp51
 70
     0
102
RTVSPost2010Prop52
140
1.0
102
RTVSPost2010PropOp52
 70
     0
102
RTVSPost2010Prop53
 90
        2
102
RTVSPost2010PropOp53
 70
     1
102
RTVSPost2010Prop54
  1
strokes_ogs.tif
102
RTVSPost2010PropOp54
 70
     1
102
RTVSPost2010Prop55
280
     0
102
RTVSPost2010PropOp55
 70
     1
102
RTVSPost2010Prop56
140
1.0
102
RTVSPost2010PropOp56
 70
     1
102
RTVSPost2010Prop57
140
1.0
102
RTVSPost2010PropOp57
 70
     1
  0
XRECORD
  5
23A06
102
{ACAD_REACTORS
330
23A05
102
}
330
23A05
100
AcDbXrecord
280
     1
102
RTVSPropertyOp0
 70
     1
102
RTVSPropertyOp1
 70
     1
102
RTVSPropertyOp2
 70
     1
102
RTVSPropertyOp3
 70
     1
102
RTVSPropertyOp4
 70
     1
102
RTVSPropertyOp5
 70
     1
102
RTVSPropertyOp6
 70
     1
102
RTVSPropertyOp7
 70
     1
102
RTVSPropertyOp8
 70
     1
102
RTVSPropertyOp9
 70
     1
102
RTVSPropertyOp10
 70
     1
102
RTVSPropertyOp11
 70
     1
102
RTVSPropertyOp12
 70
     1
102
RTVSPropertyOp13
 70
     1
102
RTVSPropertyOp14
 70
     1
102
RTVSPropertyOp15
 70
     1
102
RTVSPropertyOp16
 70
     1
102
RTVSPropertyOp17
 70
     1
102
RTVSPropertyOp18
 70
     1
102
RTVSPropertyOp19
 70
     1
102
RTVSPropertyOp20
 70
     1
102
RTVSPropertyOp21
 70
     1
102
RTVSPropertyOp22
 70
     1
102
RTVSPropertyOp23
 70
     1
102
RTVSPropertyOp24
 70
     1
102
RTVSPropertyOp25
 70
     1
102
RTVSPropertyOp26
 70
     1
102
RTVSPropertyOp27
 70
     1
102
RTVSPropertyOp28
 70
     1
102
RTVSPropertyOp29
 70
     1
102
RTVSPropertyOp30
 70
     1
102
RTVSPropertyOp31
 70
     1
102
RTVSPropertyOp32
 70
     1
102
RTVSPropertyOp33
 70
     1
102
RTVSPropertyOp34
 70
     1
102
RTVSPropertyOp35
 70
     1
102
RTVSPropertyOp36
 70
     1
102
RTVSPropertyOp37
 70
     1
102
RTVSPropertyOp38
 70
     1
102
RTVSPropertyOp39
 70
     1
102
RTVSPropertyOp40
 70
     1
102
RTVSPropertyOp41
 70
     1
102
RTVSPropertyOp42
 70
     1
102
RTVSPropertyOp43
 70
     1
102
RTVSPropertyOp44
 70
     1
102
RTVSPropertyOp45
 70
     1
102
RTVSPropertyOp46
 70
     1
102
RTVSPropertyOp47
 70
     1
102
RTVSPropertyOp48
 70
     1
102
RTVSPropertyOp49
 70
     1
102
RTVSPropertyOp50
 70
     1
102
RTVSPropertyOp51
 70
     0
102
RTVSPropertyOp52
 70
     0
102
RTVSPropertyOp53
 70
     1
102
RTVSPropertyOp54
 70
     1
102
RTVSPropertyOp55
 70
     1
102
RTVSPropertyOp56
 70
     1
102
RTVSPropertyOp57
 70
     1
102
RTVSPost2010Prop28
280
     0
102
RTVSPost2010PropOp28
 70
     1
102
RTVSPost2010Prop29
280
     1
102
RTVSPost2010PropOp29
 70
     1
102
RTVSPost2010Prop30
280
     1
102
RTVSPost2010PropOp30
 70
     1
102
RTVSPost2010Prop31
280
     0
102
RTVSPost2010PropOp31
 70
     1
102
RTVSPost2010Prop32
280
     0
102
RTVSPost2010PropOp32
 70
     1
102
RTVSPost2010Prop33
280
     0
102
RTVSPost2010PropOp33
 70
     1
102
RTVSPost2010Prop34
280
     0
102
RTVSPost2010PropOp34
 70
     1
102
RTVSPost2010Prop35
280
     0
102
RTVSPost2010PropOp35
 70
     1
102
RTVSPost2010Prop36
280
     0
102
RTVSPost2010PropOp36
 70
     1
102
RTVSPost2010Prop37
 90
       50
102
RTVSPost2010PropOp37
 70
     1
102
RTVSPost2010Prop38
140
0.0
102
RTVSPost2010PropOp38
 70
     1
102
RTVSPost2010Prop39
140
1.0
102
RTVSPost2010PropOp39
 70
     1
102
RTVSPost2010Prop40
 90
        0
102
RTVSPost2010PropOp40
 70
     1
102
RTVSPost2010Prop41ColorIndex
 90
       18
102
RTVSPost2010Prop41ColorRGB
 90
        0
102
RTVSPost2010PropOp41
 70
     1
102
RTVSPost2010Prop42
 90
       50
102
RTVSPost2010PropOp42
 70
     1
102
RTVSPost2010Prop43
 90
        3
102
RTVSPost2010PropOp43
 70
     1
102
RTVSPost2010Prop44ColorIndex
 90
        5
102
RTVSPost2010Prop44ColorRGB
 90
      255
102
RTVSPost2010PropOp44
 70
     1
102
RTVSPost2010Prop45
280
     0
102
RTVSPost2010PropOp45
 70
     1
102
RTVSPost2010Prop46
 90
       50
102
RTVSPost2010PropOp46
 70
     1
102
RTVSPost2010Prop47
 90
       50
102
RTVSPost2010PropOp47
 70
     1
102
RTVSPost2010Prop48
 90
       50
102
RTVSPost2010PropOp48
 70
     1
102
RTVSPost2010Prop49
280
     0
102
RTVSPost2010PropOp49
 70
     1
102
RTVSPost2010Prop50
 90
       50
102
RTVSPost2010PropOp50
 70
     1
102
RTVSPost2010Prop51ColorIndex
 90
      256
102
RTVSPost2010Prop51ColorRGB
 90
-16777216
102
RTVSPost2010PropOp51
 70
     0
102
RTVSPost2010Prop52
140
1.0
102
RTVSPost2010PropOp52
 70
     0
102
RTVSPost2010Prop53
 90
        2
102
RTVSPost2010PropOp53
 70
     1
102
RTVSPost2010Prop54
  1
strokes_ogs.tif
102
RTVSPost2010PropOp54
 70
     1
102
RTVSPost2010Prop55
280
     0
102
RTVSPost2010PropOp55
 70
     1
102
RTVSPost2010Prop56
140
1.0
102
RTVSPost2010PropOp56
 70
     1
102
RTVSPost2010Prop57
140
1.0
102
RTVSPost2010PropOp57
 70
     1
  0
XRECORD
  5
23A08
102
{ACAD_REACTORS
330
23A07
102
}
330
23A07
100
AcDbXrecord
280
     1
102
RTVSPropertyOp0
 70
     1
102
RTVSPropertyOp1
 70
     1
102
RTVSPropertyOp2
 70
     1
102
RTVSPropertyOp3
 70
     1
102
RTVSPropertyOp4
 70
     1
102
RTVSPropertyOp5
 70
     1
102
RTVSPropertyOp6
 70
     1
102
RTVSPropertyOp7
 70
     1
102
RTVSPropertyOp8
 70
     1
102
RTVSPropertyOp9
 70
     1
102
RTVSPropertyOp10
 70
     1
102
RTVSPropertyOp11
 70
     1
102
RTVSPropertyOp12
 70
     1
102
RTVSPropertyOp13
 70
     1
102
RTVSPropertyOp14
 70
     1
102
RTVSPropertyOp15
 70
     1
102
RTVSPropertyOp16
 70
     1
102
RTVSPropertyOp17
 70
     1
102
RTVSPropertyOp18
 70
     1
102
RTVSPropertyOp19
 70
     1
102
RTVSPropertyOp20
 70
     1
102
RTVSPropertyOp21
 70
     1
102
RTVSPropertyOp22
 70
     1
102
RTVSPropertyOp23
 70
     1
102
RTVSPropertyOp24
 70
     1
102
RTVSPropertyOp25
 70
     1
102
RTVSPropertyOp26
 70
     1
102
RTVSPropertyOp27
 70
     1
102
RTVSPropertyOp28
 70
     1
102
RTVSPropertyOp29
 70
     1
102
RTVSPropertyOp30
 70
     1
102
RTVSPropertyOp31
 70
     1
102
RTVSPropertyOp32
 70
     1
102
RTVSPropertyOp33
 70
     1
102
RTVSPropertyOp34
 70
     1
102
RTVSPropertyOp35
 70
     1
102
RTVSPropertyOp36
 70
     1
102
RTVSPropertyOp37
 70
     1
102
RTVSPropertyOp38
 70
     1
102
RTVSPropertyOp39
 70
     1
102
RTVSPropertyOp40
 70
     1
102
RTVSPropertyOp41
 70
     1
102
RTVSPropertyOp42
 70
     1
102
RTVSPropertyOp43
 70
     1
102
RTVSPropertyOp44
 70
     1
102
RTVSPropertyOp45
 70
     1
102
RTVSPropertyOp46
 70
     1
102
RTVSPropertyOp47
 70
     1
102
RTVSPropertyOp48
 70
     1
102
RTVSPropertyOp49
 70
     1
102
RTVSPropertyOp50
 70
     1
102
RTVSPropertyOp51
 70
     0
102
RTVSPropertyOp52
 70
     0
102
RTVSPropertyOp53
 70
     1
102
RTVSPropertyOp54
 70
     1
102
RTVSPropertyOp55
 70
     1
102
RTVSPropertyOp56
 70
     1
102
RTVSPropertyOp57
 70
     1
102
RTVSPost2010Prop28
280
     0
102
RTVSPost2010PropOp28
 70
     1
102
RTVSPost2010Prop29
280
     1
102
RTVSPost2010PropOp29
 70
     1
102
RTVSPost2010Prop30
280
     1
102
RTVSPost2010PropOp30
 70
     1
102
RTVSPost2010Prop31
280
     0
102
RTVSPost2010PropOp31
 70
     1
102
RTVSPost2010Prop32
280
     0
102
RTVSPost2010PropOp32
 70
     1
102
RTVSPost2010Prop33
280
     0
102
RTVSPost2010PropOp33
 70
     1
102
RTVSPost2010Prop34
280
     0
102
RTVSPost2010PropOp34
 70
     1
102
RTVSPost2010Prop35
280
     0
102
RTVSPost2010PropOp35
 70
     1
102
RTVSPost2010Prop36
280
     0
102
RTVSPost2010PropOp36
 70
     1
102
RTVSPost2010Prop37
 90
       50
102
RTVSPost2010PropOp37
 70
     1
102
RTVSPost2010Prop38
140
0.0
102
RTVSPost2010PropOp38
 70
     1
102
RTVSPost2010Prop39
140
1.0
102
RTVSPost2010PropOp39
 70
     1
102
RTVSPost2010Prop40
 90
        0
102
RTVSPost2010PropOp40
 70
     1
102
RTVSPost2010Prop41ColorIndex
 90
       18
102
RTVSPost2010Prop41ColorRGB
 90
        0
102
RTVSPost2010PropOp41
 70
     1
102
RTVSPost2010Prop42
 90
       50
102
RTVSPost2010PropOp42
 70
     1
102
RTVSPost2010Prop43
 90
        3
102
RTVSPost2010PropOp43
 70
     1
102
RTVSPost2010Prop44ColorIndex
 90
        5
102
RTVSPost2010Prop44ColorRGB
 90
      255
102
RTVSPost2010PropOp44
 70
     1
102
RTVSPost2010Prop45
280
     0
102
RTVSPost2010PropOp45
 70
     1
102
RTVSPost2010Prop46
 90
       50
102
RTVSPost2010PropOp46
 70
     1
102
RTVSPost2010Prop47
 90
       50
102
RTVSPost2010PropOp47
 70
     1
102
RTVSPost2010Prop48
 90
       50
102
RTVSPost2010PropOp48
 70
     1
102
RTVSPost2010Prop49
280
     0
102
RTVSPost2010PropOp49
 70
     1
102
RTVSPost2010Prop50
 90
       50
102
RTVSPost2010PropOp50
 70
     1
102
RTVSPost2010Prop51ColorIndex
 90
      256
102
RTVSPost2010Prop51ColorRGB
 90
-16777216
102
RTVSPost2010PropOp51
 70
     0
102
RTVSPost2010Prop52
140
1.0
102
RTVSPost2010PropOp52
 70
     0
102
RTVSPost2010Prop53
 90
        2
102
RTVSPost2010PropOp53
 70
     1
102
RTVSPost2010Prop54
  1
strokes_ogs.tif
102
RTVSPost2010PropOp54
 70
     1
102
RTVSPost2010Prop55
280
     0
102
RTVSPost2010PropOp55
 70
     1
102
RTVSPost2010Prop56
140
1.0
102
RTVSPost2010PropOp56
 70
     1
102
RTVSPost2010Prop57
140
1.0
102
RTVSPost2010PropOp57
 70
     1
  0
XRECORD
  5
23A0A
102
{ACAD_REACTORS
330
23A09
102
}
330
23A09
100
AcDbXrecord
280
     1
102
RTVSPropertyOp0
 70
     1
102
RTVSPropertyOp1
 70
     1
102
RTVSPropertyOp2
 70
     1
102
RTVSPropertyOp3
 70
     1
102
RTVSPropertyOp4
 70
     1
102
RTVSPropertyOp5
 70
     1
102
RTVSPropertyOp6
 70
     1
102
RTVSPropertyOp7
 70
     1
102
RTVSPropertyOp8
 70
     1
102
RTVSPropertyOp9
 70
     1
102
RTVSPropertyOp10
 70
     1
102
RTVSPropertyOp11
 70
     1
102
RTVSPropertyOp12
 70
     1
102
RTVSPropertyOp13
 70
     1
102
RTVSPropertyOp14
 70
     1
102
RTVSPropertyOp15
 70
     1
102
RTVSPropertyOp16
 70
     1
102
RTVSPropertyOp17
 70
     1
102
RTVSPropertyOp18
 70
     1
102
RTVSPropertyOp19
 70
     1
102
RTVSPropertyOp20
 70
     1
102
RTVSPropertyOp21
 70
     1
102
RTVSPropertyOp22
 70
     1
102
RTVSPropertyOp23
 70
     1
102
RTVSPropertyOp24
 70
     1
102
RTVSPropertyOp25
 70
     1
102
RTVSPropertyOp26
 70
     1
102
RTVSPropertyOp27
 70
     1
102
RTVSPropertyOp28
 70
     1
102
RTVSPropertyOp29
 70
     1
102
RTVSPropertyOp30
 70
     1
102
RTVSPropertyOp31
 70
     1
102
RTVSPropertyOp32
 70
     1
102
RTVSPropertyOp33
 70
     1
102
RTVSPropertyOp34
 70
     1
102
RTVSPropertyOp35
 70
     1
102
RTVSPropertyOp36
 70
     1
102
RTVSPropertyOp37
 70
     1
102
RTVSPropertyOp38
 70
     1
102
RTVSPropertyOp39
 70
     1
102
RTVSPropertyOp40
 70
     1
102
RTVSPropertyOp41
 70
     1
102
RTVSPropertyOp42
 70
     1
102
RTVSPropertyOp43
 70
     1
102
RTVSPropertyOp44
 70
     1
102
RTVSPropertyOp45
 70
     1
102
RTVSPropertyOp46
 70
     1
102
RTVSPropertyOp47
 70
     1
102
RTVSPropertyOp48
 70
     1
102
RTVSPropertyOp49
 70
     1
102
RTVSPropertyOp50
 70
     1
102
RTVSPropertyOp51
 70
     0
102
RTVSPropertyOp52
 70
     0
102
RTVSPropertyOp53
 70
     1
102
RTVSPropertyOp54
 70
     1
102
RTVSPropertyOp55
 70
     1
102
RTVSPropertyOp56
 70
     1
102
RTVSPropertyOp57
 70
     1
102
RTVSPost2010Prop28
280
     0
102
RTVSPost2010PropOp28
 70
     1
102
RTVSPost2010Prop29
280
     1
102
RTVSPost2010PropOp29
 70
     1
102
RTVSPost2010Prop30
280
     1
102
RTVSPost2010PropOp30
 70
     1
102
RTVSPost2010Prop31
280
     0
102
RTVSPost2010PropOp31
 70
     1
102
RTVSPost2010Prop32
280
     0
102
RTVSPost2010PropOp32
 70
     1
102
RTVSPost2010Prop33
280
     0
102
RTVSPost2010PropOp33
 70
     1
102
RTVSPost2010Prop34
280
     0
102
RTVSPost2010PropOp34
 70
     1
102
RTVSPost2010Prop35
280
     0
102
RTVSPost2010PropOp35
 70
     1
102
RTVSPost2010Prop36
280
     0
102
RTVSPost2010PropOp36
 70
     1
102
RTVSPost2010Prop37
 90
       50
102
RTVSPost2010PropOp37
 70
     1
102
RTVSPost2010Prop38
140
0.0
102
RTVSPost2010PropOp38
 70
     1
102
RTVSPost2010Prop39
140
1.0
102
RTVSPost2010PropOp39
 70
     1
102
RTVSPost2010Prop40
 90
        0
102
RTVSPost2010PropOp40
 70
     1
102
RTVSPost2010Prop41ColorIndex
 90
       18
102
RTVSPost2010Prop41ColorRGB
 90
        0
102
RTVSPost2010PropOp41
 70
     1
102
RTVSPost2010Prop42
 90
       50
102
RTVSPost2010PropOp42
 70
     1
102
RTVSPost2010Prop43
 90
        3
102
RTVSPost2010PropOp43
 70
     1
102
RTVSPost2010Prop44ColorIndex
 90
        5
102
RTVSPost2010Prop44ColorRGB
 90
      255
102
RTVSPost2010PropOp44
 70
     1
102
RTVSPost2010Prop45
280
     0
102
RTVSPost2010PropOp45
 70
     1
102
RTVSPost2010Prop46
 90
       50
102
RTVSPost2010PropOp46
 70
     1
102
RTVSPost2010Prop47
 90
       50
102
RTVSPost2010PropOp47
 70
     1
102
RTVSPost2010Prop48
 90
       50
102
RTVSPost2010PropOp48
 70
     1
102
RTVSPost2010Prop49
280
     0
102
RTVSPost2010PropOp49
 70
     1
102
RTVSPost2010Prop50
 90
       50
102
RTVSPost2010PropOp50
 70
     1
102
RTVSPost2010Prop51ColorIndex
 90
      256
102
RTVSPost2010Prop51ColorRGB
 90
-16777216
102
RTVSPost2010PropOp51
 70
     0
102
RTVSPost2010Prop52
140
1.0
102
RTVSPost2010PropOp52
 70
     0
102
RTVSPost2010Prop53
 90
        2
102
RTVSPost2010PropOp53
 70
     1
102
RTVSPost2010Prop54
  1
strokes_ogs.tif
102
RTVSPost2010PropOp54
 70
     1
102
RTVSPost2010Prop55
280
     0
102
RTVSPost2010PropOp55
 70
     1
102
RTVSPost2010Prop56
140
1.0
102
RTVSPost2010PropOp56
 70
     1
102
RTVSPost2010Prop57
140
1.0
102
RTVSPost2010PropOp57
 70
     1
  0
XRECORD
  5
23A0C
102
{ACAD_REACTORS
330
23A0B
102
}
330
23A0B
100
AcDbXrecord
280
     1
102
RTVSPropertyOp0
 70
     1
102
RTVSPropertyOp1
 70
     1
102
RTVSPropertyOp2
 70
     1
102
RTVSPropertyOp3
 70
     1
102
RTVSPropertyOp4
 70
     1
102
RTVSPropertyOp5
 70
     1
102
RTVSPropertyOp6
 70
     1
102
RTVSPropertyOp7
 70
     1
102
RTVSPropertyOp8
 70
     1
102
RTVSPropertyOp9
 70
     1
102
RTVSPropertyOp10
 70
     1
102
RTVSPropertyOp11
 70
     1
102
RTVSPropertyOp12
 70
     1
102
RTVSPropertyOp13
 70
     1
102
RTVSPropertyOp14
 70
     1
102
RTVSPropertyOp15
 70
     1
102
RTVSPropertyOp16
 70
     1
102
RTVSPropertyOp17
 70
     1
102
RTVSPropertyOp18
 70
     1
102
RTVSPropertyOp19
 70
     1
102
RTVSPropertyOp20
 70
     1
102
RTVSPropertyOp21
 70
     1
102
RTVSPropertyOp22
 70
     1
102
RTVSPropertyOp23
 70
     1
102
RTVSPropertyOp24
 70
     1
102
RTVSPropertyOp25
 70
     1
102
RTVSPropertyOp26
 70
     1
102
RTVSPropertyOp27
 70
     1
102
RTVSPropertyOp28
 70
     1
102
RTVSPropertyOp29
 70
     1
102
RTVSPropertyOp30
 70
     1
102
RTVSPropertyOp31
 70
     1
102
RTVSPropertyOp32
 70
     1
102
RTVSPropertyOp33
 70
     1
102
RTVSPropertyOp34
 70
     1
102
RTVSPropertyOp35
 70
     1
102
RTVSPropertyOp36
 70
     1
102
RTVSPropertyOp37
 70
     1
102
RTVSPropertyOp38
 70
     1
102
RTVSPropertyOp39
 70
     1
102
RTVSPropertyOp40
 70
     1
102
RTVSPropertyOp41
 70
     1
102
RTVSPropertyOp42
 70
     1
102
RTVSPropertyOp43
 70
     1
102
RTVSPropertyOp44
 70
     1
102
RTVSPropertyOp45
 70
     1
102
RTVSPropertyOp46
 70
     1
102
RTVSPropertyOp47
 70
     1
102
RTVSPropertyOp48
 70
     1
102
RTVSPropertyOp49
 70
     1
102
RTVSPropertyOp50
 70
     1
102
RTVSPropertyOp51
 70
     0
102
RTVSPropertyOp52
 70
     0
102
RTVSPropertyOp53
 70
     1
102
RTVSPropertyOp54
 70
     1
102
RTVSPropertyOp55
 70
     1
102
RTVSPropertyOp56
 70
     1
102
RTVSPropertyOp57
 70
     1
102
RTVSPost2010Prop28
280
     0
102
RTVSPost2010PropOp28
 70
     1
102
RTVSPost2010Prop29
280
     1
102
RTVSPost2010PropOp29
 70
     1
102
RTVSPost2010Prop30
280
     1
102
RTVSPost2010PropOp30
 70
     1
102
RTVSPost2010Prop31
280
     0
102
RTVSPost2010PropOp31
 70
     1
102
RTVSPost2010Prop32
280
     0
102
RTVSPost2010PropOp32
 70
     1
102
RTVSPost2010Prop33
280
     0
102
RTVSPost2010PropOp33
 70
     1
102
RTVSPost2010Prop34
280
     0
102
RTVSPost2010PropOp34
 70
     1
102
RTVSPost2010Prop35
280
     0
102
RTVSPost2010PropOp35
 70
     1
102
RTVSPost2010Prop36
280
     0
102
RTVSPost2010PropOp36
 70
     1
102
RTVSPost2010Prop37
 90
       50
102
RTVSPost2010PropOp37
 70
     1
102
RTVSPost2010Prop38
140
0.0
102
RTVSPost2010PropOp38
 70
     1
102
RTVSPost2010Prop39
140
1.0
102
RTVSPost2010PropOp39
 70
     1
102
RTVSPost2010Prop40
 90
        0
102
RTVSPost2010PropOp40
 70
     1
102
RTVSPost2010Prop41ColorIndex
 90
       18
102
RTVSPost2010Prop41ColorRGB
 90
        0
102
RTVSPost2010PropOp41
 70
     1
102
RTVSPost2010Prop42
 90
       50
102
RTVSPost2010PropOp42
 70
     1
102
RTVSPost2010Prop43
 90
        3
102
RTVSPost2010PropOp43
 70
     1
102
RTVSPost2010Prop44ColorIndex
 90
        5
102
RTVSPost2010Prop44ColorRGB
 90
      255
102
RTVSPost2010PropOp44
 70
     1
102
RTVSPost2010Prop45
280
     0
102
RTVSPost2010PropOp45
 70
     1
102
RTVSPost2010Prop46
 90
       50
102
RTVSPost2010PropOp46
 70
     1
102
RTVSPost2010Prop47
 90
       50
102
RTVSPost2010PropOp47
 70
     1
102
RTVSPost2010Prop48
 90
       50
102
RTVSPost2010PropOp48
 70
     1
102
RTVSPost2010Prop49
280
     0
102
RTVSPost2010PropOp49
 70
     1
102
RTVSPost2010Prop50
 90
       50
102
RTVSPost2010PropOp50
 70
     1
102
RTVSPost2010Prop51ColorIndex
 90
      256
102
RTVSPost2010Prop51ColorRGB
 90
-16777216
102
RTVSPost2010PropOp51
 70
     0
102
RTVSPost2010Prop52
140
1.0
102
RTVSPost2010PropOp52
 70
     0
102
RTVSPost2010Prop53
 90
        2
102
RTVSPost2010PropOp53
 70
     1
102
RTVSPost2010Prop54
  1
strokes_ogs.tif
102
RTVSPost2010PropOp54
 70
     1
102
RTVSPost2010Prop55
280
     0
102
RTVSPost2010PropOp55
 70
     1
102
RTVSPost2010Prop56
140
1.0
102
RTVSPost2010PropOp56
 70
     1
102
RTVSPost2010Prop57
140
1.0
102
RTVSPost2010PropOp57
 70
     1
  0
XRECORD
  5
23A0E
102
{ACAD_REACTORS
330
23A0D
102
}
330
23A0D
100
AcDbXrecord
280
     1
102
RTVSPropertyOp0
 70
     1
102
RTVSPropertyOp1
 70
     1
102
RTVSPropertyOp2
 70
     1
102
RTVSPropertyOp3
 70
     1
102
RTVSPropertyOp4
 70
     1
102
RTVSPropertyOp5
 70
     1
102
RTVSPropertyOp6
 70
     1
102
RTVSPropertyOp7
 70
     1
102
RTVSPropertyOp8
 70
     1
102
RTVSPropertyOp9
 70
     1
102
RTVSPropertyOp10
 70
     1
102
RTVSPropertyOp11
 70
     1
102
RTVSPropertyOp12
 70
     1
102
RTVSPropertyOp13
 70
     1
102
RTVSPropertyOp14
 70
     1
102
RTVSPropertyOp15
 70
     1
102
RTVSPropertyOp16
 70
     1
102
RTVSPropertyOp17
 70
     1
102
RTVSPropertyOp18
 70
     1
102
RTVSPropertyOp19
 70
     1
102
RTVSPropertyOp20
 70
     1
102
RTVSPropertyOp21
 70
     1
102
RTVSPropertyOp22
 70
     1
102
RTVSPropertyOp23
 70
     1
102
RTVSPropertyOp24
 70
     1
102
RTVSPropertyOp25
 70
     1
102
RTVSPropertyOp26
 70
     1
102
RTVSPropertyOp27
 70
     1
102
RTVSPropertyOp28
 70
     1
102
RTVSPropertyOp29
 70
     1
102
RTVSPropertyOp30
 70
     1
102
RTVSPropertyOp31
 70
     1
102
RTVSPropertyOp32
 70
     1
102
RTVSPropertyOp33
 70
     1
102
RTVSPropertyOp34
 70
     1
102
RTVSPropertyOp35
 70
     1
102
RTVSPropertyOp36
 70
     1
102
RTVSPropertyOp37
 70
     1
102
RTVSPropertyOp38
 70
     1
102
RTVSPropertyOp39
 70
     1
102
RTVSPropertyOp40
 70
     1
102
RTVSPropertyOp41
 70
     1
102
RTVSPropertyOp42
 70
     1
102
RTVSPropertyOp43
 70
     1
102
RTVSPropertyOp44
 70
     1
102
RTVSPropertyOp45
 70
     1
102
RTVSPropertyOp46
 70
     1
102
RTVSPropertyOp47
 70
     1
102
RTVSPropertyOp48
 70
     1
102
RTVSPropertyOp49
 70
     1
102
RTVSPropertyOp50
 70
     1
102
RTVSPropertyOp51
 70
     0
102
RTVSPropertyOp52
 70
     0
102
RTVSPropertyOp53
 70
     1
102
RTVSPropertyOp54
 70
     1
102
RTVSPropertyOp55
 70
     1
102
RTVSPropertyOp56
 70
     1
102
RTVSPropertyOp57
 70
     1
102
RTVSPost2010Prop28
280
     0
102
RTVSPost2010PropOp28
 70
     1
102
RTVSPost2010Prop29
280
     1
102
RTVSPost2010PropOp29
 70
     1
102
RTVSPost2010Prop30
280
     1
102
RTVSPost2010PropOp30
 70
     1
102
RTVSPost2010Prop31
280
     0
102
RTVSPost2010PropOp31
 70
     1
102
RTVSPost2010Prop32
280
     0
102
RTVSPost2010PropOp32
 70
     1
102
RTVSPost2010Prop33
280
     0
102
RTVSPost2010PropOp33
 70
     1
102
RTVSPost2010Prop34
280
     0
102
RTVSPost2010PropOp34
 70
     1
102
RTVSPost2010Prop35
280
     0
102
RTVSPost2010PropOp35
 70
     1
102
RTVSPost2010Prop36
280
     0
102
RTVSPost2010PropOp36
 70
     1
102
RTVSPost2010Prop37
 90
       50
102
RTVSPost2010PropOp37
 70
     1
102
RTVSPost2010Prop38
140
0.0
102
RTVSPost2010PropOp38
 70
     1
102
RTVSPost2010Prop39
140
1.0
102
RTVSPost2010PropOp39
 70
     1
102
RTVSPost2010Prop40
 90
        0
102
RTVSPost2010PropOp40
 70
     1
102
RTVSPost2010Prop41ColorIndex
 90
       18
102
RTVSPost2010Prop41ColorRGB
 90
        0
102
RTVSPost2010PropOp41
 70
     1
102
RTVSPost2010Prop42
 90
       50
102
RTVSPost2010PropOp42
 70
     1
102
RTVSPost2010Prop43
 90
        3
102
RTVSPost2010PropOp43
 70
     1
102
RTVSPost2010Prop44ColorIndex
 90
        5
102
RTVSPost2010Prop44ColorRGB
 90
      255
102
RTVSPost2010PropOp44
 70
     1
102
RTVSPost2010Prop45
280
     0
102
RTVSPost2010PropOp45
 70
     1
102
RTVSPost2010Prop46
 90
       50
102
RTVSPost2010PropOp46
 70
     1
102
RTVSPost2010Prop47
 90
       50
102
RTVSPost2010PropOp47
 70
     1
102
RTVSPost2010Prop48
 90
       50
102
RTVSPost2010PropOp48
 70
     1
102
RTVSPost2010Prop49
280
     0
102
RTVSPost2010PropOp49
 70
     1
102
RTVSPost2010Prop50
 90
       50
102
RTVSPost2010PropOp50
 70
     1
102
RTVSPost2010Prop51ColorIndex
 90
      256
102
RTVSPost2010Prop51ColorRGB
 90
-16777216
102
RTVSPost2010PropOp51
 70
     0
102
RTVSPost2010Prop52
140
1.0
102
RTVSPost2010PropOp52
 70
     0
102
RTVSPost2010Prop53
 90
        2
102
RTVSPost2010PropOp53
 70
     1
102
RTVSPost2010Prop54
  1
strokes_ogs.tif
102
RTVSPost2010PropOp54
 70
     1
102
RTVSPost2010Prop55
280
     0
102
RTVSPost2010PropOp55
 70
     1
102
RTVSPost2010Prop56
140
1.0
102
RTVSPost2010PropOp56
 70
     1
102
RTVSPost2010Prop57
140
1.0
102
RTVSPost2010PropOp57
 70
     1
  0
XRECORD
  5
23A10
102
{ACAD_REACTORS
330
23A0F
102
}
330
23A0F
100
AcDbXrecord
280
     1
102
RTVSPropertyOp0
 70
     1
102
RTVSPropertyOp1
 70
     1
102
RTVSPropertyOp2
 70
     1
102
RTVSPropertyOp3
 70
     1
102
RTVSPropertyOp4
 70
     1
102
RTVSPropertyOp5
 70
     1
102
RTVSPropertyOp6
 70
     1
102
RTVSPropertyOp7
 70
     1
102
RTVSPropertyOp8
 70
     1
102
RTVSPropertyOp9
 70
     1
102
RTVSPropertyOp10
 70
     1
102
RTVSPropertyOp11
 70
     1
102
RTVSPropertyOp12
 70
     1
102
RTVSPropertyOp13
 70
     1
102
RTVSPropertyOp14
 70
     1
102
RTVSPropertyOp15
 70
     1
102
RTVSPropertyOp16
 70
     1
102
RTVSPropertyOp17
 70
     1
102
RTVSPropertyOp18
 70
     1
102
RTVSPropertyOp19
 70
     1
102
RTVSPropertyOp20
 70
     1
102
RTVSPropertyOp21
 70
     1
102
RTVSPropertyOp22
 70
     1
102
RTVSPropertyOp23
 70
     1
102
RTVSPropertyOp24
 70
     1
102
RTVSPropertyOp25
 70
     1
102
RTVSPropertyOp26
 70
     1
102
RTVSPropertyOp27
 70
     1
102
RTVSPropertyOp28
 70
     1
102
RTVSPropertyOp29
 70
     1
102
RTVSPropertyOp30
 70
     1
102
RTVSPropertyOp31
 70
     1
102
RTVSPropertyOp32
 70
     1
102
RTVSPropertyOp33
 70
     1
102
RTVSPropertyOp34
 70
     1
102
RTVSPropertyOp35
 70
     1
102
RTVSPropertyOp36
 70
     1
102
RTVSPropertyOp37
 70
     1
102
RTVSPropertyOp38
 70
     1
102
RTVSPropertyOp39
 70
     1
102
RTVSPropertyOp40
 70
     1
102
RTVSPropertyOp41
 70
     1
102
RTVSPropertyOp42
 70
     1
102
RTVSPropertyOp43
 70
     1
102
RTVSPropertyOp44
 70
     1
102
RTVSPropertyOp45
 70
     1
102
RTVSPropertyOp46
 70
     1
102
RTVSPropertyOp47
 70
     1
102
RTVSPropertyOp48
 70
     1
102
RTVSPropertyOp49
 70
     1
102
RTVSPropertyOp50
 70
     1
102
RTVSPropertyOp51
 70
     0
102
RTVSPropertyOp52
 70
     0
102
RTVSPropertyOp53
 70
     1
102
RTVSPropertyOp54
 70
     1
102
RTVSPropertyOp55
 70
     1
102
RTVSPropertyOp56
 70
     1
102
RTVSPropertyOp57
 70
     1
102
RTVSPost2010Prop28
280
     0
102
RTVSPost2010PropOp28
 70
     1
102
RTVSPost2010Prop29
280
     1
102
RTVSPost2010PropOp29
 70
     1
102
RTVSPost2010Prop30
280
     1
102
RTVSPost2010PropOp30
 70
     1
102
RTVSPost2010Prop31
280
     0
102
RTVSPost2010PropOp31
 70
     1
102
RTVSPost2010Prop32
280
     0
102
RTVSPost2010PropOp32
 70
     1
102
RTVSPost2010Prop33
280
     0
102
RTVSPost2010PropOp33
 70
     1
102
RTVSPost2010Prop34
280
     0
102
RTVSPost2010PropOp34
 70
     1
102
RTVSPost2010Prop35
280
     0
102
RTVSPost2010PropOp35
 70
     1
102
RTVSPost2010Prop36
280
     0
102
RTVSPost2010PropOp36
 70
     1
102
RTVSPost2010Prop37
 90
       50
102
RTVSPost2010PropOp37
 70
     1
102
RTVSPost2010Prop38
140
0.0
102
RTVSPost2010PropOp38
 70
     1
102
RTVSPost2010Prop39
140
1.0
102
RTVSPost2010PropOp39
 70
     1
102
RTVSPost2010Prop40
 90
        0
102
RTVSPost2010PropOp40
 70
     1
102
RTVSPost2010Prop41ColorIndex
 90
       18
102
RTVSPost2010Prop41ColorRGB
 90
        0
102
RTVSPost2010PropOp41
 70
     1
102
RTVSPost2010Prop42
 90
       50
102
RTVSPost2010PropOp42
 70
     1
102
RTVSPost2010Prop43
 90
        3
102
RTVSPost2010PropOp43
 70
     1
102
RTVSPost2010Prop44ColorIndex
 90
        5
102
RTVSPost2010Prop44ColorRGB
 90
      255
102
RTVSPost2010PropOp44
 70
     1
102
RTVSPost2010Prop45
280
     0
102
RTVSPost2010PropOp45
 70
     1
102
RTVSPost2010Prop46
 90
       50
102
RTVSPost2010PropOp46
 70
     1
102
RTVSPost2010Prop47
 90
       50
102
RTVSPost2010PropOp47
 70
     1
102
RTVSPost2010Prop48
 90
       50
102
RTVSPost2010PropOp48
 70
     1
102
RTVSPost2010Prop49
280
     0
102
RTVSPost2010PropOp49
 70
     1
102
RTVSPost2010Prop50
 90
       50
102
RTVSPost2010PropOp50
 70
     1
102
RTVSPost2010Prop51ColorIndex
 90
      256
102
RTVSPost2010Prop51ColorRGB
 90
-16777216
102
RTVSPost2010PropOp51
 70
     0
102
RTVSPost2010Prop52
140
1.0
102
RTVSPost2010PropOp52
 70
     0
102
RTVSPost2010Prop53
 90
        2
102
RTVSPost2010PropOp53
 70
     1
102
RTVSPost2010Prop54
  1
strokes_ogs.tif
102
RTVSPost2010PropOp54
 70
     1
102
RTVSPost2010Prop55
280
     0
102
RTVSPost2010PropOp55
 70
     1
102
RTVSPost2010Prop56
140
1.0
102
RTVSPost2010PropOp56
 70
     1
102
RTVSPost2010Prop57
140
1.0
102
RTVSPost2010PropOp57
 70
     1
  0
XRECORD
  5
23A12
102
{ACAD_REACTORS
330
23A11
102
}
330
23A11
100
AcDbXrecord
280
     1
102
RTVSPropertyOp0
 70
     0
102
RTVSPropertyOp1
 70
     0
102
RTVSPropertyOp2
 70
     0
102
RTVSPropertyOp3
 70
     0
102
RTVSPropertyOp4
 70
     0
102
RTVSPropertyOp5
 70
     0
102
RTVSPropertyOp6
 70
     0
102
RTVSPropertyOp7
 70
     0
102
RTVSPropertyOp8
 70
     0
102
RTVSPropertyOp9
 70
     0
102
RTVSPropertyOp10
 70
     0
102
RTVSPropertyOp11
 70
     0
102
RTVSPropertyOp12
 70
     0
102
RTVSPropertyOp13
 70
     0
102
RTVSPropertyOp14
 70
     2
102
RTVSPropertyOp15
 70
     0
102
RTVSPropertyOp16
 70
     0
102
RTVSPropertyOp17
 70
     0
102
RTVSPropertyOp18
 70
     0
102
RTVSPropertyOp19
 70
     0
102
RTVSPropertyOp20
 70
     0
102
RTVSPropertyOp21
 70
     0
102
RTVSPropertyOp22
 70
     0
102
RTVSPropertyOp23
 70
     0
102
RTVSPropertyOp24
 70
     0
102
RTVSPropertyOp25
 70
     0
102
RTVSPropertyOp26
 70
     0
102
RTVSPropertyOp27
 70
     0
102
RTVSPropertyOp28
 70
     1
102
RTVSPropertyOp29
 70
     1
102
RTVSPropertyOp30
 70
     1
102
RTVSPropertyOp31
 70
     1
102
RTVSPropertyOp32
 70
     1
102
RTVSPropertyOp33
 70
     1
102
RTVSPropertyOp34
 70
     1
102
RTVSPropertyOp35
 70
     1
102
RTVSPropertyOp36
 70
     1
102
RTVSPropertyOp37
 70
     1
102
RTVSPropertyOp38
 70
     1
102
RTVSPropertyOp39
 70
     1
102
RTVSPropertyOp40
 70
     1
102
RTVSPropertyOp41
 70
     1
102
RTVSPropertyOp42
 70
     1
102
RTVSPropertyOp43
 70
     1
102
RTVSPropertyOp44
 70
     1
102
RTVSPropertyOp45
 70
     1
102
RTVSPropertyOp46
 70
     1
102
RTVSPropertyOp47
 70
     1
102
RTVSPropertyOp48
 70
     1
102
RTVSPropertyOp49
 70
     1
102
RTVSPropertyOp50
 70
     1
102
RTVSPropertyOp51
 70
     0
102
RTVSPropertyOp52
 70
     0
102
RTVSPropertyOp53
 70
     1
102
RTVSPropertyOp54
 70
     1
102
RTVSPropertyOp55
 70
     1
102
RTVSPropertyOp56
 70
     1
102
RTVSPropertyOp57
 70
     1
102
RTVSPost2010Prop28
280
     0
102
RTVSPost2010PropOp28
 70
     1
102
RTVSPost2010Prop29
280
     1
102
RTVSPost2010PropOp29
 70
     1
102
RTVSPost2010Prop30
280
     1
102
RTVSPost2010PropOp30
 70
     1
102
RTVSPost2010Prop31
280
     0
102
RTVSPost2010PropOp31
 70
     1
102
RTVSPost2010Prop32
280
     0
102
RTVSPost2010PropOp32
 70
     1
102
RTVSPost2010Prop33
280
     0
102
RTVSPost2010PropOp33
 70
     1
102
RTVSPost2010Prop34
280
     0
102
RTVSPost2010PropOp34
 70
     1
102
RTVSPost2010Prop35
280
     0
102
RTVSPost2010PropOp35
 70
     1
102
RTVSPost2010Prop36
280
     0
102
RTVSPost2010PropOp36
 70
     1
102
RTVSPost2010Prop37
 90
       50
102
RTVSPost2010PropOp37
 70
     1
102
RTVSPost2010Prop38
140
0.0
102
RTVSPost2010PropOp38
 70
     1
102
RTVSPost2010Prop39
140
1.0
102
RTVSPost2010PropOp39
 70
     1
102
RTVSPost2010Prop40
 90
        0
102
RTVSPost2010PropOp40
 70
     1
102
RTVSPost2010Prop41ColorIndex
 90
       18
102
RTVSPost2010Prop41ColorRGB
 90
        0
102
RTVSPost2010PropOp41
 70
     1
102
RTVSPost2010Prop42
 90
       50
102
RTVSPost2010PropOp42
 70
     1
102
RTVSPost2010Prop43
 90
        3
102
RTVSPost2010PropOp43
 70
     1
102
RTVSPost2010Prop44ColorIndex
 90
        5
102
RTVSPost2010Prop44ColorRGB
 90
      255
102
RTVSPost2010PropOp44
 70
     1
102
RTVSPost2010Prop45
280
     0
102
RTVSPost2010PropOp45
 70
     1
102
RTVSPost2010Prop46
 90
       50
102
RTVSPost2010PropOp46
 70
     1
102
RTVSPost2010Prop47
 90
       50
102
RTVSPost2010PropOp47
 70
     1
102
RTVSPost2010Prop48
 90
       50
102
RTVSPost2010PropOp48
 70
     1
102
RTVSPost2010Prop49
280
     0
102
RTVSPost2010PropOp49
 70
     1
102
RTVSPost2010Prop50
 90
       50
102
RTVSPost2010PropOp50
 70
     1
102
RTVSPost2010Prop51ColorIndex
 90
      256
102
RTVSPost2010Prop51ColorRGB
 90
-16777216
102
RTVSPost2010PropOp51
 70
     0
102
RTVSPost2010Prop52
140
1.0
102
RTVSPost2010PropOp52
 70
     0
102
RTVSPost2010Prop53
 90
        2
102
RTVSPost2010PropOp53
 70
     1
102
RTVSPost2010Prop54
  1
strokes_ogs.tif
102
RTVSPost2010PropOp54
 70
     1
102
RTVSPost2010Prop55
280
     0
102
RTVSPost2010PropOp55
 70
     1
102
RTVSPost2010Prop56
140
1.0
102
RTVSPost2010PropOp56
 70
     1
102
RTVSPost2010Prop57
140
1.0
102
RTVSPost2010PropOp57
 70
     1
  0
XRECORD
  5
23A14
102
{ACAD_REACTORS
330
23A13
102
}
330
23A13
100
AcDbXrecord
280
     1
102
RTVSPropertyOp0
 70
     1
102
RTVSPropertyOp1
 70
     1
102
RTVSPropertyOp2
 70
     1
102
RTVSPropertyOp3
 70
     1
102
RTVSPropertyOp4
 70
     1
102
RTVSPropertyOp5
 70
     1
102
RTVSPropertyOp6
 70
     1
102
RTVSPropertyOp7
 70
     1
102
RTVSPropertyOp8
 70
     1
102
RTVSPropertyOp9
 70
     1
102
RTVSPropertyOp10
 70
     1
102
RTVSPropertyOp11
 70
     1
102
RTVSPropertyOp12
 70
     1
102
RTVSPropertyOp13
 70
     1
102
RTVSPropertyOp14
 70
     1
102
RTVSPropertyOp15
 70
     1
102
RTVSPropertyOp16
 70
     1
102
RTVSPropertyOp17
 70
     1
102
RTVSPropertyOp18
 70
     1
102
RTVSPropertyOp19
 70
     1
102
RTVSPropertyOp20
 70
     1
102
RTVSPropertyOp21
 70
     1
102
RTVSPropertyOp22
 70
     1
102
RTVSPropertyOp23
 70
     1
102
RTVSPropertyOp24
 70
     1
102
RTVSPropertyOp25
 70
     1
102
RTVSPropertyOp26
 70
     1
102
RTVSPropertyOp27
 70
     1
102
RTVSPropertyOp28
 70
     1
102
RTVSPropertyOp29
 70
     1
102
RTVSPropertyOp30
 70
     1
102
RTVSPropertyOp31
 70
     1
102
RTVSPropertyOp32
 70
     1
102
RTVSPropertyOp33
 70
     1
102
RTVSPropertyOp34
 70
     1
102
RTVSPropertyOp35
 70
     1
102
RTVSPropertyOp36
 70
     1
102
RTVSPropertyOp37
 70
     1
102
RTVSPropertyOp38
 70
     1
102
RTVSPropertyOp39
 70
     1
102
RTVSPropertyOp40
 70
     1
102
RTVSPropertyOp41
 70
     1
102
RTVSPropertyOp42
 70
     1
102
RTVSPropertyOp43
 70
     1
102
RTVSPropertyOp44
 70
     1
102
RTVSPropertyOp45
 70
     1
102
RTVSPropertyOp46
 70
     1
102
RTVSPropertyOp47
 70
     1
102
RTVSPropertyOp48
 70
     1
102
RTVSPropertyOp49
 70
     1
102
RTVSPropertyOp50
 70
     1
102
RTVSPropertyOp51
 70
     0
102
RTVSPropertyOp52
 70
     0
102
RTVSPropertyOp53
 70
     1
102
RTVSPropertyOp54
 70
     1
102
RTVSPropertyOp55
 70
     1
102
RTVSPropertyOp56
 70
     1
102
RTVSPropertyOp57
 70
     1
102
RTVSPost2010Prop28
280
     0
102
RTVSPost2010PropOp28
 70
     1
102
RTVSPost2010Prop29
280
     1
102
RTVSPost2010PropOp29
 70
     1
102
RTVSPost2010Prop30
280
     1
102
RTVSPost2010PropOp30
 70
     1
102
RTVSPost2010Prop31
280
     0
102
RTVSPost2010PropOp31
 70
     1
102
RTVSPost2010Prop32
280
     0
102
RTVSPost2010PropOp32
 70
     1
102
RTVSPost2010Prop33
280
     0
102
RTVSPost2010PropOp33
 70
     1
102
RTVSPost2010Prop34
280
     0
102
RTVSPost2010PropOp34
 70
     1
102
RTVSPost2010Prop35
280
     0
102
RTVSPost2010PropOp35
 70
     1
102
RTVSPost2010Prop36
280
     0
102
RTVSPost2010PropOp36
 70
     1
102
RTVSPost2010Prop37
 90
       50
102
RTVSPost2010PropOp37
 70
     1
102
RTVSPost2010Prop38
140
0.0
102
RTVSPost2010PropOp38
 70
     1
102
RTVSPost2010Prop39
140
1.0
102
RTVSPost2010PropOp39
 70
     1
102
RTVSPost2010Prop40
 90
        0
102
RTVSPost2010PropOp40
 70
     1
102
RTVSPost2010Prop41ColorIndex
 90
       18
102
RTVSPost2010Prop41ColorRGB
 90
        0
102
RTVSPost2010PropOp41
 70
     1
102
RTVSPost2010Prop42
 90
       50
102
RTVSPost2010PropOp42
 70
     1
102
RTVSPost2010Prop43
 90
        3
102
RTVSPost2010PropOp43
 70
     1
102
RTVSPost2010Prop44ColorIndex
 90
        5
102
RTVSPost2010Prop44ColorRGB
 90
      255
102
RTVSPost2010PropOp44
 70
     1
102
RTVSPost2010Prop45
280
     0
102
RTVSPost2010PropOp45
 70
     1
102
RTVSPost2010Prop46
 90
       50
102
RTVSPost2010PropOp46
 70
     1
102
RTVSPost2010Prop47
 90
       50
102
RTVSPost2010PropOp47
 70
     1
102
RTVSPost2010Prop48
 90
       50
102
RTVSPost2010PropOp48
 70
     1
102
RTVSPost2010Prop49
280
     0
102
RTVSPost2010PropOp49
 70
     1
102
RTVSPost2010Prop50
 90
       50
102
RTVSPost2010PropOp50
 70
     1
102
RTVSPost2010Prop51ColorIndex
 90
      256
102
RTVSPost2010Prop51ColorRGB
 90
-16777216
102
RTVSPost2010PropOp51
 70
     0
102
RTVSPost2010Prop52
140
1.0
102
RTVSPost2010PropOp52
 70
     0
102
RTVSPost2010Prop53
 90
        2
102
RTVSPost2010PropOp53
 70
     1
102
RTVSPost2010Prop54
  1
strokes_ogs.tif
102
RTVSPost2010PropOp54
 70
     1
102
RTVSPost2010Prop55
280
     0
102
RTVSPost2010PropOp55
 70
     1
102
RTVSPost2010Prop56
140
1.0
102
RTVSPost2010PropOp56
 70
     1
102
RTVSPost2010Prop57
140
1.0
102
RTVSPost2010PropOp57
 70
     1
  0
XRECORD
  5
23A16
102
{ACAD_REACTORS
330
23A15
102
}
330
23A15
100
AcDbXrecord
280
     1
102
RTVSPropertyOp0
 70
     1
102
RTVSPropertyOp1
 70
     1
102
RTVSPropertyOp2
 70
     1
102
RTVSPropertyOp3
 70
     1
102
RTVSPropertyOp4
 70
     1
102
RTVSPropertyOp5
 70
     1
102
RTVSPropertyOp6
 70
     1
102
RTVSPropertyOp7
 70
     1
102
RTVSPropertyOp8
 70
     1
102
RTVSPropertyOp9
 70
     1
102
RTVSPropertyOp10
 70
     1
102
RTVSPropertyOp11
 70
     1
102
RTVSPropertyOp12
 70
     1
102
RTVSPropertyOp13
 70
     1
102
RTVSPropertyOp14
 70
     1
102
RTVSPropertyOp15
 70
     1
102
RTVSPropertyOp16
 70
     1
102
RTVSPropertyOp17
 70
     1
102
RTVSPropertyOp18
 70
     1
102
RTVSPropertyOp19
 70
     1
102
RTVSPropertyOp20
 70
     1
102
RTVSPropertyOp21
 70
     1
102
RTVSPropertyOp22
 70
     1
102
RTVSPropertyOp23
 70
     1
102
RTVSPropertyOp24
 70
     1
102
RTVSPropertyOp25
 70
     1
102
RTVSPropertyOp26
 70
     1
102
RTVSPropertyOp27
 70
     1
102
RTVSPropertyOp28
 70
     1
102
RTVSPropertyOp29
 70
     1
102
RTVSPropertyOp30
 70
     1
102
RTVSPropertyOp31
 70
     1
102
RTVSPropertyOp32
 70
     1
102
RTVSPropertyOp33
 70
     1
102
RTVSPropertyOp34
 70
     1
102
RTVSPropertyOp35
 70
     1
102
RTVSPropertyOp36
 70
     1
102
RTVSPropertyOp37
 70
     1
102
RTVSPropertyOp38
 70
     1
102
RTVSPropertyOp39
 70
     1
102
RTVSPropertyOp40
 70
     1
102
RTVSPropertyOp41
 70
     1
102
RTVSPropertyOp42
 70
     1
102
RTVSPropertyOp43
 70
     1
102
RTVSPropertyOp44
 70
     1
102
RTVSPropertyOp45
 70
     1
102
RTVSPropertyOp46
 70
     1
102
RTVSPropertyOp47
 70
     1
102
RTVSPropertyOp48
 70
     1
102
RTVSPropertyOp49
 70
     1
102
RTVSPropertyOp50
 70
     1
102
RTVSPropertyOp51
 70
     0
102
RTVSPropertyOp52
 70
     0
102
RTVSPropertyOp53
 70
     1
102
RTVSPropertyOp54
 70
     1
102
RTVSPropertyOp55
 70
     1
102
RTVSPropertyOp56
 70
     1
102
RTVSPropertyOp57
 70
     1
102
RTVSPost2010Prop28
280
     0
102
RTVSPost2010PropOp28
 70
     1
102
RTVSPost2010Prop29
280
     1
102
RTVSPost2010PropOp29
 70
     1
102
RTVSPost2010Prop30
280
     1
102
RTVSPost2010PropOp30
 70
     1
102
RTVSPost2010Prop31
280
     0
102
RTVSPost2010PropOp31
 70
     1
102
RTVSPost2010Prop32
280
     0
102
RTVSPost2010PropOp32
 70
     1
102
RTVSPost2010Prop33
280
     0
102
RTVSPost2010PropOp33
 70
     1
102
RTVSPost2010Prop34
280
     0
102
RTVSPost2010PropOp34
 70
     1
102
RTVSPost2010Prop35
280
     0
102
RTVSPost2010PropOp35
 70
     1
102
RTVSPost2010Prop36
280
     0
102
RTVSPost2010PropOp36
 70
     1
102
RTVSPost2010Prop37
 90
       50
102
RTVSPost2010PropOp37
 70
     1
102
RTVSPost2010Prop38
140
0.0
102
RTVSPost2010PropOp38
 70
     1
102
RTVSPost2010Prop39
140
1.0
102
RTVSPost2010PropOp39
 70
     1
102
RTVSPost2010Prop40
 90
        0
102
RTVSPost2010PropOp40
 70
     1
102
RTVSPost2010Prop41ColorIndex
 90
       18
102
RTVSPost2010Prop41ColorRGB
 90
        0
102
RTVSPost2010PropOp41
 70
     1
102
RTVSPost2010Prop42
 90
       50
102
RTVSPost2010PropOp42
 70
     1
102
RTVSPost2010Prop43
 90
        3
102
RTVSPost2010PropOp43
 70
     1
102
RTVSPost2010Prop44ColorIndex
 90
        5
102
RTVSPost2010Prop44ColorRGB
 90
      255
102
RTVSPost2010PropOp44
 70
     1
102
RTVSPost2010Prop45
280
     0
102
RTVSPost2010PropOp45
 70
     1
102
RTVSPost2010Prop46
 90
       50
102
RTVSPost2010PropOp46
 70
     1
102
RTVSPost2010Prop47
 90
       50
102
RTVSPost2010PropOp47
 70
     1
102
RTVSPost2010Prop48
 90
       50
102
RTVSPost2010PropOp48
 70
     1
102
RTVSPost2010Prop49
280
     0
102
RTVSPost2010PropOp49
 70
     1
102
RTVSPost2010Prop50
 90
       50
102
RTVSPost2010PropOp50
 70
     1
102
RTVSPost2010Prop51ColorIndex
 90
      256
102
RTVSPost2010Prop51ColorRGB
 90
-16777216
102
RTVSPost2010PropOp51
 70
     0
102
RTVSPost2010Prop52
140
1.0
102
RTVSPost2010PropOp52
 70
     0
102
RTVSPost2010Prop53
 90
        2
102
RTVSPost2010PropOp53
 70
     1
102
RTVSPost2010Prop54
  1
strokes_ogs.tif
102
RTVSPost2010PropOp54
 70
     1
102
RTVSPost2010Prop55
280
     0
102
RTVSPost2010PropOp55
 70
     1
102
RTVSPost2010Prop56
140
1.0
102
RTVSPost2010PropOp56
 70
     1
102
RTVSPost2010Prop57
140
1.0
102
RTVSPost2010PropOp57
 70
     1
  0
XRECORD
  5
23A18
102
{ACAD_REACTORS
330
23A17
102
}
330
23A17
100
AcDbXrecord
280
     1
102
RTVSPropertyOp0
 70
     1
102
RTVSPropertyOp1
 70
     1
102
RTVSPropertyOp2
 70
     1
102
RTVSPropertyOp3
 70
     1
102
RTVSPropertyOp4
 70
     1
102
RTVSPropertyOp5
 70
     1
102
RTVSPropertyOp6
 70
     1
102
RTVSPropertyOp7
 70
     1
102
RTVSPropertyOp8
 70
     1
102
RTVSPropertyOp9
 70
     1
102
RTVSPropertyOp10
 70
     1
102
RTVSPropertyOp11
 70
     1
102
RTVSPropertyOp12
 70
     1
102
RTVSPropertyOp13
 70
     1
102
RTVSPropertyOp14
 70
     1
102
RTVSPropertyOp15
 70
     1
102
RTVSPropertyOp16
 70
     1
102
RTVSPropertyOp17
 70
     1
102
RTVSPropertyOp18
 70
     1
102
RTVSPropertyOp19
 70
     1
102
RTVSPropertyOp20
 70
     1
102
RTVSPropertyOp21
 70
     1
102
RTVSPropertyOp22
 70
     1
102
RTVSPropertyOp23
 70
     1
102
RTVSPropertyOp24
 70
     1
102
RTVSPropertyOp25
 70
     1
102
RTVSPropertyOp26
 70
     1
102
RTVSPropertyOp27
 70
     1
102
RTVSPropertyOp28
 70
     1
102
RTVSPropertyOp29
 70
     1
102
RTVSPropertyOp30
 70
     1
102
RTVSPropertyOp31
 70
     1
102
RTVSPropertyOp32
 70
     1
102
RTVSPropertyOp33
 70
     1
102
RTVSPropertyOp34
 70
     1
102
RTVSPropertyOp35
 70
     1
102
RTVSPropertyOp36
 70
     1
102
RTVSPropertyOp37
 70
     1
102
RTVSPropertyOp38
 70
     1
102
RTVSPropertyOp39
 70
     1
102
RTVSPropertyOp40
 70
     1
102
RTVSPropertyOp41
 70
     1
102
RTVSPropertyOp42
 70
     1
102
RTVSPropertyOp43
 70
     1
102
RTVSPropertyOp44
 70
     1
102
RTVSPropertyOp45
 70
     1
102
RTVSPropertyOp46
 70
     1
102
RTVSPropertyOp47
 70
     1
102
RTVSPropertyOp48
 70
     1
102
RTVSPropertyOp49
 70
     1
102
RTVSPropertyOp50
 70
     1
102
RTVSPropertyOp51
 70
     0
102
RTVSPropertyOp52
 70
     0
102
RTVSPropertyOp53
 70
     1
102
RTVSPropertyOp54
 70
     1
102
RTVSPropertyOp55
 70
     1
102
RTVSPropertyOp56
 70
     1
102
RTVSPropertyOp57
 70
     1
102
RTVSPost2010Prop28
280
     0
102
RTVSPost2010PropOp28
 70
     1
102
RTVSPost2010Prop29
280
     1
102
RTVSPost2010PropOp29
 70
     1
102
RTVSPost2010Prop30
280
     1
102
RTVSPost2010PropOp30
 70
     1
102
RTVSPost2010Prop31
280
     0
102
RTVSPost2010PropOp31
 70
     1
102
RTVSPost2010Prop32
280
     0
102
RTVSPost2010PropOp32
 70
     1
102
RTVSPost2010Prop33
280
     0
102
RTVSPost2010PropOp33
 70
     1
102
RTVSPost2010Prop34
280
     0
102
RTVSPost2010PropOp34
 70
     1
102
RTVSPost2010Prop35
280
     0
102
RTVSPost2010PropOp35
 70
     1
102
RTVSPost2010Prop36
280
     0
102
RTVSPost2010PropOp36
 70
     1
102
RTVSPost2010Prop37
 90
       50
102
RTVSPost2010PropOp37
 70
     1
102
RTVSPost2010Prop38
140
0.0
102
RTVSPost2010PropOp38
 70
     1
102
RTVSPost2010Prop39
140
1.0
102
RTVSPost2010PropOp39
 70
     1
102
RTVSPost2010Prop40
 90
        0
102
RTVSPost2010PropOp40
 70
     1
102
RTVSPost2010Prop41ColorIndex
 90
       18
102
RTVSPost2010Prop41ColorRGB
 90
        0
102
RTVSPost2010PropOp41
 70
     1
102
RTVSPost2010Prop42
 90
       50
102
RTVSPost2010PropOp42
 70
     1
102
RTVSPost2010Prop43
 90
        3
102
RTVSPost2010PropOp43
 70
     1
102
RTVSPost2010Prop44ColorIndex
 90
        5
102
RTVSPost2010Prop44ColorRGB
 90
      255
102
RTVSPost2010PropOp44
 70
     1
102
RTVSPost2010Prop45
280
     0
102
RTVSPost2010PropOp45
 70
     1
102
RTVSPost2010Prop46
 90
       50
102
RTVSPost2010PropOp46
 70
     1
102
RTVSPost2010Prop47
 90
       50
102
RTVSPost2010PropOp47
 70
     1
102
RTVSPost2010Prop48
 90
       50
102
RTVSPost2010PropOp48
 70
     1
102
RTVSPost2010Prop49
280
     0
102
RTVSPost2010PropOp49
 70
     1
102
RTVSPost2010Prop50
 90
       50
102
RTVSPost2010PropOp50
 70
     1
102
RTVSPost2010Prop51ColorIndex
 90
      256
102
RTVSPost2010Prop51ColorRGB
 90
-16777216
102
RTVSPost2010PropOp51
 70
     0
102
RTVSPost2010Prop52
140
1.0
102
RTVSPost2010PropOp52
 70
     0
102
RTVSPost2010Prop53
 90
        2
102
RTVSPost2010PropOp53
 70
     1
102
RTVSPost2010Prop54
  1
strokes_ogs.tif
102
RTVSPost2010PropOp54
 70
     1
102
RTVSPost2010Prop55
280
     0
102
RTVSPost2010PropOp55
 70
     1
102
RTVSPost2010Prop56
140
1.0
102
RTVSPost2010PropOp56
 70
     1
102
RTVSPost2010Prop57
140
1.0
102
RTVSPost2010PropOp57
 70
     1
  0
XRECORD
  5
23A1A
102
{ACAD_REACTORS
330
23A19
102
}
330
23A19
100
AcDbXrecord
280
     1
102
RTVSPropertyOp0
 70
     1
102
RTVSPropertyOp1
 70
     1
102
RTVSPropertyOp2
 70
     1
102
RTVSPropertyOp3
 70
     1
102
RTVSPropertyOp4
 70
     1
102
RTVSPropertyOp5
 70
     1
102
RTVSPropertyOp6
 70
     1
102
RTVSPropertyOp7
 70
     1
102
RTVSPropertyOp8
 70
     1
102
RTVSPropertyOp9
 70
     1
102
RTVSPropertyOp10
 70
     1
102
RTVSPropertyOp11
 70
     1
102
RTVSPropertyOp12
 70
     1
102
RTVSPropertyOp13
 70
     1
102
RTVSPropertyOp14
 70
     1
102
RTVSPropertyOp15
 70
     1
102
RTVSPropertyOp16
 70
     1
102
RTVSPropertyOp17
 70
     1
102
RTVSPropertyOp18
 70
     1
102
RTVSPropertyOp19
 70
     1
102
RTVSPropertyOp20
 70
     1
102
RTVSPropertyOp21
 70
     1
102
RTVSPropertyOp22
 70
     1
102
RTVSPropertyOp23
 70
     1
102
RTVSPropertyOp24
 70
     1
102
RTVSPropertyOp25
 70
     1
102
RTVSPropertyOp26
 70
     1
102
RTVSPropertyOp27
 70
     1
102
RTVSPropertyOp28
 70
     1
102
RTVSPropertyOp29
 70
     1
102
RTVSPropertyOp30
 70
     1
102
RTVSPropertyOp31
 70
     1
102
RTVSPropertyOp32
 70
     1
102
RTVSPropertyOp33
 70
     1
102
RTVSPropertyOp34
 70
     1
102
RTVSPropertyOp35
 70
     1
102
RTVSPropertyOp36
 70
     1
102
RTVSPropertyOp37
 70
     1
102
RTVSPropertyOp38
 70
     1
102
RTVSPropertyOp39
 70
     1
102
RTVSPropertyOp40
 70
     1
102
RTVSPropertyOp41
 70
     1
102
RTVSPropertyOp42
 70
     1
102
RTVSPropertyOp43
 70
     1
102
RTVSPropertyOp44
 70
     1
102
RTVSPropertyOp45
 70
     1
102
RTVSPropertyOp46
 70
     1
102
RTVSPropertyOp47
 70
     1
102
RTVSPropertyOp48
 70
     1
102
RTVSPropertyOp49
 70
     1
102
RTVSPropertyOp50
 70
     1
102
RTVSPropertyOp51
 70
     0
102
RTVSPropertyOp52
 70
     0
102
RTVSPropertyOp53
 70
     1
102
RTVSPropertyOp54
 70
     1
102
RTVSPropertyOp55
 70
     1
102
RTVSPropertyOp56
 70
     1
102
RTVSPropertyOp57
 70
     1
102
RTVSPost2010Prop28
280
     0
102
RTVSPost2010PropOp28
 70
     1
102
RTVSPost2010Prop29
280
     1
102
RTVSPost2010PropOp29
 70
     1
102
RTVSPost2010Prop30
280
     1
102
RTVSPost2010PropOp30
 70
     1
102
RTVSPost2010Prop31
280
     0
102
RTVSPost2010PropOp31
 70
     1
102
RTVSPost2010Prop32
280
     0
102
RTVSPost2010PropOp32
 70
     1
102
RTVSPost2010Prop33
280
     0
102
RTVSPost2010PropOp33
 70
     1
102
RTVSPost2010Prop34
280
     0
102
RTVSPost2010PropOp34
 70
     1
102
RTVSPost2010Prop35
280
     0
102
RTVSPost2010PropOp35
 70
     1
102
RTVSPost2010Prop36
280
     0
102
RTVSPost2010PropOp36
 70
     1
102
RTVSPost2010Prop37
 90
       50
102
RTVSPost2010PropOp37
 70
     1
102
RTVSPost2010Prop38
140
0.0
102
RTVSPost2010PropOp38
 70
     1
102
RTVSPost2010Prop39
140
1.0
102
RTVSPost2010PropOp39
 70
     1
102
RTVSPost2010Prop40
 90
        0
102
RTVSPost2010PropOp40
 70
     1
102
RTVSPost2010Prop41ColorIndex
 90
       18
102
RTVSPost2010Prop41ColorRGB
 90
        0
102
RTVSPost2010PropOp41
 70
     1
102
RTVSPost2010Prop42
 90
       50
102
RTVSPost2010PropOp42
 70
     1
102
RTVSPost2010Prop43
 90
        3
102
RTVSPost2010PropOp43
 70
     1
102
RTVSPost2010Prop44ColorIndex
 90
        5
102
RTVSPost2010Prop44ColorRGB
 90
      255
102
RTVSPost2010PropOp44
 70
     1
102
RTVSPost2010Prop45
280
     0
102
RTVSPost2010PropOp45
 70
     1
102
RTVSPost2010Prop46
 90
       50
102
RTVSPost2010PropOp46
 70
     1
102
RTVSPost2010Prop47
 90
       50
102
RTVSPost2010PropOp47
 70
     1
102
RTVSPost2010Prop48
 90
       50
102
RTVSPost2010PropOp48
 70
     1
102
RTVSPost2010Prop49
280
     0
102
RTVSPost2010PropOp49
 70
     1
102
RTVSPost2010Prop50
 90
       50
102
RTVSPost2010PropOp50
 70
     1
102
RTVSPost2010Prop51ColorIndex
 90
      256
102
RTVSPost2010Prop51ColorRGB
 90
-16777216
102
RTVSPost2010PropOp51
 70
     0
102
RTVSPost2010Prop52
140
1.0
102
RTVSPost2010PropOp52
 70
     0
102
RTVSPost2010Prop53
 90
        2
102
RTVSPost2010PropOp53
 70
     1
102
RTVSPost2010Prop54
  1
strokes_ogs.tif
102
RTVSPost2010PropOp54
 70
     1
102
RTVSPost2010Prop55
280
     0
102
RTVSPost2010PropOp55
 70
     1
102
RTVSPost2010Prop56
140
1.0
102
RTVSPost2010PropOp56
 70
     1
102
RTVSPost2010Prop57
140
1.0
102
RTVSPost2010PropOp57
 70
     1
  0
XRECORD
  5
23A1C
102
{ACAD_REACTORS
330
23A1B
102
}
330
23A1B
100
AcDbXrecord
280
     1
102
RTVSPropertyOp0
 70
     1
102
RTVSPropertyOp1
 70
     1
102
RTVSPropertyOp2
 70
     1
102
RTVSPropertyOp3
 70
     1
102
RTVSPropertyOp4
 70
     1
102
RTVSPropertyOp5
 70
     1
102
RTVSPropertyOp6
 70
     1
102
RTVSPropertyOp7
 70
     1
102
RTVSPropertyOp8
 70
     1
102
RTVSPropertyOp9
 70
     1
102
RTVSPropertyOp10
 70
     1
102
RTVSPropertyOp11
 70
     1
102
RTVSPropertyOp12
 70
     1
102
RTVSPropertyOp13
 70
     1
102
RTVSPropertyOp14
 70
     1
102
RTVSPropertyOp15
 70
     1
102
RTVSPropertyOp16
 70
     1
102
RTVSPropertyOp17
 70
     1
102
RTVSPropertyOp18
 70
     1
102
RTVSPropertyOp19
 70
     1
102
RTVSPropertyOp20
 70
     1
102
RTVSPropertyOp21
 70
     1
102
RTVSPropertyOp22
 70
     1
102
RTVSPropertyOp23
 70
     1
102
RTVSPropertyOp24
 70
     1
102
RTVSPropertyOp25
 70
     1
102
RTVSPropertyOp26
 70
     1
102
RTVSPropertyOp27
 70
     1
102
RTVSPropertyOp28
 70
     1
102
RTVSPropertyOp29
 70
     1
102
RTVSPropertyOp30
 70
     1
102
RTVSPropertyOp31
 70
     1
102
RTVSPropertyOp32
 70
     1
102
RTVSPropertyOp33
 70
     1
102
RTVSPropertyOp34
 70
     1
102
RTVSPropertyOp35
 70
     1
102
RTVSPropertyOp36
 70
     1
102
RTVSPropertyOp37
 70
     1
102
RTVSPropertyOp38
 70
     1
102
RTVSPropertyOp39
 70
     1
102
RTVSPropertyOp40
 70
     1
102
RTVSPropertyOp41
 70
     1
102
RTVSPropertyOp42
 70
     1
102
RTVSPropertyOp43
 70
     1
102
RTVSPropertyOp44
 70
     1
102
RTVSPropertyOp45
 70
     1
102
RTVSPropertyOp46
 70
     1
102
RTVSPropertyOp47
 70
     1
102
RTVSPropertyOp48
 70
     1
102
RTVSPropertyOp49
 70
     1
102
RTVSPropertyOp50
 70
     1
102
RTVSPropertyOp51
 70
     0
102
RTVSPropertyOp52
 70
     0
102
RTVSPropertyOp53
 70
     1
102
RTVSPropertyOp54
 70
     1
102
RTVSPropertyOp55
 70
     1
102
RTVSPropertyOp56
 70
     1
102
RTVSPropertyOp57
 70
     1
102
RTVSPost2010Prop28
280
     0
102
RTVSPost2010PropOp28
 70
     1
102
RTVSPost2010Prop29
280
     1
102
RTVSPost2010PropOp29
 70
     1
102
RTVSPost2010Prop30
280
     1
102
RTVSPost2010PropOp30
 70
     1
102
RTVSPost2010Prop31
280
     0
102
RTVSPost2010PropOp31
 70
     1
102
RTVSPost2010Prop32
280
     0
102
RTVSPost2010PropOp32
 70
     1
102
RTVSPost2010Prop33
280
     0
102
RTVSPost2010PropOp33
 70
     1
102
RTVSPost2010Prop34
280
     0
102
RTVSPost2010PropOp34
 70
     1
102
RTVSPost2010Prop35
280
     0
102
RTVSPost2010PropOp35
 70
     1
102
RTVSPost2010Prop36
280
     0
102
RTVSPost2010PropOp36
 70
     1
102
RTVSPost2010Prop37
 90
       50
102
RTVSPost2010PropOp37
 70
     1
102
RTVSPost2010Prop38
140
0.0
102
RTVSPost2010PropOp38
 70
     1
102
RTVSPost2010Prop39
140
1.0
102
RTVSPost2010PropOp39
 70
     1
102
RTVSPost2010Prop40
 90
        0
102
RTVSPost2010PropOp40
 70
     1
102
RTVSPost2010Prop41ColorIndex
 90
       18
102
RTVSPost2010Prop41ColorRGB
 90
        0
102
RTVSPost2010PropOp41
 70
     1
102
RTVSPost2010Prop42
 90
       50
102
RTVSPost2010PropOp42
 70
     1
102
RTVSPost2010Prop43
 90
        3
102
RTVSPost2010PropOp43
 70
     1
102
RTVSPost2010Prop44ColorIndex
 90
        5
102
RTVSPost2010Prop44ColorRGB
 90
      255
102
RTVSPost2010PropOp44
 70
     1
102
RTVSPost2010Prop45
280
     0
102
RTVSPost2010PropOp45
 70
     1
102
RTVSPost2010Prop46
 90
       50
102
RTVSPost2010PropOp46
 70
     1
102
RTVSPost2010Prop47
 90
       50
102
RTVSPost2010PropOp47
 70
     1
102
RTVSPost2010Prop48
 90
       50
102
RTVSPost2010PropOp48
 70
     1
102
RTVSPost2010Prop49
280
     0
102
RTVSPost2010PropOp49
 70
     1
102
RTVSPost2010Prop50
 90
       50
102
RTVSPost2010PropOp50
 70
     1
102
RTVSPost2010Prop51ColorIndex
 90
      256
102
RTVSPost2010Prop51ColorRGB
 90
-16777216
102
RTVSPost2010PropOp51
 70
     0
102
RTVSPost2010Prop52
140
1.0
102
RTVSPost2010PropOp52
 70
     0
102
RTVSPost2010Prop53
 90
        2
102
RTVSPost2010PropOp53
 70
     1
102
RTVSPost2010Prop54
  1
strokes_ogs.tif
102
RTVSPost2010PropOp54
 70
     1
102
RTVSPost2010Prop55
280
     0
102
RTVSPost2010PropOp55
 70
     1
102
RTVSPost2010Prop56
140
1.0
102
RTVSPost2010PropOp56
 70
     1
102
RTVSPost2010Prop57
140
1.0
102
RTVSPost2010PropOp57
 70
     1
  0
XRECORD
  5
23A1E
102
{ACAD_REACTORS
330
23A1D
102
}
330
23A1D
100
AcDbXrecord
280
     1
102
RTVSPropertyOp0
 70
     1
102
RTVSPropertyOp1
 70
     1
102
RTVSPropertyOp2
 70
     1
102
RTVSPropertyOp3
 70
     1
102
RTVSPropertyOp4
 70
     1
102
RTVSPropertyOp5
 70
     1
102
RTVSPropertyOp6
 70
     1
102
RTVSPropertyOp7
 70
     1
102
RTVSPropertyOp8
 70
     1
102
RTVSPropertyOp9
 70
     1
102
RTVSPropertyOp10
 70
     1
102
RTVSPropertyOp11
 70
     1
102
RTVSPropertyOp12
 70
     1
102
RTVSPropertyOp13
 70
     1
102
RTVSPropertyOp14
 70
     1
102
RTVSPropertyOp15
 70
     1
102
RTVSPropertyOp16
 70
     1
102
RTVSPropertyOp17
 70
     1
102
RTVSPropertyOp18
 70
     1
102
RTVSPropertyOp19
 70
     1
102
RTVSPropertyOp20
 70
     1
102
RTVSPropertyOp21
 70
     1
102
RTVSPropertyOp22
 70
     1
102
RTVSPropertyOp23
 70
     1
102
RTVSPropertyOp24
 70
     1
102
RTVSPropertyOp25
 70
     1
102
RTVSPropertyOp26
 70
     1
102
RTVSPropertyOp27
 70
     1
102
RTVSPropertyOp28
 70
     1
102
RTVSPropertyOp29
 70
     1
102
RTVSPropertyOp30
 70
     1
102
RTVSPropertyOp31
 70
     1
102
RTVSPropertyOp32
 70
     1
102
RTVSPropertyOp33
 70
     1
102
RTVSPropertyOp34
 70
     1
102
RTVSPropertyOp35
 70
     1
102
RTVSPropertyOp36
 70
     1
102
RTVSPropertyOp37
 70
     1
102
RTVSPropertyOp38
 70
     1
102
RTVSPropertyOp39
 70
     1
102
RTVSPropertyOp40
 70
     1
102
RTVSPropertyOp41
 70
     1
102
RTVSPropertyOp42
 70
     1
102
RTVSPropertyOp43
 70
     1
102
RTVSPropertyOp44
 70
     1
102
RTVSPropertyOp45
 70
     1
102
RTVSPropertyOp46
 70
     1
102
RTVSPropertyOp47
 70
     1
102
RTVSPropertyOp48
 70
     1
102
RTVSPropertyOp49
 70
     1
102
RTVSPropertyOp50
 70
     1
102
RTVSPropertyOp51
 70
     0
102
RTVSPropertyOp52
 70
     0
102
RTVSPropertyOp53
 70
     1
102
RTVSPropertyOp54
 70
     1
102
RTVSPropertyOp55
 70
     1
102
RTVSPropertyOp56
 70
     1
102
RTVSPropertyOp57
 70
     1
102
RTVSPost2010Prop28
280
     0
102
RTVSPost2010PropOp28
 70
     1
102
RTVSPost2010Prop29
280
     1
102
RTVSPost2010PropOp29
 70
     1
102
RTVSPost2010Prop30
280
     1
102
RTVSPost2010PropOp30
 70
     1
102
RTVSPost2010Prop31
280
     0
102
RTVSPost2010PropOp31
 70
     1
102
RTVSPost2010Prop32
280
     0
102
RTVSPost2010PropOp32
 70
     1
102
RTVSPost2010Prop33
280
     0
102
RTVSPost2010PropOp33
 70
     1
102
RTVSPost2010Prop34
280
     0
102
RTVSPost2010PropOp34
 70
     1
102
RTVSPost2010Prop35
280
     0
102
RTVSPost2010PropOp35
 70
     1
102
RTVSPost2010Prop36
280
     0
102
RTVSPost2010PropOp36
 70
     1
102
RTVSPost2010Prop37
 90
       50
102
RTVSPost2010PropOp37
 70
     1
102
RTVSPost2010Prop38
140
0.0
102
RTVSPost2010PropOp38
 70
     1
102
RTVSPost2010Prop39
140
1.0
102
RTVSPost2010PropOp39
 70
     1
102
RTVSPost2010Prop40
 90
        0
102
RTVSPost2010PropOp40
 70
     1
102
RTVSPost2010Prop41ColorIndex
 90
       18
102
RTVSPost2010Prop41ColorRGB
 90
        0
102
RTVSPost2010PropOp41
 70
     1
102
RTVSPost2010Prop42
 90
       50
102
RTVSPost2010PropOp42
 70
     1
102
RTVSPost2010Prop43
 90
        3
102
RTVSPost2010PropOp43
 70
     1
102
RTVSPost2010Prop44ColorIndex
 90
        5
102
RTVSPost2010Prop44ColorRGB
 90
      255
102
RTVSPost2010PropOp44
 70
     1
102
RTVSPost2010Prop45
280
     0
102
RTVSPost2010PropOp45
 70
     1
102
RTVSPost2010Prop46
 90
       50
102
RTVSPost2010PropOp46
 70
     1
102
RTVSPost2010Prop47
 90
       50
102
RTVSPost2010PropOp47
 70
     1
102
RTVSPost2010Prop48
 90
       50
102
RTVSPost2010PropOp48
 70
     1
102
RTVSPost2010Prop49
280
     0
102
RTVSPost2010PropOp49
 70
     1
102
RTVSPost2010Prop50
 90
       50
102
RTVSPost2010PropOp50
 70
     1
102
RTVSPost2010Prop51ColorIndex
 90
      256
102
RTVSPost2010Prop51ColorRGB
 90
-16777216
102
RTVSPost2010PropOp51
 70
     0
102
RTVSPost2010Prop52
140
1.0
102
RTVSPost2010PropOp52
 70
     0
102
RTVSPost2010Prop53
 90
        2
102
RTVSPost2010PropOp53
 70
     1
102
RTVSPost2010Prop54
  1
strokes_ogs.tif
102
RTVSPost2010PropOp54
 70
     1
102
RTVSPost2010Prop55
280
     0
102
RTVSPost2010PropOp55
 70
     1
102
RTVSPost2010Prop56
140
1.0
102
RTVSPost2010PropOp56
 70
     1
102
RTVSPost2010Prop57
140
1.0
102
RTVSPost2010PropOp57
 70
     1
  0
XRECORD
  5
23A20
102
{ACAD_REACTORS
330
23A1F
102
}
330
23A1F
100
AcDbXrecord
280
     1
102
RTVSPropertyOp0
 70
     0
102
RTVSPropertyOp1
 70
     0
102
RTVSPropertyOp2
 70
     0
102
RTVSPropertyOp3
 70
     0
102
RTVSPropertyOp4
 70
     0
102
RTVSPropertyOp5
 70
     0
102
RTVSPropertyOp6
 70
     0
102
RTVSPropertyOp7
 70
     0
102
RTVSPropertyOp8
 70
     0
102
RTVSPropertyOp9
 70
     0
102
RTVSPropertyOp10
 70
     0
102
RTVSPropertyOp11
 70
     0
102
RTVSPropertyOp12
 70
     0
102
RTVSPropertyOp13
 70
     0
102
RTVSPropertyOp14
 70
     2
102
RTVSPropertyOp15
 70
     0
102
RTVSPropertyOp16
 70
     0
102
RTVSPropertyOp17
 70
     0
102
RTVSPropertyOp18
 70
     0
102
RTVSPropertyOp19
 70
     0
102
RTVSPropertyOp20
 70
     0
102
RTVSPropertyOp21
 70
     0
102
RTVSPropertyOp22
 70
     0
102
RTVSPropertyOp23
 70
     0
102
RTVSPropertyOp24
 70
     0
102
RTVSPropertyOp25
 70
     0
102
RTVSPropertyOp26
 70
     0
102
RTVSPropertyOp27
 70
     0
102
RTVSPropertyOp28
 70
     1
102
RTVSPropertyOp29
 70
     1
102
RTVSPropertyOp30
 70
     1
102
RTVSPropertyOp31
 70
     1
102
RTVSPropertyOp32
 70
     1
102
RTVSPropertyOp33
 70
     1
102
RTVSPropertyOp34
 70
     1
102
RTVSPropertyOp35
 70
     1
102
RTVSPropertyOp36
 70
     1
102
RTVSPropertyOp37
 70
     1
102
RTVSPropertyOp38
 70
     1
102
RTVSPropertyOp39
 70
     1
102
RTVSPropertyOp40
 70
     1
102
RTVSPropertyOp41
 70
     1
102
RTVSPropertyOp42
 70
     1
102
RTVSPropertyOp43
 70
     1
102
RTVSPropertyOp44
 70
     1
102
RTVSPropertyOp45
 70
     1
102
RTVSPropertyOp46
 70
     1
102
RTVSPropertyOp47
 70
     1
102
RTVSPropertyOp48
 70
     1
102
RTVSPropertyOp49
 70
     1
102
RTVSPropertyOp50
 70
     1
102
RTVSPropertyOp51
 70
     0
102
RTVSPropertyOp52
 70
     0
102
RTVSPropertyOp53
 70
     1
102
RTVSPropertyOp54
 70
     1
102
RTVSPropertyOp55
 70
     1
102
RTVSPropertyOp56
 70
     1
102
RTVSPropertyOp57
 70
     1
102
RTVSPost2010Prop28
280
     0
102
RTVSPost2010PropOp28
 70
     1
102
RTVSPost2010Prop29
280
     1
102
RTVSPost2010PropOp29
 70
     1
102
RTVSPost2010Prop30
280
     1
102
RTVSPost2010PropOp30
 70
     1
102
RTVSPost2010Prop31
280
     0
102
RTVSPost2010PropOp31
 70
     1
102
RTVSPost2010Prop32
280
     0
102
RTVSPost2010PropOp32
 70
     1
102
RTVSPost2010Prop33
280
     0
102
RTVSPost2010PropOp33
 70
     1
102
RTVSPost2010Prop34
280
     0
102
RTVSPost2010PropOp34
 70
     1
102
RTVSPost2010Prop35
280
     0
102
RTVSPost2010PropOp35
 70
     1
102
RTVSPost2010Prop36
280
     0
102
RTVSPost2010PropOp36
 70
     1
102
RTVSPost2010Prop37
 90
       50
102
RTVSPost2010PropOp37
 70
     1
102
RTVSPost2010Prop38
140
0.0
102
RTVSPost2010PropOp38
 70
     1
102
RTVSPost2010Prop39
140
1.0
102
RTVSPost2010PropOp39
 70
     1
102
RTVSPost2010Prop40
 90
        0
102
RTVSPost2010PropOp40
 70
     1
102
RTVSPost2010Prop41ColorIndex
 90
       18
102
RTVSPost2010Prop41ColorRGB
 90
        0
102
RTVSPost2010PropOp41
 70
     1
102
RTVSPost2010Prop42
 90
       50
102
RTVSPost2010PropOp42
 70
     1
102
RTVSPost2010Prop43
 90
        3
102
RTVSPost2010PropOp43
 70
     1
102
RTVSPost2010Prop44ColorIndex
 90
        5
102
RTVSPost2010Prop44ColorRGB
 90
      255
102
RTVSPost2010PropOp44
 70
     1
102
RTVSPost2010Prop45
280
     0
102
RTVSPost2010PropOp45
 70
     1
102
RTVSPost2010Prop46
 90
       50
102
RTVSPost2010PropOp46
 70
     1
102
RTVSPost2010Prop47
 90
       50
102
RTVSPost2010PropOp47
 70
     1
102
RTVSPost2010Prop48
 90
       50
102
RTVSPost2010PropOp48
 70
     1
102
RTVSPost2010Prop49
280
     0
102
RTVSPost2010PropOp49
 70
     1
102
RTVSPost2010Prop50
 90
       50
102
RTVSPost2010PropOp50
 70
     1
102
RTVSPost2010Prop51ColorIndex
 90
      256
102
RTVSPost2010Prop51ColorRGB
 90
-16777216
102
RTVSPost2010PropOp51
 70
     0
102
RTVSPost2010Prop52
140
1.0
102
RTVSPost2010PropOp52
 70
     0
102
RTVSPost2010Prop53
 90
        2
102
RTVSPost2010PropOp53
 70
     1
102
RTVSPost2010Prop54
  1
strokes_ogs.tif
102
RTVSPost2010PropOp54
 70
     1
102
RTVSPost2010Prop55
280
     0
102
RTVSPost2010PropOp55
 70
     1
102
RTVSPost2010Prop56
140
1.0
102
RTVSPost2010PropOp56
 70
     1
102
RTVSPost2010Prop57
140
1.0
102
RTVSPost2010PropOp57
 70
     1
  0
XRECORD
  5
23A22
102
{ACAD_REACTORS
330
23A21
102
}
330
23A21
100
AcDbXrecord
280
     1
102
RTVSPropertyOp0
 70
     1
102
RTVSPropertyOp1
 70
     1
102
RTVSPropertyOp2
 70
     1
102
RTVSPropertyOp3
 70
     1
102
RTVSPropertyOp4
 70
     1
102
RTVSPropertyOp5
 70
     1
102
RTVSPropertyOp6
 70
     1
102
RTVSPropertyOp7
 70
     1
102
RTVSPropertyOp8
 70
     1
102
RTVSPropertyOp9
 70
     1
102
RTVSPropertyOp10
 70
     1
102
RTVSPropertyOp11
 70
     1
102
RTVSPropertyOp12
 70
     1
102
RTVSPropertyOp13
 70
     1
102
RTVSPropertyOp14
 70
     1
102
RTVSPropertyOp15
 70
     1
102
RTVSPropertyOp16
 70
     1
102
RTVSPropertyOp17
 70
     1
102
RTVSPropertyOp18
 70
     1
102
RTVSPropertyOp19
 70
     1
102
RTVSPropertyOp20
 70
     1
102
RTVSPropertyOp21
 70
     1
102
RTVSPropertyOp22
 70
     1
102
RTVSPropertyOp23
 70
     1
102
RTVSPropertyOp24
 70
     1
102
RTVSPropertyOp25
 70
     1
102
RTVSPropertyOp26
 70
     1
102
RTVSPropertyOp27
 70
     1
102
RTVSPropertyOp28
 70
     1
102
RTVSPropertyOp29
 70
     1
102
RTVSPropertyOp30
 70
     1
102
RTVSPropertyOp31
 70
     1
102
RTVSPropertyOp32
 70
     1
102
RTVSPropertyOp33
 70
     1
102
RTVSPropertyOp34
 70
     1
102
RTVSPropertyOp35
 70
     1
102
RTVSPropertyOp36
 70
     1
102
RTVSPropertyOp37
 70
     1
102
RTVSPropertyOp38
 70
     1
102
RTVSPropertyOp39
 70
     1
102
RTVSPropertyOp40
 70
     1
102
RTVSPropertyOp41
 70
     1
102
RTVSPropertyOp42
 70
     1
102
RTVSPropertyOp43
 70
     1
102
RTVSPropertyOp44
 70
     1
102
RTVSPropertyOp45
 70
     1
102
RTVSPropertyOp46
 70
     1
102
RTVSPropertyOp47
 70
     1
102
RTVSPropertyOp48
 70
     1
102
RTVSPropertyOp49
 70
     1
102
RTVSPropertyOp50
 70
     1
102
RTVSPropertyOp51
 70
     0
102
RTVSPropertyOp52
 70
     0
102
RTVSPropertyOp53
 70
     1
102
RTVSPropertyOp54
 70
     1
102
RTVSPropertyOp55
 70
     1
102
RTVSPropertyOp56
 70
     1
102
RTVSPropertyOp57
 70
     1
102
RTVSPost2010Prop28
280
     0
102
RTVSPost2010PropOp28
 70
     1
102
RTVSPost2010Prop29
280
     1
102
RTVSPost2010PropOp29
 70
     1
102
RTVSPost2010Prop30
280
     1
102
RTVSPost2010PropOp30
 70
     1
102
RTVSPost2010Prop31
280
     0
102
RTVSPost2010PropOp31
 70
     1
102
RTVSPost2010Prop32
280
     0
102
RTVSPost2010PropOp32
 70
     1
102
RTVSPost2010Prop33
280
     0
102
RTVSPost2010PropOp33
 70
     1
102
RTVSPost2010Prop34
280
     0
102
RTVSPost2010PropOp34
 70
     1
102
RTVSPost2010Prop35
280
     0
102
RTVSPost2010PropOp35
 70
     1
102
RTVSPost2010Prop36
280
     0
102
RTVSPost2010PropOp36
 70
     1
102
RTVSPost2010Prop37
 90
       50
102
RTVSPost2010PropOp37
 70
     1
102
RTVSPost2010Prop38
140
0.0
102
RTVSPost2010PropOp38
 70
     1
102
RTVSPost2010Prop39
140
1.0
102
RTVSPost2010PropOp39
 70
     1
102
RTVSPost2010Prop40
 90
        0
102
RTVSPost2010PropOp40
 70
     1
102
RTVSPost2010Prop41ColorIndex
 90
       18
102
RTVSPost2010Prop41ColorRGB
 90
        0
102
RTVSPost2010PropOp41
 70
     1
102
RTVSPost2010Prop42
 90
       50
102
RTVSPost2010PropOp42
 70
     1
102
RTVSPost2010Prop43
 90
        3
102
RTVSPost2010PropOp43
 70
     1
102
RTVSPost2010Prop44ColorIndex
 90
        5
102
RTVSPost2010Prop44ColorRGB
 90
      255
102
RTVSPost2010PropOp44
 70
     1
102
RTVSPost2010Prop45
280
     0
102
RTVSPost2010PropOp45
 70
     1
102
RTVSPost2010Prop46
 90
       50
102
RTVSPost2010PropOp46
 70
     1
102
RTVSPost2010Prop47
 90
       50
102
RTVSPost2010PropOp47
 70
     1
102
RTVSPost2010Prop48
 90
       50
102
RTVSPost2010PropOp48
 70
     1
102
RTVSPost2010Prop49
280
     0
102
RTVSPost2010PropOp49
 70
     1
102
RTVSPost2010Prop50
 90
       50
102
RTVSPost2010PropOp50
 70
     1
102
RTVSPost2010Prop51ColorIndex
 90
      256
102
RTVSPost2010Prop51ColorRGB
 90
-16777216
102
RTVSPost2010PropOp51
 70
     0
102
RTVSPost2010Prop52
140
1.0
102
RTVSPost2010PropOp52
 70
     0
102
RTVSPost2010Prop53
 90
        2
102
RTVSPost2010PropOp53
 70
     1
102
RTVSPost2010Prop54
  1
strokes_ogs.tif
102
RTVSPost2010PropOp54
 70
     1
102
RTVSPost2010Prop55
280
     0
102
RTVSPost2010PropOp55
 70
     1
102
RTVSPost2010Prop56
140
1.0
102
RTVSPost2010PropOp56
 70
     1
102
RTVSPost2010Prop57
140
1.0
102
RTVSPost2010PropOp57
 70
     1
  0
XRECORD
  5
23A24
102
{ACAD_REACTORS
330
23A23
102
}
330
23A23
100
AcDbXrecord
280
     1
102
RTVSPropertyOp0
 70
     0
102
RTVSPropertyOp1
 70
     0
102
RTVSPropertyOp2
 70
     0
102
RTVSPropertyOp3
 70
     0
102
RTVSPropertyOp4
 70
     0
102
RTVSPropertyOp5
 70
     0
102
RTVSPropertyOp6
 70
     0
102
RTVSPropertyOp7
 70
     0
102
RTVSPropertyOp8
 70
     0
102
RTVSPropertyOp9
 70
     0
102
RTVSPropertyOp10
 70
     0
102
RTVSPropertyOp11
 70
     0
102
RTVSPropertyOp12
 70
     0
102
RTVSPropertyOp13
 70
     0
102
RTVSPropertyOp14
 70
     2
102
RTVSPropertyOp15
 70
     0
102
RTVSPropertyOp16
 70
     0
102
RTVSPropertyOp17
 70
     0
102
RTVSPropertyOp18
 70
     0
102
RTVSPropertyOp19
 70
     0
102
RTVSPropertyOp20
 70
     0
102
RTVSPropertyOp21
 70
     0
102
RTVSPropertyOp22
 70
     0
102
RTVSPropertyOp23
 70
     0
102
RTVSPropertyOp24
 70
     0
102
RTVSPropertyOp25
 70
     0
102
RTVSPropertyOp26
 70
     0
102
RTVSPropertyOp27
 70
     0
102
RTVSPropertyOp28
 70
     1
102
RTVSPropertyOp29
 70
     1
102
RTVSPropertyOp30
 70
     1
102
RTVSPropertyOp31
 70
     1
102
RTVSPropertyOp32
 70
     1
102
RTVSPropertyOp33
 70
     1
102
RTVSPropertyOp34
 70
     1
102
RTVSPropertyOp35
 70
     1
102
RTVSPropertyOp36
 70
     1
102
RTVSPropertyOp37
 70
     1
102
RTVSPropertyOp38
 70
     1
102
RTVSPropertyOp39
 70
     1
102
RTVSPropertyOp40
 70
     1
102
RTVSPropertyOp41
 70
     1
102
RTVSPropertyOp42
 70
     1
102
RTVSPropertyOp43
 70
     1
102
RTVSPropertyOp44
 70
     1
102
RTVSPropertyOp45
 70
     1
102
RTVSPropertyOp46
 70
     1
102
RTVSPropertyOp47
 70
     1
102
RTVSPropertyOp48
 70
     1
102
RTVSPropertyOp49
 70
     1
102
RTVSPropertyOp50
 70
     1
102
RTVSPropertyOp51
 70
     0
102
RTVSPropertyOp52
 70
     0
102
RTVSPropertyOp53
 70
     1
102
RTVSPropertyOp54
 70
     1
102
RTVSPropertyOp55
 70
     1
102
RTVSPropertyOp56
 70
     1
102
RTVSPropertyOp57
 70
     1
102
RTVSPost2010Prop28
280
     0
102
RTVSPost2010PropOp28
 70
     1
102
RTVSPost2010Prop29
280
     1
102
RTVSPost2010PropOp29
 70
     1
102
RTVSPost2010Prop30
280
     1
102
RTVSPost2010PropOp30
 70
     1
102
RTVSPost2010Prop31
280
     0
102
RTVSPost2010PropOp31
 70
     1
102
RTVSPost2010Prop32
280
     0
102
RTVSPost2010PropOp32
 70
     1
102
RTVSPost2010Prop33
280
     0
102
RTVSPost2010PropOp33
 70
     1
102
RTVSPost2010Prop34
280
     0
102
RTVSPost2010PropOp34
 70
     1
102
RTVSPost2010Prop35
280
     0
102
RTVSPost2010PropOp35
 70
     1
102
RTVSPost2010Prop36
280
     0
102
RTVSPost2010PropOp36
 70
     1
102
RTVSPost2010Prop37
 90
       50
102
RTVSPost2010PropOp37
 70
     1
102
RTVSPost2010Prop38
140
0.0
102
RTVSPost2010PropOp38
 70
     1
102
RTVSPost2010Prop39
140
1.0
102
RTVSPost2010PropOp39
 70
     1
102
RTVSPost2010Prop40
 90
        0
102
RTVSPost2010PropOp40
 70
     1
102
RTVSPost2010Prop41ColorIndex
 90
       18
102
RTVSPost2010Prop41ColorRGB
 90
        0
102
RTVSPost2010PropOp41
 70
     1
102
RTVSPost2010Prop42
 90
       50
102
RTVSPost2010PropOp42
 70
     1
102
RTVSPost2010Prop43
 90
        3
102
RTVSPost2010PropOp43
 70
     1
102
RTVSPost2010Prop44ColorIndex
 90
        5
102
RTVSPost2010Prop44ColorRGB
 90
      255
102
RTVSPost2010PropOp44
 70
     1
102
RTVSPost2010Prop45
280
     0
102
RTVSPost2010PropOp45
 70
     1
102
RTVSPost2010Prop46
 90
       50
102
RTVSPost2010PropOp46
 70
     1
102
RTVSPost2010Prop47
 90
       50
102
RTVSPost2010PropOp47
 70
     1
102
RTVSPost2010Prop48
 90
       50
102
RTVSPost2010PropOp48
 70
     1
102
RTVSPost2010Prop49
280
     0
102
RTVSPost2010PropOp49
 70
     1
102
RTVSPost2010Prop50
 90
       50
102
RTVSPost2010PropOp50
 70
     1
102
RTVSPost2010Prop51ColorIndex
 90
      256
102
RTVSPost2010Prop51ColorRGB
 90
-16777216
102
RTVSPost2010PropOp51
 70
     0
102
RTVSPost2010Prop52
140
1.0
102
RTVSPost2010PropOp52
 70
     0
102
RTVSPost2010Prop53
 90
        2
102
RTVSPost2010PropOp53
 70
     1
102
RTVSPost2010Prop54
  1
strokes_ogs.tif
102
RTVSPost2010PropOp54
 70
     1
102
RTVSPost2010Prop55
280
     0
102
RTVSPost2010PropOp55
 70
     1
102
RTVSPost2010Prop56
140
1.0
102
RTVSPost2010PropOp56
 70
     1
102
RTVSPost2010Prop57
140
1.0
102
RTVSPost2010PropOp57
 70
     1
  0
XRECORD
  5
23A26
102
{ACAD_REACTORS
330
23A25
102
}
330
23A25
100
AcDbXrecord
280
     1
102
RTVSPropertyOp0
 70
     1
102
RTVSPropertyOp1
 70
     1
102
RTVSPropertyOp2
 70
     1
102
RTVSPropertyOp3
 70
     1
102
RTVSPropertyOp4
 70
     1
102
RTVSPropertyOp5
 70
     1
102
RTVSPropertyOp6
 70
     1
102
RTVSPropertyOp7
 70
     1
102
RTVSPropertyOp8
 70
     1
102
RTVSPropertyOp9
 70
     1
102
RTVSPropertyOp10
 70
     1
102
RTVSPropertyOp11
 70
     1
102
RTVSPropertyOp12
 70
     1
102
RTVSPropertyOp13
 70
     1
102
RTVSPropertyOp14
 70
     1
102
RTVSPropertyOp15
 70
     1
102
RTVSPropertyOp16
 70
     1
102
RTVSPropertyOp17
 70
     1
102
RTVSPropertyOp18
 70
     1
102
RTVSPropertyOp19
 70
     1
102
RTVSPropertyOp20
 70
     1
102
RTVSPropertyOp21
 70
     1
102
RTVSPropertyOp22
 70
     1
102
RTVSPropertyOp23
 70
     1
102
RTVSPropertyOp24
 70
     1
102
RTVSPropertyOp25
 70
     1
102
RTVSPropertyOp26
 70
     1
102
RTVSPropertyOp27
 70
     1
102
RTVSPropertyOp28
 70
     1
102
RTVSPropertyOp29
 70
     1
102
RTVSPropertyOp30
 70
     1
102
RTVSPropertyOp31
 70
     1
102
RTVSPropertyOp32
 70
     1
102
RTVSPropertyOp33
 70
     1
102
RTVSPropertyOp34
 70
     1
102
RTVSPropertyOp35
 70
     1
102
RTVSPropertyOp36
 70
     1
102
RTVSPropertyOp37
 70
     1
102
RTVSPropertyOp38
 70
     1
102
RTVSPropertyOp39
 70
     1
102
RTVSPropertyOp40
 70
     1
102
RTVSPropertyOp41
 70
     1
102
RTVSPropertyOp42
 70
     1
102
RTVSPropertyOp43
 70
     1
102
RTVSPropertyOp44
 70
     1
102
RTVSPropertyOp45
 70
     1
102
RTVSPropertyOp46
 70
     1
102
RTVSPropertyOp47
 70
     1
102
RTVSPropertyOp48
 70
     1
102
RTVSPropertyOp49
 70
     1
102
RTVSPropertyOp50
 70
     1
102
RTVSPropertyOp51
 70
     0
102
RTVSPropertyOp52
 70
     0
102
RTVSPropertyOp53
 70
     1
102
RTVSPropertyOp54
 70
     1
102
RTVSPropertyOp55
 70
     1
102
RTVSPropertyOp56
 70
     1
102
RTVSPropertyOp57
 70
     1
102
RTVSPost2010Prop28
280
     0
102
RTVSPost2010PropOp28
 70
     1
102
RTVSPost2010Prop29
280
     1
102
RTVSPost2010PropOp29
 70
     1
102
RTVSPost2010Prop30
280
     1
102
RTVSPost2010PropOp30
 70
     1
102
RTVSPost2010Prop31
280
     0
102
RTVSPost2010PropOp31
 70
     1
102
RTVSPost2010Prop32
280
     0
102
RTVSPost2010PropOp32
 70
     1
102
RTVSPost2010Prop33
280
     0
102
RTVSPost2010PropOp33
 70
     1
102
RTVSPost2010Prop34
280
     0
102
RTVSPost2010PropOp34
 70
     1
102
RTVSPost2010Prop35
280
     0
102
RTVSPost2010PropOp35
 70
     1
102
RTVSPost2010Prop36
280
     0
102
RTVSPost2010PropOp36
 70
     1
102
RTVSPost2010Prop37
 90
       50
102
RTVSPost2010PropOp37
 70
     1
102
RTVSPost2010Prop38
140
0.0
102
RTVSPost2010PropOp38
 70
     1
102
RTVSPost2010Prop39
140
1.0
102
RTVSPost2010PropOp39
 70
     1
102
RTVSPost2010Prop40
 90
        0
102
RTVSPost2010PropOp40
 70
     1
102
RTVSPost2010Prop41ColorIndex
 90
       18
102
RTVSPost2010Prop41ColorRGB
 90
        0
102
RTVSPost2010PropOp41
 70
     1
102
RTVSPost2010Prop42
 90
       50
102
RTVSPost2010PropOp42
 70
     1
102
RTVSPost2010Prop43
 90
        3
102
RTVSPost2010PropOp43
 70
     1
102
RTVSPost2010Prop44ColorIndex
 90
        5
102
RTVSPost2010Prop44ColorRGB
 90
      255
102
RTVSPost2010PropOp44
 70
     1
102
RTVSPost2010Prop45
280
     0
102
RTVSPost2010PropOp45
 70
     1
102
RTVSPost2010Prop46
 90
       50
102
RTVSPost2010PropOp46
 70
     1
102
RTVSPost2010Prop47
 90
       50
102
RTVSPost2010PropOp47
 70
     1
102
RTVSPost2010Prop48
 90
       50
102
RTVSPost2010PropOp48
 70
     1
102
RTVSPost2010Prop49
280
     0
102
RTVSPost2010PropOp49
 70
     1
102
RTVSPost2010Prop50
 90
       50
102
RTVSPost2010PropOp50
 70
     1
102
RTVSPost2010Prop51ColorIndex
 90
      256
102
RTVSPost2010Prop51ColorRGB
 90
-16777216
102
RTVSPost2010PropOp51
 70
     0
102
RTVSPost2010Prop52
140
1.0
102
RTVSPost2010PropOp52
 70
     0
102
RTVSPost2010Prop53
 90
        2
102
RTVSPost2010PropOp53
 70
     1
102
RTVSPost2010Prop54
  1
strokes_ogs.tif
102
RTVSPost2010PropOp54
 70
     1
102
RTVSPost2010Prop55
280
     0
102
RTVSPost2010PropOp55
 70
     1
102
RTVSPost2010Prop56
140
1.0
102
RTVSPost2010PropOp56
 70
     1
102
RTVSPost2010Prop57
140
1.0
102
RTVSPost2010PropOp57
 70
     1
  0
XRECORD
  5
23A28
102
{ACAD_REACTORS
330
23A27
102
}
330
23A27
100
AcDbXrecord
280
     1
102
RTVSPropertyOp0
 70
     1
102
RTVSPropertyOp1
 70
     1
102
RTVSPropertyOp2
 70
     1
102
RTVSPropertyOp3
 70
     1
102
RTVSPropertyOp4
 70
     1
102
RTVSPropertyOp5
 70
     1
102
RTVSPropertyOp6
 70
     1
102
RTVSPropertyOp7
 70
     1
102
RTVSPropertyOp8
 70
     1
102
RTVSPropertyOp9
 70
     1
102
RTVSPropertyOp10
 70
     1
102
RTVSPropertyOp11
 70
     1
102
RTVSPropertyOp12
 70
     1
102
RTVSPropertyOp13
 70
     1
102
RTVSPropertyOp14
 70
     1
102
RTVSPropertyOp15
 70
     1
102
RTVSPropertyOp16
 70
     1
102
RTVSPropertyOp17
 70
     1
102
RTVSPropertyOp18
 70
     1
102
RTVSPropertyOp19
 70
     1
102
RTVSPropertyOp20
 70
     1
102
RTVSPropertyOp21
 70
     1
102
RTVSPropertyOp22
 70
     1
102
RTVSPropertyOp23
 70
     1
102
RTVSPropertyOp24
 70
     1
102
RTVSPropertyOp25
 70
     1
102
RTVSPropertyOp26
 70
     1
102
RTVSPropertyOp27
 70
     1
102
RTVSPropertyOp28
 70
     1
102
RTVSPropertyOp29
 70
     1
102
RTVSPropertyOp30
 70
     1
102
RTVSPropertyOp31
 70
     1
102
RTVSPropertyOp32
 70
     1
102
RTVSPropertyOp33
 70
     1
102
RTVSPropertyOp34
 70
     1
102
RTVSPropertyOp35
 70
     1
102
RTVSPropertyOp36
 70
     1
102
RTVSPropertyOp37
 70
     1
102
RTVSPropertyOp38
 70
     1
102
RTVSPropertyOp39
 70
     1
102
RTVSPropertyOp40
 70
     1
102
RTVSPropertyOp41
 70
     1
102
RTVSPropertyOp42
 70
     1
102
RTVSPropertyOp43
 70
     1
102
RTVSPropertyOp44
 70
     1
102
RTVSPropertyOp45
 70
     1
102
RTVSPropertyOp46
 70
     1
102
RTVSPropertyOp47
 70
     1
102
RTVSPropertyOp48
 70
     1
102
RTVSPropertyOp49
 70
     1
102
RTVSPropertyOp50
 70
     1
102
RTVSPropertyOp51
 70
     0
102
RTVSPropertyOp52
 70
     0
102
RTVSPropertyOp53
 70
     1
102
RTVSPropertyOp54
 70
     1
102
RTVSPropertyOp55
 70
     1
102
RTVSPropertyOp56
 70
     1
102
RTVSPropertyOp57
 70
     1
102
RTVSPost2010Prop28
280
     0
102
RTVSPost2010PropOp28
 70
     1
102
RTVSPost2010Prop29
280
     1
102
RTVSPost2010PropOp29
 70
     1
102
RTVSPost2010Prop30
280
     1
102
RTVSPost2010PropOp30
 70
     1
102
RTVSPost2010Prop31
280
     0
102
RTVSPost2010PropOp31
 70
     1
102
RTVSPost2010Prop32
280
     0
102
RTVSPost2010PropOp32
 70
     1
102
RTVSPost2010Prop33
280
     0
102
RTVSPost2010PropOp33
 70
     1
102
RTVSPost2010Prop34
280
     0
102
RTVSPost2010PropOp34
 70
     1
102
RTVSPost2010Prop35
280
     0
102
RTVSPost2010PropOp35
 70
     1
102
RTVSPost2010Prop36
280
     0
102
RTVSPost2010PropOp36
 70
     1
102
RTVSPost2010Prop37
 90
       50
102
RTVSPost2010PropOp37
 70
     1
102
RTVSPost2010Prop38
140
0.0
102
RTVSPost2010PropOp38
 70
     1
102
RTVSPost2010Prop39
140
1.0
102
RTVSPost2010PropOp39
 70
     1
102
RTVSPost2010Prop40
 90
        0
102
RTVSPost2010PropOp40
 70
     1
102
RTVSPost2010Prop41ColorIndex
 90
       18
102
RTVSPost2010Prop41ColorRGB
 90
        0
102
RTVSPost2010PropOp41
 70
     1
102
RTVSPost2010Prop42
 90
       50
102
RTVSPost2010PropOp42
 70
     1
102
RTVSPost2010Prop43
 90
        3
102
RTVSPost2010PropOp43
 70
     1
102
RTVSPost2010Prop44ColorIndex
 90
        5
102
RTVSPost2010Prop44ColorRGB
 90
      255
102
RTVSPost2010PropOp44
 70
     1
102
RTVSPost2010Prop45
280
     0
102
RTVSPost2010PropOp45
 70
     1
102
RTVSPost2010Prop46
 90
       50
102
RTVSPost2010PropOp46
 70
     1
102
RTVSPost2010Prop47
 90
       50
102
RTVSPost2010PropOp47
 70
     1
102
RTVSPost2010Prop48
 90
       50
102
RTVSPost2010PropOp48
 70
     1
102
RTVSPost2010Prop49
280
     0
102
RTVSPost2010PropOp49
 70
     1
102
RTVSPost2010Prop50
 90
       50
102
RTVSPost2010PropOp50
 70
     1
102
RTVSPost2010Prop51ColorIndex
 90
      256
102
RTVSPost2010Prop51ColorRGB
 90
-16777216
102
RTVSPost2010PropOp51
 70
     0
102
RTVSPost2010Prop52
140
1.0
102
RTVSPost2010PropOp52
 70
     0
102
RTVSPost2010Prop53
 90
        2
102
RTVSPost2010PropOp53
 70
     1
102
RTVSPost2010Prop54
  1
strokes_ogs.tif
102
RTVSPost2010PropOp54
 70
     1
102
RTVSPost2010Prop55
280
     0
102
RTVSPost2010PropOp55
 70
     1
102
RTVSPost2010Prop56
140
1.0
102
RTVSPost2010PropOp56
 70
     1
102
RTVSPost2010Prop57
140
1.0
102
RTVSPost2010PropOp57
 70
     1
  0
XRECORD
  5
23A2A
102
{ACAD_REACTORS
330
23A29
102
}
330
23A29
100
AcDbXrecord
280
     1
102
RTVSPropertyOp0
 70
     1
102
RTVSPropertyOp1
 70
     1
102
RTVSPropertyOp2
 70
     1
102
RTVSPropertyOp3
 70
     1
102
RTVSPropertyOp4
 70
     1
102
RTVSPropertyOp5
 70
     1
102
RTVSPropertyOp6
 70
     1
102
RTVSPropertyOp7
 70
     1
102
RTVSPropertyOp8
 70
     1
102
RTVSPropertyOp9
 70
     1
102
RTVSPropertyOp10
 70
     1
102
RTVSPropertyOp11
 70
     1
102
RTVSPropertyOp12
 70
     1
102
RTVSPropertyOp13
 70
     1
102
RTVSPropertyOp14
 70
     1
102
RTVSPropertyOp15
 70
     1
102
RTVSPropertyOp16
 70
     1
102
RTVSPropertyOp17
 70
     1
102
RTVSPropertyOp18
 70
     1
102
RTVSPropertyOp19
 70
     1
102
RTVSPropertyOp20
 70
     1
102
RTVSPropertyOp21
 70
     1
102
RTVSPropertyOp22
 70
     1
102
RTVSPropertyOp23
 70
     1
102
RTVSPropertyOp24
 70
     1
102
RTVSPropertyOp25
 70
     1
102
RTVSPropertyOp26
 70
     1
102
RTVSPropertyOp27
 70
     1
102
RTVSPropertyOp28
 70
     1
102
RTVSPropertyOp29
 70
     1
102
RTVSPropertyOp30
 70
     1
102
RTVSPropertyOp31
 70
     1
102
RTVSPropertyOp32
 70
     1
102
RTVSPropertyOp33
 70
     1
102
RTVSPropertyOp34
 70
     1
102
RTVSPropertyOp35
 70
     1
102
RTVSPropertyOp36
 70
     1
102
RTVSPropertyOp37
 70
     1
102
RTVSPropertyOp38
 70
     1
102
RTVSPropertyOp39
 70
     1
102
RTVSPropertyOp40
 70
     1
102
RTVSPropertyOp41
 70
     1
102
RTVSPropertyOp42
 70
     1
102
RTVSPropertyOp43
 70
     1
102
RTVSPropertyOp44
 70
     1
102
RTVSPropertyOp45
 70
     1
102
RTVSPropertyOp46
 70
     1
102
RTVSPropertyOp47
 70
     1
102
RTVSPropertyOp48
 70
     1
102
RTVSPropertyOp49
 70
     1
102
RTVSPropertyOp50
 70
     1
102
RTVSPropertyOp51
 70
     0
102
RTVSPropertyOp52
 70
     0
102
RTVSPropertyOp53
 70
     1
102
RTVSPropertyOp54
 70
     1
102
RTVSPropertyOp55
 70
     1
102
RTVSPropertyOp56
 70
     1
102
RTVSPropertyOp57
 70
     1
102
RTVSPost2010Prop28
280
     0
102
RTVSPost2010PropOp28
 70
     1
102
RTVSPost2010Prop29
280
     1
102
RTVSPost2010PropOp29
 70
     1
102
RTVSPost2010Prop30
280
     1
102
RTVSPost2010PropOp30
 70
     1
102
RTVSPost2010Prop31
280
     0
102
RTVSPost2010PropOp31
 70
     1
102
RTVSPost2010Prop32
280
     0
102
RTVSPost2010PropOp32
 70
     1
102
RTVSPost2010Prop33
280
     0
102
RTVSPost2010PropOp33
 70
     1
102
RTVSPost2010Prop34
280
     0
102
RTVSPost2010PropOp34
 70
     1
102
RTVSPost2010Prop35
280
     0
102
RTVSPost2010PropOp35
 70
     1
102
RTVSPost2010Prop36
280
     0
102
RTVSPost2010PropOp36
 70
     1
102
RTVSPost2010Prop37
 90
       50
102
RTVSPost2010PropOp37
 70
     1
102
RTVSPost2010Prop38
140
0.0
102
RTVSPost2010PropOp38
 70
     1
102
RTVSPost2010Prop39
140
1.0
102
RTVSPost2010PropOp39
 70
     1
102
RTVSPost2010Prop40
 90
        0
102
RTVSPost2010PropOp40
 70
     1
102
RTVSPost2010Prop41ColorIndex
 90
       18
102
RTVSPost2010Prop41ColorRGB
 90
        0
102
RTVSPost2010PropOp41
 70
     1
102
RTVSPost2010Prop42
 90
       50
102
RTVSPost2010PropOp42
 70
     1
102
RTVSPost2010Prop43
 90
        3
102
RTVSPost2010PropOp43
 70
     1
102
RTVSPost2010Prop44ColorIndex
 90
        5
102
RTVSPost2010Prop44ColorRGB
 90
      255
102
RTVSPost2010PropOp44
 70
     1
102
RTVSPost2010Prop45
280
     0
102
RTVSPost2010PropOp45
 70
     1
102
RTVSPost2010Prop46
 90
       50
102
RTVSPost2010PropOp46
 70
     1
102
RTVSPost2010Prop47
 90
       50
102
RTVSPost2010PropOp47
 70
     1
102
RTVSPost2010Prop48
 90
       50
102
RTVSPost2010PropOp48
 70
     1
102
RTVSPost2010Prop49
280
     0
102
RTVSPost2010PropOp49
 70
     1
102
RTVSPost2010Prop50
 90
       50
102
RTVSPost2010PropOp50
 70
     1
102
RTVSPost2010Prop51ColorIndex
 90
      256
102
RTVSPost2010Prop51ColorRGB
 90
-16777216
102
RTVSPost2010PropOp51
 70
     0
102
RTVSPost2010Prop52
140
1.0
102
RTVSPost2010PropOp52
 70
     0
102
RTVSPost2010Prop53
 90
        2
102
RTVSPost2010PropOp53
 70
     1
102
RTVSPost2010Prop54
  1
strokes_ogs.tif
102
RTVSPost2010PropOp54
 70
     1
102
RTVSPost2010Prop55
280
     0
102
RTVSPost2010PropOp55
 70
     1
102
RTVSPost2010Prop56
140
1.0
102
RTVSPost2010PropOp56
 70
     1
102
RTVSPost2010Prop57
140
1.0
102
RTVSPost2010PropOp57
 70
     1
  0
XRECORD
  5
23A2C
102
{ACAD_REACTORS
330
23A2B
102
}
330
23A2B
100
AcDbXrecord
280
     1
102
RTVSPropertyOp0
 70
     1
102
RTVSPropertyOp1
 70
     1
102
RTVSPropertyOp2
 70
     1
102
RTVSPropertyOp3
 70
     1
102
RTVSPropertyOp4
 70
     1
102
RTVSPropertyOp5
 70
     1
102
RTVSPropertyOp6
 70
     1
102
RTVSPropertyOp7
 70
     1
102
RTVSPropertyOp8
 70
     1
102
RTVSPropertyOp9
 70
     1
102
RTVSPropertyOp10
 70
     1
102
RTVSPropertyOp11
 70
     1
102
RTVSPropertyOp12
 70
     1
102
RTVSPropertyOp13
 70
     1
102
RTVSPropertyOp14
 70
     1
102
RTVSPropertyOp15
 70
     1
102
RTVSPropertyOp16
 70
     1
102
RTVSPropertyOp17
 70
     1
102
RTVSPropertyOp18
 70
     1
102
RTVSPropertyOp19
 70
     1
102
RTVSPropertyOp20
 70
     1
102
RTVSPropertyOp21
 70
     1
102
RTVSPropertyOp22
 70
     1
102
RTVSPropertyOp23
 70
     1
102
RTVSPropertyOp24
 70
     1
102
RTVSPropertyOp25
 70
     1
102
RTVSPropertyOp26
 70
     1
102
RTVSPropertyOp27
 70
     1
102
RTVSPropertyOp28
 70
     1
102
RTVSPropertyOp29
 70
     1
102
RTVSPropertyOp30
 70
     1
102
RTVSPropertyOp31
 70
     1
102
RTVSPropertyOp32
 70
     1
102
RTVSPropertyOp33
 70
     1
102
RTVSPropertyOp34
 70
     1
102
RTVSPropertyOp35
 70
     1
102
RTVSPropertyOp36
 70
     1
102
RTVSPropertyOp37
 70
     1
102
RTVSPropertyOp38
 70
     1
102
RTVSPropertyOp39
 70
     1
102
RTVSPropertyOp40
 70
     1
102
RTVSPropertyOp41
 70
     1
102
RTVSPropertyOp42
 70
     1
102
RTVSPropertyOp43
 70
     1
102
RTVSPropertyOp44
 70
     1
102
RTVSPropertyOp45
 70
     1
102
RTVSPropertyOp46
 70
     1
102
RTVSPropertyOp47
 70
     1
102
RTVSPropertyOp48
 70
     1
102
RTVSPropertyOp49
 70
     1
102
RTVSPropertyOp50
 70
     1
102
RTVSPropertyOp51
 70
     0
102
RTVSPropertyOp52
 70
     0
102
RTVSPropertyOp53
 70
     1
102
RTVSPropertyOp54
 70
     1
102
RTVSPropertyOp55
 70
     1
102
RTVSPropertyOp56
 70
     1
102
RTVSPropertyOp57
 70
     1
102
RTVSPost2010Prop28
280
     0
102
RTVSPost2010PropOp28
 70
     1
102
RTVSPost2010Prop29
280
     1
102
RTVSPost2010PropOp29
 70
     1
102
RTVSPost2010Prop30
280
     1
102
RTVSPost2010PropOp30
 70
     1
102
RTVSPost2010Prop31
280
     0
102
RTVSPost2010PropOp31
 70
     1
102
RTVSPost2010Prop32
280
     0
102
RTVSPost2010PropOp32
 70
     1
102
RTVSPost2010Prop33
280
     0
102
RTVSPost2010PropOp33
 70
     1
102
RTVSPost2010Prop34
280
     0
102
RTVSPost2010PropOp34
 70
     1
102
RTVSPost2010Prop35
280
     0
102
RTVSPost2010PropOp35
 70
     1
102
RTVSPost2010Prop36
280
     0
102
RTVSPost2010PropOp36
 70
     1
102
RTVSPost2010Prop37
 90
       50
102
RTVSPost2010PropOp37
 70
     1
102
RTVSPost2010Prop38
140
0.0
102
RTVSPost2010PropOp38
 70
     1
102
RTVSPost2010Prop39
140
1.0
102
RTVSPost2010PropOp39
 70
     1
102
RTVSPost2010Prop40
 90
        0
102
RTVSPost2010PropOp40
 70
     1
102
RTVSPost2010Prop41ColorIndex
 90
       18
102
RTVSPost2010Prop41ColorRGB
 90
        0
102
RTVSPost2010PropOp41
 70
     1
102
RTVSPost2010Prop42
 90
       50
102
RTVSPost2010PropOp42
 70
     1
102
RTVSPost2010Prop43
 90
        3
102
RTVSPost2010PropOp43
 70
     1
102
RTVSPost2010Prop44ColorIndex
 90
        5
102
RTVSPost2010Prop44ColorRGB
 90
      255
102
RTVSPost2010PropOp44
 70
     1
102
RTVSPost2010Prop45
280
     0
102
RTVSPost2010PropOp45
 70
     1
102
RTVSPost2010Prop46
 90
       50
102
RTVSPost2010PropOp46
 70
     1
102
RTVSPost2010Prop47
 90
       50
102
RTVSPost2010PropOp47
 70
     1
102
RTVSPost2010Prop48
 90
       50
102
RTVSPost2010PropOp48
 70
     1
102
RTVSPost2010Prop49
280
     0
102
RTVSPost2010PropOp49
 70
     1
102
RTVSPost2010Prop50
 90
       50
102
RTVSPost2010PropOp50
 70
     1
102
RTVSPost2010Prop51ColorIndex
 90
      256
102
RTVSPost2010Prop51ColorRGB
 90
-16777216
102
RTVSPost2010PropOp51
 70
     0
102
RTVSPost2010Prop52
140
1.0
102
RTVSPost2010PropOp52
 70
     0
102
RTVSPost2010Prop53
 90
        2
102
RTVSPost2010PropOp53
 70
     1
102
RTVSPost2010Prop54
  1
strokes_ogs.tif
102
RTVSPost2010PropOp54
 70
     1
102
RTVSPost2010Prop55
280
     0
102
RTVSPost2010PropOp55
 70
     1
102
RTVSPost2010Prop56
140
1.0
102
RTVSPost2010PropOp56
 70
     1
102
RTVSPost2010Prop57
140
1.0
102
RTVSPost2010PropOp57
 70
     1
  0
XRECORD
  5
23A2E
102
{ACAD_REACTORS
330
23A2D
102
}
330
23A2D
100
AcDbXrecord
280
     1
102
RTVSPropertyOp0
 70
     1
102
RTVSPropertyOp1
 70
     1
102
RTVSPropertyOp2
 70
     1
102
RTVSPropertyOp3
 70
     1
102
RTVSPropertyOp4
 70
     1
102
RTVSPropertyOp5
 70
     1
102
RTVSPropertyOp6
 70
     1
102
RTVSPropertyOp7
 70
     1
102
RTVSPropertyOp8
 70
     1
102
RTVSPropertyOp9
 70
     1
102
RTVSPropertyOp10
 70
     1
102
RTVSPropertyOp11
 70
     1
102
RTVSPropertyOp12
 70
     1
102
RTVSPropertyOp13
 70
     1
102
RTVSPropertyOp14
 70
     1
102
RTVSPropertyOp15
 70
     1
102
RTVSPropertyOp16
 70
     1
102
RTVSPropertyOp17
 70
     1
102
RTVSPropertyOp18
 70
     1
102
RTVSPropertyOp19
 70
     1
102
RTVSPropertyOp20
 70
     1
102
RTVSPropertyOp21
 70
     1
102
RTVSPropertyOp22
 70
     1
102
RTVSPropertyOp23
 70
     1
102
RTVSPropertyOp24
 70
     1
102
RTVSPropertyOp25
 70
     1
102
RTVSPropertyOp26
 70
     1
102
RTVSPropertyOp27
 70
     1
102
RTVSPropertyOp28
 70
     1
102
RTVSPropertyOp29
 70
     1
102
RTVSPropertyOp30
 70
     1
102
RTVSPropertyOp31
 70
     1
102
RTVSPropertyOp32
 70
     1
102
RTVSPropertyOp33
 70
     1
102
RTVSPropertyOp34
 70
     1
102
RTVSPropertyOp35
 70
     1
102
RTVSPropertyOp36
 70
     1
102
RTVSPropertyOp37
 70
     1
102
RTVSPropertyOp38
 70
     1
102
RTVSPropertyOp39
 70
     1
102
RTVSPropertyOp40
 70
     1
102
RTVSPropertyOp41
 70
     1
102
RTVSPropertyOp42
 70
     1
102
RTVSPropertyOp43
 70
     1
102
RTVSPropertyOp44
 70
     1
102
RTVSPropertyOp45
 70
     1
102
RTVSPropertyOp46
 70
     1
102
RTVSPropertyOp47
 70
     1
102
RTVSPropertyOp48
 70
     1
102
RTVSPropertyOp49
 70
     1
102
RTVSPropertyOp50
 70
     1
102
RTVSPropertyOp51
 70
     0
102
RTVSPropertyOp52
 70
     0
102
RTVSPropertyOp53
 70
     1
102
RTVSPropertyOp54
 70
     1
102
RTVSPropertyOp55
 70
     1
102
RTVSPropertyOp56
 70
     1
102
RTVSPropertyOp57
 70
     1
102
RTVSPost2010Prop28
280
     0
102
RTVSPost2010PropOp28
 70
     1
102
RTVSPost2010Prop29
280
     1
102
RTVSPost2010PropOp29
 70
     1
102
RTVSPost2010Prop30
280
     1
102
RTVSPost2010PropOp30
 70
     1
102
RTVSPost2010Prop31
280
     0
102
RTVSPost2010PropOp31
 70
     1
102
RTVSPost2010Prop32
280
     0
102
RTVSPost2010PropOp32
 70
     1
102
RTVSPost2010Prop33
280
     0
102
RTVSPost2010PropOp33
 70
     1
102
RTVSPost2010Prop34
280
     0
102
RTVSPost2010PropOp34
 70
     1
102
RTVSPost2010Prop35
280
     0
102
RTVSPost2010PropOp35
 70
     1
102
RTVSPost2010Prop36
280
     0
102
RTVSPost2010PropOp36
 70
     1
102
RTVSPost2010Prop37
 90
       50
102
RTVSPost2010PropOp37
 70
     1
102
RTVSPost2010Prop38
140
0.0
102
RTVSPost2010PropOp38
 70
     1
102
RTVSPost2010Prop39
140
1.0
102
RTVSPost2010PropOp39
 70
     1
102
RTVSPost2010Prop40
 90
        0
102
RTVSPost2010PropOp40
 70
     1
102
RTVSPost2010Prop41ColorIndex
 90
       18
102
RTVSPost2010Prop41ColorRGB
 90
        0
102
RTVSPost2010PropOp41
 70
     1
102
RTVSPost2010Prop42
 90
       50
102
RTVSPost2010PropOp42
 70
     1
102
RTVSPost2010Prop43
 90
        3
102
RTVSPost2010PropOp43
 70
     1
102
RTVSPost2010Prop44ColorIndex
 90
        5
102
RTVSPost2010Prop44ColorRGB
 90
      255
102
RTVSPost2010PropOp44
 70
     1
102
RTVSPost2010Prop45
280
     0
102
RTVSPost2010PropOp45
 70
     1
102
RTVSPost2010Prop46
 90
       50
102
RTVSPost2010PropOp46
 70
     1
102
RTVSPost2010Prop47
 90
       50
102
RTVSPost2010PropOp47
 70
     1
102
RTVSPost2010Prop48
 90
       50
102
RTVSPost2010PropOp48
 70
     1
102
RTVSPost2010Prop49
280
     0
102
RTVSPost2010PropOp49
 70
     1
102
RTVSPost2010Prop50
 90
       50
102
RTVSPost2010PropOp50
 70
     1
102
RTVSPost2010Prop51ColorIndex
 90
      256
102
RTVSPost2010Prop51ColorRGB
 90
-16777216
102
RTVSPost2010PropOp51
 70
     0
102
RTVSPost2010Prop52
140
1.0
102
RTVSPost2010PropOp52
 70
     0
102
RTVSPost2010Prop53
 90
        2
102
RTVSPost2010PropOp53
 70
     1
102
RTVSPost2010Prop54
  1
strokes_ogs.tif
102
RTVSPost2010PropOp54
 70
     1
102
RTVSPost2010Prop55
280
     0
102
RTVSPost2010PropOp55
 70
     1
102
RTVSPost2010Prop56
140
1.0
102
RTVSPost2010PropOp56
 70
     1
102
RTVSPost2010Prop57
140
1.0
102
RTVSPost2010PropOp57
 70
     1
  0
XRECORD
  5
23A30
102
{ACAD_REACTORS
330
23A2F
102
}
330
23A2F
100
AcDbXrecord
280
     1
102
RTVSPropertyOp0
 70
     1
102
RTVSPropertyOp1
 70
     1
102
RTVSPropertyOp2
 70
     1
102
RTVSPropertyOp3
 70
     1
102
RTVSPropertyOp4
 70
     1
102
RTVSPropertyOp5
 70
     1
102
RTVSPropertyOp6
 70
     1
102
RTVSPropertyOp7
 70
     1
102
RTVSPropertyOp8
 70
     1
102
RTVSPropertyOp9
 70
     1
102
RTVSPropertyOp10
 70
     1
102
RTVSPropertyOp11
 70
     1
102
RTVSPropertyOp12
 70
     1
102
RTVSPropertyOp13
 70
     1
102
RTVSPropertyOp14
 70
     1
102
RTVSPropertyOp15
 70
     1
102
RTVSPropertyOp16
 70
     1
102
RTVSPropertyOp17
 70
     1
102
RTVSPropertyOp18
 70
     1
102
RTVSPropertyOp19
 70
     1
102
RTVSPropertyOp20
 70
     1
102
RTVSPropertyOp21
 70
     1
102
RTVSPropertyOp22
 70
     1
102
RTVSPropertyOp23
 70
     1
102
RTVSPropertyOp24
 70
     1
102
RTVSPropertyOp25
 70
     1
102
RTVSPropertyOp26
 70
     1
102
RTVSPropertyOp27
 70
     1
102
RTVSPropertyOp28
 70
     1
102
RTVSPropertyOp29
 70
     1
102
RTVSPropertyOp30
 70
     1
102
RTVSPropertyOp31
 70
     1
102
RTVSPropertyOp32
 70
     1
102
RTVSPropertyOp33
 70
     1
102
RTVSPropertyOp34
 70
     1
102
RTVSPropertyOp35
 70
     1
102
RTVSPropertyOp36
 70
     1
102
RTVSPropertyOp37
 70
     1
102
RTVSPropertyOp38
 70
     1
102
RTVSPropertyOp39
 70
     1
102
RTVSPropertyOp40
 70
     1
102
RTVSPropertyOp41
 70
     1
102
RTVSPropertyOp42
 70
     1
102
RTVSPropertyOp43
 70
     1
102
RTVSPropertyOp44
 70
     1
102
RTVSPropertyOp45
 70
     1
102
RTVSPropertyOp46
 70
     1
102
RTVSPropertyOp47
 70
     1
102
RTVSPropertyOp48
 70
     1
102
RTVSPropertyOp49
 70
     1
102
RTVSPropertyOp50
 70
     1
102
RTVSPropertyOp51
 70
     0
102
RTVSPropertyOp52
 70
     0
102
RTVSPropertyOp53
 70
     1
102
RTVSPropertyOp54
 70
     1
102
RTVSPropertyOp55
 70
     1
102
RTVSPropertyOp56
 70
     1
102
RTVSPropertyOp57
 70
     1
102
RTVSPost2010Prop28
280
     0
102
RTVSPost2010PropOp28
 70
     1
102
RTVSPost2010Prop29
280
     1
102
RTVSPost2010PropOp29
 70
     1
102
RTVSPost2010Prop30
280
     1
102
RTVSPost2010PropOp30
 70
     1
102
RTVSPost2010Prop31
280
     0
102
RTVSPost2010PropOp31
 70
     1
102
RTVSPost2010Prop32
280
     0
102
RTVSPost2010PropOp32
 70
     1
102
RTVSPost2010Prop33
280
     0
102
RTVSPost2010PropOp33
 70
     1
102
RTVSPost2010Prop34
280
     0
102
RTVSPost2010PropOp34
 70
     1
102
RTVSPost2010Prop35
280
     0
102
RTVSPost2010PropOp35
 70
     1
102
RTVSPost2010Prop36
280
     0
102
RTVSPost2010PropOp36
 70
     1
102
RTVSPost2010Prop37
 90
       50
102
RTVSPost2010PropOp37
 70
     1
102
RTVSPost2010Prop38
140
0.0
102
RTVSPost2010PropOp38
 70
     1
102
RTVSPost2010Prop39
140
1.0
102
RTVSPost2010PropOp39
 70
     1
102
RTVSPost2010Prop40
 90
        0
102
RTVSPost2010PropOp40
 70
     1
102
RTVSPost2010Prop41ColorIndex
 90
       18
102
RTVSPost2010Prop41ColorRGB
 90
        0
102
RTVSPost2010PropOp41
 70
     1
102
RTVSPost2010Prop42
 90
       50
102
RTVSPost2010PropOp42
 70
     1
102
RTVSPost2010Prop43
 90
        3
102
RTVSPost2010PropOp43
 70
     1
102
RTVSPost2010Prop44ColorIndex
 90
        5
102
RTVSPost2010Prop44ColorRGB
 90
      255
102
RTVSPost2010PropOp44
 70
     1
102
RTVSPost2010Prop45
280
     0
102
RTVSPost2010PropOp45
 70
     1
102
RTVSPost2010Prop46
 90
       50
102
RTVSPost2010PropOp46
 70
     1
102
RTVSPost2010Prop47
 90
       50
102
RTVSPost2010PropOp47
 70
     1
102
RTVSPost2010Prop48
 90
       50
102
RTVSPost2010PropOp48
 70
     1
102
RTVSPost2010Prop49
280
     0
102
RTVSPost2010PropOp49
 70
     1
102
RTVSPost2010Prop50
 90
       50
102
RTVSPost2010PropOp50
 70
     1
102
RTVSPost2010Prop51ColorIndex
 90
      256
102
RTVSPost2010Prop51ColorRGB
 90
-16777216
102
RTVSPost2010PropOp51
 70
     0
102
RTVSPost2010Prop52
140
1.0
102
RTVSPost2010PropOp52
 70
     0
102
RTVSPost2010Prop53
 90
        2
102
RTVSPost2010PropOp53
 70
     1
102
RTVSPost2010Prop54
  1
strokes_ogs.tif
102
RTVSPost2010PropOp54
 70
     1
102
RTVSPost2010Prop55
280
     0
102
RTVSPost2010PropOp55
 70
     1
102
RTVSPost2010Prop56
140
1.0
102
RTVSPost2010PropOp56
 70
     1
102
RTVSPost2010Prop57
140
1.0
102
RTVSPost2010PropOp57
 70
     1
  0
XRECORD
  5
23A32
102
{ACAD_REACTORS
330
23A31
102
}
330
23A31
100
AcDbXrecord
280
     1
102
RTVSPropertyOp0
 70
     1
102
RTVSPropertyOp1
 70
     1
102
RTVSPropertyOp2
 70
     1
102
RTVSPropertyOp3
 70
     1
102
RTVSPropertyOp4
 70
     1
102
RTVSPropertyOp5
 70
     1
102
RTVSPropertyOp6
 70
     1
102
RTVSPropertyOp7
 70
     1
102
RTVSPropertyOp8
 70
     1
102
RTVSPropertyOp9
 70
     1
102
RTVSPropertyOp10
 70
     1
102
RTVSPropertyOp11
 70
     1
102
RTVSPropertyOp12
 70
     1
102
RTVSPropertyOp13
 70
     1
102
RTVSPropertyOp14
 70
     1
102
RTVSPropertyOp15
 70
     1
102
RTVSPropertyOp16
 70
     1
102
RTVSPropertyOp17
 70
     1
102
RTVSPropertyOp18
 70
     1
102
RTVSPropertyOp19
 70
     1
102
RTVSPropertyOp20
 70
     1
102
RTVSPropertyOp21
 70
     1
102
RTVSPropertyOp22
 70
     1
102
RTVSPropertyOp23
 70
     1
102
RTVSPropertyOp24
 70
     1
102
RTVSPropertyOp25
 70
     1
102
RTVSPropertyOp26
 70
     1
102
RTVSPropertyOp27
 70
     1
102
RTVSPropertyOp28
 70
     1
102
RTVSPropertyOp29
 70
     1
102
RTVSPropertyOp30
 70
     1
102
RTVSPropertyOp31
 70
     1
102
RTVSPropertyOp32
 70
     1
102
RTVSPropertyOp33
 70
     1
102
RTVSPropertyOp34
 70
     1
102
RTVSPropertyOp35
 70
     1
102
RTVSPropertyOp36
 70
     1
102
RTVSPropertyOp37
 70
     1
102
RTVSPropertyOp38
 70
     1
102
RTVSPropertyOp39
 70
     1
102
RTVSPropertyOp40
 70
     1
102
RTVSPropertyOp41
 70
     1
102
RTVSPropertyOp42
 70
     1
102
RTVSPropertyOp43
 70
     1
102
RTVSPropertyOp44
 70
     1
102
RTVSPropertyOp45
 70
     1
102
RTVSPropertyOp46
 70
     1
102
RTVSPropertyOp47
 70
     1
102
RTVSPropertyOp48
 70
     1
102
RTVSPropertyOp49
 70
     1
102
RTVSPropertyOp50
 70
     1
102
RTVSPropertyOp51
 70
     0
102
RTVSPropertyOp52
 70
     0
102
RTVSPropertyOp53
 70
     1
102
RTVSPropertyOp54
 70
     1
102
RTVSPropertyOp55
 70
     1
102
RTVSPropertyOp56
 70
     1
102
RTVSPropertyOp57
 70
     1
102
RTVSPost2010Prop28
280
     0
102
RTVSPost2010PropOp28
 70
     1
102
RTVSPost2010Prop29
280
     1
102
RTVSPost2010PropOp29
 70
     1
102
RTVSPost2010Prop30
280
     1
102
RTVSPost2010PropOp30
 70
     1
102
RTVSPost2010Prop31
280
     0
102
RTVSPost2010PropOp31
 70
     1
102
RTVSPost2010Prop32
280
     0
102
RTVSPost2010PropOp32
 70
     1
102
RTVSPost2010Prop33
280
     0
102
RTVSPost2010PropOp33
 70
     1
102
RTVSPost2010Prop34
280
     0
102
RTVSPost2010PropOp34
 70
     1
102
RTVSPost2010Prop35
280
     0
102
RTVSPost2010PropOp35
 70
     1
102
RTVSPost2010Prop36
280
     0
102
RTVSPost2010PropOp36
 70
     1
102
RTVSPost2010Prop37
 90
       50
102
RTVSPost2010PropOp37
 70
     1
102
RTVSPost2010Prop38
140
0.0
102
RTVSPost2010PropOp38
 70
     1
102
RTVSPost2010Prop39
140
1.0
102
RTVSPost2010PropOp39
 70
     1
102
RTVSPost2010Prop40
 90
        0
102
RTVSPost2010PropOp40
 70
     1
102
RTVSPost2010Prop41ColorIndex
 90
       18
102
RTVSPost2010Prop41ColorRGB
 90
        0
102
RTVSPost2010PropOp41
 70
     1
102
RTVSPost2010Prop42
 90
       50
102
RTVSPost2010PropOp42
 70
     1
102
RTVSPost2010Prop43
 90
        3
102
RTVSPost2010PropOp43
 70
     1
102
RTVSPost2010Prop44ColorIndex
 90
        5
102
RTVSPost2010Prop44ColorRGB
 90
      255
102
RTVSPost2010PropOp44
 70
     1
102
RTVSPost2010Prop45
280
     0
102
RTVSPost2010PropOp45
 70
     1
102
RTVSPost2010Prop46
 90
       50
102
RTVSPost2010PropOp46
 70
     1
102
RTVSPost2010Prop47
 90
       50
102
RTVSPost2010PropOp47
 70
     1
102
RTVSPost2010Prop48
 90
       50
102
RTVSPost2010PropOp48
 70
     1
102
RTVSPost2010Prop49
280
     0
102
RTVSPost2010PropOp49
 70
     1
102
RTVSPost2010Prop50
 90
       50
102
RTVSPost2010PropOp50
 70
     1
102
RTVSPost2010Prop51ColorIndex
 90
      256
102
RTVSPost2010Prop51ColorRGB
 90
-16777216
102
RTVSPost2010PropOp51
 70
     0
102
RTVSPost2010Prop52
140
1.0
102
RTVSPost2010PropOp52
 70
     0
102
RTVSPost2010Prop53
 90
        2
102
RTVSPost2010PropOp53
 70
     1
102
RTVSPost2010Prop54
  1
strokes_ogs.tif
102
RTVSPost2010PropOp54
 70
     1
102
RTVSPost2010Prop55
280
     0
102
RTVSPost2010PropOp55
 70
     1
102
RTVSPost2010Prop56
140
1.0
102
RTVSPost2010PropOp56
 70
     1
102
RTVSPost2010Prop57
140
1.0
102
RTVSPost2010PropOp57
 70
     1
  0
XRECORD
  5
23A34
102
{ACAD_REACTORS
330
23A33
102
}
330
23A33
100
AcDbXrecord
280
     1
102
RTVSPropertyOp0
 70
     1
102
RTVSPropertyOp1
 70
     1
102
RTVSPropertyOp2
 70
     1
102
RTVSPropertyOp3
 70
     1
102
RTVSPropertyOp4
 70
     1
102
RTVSPropertyOp5
 70
     1
102
RTVSPropertyOp6
 70
     1
102
RTVSPropertyOp7
 70
     1
102
RTVSPropertyOp8
 70
     1
102
RTVSPropertyOp9
 70
     1
102
RTVSPropertyOp10
 70
     1
102
RTVSPropertyOp11
 70
     1
102
RTVSPropertyOp12
 70
     1
102
RTVSPropertyOp13
 70
     1
102
RTVSPropertyOp14
 70
     1
102
RTVSPropertyOp15
 70
     1
102
RTVSPropertyOp16
 70
     1
102
RTVSPropertyOp17
 70
     1
102
RTVSPropertyOp18
 70
     1
102
RTVSPropertyOp19
 70
     1
102
RTVSPropertyOp20
 70
     1
102
RTVSPropertyOp21
 70
     1
102
RTVSPropertyOp22
 70
     1
102
RTVSPropertyOp23
 70
     1
102
RTVSPropertyOp24
 70
     1
102
RTVSPropertyOp25
 70
     1
102
RTVSPropertyOp26
 70
     1
102
RTVSPropertyOp27
 70
     1
102
RTVSPropertyOp28
 70
     1
102
RTVSPropertyOp29
 70
     1
102
RTVSPropertyOp30
 70
     1
102
RTVSPropertyOp31
 70
     1
102
RTVSPropertyOp32
 70
     1
102
RTVSPropertyOp33
 70
     1
102
RTVSPropertyOp34
 70
     1
102
RTVSPropertyOp35
 70
     1
102
RTVSPropertyOp36
 70
     1
102
RTVSPropertyOp37
 70
     1
102
RTVSPropertyOp38
 70
     1
102
RTVSPropertyOp39
 70
     1
102
RTVSPropertyOp40
 70
     1
102
RTVSPropertyOp41
 70
     1
102
RTVSPropertyOp42
 70
     1
102
RTVSPropertyOp43
 70
     1
102
RTVSPropertyOp44
 70
     1
102
RTVSPropertyOp45
 70
     1
102
RTVSPropertyOp46
 70
     1
102
RTVSPropertyOp47
 70
     1
102
RTVSPropertyOp48
 70
     1
102
RTVSPropertyOp49
 70
     1
102
RTVSPropertyOp50
 70
     1
102
RTVSPropertyOp51
 70
     0
102
RTVSPropertyOp52
 70
     0
102
RTVSPropertyOp53
 70
     1
102
RTVSPropertyOp54
 70
     1
102
RTVSPropertyOp55
 70
     1
102
RTVSPropertyOp56
 70
     1
102
RTVSPropertyOp57
 70
     1
102
RTVSPost2010Prop28
280
     0
102
RTVSPost2010PropOp28
 70
     1
102
RTVSPost2010Prop29
280
     1
102
RTVSPost2010PropOp29
 70
     1
102
RTVSPost2010Prop30
280
     1
102
RTVSPost2010PropOp30
 70
     1
102
RTVSPost2010Prop31
280
     0
102
RTVSPost2010PropOp31
 70
     1
102
RTVSPost2010Prop32
280
     0
102
RTVSPost2010PropOp32
 70
     1
102
RTVSPost2010Prop33
280
     0
102
RTVSPost2010PropOp33
 70
     1
102
RTVSPost2010Prop34
280
     0
102
RTVSPost2010PropOp34
 70
     1
102
RTVSPost2010Prop35
280
     0
102
RTVSPost2010PropOp35
 70
     1
102
RTVSPost2010Prop36
280
     0
102
RTVSPost2010PropOp36
 70
     1
102
RTVSPost2010Prop37
 90
       50
102
RTVSPost2010PropOp37
 70
     1
102
RTVSPost2010Prop38
140
0.0
102
RTVSPost2010PropOp38
 70
     1
102
RTVSPost2010Prop39
140
1.0
102
RTVSPost2010PropOp39
 70
     1
102
RTVSPost2010Prop40
 90
        0
102
RTVSPost2010PropOp40
 70
     1
102
RTVSPost2010Prop41ColorIndex
 90
       18
102
RTVSPost2010Prop41ColorRGB
 90
        0
102
RTVSPost2010PropOp41
 70
     1
102
RTVSPost2010Prop42
 90
       50
102
RTVSPost2010PropOp42
 70
     1
102
RTVSPost2010Prop43
 90
        3
102
RTVSPost2010PropOp43
 70
     1
102
RTVSPost2010Prop44ColorIndex
 90
        5
102
RTVSPost2010Prop44ColorRGB
 90
      255
102
RTVSPost2010PropOp44
 70
     1
102
RTVSPost2010Prop45
280
     0
102
RTVSPost2010PropOp45
 70
     1
102
RTVSPost2010Prop46
 90
       50
102
RTVSPost2010PropOp46
 70
     1
102
RTVSPost2010Prop47
 90
       50
102
RTVSPost2010PropOp47
 70
     1
102
RTVSPost2010Prop48
 90
       50
102
RTVSPost2010PropOp48
 70
     1
102
RTVSPost2010Prop49
280
     0
102
RTVSPost2010PropOp49
 70
     1
102
RTVSPost2010Prop50
 90
       50
102
RTVSPost2010PropOp50
 70
     1
102
RTVSPost2010Prop51ColorIndex
 90
      256
102
RTVSPost2010Prop51ColorRGB
 90
-16777216
102
RTVSPost2010PropOp51
 70
     0
102
RTVSPost2010Prop52
140
1.0
102
RTVSPost2010PropOp52
 70
     0
102
RTVSPost2010Prop53
 90
        2
102
RTVSPost2010PropOp53
 70
     1
102
RTVSPost2010Prop54
  1
strokes_ogs.tif
102
RTVSPost2010PropOp54
 70
     1
102
RTVSPost2010Prop55
280
     0
102
RTVSPost2010PropOp55
 70
     1
102
RTVSPost2010Prop56
140
1.0
102
RTVSPost2010PropOp56
 70
     1
102
RTVSPost2010Prop57
140
1.0
102
RTVSPost2010PropOp57
 70
     1
  0
ENDSEC
  0
EOF
