  0
SECTION
  2
HEADER
  9
$ACADVER
  1
AC1015
  9
$ACADMAINTVER
 70
    20
  9
$DWGCODEPAGE
  3
ANSI_936
  9
$INSBASE
 10
0.0
 20
0.0
 30
0.0
  9
$EXTMIN
 10
134.4384073300512
 20
289.8445043115527
 30
0.0
  9
$EXTMAX
 10
1546.732520919959
 20
1280.9280927957
 30
0.0
  9
$LIMMIN
 10
0.0
 20
0.0
  9
$LIMMAX
 10
420.0
 20
297.0
  9
$ORTHOMODE
 70
     0
  9
$REGENMODE
 70
     1
  9
$FILLMODE
 70
     1
  9
$QTEXTMODE
 70
     0
  9
$MIRRTEXT
 70
     0
  9
$LTSCALE
 40
1.0
  9
$ATTMODE
 70
     1
  9
$TEXTSIZE
 40
2.5
  9
$TRACEWID
 40
1.0
  9
$TEXTSTYLE
  7
Standard
  9
$CLAYER
  8
0
  9
$CELTYPE
  6
ByLayer
  9
$CECOLOR
 62
   256
  9
$CELTSCALE
 40
1.0
  9
$DISPSILH
 70
     0
  9
$DIMSCALE
 40
1.0
  9
$DIMASZ
 40
2.5
  9
$DIMEXO
 40
0.625
  9
$DIMDLI
 40
3.75
  9
$DIMRND
 40
0.0
  9
$DIMDLE
 40
0.0
  9
$DIMEXE
 40
1.25
  9
$DIMTP
 40
0.0
  9
$DIMTM
 40
0.0
  9
$DIMTXT
 40
2.5
  9
$DIMCEN
 40
2.5
  9
$DIMTSZ
 40
0.0
  9
$DIMTOL
 70
     0
  9
$DIMLIM
 70
     0
  9
$DIMTIH
 70
     0
  9
$DIMTOH
 70
     0
  9
$DIMSE1
 70
     0
  9
$DIMSE2
 70
     0
  9
$DIMTAD
 70
     1
  9
$DIMZIN
 70
     8
  9
$DIMBLK
  1

  9
$DIMASO
 70
     1
  9
$DIMSHO
 70
     1
  9
$DIMPOST
  1

  9
$DIMAPOST
  1

  9
$DIMALT
 70
     0
  9
$DIMALTD
 70
     3
  9
$DIMALTF
 40
0.03937007874016
  9
$DIMLFAC
 40
1.0
  9
$DIMTOFL
 70
     1
  9
$DIMTVP
 40
0.0
  9
$DIMTIX
 70
     0
  9
$DIMSOXD
 70
     0
  9
$DIMSAH
 70
     0
  9
$DIMBLK1
  1

  9
$DIMBLK2
  1

  9
$DIMSTYLE
  2
ISO-25
  9
$DIMCLRD
 70
     0
  9
$DIMCLRE
 70
     0
  9
$DIMCLRT
 70
     0
  9
$DIMTFAC
 40
1.0
  9
$DIMGAP
 40
0.625
  9
$DIMJUST
 70
     0
  9
$DIMSD1
 70
     0
  9
$DIMSD2
 70
     0
  9
$DIMTOLJ
 70
     0
  9
$DIMTZIN
 70
     8
  9
$DIMALTZ
 70
     0
  9
$DIMALTTZ
 70
     0
  9
$DIMUPT
 70
     0
  9
$DIMDEC
 70
     2
  9
$DIMTDEC
 70
     2
  9
$DIMALTU
 70
     2
  9
$DIMALTTD
 70
     3
  9
$DIMTXSTY
  7
Standard
  9
$DIMAUNIT
 70
     0
  9
$DIMADEC
 70
     0
  9
$DIMALTRND
 40
0.0
  9
$DIMAZIN
 70
     0
  9
$DIMDSEP
 70
    44
  9
$DIMATFIT
 70
     3
  9
$DIMFRAC
 70
     0
  9
$DIMLDRBLK
  1

  9
$DIMLUNIT
 70
     2
  9
$DIMLWD
 70
    -2
  9
$DIMLWE
 70
    -2
  9
$DIMTMOVE
 70
     0
  9
$LUNITS
 70
     2
  9
$LUPREC
 70
     4
  9
$SKETCHINC
 40
1.0
  9
$FILLETRAD
 40
0.0
  9
$AUNITS
 70
     0
  9
$AUPREC
 70
     0
  9
$MENU
  1
.
  9
$ELEVATION
 40
0.0
  9
$PELEVATION
 40
0.0
  9
$THICKNESS
 40
0.0
  9
$LIMCHECK
 70
     0
  9
$CHAMFERA
 40
0.0
  9
$CHAMFERB
 40
0.0
  9
$CHAMFERC
 40
0.0
  9
$CHAMFERD
 40
0.0
  9
$SKPOLY
 70
     0
  9
$TDCREATE
 40
2460425.662098565
  9
$TDUCREATE
 40
2460425.328765232
  9
$TDUPDATE
 40
2461244.419145266
  9
$TDUUPDATE
 40
2461244.085811933
  9
$TDINDWG
 40
0.002849479
  9
$TDUSRTIMER
 40
0.002848646
  9
$USRTIMER
 70
     1
  9
$ANGBASE
 50
0.0
  9
$ANGDIR
 70
     0
  9
$PDMODE
 70
     0
  9
$PDSIZE
 40
0.0
  9
$PLINEWID
 40
0.0
  9
$SPLFRAME
 70
     0
  9
$SPLINETYPE
 70
     6
  9
$SPLINESEGS
 70
     8
  9
$HANDSEED
  5
CD3
  9
$SURFTAB1
 70
     6
  9
$SURFTAB2
 70
     6
  9
$SURFTYPE
 70
     6
  9
$SURFU
 70
     6
  9
$SURFV
 70
     6
  9
$UCSBASE
  2

  9
$UCSNAME
  2

  9
$UCSORG
 10
0.0
 20
0.0
 30
0.0
  9
$UCSXDIR
 10
1.0
 20
0.0
 30
0.0
  9
$UCSYDIR
 10
0.0
 20
1.0
 30
0.0
  9
$UCSORTHOREF
  2

  9
$UCSORTHOVIEW
 70
     0
  9
$UCSORGTOP
 10
0.0
 20
0.0
 30
0.0
  9
$UCSORGBOTTOM
 10
0.0
 20
0.0
 30
0.0
  9
$UCSORGLEFT
 10
0.0
 20
0.0
 30
0.0
  9
$UCSORGRIGHT
 10
0.0
 20
0.0
 30
0.0
  9
$UCSORGFRONT
 10
0.0
 20
0.0
 30
0.0
  9
$UCSORGBACK
 10
0.0
 20
0.0
 30
0.0
  9
$PUCSBASE
  2

  9
$PUCSNAME
  2

  9
$PUCSORG
 10
0.0
 20
0.0
 30
0.0
  9
$PUCSXDIR
 10
1.0
 20
0.0
 30
0.0
  9
$PUCSYDIR
 10
0.0
 20
1.0
 30
0.0
  9
$PUCSORTHOREF
  2

  9
$PUCSORTHOVIEW
 70
     0
  9
$PUCSORGTOP
 10
0.0
 20
0.0
 30
0.0
  9
$PUCSORGBOTTOM
 10
0.0
 20
0.0
 30
0.0
  9
$PUCSORGLEFT
 10
0.0
 20
0.0
 30
0.0
  9
$PUCSORGRIGHT
 10
0.0
 20
0.0
 30
0.0
  9
$PUCSORGFRONT
 10
0.0
 20
0.0
 30
0.0
  9
$PUCSORGBACK
 10
0.0
 20
0.0
 30
0.0
  9
$USERI1
 70
     0
  9
$USERI2
 70
     0
  9
$USERI3
 70
     0
  9
$USERI4
 70
     0
  9
$USERI5
 70
     0
  9
$USERR1
 40
0.0
  9
$USERR2
 40
0.0
  9
$USERR3
 40
0.0
  9
$USERR4
 40
0.0
  9
$USERR5
 40
0.0
  9
$WORLDVIEW
 70
     1
  9
$SHADEDGE
 70
     3
  9
$SHADEDIF
 70
    70
  9
$TILEMODE
 70
     1
  9
$MAXACTVP
 70
    64
  9
$PINSBASE
 10
0.0
 20
0.0
 30
0.0
  9
$PLIMCHECK
 70
     0
  9
$PEXTMIN
 10
0.0
 20
0.0
 30
0.0
  9
$PEXTMAX
 10
0.0
 20
0.0
 30
0.0
  9
$PLIMMIN
 10
0.0
 20
0.0
  9
$PLIMMAX
 10
12.0
 20
9.0
  9
$UNITMODE
 70
     0
  9
$VISRETAIN
 70
     1
  9
$PLINEGEN
 70
     0
  9
$PSLTSCALE
 70
     1
  9
$TREEDEPTH
 70
  3020
  9
$CMLSTYLE
  2
Standard
  9
$CMLJUST
 70
     0
  9
$CMLSCALE
 40
20.0
  9
$PROXYGRAPHICS
 70
     1
  9
$MEASUREMENT
 70
     1
  9
$CELWEIGHT
370
    -1
  9
$ENDCAPS
280
     0
  9
$JOINSTYLE
280
     0
  9
$LWDISPLAY
290
     0
  9
$INSUNITS
 70
     4
  9
$HYPERLINKBASE
  1

  9
$STYLESHEET
  1

  9
$XEDIT
290
     1
  9
$CEPSNTYPE
380
     0
  9
$PSTYLEMODE
290
     1
  9
$FINGERPRINTGUID
  2
{8335F24C-6742-4BE3-B276-D77F0BD06D1D}
  9
$VERSIONGUID
  2
{820D8D65-DB2C-4B0A-9DE3-99F376922BE4}
  9
$EXTNAMES
290
     1
  9
$PSVPSCALE
 40
0.0
  9
$OLESTARTUP
290
     0
  0
ENDSEC
  0
SECTION
  2
CLASSES
  0
CLASS
  1
ACDBDICTIONARYWDFLT
  2
AcDbDictionaryWithDefault
  3
ObjectDBX Classes
 90
        0
280
     0
281
     0
  0
CLASS
  1
ACDBPLACEHOLDER
  2
AcDbPlaceHolder
  3
ObjectDBX Classes
 90
    32768
280
     0
281
     0
  0
CLASS
  1
LAYOUT
  2
AcDbLayout
  3
ObjectDBX Classes
 90
    32768
280
     0
281
     0
  0
CLASS
  1
DICTIONARYVAR
  2
AcDbDictionaryVar
  3
ObjectDBX Classes
 90
        0
280
     0
281
     0
  0
CLASS
  1
TABLESTYLE
  2
AcDbTableStyle
  3
ObjectDBX Classes
 90
     4095
280
     0
281
     0
  0
CLASS
  1
WIPEOUTVARIABLES
  2
AcDbWipeoutVariables
  3
"WipeOut|Product Desc:     WipeOut Dbx Application|Company:          Autodesk, Inc.|WEB Address:      www.autodesk.com"
 90
    32768
280
     0
281
     0
  0
CLASS
  1
SCALE
  2
AcDbScale
  3
ObjectDBX Classes
 90
     1153
280
     0
281
     0
  0
CLASS
  1
MLEADERSTYLE
  2
AcDbMLeaderStyle
  3
ACDB_MLEADERSTYLE_CLASS
 90
     4095
280
     0
281
     0
  0
CLASS
  1
MATERIAL
  2
AcDbMaterial
  3
ObjectDBX Classes
 90
     1153
280
     0
281
     0
  0
CLASS
  1
VISUALSTYLE
  2
AcDbVisualStyle
  3
ObjectDBX Classes
 90
     4095
280
     0
281
     0
  0
CLASS
  1
ACDBSECTIONVIEWSTYLE
  2
AcDbSectionViewStyle
  3
ObjectDBX Classes
 90
     1025
280
     0
281
     0
  0
CLASS
  1
ACDBDETAILVIEWSTYLE
  2
AcDbDetailViewStyle
  3
ObjectDBX Classes
 90
     1025
280
     0
281
     0
  0
CLASS
  1
CELLSTYLEMAP
  2
AcDbCellStyleMap
  3
ObjectDBX Classes
 90
     1152
280
     0
281
     0
  0
CLASS
  1
SORTENTSTABLE
  2
AcDbSortentsTable
  3
ObjectDBX Classes
 90
        0
280
     0
281
     0
  0
CLASS
  1
DIMASSOC
  2
AcDbDimAssoc
  3
ZcDbDimAssoc ObjectDBX Classes
 90
        0
280
     0
281
     0
  0
CLASS
  1
ACDBPLACEHOLDER
  2
AcDbPlaceHolder
  3
ObjectDBX Classes
 90
    32768
280
     0
281
     0
  0
CLASS
  1
LAYOUT
  2
AcDbLayout
  3
ObjectDBX Classes
 90
    32768
280
     0
281
     0
  0
CLASS
  1
ACDBPLACEHOLDER
  2
AcDbPlaceHolder
  3
ObjectDBX Classes
 90
    32768
280
     0
281
     0
  0
CLASS
  1
LAYOUT
  2
AcDbLayout
  3
ObjectDBX Classes
 90
    32768
280
     0
281
     0
  0
CLASS
  1
ZRXEBBLOCKEDITORCUSTOBJ
  2
CZrxEbBlockEditorObject
  3
CZrxEbBlockEditorObject
 90
     1024
280
     0
281
     0
  0
CLASS
  1
ACAD_EVALUATION_GRAPH
  2
AcDbEvalGraph
  3
ObjectDBX Classes
 90
     1153
280
     0
281
     0
  0
CLASS
  1
ACDB_DYNAMICBLOCKPURGEPREVENTER_VERSION
  2
AcDbDynamicBlockPurgePreventer
  3
ObjectDBX Classes
 90
     1153
280
     0
281
     0
  0
CLASS
  1
ACDBPLACEHOLDER
  2
AcDbPlaceHolder
  3
ObjectDBX Classes
 90
        0
280
     0
281
     0
  0
CLASS
  1
LAYOUT
  2
AcDbLayout
  3
ObjectDBX Classes
 90
        0
280
     0
281
     0
  0
ENDSEC
  0
SECTION
  2
TABLES
  0
TABLE
  2
VPORT
  5
8
102
{ACAD_XDICTIONARY
360
ACC
102
}
330
0
100
AcDbSymbolTable
 70
     1
  0
VPORT
  5
1CC
330
8
100
AcDbSymbolTableRecord
100
AcDbViewportTableRecord
  2
*Active
 70
     0
 10
0.0
 20
0.0
 11
1.0
 21
1.0
 12
1727.756351755928
 22
396.8080405218326
 13
0.0
 23
0.0
 14
10.0
 24
10.0
 15
10.0
 25
10.0
 16
0.0
 26
0.0
 36
1.0
 17
0.0
 27
0.0
 37
0.0
 40
1589.718437177358
 41
1.636152055857253
 42
50.0
 43
0.0
 44
0.0
 50
0.0
 51
0.0
 71
    16
 72
  1000
 73
     1
 74
     3
 75
     0
 76
     1
 77
     0
 78
     0
281
     0
 65
     1
110
0.0
120
0.0
130
0.0
111
1.0
121
0.0
131
0.0
112
0.0
122
1.0
132
0.0
 79
     0
146
0.0
1001
ACAD_NAV_VCDISPLAY
1070
     3
  0
ENDTAB
  0
TABLE
  2
LTYPE
  5
5
330
0
100
AcDbSymbolTable
 70
     3
  0
LTYPE
  5
14
330
5
100
AcDbSymbolTableRecord
100
AcDbLinetypeTableRecord
  2
ByBlock
 70
     0
  3

 72
    65
 73
     0
 40
0.0
  0
LTYPE
  5
15
330
5
100
AcDbSymbolTableRecord
100
AcDbLinetypeTableRecord
  2
ByLayer
 70
     0
  3

 72
    65
 73
     0
 40
0.0
  0
LTYPE
  5
16
330
5
100
AcDbSymbolTableRecord
100
AcDbLinetypeTableRecord
  2
Continuous
 70
     0
  3
Solid line
 72
    65
 73
     0
 40
0.0
  0
LTYPE
  5
3EF
330
5
100
AcDbSymbolTableRecord
100
AcDbLinetypeTableRecord
  2
PHANTOM2
 70
     0
  3
Phantom (.5x) ___ _ _ ___ _ _ ___ _ _ ___ _ _
 72
    65
 73
     6
 40
1.25
 49
0.625
 74
     0
 49
-0.125
 74
     0
 49
0.125
 74
     0
 49
-0.125
 74
     0
 49
0.125
 74
     0
 49
-0.125
 74
     0
  0
LTYPE
  5
3F0
330
5
100
AcDbSymbolTableRecord
100
AcDbLinetypeTableRecord
  2
ACAD_ISO02W100
 70
     0
  3
ISO dash __ __ __ __ __ __ __ __ __ __ __ __ __
 72
    65
 73
     2
 40
15.0
 49
12.0
 74
     0
 49
-3.0
 74
     0
  0
ENDTAB
  0
TABLE
  2
LAYER
  5
2
102
{ACAD_XDICTIONARY
360
FA
102
}
330
0
100
AcDbSymbolTable
 70
     8
  0
LAYER
  5
10
102
{ACAD_XDICTIONARY
360
AC0
102
}
330
2
100
AcDbSymbolTableRecord
100
AcDbLayerTableRecord
  2
0
 70
     0
 62
     7
  6
Continuous
370
    -3
390
F
1071
 33554687
  0
LAYER
  5
3F1
102
{ACAD_XDICTIONARY
360
3F2
102
}
330
2
100
AcDbSymbolTableRecord
100
AcDbLayerTableRecord
  2
≥ﬂ¥ÁòÀ◊¢
 70
     0
 62
     1
  6
Continuous
370
    30
390
F
1071
 33554687
1001
AcadStringInfo
1000
MIFCodePage
1070
     2
  0
LAYER
  5
3F4
102
{ACAD_XDICTIONARY
360
3F5
102
}
330
2
100
AcDbSymbolTableRecord
100
AcDbLayerTableRecord
  2
ºöåçæÄ
 70
     0
 62
     1
  6
Continuous
370
    13
390
F
1071
 33554687
1001
AcadStringInfo
1000
MIFCodePage
1070
     2
  0
LAYER
  5
3F7
102
{ACAD_XDICTIONARY
360
3F8
102
}
330
2
100
AcDbSymbolTableRecord
100
AcDbLayerTableRecord
  2
Œƒ◊÷
 70
     0
 62
     3
  6
Continuous
370
    30
390
F
1071
 33554687
1001
AcadStringInfo
1000
MIFCodePage
1070
     2
  0
LAYER
  5
3FA
102
{ACAD_XDICTIONARY
360
3FB
102
}
330
2
100
AcDbSymbolTableRecord
100
AcDbLayerTableRecord
  2
—b”ÜÖ^”Ú
 70
     0
 62
     6
  6
PHANTOM2
290
     0
370
    13
390
F
1071
 33554687
1001
AcAecLayerStandard
1000

1000

1001
AcCmTransparency
1071
 33554687
1001
AcadStringInfo
1000
MIFCodePage
1070
     2
  0
LAYER
  5
3FD
102
{ACAD_XDICTIONARY
360
AC6
102
}
330
2
100
AcDbSymbolTableRecord
100
AcDbLayerTableRecord
  2
Defpoints
 70
     0
 62
     7
  6
Continuous
290
     0
370
    -3
390
F
1071
 33554687
  0
LAYER
  5
3FE
102
{ACAD_XDICTIONARY
360
AC8
102
}
330
2
100
AcDbSymbolTableRecord
100
AcDbLayerTableRecord
  2
CONT
 70
     0
 62
     7
  6
Continuous
370
    -3
390
F
1071
 33554687
1001
AcAecLayerStandard
1000

1000

  0
LAYER
  5
3FF
102
{ACAD_XDICTIONARY
360
ACA
102
}
330
2
100
AcDbSymbolTableRecord
100
AcDbLayerTableRecord
  2
1
 70
     0
 62
     7
  6
Continuous
370
    -3
390
F
1071
 33554687
  0
ENDTAB
  0
TABLE
  2
STYLE
  5
3
330
0
100
AcDbSymbolTable
 70
     5
  0
STYLE
  5
11
330
3
100
AcDbSymbolTableRecord
100
AcDbTextStyleTableRecord
  2
Standard
 70
     0
 40
0.0
 41
1.0
 50
0.0
 71
     0
 42
2.5
  3
arial.ttf
  4

1001
ACAD
1000
Arial
1071
       34
  0
STYLE
  5
23E
330
3
100
AcDbSymbolTableRecord
100
AcDbTextStyleTableRecord
  2
Annotative
 70
     0
 40
0.0
 41
1.0
 50
0.0
 71
     0
 42
2.5
  3
arial.ttf
  4

1001
AcadAnnotative
1000
AnnotativeData
1002
{
1070
     1
1070
     1
1002
}
1001
ACAD
1000
Arial
1071
       34
  0
STYLE
  5
400
330
3
100
AcDbSymbolTableRecord
100
AcDbTextStyleTableRecord
  2
DIM
 70
     0
 40
0.0
 41
0.7
 50
0.0
 71
     0
 42
0.2
  3
txt.shx
  4
chineset.shx
  0
STYLE
  5
401
330
3
100
AcDbSymbolTableRecord
100
AcDbTextStyleTableRecord
  2
style1
 70
     0
 40
0.0
 41
0.9
 50
0.0
 71
     0
 42
3.5
  3
PMingLiU.ttf
  4

1001
ACAD
1000
PMingLiU
1071
    34834
  0
STYLE
  5
402
330
3
100
AcDbSymbolTableRecord
100
AcDbTextStyleTableRecord
  2
0
 70
     0
 40
1.0
 41
1.0
 50
0.0
 71
     0
 42
0.2
  3
arial.ttf
  4

1001
ACAD
1000
Arial
1071
       34
  0
ENDTAB
  0
TABLE
  2
VIEW
  5
6
330
0
100
AcDbSymbolTable
 70
     0
  0
ENDTAB
  0
TABLE
  2
UCS
  5
7
330
0
100
AcDbSymbolTable
 70
     0
  0
ENDTAB
  0
TABLE
  2
APPID
  5
9
330
0
100
AcDbSymbolTable
 70
    17
  0
APPID
  5
12
330
9
100
AcDbSymbolTableRecord
100
AcDbRegAppTableRecord
  2
ACAD
 70
     0
  0
APPID
  5
F4
330
9
100
AcDbSymbolTableRecord
100
AcDbRegAppTableRecord
  2
ACAD_PSEXT
 70
     0
  0
APPID
  5
1A9
330
9
100
AcDbSymbolTableRecord
100
AcDbRegAppTableRecord
  2
ACAD_NAV_VCDISPLAY
 70
     0
  0
APPID
  5
23F
330
9
100
AcDbSymbolTableRecord
100
AcDbRegAppTableRecord
  2
AcadAnnoPO
 70
     0
  0
APPID
  5
240
330
9
100
AcDbSymbolTableRecord
100
AcDbRegAppTableRecord
  2
AcadAnnotative
 70
     0
  0
APPID
  5
242
330
9
100
AcDbSymbolTableRecord
100
AcDbRegAppTableRecord
  2
ACAD_DSTYLE_DIMJAG
 70
     0
  0
APPID
  5
243
330
9
100
AcDbSymbolTableRecord
100
AcDbRegAppTableRecord
  2
ACAD_DSTYLE_DIMBREAK
 70
     0
  0
APPID
  5
244
330
9
100
AcDbSymbolTableRecord
100
AcDbRegAppTableRecord
  2
ACAD_DSTYLE_DIMTALN
 70
     0
  0
APPID
  5
409
330
9
100
AcDbSymbolTableRecord
100
AcDbRegAppTableRecord
  2
ACAD_DSTYLE_DIMRADIAL_EXTENSION
 70
     0
  0
APPID
  5
40A
330
9
100
AcDbSymbolTableRecord
100
AcDbRegAppTableRecord
  2
AcAecLayerStandard
 70
     0
  0
APPID
  5
40B
330
9
100
AcDbSymbolTableRecord
100
AcDbRegAppTableRecord
  2
AcCmTransparency
 70
     0
  0
APPID
  5
40C
330
9
100
AcDbSymbolTableRecord
100
AcDbRegAppTableRecord
  2
AcadStringInfo
 70
     0
  0
APPID
  5
ABF
330
9
100
AcDbSymbolTableRecord
100
AcDbRegAppTableRecord
  2
ACAD_DSTYLE_DIMARC_LENGTH_SYMBOL
 70
     0
  0
APPID
  5
AD4
330
9
100
AcDbSymbolTableRecord
100
AcDbRegAppTableRecord
  2
ACAD_MLEADERVER
 70
     0
  0
APPID
  5
CA0
330
9
100
AcDbSymbolTableRecord
100
AcDbRegAppTableRecord
  2
ACAUTHENVIRON
 70
     0
  0
APPID
  5
CA4
330
9
100
AcDbSymbolTableRecord
100
AcDbRegAppTableRecord
  2
AcDbDynamicBlockTrueName
 70
     0
  0
APPID
  5
CA5
330
9
100
AcDbSymbolTableRecord
100
AcDbRegAppTableRecord
  2
AcDbDynamicBlockGUID
 70
     0
  0
ENDTAB
  0
TABLE
  2
DIMSTYLE
  5
A
330
0
100
AcDbSymbolTable
 70
     9
100
AcDbDimStyleTable
 71
     2
340
9C
340
245
  0
DIMSTYLE
105
27
330
A
100
AcDbSymbolTableRecord
100
AcDbDimStyleTableRecord
  2
Standard
 70
     0
340
11
  0
DIMSTYLE
105
9C
330
A
100
AcDbSymbolTableRecord
100
AcDbDimStyleTableRecord
  2
ISO-25
 70
     0
 41
2.5
 42
0.625
 43
3.75
 44
1.25
 73
     0
 74
     0
 77
     1
 78
     8
140
2.5
141
2.5
143
0.03937007874016
147
0.625
171
     3
172
     1
271
     2
272
     2
274
     3
278
    44
283
     0
284
     8
340
11
  0
DIMSTYLE
105
245
330
A
100
AcDbSymbolTableRecord
100
AcDbDimStyleTableRecord
  2
Annotative
 70
     0
 41
2.5
 42
0.625
 43
3.75
 44
1.25
 73
     0
 74
     0
 77
     1
 78
     8
140
2.5
141
2.5
143
0.03937007874016
147
0.625
171
     3
172
     1
271
     2
272
     2
274
     3
278
    44
283
     0
284
     8
340
11
1001
ACAD_DSTYLE_DIMBREAK
1070
   391
1040
3.75
1001
AcadAnnotative
1000
AnnotativeData
1002
{
1070
     1
1070
     1
1002
}
1001
ACAD_DSTYLE_DIMJAG
1070
   388
1040
1.5
1001
ACAD_DSTYLE_DIMTALN
1070
   392
1070
     0
  0
DIMSTYLE
105
403
330
A
100
AcDbSymbolTableRecord
100
AcDbDimStyleTableRecord
  2
DIMSTYLE_1
 70
     0
 41
7.0
 47
0.01
 48
0.01
 73
     0
 77
     1
 78
     8
140
9.5
147
1.0
271
     2
272
     2
284
     8
340
11
341
24F
342
24F
1001
ACAD_DSTYLE_DIMJAG
1070
   388
1040
1.5
1001
ACAD_DSTYLE_DIMTALN
1070
   392
1070
     0
  0
DIMSTYLE
105
404
102
{ACAD_REACTORS
330
940
102
}
330
A
100
AcDbSymbolTableRecord
100
AcDbDimStyleTableRecord
  2
in+mm
 70
     0
  3
"
  4
mm
 41
10.0
 47
0.01
 48
0.01
 73
     0
 77
     1
 78
     8
140
15.0
144
0.03937007874
147
3.0
170
     1
176
   256
177
   256
276
     2
277
     5
284
     8
340
11
371
     0
372
     0
1001
ACAD_DSTYLE_DIMBREAK
1070
   391
1040
3.75
1001
ACAD_DSTYLE_DIMJAG
1070
   388
1040
1.5
1001
ACAD_DSTYLE_DIMTALN
1070
   392
1070
     0
  0
DIMSTYLE
105
405
102
{ACAD_REACTORS
330
32B
330
32E
330
331
330
334
330
337
330
33A
330
943
330
944
330
945
330
946
330
947
330
948
330
949
330
94A
330
94B
330
94C
330
94D
330
94E
330
97E
330
97F
330
980
102
}
330
A
100
AcDbSymbolTableRecord
100
AcDbDimStyleTableRecord
  2
mm+in
 70
     0
  3
mm
  4
"
 40
3.0
 41
2.5
 42
0.625
 43
3.75
 44
1.25
 73
     0
 74
     0
 77
     1
 78
     8
140
4.0
141
0.0
143
0.03937007874016
147
2.0
170
     1
171
     4
176
     1
177
     1
271
     1
178
     3
271
     1
272
     1
273
     7
274
     4
278
    44
283
     0
284
     8
340
400
371
    -1
1001
ACAD_DSTYLE_DIMBREAK
1070
   391
1040
3.75
1001
ACAD_DSTYLE_DIMJAG
1070
   388
1040
1.5
1001
ACAD_DSTYLE_DIMTALN
1070
   392
1070
     0
1001
ACAD_DSTYLE_DIMARC_LENGTH_SYMBOL
1070
   379
1070
     1
  0
DIMSTYLE
105
406
330
A
100
AcDbSymbolTableRecord
100
AcDbDimStyleTableRecord
  2
5-1
 70
     0
 40
5.0
 41
1.8
 42
0.625
 43
3.75
 44
1.6
 73
     0
 74
     0
 77
     1
 78
     8
 79
     1
140
2.5
141
0.0
143
0.0394
147
0.625
172
     1
176
     1
177
     1
271
     1
178
     3
179
     1
271
     1
272
     1
273
     8
277
     6
284
     8
340
400
371
    13
372
    13
1001
ACAD_DSTYLE_DIMBREAK
1070
   391
1040
3.75
1001
ACAD_DSTYLE_DIMJAG
1070
   388
1040
1.5
1001
ACAD_DSTYLE_DIMTALN
1070
   392
1070
     0
  0
DIMSTYLE
105
407
330
A
100
AcDbSymbolTableRecord
100
AcDbDimStyleTableRecord
  2
mm+in DUC LO
 70
     0
  3
mm
  4
"
 40
2.6
 41
1.3
 42
0.625
 43
3.75
 44
1.25
 73
     0
 77
     1
 78
     8
140
2.799999999999998
141
0.0
143
0.03937007874016
144
4.16662524233236
147
2.0
170
     1
171
     4
172
     1
176
   256
177
   256
271
     0
178
     3
271
     0
272
     0
273
     7
274
     4
278
    44
283
     0
284
     8
289
     1
340
400
1001
ACAD_DSTYLE_DIMBREAK
1070
   391
1040
3.75
1001
ACAD_DSTYLE_DIMJAG
1070
   388
1040
1.5
1001
ACAD_DSTYLE_DIMTALN
1070
   392
1070
     0
  0
DIMSTYLE
105
408
330
A
100
AcDbSymbolTableRecord
100
AcDbDimStyleTableRecord
  2
mm+in(ø™ø◊÷Ω≥ﬂ¥Á)
 70
     0
  3
mm
  4
"
 40
3.0
 41
2.0
 42
0.625
 43
3.75
 44
1.25
 73
     0
 74
     0
 77
     1
 78
     8
140
3.799999999999998
141
0.0
143
0.03937007874016
147
2.0
170
     1
171
     4
172
     1
176
   256
177
   256
271
     2
178
     3
271
     2
272
     2
273
     7
274
     4
278
    44
283
     0
284
     8
289
     1
340
400
371
    -1
1001
ACAD_DSTYLE_DIMBREAK
1070
   391
1040
3.75
1001
ACAD_DSTYLE_DIMJAG
1070
   388
1040
1.5
1001
ACAD_DSTYLE_DIMTALN
1070
   392
1070
     0
1001
AcadStringInfo
1000
MIFCodePage
1070
     5
  0
ENDTAB
  0
TABLE
  2
BLOCK_RECORD
  5
1
330
0
100
AcDbSymbolTable
 70
    43
  0
BLOCK_RECORD
  5
1F
330
1
100
AcDbSymbolTableRecord
100
AcDbBlockTableRecord
  2
*MODEL_SPACE
340
22
  0
BLOCK_RECORD
  5
1DF
330
1
100
AcDbSymbolTableRecord
100
AcDbBlockTableRecord
  2
*PAPER_SPACE
340
1E0
  0
BLOCK_RECORD
  5
1E3
330
1
100
AcDbSymbolTableRecord
100
AcDbBlockTableRecord
  2
*PAPER_SPACE0
340
1E4
  0
BLOCK_RECORD
  5
24F
330
1
100
AcDbSymbolTableRecord
100
AcDbBlockTableRecord
  2
_FILLED
340
0
  0
BLOCK_RECORD
  5
253
102
{ACAD_XDICTIONARY
360
CA1
102
}
330
1
100
AcDbSymbolTableRecord
100
AcDbBlockTableRecord
  2
df
340
0
310
2800000020000000200000000100080000000000000400000000000000000000000000000000000000000000000080000080000000808000800000008000800080800000C0C0C000C0DCC000F0CAA6000020400000206000002080000020A0000020C0000020E00000400000004020000040400000406000004080000040A0
310
000040C0000040E00000600000006020000060400000606000006080000060A0000060C0000060E00000800000008020000080400000806000008080000080A0000080C0000080E00000A0000000A0200000A0400000A0600000A0800000A0A00000A0C00000A0E00000C0000000C0200000C0400000C0600000C0800000C0
310
A00000C0C00000C0E00000E0000000E0200000E0400000E0600000E0800000E0A00000E0C00000E0E00040000000400020004000400040006000400080004000A0004000C0004000E00040200000402020004020400040206000402080004020A0004020C0004020E000404000004040200040404000404060004040800040
310
40A0004040C0004040E00040600000406020004060400040606000406080004060A0004060C0004060E00040800000408020004080400040806000408080004080A0004080C0004080E00040A0000040A0200040A0400040A0600040A0800040A0A00040A0C00040A0E00040C0000040C0200040C0400040C0600040C08000
310
40C0A00040C0C00040C0E00040E0000040E0200040E0400040E0600040E0800040E0A00040E0C00040E0E00080000000800020008000400080006000800080008000A0008000C0008000E00080200000802020008020400080206000802080008020A0008020C0008020E00080400000804020008040400080406000804080
310
008040A0008040C0008040E00080600000806020008060400080606000806080008060A0008060C0008060E00080800000808020008080400080806000808080008080A0008080C0008080E00080A0000080A0200080A0400080A0600080A0800080A0A00080A0C00080A0E00080C0000080C0200080C0400080C0600080C0
310
800080C0A00080C0C00080C0E00080E0000080E0200080E0400080E0600080E0800080E0A00080E0C00080E0E000C0000000C0002000C0004000C0006000C0008000C000A000C000C000C000E000C0200000C0202000C0204000C0206000C0208000C020A000C020C000C020E000C0400000C0402000C0404000C0406000C0
310
408000C040A000C040C000C040E000C0600000C0602000C0604000C0606000C0608000C060A000C060C000C060E000C0800000C0802000C0804000C0806000C0808000C080A000C080C000C080E000C0A00000C0A02000C0A04000C0A06000C0A08000C0A0A000C0A0C000C0A0E000C0C00000C0C02000C0C04000C0C06000
310
C0C08000C0C0A000F0FBFF00A4A0A000808080000000FF0000FF000000FFFF00FF000000FF00FF00FFFF0000FFFFFF0000000000000000000000000000000000000000000000000000000000000000000000000000000000000000000000000000000000000000000000000000000000000000000000000000000000000000
310
00000000000000000000000000000000000000000000000000000000000000000000000000000000000000000000000000000000000000000000000000000000000000000000000000000000000000000000000000000000FFFFFFFFFFFF0000000000000000000000000000000000000000000000000000FFFFFFFFFFFF00
310
00000000000000000000000000000000000000000000000000FFFF000000000000000000000000000000000000000000000000000000000000FFFFFFFFFFFFFF00000000000000000000000000000000000000000000000000FFFFFFFFFF00FF00000000000000000000000000000000000000000000000000000000000000
310
00FF000000000000000000000000000000000000FFFFFFFFFFFF00000000000000FF0000000000000000FFFF0000000000000000FFFFFFFFFFFFFFFF00FF000000FF0000000000000000FFFF0000000000000000FFFFFFFFFFFFFFFF0000FF0000FF0000000000000000FFFF0000000000000000FFFFFFFFFFFFFF00000000
310
FF0000FF00000000000000FFFF00000000000000000000000000000000000000FF0000FFFFFF00FFFFFF00FFFF0000000000000000000000000000000000FFFFFFFFFFFFFFFFFFFFFFFFFFFFFF00000000000000000000000000FFFFFFFFFFFFFFFFFFFFFFFFFFFFFFFFFFFFFF00000000000000000000000000FFFFFFFFFF
310
FFFFFFFFFFFFFFFFFFFFFFFF00FF00000000000000000000000000FFFFFFFFFFFFFFFFFFFFFFFFFFFFFFFFFF0000FF00FFFFFFFFFF00000000000000FFFFFFFFFFFFFFFFFFFFFFFFFFFFFFFF0000FF00FFFFFFFFFF000000000000FFFFFFFFFFFFFFFFFFFFFFFFFFFFFFFFFF000000FFFFFFFFFF0000FFFFFFFFFFFF000000
310
0000FF0000000000000000000000000000FFFFFFFF0000FFFFFFFFFFFF000000FFFF000000000000000000000000000000FFFFFFFF0000FFFFFFFFFFFFFFFF000000000000000000000000000000000000000000000000FFFFFFFFFFFFFFFF00000000000000000000000000000000000000000000000000FFFFFFFFFFFFFF
310
00000000000000000000000000000000000000000000000000000000000000000000000000000000000000000000000000000000000000000000000000000000000000000000000000000000000000000000000000000000000000000000000000000000000000000000000000000000000000000000000000000000000000
310
0000000000000000000000000000000000000000000000000000000000000000000000000000000000000000000000000000000000000000
102
{BLKREFS
331
684
331
941
102
}
1001
ACAD
1000
DesignCenter Data
1002
{
1070
     1
1070
     1
1002
}
1001
AcDbDynamicBlockGUID
1000
{78751F7D-C318-4D84-8430-A093C5397A89}
  0
BLOCK_RECORD
  5
2C5
330
1
100
AcDbSymbolTableRecord
100
AcDbBlockTableRecord
  2
*D3
340
0
  0
BLOCK_RECORD
  5
2D1
330
1
100
AcDbSymbolTableRecord
100
AcDbBlockTableRecord
  2
*D4
340
0
  0
BLOCK_RECORD
  5
2DD
330
1
100
AcDbSymbolTableRecord
100
AcDbBlockTableRecord
  2
*D5
340
0
  0
BLOCK_RECORD
  5
2E9
330
1
100
AcDbSymbolTableRecord
100
AcDbBlockTableRecord
  2
*D6
340
0
  0
BLOCK_RECORD
  5
2F5
330
1
100
AcDbSymbolTableRecord
100
AcDbBlockTableRecord
  2
*D7
340
0
  0
BLOCK_RECORD
  5
301
330
1
100
AcDbSymbolTableRecord
100
AcDbBlockTableRecord
  2
*D8
340
0
  0
BLOCK_RECORD
  5
30D
102
{ACAD_XDICTIONARY
360
30E
102
}
330
1
100
AcDbSymbolTableRecord
100
AcDbBlockTableRecord
  2
A$C3E9E28A7
340
0
102
{BLKREFS
331
685
331
942
102
}
  0
BLOCK_RECORD
  5
33C
330
1
100
AcDbSymbolTableRecord
100
AcDbBlockTableRecord
  2
*D10
340
0
  0
BLOCK_RECORD
  5
349
330
1
100
AcDbSymbolTableRecord
100
AcDbBlockTableRecord
  2
*D11
340
0
  0
BLOCK_RECORD
  5
355
330
1
100
AcDbSymbolTableRecord
100
AcDbBlockTableRecord
  2
*D12
340
0
  0
BLOCK_RECORD
  5
361
330
1
100
AcDbSymbolTableRecord
100
AcDbBlockTableRecord
  2
*D13
340
0
  0
BLOCK_RECORD
  5
36D
330
1
100
AcDbSymbolTableRecord
100
AcDbBlockTableRecord
  2
*D14
340
0
  0
BLOCK_RECORD
  5
379
330
1
100
AcDbSymbolTableRecord
100
AcDbBlockTableRecord
  2
*D15
340
0
  0
BLOCK_RECORD
  5
385
330
1
100
AcDbSymbolTableRecord
100
AcDbBlockTableRecord
  2
*D16
340
0
  0
BLOCK_RECORD
  5
391
330
1
100
AcDbSymbolTableRecord
100
AcDbBlockTableRecord
  2
*D17
340
0
  0
BLOCK_RECORD
  5
39E
330
1
100
AcDbSymbolTableRecord
100
AcDbBlockTableRecord
  2
*D18
340
0
  0
BLOCK_RECORD
  5
3AB
330
1
100
AcDbSymbolTableRecord
100
AcDbBlockTableRecord
  2
*D19
340
0
  0
BLOCK_RECORD
  5
3B3
330
1
100
AcDbSymbolTableRecord
100
AcDbBlockTableRecord
  2
*D20
340
0
  0
BLOCK_RECORD
  5
3BF
330
1
100
AcDbSymbolTableRecord
100
AcDbBlockTableRecord
  2
*D21
340
0
  0
BLOCK_RECORD
  5
3CB
330
1
100
AcDbSymbolTableRecord
100
AcDbBlockTableRecord
  2
*D22
340
0
  0
BLOCK_RECORD
  5
3D7
330
1
100
AcDbSymbolTableRecord
100
AcDbBlockTableRecord
  2
*D23
340
0
  0
BLOCK_RECORD
  5
3DF
330
1
100
AcDbSymbolTableRecord
100
AcDbBlockTableRecord
  2
*D24
340
0
  0
BLOCK_RECORD
  5
3E7
330
1
100
AcDbSymbolTableRecord
100
AcDbBlockTableRecord
  2
*D25
340
0
  0
BLOCK_RECORD
  5
982
330
1
100
AcDbSymbolTableRecord
100
AcDbBlockTableRecord
  2
*D26
340
0
  0
BLOCK_RECORD
  5
990
330
1
100
AcDbSymbolTableRecord
100
AcDbBlockTableRecord
  2
*D27
340
0
  0
BLOCK_RECORD
  5
99C
330
1
100
AcDbSymbolTableRecord
100
AcDbBlockTableRecord
  2
*D28
340
0
  0
BLOCK_RECORD
  5
9A8
330
1
100
AcDbSymbolTableRecord
100
AcDbBlockTableRecord
  2
*D29
340
0
  0
BLOCK_RECORD
  5
9B4
330
1
100
AcDbSymbolTableRecord
100
AcDbBlockTableRecord
  2
*D30
340
0
  0
BLOCK_RECORD
  5
9C0
330
1
100
AcDbSymbolTableRecord
100
AcDbBlockTableRecord
  2
*D31
340
0
  0
BLOCK_RECORD
  5
9CC
330
1
100
AcDbSymbolTableRecord
100
AcDbBlockTableRecord
  2
*D32
340
0
  0
BLOCK_RECORD
  5
9D8
330
1
100
AcDbSymbolTableRecord
100
AcDbBlockTableRecord
  2
*D33
340
0
  0
BLOCK_RECORD
  5
9E5
330
1
100
AcDbSymbolTableRecord
100
AcDbBlockTableRecord
  2
*D34
340
0
  0
BLOCK_RECORD
  5
9F2
330
1
100
AcDbSymbolTableRecord
100
AcDbBlockTableRecord
  2
*D35
340
0
  0
BLOCK_RECORD
  5
9FA
330
1
100
AcDbSymbolTableRecord
100
AcDbBlockTableRecord
  2
*D36
340
0
  0
BLOCK_RECORD
  5
A06
330
1
100
AcDbSymbolTableRecord
100
AcDbBlockTableRecord
  2
*D37
340
0
  0
BLOCK_RECORD
  5
A12
330
1
100
AcDbSymbolTableRecord
100
AcDbBlockTableRecord
  2
*D38
340
0
  0
BLOCK_RECORD
  5
A1E
330
1
100
AcDbSymbolTableRecord
100
AcDbBlockTableRecord
  2
*D39
340
0
  0
BLOCK_RECORD
  5
A26
330
1
100
AcDbSymbolTableRecord
100
AcDbBlockTableRecord
  2
*D40
340
0
  0
BLOCK_RECORD
  5
A2E
330
1
100
AcDbSymbolTableRecord
100
AcDbBlockTableRecord
  2
*D41
340
0
  0
ENDTAB
  0
ENDSEC
  0
SECTION
  2
BLOCKS
  0
BLOCK
  5
20
330
1F
100
AcDbEntity
  8
0
100
AcDbBlockBegin
  2
*MODEL_SPACE
 70
     0
 10
0.0
 20
0.0
 30
0.0
  3
*MODEL_SPACE
  1

  0
ENDBLK
  5
21
330
1F
100
AcDbEntity
  8
0
100
AcDbBlockEnd
  0
BLOCK
  5
1E1
330
1DF
100
AcDbEntity
 67
     1
  8
0
100
AcDbBlockBegin
  2
*PAPER_SPACE
 70
     0
 10
0.0
 20
0.0
 30
0.0
  3
*PAPER_SPACE
  1

  0
ENDBLK
  5
1E2
330
1DF
100
AcDbEntity
 67
     1
  8
0
100
AcDbBlockEnd
  0
BLOCK
  5
1E5
330
1E3
100
AcDbEntity
  8
0
100
AcDbBlockBegin
  2
*PAPER_SPACE0
 70
     0
 10
0.0
 20
0.0
 30
0.0
  3
*PAPER_SPACE0
  1

  0
ENDBLK
  5
1E6
330
1E3
100
AcDbEntity
  8
0
100
AcDbBlockEnd
  0
BLOCK
  5
250
330
24F
100
AcDbEntity
  8
0
100
AcDbBlockBegin
  2
_FILLED
 70
     0
 10
0.0
 20
0.0
 30
0.0
  3
_FILLED
  1

  0
SOLID
  5
251
330
24F
100
AcDbEntity
  8
0
  6
ByBlock
 62
     0
100
AcDbTrace
 10
0.0
 20
0.0
 30
0.0
 11
-1.0
 21
0.2142857143
 31
0.0
 12
-1.0
 22
-0.2142857143
 32
0.0
 13
-1.0
 23
-0.2142857143
 33
0.0
  0
ENDBLK
  5
252
330
24F
100
AcDbEntity
  8
0
  6
ByBlock
 62
     0
100
AcDbBlockEnd
  0
BLOCK
  5
254
330
253
100
AcDbEntity
  8
0
100
AcDbBlockBegin
  2
df
 70
     0
 10
0.0
 20
0.0
 30
0.0
  3
df
  1

  0
LINE
  5
C31
330
253
100
AcDbEntity
  8
CONT
370
    25
100
AcDbLine
 10
-1506.537564828808
 20
363.3726688055749
 30
0.0
 11
-1512.885905597073
 21
376.7140590429928
 31
0.0
  0
LINE
  5
C32
330
253
100
AcDbEntity
  8
CONT
370
    25
100
AcDbLine
 10
-1512.885905597073
 20
376.7140590429928
 30
0.0
 11
-1520.335405498488
 21
376.7140590429928
 31
0.0
  0
MTEXT
  5
C33
330
253
100
AcDbEntity
  8
CONT
100
AcDbMText
 10
-1566.697855359748
 20
381.5046280092687
 30
0.0
 40
5.197500000000001
 41
14.86428794324001
 71
     1
 72
     5
  1
{\fTahoma|b0|i0|c0|p34;COUNTERTOP\P }
 73
     1
 44
1.0
1001
ACAD
1000
MTEXTBEGIN
1070
    73
1070
     1
1070
    44
1040
1.0
1070
    74
1070
     0
1000
MTEXTEND
  0
HATCH
  5
C34
330
253
100
AcDbEntity
  8
CONT
370
    25
100
AcDbHatch
 10
0.0
 20
0.0
 30
0.0
210
0.0
220
0.0
230
1.0
  2
ANSI31
 70
     0
 71
     0
 91
        1
 92
        5
 93
        9
 72
     2
 10
-1442.773441481348
 20
359.3310928055748
 40
4.041576
 50
0.0
 51
90.0
 73
     1
 72
     1
 10
-1442.773441481348
 20
363.3726688055749
 11
-1542.440001210061
 21
363.3726688055749
 72
     4
 94
        3
 73
     0
 74
     0
 95
       10
 96
        6
 40
0.0
 40
0.0
 40
0.0
 40
0.0
 40
4.788302325801334
 40
31.21107527172549
 40
37.13587413347397
 40
37.13587413347397
 40
37.13587413347397
 40
37.13587413347397
 10
-1542.440001210061
 20
363.3726688055749
 10
-1541.657600448337
 20
362.3106809161964
 10
-1536.557761840566
 20
355.3884396503415
 10
-1543.622359076717
 20
343.4442023501933
 10
-1538.92288691224
 20
335.894011361501
 10
-1538.062129032285
 20
334.5111142698195
 72
     1
 10
-1538.062129032285
 20
334.5111142698195
 11
-1484.465155926939
 21
334.5111142698195
 72
     1
 10
-1484.465155926939
 20
334.5111142698195
 11
-1484.465155926939
 21
346.0804006482017
 72
     1
 10
-1484.465155926939
 20
346.0804006482017
 11
-1475.596951040834
 21
346.0804006482017
 72
     1
 10
-1475.596951040836
 20
346.0804006482017
 11
-1475.596951040836
 21
334.5111142698195
 72
     1
 10
-1475.596951040836
 20
334.5111142698195
 11
-1438.731865481346
 21
334.5111142698195
 72
     1
 10
-1438.731865481346
 20
334.5111142698195
 11
-1438.731865481346
 21
359.3310928055748
 97
        0
 75
     0
 76
     1
 52
0.0
 41
0.8083152000000003
 77
     0
 78
     1
 53
44.99999999999999
 43
-1992.10230992608
 44
310.9052611490463
 45
-1.814719380638308
 46
1.81471938063831
 79
     0
 47
0.122909712210988
 98
        1
 10
-1507.5789853649
 20
358.972821306229
1001
ACAD
1010
0.0
1020
0.0
1030
0.0
  0
LINE
  5
C35
330
253
100
AcDbEntity
  8
CONT
370
    25
100
AcDbLine
 10
-1542.440001210061
 20
363.3726688055749
 30
0.0
 11
-1442.773441481348
 21
363.3726688055749
 31
0.0
  0
ARC
  5
C36
330
253
100
AcDbEntity
  8
CONT
370
    25
100
AcDbCircle
 10
-1442.773441481348
 20
359.3310928055748
 30
0.0
 40
4.041576
100
AcDbArc
 50
0.0
 51
90.0
  0
LINE
  5
C37
330
253
100
AcDbEntity
  8
CONT
370
    25
100
AcDbLine
 10
-1438.731865481346
 20
334.5111142698195
 30
0.0
 11
-1475.596951040836
 21
334.5111142698195
 31
0.0
  0
LINE
  5
C38
330
253
100
AcDbEntity
  8
CONT
370
    25
100
AcDbLine
 10
-1484.430002879761
 20
334.5111142698195
 30
0.0
 11
-1538.062129032285
 21
334.5111142698195
 31
0.0
  0
LINE
  5
C39
330
253
100
AcDbEntity
  8
CONT
370
    25
100
AcDbLine
 10
-1438.731865481346
 20
334.5111142698195
 30
0.0
 11
-1438.731865481346
 21
359.3310928055748
 31
0.0
  0
SPLINE
  5
C3A
330
253
100
AcDbEntity
  8
CONT
370
    25
100
AcDbSpline
210
0.0
220
0.0
230
1.0
 70
  1064
 71
     3
 72
    10
 73
     6
 74
     4
 42
0.000000001
 43
0.0000000001
 44
0.0000000001
 40
0.0
 40
0.0
 40
0.0
 40
0.0
 40
3.870457552140853
 40
25.22838655048002
 40
30.01749152737346
 40
30.01749152737346
 40
30.01749152737346
 40
30.01749152737346
 10
-1542.440001210061
 20
363.3726688055749
 30
0.0
 10
-1541.657600448337
 20
362.3106809161964
 30
0.0
 10
-1536.557761840564
 20
355.3884396503419
 30
0.0
 10
-1543.622359076712
 20
343.4442023501942
 30
0.0
 10
-1538.922886912241
 20
335.8940113615011
 30
0.0
 10
-1538.062129032285
 20
334.5111142698195
 30
0.0
 11
-1542.440001210061
 21
363.3726688055749
 31
0.0
 11
-1540.352581142439
 21
360.1133561289184
 31
0.0
 11
-1540.280303203211
 21
338.7555494297838
 31
0.0
 11
-1538.062129032285
 21
334.5111142698195
 31
0.0
  0
LINE
  5
C3B
330
253
100
AcDbEntity
  8
CONT
370
    25
100
AcDbLine
 10
-1475.596951040836
 20
333.6604572526835
 30
0.0
 11
-1475.596951040836
 21
346.0804006482017
 31
0.0
  0
LINE
  5
C3C
330
253
100
AcDbEntity
  8
CONT
370
    25
100
AcDbLine
 10
-1484.465155926939
 20
346.0804006482017
 30
0.0
 11
-1475.596951040836
 21
346.0804006482017
 31
0.0
  0
LINE
  5
C3D
330
253
100
AcDbEntity
  8
CONT
370
    25
100
AcDbLine
 10
-1478.653854419386
 20
345.1970479990987
 30
0.0
 11
-1478.076293879423
 21
345.1970479990987
 31
0.0
  0
SPLINE
  5
C3E
330
253
100
AcDbEntity
  8
CONT
370
    25
100
AcDbSpline
210
0.0
220
0.0
230
1.0
 70
     8
 71
     3
 72
     9
 73
     5
 74
     0
 42
0.000000001
 43
0.0000000001
 40
0.3047320513593001
 40
0.3047320513593001
 40
0.3047320513593001
 40
0.3047320513593001
 40
3.312564643708205
 40
5.150382399370386
 40
5.150382399370386
 40
5.150382399370386
 40
5.150382399370386
 10
-1478.076293879423
 20
345.1970479990987
 30
0.0
 10
-1478.064447827271
 20
344.3850749498629
 30
0.0
 10
-1478.055629802022
 20
343.0776614831941
 30
0.0
 10
-1478.226595241984
 20
341.7822223615053
 30
0.0
 10
-1478.293639963622
 20
341.2910457287669
 30
0.0
  0
LINE
  5
C3F
330
253
100
AcDbEntity
  8
CONT
370
    25
100
AcDbLine
 10
-1478.261776399113
 20
341.5309147975402
 30
0.0
 11
-1477.08820677197
 21
341.527647914138
 31
0.0
  0
LINE
  5
C40
330
253
100
AcDbEntity
  8
CONT
370
    25
100
AcDbLine
 10
-1477.08820677197
 20
341.527647914138
 30
0.0
 11
-1477.08820677197
 21
333.6604572526835
 31
0.0
  0
LINE
  5
C41
330
253
100
AcDbEntity
  8
CONT
370
    25
100
AcDbLine
 10
-1478.293639963622
 20
341.2910457287671
 30
0.0
 11
-1477.619434510261
 21
340.6405296765878
 31
0.0
  0
LINE
  5
C42
330
253
100
AcDbEntity
  8
CONT
370
    25
100
AcDbLine
 10
-1478.293639963622
 20
339.9900136244087
 30
0.0
 11
-1477.619434510261
 21
340.6405296765878
 31
0.0
  0
LINE
  5
C43
330
253
100
AcDbEntity
  8
CONT
370
    25
100
AcDbLine
 10
-1478.293639963622
 20
339.9900136244087
 30
0.0
 11
-1477.619434510261
 21
339.3394975722295
 31
0.0
  0
LINE
  5
C44
330
253
100
AcDbEntity
  8
CONT
370
    25
100
AcDbLine
 10
-1478.293639963622
 20
338.68898152005
 30
0.0
 11
-1477.619434510261
 21
339.3394975722295
 31
0.0
  0
LINE
  5
C45
330
253
100
AcDbEntity
  8
CONT
370
    25
100
AcDbLine
 10
-1478.293639963622
 20
338.68898152005
 30
0.0
 11
-1477.619434510261
 21
338.0384654678707
 31
0.0
  0
LINE
  5
C46
330
253
100
AcDbEntity
  8
CONT
370
    25
100
AcDbLine
 10
-1478.293639963622
 20
337.3879494156915
 30
0.0
 11
-1477.619434510261
 21
338.0384654678707
 31
0.0
  0
LINE
  5
C47
330
253
100
AcDbEntity
  8
CONT
370
    25
100
AcDbLine
 10
-1478.293639963622
 20
337.3879494156915
 30
0.0
 11
-1477.619434510261
 21
336.7374333635123
 31
0.0
  0
LINE
  5
C48
330
253
100
AcDbEntity
  8
CONT
370
    25
100
AcDbLine
 10
-1478.293639963622
 20
336.0869173113329
 30
0.0
 11
-1477.619434510261
 21
336.7374333635123
 31
0.0
  0
LINE
  5
C49
330
253
100
AcDbEntity
  8
CONT
370
    25
100
AcDbLine
 10
-1478.279303756355
 20
336.100749790598
 30
0.0
 11
-1477.605098302996
 21
335.4502337384188
 31
0.0
  0
LINE
  5
C4A
330
253
100
AcDbEntity
  8
CONT
370
    25
100
AcDbLine
 10
-1478.771652537807
 20
333.6604572526835
 30
0.0
 11
-1477.605098302996
 21
335.4502337384188
 31
0.0
  0
LINE
  5
C4B
330
253
100
AcDbEntity
  8
CONT
370
    25
100
AcDbLine
 10
-1477.08820677197
 20
340.5945305829021
 30
0.0
 11
-1475.596951040836
 21
340.5945305829021
 31
0.0
  0
LINE
  5
C4C
330
253
100
AcDbEntity
  8
CONT
370
    25
100
AcDbLine
 10
-1477.08820677197
 20
338.8671034800609
 30
0.0
 11
-1475.596951040836
 21
338.8671034800609
 31
0.0
  0
LINE
  5
C4D
330
253
100
AcDbEntity
  8
CONT
370
    25
100
AcDbLine
 10
-1477.08820677197
 20
336.8485351304105
 30
0.0
 11
-1475.596951040836
 21
336.8485351304105
 31
0.0
  0
LINE
  5
C4E
330
253
100
AcDbEntity
  8
CONT
370
    25
100
AcDbLine
 10
-1477.08820677197
 20
335.4510650380498
 30
0.0
 11
-1475.596951040836
 21
335.4510650380498
 31
0.0
  0
LINE
  5
C4F
330
253
100
AcDbEntity
  8
CONT
370
    25
100
AcDbLine
 10
-1477.868891112319
 20
346.0804006482017
 30
0.0
 11
-1475.596951040836
 21
342.7384698109704
 31
0.0
  0
LINE
  5
C50
330
253
100
AcDbEntity
  8
CONT
370
    25
100
AcDbLine
 10
-1475.596951040836
 20
341.1313322454291
 30
0.0
 11
-1478.074446058805
 21
343.7825154943264
 31
0.0
  0
LINE
  5
C51
330
253
100
AcDbEntity
  8
CONT
370
    25
100
AcDbLine
 10
-1484.465155926939
 20
333.6604572526835
 30
0.0
 11
-1475.596951040836
 21
333.6604572526835
 31
0.0
  0
LINE
  5
C52
330
253
100
AcDbEntity
  8
CONT
370
    25
100
AcDbLine
 10
-1480.031053483888
 20
348.0443438568729
 30
0.0
 11
-1480.031053483888
 21
322.1528142174132
 31
0.0
  0
LINE
  5
C53
330
253
100
AcDbEntity
  8
CONT
370
    25
100
AcDbLine
 10
-1481.408252548388
 20
346.0804006482017
 30
0.0
 11
-1481.408252548388
 21
345.1970479990992
 31
0.0
  0
LINE
  5
C54
330
253
100
AcDbEntity
  8
CONT
370
    25
100
AcDbLine
 10
-1481.408252548388
 20
345.1970479990992
 30
0.0
 11
-1481.985813088351
 21
345.1970479990992
 31
0.0
  0
SPLINE
  5
C55
330
253
100
AcDbEntity
  8
CONT
370
    25
100
AcDbSpline
210
0.0
220
0.0
230
1.0
 70
     8
 71
     3
 72
     9
 73
     5
 74
     0
 42
0.000000001
 43
0.0000000001
 40
0.3047320513589016
 40
0.3047320513589016
 40
0.3047320513589016
 40
0.3047320513589016
 40
3.312564643708205
 40
5.150382399370386
 40
5.150382399370386
 40
5.150382399370386
 40
5.150382399370386
 10
-1481.985813088351
 20
345.1970479990992
 30
0.0
 10
-1481.997659140503
 20
344.3850749498631
 30
0.0
 10
-1482.006477165754
 20
343.0776614831943
 30
0.0
 10
-1481.835511725791
 20
341.7822223615053
 30
0.0
 10
-1481.768467004154
 20
341.2910457287669
 30
0.0
  0
LINE
  5
C56
330
253
100
AcDbEntity
  8
CONT
370
    25
100
AcDbLine
 10
-1481.800330568663
 20
341.5309147975402
 30
0.0
 11
-1482.973900195804
 21
341.527647914138
 31
0.0
  0
LINE
  5
C57
330
253
100
AcDbEntity
  8
CONT
370
    25
100
AcDbLine
 10
-1482.973900195804
 20
341.527647914138
 30
0.0
 11
-1482.973900195804
 21
333.6604572526835
 31
0.0
  0
LINE
  5
C58
330
253
100
AcDbEntity
  8
CONT
370
    25
100
AcDbLine
 10
-1481.768467004154
 20
341.2910457287671
 30
0.0
 11
-1482.442672457513
 21
340.6405296765878
 31
0.0
  0
LINE
  5
C59
330
253
100
AcDbEntity
  8
CONT
370
    25
100
AcDbLine
 10
-1481.768467004154
 20
339.9900136244087
 30
0.0
 11
-1482.442672457513
 21
340.6405296765878
 31
0.0
  0
LINE
  5
C5A
330
253
100
AcDbEntity
  8
CONT
370
    25
100
AcDbLine
 10
-1481.768467004154
 20
339.9900136244087
 30
0.0
 11
-1482.442672457513
 21
339.3394975722295
 31
0.0
  0
LINE
  5
C5B
330
253
100
AcDbEntity
  8
CONT
370
    25
100
AcDbLine
 10
-1481.768467004154
 20
338.68898152005
 30
0.0
 11
-1482.442672457513
 21
339.3394975722295
 31
0.0
  0
LINE
  5
C5C
330
253
100
AcDbEntity
  8
CONT
370
    25
100
AcDbLine
 10
-1481.768467004154
 20
338.68898152005
 30
0.0
 11
-1482.442672457513
 21
338.0384654678707
 31
0.0
  0
LINE
  5
C5D
330
253
100
AcDbEntity
  8
CONT
370
    25
100
AcDbLine
 10
-1481.768467004154
 20
337.3879494156915
 30
0.0
 11
-1482.442672457513
 21
338.0384654678707
 31
0.0
  0
LINE
  5
C5E
330
253
100
AcDbEntity
  8
CONT
370
    25
100
AcDbLine
 10
-1481.768467004154
 20
337.3879494156915
 30
0.0
 11
-1482.442672457513
 21
336.7374333635123
 31
0.0
  0
LINE
  5
C5F
330
253
100
AcDbEntity
  8
CONT
370
    25
100
AcDbLine
 10
-1481.768467004154
 20
336.0869173113329
 30
0.0
 11
-1482.442672457513
 21
336.7374333635123
 31
0.0
  0
LINE
  5
C60
330
253
100
AcDbEntity
  8
CONT
370
    25
100
AcDbLine
 10
-1481.782803211421
 20
336.100749790598
 30
0.0
 11
-1482.457008664778
 21
335.4502337384188
 31
0.0
  0
LINE
  5
C61
330
253
100
AcDbEntity
  8
CONT
370
    25
100
AcDbLine
 10
-1481.290454429967
 20
333.6604572526835
 30
0.0
 11
-1482.457008664778
 21
335.4502337384188
 31
0.0
  0
LINE
  5
C62
330
253
100
AcDbEntity
  8
CONT
370
    25
100
AcDbLine
 10
-1482.973900195804
 20
340.5945305829021
 30
0.0
 11
-1484.465155926939
 21
340.5945305829021
 31
0.0
  0
LINE
  5
C63
330
253
100
AcDbEntity
  8
CONT
370
    25
100
AcDbLine
 10
-1482.973900195804
 20
338.8671034800609
 30
0.0
 11
-1484.465155926939
 21
338.8671034800609
 31
0.0
  0
LINE
  5
C64
330
253
100
AcDbEntity
  8
CONT
370
    25
100
AcDbLine
 10
-1482.973900195804
 20
336.8485351304105
 30
0.0
 11
-1484.465155926939
 21
336.8485351304105
 31
0.0
  0
LINE
  5
C65
330
253
100
AcDbEntity
  8
CONT
370
    25
100
AcDbLine
 10
-1482.973900195804
 20
335.4510650380498
 30
0.0
 11
-1484.465155926939
 21
335.4510650380498
 31
0.0
  0
LINE
  5
C66
330
253
100
AcDbEntity
  8
CONT
370
    25
100
AcDbLine
 10
-1482.193215855455
 20
346.0804006482017
 30
0.0
 11
-1484.465155926939
 21
342.7384698109704
 31
0.0
  0
LINE
  5
C67
330
253
100
AcDbEntity
  8
CONT
370
    25
100
AcDbLine
 10
-1484.465155926939
 20
341.1313322454291
 30
0.0
 11
-1481.993070474746
 21
344.2590663224954
 31
0.0
  0
LINE
  5
C68
330
253
100
AcDbEntity
  8
CONT
370
    25
100
AcDbLine
 10
-1484.465155926939
 20
346.0804006482017
 30
0.0
 11
-1484.465155926939
 21
333.6604572526835
 31
0.0
  0
LINE
  5
C69
330
253
100
AcDbEntity
  8
CONT
370
    25
100
AcDbLine
 10
-1478.653854419386
 20
346.0804006482015
 30
0.0
 11
-1478.653854419386
 21
345.1970479990987
 31
0.0
  0
ARC
  5
C6A
330
253
100
AcDbEntity
  8
CONT
370
    25
100
AcDbCircle
 10
-1480.031053483888
 20
341.3939617992901
 30
0.0
 40
3.087636858499551
100
AcDbArc
 50
50.67704045953938
 51
129.3229595404606
  0
LINE
  5
C6B
330
253
100
AcDbEntity
  8
CONT
370
    25
100
AcDbLine
 10
-1478.293639963622
 20
329.9329650896752
 30
0.0
 11
-1477.619434510261
 21
330.5834811418547
 31
0.0
  0
LINE
  5
C6C
330
253
100
AcDbEntity
  8
CONT
370
    25
100
AcDbLine
 10
-1478.293639963622
 20
331.2339971940339
 30
0.0
 11
-1477.619434510261
 21
330.5834811418547
 31
0.0
  0
LINE
  5
C6D
330
253
100
AcDbEntity
  8
CONT
370
    25
100
AcDbLine
 10
-1478.279303756355
 20
331.220164714769
 30
0.0
 11
-1477.605098302996
 21
331.8706807669482
 31
0.0
  0
LINE
  5
C6E
330
253
100
AcDbEntity
  8
CONT
370
    25
100
AcDbLine
 10
-1478.771652537807
 20
333.6604572526835
 30
0.0
 11
-1477.605098302996
 21
331.8706807669482
 31
0.0
  0
LINE
  5
C6F
330
253
100
AcDbEntity
  8
CONT
370
    25
100
AcDbLine
 10
-1481.768467004154
 20
329.9329650896755
 30
0.0
 11
-1482.442672457513
 21
330.5834811418547
 31
0.0
  0
LINE
  5
C70
330
253
100
AcDbEntity
  8
CONT
370
    25
100
AcDbLine
 10
-1481.768467004154
 20
331.2339971940339
 30
0.0
 11
-1482.442672457513
 21
330.5834811418547
 31
0.0
  0
LINE
  5
C71
330
253
100
AcDbEntity
  8
CONT
370
    25
100
AcDbLine
 10
-1481.782803211421
 20
331.220164714769
 30
0.0
 11
-1482.457008664778
 21
331.8706807669482
 31
0.0
  0
LINE
  5
C72
330
253
100
AcDbEntity
  8
CONT
370
    25
100
AcDbLine
 10
-1481.290454429967
 20
333.6604572526835
 30
0.0
 11
-1482.457008664778
 21
331.8706807669482
 31
0.0
  0
LINE
  5
C73
330
253
100
AcDbEntity
  8
CONT
370
    25
100
AcDbLine
 10
-1481.768467004154
 20
329.9329650896755
 30
0.0
 11
-1482.469846765752
 21
329.4431698760427
 31
0.0
  0
LINE
  5
C74
330
253
100
AcDbEntity
  8
CONT
370
    25
100
AcDbLine
 10
-1482.469846765752
 20
329.4431698760427
 30
0.0
 11
-1482.469846765752
 21
324.652559782742
 31
0.0
  0
LINE
  5
C75
330
253
100
AcDbEntity
  8
CONT
370
    25
100
AcDbLine
 10
-1478.293639963622
 20
329.9329650896755
 30
0.0
 11
-1477.592260202022
 21
329.4431698760427
 31
0.0
  0
LINE
  5
C76
330
253
100
AcDbEntity
  8
CONT
370
    25
100
AcDbLine
 10
-1477.592260202022
 20
329.4431698760427
 30
0.0
 11
-1477.592260202022
 21
324.652559782742
 31
0.0
  0
LINE
  5
C77
330
253
100
AcDbEntity
  8
CONT
370
    25
100
AcDbLine
 10
-1482.469846765752
 20
324.652559782742
 30
0.0
 11
-1477.592260202022
 21
324.652559782742
 31
0.0
  0
LINE
  5
C78
330
253
100
AcDbEntity
  8
CONT
370
    25
100
AcDbLine
 10
-1438.731865481346
 20
334.5111142698195
 30
0.0
 11
-1437.447664566622
 21
334.5111142698195
 31
0.0
  0
LINE
  5
C79
330
253
100
AcDbEntity
  8
CONT
370
    25
100
AcDbLine
 10
-1437.447664566622
 20
334.5111142698195
 30
0.0
 11
-1437.447664566622
 21
332.8944838698194
 31
0.0
  0
LINE
  5
C7A
330
253
100
AcDbEntity
  8
CONT
370
    25
100
AcDbLine
 10
-1437.447664566622
 20
332.8944838698194
 30
0.0
 11
-1449.593621633894
 21
332.8944838698194
 31
0.0
  0
LINE
  5
C7B
330
253
100
AcDbEntity
  8
CONT
370
    25
100
AcDbLine
 10
-1449.593621633894
 20
332.8944838698194
 30
0.0
 11
-1450.697799549101
 21
334.5111142698195
 31
0.0
  0
LINE
  5
C7C
330
253
100
AcDbEntity
  8
CONT
370
    25
100
AcDbLine
 10
-1451.327893636402
 20
332.8944838698194
 30
0.0
 11
-1433.318328572799
 21
332.8944838698194
 31
0.0
  0
LINE
  5
C7D
330
253
100
AcDbEntity
  8
CONT
370
    25
100
AcDbLine
 10
-1451.327893636402
 20
331.2778534698197
 30
0.0
 11
-1433.318328572799
 21
331.2778534698197
 31
0.0
  0
LINE
  5
C7E
330
253
100
AcDbEntity
  8
CONT
370
    25
100
AcDbLine
 10
-1429.276752572799
 20
328.8529078698195
 30
0.0
 11
-1429.276752572799
 21
294.1540692781864
 31
0.0
  0
LINE
  5
C7F
330
253
100
AcDbEntity
  8
CONT
370
    25
100
AcDbLine
 10
-1430.893382972799
 20
328.8529078698195
 30
0.0
 11
-1430.893382972799
 21
294.1540692781864
 31
0.0
  0
ARC
  5
C80
330
253
100
AcDbEntity
  8
CONT
370
    25
100
AcDbCircle
 10
-1433.318328572799
 20
328.8529078698195
 30
0.0
 40
4.041576
100
AcDbArc
 50
0.0
 51
90.0
  0
ARC
  5
C81
330
253
100
AcDbEntity
  8
CONT
370
    25
100
AcDbCircle
 10
-1433.318328572799
 20
328.8529078698195
 30
0.0
 40
2.4249456
100
AcDbArc
 50
0.0
 51
90.0
  0
LINE
  5
C82
330
253
100
AcDbEntity
  8
CONT
370
    25
100
AcDbLine
 10
-1451.327893636402
 20
332.8944838698194
 30
0.0
 11
-1451.327893636402
 21
331.2778534698193
 31
0.0
  0
LINE
  5
C83
330
253
100
AcDbEntity
  8
CONT
370
    25
100
AcDbLine
 10
-1430.893382972799
 20
294.1540692781864
 30
0.0
 11
-1429.276752572799
 21
294.1540692781864
 31
0.0
  0
LINE
  5
C84
330
253
100
AcDbEntity
  8
CONT
370
    25
100
AcDbLine
 10
-1515.545219819414
 20
329.6591189277249
 30
0.0
 11
-1482.469846765752
 21
328.271659770402
 31
0.0
  0
LINE
  5
C85
330
253
100
AcDbEntity
  8
CONT
370
    25
100
AcDbLine
 10
-1477.592260202022
 20
328.0670527918955
 30
0.0
 11
-1444.415253928377
 21
326.6753302830596
 31
0.0
  0
LINE
  5
C86
330
253
100
AcDbEntity
  8
CONT
370
    25
100
AcDbLine
 10
-1516.956471630525
 20
327.2912404781132
 30
0.0
 11
-1482.469846765752
 21
325.8445815577088
 31
0.0
  0
LINE
  5
C87
330
253
100
AcDbEntity
  8
CONT
370
    25
100
AcDbLine
 10
-1477.592260202022
 20
325.6399745792023
 30
0.0
 11
-1443.207268557233
 21
324.1975790103111
 31
0.0
  0
LINE
  5
C88
330
253
100
AcDbEntity
  8
CONT
370
    25
100
AcDbLine
 10
-1444.415253928377
 20
326.6753302830596
 30
0.0
 11
-1441.138632486099
 21
331.2492959813239
 31
0.0
  0
LINE
  5
C89
330
253
100
AcDbEntity
  8
CONT
370
    25
100
AcDbLine
 10
-1443.207268557233
 20
324.1975790103111
 30
0.0
 11
-1439.167312108389
 21
329.837114289264
 31
0.0
  0
LINE
  5
C8A
330
253
100
AcDbEntity
  8
CONT
370
    25
100
AcDbLine
 10
-1515.545219819414
 20
329.6591189277249
 30
0.0
 11
-1518.427262917661
 21
334.491430782801
 31
0.0
  0
LINE
  5
C8B
330
253
100
AcDbEntity
  8
CONT
370
    25
100
AcDbLine
 10
-1516.956471630527
 20
327.2912404781132
 30
0.0
 11
-1520.509927165663
 21
333.2493072812702
 31
0.0
  0
LINE
  5
C8C
330
253
100
AcDbEntity
  8
0
370
    25
100
AcDbLine
 10
-1439.167312108389
 20
329.837114289264
 30
0.0
 11
-1441.138632486099
 21
331.2492959813239
 31
0.0
  0
LINE
  5
C8D
330
253
100
AcDbEntity
  8
0
370
    25
100
AcDbLine
 10
-1520.509927165663
 20
333.2493072812702
 30
0.0
 11
-1518.427262917661
 21
334.491430782801
 31
0.0
  0
LINE
  5
C8E
330
253
100
AcDbEntity
  8
0
370
    25
100
AcDbLine
 10
-1483.210656688801
 20
328.3027355653719
 30
0.0
 11
-1483.312289908786
 21
325.8799207041918
 31
0.0
  0
LINE
  5
C8F
330
253
100
AcDbEntity
  8
0
370
    25
100
AcDbLine
 10
-1488.056286411161
 20
328.5060020053415
 30
0.0
 11
-1488.157919631147
 21
326.0831871441614
 31
0.0
  0
LINE
  5
C90
330
253
100
AcDbEntity
  8
0
370
    25
100
AcDbLine
 10
-1476.749817058988
 20
328.0317136454125
 30
0.0
 11
-1476.851450278973
 21
325.6088987842324
 31
0.0
  0
LINE
  5
C91
330
253
100
AcDbEntity
  8
0
370
    25
100
AcDbLine
 10
-1471.904187336628
 20
327.8284472054429
 30
0.0
 11
-1472.005820556613
 21
325.4056323442628
 31
0.0
  0
LINE
  5
C92
330
253
100
AcDbEntity
  8
CONT
370
    25
100
AcDbLine
 10
-1482.469846765752
 20
325.0079753849473
 30
0.0
 11
-1486.889648556409
 21
325.0079753849473
 31
0.0
  0
LINE
  5
C93
330
253
100
AcDbEntity
  8
CONT
370
    25
100
AcDbLine
 10
-1486.889648556409
 20
325.0079753849473
 30
0.0
 11
-1486.889648556409
 21
324.4255060078097
 31
0.0
  0
LINE
  5
C94
330
253
100
AcDbEntity
  8
CONT
370
    25
100
AcDbLine
 10
-1486.889648556409
 20
324.4255060078097
 30
0.0
 11
-1473.215092631113
 21
324.4255060078097
 31
0.0
  0
LINE
  5
C95
330
253
100
AcDbEntity
  8
CONT
370
    25
100
AcDbLine
 10
-1473.215092631113
 20
324.4255060078097
 30
0.0
 11
-1473.171925935063
 21
325.4545486054071
 31
0.0
  0
ARC
  5
C96
330
253
100
AcDbEntity
  8
CONT
370
    25
100
AcDbCircle
 10
-1480.050734058701
 20
328.0684890794325
 30
0.0
 40
5.200634252821846
100
AcDbArc
 50
224.4661877279289
 51
315.5338122720711
  0
MTEXT
  5
C97
330
253
100
AcDbEntity
  8
CONT
100
AcDbMText
 10
-1559.372771687074
 20
305.6778908072118
 30
0.0
 40
5.197500000000001
 41
14.86428794324001
 71
     1
 72
     5
  1
{\fTahoma|b0|i0|c0|p34;FASTENERS\P }
 73
     1
 44
1.0
1001
ACAD
1000
MTEXTBEGIN
1070
    73
1070
     1
1070
    44
1040
1.0
1070
    74
1070
     0
1000
MTEXTEND
  0
LINE
  5
C98
330
253
100
AcDbEntity
  8
CONT
370
    25
100
AcDbLine
 10
-1519.81878134205
 20
302.8694795576364
 30
0.0
 11
-1514.20511427892
 21
302.8694795576364
 31
0.0
  0
LINE
  5
C99
330
253
100
AcDbEntity
  8
CONT
370
    25
100
AcDbLine
 10
-1514.20511427892
 20
302.8694795576364
 30
0.0
 11
-1495.47838585419
 21
326.390269028939
 31
0.0
  0
MTEXT
  5
C9A
330
253
100
AcDbEntity
  8
CONT
100
AcDbMText
 10
-1533.070066332455
 20
282.0142816506863
 30
0.0
 40
5.197500000000001
 41
14.86428794324001
 71
     1
 72
     5
  1
{\fTahoma|b0|i0|c0|p34;SCREWS\P }
 73
     1
 44
1.0
1001
ACAD
1000
MTEXTBEGIN
1070
    73
1070
     1
1070
    44
1040
1.0
1070
    74
1070
     0
1000
MTEXTEND
  0
LINE
  5
C9B
330
253
100
AcDbEntity
  8
CONT
370
    25
100
AcDbLine
 10
-1503.59297113657
 20
277.6019236060772
 30
0.0
 11
-1497.962950081502
 21
277.6019236060772
 31
0.0
  0
LINE
  5
C9C
330
253
100
AcDbEntity
  8
CONT
370
    25
100
AcDbLine
 10
-1497.962950081502
 20
277.6019236060772
 30
0.0
 11
-1481.735165418338
 21
323.1481956302268
 31
0.0
  0
MTEXT
  5
C9D
330
253
100
AcDbEntity
  8
CONT
100
AcDbMText
 10
-1404.258887222783
 20
362.9863957163855
 30
0.0
 40
5.197500000000001
 41
14.86428794324001
 71
     1
 72
     5
  1
{\fTahoma|b0|i0|c0|p34;SINK\P }
 73
     1
 44
1.0
1001
ACAD
1000
MTEXTBEGIN
1070
    73
1070
     1
1070
    44
1040
1.0
1070
    74
1070
     0
1000
MTEXTEND
  0
LINE
  5
C9E
330
253
100
AcDbEntity
  8
CONT
370
    25
100
AcDbLine
 10
-1430.460502776519
 20
331.7107336661002
 30
0.0
 11
-1412.050674309588
 21
360.0546853913054
 31
0.0
  0
LINE
  5
C9F
330
253
100
AcDbEntity
  8
CONT
370
    25
100
AcDbLine
 10
-1412.050674309588
 20
360.0546853913054
 30
0.0
 11
-1407.272215608189
 21
360.0546853913054
 31
0.0
  0
ENDBLK
  5
2C4
330
253
100
AcDbEntity
  8
0
100
AcDbBlockEnd
  0
BLOCK
  5
2C6
330
2C5
100
AcDbEntity
  8
0
100
AcDbBlockBegin
  2
*D3
 70
     1
 10
0.0
 20
0.0
 30
0.0
  3
*D3
  1

  0
LINE
  5
2C7
330
2C5
100
AcDbEntity
  8
≥ﬂ¥ÁòÀ◊¢
370
    -2
100
AcDbLine
 10
7365.457804565167
 20
2085.970526265111
 30
0.0
 11
7365.457804565167
 21
1595.75
 31
0.0
  0
LINE
  5
2C8
330
2C5
100
AcDbEntity
  8
≥ﬂ¥ÁòÀ◊¢
370
    -2
100
AcDbLine
 10
8178.257804565166
 20
2085.970526265111
 30
0.0
 11
8178.257804565166
 21
1595.75
 31
0.0
  0
LINE
  5
2C9
330
2C5
100
AcDbEntity
  8
≥ﬂ¥ÁòÀ◊¢
 62
     1
100
AcDbLine
 10
7377.457804565167
 20
1599.5
 30
0.0
 11
8166.257804565168
 21
1599.5
 31
0.0
  0
SOLID
  5
2CA
330
2C5
100
AcDbEntity
  8
≥ﬂ¥ÁòÀ◊¢
 62
     1
100
AcDbTrace
 10
7377.457804565167
 20
1601.5
 30
0.0
 11
7377.457804565167
 21
1597.5
 31
0.0
 12
7365.457804565167
 22
1599.5
 32
0.0
 13
7365.457804565167
 23
1599.5
 33
0.0
  0
SOLID
  5
2CB
330
2C5
100
AcDbEntity
  8
≥ﬂ¥ÁòÀ◊¢
 62
     1
100
AcDbTrace
 10
8166.257804565168
 20
1601.5
 30
0.0
 11
8166.257804565168
 21
1597.5
 31
0.0
 12
8178.257804565166
 22
1599.5
 32
0.0
 13
8178.257804565166
 23
1599.5
 33
0.0
  0
MTEXT
  5
2CC
330
2C5
100
AcDbEntity
  8
≥ﬂ¥ÁòÀ◊¢
 62
     3
100
AcDbMText
 10
7772.0
 20
1614.5
 30
0.0
 40
18.0
 41
0.0
 71
     5
 72
     1
  1
812.8mm [32"]
  7
DIM
 73
     1
 44
1.0
1001
ACAD
1000
MTEXTBEGIN
1070
    73
1070
     1
1070
    44
1040
1.0
1070
    74
1070
     0
1000
MTEXTEND
  0
POINT
  5
2CD
330
2C5
100
AcDbEntity
  8
Defpoints
 62
     0
100
AcDbPoint
 10
7365.457804565167
 20
2087.845526265111
 30
0.0
  0
POINT
  5
2CE
330
2C5
100
AcDbEntity
  8
Defpoints
 62
     0
100
AcDbPoint
 10
8178.257804565166
 20
2087.845526265111
 30
0.0
  0
POINT
  5
2CF
330
2C5
100
AcDbEntity
  8
Defpoints
 62
     0
100
AcDbPoint
 10
8178.257804565166
 20
1599.5
 30
0.0
  0
ENDBLK
  5
2D0
330
2C5
100
AcDbEntity
  8
0
100
AcDbBlockEnd
  0
BLOCK
  5
2D2
330
2D1
100
AcDbEntity
  8
0
100
AcDbBlockBegin
  2
*D4
 70
     1
 10
0.0
 20
0.0
 30
0.0
  3
*D4
  1

  0
LINE
  5
2D3
330
2D1
100
AcDbEntity
  8
≥ﬂ¥ÁòÀ◊¢
370
    -2
100
AcDbLine
 10
7612.275598328472
 20
1799.276410874624
 30
0.0
 11
7279.918710557126
 21
1799.276410874624
 31
0.0
  0
LINE
  5
2D4
330
2D1
100
AcDbEntity
  8
≥ﬂ¥ÁòÀ◊¢
370
    -2
100
AcDbLine
 10
7535.460882337044
 20
2269.176410874624
 30
0.0
 11
7279.918710557128
 21
2269.176410874624
 31
0.0
  0
LINE
  5
2D5
330
2D1
100
AcDbEntity
  8
≥ﬂ¥ÁòÀ◊¢
 62
     1
100
AcDbLine
 10
7283.668710557127
 20
1811.276410874624
 30
0.0
 11
7283.668710557127
 21
2257.176410874624
 31
0.0
  0
SOLID
  5
2D6
330
2D1
100
AcDbEntity
  8
≥ﬂ¥ÁòÀ◊¢
 62
     1
100
AcDbTrace
 10
7281.668710557126
 20
1811.276410874624
 30
0.0
 11
7285.668710557127
 21
1811.276410874624
 31
0.0
 12
7283.668710557127
 22
1799.276410874624
 32
0.0
 13
7283.668710557127
 23
1799.276410874624
 33
0.0
  0
SOLID
  5
2D7
330
2D1
100
AcDbEntity
  8
≥ﬂ¥ÁòÀ◊¢
 62
     1
100
AcDbTrace
 10
7281.668710557126
 20
2257.176410874624
 30
0.0
 11
7285.668710557127
 21
2257.176410874624
 31
0.0
 12
7283.668710557127
 22
2269.176410874624
 32
0.0
 13
7283.668710557127
 23
2269.176410874624
 33
0.0
  0
MTEXT
  5
2D8
330
2D1
100
AcDbEntity
  8
≥ﬂ¥ÁòÀ◊¢
 62
     3
100
AcDbMText
 10
7267.168710557126
 20
2034.226410874625
 30
0.0
 40
18.0
 41
0.0
 71
     5
 72
     1
  1
469,9mm [18 1/2"]
  7
DIM
 11
0.0000000000000001
 21
1.0
 31
0.0
 73
     1
 44
1.0
1001
ACAD
1000
MTEXTBEGIN
1070
    73
1070
     1
1070
    44
1040
1.0
1070
    74
1070
     0
1000
MTEXTEND
  0
POINT
  5
2D9
330
2D1
100
AcDbEntity
  8
Defpoints
 62
     0
100
AcDbPoint
 10
7614.15059832847
 20
1799.276410874624
 30
0.0
  0
POINT
  5
2DA
330
2D1
100
AcDbEntity
  8
Defpoints
 62
     0
100
AcDbPoint
 10
7537.335882337043
 20
2269.176410874624
 30
0.0
  0
POINT
  5
2DB
330
2D1
100
AcDbEntity
  8
Defpoints
 62
     0
100
AcDbPoint
 10
7283.668710557127
 20
2269.176410874624
 30
0.0
  0
ENDBLK
  5
2DC
330
2D1
100
AcDbEntity
  8
0
100
AcDbBlockEnd
  0
BLOCK
  5
2DE
330
2DD
100
AcDbEntity
  8
0
100
AcDbBlockBegin
  2
*D5
 70
     1
 10
0.0
 20
0.0
 30
0.0
  3
*D5
  1

  0
LINE
  5
2DF
330
2DD
100
AcDbEntity
  8
≥ﬂ¥ÁòÀ◊¢
370
    -2
100
AcDbLine
 10
7550.923389896337
 20
2243.776410874624
 30
0.0
 11
7316.279036580607
 21
2243.776410874624
 31
0.0
  0
LINE
  5
2E0
330
2DD
100
AcDbEntity
  8
≥ﬂ¥ÁòÀ◊¢
370
    -2
100
AcDbLine
 10
7567.192220597537
 20
1824.676410874624
 30
0.0
 11
7316.279036580607
 21
1824.676410874624
 31
0.0
  0
LINE
  5
2E1
330
2DD
100
AcDbEntity
  8
≥ﬂ¥ÁòÀ◊¢
 62
     1
100
AcDbLine
 10
7320.029036580608
 20
2231.776410874624
 30
0.0
 11
7320.029036580608
 21
1836.676410874624
 31
0.0
  0
SOLID
  5
2E2
330
2DD
100
AcDbEntity
  8
≥ﬂ¥ÁòÀ◊¢
 62
     1
100
AcDbTrace
 10
7318.029036580607
 20
2231.776410874624
 30
0.0
 11
7322.029036580608
 21
2231.776410874624
 31
0.0
 12
7320.029036580608
 22
2243.776410874624
 32
0.0
 13
7320.029036580608
 23
2243.776410874624
 33
0.0
  0
SOLID
  5
2E3
330
2DD
100
AcDbEntity
  8
≥ﬂ¥ÁòÀ◊¢
 62
     1
100
AcDbTrace
 10
7318.029036580607
 20
1836.676410874624
 30
0.0
 11
7322.029036580606
 21
1836.676410874624
 31
0.0
 12
7320.029036580605
 22
1824.676410874624
 32
0.0
 13
7320.029036580605
 23
1824.676410874624
 33
0.0
  0
MTEXT
  5
2E4
330
2DD
100
AcDbEntity
  8
≥ﬂ¥ÁòÀ◊¢
 62
     3
100
AcDbMText
 10
7303.529036580606
 20
2034.226410874625
 30
0.0
 40
18.0
 41
0.0
 71
     5
 72
     1
  1
419,1mm [16 1/2"]
  7
DIM
 11
0.0000000000000001
 21
1.0
 31
0.0
 73
     1
 44
1.0
1001
ACAD
1000
MTEXTBEGIN
1070
    73
1070
     1
1070
    44
1040
1.0
1070
    74
1070
     0
1000
MTEXTEND
  0
POINT
  5
2E5
330
2DD
100
AcDbEntity
  8
Defpoints
 62
     0
100
AcDbPoint
 10
7552.798389896337
 20
2243.776410874624
 30
0.0
  0
POINT
  5
2E6
330
2DD
100
AcDbEntity
  8
Defpoints
 62
     0
100
AcDbPoint
 10
7569.067220597538
 20
1824.676410874624
 30
0.0
  0
POINT
  5
2E7
330
2DD
100
AcDbEntity
  8
Defpoints
 62
     0
100
AcDbPoint
 10
7320.029036580605
 20
1824.676410874624
 30
0.0
  0
ENDBLK
  5
2E8
330
2DD
100
AcDbEntity
  8
0
100
AcDbBlockEnd
  0
BLOCK
  5
2EA
330
2E9
100
AcDbEntity
  8
0
100
AcDbBlockBegin
  2
*D6
 70
     1
 10
0.0
 20
0.0
 30
0.0
  3
*D6
  1

  0
LINE
  5
2EB
330
2E9
100
AcDbEntity
  8
≥ﬂ¥ÁòÀ◊¢
370
    -2
100
AcDbLine
 10
7390.857804565165
 20
2019.362137254026
 30
0.0
 11
7390.857804565165
 21
1725.96113969484
 31
0.0
  0
LINE
  5
2EC
330
2E9
100
AcDbEntity
  8
≥ﬂ¥ÁòÀ◊¢
370
    -2
100
AcDbLine
 10
7751.857804565166
 20
2019.362137254026
 30
0.0
 11
7751.857804565166
 21
1725.96113969484
 31
0.0
  0
LINE
  5
2ED
330
2E9
100
AcDbEntity
  8
≥ﬂ¥ÁòÀ◊¢
 62
     1
100
AcDbLine
 10
7402.857804565167
 20
1729.71113969484
 30
0.0
 11
7739.857804565166
 21
1729.71113969484
 31
0.0
  0
SOLID
  5
2EE
330
2E9
100
AcDbEntity
  8
≥ﬂ¥ÁòÀ◊¢
 62
     1
100
AcDbTrace
 10
7402.857804565167
 20
1731.71113969484
 30
0.0
 11
7402.857804565167
 21
1727.71113969484
 31
0.0
 12
7390.857804565165
 22
1729.71113969484
 32
0.0
 13
7390.857804565165
 23
1729.71113969484
 33
0.0
  0
SOLID
  5
2EF
330
2E9
100
AcDbEntity
  8
≥ﬂ¥ÁòÀ◊¢
 62
     1
100
AcDbTrace
 10
7739.857804565166
 20
1731.71113969484
 30
0.0
 11
7739.857804565166
 21
1727.71113969484
 31
0.0
 12
7751.857804565166
 22
1729.71113969484
 32
0.0
 13
7751.857804565166
 23
1729.71113969484
 33
0.0
  0
MTEXT
  5
2F0
330
2E9
100
AcDbEntity
  8
≥ﬂ¥ÁòÀ◊¢
 62
     3
100
AcDbMText
 10
7571.357804565167
 20
1744.71113969484
 30
0.0
 40
18.0
 41
0.0
 71
     5
 72
     1
  1
361mm [14 3/16"]
  7
DIM
 73
     1
 44
1.0
1001
ACAD
1000
MTEXTBEGIN
1070
    73
1070
     1
1070
    44
1040
1.0
1070
    74
1070
     0
1000
MTEXTEND
  0
POINT
  5
2F1
330
2E9
100
AcDbEntity
  8
Defpoints
 62
     0
100
AcDbPoint
 10
7390.857804565165
 20
2021.237137254026
 30
0.0
  0
POINT
  5
2F2
330
2E9
100
AcDbEntity
  8
Defpoints
 62
     0
100
AcDbPoint
 10
7751.857804565166
 20
2021.237137254026
 30
0.0
  0
POINT
  5
2F3
330
2E9
100
AcDbEntity
  8
Defpoints
 62
     0
100
AcDbPoint
 10
7751.857804565166
 20
1729.71113969484
 30
0.0
  0
ENDBLK
  5
2F4
330
2E9
100
AcDbEntity
  8
0
100
AcDbBlockEnd
  0
BLOCK
  5
2F6
330
2F5
100
AcDbEntity
  8
0
100
AcDbBlockBegin
  2
*D7
 70
     1
 10
0.0
 20
0.0
 30
0.0
  3
*D7
  1

  0
LINE
  5
2F7
330
2F5
100
AcDbEntity
  8
≥ﬂ¥ÁòÀ◊¢
370
    -2
100
AcDbLine
 10
7791.857804565167
 20
1969.146985406186
 30
0.0
 11
7791.857804565167
 21
1728.46176822247
 31
0.0
  0
LINE
  5
2F8
330
2F5
100
AcDbEntity
  8
≥ﬂ¥ÁòÀ◊¢
370
    -2
100
AcDbLine
 10
8152.857804565167
 20
1969.146985406186
 30
0.0
 11
8152.857804565167
 21
1728.46176822247
 31
0.0
  0
LINE
  5
2F9
330
2F5
100
AcDbEntity
  8
≥ﬂ¥ÁòÀ◊¢
 62
     1
100
AcDbLine
 10
7803.857804565166
 20
1732.211768222471
 30
0.0
 11
8140.857804565165
 21
1732.211768222471
 31
0.0
  0
SOLID
  5
2FA
330
2F5
100
AcDbEntity
  8
≥ﬂ¥ÁòÀ◊¢
 62
     1
100
AcDbTrace
 10
7803.857804565166
 20
1734.21176822247
 30
0.0
 11
7803.857804565166
 21
1730.211768222471
 31
0.0
 12
7791.857804565167
 22
1732.211768222471
 32
0.0
 13
7791.857804565167
 23
1732.211768222471
 33
0.0
  0
SOLID
  5
2FB
330
2F5
100
AcDbEntity
  8
≥ﬂ¥ÁòÀ◊¢
 62
     1
100
AcDbTrace
 10
8140.857804565165
 20
1734.21176822247
 30
0.0
 11
8140.857804565165
 21
1730.211768222471
 31
0.0
 12
8152.857804565167
 22
1732.211768222471
 32
0.0
 13
8152.857804565167
 23
1732.211768222471
 33
0.0
  0
MTEXT
  5
2FC
330
2F5
100
AcDbEntity
  8
≥ﬂ¥ÁòÀ◊¢
 62
     3
100
AcDbMText
 10
7972.357804565167
 20
1747.21176822247
 30
0.0
 40
18.0
 41
0.0
 71
     5
 72
     1
  1
361mm [14 3/16"]
  7
DIM
 73
     1
 44
1.0
1001
ACAD
1000
MTEXTBEGIN
1070
    73
1070
     1
1070
    44
1040
1.0
1070
    74
1070
     0
1000
MTEXTEND
  0
POINT
  5
2FD
330
2F5
100
AcDbEntity
  8
Defpoints
 62
     0
100
AcDbPoint
 10
7791.857804565167
 20
1971.021985406186
 30
0.0
  0
POINT
  5
2FE
330
2F5
100
AcDbEntity
  8
Defpoints
 62
     0
100
AcDbPoint
 10
8152.857804565167
 20
1971.021985406186
 30
0.0
  0
POINT
  5
2FF
330
2F5
100
AcDbEntity
  8
Defpoints
 62
     0
100
AcDbPoint
 10
8152.857804565167
 20
1732.211768222471
 30
0.0
  0
ENDBLK
  5
300
330
2F5
100
AcDbEntity
  8
0
100
AcDbBlockEnd
  0
BLOCK
  5
302
330
301
100
AcDbEntity
  8
0
100
AcDbBlockBegin
  2
*D8
 70
     1
 10
0.0
 20
0.0
 30
0.0
  3
*D8
  1

  0
LINE
  5
303
330
301
100
AcDbEntity
  8
≥ﬂ¥ÁòÀ◊¢
370
    -2
100
AcDbLine
 10
7390.857804565165
 20
2019.362137254026
 30
0.0
 11
7390.857804565165
 21
1660.5
 31
0.0
  0
LINE
  5
304
330
301
100
AcDbEntity
  8
≥ﬂ¥ÁòÀ◊¢
370
    -2
100
AcDbLine
 10
8152.857804565167
 20
2019.362137254026
 30
0.0
 11
8152.857804565167
 21
1660.5
 31
0.0
  0
LINE
  5
305
330
301
100
AcDbEntity
  8
≥ﬂ¥ÁòÀ◊¢
 62
     1
100
AcDbLine
 10
7402.857804565167
 20
1664.25
 30
0.0
 11
8140.857804565165
 21
1664.25
 31
0.0
  0
SOLID
  5
306
330
301
100
AcDbEntity
  8
≥ﬂ¥ÁòÀ◊¢
 62
     1
100
AcDbTrace
 10
7402.857804565167
 20
1666.25
 30
0.0
 11
7402.857804565167
 21
1662.25
 31
0.0
 12
7390.857804565165
 22
1664.25
 32
0.0
 13
7390.857804565165
 23
1664.25
 33
0.0
  0
SOLID
  5
307
330
301
100
AcDbEntity
  8
≥ﬂ¥ÁòÀ◊¢
 62
     1
100
AcDbTrace
 10
8140.857804565165
 20
1666.25
 30
0.0
 11
8140.857804565165
 21
1662.25
 31
0.0
 12
8152.857804565167
 22
1664.25
 32
0.0
 13
8152.857804565167
 23
1664.25
 33
0.0
  0
MTEXT
  5
308
330
301
100
AcDbEntity
  8
≥ﬂ¥ÁòÀ◊¢
 62
     3
100
AcDbMText
 10
7761.0
 20
1679.25
 30
0.0
 40
18.0
 41
0.0
 71
     5
 72
     1
  1
762mm [30"]
  7
DIM
 73
     1
 44
1.0
1001
ACAD
1000
MTEXTBEGIN
1070
    73
1070
     1
1070
    44
1040
1.0
1070
    74
1070
     0
1000
MTEXTEND
  0
POINT
  5
309
330
301
100
AcDbEntity
  8
Defpoints
 62
     0
100
AcDbPoint
 10
7390.857804565165
 20
2021.237137254026
 30
0.0
  0
POINT
  5
30A
330
301
100
AcDbEntity
  8
Defpoints
 62
     0
100
AcDbPoint
 10
8152.857804565167
 20
2021.237137254026
 30
0.0
  0
POINT
  5
30B
330
301
100
AcDbEntity
  8
Defpoints
 62
     0
100
AcDbPoint
 10
8152.857804565167
 20
1664.25
 30
0.0
  0
ENDBLK
  5
30C
330
301
100
AcDbEntity
  8
0
100
AcDbBlockEnd
  0
BLOCK
  5
310
330
30D
100
AcDbEntity
  8
0
100
AcDbBlockBegin
  2
A$C3E9E28A7
 70
     0
 10
0.0
 20
0.0
 30
0.0
  3
A$C3E9E28A7
  1

  0
LINE
  5
311
102
{ACAD_REACTORS
330
330
102
}
330
30D
100
AcDbEntity
  8
1
370
    25
100
AcDbLine
 10
1041.565190737157
 20
333.620513066794
 30
0.0
 11
439.5651907371575
 21
333.620513066794
 31
0.0
  0
LINE
  5
312
102
{ACAD_REACTORS
330
32D
102
}
330
30D
100
AcDbEntity
  8
1
370
    25
100
AcDbLine
 10
1146.965190737157
 20
-30.87948693320573
 30
0.0
 11
1146.965190737157
 21
228.2205130667944
 31
0.0
  0
LINE
  5
313
102
{ACAD_REACTORS
330
333
102
}
330
30D
100
AcDbEntity
  8
1
370
    25
100
AcDbLine
 10
439.5651907371575
 20
-110.8794869332057
 30
0.0
 11
1041.565190737157
 21
-110.8794869332057
 31
0.0
  0
LINE
  5
314
102
{ACAD_REACTORS
330
339
102
}
330
30D
100
AcDbEntity
  8
1
370
    25
100
AcDbLine
 10
760.5651907371574
 20
253.2205130667944
 30
0.0
 11
760.5651907371574
 21
-55.87948693320573
 31
0.0
  0
LINE
  5
315
102
{ACAD_REACTORS
330
32D
102
}
330
30D
100
AcDbEntity
  8
1
370
    25
100
AcDbLine
 10
334.1651907371578
 20
228.2205130667944
 30
0.0
 11
334.1651907371578
 21
-30.87948693320573
 31
0.0
  0
LINE
  5
316
102
{ACAD_REACTORS
330
339
102
}
330
30D
100
AcDbEntity
  8
1
370
    25
100
AcDbLine
 10
1121.565190737157
 20
-30.87948693320573
 30
0.0
 11
1121.565190737157
 21
228.2205130667944
 31
0.0
  0
LINE
  5
317
102
{ACAD_REACTORS
330
333
102
}
330
30D
100
AcDbEntity
  8
1
370
    25
100
AcDbLine
 10
1041.565190737157
 20
308.2205130667944
 30
0.0
 11
439.5651907371575
 21
308.2205130667944
 31
0.0
  0
LINE
  5
318
102
{ACAD_REACTORS
330
336
102
}
330
30D
100
AcDbEntity
  8
1
370
    25
100
AcDbLine
 10
359.5651907371575
 20
228.2205130667944
 30
0.0
 11
359.5651907371575
 21
-30.87948693320573
 31
0.0
  0
LINE
  5
319
102
{ACAD_REACTORS
330
336
102
}
330
30D
100
AcDbEntity
  8
1
370
    25
100
AcDbLine
 10
720.5651907371574
 20
253.2205130667944
 30
0.0
 11
720.5651907371574
 21
-55.87948693320573
 31
0.0
  0
LINE
  5
31A
102
{ACAD_REACTORS
330
330
102
}
330
30D
100
AcDbEntity
  8
1
370
    25
100
AcDbLine
 10
439.5651907371575
 20
-136.2794869332058
 30
0.0
 11
1041.565190737157
 21
-136.2794869332058
 31
0.0
  0
CIRCLE
  5
31B
330
30D
100
AcDbEntity
  8
1
370
    25
100
AcDbCircle
 10
-937.5697467371574
 20
98.67051306679424
 30
0.0
 40
56.99999999999998
210
0.0
220
0.0
230
-1.0
  0
CIRCLE
  5
31C
330
30D
100
AcDbEntity
  8
1
370
    25
100
AcDbCircle
 10
-937.5697467371574
 20
98.67051306679424
 30
0.0
 40
45.0
210
0.0
220
0.0
230
-1.0
  0
ARC
  5
31D
330
30D
100
AcDbEntity
  8
1
370
    25
100
AcDbCircle
 10
439.5651907371575
 20
-30.87948693320573
 30
0.0
 40
80.0
100
AcDbArc
 50
180.0
 51
270.0
  0
CIRCLE
  5
31E
330
30D
100
AcDbEntity
  8
1
370
    25
100
AcDbCircle
 10
543.5606347371575
 20
98.67051306679424
 30
0.0
 40
45.0
  0
ARC
  5
31F
330
30D
100
AcDbEntity
  8
1
370
    25
100
AcDbCircle
 10
439.5651907371575
 20
228.2205130667944
 30
0.0
 40
105.4
100
AcDbArc
 50
90.0
 51
180.0
  0
ARC
  5
320
330
30D
100
AcDbEntity
  8
1
370
    25
100
AcDbCircle
 10
439.5651907371575
 20
-30.87948693320573
 30
0.0
 40
105.4
100
AcDbArc
 50
180.0
 51
270.0
  0
ARC
  5
321
330
30D
100
AcDbEntity
  8
1
370
    25
100
AcDbCircle
 10
1041.565190737157
 20
-30.87948693320573
 30
0.0
 40
105.4
100
AcDbArc
 50
270.0
 51
0.0
  0
ARC
  5
322
330
30D
100
AcDbEntity
  8
1
370
    25
100
AcDbCircle
 10
1041.565190737157
 20
228.2205130667944
 30
0.0
 40
105.4
100
AcDbArc
 50
0.0
 51
90.0
  0
ARC
  5
323
330
30D
100
AcDbEntity
  8
1
370
    25
100
AcDbCircle
 10
1041.565190737157
 20
-30.87948693320573
 30
0.0
 40
80.0
100
AcDbArc
 50
270.0
 51
0.0
  0
ARC
  5
324
330
30D
100
AcDbEntity
  8
1
370
    25
100
AcDbCircle
 10
1041.565190737157
 20
228.2205130667944
 30
0.0
 40
80.0
100
AcDbArc
 50
0.0
 51
90.0
  0
ARC
  5
325
330
30D
100
AcDbEntity
  8
1
370
    25
100
AcDbCircle
 10
439.5651907371575
 20
228.2205130667944
 30
0.0
 40
80.0
100
AcDbArc
 50
90.0
 51
180.0
  0
ARC
  5
326
330
30D
100
AcDbEntity
  8
1
370
    25
100
AcDbCircle
 10
665.5651907371575
 20
253.2205130667944
 30
0.0
 40
55.0
100
AcDbArc
 50
0.0
 51
90.0
  0
ARC
  5
327
330
30D
100
AcDbEntity
  8
1
370
    25
100
AcDbCircle
 10
815.5651907371574
 20
-55.87948693320573
 30
0.0
 40
55.0
100
AcDbArc
 50
180.0
 51
270.0
  0
ARC
  5
328
330
30D
100
AcDbEntity
  8
1
370
    25
100
AcDbCircle
 10
815.5651907371574
 20
253.2205130667944
 30
0.0
 40
55.0
100
AcDbArc
 50
90.0
 51
180.0
  0
ARC
  5
329
330
30D
100
AcDbEntity
  8
1
370
    25
100
AcDbCircle
 10
665.5651907371575
 20
-55.87948693320573
 30
0.0
 40
55.0
100
AcDbArc
 50
270.0
 51
0.0
  0
CIRCLE
  5
32A
330
30D
100
AcDbEntity
  8
1
370
    25
100
AcDbCircle
 10
543.5606347371575
 20
98.67051306679424
 30
0.0
 40
57.0
  0
DIMENSION
  5
32B
102
{ACAD_XDICTIONARY
360
32C
102
}
102
{ACAD_REACTORS
330
32D
102
}
330
30D
100
AcDbEntity
  8
≥ﬂ¥ÁòÀ◊¢
100
AcDbDimension
  2
*D3
 10
1146.965190737157
 20
-336.0558978078298
 30
0.0
 11
740.7073861719908
 21
-336.0558978078298
 31
0.0
 12
-7031.292613828009
 22
-1935.55589780783
 32
0.0
 70
   128
 71
     5
 42
812.7999999999993
  3
mm+in
100
AcDbAlignedDimension
 13
334.1651907371578
 23
152.2896284572807
 33
0.0
 14
1146.965190737157
 24
152.2896284572807
 34
0.0
 50
0.0
100
AcDbRotatedDimension
1001
ACAD
1000
DSTYLE
1002
{
1070
    41
1040
4.0
1070
   140
1040
6.0
1070
   278
1070
    46
1070
   288
1070
     1
1002
}
1001
ACAD_DSTYLE_DIMARC_LENGTH_SYMBOL
1070
   379
1070
     1
  0
DIMENSION
  5
32E
102
{ACAD_XDICTIONARY
360
32F
102
}
102
{ACAD_REACTORS
330
330
102
}
330
30D
100
AcDbEntity
  8
≥ﬂ¥ÁòÀ◊¢
100
AcDbDimension
  2
*D4
 10
252.3760967291182
 20
333.620513066794
 30
0.0
 11
235.8760967291173
 21
98.67051306679536
 31
0.0
 12
-7031.292613828009
 22
-1935.55589780783
 32
0.0
 71
     5
 42
469.8999999999998
  3
mm+in
100
AcDbAlignedDimension
 13
582.8579845004623
 23
-136.2794869332058
 33
0.0
 14
506.0432685090344
 24
333.620513066794
 34
0.0
 50
90.0
100
AcDbRotatedDimension
1001
ACAD
1000
DSTYLE
1002
{
1070
    41
1040
4.0
1070
   140
1040
6.0
1070
   288
1070
     1
1002
}
1001
ACAD_DSTYLE_DIMARC_LENGTH_SYMBOL
1070
   379
1070
     1
  0
DIMENSION
  5
331
102
{ACAD_XDICTIONARY
360
332
102
}
102
{ACAD_REACTORS
330
333
102
}
330
30D
100
AcDbEntity
  8
≥ﬂ¥ÁòÀ◊¢
100
AcDbDimension
  2
*D5
 10
288.7364227525977
 20
-110.8794869332057
 30
0.0
 11
272.2364227525977
 21
98.67051306679559
 31
0.0
 12
-7031.292613828009
 22
-1935.55589780783
 32
0.0
 71
     5
 42
419.1000000000003
  3
mm+in
100
AcDbAlignedDimension
 13
521.5057760683285
 23
308.2205130667944
 33
0.0
 14
537.7746067695278
 24
-110.8794869332057
 34
0.0
 50
90.0
100
AcDbRotatedDimension
1001
ACAD
1000
DSTYLE
1002
{
1070
    41
1040
4.0
1070
   140
1040
6.0
1070
   288
1070
     1
1002
}
1001
ACAD_DSTYLE_DIMARC_LENGTH_SYMBOL
1070
   379
1070
     1
  0
DIMENSION
  5
334
102
{ACAD_XDICTIONARY
360
335
102
}
102
{ACAD_REACTORS
330
336
102
}
330
30D
100
AcDbEntity
  8
≥ﬂ¥ÁòÀ◊¢
100
AcDbDimension
  2
*D6
 10
720.5651907371574
 20
-205.8447581129895
 30
0.0
 11
540.0651907371575
 21
-190.8447581129894
 31
0.0
 12
-7031.292613828009
 22
-1935.55589780783
 32
0.0
 71
     5
 42
361.0
  3
mm+in
100
AcDbAlignedDimension
 13
359.5651907371575
 23
85.68123944619584
 33
0.0
 14
720.5651907371574
 24
85.68123944619584
 34
0.0
 50
0.0
100
AcDbRotatedDimension
1001
ACAD
1000
DSTYLE
1002
{
1070
    41
1040
4.0
1070
   140
1040
6.0
1070
   288
1070
     1
1002
}
1001
ACAD_DSTYLE_DIMARC_LENGTH_SYMBOL
1070
   379
1070
     1
  0
DIMENSION
  5
337
102
{ACAD_XDICTIONARY
360
338
102
}
102
{ACAD_REACTORS
330
339
102
}
330
30D
100
AcDbEntity
  8
≥ﬂ¥ÁòÀ◊¢
100
AcDbDimension
  2
*D7
 10
1121.565190737157
 20
-203.344129585359
 30
0.0
 11
941.0651907371574
 21
-188.344129585359
 31
0.0
 12
-7031.292613828009
 22
-1935.55589780783
 32
0.0
 71
     5
 42
361.0
  3
mm+in
100
AcDbAlignedDimension
 13
760.5651907371574
 23
35.46608759835635
 33
0.0
 14
1121.565190737157
 24
35.46608759835635
 34
0.0
 50
0.0
100
AcDbRotatedDimension
1001
ACAD
1000
DSTYLE
1002
{
1070
    41
1040
4.0
1070
   140
1040
6.0
1070
   278
1070
    46
1070
   288
1070
     1
1002
}
1001
ACAD_DSTYLE_DIMARC_LENGTH_SYMBOL
1070
   379
1070
     1
  0
DIMENSION
  5
33A
330
30D
100
AcDbEntity
  8
≥ﬂ¥ÁòÀ◊¢
100
AcDbDimension
  2
*D8
 10
1121.565190737157
 20
-271.3058978078298
 30
0.0
 11
729.7073861719908
 21
-271.3058978078298
 31
0.0
 12
-7031.292613828009
 22
-1935.55589780783
 32
0.0
 70
   128
 71
     5
 42
762.0
  3
mm+in
100
AcDbAlignedDimension
 13
359.5651907371575
 23
85.68123944619584
 33
0.0
 14
1121.565190737157
 24
85.68123944619584
 34
0.0
 50
0.0
100
AcDbRotatedDimension
1001
ACAD
1000
DSTYLE
1002
{
1070
    41
1040
4.0
1070
   140
1040
6.0
1070
   278
1070
    46
1070
   288
1070
     1
1002
}
1001
ACAD_DSTYLE_DIMARC_LENGTH_SYMBOL
1070
   379
1070
     1
  0
ENDBLK
  5
33B
330
30D
100
AcDbEntity
  8
0
100
AcDbBlockEnd
  0
BLOCK
  5
33D
330
33C
100
AcDbEntity
  8
0
100
AcDbBlockBegin
  2
*D10
 70
     1
 10
0.0
 20
0.0
 30
0.0
  3
*D10
  1

  0
LINE
  5
33E
330
33C
100
AcDbEntity
  8
ºöåçæÄ
370
     0
100
AcDbLine
 10
3899.754446692266
 20
10441.31576395152
 30
0.0
 11
3899.754446692266
 21
10446.09334495351
 31
0.0
  0
LINE
  5
33F
330
33C
100
AcDbEntity
  8
ºöåçæÄ
370
     0
100
AcDbLine
 10
3904.300308667507
 20
10426.86958561336
 30
0.0
 11
3904.300308667507
 21
10446.09334495351
 31
0.0
  0
LINE
  5
340
330
33C
100
AcDbEntity
  8
ºöåçæÄ
370
     0
100
AcDbLine
 10
3897.754446692267
 20
10445.91334495351
 30
0.0
 11
3895.754446692266
 21
10445.91334495351
 31
0.0
  0
LINE
  5
341
330
33C
100
AcDbEntity
  8
ºöåçæÄ
370
     0
100
AcDbLine
 10
3906.300308667506
 20
10445.91334495351
 30
0.0
 11
3926.299521797123
 21
10445.91334495351
 31
0.0
  0
SOLID
  5
342
330
33C
100
AcDbEntity
  8
ºöåçæÄ
100
AcDbTrace
 10
3897.754446692267
 20
10446.24667828685
 30
0.0
 11
3897.754446692267
 21
10445.58001162018
 31
0.0
 12
3899.754446692266
 22
10445.91334495351
 32
0.0
 13
3899.754446692266
 23
10445.91334495351
 33
0.0
  0
SOLID
  5
343
330
33C
100
AcDbEntity
  8
ºöåçæÄ
100
AcDbTrace
 10
3906.300308667506
 20
10446.24667828685
 30
0.0
 11
3906.300308667506
 21
10445.58001162018
 31
0.0
 12
3904.300308667507
 22
10445.91334495351
 32
0.0
 13
3904.300308667507
 23
10445.91334495351
 33
0.0
  0
MTEXT
  5
344
330
33C
100
AcDbEntity
  8
ºöåçæÄ
 62
     0
100
AcDbMText
 10
3917.299915232315
 20
10452.13507027252
 30
0.0
 40
3.5
 41
0.0
 71
     5
 72
     1
  1
\A1;{\fTahoma|b0|i0|c163|p34;\H1.4581x;1/4"}
 73
     1
 44
1.0
1001
ACAD
1000
MTEXTBEGIN
1070
    73
1070
     1
1070
    44
1040
1.0
1070
    74
1070
     0
1000
MTEXTEND
  0
POINT
  5
345
330
33C
100
AcDbEntity
  8
Defpoints
 62
     0
100
AcDbPoint
 10
3899.754446692266
 20
10441.25326395152
 30
0.0
  0
POINT
  5
346
330
33C
100
AcDbEntity
  8
Defpoints
 62
     0
100
AcDbPoint
 10
3904.300308667507
 20
10426.80708561336
 30
0.0
  0
POINT
  5
347
330
33C
100
AcDbEntity
  8
Defpoints
 62
     0
100
AcDbPoint
 10
3904.300308667507
 20
10445.91334495351
 30
0.0
  0
ENDBLK
  5
348
330
33C
100
AcDbEntity
  8
0
100
AcDbBlockEnd
  0
BLOCK
  5
34A
330
349
100
AcDbEntity
  8
0
100
AcDbBlockBegin
  2
*D11
 70
     1
 10
0.0
 20
0.0
 30
0.0
  3
*D11
  1

  0
LINE
  5
34B
330
349
100
AcDbEntity
  8
0
 62
     1
370
    -2
100
AcDbLine
 10
3264.225283809488
 20
10260.08970481941
 30
0.0
 11
3264.225283809488
 21
10528.05211343738
 31
0.0
  0
LINE
  5
34C
330
349
100
AcDbEntity
  8
0
 62
     1
370
    -2
100
AcDbLine
 10
4013.525283809488
 20
10260.08970481941
 30
0.0
 11
4013.525283809488
 21
10528.05211343738
 31
0.0
  0
LINE
  5
34D
330
349
100
AcDbEntity
  8
0
 62
     1
100
AcDbLine
 10
3272.975283809488
 20
10523.67711343737
 30
0.0
 11
4004.775283809487
 21
10523.67711343737
 31
0.0
  0
SOLID
  5
34E
330
349
100
AcDbEntity
  8
0
 62
     1
100
AcDbTrace
 10
3272.975283809488
 20
10525.13544677071
 30
0.0
 11
3272.975283809488
 21
10522.21878010404
 31
0.0
 12
3264.225283809488
 22
10523.67711343737
 32
0.0
 13
3264.225283809488
 23
10523.67711343737
 33
0.0
  0
SOLID
  5
34F
330
349
100
AcDbEntity
  8
0
 62
     1
100
AcDbTrace
 10
4004.775283809487
 20
10525.13544677071
 30
0.0
 11
4004.775283809487
 21
10522.21878010404
 31
0.0
 12
4013.525283809488
 22
10523.67711343737
 32
0.0
 13
4013.525283809488
 23
10523.67711343737
 33
0.0
  0
MTEXT
  5
350
330
349
100
AcDbEntity
  8
0
 62
     3
100
AcDbMText
 10
3630.033924190743
 20
10537.67711343738
 30
0.0
 40
14.0
 41
0.0
 71
     5
 72
     1
  1
749.3mm [29 1/2"]
  7
DIM
 73
     1
 44
1.0
1001
ACAD
1000
MTEXTBEGIN
1070
    73
1070
     1
1070
    44
1040
1.0
1070
    74
1070
     0
1000
MTEXTEND
  0
POINT
  5
351
330
349
100
AcDbEntity
  8
Defpoints
 62
     0
100
AcDbPoint
 10
3264.225283809488
 20
10257.90220481942
 30
0.0
  0
POINT
  5
352
330
349
100
AcDbEntity
  8
Defpoints
 62
     0
100
AcDbPoint
 10
4013.525283809488
 20
10257.90220481942
 30
0.0
  0
POINT
  5
353
330
349
100
AcDbEntity
  8
Defpoints
 62
     0
100
AcDbPoint
 10
4013.525283809488
 20
10523.67711343737
 30
0.0
  0
ENDBLK
  5
354
330
349
100
AcDbEntity
  8
0
100
AcDbBlockEnd
  0
BLOCK
  5
356
330
355
100
AcDbEntity
  8
0
100
AcDbBlockBegin
  2
*D12
 70
     1
 10
0.0
 20
0.0
 30
0.0
  3
*D12
  1

  0
LINE
  5
357
330
355
100
AcDbEntity
  8
0
 62
     1
370
    -2
100
AcDbLine
 10
3257.875283809488
 20
10260.08970481941
 30
0.0
 11
3257.875283809488
 21
10574.4505852308
 31
0.0
  0
LINE
  5
358
330
355
100
AcDbEntity
  8
0
 62
     1
370
    -2
100
AcDbLine
 10
4019.875283809488
 20
10260.08970481941
 30
0.0
 11
4019.875283809488
 21
10574.4505852308
 31
0.0
  0
LINE
  5
359
330
355
100
AcDbEntity
  8
0
 62
     1
100
AcDbLine
 10
3266.625283809488
 20
10570.0755852308
 30
0.0
 11
4011.125283809487
 21
10570.0755852308
 31
0.0
  0
SOLID
  5
35A
330
355
100
AcDbEntity
  8
0
 62
     1
100
AcDbTrace
 10
3266.625283809488
 20
10571.53391856413
 30
0.0
 11
3266.625283809488
 21
10568.61725189746
 31
0.0
 12
3257.875283809488
 22
10570.0755852308
 32
0.0
 13
3257.875283809488
 23
10570.0755852308
 33
0.0
  0
SOLID
  5
35B
330
355
100
AcDbEntity
  8
0
 62
     1
100
AcDbTrace
 10
4011.125283809487
 20
10571.53391856413
 30
0.0
 11
4011.125283809487
 21
10568.61725189746
 31
0.0
 12
4019.875283809488
 22
10570.0755852308
 32
0.0
 13
4019.875283809488
 23
10570.0755852308
 33
0.0
  0
MTEXT
  5
35C
330
355
100
AcDbEntity
  8
0
 62
     3
100
AcDbMText
 10
3631.508067247845
 20
10584.0755852308
 30
0.0
 40
14.0
 41
0.0
 71
     5
 72
     1
  1
762mm [30"]
  7
DIM
 73
     1
 44
1.0
1001
ACAD
1000
MTEXTBEGIN
1070
    73
1070
     1
1070
    44
1040
1.0
1070
    74
1070
     0
1000
MTEXTEND
  0
POINT
  5
35D
330
355
100
AcDbEntity
  8
Defpoints
 62
     0
100
AcDbPoint
 10
3257.875283809488
 20
10257.90220481942
 30
0.0
  0
POINT
  5
35E
330
355
100
AcDbEntity
  8
Defpoints
 62
     0
100
AcDbPoint
 10
4019.875283809488
 20
10257.90220481942
 30
0.0
  0
POINT
  5
35F
330
355
100
AcDbEntity
  8
Defpoints
 62
     0
100
AcDbPoint
 10
4019.875283809488
 20
10570.0755852308
 30
0.0
  0
ENDBLK
  5
360
330
355
100
AcDbEntity
  8
0
100
AcDbBlockEnd
  0
BLOCK
  5
362
330
361
100
AcDbEntity
  8
0
100
AcDbBlockBegin
  2
*D13
 70
     1
 10
0.0
 20
0.0
 30
0.0
  3
*D13
  1

  0
LINE
  5
363
330
361
100
AcDbEntity
  8
0
 62
     1
370
    -2
100
AcDbLine
 10
3251.525283809487
 20
10260.08970481941
 30
0.0
 11
3251.525283809487
 21
10638.86039032858
 31
0.0
  0
LINE
  5
364
330
361
100
AcDbEntity
  8
0
 62
     1
370
    -2
100
AcDbLine
 10
4026.225283809488
 20
10260.08970481941
 30
0.0
 11
4026.225283809488
 21
10638.86039032858
 31
0.0
  0
LINE
  5
365
330
361
100
AcDbEntity
  8
0
 62
     1
100
AcDbLine
 10
3260.275283809487
 20
10634.48539032858
 30
0.0
 11
4017.475283809488
 21
10634.48539032858
 31
0.0
  0
SOLID
  5
366
330
361
100
AcDbEntity
  8
0
 62
     1
100
AcDbTrace
 10
3260.275283809487
 20
10635.94372366191
 30
0.0
 11
3260.275283809487
 21
10633.02705699524
 31
0.0
 12
3251.525283809487
 22
10634.48539032858
 32
0.0
 13
3251.525283809487
 23
10634.48539032858
 33
0.0
  0
SOLID
  5
367
330
361
100
AcDbEntity
  8
0
 62
     1
100
AcDbTrace
 10
4017.475283809488
 20
10635.94372366191
 30
0.0
 11
4017.475283809488
 21
10633.02705699524
 31
0.0
 12
4026.225283809488
 22
10634.48539032858
 32
0.0
 13
4026.225283809488
 23
10634.48539032858
 33
0.0
  0
MTEXT
  5
368
330
361
100
AcDbEntity
  8
0
 62
     3
100
AcDbMText
 10
3649.851195223862
 20
10648.48539032858
 30
0.0
 40
14.0
 41
0.0
 71
     5
 72
     1
  1
774.7mm [30 1/2"]
  7
DIM
 73
     1
 44
1.0
1001
ACAD
1000
MTEXTBEGIN
1070
    73
1070
     1
1070
    44
1040
1.0
1070
    74
1070
     0
1000
MTEXTEND
  0
POINT
  5
369
330
361
100
AcDbEntity
  8
Defpoints
 62
     0
100
AcDbPoint
 10
3251.525283809487
 20
10257.90220481942
 30
0.0
  0
POINT
  5
36A
330
361
100
AcDbEntity
  8
Defpoints
 62
     0
100
AcDbPoint
 10
4026.225283809488
 20
10257.90220481942
 30
0.0
  0
POINT
  5
36B
330
361
100
AcDbEntity
  8
Defpoints
 62
     0
100
AcDbPoint
 10
4026.225283809488
 20
10634.48539032858
 30
0.0
  0
ENDBLK
  5
36C
330
361
100
AcDbEntity
  8
0
100
AcDbBlockEnd
  0
BLOCK
  5
36E
330
36D
100
AcDbEntity
  8
0
100
AcDbBlockBegin
  2
*D14
 70
     1
 10
0.0
 20
0.0
 30
0.0
  3
*D14
  1

  0
LINE
  5
36F
330
36D
100
AcDbEntity
  8
0
 62
     1
370
    -2
100
AcDbLine
 10
3905.709573959881
 20
10461.10220481941
 30
0.0
 11
4097.891918446719
 21
10461.10220481941
 31
0.0
  0
LINE
  5
370
330
36D
100
AcDbEntity
  8
0
 62
     1
370
    -2
100
AcDbLine
 10
3905.709573959881
 20
10054.70220481941
 30
0.0
 11
4097.891918446719
 21
10054.70220481941
 31
0.0
  0
LINE
  5
371
330
36D
100
AcDbEntity
  8
0
 62
     1
100
AcDbLine
 10
4093.516918446717
 20
10452.35220481941
 30
0.0
 11
4093.516918446717
 21
10063.45220481941
 31
0.0
  0
SOLID
  5
372
330
36D
100
AcDbEntity
  8
0
 62
     1
100
AcDbTrace
 10
4092.058585113384
 20
10452.35220481941
 30
0.0
 11
4094.975251780051
 21
10452.35220481941
 31
0.0
 12
4093.516918446717
 22
10461.10220481941
 32
0.0
 13
4093.516918446717
 23
10461.10220481941
 33
0.0
  0
SOLID
  5
373
330
36D
100
AcDbEntity
  8
0
 62
     1
100
AcDbTrace
 10
4092.058585113384
 20
10063.45220481941
 30
0.0
 11
4094.975251780051
 21
10063.45220481941
 31
0.0
 12
4093.516918446717
 22
10054.70220481941
 32
0.0
 13
4093.516918446717
 23
10054.70220481941
 33
0.0
  0
MTEXT
  5
374
330
36D
100
AcDbEntity
  8
0
 62
     3
100
AcDbMText
 10
4079.516918446716
 20
10296.12747630599
 30
0.0
 40
14.0
 41
0.0
 71
     5
 72
     1
  1
406.4mm [16"]
  7
DIM
 11
0.0000000000000001
 21
1.0
 31
0.0
 73
     1
 44
1.0
1001
ACAD
1000
MTEXTBEGIN
1070
    73
1070
     1
1070
    44
1040
1.0
1070
    74
1070
     0
1000
MTEXTEND
  0
POINT
  5
375
330
36D
100
AcDbEntity
  8
Defpoints
 62
     0
100
AcDbPoint
 10
3903.52207395988
 20
10461.10220481941
 30
0.0
  0
POINT
  5
376
330
36D
100
AcDbEntity
  8
Defpoints
 62
     0
100
AcDbPoint
 10
3903.52207395988
 20
10054.70220481941
 30
0.0
  0
POINT
  5
377
330
36D
100
AcDbEntity
  8
Defpoints
 62
     0
100
AcDbPoint
 10
4093.516918446717
 20
10054.70220481941
 30
0.0
  0
ENDBLK
  5
378
330
36D
100
AcDbEntity
  8
0
100
AcDbBlockEnd
  0
BLOCK
  5
37A
330
379
100
AcDbEntity
  8
0
100
AcDbBlockBegin
  2
*D15
 70
     1
 10
0.0
 20
0.0
 30
0.0
  3
*D15
  1

  0
LINE
  5
37B
330
379
100
AcDbEntity
  8
0
 62
     1
370
    -2
100
AcDbLine
 10
3924.792062867986
 20
10467.45220481941
 30
0.0
 11
4154.77738778804
 21
10467.45220481941
 31
0.0
  0
LINE
  5
37C
330
379
100
AcDbEntity
  8
0
 62
     1
370
    -2
100
AcDbLine
 10
3924.792062867986
 20
10048.35220481941
 30
0.0
 11
4154.77738778804
 21
10048.35220481941
 31
0.0
  0
LINE
  5
37D
330
379
100
AcDbEntity
  8
0
 62
     1
100
AcDbLine
 10
4150.40238778804
 20
10458.70220481941
 30
0.0
 11
4150.40238778804
 21
10057.10220481941
 31
0.0
  0
SOLID
  5
37E
330
379
100
AcDbEntity
  8
0
 62
     1
100
AcDbTrace
 10
4148.944054454708
 20
10458.70220481941
 30
0.0
 11
4151.860721121374
 21
10458.70220481941
 31
0.0
 12
4150.40238778804
 22
10467.45220481941
 32
0.0
 13
4150.40238778804
 23
10467.45220481941
 33
0.0
  0
SOLID
  5
37F
330
379
100
AcDbEntity
  8
0
 62
     1
100
AcDbTrace
 10
4148.944054454707
 20
10057.10220481941
 30
0.0
 11
4151.860721121373
 21
10057.10220481941
 31
0.0
 12
4150.40238778804
 22
10048.35220481941
 32
0.0
 13
4150.40238778804
 23
10048.35220481941
 33
0.0
  0
MTEXT
  5
380
330
379
100
AcDbEntity
  8
0
 62
     3
100
AcDbMText
 10
4136.402387788039
 20
10281.94454686731
 30
0.0
 40
14.0
 41
0.0
 71
     5
 72
     1
  1
419.1mm [16 1/2"]
  7
DIM
 11
0.0000000000000001
 21
1.0
 31
0.0
 73
     1
 44
1.0
1001
ACAD
1000
MTEXTBEGIN
1070
    73
1070
     1
1070
    44
1040
1.0
1070
    74
1070
     0
1000
MTEXTEND
  0
POINT
  5
381
330
379
100
AcDbEntity
  8
Defpoints
 62
     0
100
AcDbPoint
 10
3922.604562867986
 20
10467.45220481941
 30
0.0
  0
POINT
  5
382
330
379
100
AcDbEntity
  8
Defpoints
 62
     0
100
AcDbPoint
 10
3922.604562867986
 20
10048.35220481941
 30
0.0
  0
POINT
  5
383
330
379
100
AcDbEntity
  8
Defpoints
 62
     0
100
AcDbPoint
 10
4150.40238778804
 20
10048.35220481941
 30
0.0
  0
ENDBLK
  5
384
330
379
100
AcDbEntity
  8
0
100
AcDbBlockEnd
  0
BLOCK
  5
386
330
385
100
AcDbEntity
  8
0
100
AcDbBlockBegin
  2
*D16
 70
     1
 10
0.0
 20
0.0
 30
0.0
  3
*D16
  1

  0
LINE
  5
387
330
385
100
AcDbEntity
  8
0
 62
     1
370
    -2
100
AcDbLine
 10
3895.288829914863
 20
10473.80220481941
 30
0.0
 11
4212.390344205831
 21
10473.80220481941
 31
0.0
  0
LINE
  5
388
330
385
100
AcDbEntity
  8
0
 62
     1
370
    -2
100
AcDbLine
 10
3895.288829914863
 20
10042.00220481941
 30
0.0
 11
4212.390344205829
 21
10042.00220481941
 31
0.0
  0
LINE
  5
389
330
385
100
AcDbEntity
  8
0
 62
     1
100
AcDbLine
 10
4208.015344205832
 20
10465.05220481941
 30
0.0
 11
4208.015344205832
 21
10050.75220481941
 31
0.0
  0
SOLID
  5
38A
330
385
100
AcDbEntity
  8
0
 62
     1
100
AcDbTrace
 10
4206.557010872496
 20
10465.05220481941
 30
0.0
 11
4209.473677539164
 21
10465.05220481941
 31
0.0
 12
4208.015344205832
 22
10473.80220481941
 32
0.0
 13
4208.015344205832
 23
10473.80220481941
 33
0.0
  0
SOLID
  5
38B
330
385
100
AcDbEntity
  8
0
 62
     1
100
AcDbTrace
 10
4206.557010872496
 20
10050.75220481941
 30
0.0
 11
4209.473677539163
 21
10050.75220481941
 31
0.0
 12
4208.015344205828
 22
10042.00220481941
 32
0.0
 13
4208.015344205828
 23
10042.00220481941
 33
0.0
  0
MTEXT
  5
38C
330
385
100
AcDbEntity
  8
0
 62
     3
100
AcDbMText
 10
4194.015344205829
 20
10279.62494785617
 30
0.0
 40
14.0
 41
0.0
 71
     5
 72
     1
  1
431.8mm [17"]
  7
DIM
 11
0.0000000000000001
 21
1.0
 31
0.0
 73
     1
 44
1.0
1001
ACAD
1000
MTEXTBEGIN
1070
    73
1070
     1
1070
    44
1040
1.0
1070
    74
1070
     0
1000
MTEXTEND
  0
POINT
  5
38D
330
385
100
AcDbEntity
  8
Defpoints
 62
     0
100
AcDbPoint
 10
3893.101329914863
 20
10473.80220481941
 30
0.0
  0
POINT
  5
38E
330
385
100
AcDbEntity
  8
Defpoints
 62
     0
100
AcDbPoint
 10
3893.101329914863
 20
10042.00220481941
 30
0.0
  0
POINT
  5
38F
330
385
100
AcDbEntity
  8
Defpoints
 62
     0
100
AcDbPoint
 10
4208.015344205828
 20
10042.00220481941
 30
0.0
  0
ENDBLK
  5
390
330
385
100
AcDbEntity
  8
0
100
AcDbBlockEnd
  0
BLOCK
  5
392
330
391
100
AcDbEntity
  8
0
100
AcDbBlockBegin
  2
*D17
 70
     1
 10
0.0
 20
0.0
 30
0.0
  3
*D17
  1

  0
LINE
  5
393
330
391
100
AcDbEntity
  8
0
 62
     1
370
    -2
100
AcDbLine
 10
3264.225283809488
 20
10255.71470481941
 30
0.0
 11
3264.225283809488
 21
10209.89172123444
 31
0.0
  0
LINE
  5
394
330
391
100
AcDbEntity
  8
0
 62
     1
370
    -2
100
AcDbLine
 10
3257.875283809488
 20
10258.71680427389
 30
0.0
 11
3257.875283809488
 21
10209.89172123444
 31
0.0
  0
LINE
  5
395
330
391
100
AcDbEntity
  8
0
 62
     1
100
AcDbLine
 10
3272.975283809488
 20
10214.26672123445
 30
0.0
 11
3281.725283809488
 21
10214.26672123445
 31
0.0
  0
LINE
  5
396
330
391
100
AcDbEntity
  8
0
 62
     1
100
AcDbLine
 10
3249.125283809488
 20
10214.26672123445
 30
0.0
 11
3106.675283809488
 21
10214.26672123445
 31
0.0
  0
SOLID
  5
397
330
391
100
AcDbEntity
  8
0
 62
     1
100
AcDbTrace
 10
3272.975283809488
 20
10215.72505456778
 30
0.0
 11
3272.975283809488
 21
10212.80838790111
 31
0.0
 12
3264.225283809488
 22
10214.26672123445
 32
0.0
 13
3264.225283809488
 23
10214.26672123445
 33
0.0
  0
SOLID
  5
398
330
391
100
AcDbEntity
  8
0
 62
     1
100
AcDbTrace
 10
3249.125283809488
 20
10215.72505456778
 30
0.0
 11
3249.125283809488
 21
10212.80838790111
 31
0.0
 12
3257.875283809488
 22
10214.26672123445
 32
0.0
 13
3257.875283809488
 23
10214.26672123445
 33
0.0
  0
MTEXT
  5
399
330
391
100
AcDbEntity
  8
0
 62
     3
100
AcDbMText
 10
3161.041950476155
 20
10228.26672123445
 30
0.0
 40
14.0
 41
0.0
 71
     5
 72
     1
  1
6.4mm [1/4"]
  7
DIM
 73
     1
 44
1.0
1001
ACAD
1000
MTEXTBEGIN
1070
    73
1070
     1
1070
    44
1040
1.0
1070
    74
1070
     0
1000
MTEXTEND
  0
POINT
  5
39A
330
391
100
AcDbEntity
  8
Defpoints
 62
     0
100
AcDbPoint
 10
3264.225283809488
 20
10257.90220481942
 30
0.0
  0
POINT
  5
39B
330
391
100
AcDbEntity
  8
Defpoints
 62
     0
100
AcDbPoint
 10
3257.875283809488
 20
10260.90430427389
 30
0.0
  0
POINT
  5
39C
330
391
100
AcDbEntity
  8
Defpoints
 62
     0
100
AcDbPoint
 10
3257.875283809488
 20
10214.26672123445
 30
0.0
  0
ENDBLK
  5
39D
330
391
100
AcDbEntity
  8
0
100
AcDbBlockEnd
  0
BLOCK
  5
39F
330
39E
100
AcDbEntity
  8
0
100
AcDbBlockBegin
  2
*D18
 70
     1
 10
0.0
 20
0.0
 30
0.0
  3
*D18
  1

  0
LINE
  5
3A0
330
39E
100
AcDbEntity
  8
0
 62
     1
370
    -2
100
AcDbLine
 10
3277.875283809488
 20
10260.08970481941
 30
0.0
 11
3277.875283809488
 21
10276.97644745611
 31
0.0
  0
LINE
  5
3A1
330
39E
100
AcDbEntity
  8
0
 62
     1
370
    -2
100
AcDbLine
 10
3257.875283809488
 20
10260.08970481941
 30
0.0
 11
3257.875283809488
 21
10276.97644745611
 31
0.0
  0
LINE
  5
3A2
330
39E
100
AcDbEntity
  8
0
 62
     1
100
AcDbLine
 10
3286.625283809488
 20
10272.60144745611
 30
0.0
 11
3295.375283809488
 21
10272.60144745611
 31
0.0
  0
LINE
  5
3A3
330
39E
100
AcDbEntity
  8
0
 62
     1
100
AcDbLine
 10
3249.125283809488
 20
10272.60144745611
 30
0.0
 11
3099.937783809488
 21
10272.60144745611
 31
0.0
  0
SOLID
  5
3A4
330
39E
100
AcDbEntity
  8
0
 62
     1
100
AcDbTrace
 10
3286.625283809488
 20
10274.05978078944
 30
0.0
 11
3286.625283809488
 21
10271.14311412278
 31
0.0
 12
3277.875283809488
 22
10272.60144745611
 32
0.0
 13
3277.875283809488
 23
10272.60144745611
 33
0.0
  0
SOLID
  5
3A5
330
39E
100
AcDbEntity
  8
0
 62
     1
100
AcDbTrace
 10
3249.125283809488
 20
10274.05978078944
 30
0.0
 11
3249.125283809488
 21
10271.14311412278
 31
0.0
 12
3257.875283809488
 22
10272.60144745611
 32
0.0
 13
3257.875283809488
 23
10272.60144745611
 33
0.0
  0
MTEXT
  5
3A6
330
39E
100
AcDbEntity
  8
0
 62
     3
100
AcDbMText
 10
3160.021117142821
 20
10286.60144745611
 30
0.0
 40
14.0
 41
0.0
 71
     5
 72
     1
  1
20mm [13/16"]
  7
DIM
 73
     1
 44
1.0
1001
ACAD
1000
MTEXTBEGIN
1070
    73
1070
     1
1070
    44
1040
1.0
1070
    74
1070
     0
1000
MTEXTEND
  0
POINT
  5
3A7
330
39E
100
AcDbEntity
  8
Defpoints
 62
     0
100
AcDbPoint
 10
3277.875283809488
 20
10257.90220481942
 30
0.0
  0
POINT
  5
3A8
330
39E
100
AcDbEntity
  8
Defpoints
 62
     0
100
AcDbPoint
 10
3257.875283809488
 20
10257.90220481942
 30
0.0
  0
POINT
  5
3A9
330
39E
100
AcDbEntity
  8
Defpoints
 62
     0
100
AcDbPoint
 10
3257.875283809488
 20
10272.60144745611
 30
0.0
  0
ENDBLK
  5
3AA
330
39E
100
AcDbEntity
  8
0
100
AcDbBlockEnd
  0
BLOCK
  5
3AC
330
3AB
100
AcDbEntity
  8
0
100
AcDbBlockBegin
  2
*D19
 70
     1
 10
0.0
 20
0.0
 30
0.0
  3
*D19
  1

  0
LINE
  5
3AD
330
3AB
100
AcDbEntity
  8
0
 62
     1
100
AcDbLine
 10
3824.044073724346
 20
10296.03902292286
 30
0.0
 11
3988.880917078112
 21
10260.28682222604
 31
0.0
  0
MTEXT
  5
3AE
330
3AB
100
AcDbEntity
  8
0
 62
     3
100
AcDbMText
 10
3888.12398868389
 20
10296.46596150759
 30
0.0
 40
14.0
 41
0.0
 71
     5
 72
     1
  1
\U+22055mm [\U+22053/16"]
  7
DIM
 11
0.9772770427891027
 21
-0.2119659917000518
 31
0.0
 73
     1
 44
1.0
1001
ACAD
1000
MTEXTBEGIN
1070
    73
1070
     1
1070
    44
1040
1.0
1070
    74
1070
     0
1000
MTEXTEND
  0
SOLID
  5
3AF
330
3AB
100
AcDbEntity
  8
0
 62
     1
100
AcDbTrace
 10
3989.190034149341
 20
10261.71201791344
 30
0.0
 11
3988.571800006883
 21
10258.86162653864
 31
0.0
 12
3997.432091202517
 22
10258.43211979866
 32
0.0
 13
3997.432091202517
 23
10258.43211979866
 33
0.0
  0
POINT
  5
3B0
330
3AB
100
AcDbEntity
  8
Defpoints
 62
     0
100
AcDbPoint
 10
3997.432091202517
 20
10258.43211979866
 30
0.0
  0
POINT
  5
3B1
330
3AB
100
AcDbEntity
  8
Defpoints
 62
     0
100
AcDbPoint
 10
4002.318476416461
 20
10257.37228984016
 30
0.0
  0
ENDBLK
  5
3B2
330
3AB
100
AcDbEntity
  8
0
100
AcDbBlockEnd
  0
BLOCK
  5
3B4
330
3B3
100
AcDbEntity
  8
0
100
AcDbBlockBegin
  2
*D20
 70
     1
 10
0.0
 20
0.0
 30
0.0
  3
*D20
  1

  0
LINE
  5
3B5
330
3B3
100
AcDbEntity
  8
0
 62
     1
370
    -2
100
AcDbLine
 10
3636.687783809488
 20
10447.45220481941
 30
0.0
 11
3514.179600841675
 21
10447.45220481941
 31
0.0
  0
LINE
  5
3B6
330
3B3
100
AcDbEntity
  8
0
 62
     1
370
    -2
100
AcDbLine
 10
3636.687783809488
 20
10068.35220481941
 30
0.0
 11
3514.179600841675
 21
10068.35220481941
 31
0.0
  0
LINE
  5
3B7
330
3B3
100
AcDbEntity
  8
0
 62
     1
100
AcDbLine
 10
3518.554600841675
 20
10438.70220481941
 30
0.0
 11
3518.554600841675
 21
10077.10220481941
 31
0.0
  0
SOLID
  5
3B8
330
3B3
100
AcDbEntity
  8
0
 62
     1
100
AcDbTrace
 10
3517.096267508343
 20
10438.70220481941
 30
0.0
 11
3520.012934175009
 21
10438.70220481941
 31
0.0
 12
3518.554600841675
 22
10447.45220481941
 32
0.0
 13
3518.554600841675
 23
10447.45220481941
 33
0.0
  0
SOLID
  5
3B9
330
3B3
100
AcDbEntity
  8
0
 62
     1
100
AcDbTrace
 10
3517.096267508343
 20
10077.10220481941
 30
0.0
 11
3520.012934175009
 21
10077.10220481941
 31
0.0
 12
3518.554600841675
 22
10068.35220481941
 32
0.0
 13
3518.554600841675
 23
10068.35220481941
 33
0.0
  0
MTEXT
  5
3BA
330
3B3
100
AcDbEntity
  8
0
 62
     3
100
AcDbMText
 10
3504.554600841674
 20
10169.8248870793
 30
0.0
 40
14.0
 41
0.0
 71
     5
 72
     1
  1
379.1mm [14 15/16"]
  7
DIM
 11
0.0000000000000001
 21
1.0
 31
0.0
 73
     1
 44
1.0
1001
ACAD
1000
MTEXTBEGIN
1070
    73
1070
     1
1070
    44
1040
1.0
1070
    74
1070
     0
1000
MTEXTEND
  0
POINT
  5
3BB
330
3B3
100
AcDbEntity
  8
Defpoints
 62
     0
100
AcDbPoint
 10
3638.875283809488
 20
10447.45220481941
 30
0.0
  0
POINT
  5
3BC
330
3B3
100
AcDbEntity
  8
Defpoints
 62
     0
100
AcDbPoint
 10
3638.875283809488
 20
10068.35220481941
 30
0.0
  0
POINT
  5
3BD
330
3B3
100
AcDbEntity
  8
Defpoints
 62
     0
100
AcDbPoint
 10
3518.554600841675
 20
10068.35220481941
 30
0.0
  0
ENDBLK
  5
3BE
330
3B3
100
AcDbEntity
  8
0
100
AcDbBlockEnd
  0
BLOCK
  5
3C0
330
3BF
100
AcDbEntity
  8
0
100
AcDbBlockBegin
  2
*D21
 70
     1
 10
0.0
 20
0.0
 30
0.0
  3
*D21
  1

  0
LINE
  5
3C1
330
3BF
100
AcDbEntity
  8
0
 62
     1
370
    -2
100
AcDbLine
 10
3277.875283809488
 20
10255.71470481941
 30
0.0
 11
3277.875283809488
 21
9985.638664516121
 31
0.0
  0
LINE
  5
3C2
330
3BF
100
AcDbEntity
  8
0
 62
     1
370
    -2
100
AcDbLine
 10
3638.875283809488
 20
10066.16470481941
 30
0.0
 11
3638.875283809488
 21
9985.638664516121
 31
0.0
  0
LINE
  5
3C3
330
3BF
100
AcDbEntity
  8
0
 62
     1
100
AcDbLine
 10
3286.625283809488
 20
9990.013664516119
 30
0.0
 11
3630.125283809488
 21
9990.013664516119
 31
0.0
  0
SOLID
  5
3C4
330
3BF
100
AcDbEntity
  8
0
 62
     1
100
AcDbTrace
 10
3286.625283809488
 20
9991.471997849457
 30
0.0
 11
3286.625283809488
 21
9988.555331182787
 31
0.0
 12
3277.875283809488
 22
9990.013664516119
 32
0.0
 13
3277.875283809488
 23
9990.013664516119
 33
0.0
  0
SOLID
  5
3C5
330
3BF
100
AcDbEntity
  8
0
 62
     1
100
AcDbTrace
 10
3630.125283809488
 20
9991.471997849457
 30
0.0
 11
3630.125283809488
 21
9988.555331182787
 31
0.0
 12
3638.875283809488
 22
9990.013664516119
 32
0.0
 13
3638.875283809488
 23
9990.013664516119
 33
0.0
  0
MTEXT
  5
3C6
330
3BF
100
AcDbEntity
  8
0
 62
     3
100
AcDbMText
 10
3415.078411402595
 20
10004.01366451612
 30
0.0
 40
14.0
 41
0.0
 71
     5
 72
     1
  1
361mm [14 3/16"]
  7
DIM
 73
     1
 44
1.0
1001
ACAD
1000
MTEXTBEGIN
1070
    73
1070
     1
1070
    44
1040
1.0
1070
    74
1070
     0
1000
MTEXTEND
  0
POINT
  5
3C7
330
3BF
100
AcDbEntity
  8
Defpoints
 62
     0
100
AcDbPoint
 10
3277.875283809488
 20
10257.90220481942
 30
0.0
  0
POINT
  5
3C8
330
3BF
100
AcDbEntity
  8
Defpoints
 62
     0
100
AcDbPoint
 10
3638.875283809488
 20
10068.35220481941
 30
0.0
  0
POINT
  5
3C9
330
3BF
100
AcDbEntity
  8
Defpoints
 62
     0
100
AcDbPoint
 10
3638.875283809488
 20
9990.013664516119
 30
0.0
  0
ENDBLK
  5
3CA
330
3BF
100
AcDbEntity
  8
0
100
AcDbBlockEnd
  0
BLOCK
  5
3CC
330
3CB
100
AcDbEntity
  8
0
100
AcDbBlockBegin
  2
*D22
 70
     1
 10
0.0
 20
0.0
 30
0.0
  3
*D22
  1

  0
LINE
  5
3CD
330
3CB
100
AcDbEntity
  8
0
 62
     1
370
    -2
100
AcDbLine
 10
3999.875283809488
 20
10255.71470481941
 30
0.0
 11
3999.875283809488
 21
9985.676437866231
 31
0.0
  0
LINE
  5
3CE
330
3CB
100
AcDbEntity
  8
0
 62
     1
370
    -2
100
AcDbLine
 10
3638.875283809488
 20
10066.16470481941
 30
0.0
 11
3638.875283809488
 21
9985.676437866231
 31
0.0
  0
LINE
  5
3CF
330
3CB
100
AcDbEntity
  8
0
 62
     1
100
AcDbLine
 10
3991.125283809488
 20
9990.051437866233
 30
0.0
 11
3647.625283809488
 21
9990.051437866233
 31
0.0
  0
SOLID
  5
3D0
330
3CB
100
AcDbEntity
  8
0
 62
     1
100
AcDbTrace
 10
3991.125283809488
 20
9991.509771199568
 30
0.0
 11
3991.125283809488
 21
9988.593104532901
 31
0.0
 12
3999.875283809488
 22
9990.051437866233
 32
0.0
 13
3999.875283809488
 23
9990.051437866233
 33
0.0
  0
SOLID
  5
3D1
330
3CB
100
AcDbEntity
  8
0
 62
     1
100
AcDbTrace
 10
3647.625283809488
 20
9991.509771199568
 30
0.0
 11
3647.625283809488
 21
9988.593104532901
 31
0.0
 12
3638.875283809488
 22
9990.051437866233
 32
0.0
 13
3638.875283809488
 23
9990.051437866233
 33
0.0
  0
MTEXT
  5
3D2
330
3CB
100
AcDbEntity
  8
0
 62
     3
100
AcDbMText
 10
3810.965319652892
 20
10004.05143786623
 30
0.0
 40
14.0
 41
0.0
 71
     5
 72
     1
  1
361mm [14 3/16"]
  7
DIM
 73
     1
 44
1.0
1001
ACAD
1000
MTEXTBEGIN
1070
    73
1070
     1
1070
    44
1040
1.0
1070
    74
1070
     0
1000
MTEXTEND
  0
POINT
  5
3D3
330
3CB
100
AcDbEntity
  8
Defpoints
 62
     0
100
AcDbPoint
 10
3999.875283809488
 20
10257.90220481942
 30
0.0
  0
POINT
  5
3D4
330
3CB
100
AcDbEntity
  8
Defpoints
 62
     0
100
AcDbPoint
 10
3638.875283809488
 20
10068.35220481941
 30
0.0
  0
POINT
  5
3D5
330
3CB
100
AcDbEntity
  8
Defpoints
 62
     0
100
AcDbPoint
 10
3638.875283809488
 20
9990.051437866233
 30
0.0
  0
ENDBLK
  5
3D6
330
3CB
100
AcDbEntity
  8
0
100
AcDbBlockEnd
  0
BLOCK
  5
3D8
330
3D7
100
AcDbEntity
  8
0
100
AcDbBlockBegin
  2
*D23
 70
     1
 10
0.0
 20
0.0
 30
0.0
  3
*D23
  1

  0
LINE
  5
3D9
330
3D7
100
AcDbEntity
  8
0
 62
     1
100
AcDbLine
 10
3136.223491734498
 20
9884.620841794394
 30
0.0
 11
3277.252751179349
 21
10055.07930029456
 31
0.0
  0
MTEXT
  5
3DA
330
3D7
100
AcDbEntity
  8
0
 62
     3
100
AcDbMText
 10
3176.75233730105
 20
9955.569151689994
 30
0.0
 40
14.0
 41
0.0
 71
     5
 72
     1
  1
R86.4mm [R3 3/8"]
  7
DIM
 11
0.6374609109374168
 21
0.7704826974221028
 31
0.0
 73
     1
 44
1.0
1001
ACAD
1000
MTEXTBEGIN
1070
    73
1070
     1
1070
    44
1040
1.0
1070
    74
1070
     0
1000
MTEXTEND
  0
SOLID
  5
3DB
330
3D7
100
AcDbEntity
  8
0
 62
     1
100
AcDbTrace
 10
3276.129130578942
 20
10056.00893078968
 30
0.0
 11
3278.376371779756
 21
10054.14966979945
 31
0.0
 12
3282.830534150052
 22
10061.82102389701
 32
0.0
 13
3282.830534150052
 23
10061.82102389701
 33
0.0
  0
POINT
  5
3DC
330
3D7
100
AcDbEntity
  8
Defpoints
 62
     0
100
AcDbPoint
 10
3282.830534150052
 20
10061.82102389701
 30
0.0
  0
POINT
  5
3DD
330
3D7
100
AcDbEntity
  8
Defpoints
 62
     0
100
AcDbPoint
 10
3337.875283809484
 20
10128.35220481939
 30
0.0
  0
ENDBLK
  5
3DE
330
3D7
100
AcDbEntity
  8
0
100
AcDbBlockEnd
  0
BLOCK
  5
3E0
330
3DF
100
AcDbEntity
  8
0
100
AcDbBlockBegin
  2
*D24
 70
     1
 10
0.0
 20
0.0
 30
0.0
  3
*D24
  1

  0
LINE
  5
3E1
330
3DF
100
AcDbEntity
  8
0
 62
     1
100
AcDbLine
 10
3094.090894612645
 20
9948.510056690292
 30
0.0
 11
3266.456185930714
 21
10075.66563197412
 31
0.0
  0
MTEXT
  5
3E2
330
3DF
100
AcDbEntity
  8
0
 62
     3
100
AcDbMText
 10
3143.330824717397
 20
10002.23214613579
 30
0.0
 40
14.0
 41
0.0
 71
     5
 72
     1
  1
R80mm [R3 1/8"]
  7
DIM
 11
0.8047222296200262
 21
0.5936515250173065
 31
0.0
 73
     1
 44
1.0
1001
ACAD
1000
MTEXTBEGIN
1070
    73
1070
     1
1070
    44
1040
1.0
1070
    74
1070
     0
1000
MTEXTEND
  0
SOLID
  5
3E3
330
3DF
100
AcDbEntity
  8
0
 62
     1
100
AcDbTrace
 10
3265.590444123397
 20
10076.83918522565
 30
0.0
 11
3267.321927738031
 21
10074.49207872259
 31
0.0
 12
3273.497505439889
 22
10080.86008281802
 32
0.0
 13
3273.497505439889
 23
10080.86008281802
 33
0.0
  0
POINT
  5
3E4
330
3DF
100
AcDbEntity
  8
Defpoints
 62
     0
100
AcDbPoint
 10
3273.497505439889
 20
10080.86008281802
 30
0.0
  0
POINT
  5
3E5
330
3DF
100
AcDbEntity
  8
Defpoints
 62
     0
100
AcDbPoint
 10
3337.875283809481
 20
10128.3522048194
 30
0.0
  0
ENDBLK
  5
3E6
330
3DF
100
AcDbEntity
  8
0
100
AcDbBlockEnd
  0
BLOCK
  5
3E8
330
3E7
100
AcDbEntity
  8
0
100
AcDbBlockBegin
  2
*D25
 70
     1
 10
0.0
 20
0.0
 30
0.0
  3
*D25
  1

  0
LINE
  5
3E9
330
3E7
100
AcDbEntity
  8
0
 62
     1
100
AcDbLine
 10
3069.389179242458
 20
10020.69263192095
 30
0.0
 11
3261.394875184252
 21
10097.68451666858
 31
0.0
  0
MTEXT
  5
3EA
330
3E7
100
AcDbEntity
  8
0
 62
     3
100
AcDbMText
 10
3138.895553759693
 20
10063.64742096094
 30
0.0
 40
14.0
 41
0.0
 71
     5
 72
     1
  1
R73.7mm [R2 7/8"]
  7
DIM
 11
0.9281602988499827
 21
0.3721806814421063
 31
0.0
 73
     1
 44
1.0
1001
ACAD
1000
MTEXTBEGIN
1070
    73
1070
     1
1070
    44
1040
1.0
1070
    74
1070
     0
1000
MTEXTEND
  0
SOLID
  5
3EB
330
3E7
100
AcDbEntity
  8
0
 62
     1
100
AcDbTrace
 10
3260.852111690482
 20
10099.03808377107
 30
0.0
 11
3261.937638678022
 21
10096.33094956609
 31
0.0
 12
3269.516277799189
 22
10100.94109763119
 32
0.0
 13
3269.516277799189
 23
10100.94109763119
 33
0.0
  0
POINT
  5
3EC
330
3E7
100
AcDbEntity
  8
Defpoints
 62
     0
100
AcDbPoint
 10
3269.516277799189
 20
10100.94109763119
 30
0.0
  0
POINT
  5
3ED
330
3E7
100
AcDbEntity
  8
Defpoints
 62
     0
100
AcDbPoint
 10
3337.875283809494
 20
10128.35220481941
 30
0.0
  0
ENDBLK
  5
3EE
330
3E7
100
AcDbEntity
  8
0
100
AcDbBlockEnd
  0
BLOCK
  5
983
330
982
100
AcDbEntity
  8
0
100
AcDbBlockBegin
  2
*D26
 70
     1
 10
0.0
 20
0.0
 30
0.0
  3
*D26
  1

  0
LINE
  5
A36
330
982
100
AcDbEntity
  8
ºöåçæÄ
370
     0
100
AcDbLine
 10
1093.996134886158
 20
1000.794882604844
 30
0.0
 11
1093.996134886158
 21
1005.572463606832
 31
0.0
  0
LINE
  5
A37
330
982
100
AcDbEntity
  8
ºöåçæÄ
370
     0
100
AcDbLine
 10
1098.541996861397
 20
986.348704266685
 30
0.0
 11
1098.541996861397
 21
1005.572463606832
 31
0.0
  0
LINE
  5
A38
330
982
100
AcDbEntity
  8
ºöåçæÄ
370
     0
100
AcDbLine
 10
1156.967195988328
 20
1005.392463606832
 30
0.0
 11
1102.541996861397
 21
1005.392463606832
 31
0.0
  0
LINE
  5
A39
330
982
100
AcDbEntity
  8
ºöåçæÄ
370
     0
100
AcDbLine
 10
1102.541996861397
 20
1005.392463606832
 30
0.0
 11
1100.541996861397
 21
1005.392463606832
 31
0.0
  0
LINE
  5
A3A
330
982
100
AcDbEntity
  8
ºöåçæÄ
370
     0
100
AcDbLine
 10
1091.996134886158
 20
1005.392463606832
 30
0.0
 11
1089.996134886158
 21
1005.392463606832
 31
0.0
  0
SOLID
  5
A3B
330
982
100
AcDbEntity
  8
ºöåçæÄ
100
AcDbTrace
 10
1091.996134886158
 20
1005.059130273499
 30
0.0
 11
1091.996134886158
 21
1005.725796940166
 31
0.0
 12
1093.996134886158
 22
1005.392463606832
 32
0.0
 13
1093.996134886158
 23
1005.392463606832
 33
0.0
  0
SOLID
  5
A3C
330
982
100
AcDbEntity
  8
ºöåçæÄ
100
AcDbTrace
 10
1100.541996861397
 20
1005.725796940166
 30
0.0
 11
1100.541996861397
 21
1005.059130273499
 31
0.0
 12
1098.541996861397
 22
1005.392463606832
 32
0.0
 13
1098.541996861397
 23
1005.392463606832
 33
0.0
  0
MTEXT
  5
A3D
330
982
100
AcDbEntity
  8
ºöåçæÄ
 62
     0
100
AcDbMText
 10
1131.254596424863
 20
1022.199857831144
 30
0.0
 40
15.0
 41
0.0
 71
     5
 72
     1
  1
\A1;{\fTahoma|b0|i0|c163|p34;\H1.4581x;1/4"}
 73
     1
 44
1.0
1001
ACAD
1000
MTEXTBEGIN
1070
    73
1070
     1
1070
    44
1040
1.0
1070
    74
1070
     0
1000
MTEXTEND
  0
POINT
  5
A3E
330
982
100
AcDbEntity
  8
Defpoints
 62
     0
100
AcDbPoint
 10
1093.996134886158
 20
1000.732382604844
 30
0.0
  0
POINT
  5
A3F
330
982
100
AcDbEntity
  8
Defpoints
 62
     0
100
AcDbPoint
 10
1098.541996861397
 20
986.2862042666847
 30
0.0
  0
POINT
  5
A40
330
982
100
AcDbEntity
  8
Defpoints
 62
     0
100
AcDbPoint
 10
1098.541996861397
 20
1005.392463606832
 30
0.0
  0
ENDBLK
  5
984
330
982
100
AcDbEntity
  8
0
100
AcDbBlockEnd
  0
BLOCK
  5
991
330
990
100
AcDbEntity
  8
0
100
AcDbBlockBegin
  2
*D27
 70
     1
 10
0.0
 20
0.0
 30
0.0
  3
*D27
  1

  0
LINE
  5
BB3
330
990
100
AcDbEntity
  8
0
 62
     1
370
    -2
100
AcDbLine
 10
458.4669720033803
 20
819.5688234727342
 30
0.0
 11
458.4669720033803
 21
1087.531232090695
 31
0.0
  0
LINE
  5
BB4
330
990
100
AcDbEntity
  8
0
 62
     1
370
    -2
100
AcDbLine
 10
1207.766972003379
 20
819.5688234727342
 30
0.0
 11
1207.766972003379
 21
1087.531232090695
 31
0.0
  0
LINE
  5
BB5
330
990
100
AcDbEntity
  8
0
 62
     1
100
AcDbLine
 10
467.2169720033803
 20
1083.156232090695
 30
0.0
 11
1199.016972003379
 21
1083.156232090695
 31
0.0
  0
SOLID
  5
BB6
330
990
100
AcDbEntity
  8
0
 62
     1
100
AcDbTrace
 10
467.2169720033803
 20
1084.614565424028
 30
0.0
 11
467.2169720033803
 21
1081.697898757361
 31
0.0
 12
458.4669720033803
 22
1083.156232090695
 32
0.0
 13
458.4669720033803
 23
1083.156232090695
 33
0.0
  0
SOLID
  5
BB7
330
990
100
AcDbEntity
  8
0
 62
     1
100
AcDbTrace
 10
1199.016972003379
 20
1081.697898757361
 30
0.0
 11
1199.016972003379
 21
1084.614565424028
 31
0.0
 12
1207.766972003379
 22
1083.156232090695
 32
0.0
 13
1207.766972003379
 23
1083.156232090695
 33
0.0
  0
MTEXT
  5
BB8
330
990
100
AcDbEntity
  8
0
 62
     3
100
AcDbMText
 10
824.2756123846342
 20
1097.156232090695
 30
0.0
 40
14.0
 41
0.0
 71
     5
 72
     1
  1
749.3mm [29 1/2"]
  7
DIM
 73
     1
 44
1.0
1001
ACAD
1000
MTEXTBEGIN
1070
    73
1070
     1
1070
    44
1040
1.0
1070
    74
1070
     0
1000
MTEXTEND
  0
POINT
  5
BB9
330
990
100
AcDbEntity
  8
Defpoints
 62
     0
100
AcDbPoint
 10
458.4669720033803
 20
817.3813234727342
 30
0.0
  0
POINT
  5
BBA
330
990
100
AcDbEntity
  8
Defpoints
 62
     0
100
AcDbPoint
 10
1207.766972003379
 20
817.3813234727342
 30
0.0
  0
POINT
  5
BBB
330
990
100
AcDbEntity
  8
Defpoints
 62
     0
100
AcDbPoint
 10
1207.766972003379
 20
1083.156232090695
 30
0.0
  0
ENDBLK
  5
992
330
990
100
AcDbEntity
  8
0
100
AcDbBlockEnd
  0
BLOCK
  5
99D
330
99C
100
AcDbEntity
  8
0
100
AcDbBlockBegin
  2
*D28
 70
     1
 10
0.0
 20
0.0
 30
0.0
  3
*D28
  1

  0
LINE
  5
BBC
330
99C
100
AcDbEntity
  8
0
 62
     1
370
    -2
100
AcDbLine
 10
452.1169720033799
 20
819.5688234727342
 30
0.0
 11
452.1169720033799
 21
1133.929703884115
 31
0.0
  0
LINE
  5
BBD
330
99C
100
AcDbEntity
  8
0
 62
     1
370
    -2
100
AcDbLine
 10
1214.11697200338
 20
819.5688234727342
 30
0.0
 11
1214.11697200338
 21
1133.929703884115
 31
0.0
  0
LINE
  5
BBE
330
99C
100
AcDbEntity
  8
0
 62
     1
100
AcDbLine
 10
460.8669720033798
 20
1129.554703884115
 30
0.0
 11
1205.36697200338
 21
1129.554703884115
 31
0.0
  0
SOLID
  5
BBF
330
99C
100
AcDbEntity
  8
0
 62
     1
100
AcDbTrace
 10
460.8669720033798
 20
1131.013037217448
 30
0.0
 11
460.8669720033798
 21
1128.096370550782
 31
0.0
 12
452.1169720033799
 22
1129.554703884115
 32
0.0
 13
452.1169720033799
 23
1129.554703884115
 33
0.0
  0
SOLID
  5
BC0
330
99C
100
AcDbEntity
  8
0
 62
     1
100
AcDbTrace
 10
1205.36697200338
 20
1128.096370550782
 30
0.0
 11
1205.36697200338
 21
1131.013037217448
 31
0.0
 12
1214.11697200338
 22
1129.554703884115
 32
0.0
 13
1214.11697200338
 23
1129.554703884115
 33
0.0
  0
MTEXT
  5
BC1
330
99C
100
AcDbEntity
  8
0
 62
     3
100
AcDbMText
 10
825.7497554417355
 20
1143.554703884115
 30
0.0
 40
14.0
 41
0.0
 71
     5
 72
     1
  1
762mm [30"]
  7
DIM
 73
     1
 44
1.0
1001
ACAD
1000
MTEXTBEGIN
1070
    73
1070
     1
1070
    44
1040
1.0
1070
    74
1070
     0
1000
MTEXTEND
  0
POINT
  5
BC2
330
99C
100
AcDbEntity
  8
Defpoints
 62
     0
100
AcDbPoint
 10
452.1169720033799
 20
817.3813234727342
 30
0.0
  0
POINT
  5
BC3
330
99C
100
AcDbEntity
  8
Defpoints
 62
     0
100
AcDbPoint
 10
1214.11697200338
 20
817.3813234727342
 30
0.0
  0
POINT
  5
BC4
330
99C
100
AcDbEntity
  8
Defpoints
 62
     0
100
AcDbPoint
 10
1214.11697200338
 20
1129.554703884115
 30
0.0
  0
ENDBLK
  5
99E
330
99C
100
AcDbEntity
  8
0
100
AcDbBlockEnd
  0
BLOCK
  5
9A9
330
9A8
100
AcDbEntity
  8
0
100
AcDbBlockBegin
  2
*D29
 70
     1
 10
0.0
 20
0.0
 30
0.0
  3
*D29
  1

  0
LINE
  5
BC5
330
9A8
100
AcDbEntity
  8
0
 62
     1
370
    -2
100
AcDbLine
 10
445.7669720033796
 20
819.5688234727342
 30
0.0
 11
445.7669720033796
 21
1198.339508981896
 31
0.0
  0
LINE
  5
BC6
330
9A8
100
AcDbEntity
  8
0
 62
     1
370
    -2
100
AcDbLine
 10
1220.46697200338
 20
819.5688234727342
 30
0.0
 11
1220.46697200338
 21
1198.339508981896
 31
0.0
  0
LINE
  5
BC7
330
9A8
100
AcDbEntity
  8
0
 62
     1
100
AcDbLine
 10
454.5169720033795
 20
1193.964508981896
 30
0.0
 11
1211.71697200338
 21
1193.964508981896
 31
0.0
  0
SOLID
  5
BC8
330
9A8
100
AcDbEntity
  8
0
 62
     1
100
AcDbTrace
 10
454.5169720033795
 20
1195.422842315229
 30
0.0
 11
454.5169720033795
 21
1192.506175648563
 31
0.0
 12
445.7669720033796
 22
1193.964508981896
 32
0.0
 13
445.7669720033796
 23
1193.964508981896
 33
0.0
  0
SOLID
  5
BC9
330
9A8
100
AcDbEntity
  8
0
 62
     1
100
AcDbTrace
 10
1211.71697200338
 20
1192.506175648563
 30
0.0
 11
1211.71697200338
 21
1195.422842315229
 31
0.0
 12
1220.46697200338
 22
1193.964508981896
 32
0.0
 13
1220.46697200338
 23
1193.964508981896
 33
0.0
  0
MTEXT
  5
BCA
330
9A8
100
AcDbEntity
  8
0
 62
     3
100
AcDbMText
 10
844.0928834177544
 20
1207.964508981896
 30
0.0
 40
14.0
 41
0.0
 71
     5
 72
     1
  1
774.7mm [30 1/2"]
  7
DIM
 73
     1
 44
1.0
1001
ACAD
1000
MTEXTBEGIN
1070
    73
1070
     1
1070
    44
1040
1.0
1070
    74
1070
     0
1000
MTEXTEND
  0
POINT
  5
BCB
330
9A8
100
AcDbEntity
  8
Defpoints
 62
     0
100
AcDbPoint
 10
445.7669720033796
 20
817.3813234727342
 30
0.0
  0
POINT
  5
BCC
330
9A8
100
AcDbEntity
  8
Defpoints
 62
     0
100
AcDbPoint
 10
1220.46697200338
 20
817.3813234727342
 30
0.0
  0
POINT
  5
BCD
330
9A8
100
AcDbEntity
  8
Defpoints
 62
     0
100
AcDbPoint
 10
1220.46697200338
 20
1193.964508981896
 30
0.0
  0
ENDBLK
  5
9AA
330
9A8
100
AcDbEntity
  8
0
100
AcDbBlockEnd
  0
BLOCK
  5
9B5
330
9B4
100
AcDbEntity
  8
0
100
AcDbBlockBegin
  2
*D30
 70
     1
 10
0.0
 20
0.0
 30
0.0
  3
*D30
  1

  0
LINE
  5
BCE
330
9B4
100
AcDbEntity
  8
0
 62
     1
370
    -2
100
AcDbLine
 10
1099.951262153773
 20
1020.581323472733
 30
0.0
 11
1292.133606640608
 21
1020.581323472733
 31
0.0
  0
LINE
  5
BCF
330
9B4
100
AcDbEntity
  8
0
 62
     1
370
    -2
100
AcDbLine
 10
1099.951262153773
 20
614.1813234727335
 30
0.0
 11
1292.133606640608
 21
614.1813234727335
 31
0.0
  0
LINE
  5
BD0
330
9B4
100
AcDbEntity
  8
0
 62
     1
100
AcDbLine
 10
1287.758606640608
 20
1011.831323472733
 30
0.0
 11
1287.758606640608
 21
622.9313234727335
 31
0.0
  0
SOLID
  5
BD1
330
9B4
100
AcDbEntity
  8
0
 62
     1
100
AcDbTrace
 10
1289.216939973941
 20
1011.831323472733
 30
0.0
 11
1286.300273307275
 21
1011.831323472733
 31
0.0
 12
1287.758606640608
 22
1020.581323472733
 32
0.0
 13
1287.758606640608
 23
1020.581323472733
 33
0.0
  0
SOLID
  5
BD2
330
9B4
100
AcDbEntity
  8
0
 62
     1
100
AcDbTrace
 10
1286.300273307275
 20
622.9313234727335
 30
0.0
 11
1289.216939973941
 21
622.9313234727335
 31
0.0
 12
1287.758606640608
 22
614.1813234727335
 32
0.0
 13
1287.758606640608
 23
614.1813234727335
 33
0.0
  0
MTEXT
  5
BD3
330
9B4
100
AcDbEntity
  8
0
 62
     3
100
AcDbMText
 10
1273.758606640608
 20
855.6065949593131
 30
0.0
 40
14.0
 41
0.0
 71
     5
 72
     1
  1
406.4mm [16"]
  7
DIM
 11
0.0
 21
1.0
 31
0.0
 73
     1
 44
1.0
1001
ACAD
1000
MTEXTBEGIN
1070
    73
1070
     1
1070
    44
1040
1.0
1070
    74
1070
     0
1000
MTEXTEND
  0
POINT
  5
BD4
330
9B4
100
AcDbEntity
  8
Defpoints
 62
     0
100
AcDbPoint
 10
1097.763762153773
 20
1020.581323472733
 30
0.0
  0
POINT
  5
BD5
330
9B4
100
AcDbEntity
  8
Defpoints
 62
     0
100
AcDbPoint
 10
1097.763762153773
 20
614.1813234727335
 30
0.0
  0
POINT
  5
BD6
330
9B4
100
AcDbEntity
  8
Defpoints
 62
     0
100
AcDbPoint
 10
1287.758606640608
 20
614.1813234727335
 30
0.0
  0
ENDBLK
  5
9B6
330
9B4
100
AcDbEntity
  8
0
100
AcDbBlockEnd
  0
BLOCK
  5
9C1
330
9C0
100
AcDbEntity
  8
0
100
AcDbBlockBegin
  2
*D31
 70
     1
 10
0.0
 20
0.0
 30
0.0
  3
*D31
  1

  0
LINE
  5
BD7
330
9C0
100
AcDbEntity
  8
0
 62
     1
370
    -2
100
AcDbLine
 10
1119.033751061878
 20
1026.931323472733
 30
0.0
 11
1349.019075981931
 21
1026.931323472733
 31
0.0
  0
LINE
  5
BD8
330
9C0
100
AcDbEntity
  8
0
 62
     1
370
    -2
100
AcDbLine
 10
1119.033751061878
 20
607.8313234727332
 30
0.0
 11
1349.019075981931
 21
607.8313234727332
 31
0.0
  0
LINE
  5
BD9
330
9C0
100
AcDbEntity
  8
0
 62
     1
100
AcDbLine
 10
1344.644075981931
 20
1018.181323472733
 30
0.0
 11
1344.644075981931
 21
616.5813234727331
 31
0.0
  0
SOLID
  5
BDA
330
9C0
100
AcDbEntity
  8
0
 62
     1
100
AcDbTrace
 10
1346.102409315264
 20
1018.181323472733
 30
0.0
 11
1343.185742648598
 21
1018.181323472733
 31
0.0
 12
1344.644075981931
 22
1026.931323472733
 32
0.0
 13
1344.644075981931
 23
1026.931323472733
 33
0.0
  0
SOLID
  5
BDB
330
9C0
100
AcDbEntity
  8
0
 62
     1
100
AcDbTrace
 10
1343.185742648598
 20
616.5813234727331
 30
0.0
 11
1346.102409315264
 21
616.5813234727331
 31
0.0
 12
1344.644075981931
 22
607.8313234727332
 32
0.0
 13
1344.644075981931
 23
607.8313234727332
 33
0.0
  0
MTEXT
  5
BDC
330
9C0
100
AcDbEntity
  8
0
 62
     3
100
AcDbMText
 10
1330.644075981931
 20
841.423665520627
 30
0.0
 40
14.0
 41
0.0
 71
     5
 72
     1
  1
419.1mm [16 1/2"]
  7
DIM
 11
0.0
 21
1.0
 31
0.0
 73
     1
 44
1.0
1001
ACAD
1000
MTEXTBEGIN
1070
    73
1070
     1
1070
    44
1040
1.0
1070
    74
1070
     0
1000
MTEXTEND
  0
POINT
  5
BDD
330
9C0
100
AcDbEntity
  8
Defpoints
 62
     0
100
AcDbPoint
 10
1116.846251061878
 20
1026.931323472733
 30
0.0
  0
POINT
  5
BDE
330
9C0
100
AcDbEntity
  8
Defpoints
 62
     0
100
AcDbPoint
 10
1116.846251061878
 20
607.8313234727332
 30
0.0
  0
POINT
  5
BDF
330
9C0
100
AcDbEntity
  8
Defpoints
 62
     0
100
AcDbPoint
 10
1344.644075981931
 20
607.8313234727332
 30
0.0
  0
ENDBLK
  5
9C2
330
9C0
100
AcDbEntity
  8
0
100
AcDbBlockEnd
  0
BLOCK
  5
9CD
330
9CC
100
AcDbEntity
  8
0
100
AcDbBlockBegin
  2
*D32
 70
     1
 10
0.0
 20
0.0
 30
0.0
  3
*D32
  1

  0
LINE
  5
BE0
330
9CC
100
AcDbEntity
  8
0
 62
     1
370
    -2
100
AcDbLine
 10
1089.530518108754
 20
1033.281323472734
 30
0.0
 11
1406.632032399721
 21
1033.281323472734
 31
0.0
  0
LINE
  5
BE1
330
9CC
100
AcDbEntity
  8
0
 62
     1
370
    -2
100
AcDbLine
 10
1089.530518108754
 20
601.4813234727328
 30
0.0
 11
1406.632032399721
 21
601.4813234727328
 31
0.0
  0
LINE
  5
BE2
330
9CC
100
AcDbEntity
  8
0
 62
     1
100
AcDbLine
 10
1402.257032399721
 20
1024.531323472734
 30
0.0
 11
1402.257032399721
 21
610.2313234727327
 31
0.0
  0
SOLID
  5
BE3
330
9CC
100
AcDbEntity
  8
0
 62
     1
100
AcDbTrace
 10
1403.715365733054
 20
1024.531323472734
 30
0.0
 11
1400.798699066388
 21
1024.531323472734
 31
0.0
 12
1402.257032399721
 22
1033.281323472734
 32
0.0
 13
1402.257032399721
 23
1033.281323472734
 33
0.0
  0
SOLID
  5
BE4
330
9CC
100
AcDbEntity
  8
0
 62
     1
100
AcDbTrace
 10
1400.798699066388
 20
610.2313234727327
 30
0.0
 11
1403.715365733054
 21
610.2313234727327
 31
0.0
 12
1402.257032399721
 22
601.4813234727328
 32
0.0
 13
1402.257032399721
 23
601.4813234727328
 33
0.0
  0
MTEXT
  5
BE5
330
9CC
100
AcDbEntity
  8
0
 62
     3
100
AcDbMText
 10
1388.257032399721
 20
839.1040665094944
 30
0.0
 40
14.0
 41
0.0
 71
     5
 72
     1
  1
431.8mm [17"]
  7
DIM
 11
0.0
 21
1.0
 31
0.0
 73
     1
 44
1.0
1001
ACAD
1000
MTEXTBEGIN
1070
    73
1070
     1
1070
    44
1040
1.0
1070
    74
1070
     0
1000
MTEXTEND
  0
POINT
  5
BE6
330
9CC
100
AcDbEntity
  8
Defpoints
 62
     0
100
AcDbPoint
 10
1087.343018108754
 20
1033.281323472734
 30
0.0
  0
POINT
  5
BE7
330
9CC
100
AcDbEntity
  8
Defpoints
 62
     0
100
AcDbPoint
 10
1087.343018108754
 20
601.4813234727328
 30
0.0
  0
POINT
  5
BE8
330
9CC
100
AcDbEntity
  8
Defpoints
 62
     0
100
AcDbPoint
 10
1402.257032399721
 20
601.4813234727328
 30
0.0
  0
ENDBLK
  5
9CE
330
9CC
100
AcDbEntity
  8
0
100
AcDbBlockEnd
  0
BLOCK
  5
9D9
330
9D8
100
AcDbEntity
  8
0
100
AcDbBlockBegin
  2
*D33
 70
     1
 10
0.0
 20
0.0
 30
0.0
  3
*D33
  1

  0
LINE
  5
BE9
330
9D8
100
AcDbEntity
  8
0
 62
     1
370
    -2
100
AcDbLine
 10
458.4669720033803
 20
815.1938234727342
 30
0.0
 11
458.4669720033803
 21
769.3708398877652
 31
0.0
  0
LINE
  5
BEA
330
9D8
100
AcDbEntity
  8
0
 62
     1
370
    -2
100
AcDbLine
 10
452.1169720033799
 20
818.1959229272063
 30
0.0
 11
452.1169720033799
 21
769.3708398877652
 31
0.0
  0
LINE
  5
BEB
330
9D8
100
AcDbEntity
  8
0
 62
     1
100
AcDbLine
 10
443.3669720033798
 20
773.7458398877651
 30
0.0
 11
300.9169720033802
 21
773.7458398877651
 31
0.0
  0
LINE
  5
BEC
330
9D8
100
AcDbEntity
  8
0
 62
     1
100
AcDbLine
 10
467.2169720033803
 20
773.7458398877651
 30
0.0
 11
475.9669720033802
 21
773.7458398877651
 31
0.0
  0
SOLID
  5
BED
330
9D8
100
AcDbEntity
  8
0
 62
     1
100
AcDbTrace
 10
467.2169720033803
 20
775.2041732210986
 30
0.0
 11
467.2169720033803
 21
772.2875065544318
 31
0.0
 12
458.4669720033803
 22
773.7458398877651
 32
0.0
 13
458.4669720033803
 23
773.7458398877651
 33
0.0
  0
SOLID
  5
BEE
330
9D8
100
AcDbEntity
  8
0
 62
     1
100
AcDbTrace
 10
443.3669720033798
 20
772.2875065544318
 30
0.0
 11
443.3669720033798
 21
775.2041732210986
 31
0.0
 12
452.1169720033799
 22
773.7458398877651
 32
0.0
 13
452.1169720033799
 23
773.7458398877651
 33
0.0
  0
MTEXT
  5
BEF
330
9D8
100
AcDbEntity
  8
0
 62
     3
100
AcDbMText
 10
355.2836386700469
 20
787.7458398877652
 30
0.0
 40
14.0
 41
0.0
 71
     5
 72
     1
  1
6.4mm [1/4"]
  7
DIM
 73
     1
 44
1.0
1001
ACAD
1000
MTEXTBEGIN
1070
    73
1070
     1
1070
    44
1040
1.0
1070
    74
1070
     0
1000
MTEXTEND
  0
POINT
  5
BF0
330
9D8
100
AcDbEntity
  8
Defpoints
 62
     0
100
AcDbPoint
 10
458.4669720033803
 20
817.3813234727342
 30
0.0
  0
POINT
  5
BF1
330
9D8
100
AcDbEntity
  8
Defpoints
 62
     0
100
AcDbPoint
 10
452.1169720033799
 20
820.3834229272063
 30
0.0
  0
POINT
  5
BF2
330
9D8
100
AcDbEntity
  8
Defpoints
 62
     0
100
AcDbPoint
 10
452.1169720033799
 20
773.7458398877651
 30
0.0
  0
ENDBLK
  5
9DA
330
9D8
100
AcDbEntity
  8
0
100
AcDbBlockEnd
  0
BLOCK
  5
9E6
330
9E5
100
AcDbEntity
  8
0
100
AcDbBlockBegin
  2
*D34
 70
     1
 10
0.0
 20
0.0
 30
0.0
  3
*D34
  1

  0
LINE
  5
BF3
330
9E5
100
AcDbEntity
  8
0
 62
     1
370
    -2
100
AcDbLine
 10
472.1169720033798
 20
819.5688234727342
 30
0.0
 11
472.1169720033798
 21
836.4555661094286
 31
0.0
  0
LINE
  5
BF4
330
9E5
100
AcDbEntity
  8
0
 62
     1
370
    -2
100
AcDbLine
 10
452.1169720033799
 20
819.5688234727342
 30
0.0
 11
452.1169720033799
 21
836.4555661094286
 31
0.0
  0
LINE
  5
BF5
330
9E5
100
AcDbEntity
  8
0
 62
     1
100
AcDbLine
 10
443.3669720033798
 20
832.0805661094285
 30
0.0
 11
294.1794720033797
 21
832.0805661094285
 31
0.0
  0
LINE
  5
BF6
330
9E5
100
AcDbEntity
  8
0
 62
     1
100
AcDbLine
 10
480.8669720033798
 20
832.0805661094285
 30
0.0
 11
489.6169720033798
 21
832.0805661094285
 31
0.0
  0
SOLID
  5
BF7
330
9E5
100
AcDbEntity
  8
0
 62
     1
100
AcDbTrace
 10
480.8669720033798
 20
833.5388994427619
 30
0.0
 11
480.8669720033798
 21
830.6222327760952
 31
0.0
 12
472.1169720033798
 22
832.0805661094285
 32
0.0
 13
472.1169720033798
 23
832.0805661094285
 33
0.0
  0
SOLID
  5
BF8
330
9E5
100
AcDbEntity
  8
0
 62
     1
100
AcDbTrace
 10
443.3669720033798
 20
830.6222327760952
 30
0.0
 11
443.3669720033798
 21
833.5388994427619
 31
0.0
 12
452.1169720033799
 22
832.0805661094285
 32
0.0
 13
452.1169720033799
 23
832.0805661094285
 33
0.0
  0
MTEXT
  5
BF9
330
9E5
100
AcDbEntity
  8
0
 62
     3
100
AcDbMText
 10
354.262805336713
 20
846.0805661094285
 30
0.0
 40
14.0
 41
0.0
 71
     5
 72
     1
  1
20mm [13/16"]
  7
DIM
 73
     1
 44
1.0
1001
ACAD
1000
MTEXTBEGIN
1070
    73
1070
     1
1070
    44
1040
1.0
1070
    74
1070
     0
1000
MTEXTEND
  0
POINT
  5
BFA
330
9E5
100
AcDbEntity
  8
Defpoints
 62
     0
100
AcDbPoint
 10
472.1169720033798
 20
817.3813234727342
 30
0.0
  0
POINT
  5
BFB
330
9E5
100
AcDbEntity
  8
Defpoints
 62
     0
100
AcDbPoint
 10
452.1169720033799
 20
817.3813234727342
 30
0.0
  0
POINT
  5
BFC
330
9E5
100
AcDbEntity
  8
Defpoints
 62
     0
100
AcDbPoint
 10
452.1169720033799
 20
832.0805661094285
 30
0.0
  0
ENDBLK
  5
9E7
330
9E5
100
AcDbEntity
  8
0
100
AcDbBlockEnd
  0
BLOCK
  5
9F3
330
9F2
100
AcDbEntity
  8
0
100
AcDbBlockBegin
  2
*D35
 70
     1
 10
0.0
 20
0.0
 30
0.0
  3
*D35
  1

  0
LINE
  5
BFD
330
9F2
100
AcDbEntity
  8
0
 62
     1
100
AcDbLine
 10
1018.285761918238
 20
855.5181415761813
 30
0.0
 11
1183.122605272004
 21
819.7659408793597
 31
0.0
  0
MTEXT
  5
BFE
330
9F2
100
AcDbEntity
  8
0
 62
     3
100
AcDbMText
 10
1082.365676877784
 20
855.9450801609168
 30
0.0
 40
14.0
 41
0.0
 71
     5
 72
     1
  1
\U+22055mm [\U+22053/16"]
  7
DIM
 11
0.9772770427890964
 21
-0.2119659917000804
 31
0.0
 73
     1
 44
1.0
1001
ACAD
1000
MTEXTBEGIN
1070
    73
1070
     1
1070
    44
1040
1.0
1070
    74
1070
     0
1000
MTEXTEND
  0
SOLID
  5
BFF
330
9F2
100
AcDbEntity
  8
0
 62
     1
100
AcDbTrace
 10
1182.813488200775
 20
818.340745191959
 30
0.0
 11
1183.431722343234
 21
821.1911365667607
 31
0.0
 12
1191.673779396409
 22
817.9112384519841
 32
0.0
 13
1191.673779396409
 23
817.9112384519841
 33
0.0
  0
POINT
  5
C00
330
9F2
100
AcDbEntity
  8
Defpoints
 62
     0
100
AcDbPoint
 10
1191.673779396409
 20
817.9112384519841
 30
0.0
  0
POINT
  5
C01
330
9F2
100
AcDbEntity
  8
Defpoints
 62
     0
100
AcDbPoint
 10
1196.560164610352
 20
816.8514084934841
 30
0.0
  0
ENDBLK
  5
9F4
330
9F2
100
AcDbEntity
  8
0
100
AcDbBlockEnd
  0
BLOCK
  5
9FB
330
9FA
100
AcDbEntity
  8
0
100
AcDbBlockBegin
  2
*D36
 70
     1
 10
0.0
 20
0.0
 30
0.0
  3
*D36
  1

  0
LINE
  5
C02
330
9FA
100
AcDbEntity
  8
0
 62
     1
370
    -2
100
AcDbLine
 10
830.9294720033799
 20
1006.931323472733
 30
0.0
 11
708.4212890355652
 21
1006.931323472733
 31
0.0
  0
LINE
  5
C03
330
9FA
100
AcDbEntity
  8
0
 62
     1
370
    -2
100
AcDbLine
 10
830.9294720033799
 20
627.8313234727331
 30
0.0
 11
708.4212890355652
 21
627.8313234727331
 31
0.0
  0
LINE
  5
C04
330
9FA
100
AcDbEntity
  8
0
 62
     1
100
AcDbLine
 10
712.7962890355652
 20
998.1813234727329
 30
0.0
 11
712.7962890355652
 21
636.5813234727331
 31
0.0
  0
SOLID
  5
C05
330
9FA
100
AcDbEntity
  8
0
 62
     1
100
AcDbTrace
 10
714.2546223688985
 20
998.1813234727329
 30
0.0
 11
711.3379557022319
 21
998.1813234727329
 31
0.0
 12
712.7962890355652
 22
1006.931323472733
 32
0.0
 13
712.7962890355652
 23
1006.931323472733
 33
0.0
  0
SOLID
  5
C06
330
9FA
100
AcDbEntity
  8
0
 62
     1
100
AcDbTrace
 10
711.3379557022319
 20
636.5813234727331
 30
0.0
 11
714.2546223688985
 21
636.5813234727331
 31
0.0
 12
712.7962890355652
 22
627.8313234727331
 32
0.0
 13
712.7962890355652
 23
627.8313234727331
 33
0.0
  0
MTEXT
  5
C07
330
9FA
100
AcDbEntity
  8
0
 62
     3
100
AcDbMText
 10
698.7962890355652
 20
729.3040057326245
 30
0.0
 40
14.0
 41
0.0
 71
     5
 72
     1
  1
379.1mm [14 15/16"]
  7
DIM
 11
0.0
 21
1.0
 31
0.0
 73
     1
 44
1.0
1001
ACAD
1000
MTEXTBEGIN
1070
    73
1070
     1
1070
    44
1040
1.0
1070
    74
1070
     0
1000
MTEXTEND
  0
POINT
  5
C08
330
9FA
100
AcDbEntity
  8
Defpoints
 62
     0
100
AcDbPoint
 10
833.1169720033798
 20
1006.931323472733
 30
0.0
  0
POINT
  5
C09
330
9FA
100
AcDbEntity
  8
Defpoints
 62
     0
100
AcDbPoint
 10
833.1169720033798
 20
627.8313234727331
 30
0.0
  0
POINT
  5
C0A
330
9FA
100
AcDbEntity
  8
Defpoints
 62
     0
100
AcDbPoint
 10
712.7962890355652
 20
627.8313234727331
 30
0.0
  0
ENDBLK
  5
9FC
330
9FA
100
AcDbEntity
  8
0
100
AcDbBlockEnd
  0
BLOCK
  5
A07
330
A06
100
AcDbEntity
  8
0
100
AcDbBlockBegin
  2
*D37
 70
     1
 10
0.0
 20
0.0
 30
0.0
  3
*D37
  1

  0
LINE
  5
C0B
330
A06
100
AcDbEntity
  8
0
 62
     1
370
    -2
100
AcDbLine
 10
472.1169720033798
 20
815.1938234727342
 30
0.0
 11
472.1169720033798
 21
545.1177831694377
 31
0.0
  0
LINE
  5
C0C
330
A06
100
AcDbEntity
  8
0
 62
     1
370
    -2
100
AcDbLine
 10
833.1169720033798
 20
625.6438234727331
 30
0.0
 11
833.1169720033798
 21
545.1177831694377
 31
0.0
  0
LINE
  5
C0D
330
A06
100
AcDbEntity
  8
0
 62
     1
100
AcDbLine
 10
480.8669720033798
 20
549.4927831694377
 30
0.0
 11
824.3669720033798
 21
549.4927831694377
 31
0.0
  0
SOLID
  5
C0E
330
A06
100
AcDbEntity
  8
0
 62
     1
100
AcDbTrace
 10
480.8669720033798
 20
550.9511165027711
 30
0.0
 11
480.8669720033798
 21
548.0344498361043
 31
0.0
 12
472.1169720033798
 22
549.4927831694377
 32
0.0
 13
472.1169720033798
 23
549.4927831694377
 33
0.0
  0
SOLID
  5
C0F
330
A06
100
AcDbEntity
  8
0
 62
     1
100
AcDbTrace
 10
824.3669720033798
 20
548.0344498361043
 30
0.0
 11
824.3669720033798
 21
550.9511165027711
 31
0.0
 12
833.1169720033798
 22
549.4927831694377
 32
0.0
 13
833.1169720033798
 23
549.4927831694377
 33
0.0
  0
MTEXT
  5
C10
330
A06
100
AcDbEntity
  8
0
 62
     3
100
AcDbMText
 10
609.3200995964877
 20
563.4927831694377
 30
0.0
 40
14.0
 41
0.0
 71
     5
 72
     1
  1
361mm [14 3/16"]
  7
DIM
 73
     1
 44
1.0
1001
ACAD
1000
MTEXTBEGIN
1070
    73
1070
     1
1070
    44
1040
1.0
1070
    74
1070
     0
1000
MTEXTEND
  0
POINT
  5
C11
330
A06
100
AcDbEntity
  8
Defpoints
 62
     0
100
AcDbPoint
 10
472.1169720033798
 20
817.3813234727342
 30
0.0
  0
POINT
  5
C12
330
A06
100
AcDbEntity
  8
Defpoints
 62
     0
100
AcDbPoint
 10
833.1169720033798
 20
627.8313234727331
 30
0.0
  0
POINT
  5
C13
330
A06
100
AcDbEntity
  8
Defpoints
 62
     0
100
AcDbPoint
 10
833.1169720033798
 20
549.4927831694377
 30
0.0
  0
ENDBLK
  5
A08
330
A06
100
AcDbEntity
  8
0
100
AcDbBlockEnd
  0
BLOCK
  5
A13
330
A12
100
AcDbEntity
  8
0
100
AcDbBlockBegin
  2
*D38
 70
     1
 10
0.0
 20
0.0
 30
0.0
  3
*D38
  1

  0
LINE
  5
C14
330
A12
100
AcDbEntity
  8
0
 62
     1
370
    -2
100
AcDbLine
 10
1194.11697200338
 20
815.1938234727342
 30
0.0
 11
1194.11697200338
 21
545.1555565195497
 31
0.0
  0
LINE
  5
C15
330
A12
100
AcDbEntity
  8
0
 62
     1
370
    -2
100
AcDbLine
 10
833.1169720033798
 20
625.6438234727331
 30
0.0
 11
833.1169720033798
 21
545.1555565195497
 31
0.0
  0
LINE
  5
C16
330
A12
100
AcDbEntity
  8
0
 62
     1
100
AcDbLine
 10
1185.36697200338
 20
549.5305565195496
 30
0.0
 11
841.8669720033799
 21
549.5305565195496
 31
0.0
  0
SOLID
  5
C17
330
A12
100
AcDbEntity
  8
0
 62
     1
100
AcDbTrace
 10
1185.36697200338
 20
548.0722231862163
 30
0.0
 11
1185.36697200338
 21
550.9888898528831
 31
0.0
 12
1194.11697200338
 22
549.5305565195496
 32
0.0
 13
1194.11697200338
 23
549.5305565195496
 33
0.0
  0
SOLID
  5
C18
330
A12
100
AcDbEntity
  8
0
 62
     1
100
AcDbTrace
 10
841.8669720033799
 20
550.9888898528831
 30
0.0
 11
841.8669720033799
 21
548.0722231862163
 31
0.0
 12
833.1169720033798
 22
549.5305565195496
 32
0.0
 13
833.1169720033798
 23
549.5305565195496
 33
0.0
  0
MTEXT
  5
C19
330
A12
100
AcDbEntity
  8
0
 62
     3
100
AcDbMText
 10
1005.207007846784
 20
563.5305565195497
 30
0.0
 40
14.0
 41
0.0
 71
     5
 72
     1
  1
361mm [14 3/16"]
  7
DIM
 73
     1
 44
1.0
1001
ACAD
1000
MTEXTBEGIN
1070
    73
1070
     1
1070
    44
1040
1.0
1070
    74
1070
     0
1000
MTEXTEND
  0
POINT
  5
C1A
330
A12
100
AcDbEntity
  8
Defpoints
 62
     0
100
AcDbPoint
 10
1194.11697200338
 20
817.3813234727342
 30
0.0
  0
POINT
  5
C1B
330
A12
100
AcDbEntity
  8
Defpoints
 62
     0
100
AcDbPoint
 10
833.1169720033798
 20
627.8313234727331
 30
0.0
  0
POINT
  5
C1C
330
A12
100
AcDbEntity
  8
Defpoints
 62
     0
100
AcDbPoint
 10
833.1169720033798
 20
549.5305565195496
 30
0.0
  0
ENDBLK
  5
A14
330
A12
100
AcDbEntity
  8
0
100
AcDbBlockEnd
  0
BLOCK
  5
A1F
330
A1E
100
AcDbEntity
  8
0
100
AcDbBlockBegin
  2
*D39
 70
     1
 10
0.0
 20
0.0
 30
0.0
  3
*D39
  1

  0
LINE
  5
C1D
330
A1E
100
AcDbEntity
  8
0
 62
     1
100
AcDbLine
 10
330.4651799283897
 20
444.0999604477069
 30
0.0
 11
471.494439373241
 21
614.5584189478837
 31
0.0
  0
MTEXT
  5
C1E
330
A1E
100
AcDbEntity
  8
0
 62
     3
100
AcDbMText
 10
370.9940254949424
 20
515.0482703433101
 30
0.0
 40
14.0
 41
0.0
 71
     5
 72
     1
  1
R86.4mm [R3 3/8"]
  7
DIM
 11
0.637460910937417
 21
0.7704826974221023
 31
0.0
 73
     1
 44
1.0
1001
ACAD
1000
MTEXTBEGIN
1070
    73
1070
     1
1070
    44
1040
1.0
1070
    74
1070
     0
1000
MTEXTEND
  0
SOLID
  5
C1F
330
A1E
100
AcDbEntity
  8
0
 62
     1
100
AcDbTrace
 10
472.6180599736482
 20
613.6287884527667
 30
0.0
 11
470.3708187728337
 21
615.4880494430008
 31
0.0
 12
477.0722223439434
 22
621.3001425503271
 32
0.0
 13
477.0722223439434
 23
621.3001425503271
 33
0.0
  0
POINT
  5
C20
330
A1E
100
AcDbEntity
  8
Defpoints
 62
     0
100
AcDbPoint
 10
477.0722223439434
 20
621.3001425503271
 30
0.0
  0
POINT
  5
C21
330
A1E
100
AcDbEntity
  8
Defpoints
 62
     0
100
AcDbPoint
 10
532.1169720033757
 20
687.8313234727092
 30
0.0
  0
ENDBLK
  5
A20
330
A1E
100
AcDbEntity
  8
0
100
AcDbBlockEnd
  0
BLOCK
  5
A27
330
A26
100
AcDbEntity
  8
0
100
AcDbBlockBegin
  2
*D40
 70
     1
 10
0.0
 20
0.0
 30
0.0
  3
*D40
  1

  0
LINE
  5
C22
330
A26
100
AcDbEntity
  8
0
 62
     1
100
AcDbLine
 10
288.3325828065375
 20
507.9891753436093
 30
0.0
 11
460.6978741246055
 21
635.1447506274423
 31
0.0
  0
MTEXT
  5
C23
330
A26
100
AcDbEntity
  8
0
 62
     3
100
AcDbMText
 10
337.5725129112875
 20
561.7112647891105
 30
0.0
 40
14.0
 41
0.0
 71
     5
 72
     1
  1
R80mm [R3 1/8"]
  7
DIM
 11
0.8047222296200265
 21
0.593651525017306
 31
0.0
 73
     1
 44
1.0
1001
ACAD
1000
MTEXTBEGIN
1070
    73
1070
     1
1070
    44
1040
1.0
1070
    74
1070
     0
1000
MTEXTEND
  0
SOLID
  5
C24
330
A26
100
AcDbEntity
  8
0
 62
     1
100
AcDbTrace
 10
461.5636159319224
 20
633.9711973759131
 30
0.0
 11
459.8321323172886
 21
636.3183038789716
 31
0.0
 12
467.7391936337808
 22
640.3392014713438
 32
0.0
 13
467.7391936337808
 23
640.3392014713438
 33
0.0
  0
POINT
  5
C25
330
A26
100
AcDbEntity
  8
Defpoints
 62
     0
100
AcDbPoint
 10
467.7391936337808
 20
640.3392014713438
 30
0.0
  0
POINT
  5
C26
330
A26
100
AcDbEntity
  8
Defpoints
 62
     0
100
AcDbPoint
 10
532.116972003372
 20
687.8313234727202
 30
0.0
  0
ENDBLK
  5
A28
330
A26
100
AcDbEntity
  8
0
100
AcDbBlockEnd
  0
BLOCK
  5
A2F
330
A2E
100
AcDbEntity
  8
0
100
AcDbBlockBegin
  2
*D41
 70
     1
 10
0.0
 20
0.0
 30
0.0
  3
*D41
  1

  0
LINE
  5
C27
330
A2E
100
AcDbEntity
  8
0
 62
     1
100
AcDbLine
 10
263.6308674363503
 20
580.1717505742675
 30
0.0
 11
455.6365633781438
 21
657.1636353218966
 31
0.0
  0
MTEXT
  5
C28
330
A2E
100
AcDbEntity
  8
0
 62
     3
100
AcDbMText
 10
333.1372419535843
 20
623.1265396142569
 30
0.0
 40
14.0
 41
0.0
 71
     5
 72
     1
  1
R73.7mm [R2 7/8"]
  7
DIM
 11
0.928160298849982
 21
0.372180681442108
 31
0.0
 73
     1
 44
1.0
1001
ACAD
1000
MTEXTBEGIN
1070
    73
1070
     1
1070
    44
1040
1.0
1070
    74
1070
     0
1000
MTEXTEND
  0
SOLID
  5
C29
330
A2E
100
AcDbEntity
  8
0
 62
     1
100
AcDbTrace
 10
456.1793268719135
 20
655.810068219407
 30
0.0
 11
455.093799884374
 21
658.5172024243862
 31
0.0
 12
463.7579659930811
 22
660.4202162845151
 32
0.0
 13
463.7579659930811
 23
660.4202162845151
 33
0.0
  0
POINT
  5
C2A
330
A2E
100
AcDbEntity
  8
Defpoints
 62
     0
100
AcDbPoint
 10
463.7579659930811
 20
660.4202162845151
 30
0.0
  0
POINT
  5
C2B
330
A2E
100
AcDbEntity
  8
Defpoints
 62
     0
100
AcDbPoint
 10
532.1169720033858
 20
687.8313234727278
 30
0.0
  0
ENDBLK
  5
A30
330
A2E
100
AcDbEntity
  8
0
100
AcDbBlockEnd
  0
ENDSEC
  0
SECTION
  2
ENTITIES
  0
LINE
  5
6CB
330
1F
100
AcDbEntity
  8
CONT
  6
ACAD_ISO02W100
 62
     2
100
AcDbLine
 10
532.1169720033799
 20
607.8313234727332
 30
0.0
 11
1134.11697200338
 21
607.8313234727332
 31
0.0
  0
LINE
  5
6CC
330
1F
100
AcDbEntity
  8
CONT
 62
     3
100
AcDbLine
 10
532.1169720033799
 20
614.1813234727335
 30
0.0
 11
1134.11697200338
 21
614.1813234727335
 31
0.0
  0
LINE
  5
6CD
330
1F
100
AcDbEntity
  8
1
370
    25
100
AcDbLine
 10
532.1169720033799
 20
601.4813234727328
 30
0.0
 11
1134.11697200338
 21
601.4813234727328
 31
0.0
  0
LINE
  5
6CE
330
1F
100
AcDbEntity
  8
CONT
  6
ACAD_ISO02W100
 62
     2
100
AcDbLine
 10
1214.11697200338
 20
687.8313234727333
 30
0.0
 11
1214.11697200338
 21
946.9313234727335
 31
0.0
  0
LINE
  5
6CF
330
1F
100
AcDbEntity
  8
CONT
 62
     3
100
AcDbLine
 10
1207.766972003379
 20
687.8313234727333
 30
0.0
 11
1207.766972003379
 21
946.9313234727335
 31
0.0
  0
LINE
  5
6D0
330
1F
100
AcDbEntity
  8
1
370
    25
100
AcDbLine
 10
1220.46697200338
 20
687.8313234727333
 30
0.0
 11
1220.46697200338
 21
946.9313234727335
 31
0.0
  0
LINE
  5
6D1
330
1F
100
AcDbEntity
  8
CONT
  6
ACAD_ISO02W100
 62
     2
100
AcDbLine
 10
1134.11697200338
 20
1026.931323472733
 30
0.0
 11
532.1169720033799
 21
1026.931323472733
 31
0.0
  0
LINE
  5
6D2
330
1F
100
AcDbEntity
  8
CONT
 62
     3
100
AcDbLine
 10
1134.11697200338
 20
1020.581323472733
 30
0.0
 11
532.1169720033799
 21
1020.581323472733
 31
0.0
  0
LINE
  5
6D3
330
1F
100
AcDbEntity
  8
1
370
    25
100
AcDbLine
 10
1134.11697200338
 20
1033.281323472734
 30
0.0
 11
532.1169720033799
 21
1033.281323472734
 31
0.0
  0
LINE
  5
6D4
330
1F
100
AcDbEntity
  8
CONT
  6
ACAD_ISO02W100
 62
     2
100
AcDbLine
 10
452.1169720033799
 20
946.9313234727335
 30
0.0
 11
452.1169720033799
 21
687.8313234727333
 31
0.0
  0
LINE
  5
6D5
330
1F
100
AcDbEntity
  8
CONT
 62
     3
100
AcDbLine
 10
458.4669720033803
 20
946.9313234727335
 30
0.0
 11
458.4669720033803
 21
687.8313234727333
 31
0.0
  0
LINE
  5
6D6
330
1F
100
AcDbEntity
  8
1
370
    25
100
AcDbLine
 10
445.7669720033796
 20
946.9313234727335
 30
0.0
 11
445.7669720033796
 21
687.8313234727333
 31
0.0
  0
ARC
  5
6D7
330
1F
100
AcDbEntity
  8
CONT
  6
ACAD_ISO02W100
 62
     2
100
AcDbCircle
 10
532.1169720033799
 20
687.8313234727333
 30
0.0
 40
80.0
100
AcDbArc
 50
180.0
 51
270.0
  0
ARC
  5
6D8
330
1F
100
AcDbEntity
  8
CONT
 62
     3
100
AcDbCircle
 10
532.1169720033799
 20
687.8313234727333
 30
0.0
 40
73.65000000000001
100
AcDbArc
 50
180.0
 51
270.0
  0
ARC
  5
6D9
330
1F
100
AcDbEntity
  8
1
370
    25
100
AcDbCircle
 10
532.1169720033799
 20
687.8313234727333
 30
0.0
 40
86.34999999999998
100
AcDbArc
 50
180.0
 51
270.0
  0
ARC
  5
6DA
330
1F
100
AcDbEntity
  8
CONT
  6
ACAD_ISO02W100
 62
     2
100
AcDbCircle
 10
1134.11697200338
 20
687.8313234727333
 30
0.0
 40
80.0
100
AcDbArc
 50
270.0
 51
0.0
  0
ARC
  5
6DB
330
1F
100
AcDbEntity
  8
CONT
 62
     3
100
AcDbCircle
 10
1134.11697200338
 20
687.8313234727333
 30
0.0
 40
73.65000000000001
100
AcDbArc
 50
270.0
 51
0.0
  0
ARC
  5
6DC
330
1F
100
AcDbEntity
  8
1
370
    25
100
AcDbCircle
 10
1134.11697200338
 20
687.8313234727333
 30
0.0
 40
86.34999999999998
100
AcDbArc
 50
270.0
 51
0.0
  0
ARC
  5
6DD
330
1F
100
AcDbEntity
  8
CONT
  6
ACAD_ISO02W100
 62
     2
100
AcDbCircle
 10
1134.11697200338
 20
946.9313234727335
 30
0.0
 40
80.0
100
AcDbArc
 50
0.0
 51
90.0
  0
ARC
  5
6DE
330
1F
100
AcDbEntity
  8
CONT
 62
     3
100
AcDbCircle
 10
1134.11697200338
 20
946.9313234727335
 30
0.0
 40
73.65000000000001
100
AcDbArc
 50
0.0
 51
90.0
  0
ARC
  5
6DF
330
1F
100
AcDbEntity
  8
1
370
    25
100
AcDbCircle
 10
1134.11697200338
 20
946.9313234727335
 30
0.0
 40
86.34999999999998
100
AcDbArc
 50
0.0
 51
90.0
  0
ARC
  5
6E0
330
1F
100
AcDbEntity
  8
CONT
  6
ACAD_ISO02W100
 62
     2
100
AcDbCircle
 10
532.1169720033799
 20
946.9313234727335
 30
0.0
 40
80.0
100
AcDbArc
 50
90.0
 51
180.0
  0
ARC
  5
6E1
330
1F
100
AcDbEntity
  8
CONT
 62
     3
100
AcDbCircle
 10
532.1169720033799
 20
946.9313234727335
 30
0.0
 40
73.65000000000001
100
AcDbArc
 50
90.0
 51
180.0
  0
ARC
  5
6E2
330
1F
100
AcDbEntity
  8
1
370
    25
100
AcDbCircle
 10
532.1169720033799
 20
946.9313234727335
 30
0.0
 40
86.34999999999998
100
AcDbArc
 50
90.0
 51
180.0
  0
LINE
  5
6E3
330
1F
100
AcDbEntity
  8
CONT
  6
ACAD_ISO02W100
 62
     2
100
AcDbLine
 10
833.1169720033798
 20
1033.281323472734
 30
0.0
 11
833.1169720033798
 21
601.4813234727328
 31
0.0
  0
LINE
  5
6E4
330
1F
100
AcDbEntity
  8
CONT
  6
ACAD_ISO02W100
 62
     2
100
AcDbLine
 10
445.7669720033796
 20
817.3813234727342
 30
0.0
 11
1220.46697200338
 21
817.3813234727342
 31
0.0
  0
CIRCLE
  5
6E5
330
1F
100
AcDbEntity
  8
CONT
100
AcDbCircle
 10
472.1169720033798
 20
817.3813234727342
 30
0.0
 40
2.5
  0
CIRCLE
  5
6E6
330
1F
100
AcDbEntity
  8
CONT
100
AcDbCircle
 10
1194.11697200338
 20
817.3813234727342
 30
0.0
 40
2.5
  0
CIRCLE
  5
6E7
330
1F
100
AcDbEntity
  8
CONT
100
AcDbCircle
 10
833.1169720033798
 20
1006.931323472733
 30
0.0
 40
2.5
  0
CIRCLE
  5
6E8
330
1F
100
AcDbEntity
  8
CONT
100
AcDbCircle
 10
833.1169720033798
 20
627.8313234727331
 30
0.0
 40
2.5
  0
MTEXT
  5
6E9
330
1F
100
AcDbEntity
  8
Œƒ◊÷
100
AcDbMText
 10
752.1377035859496
 20
752.0410029946691
 30
0.0
 40
5.2
 41
327.0043348498846
 71
     1
 72
     5
  3
\A1;\fTahoma|b1|i0|c0|p34;Use outside line for reveal mount cut\fTahoma|b0|i0|c0|p34; \PSink rim is {\H0.7x;\S1#4;}\H1.00002x;'' revealed from the countertop opening\P\fTahoma|b1|i0|c0|p34;\PUtilisez la ligne ext\U+00E9rieure de r\U+00E9v\U+00E8lent
  1
 que le mont coupe\P\fTahoma|b0|i0|c0|p34;Le bord d'\U+00E9vier est {\H0.7x;\S1#4;}\H1.00002x;'' r\U+00E9v\U+00E9l\U+00E9 de l'ouverture contresup\U+00E9rieure
 73
     1
 44
1.0
1001
ACAD
1000
MTEXTBEGIN
1070
    73
1070
     1
1070
    44
1040
1.0
1070
    74
1070
     0
1000
MTEXTEND
  0
MTEXT
  5
6EA
330
1F
100
AcDbEntity
  8
Œƒ◊÷
100
AcDbMText
 10
805.8980147486632
 20
716.4710206858083
 30
0.0
 40
2.6
 41
18.80154677781502
 71
     1
 72
     5
  1
{\fTahoma|b0|i0|c163|p34;^ }
 73
     1
 44
1.0
1001
ACAD
1000
MTEXTBEGIN
1070
    73
1070
     1
1070
    44
1040
1.0
1070
    74
1070
     0
1000
MTEXTEND
  0
SPLINE
  5
6EB
330
1F
100
AcDbEntity
  8
≥ﬂ¥ÁòÀ◊¢
370
     9
100
AcDbSpline
210
0.0
220
0.0
230
1.0
 70
     8
 71
     3
 72
    12
 73
     8
 74
     0
 42
0.000000001
 43
0.0000000001
 40
0.0
 40
0.0
 40
0.0
 40
0.0
 40
0.3333333333333333
 40
0.3333333333333333
 40
0.3333333333333333
 40
0.3333333433333333
 40
1.0
 40
1.0
 40
1.0
 40
1.0
 10
555.2559096475008
 20
725.9861093811426
 30
0.0
 10
555.2559096475008
 20
726.5397363423517
 30
0.0
 10
555.0343499885051
 20
727.0710440258708
 30
0.0
 10
554.6440348152532
 20
727.4613591991119
 30
0.0
 10
554.6440348152532
 20
727.4613591991119
 30
0.0
 10
554.2509977788718
 20
727.8543962354807
 30
0.0
 10
553.7218675858671
 20
728.0754115218635
 30
0.0
 10
553.1660631341542
 20
728.0754115218635
 30
0.0
  0
SPLINE
  5
6EC
330
1F
100
AcDbEntity
  8
≥ﬂ¥ÁòÀ◊¢
370
     9
100
AcDbSpline
210
0.0
220
0.0
230
1.0
 70
     8
 71
     3
 72
    16
 73
    12
 74
     0
 42
0.000000001
 43
0.0000000001
 40
0.0
 40
0.0
 40
0.0
 40
0.0
 40
0.25
 40
0.25
 40
0.25
 40
0.25000001
 40
0.5
 40
0.5
 40
0.5
 40
0.5000000100000001
 40
1.0
 40
1.0
 40
1.0
 40
1.0
 10
519.3953628731573
 20
709.3843773890796
 30
0.0
 10
519.6653716959331
 20
708.6766929745547
 30
0.0
 10
520.2146436761171
 20
708.1100010703115
 30
0.0
 10
520.9114406381082
 20
707.8149511067198
 30
0.0
 10
520.9114406381082
 20
707.8149511067198
 30
0.0
 10
521.6076932274732
 20
707.5209898883777
 30
0.0
 10
522.3937673002215
 20
707.5209898883777
 30
0.0
 10
523.0921973800937
 20
707.8149511067198
 30
0.0
 10
523.0921973800937
 20
707.8149511067198
 30
0.0
 10
523.7889943420773
 20
708.1100010703115
 30
0.0
 10
524.3355444591501
 20
708.6766929745547
 30
0.0
 10
524.6055532819148
 20
709.3843773890796
 30
0.0
  0
SPLINE
  5
6ED
330
1F
100
AcDbEntity
  8
≥ﬂ¥ÁòÀ◊¢
370
     9
100
AcDbSpline
210
0.0
220
0.0
230
1.0
 70
     8
 71
     3
 72
    12
 73
     8
 74
     0
 42
0.000000001
 43
0.0000000001
 40
0.0
 40
0.0
 40
0.0
 40
0.0
 40
0.3333333333333333
 40
0.3333333333333333
 40
0.3333333333333333
 40
0.3333333433333333
 40
1.0
 40
1.0
 40
1.0
 40
1.0
 10
549.8377688954018
 20
706.9875047143552
 30
0.0
 10
549.8377688954018
 20
708.5656409587402
 30
0.0
 10
549.2101072569744
 20
710.0789968605631
 30
0.0
 10
548.0941433725377
 20
711.1971382355087
 30
0.0
 10
548.0941433725377
 20
711.1971382355087
 30
0.0
 10
546.9781794880978
 20
712.3136464925749
 30
0.0
 10
545.4648235862728
 20
712.9385862678584
 30
0.0
 10
543.8839654787548
 20
712.9385862678584
 30
0.0
  0
SPLINE
  5
6EE
330
1F
100
AcDbEntity
  8
≥ﬂ¥ÁòÀ◊¢
370
     9
100
AcDbSpline
210
0.0
220
0.0
230
1.0
 70
     8
 71
     3
 72
    12
 73
     8
 74
     0
 42
0.000000001
 43
0.0000000001
 40
0.0
 40
0.0
 40
0.0
 40
0.0
 40
0.3333333333333333
 40
0.3333333333333333
 40
0.3333333333333333
 40
0.3333333433333333
 40
1.0
 40
1.0
 40
1.0
 40
1.0
 10
551.2977762798141
 20
706.9875047143552
 30
0.0
 10
551.2977762798141
 20
708.9543230140982
 30
0.0
 10
550.5160571880728
 20
710.837852301983
 30
0.0
 10
549.1279069903679
 20
712.2287243628317
 30
0.0
 10
549.1279069903679
 20
712.2287243628317
 30
0.0
 10
547.7370349295155
 20
713.6168745605473
 30
0.0
 10
545.8507837784923
 20
714.3985936522815
 30
0.0
 10
543.8866873418878
 20
714.3985936522815
 30
0.0
  0
SPLINE
  5
6EF
330
1F
100
AcDbEntity
  8
≥ﬂ¥ÁòÀ◊¢
370
     9
100
AcDbSpline
210
0.0
220
0.0
230
1.0
 70
     8
 71
     3
 72
     8
 73
     4
 74
     0
 42
0.000000001
 43
0.0000000001
 40
0.0
 40
0.0
 40
0.0
 40
0.0
 40
1.0
 40
1.0
 40
1.0
 40
1.0
 10
555.2559096475008
 20
715.5635510731108
 30
0.0
 10
553.0702535518826
 20
713.7643995423452
 30
0.0
 10
551.6124236579702
 20
711.2325224562347
 30
0.0
 10
551.1546062790323
 20
708.440435254629
 30
0.0
  0
SPLINE
  5
6F0
330
1F
100
AcDbEntity
  8
≥ﬂ¥ÁòÀ◊¢
370
     9
100
AcDbSpline
210
0.0
220
0.0
230
0.0
 70
    24
 71
     3
 72
     8
 73
     4
 74
     0
 42
0.000000001
 43
0.0000000001
 40
0.0
 40
0.0
 40
0.0
 40
0.0
 40
1.0
 40
1.0
 40
1.0
 40
1.0
 10
502.7223180670221
 20
713.4851363849222
 30
0.0
 10
502.7223180670221
 20
713.4851363849222
 30
0.0
 10
501.0576265749945
 20
715.2151525921156
 30
0.0
 10
501.0576265749945
 20
715.2151525921156
 30
0.0
  0
SPLINE
  5
6F1
330
1F
100
AcDbEntity
  8
≥ﬂ¥ÁòÀ◊¢
370
     9
100
AcDbSpline
210
0.0
220
0.0
230
0.0
 70
    24
 71
     3
 72
     8
 73
     4
 74
     0
 42
0.000000001
 43
0.0000000001
 40
0.0
 40
0.0
 40
0.0
 40
0.0
 40
1.0
 40
1.0
 40
1.0
 40
1.0
 10
522.0165170700122
 20
723.4885277705062
 30
0.0
 10
522.0165170700122
 20
723.4885277705062
 30
0.0
 10
523.2484323239255
 20
721.7405472666371
 30
0.0
 10
523.2484323239255
 20
721.7405472666371
 30
0.0
  0
SPLINE
  5
6F2
330
1F
100
AcDbEntity
  8
≥ﬂ¥ÁòÀ◊¢
370
     9
100
AcDbSpline
210
0.0
220
0.0
230
0.0
 70
    24
 71
     3
 72
     8
 73
     4
 74
     0
 42
0.000000001
 43
0.0000000001
 40
0.0
 40
0.0
 40
0.0
 40
0.0
 40
1.0
 40
1.0
 40
1.0
 40
1.0
 10
501.0592596928757
 20
715.2129751016103
 30
0.0
 10
501.0592596928757
 20
715.2129751016103
 30
0.0
 10
499.7179255410442
 20
713.9206344861642
 30
0.0
 10
499.7179255410442
 20
713.9206344861642
 30
0.0
  0
SPLINE
  5
6F3
330
1F
100
AcDbEntity
  8
≥ﬂ¥ÁòÀ◊¢
370
     9
100
AcDbSpline
210
0.0
220
0.0
230
0.0
 70
    24
 71
     3
 72
     8
 73
     4
 74
     0
 42
0.000000001
 43
0.0000000001
 40
0.0
 40
0.0
 40
0.0
 40
0.0
 40
1.0
 40
1.0
 40
1.0
 40
1.0
 10
542.0178561149143
 20
711.3800474380325
 30
0.0
 10
542.0178561149143
 20
711.3800474380325
 30
0.0
 10
543.6852694700603
 20
712.9854023137442
 30
0.0
 10
543.6852694700603
 20
712.9854023137442
 30
0.0
  0
SPLINE
  5
6F4
330
1F
100
AcDbEntity
  8
≥ﬂ¥ÁòÀ◊¢
370
     9
100
AcDbSpline
210
0.0
220
0.0
230
0.0
 70
    24
 71
     3
 72
     8
 73
     4
 74
     0
 42
0.000000001
 43
0.0000000001
 40
0.0
 40
0.0
 40
0.0
 40
0.0
 40
1.0
 40
1.0
 40
1.0
 40
1.0
 10
523.2484323239255
 20
721.7405472666371
 30
0.0
 10
523.2484323239255
 20
721.7405472666371
 30
0.0
 10
523.2484323239255
 20
709.3843773890796
 30
0.0
 10
523.2484323239255
 20
709.3843773890796
 30
0.0
  0
SPLINE
  5
6F5
330
1F
100
AcDbEntity
  8
≥ﬂ¥ÁòÀ◊¢
370
     9
100
AcDbSpline
210
0.0
220
0.0
230
0.0
 70
    24
 71
     3
 72
     8
 73
     4
 74
     0
 42
0.000000001
 43
0.0000000001
 40
0.0
 40
0.0
 40
0.0
 40
0.0
 40
1.0
 40
1.0
 40
1.0
 40
1.0
 10
520.1367983905178
 20
724.4368248859675
 30
0.0
 10
520.1367983905178
 20
724.4368248859675
 30
0.0
 10
520.1367983905178
 20
715.5613735826057
 30
0.0
 10
520.1367983905178
 20
715.5613735826057
 30
0.0
  0
SPLINE
  5
6F6
330
1F
100
AcDbEntity
  8
≥ﬂ¥ÁòÀ◊¢
370
     9
100
AcDbSpline
210
0.0
220
0.0
230
0.0
 70
    24
 71
     3
 72
     8
 73
     4
 74
     0
 42
0.000000001
 43
0.0000000001
 40
0.0
 40
0.0
 40
0.0
 40
0.0
 40
1.0
 40
1.0
 40
1.0
 40
1.0
 10
545.033680466043
 20
711.5814653098563
 30
0.0
 10
545.033680466043
 20
711.5814653098563
 30
0.0
 10
542.8523793514353
 20
709.4829088344843
 30
0.0
 10
542.8523793514353
 20
709.4829088344843
 30
0.0
  0
SPLINE
  5
6F7
330
1F
100
AcDbEntity
  8
≥ﬂ¥ÁòÀ◊¢
370
     9
100
AcDbSpline
210
0.0
220
0.0
230
0.0
 70
    24
 71
     3
 72
     8
 73
     4
 74
     0
 42
0.000000001
 43
0.0000000001
 40
0.0
 40
0.0
 40
0.0
 40
0.0
 40
1.0
 40
1.0
 40
1.0
 40
1.0
 10
553.1660631341542
 20
728.0737784039859
 30
0.0
 10
553.1660631341542
 20
728.0737784039859
 30
0.0
 10
496.8087982247339
 20
728.0737784039859
 30
0.0
 10
496.8087982247339
 20
728.0737784039859
 30
0.0
  0
SPLINE
  5
6F8
330
1F
100
AcDbEntity
  8
≥ﬂ¥ÁòÀ◊¢
370
     9
100
AcDbSpline
210
0.0
220
0.0
230
0.0
 70
    24
 71
     3
 72
     8
 73
     4
 74
     0
 42
0.000000001
 43
0.0000000001
 40
0.0
 40
0.0
 40
0.0
 40
0.0
 40
1.0
 40
1.0
 40
1.0
 40
1.0
 10
519.6789810115872
 20
712.5765784712013
 30
0.0
 10
519.6789810115872
 20
712.5765784712013
 30
0.0
 10
519.6789810115872
 20
710.8307754578373
 30
0.0
 10
519.6789810115872
 20
710.8307754578373
 30
0.0
  0
SPLINE
  5
6F9
330
1F
100
AcDbEntity
  8
≥ﬂ¥ÁòÀ◊¢
370
     9
100
AcDbSpline
210
0.0
220
0.0
230
0.0
 70
    24
 71
     3
 72
     8
 73
     4
 74
     0
 42
0.000000001
 43
0.0000000001
 40
0.0
 40
0.0
 40
0.0
 40
0.0
 40
1.0
 40
1.0
 40
1.0
 40
1.0
 10
525.5500397889876
 20
710.3865673945684
 30
0.0
 10
525.5500397889876
 20
710.3865673945684
 30
0.0
 10
525.4923362905715
 20
709.3691349555348
 30
0.0
 10
525.4923362905715
 20
709.3691349555348
 30
0.0
  0
SPLINE
  5
6FA
330
1F
100
AcDbEntity
  8
≥ﬂ¥ÁòÀ◊¢
370
     9
100
AcDbSpline
210
0.0
220
0.0
230
0.0
 70
    24
 71
     3
 72
     8
 73
     4
 74
     0
 42
0.000000001
 43
0.0000000001
 40
0.0
 40
0.0
 40
0.0
 40
0.0
 40
1.0
 40
1.0
 40
1.0
 40
1.0
 10
499.7152036779148
 20
713.9228119766733
 30
0.0
 10
499.7152036779148
 20
713.9228119766733
 30
0.0
 10
501.6820219776631
 20
711.8797815092086
 30
0.0
 10
501.6820219776631
 20
711.8797815092086
 30
0.0
  0
SPLINE
  5
6FB
330
1F
100
AcDbEntity
  8
≥ﬂ¥ÁòÀ◊¢
370
     9
100
AcDbSpline
210
0.0
220
0.0
230
0.0
 70
    24
 71
     3
 72
     8
 73
     4
 74
     0
 42
0.000000001
 43
0.0000000001
 40
0.0
 40
0.0
 40
0.0
 40
0.0
 40
1.0
 40
1.0
 40
1.0
 40
1.0
 10
529.922985098106
 20
712.9385862678584
 30
0.0
 10
529.922985098106
 20
712.9385862678584
 30
0.0
 10
529.922985098106
 20
714.3985936522815
 30
0.0
 10
529.922985098106
 20
714.3985936522815
 30
0.0
  0
SPLINE
  5
6FC
330
1F
100
AcDbEntity
  8
≥ﬂ¥ÁòÀ◊¢
370
     9
100
AcDbSpline
210
0.0
220
0.0
230
0.0
 70
    24
 71
     3
 72
     8
 73
     4
 74
     0
 42
0.000000001
 43
0.0000000001
 40
0.0
 40
0.0
 40
0.0
 40
0.0
 40
1.0
 40
1.0
 40
1.0
 40
1.0
 10
502.7223180670221
 20
713.4851363849222
 30
0.0
 10
502.7223180670221
 20
713.4851363849222
 30
0.0
 10
542.0178561149143
 20
711.3800474380325
 30
0.0
 10
542.0178561149143
 20
711.3800474380325
 30
0.0
  0
SPLINE
  5
6FD
330
1F
100
AcDbEntity
  8
≥ﬂ¥ÁòÀ◊¢
370
     9
100
AcDbSpline
210
0.0
220
0.0
230
0.0
 70
    24
 71
     3
 72
     8
 73
     4
 74
     0
 42
0.000000001
 43
0.0000000001
 40
0.0
 40
0.0
 40
0.0
 40
0.0
 40
1.0
 40
1.0
 40
1.0
 40
1.0
 10
518.8264934784013
 20
710.7779713130612
 30
0.0
 10
518.8264934784013
 20
710.7779713130612
 30
0.0
 10
525.5522172795131
 20
710.3865673945684
 30
0.0
 10
525.5522172795131
 20
710.3865673945684
 30
0.0
  0
SPLINE
  5
6FE
330
1F
100
AcDbEntity
  8
≥ﬂ¥ÁòÀ◊¢
370
     9
100
AcDbSpline
210
0.0
220
0.0
230
0.0
 70
    24
 71
     3
 72
     8
 73
     4
 74
     0
 42
0.000000001
 43
0.0000000001
 40
0.0
 40
0.0
 40
0.0
 40
0.0
 40
1.0
 40
1.0
 40
1.0
 40
1.0
 10
555.2559096475008
 20
715.5613735826057
 30
0.0
 10
555.2559096475008
 20
715.5613735826057
 30
0.0
 10
555.2559096475008
 20
725.983931890639
 30
0.0
 10
555.2559096475008
 20
725.983931890639
 30
0.0
  0
SPLINE
  5
6FF
330
1F
100
AcDbEntity
  8
≥ﬂ¥ÁòÀ◊¢
370
     9
100
AcDbSpline
210
0.0
220
0.0
230
0.0
 70
    24
 71
     3
 72
     8
 73
     4
 74
     0
 42
0.000000001
 43
0.0000000001
 40
0.0
 40
0.0
 40
0.0
 40
0.0
 40
1.0
 40
1.0
 40
1.0
 40
1.0
 10
543.8866873418878
 20
712.9385862678584
 30
0.0
 10
543.8866873418878
 20
712.9385862678584
 30
0.0
 10
529.9257069612498
 20
712.9385862678584
 30
0.0
 10
529.9257069612498
 20
712.9385862678584
 30
0.0
  0
SPLINE
  5
700
330
1F
100
AcDbEntity
  8
≥ﬂ¥ÁòÀ◊¢
370
     9
100
AcDbSpline
210
0.0
220
0.0
230
0.0
 70
    24
 71
     3
 72
     8
 73
     4
 74
     0
 42
0.000000001
 43
0.0000000001
 40
0.0
 40
0.0
 40
0.0
 40
0.0
 40
1.0
 40
1.0
 40
1.0
 40
1.0
 10
549.8377688954018
 20
694.6111930496146
 30
0.0
 10
549.8377688954018
 20
694.6111930496146
 30
0.0
 10
549.8377688954018
 20
706.9875047143552
 30
0.0
 10
549.8377688954018
 20
706.9875047143552
 30
0.0
  0
SPLINE
  5
701
330
1F
100
AcDbEntity
  8
≥ﬂ¥ÁòÀ◊¢
370
     9
100
AcDbSpline
210
0.0
220
0.0
230
0.0
 70
    24
 71
     3
 72
     8
 73
     4
 74
     0
 42
0.000000001
 43
0.0000000001
 40
0.0
 40
0.0
 40
0.0
 40
0.0
 40
1.0
 40
1.0
 40
1.0
 40
1.0
 10
519.3953628731573
 20
709.3843773890796
 30
0.0
 10
519.3953628731573
 20
709.3843773890796
 30
0.0
 10
524.6055532819148
 20
709.3843773890796
 30
0.0
 10
524.6055532819148
 20
709.3843773890796
 30
0.0
  0
SPLINE
  5
702
330
1F
100
AcDbEntity
  8
≥ﬂ¥ÁòÀ◊¢
370
     9
100
AcDbSpline
210
0.0
220
0.0
230
0.0
 70
    24
 71
     3
 72
     8
 73
     4
 74
     0
 42
0.000000001
 43
0.0000000001
 40
0.0
 40
0.0
 40
0.0
 40
0.0
 40
1.0
 40
1.0
 40
1.0
 40
1.0
 10
525.4923362905715
 20
709.3691349555348
 30
0.0
 10
525.4923362905715
 20
709.3691349555348
 30
0.0
 10
518.7660681168559
 20
709.7594501287742
 30
0.0
 10
518.7660681168559
 20
709.7594501287742
 30
0.0
  0
SPLINE
  5
703
330
1F
100
AcDbEntity
  8
≥ﬂ¥ÁòÀ◊¢
370
     9
100
AcDbSpline
210
0.0
220
0.0
230
0.0
 70
    24
 71
     3
 72
     8
 73
     4
 74
     0
 42
0.000000001
 43
0.0000000001
 40
0.0
 40
0.0
 40
0.0
 40
0.0
 40
1.0
 40
1.0
 40
1.0
 40
1.0
 10
551.2977762798141
 20
694.6111930496146
 30
0.0
 10
551.2977762798141
 20
694.6111930496146
 30
0.0
 10
549.8377688954018
 20
694.6111930496146
 30
0.0
 10
549.8377688954018
 20
694.6111930496146
 30
0.0
  0
SPLINE
  5
704
330
1F
100
AcDbEntity
  8
≥ﬂ¥ÁòÀ◊¢
370
     9
100
AcDbSpline
210
0.0
220
0.0
230
0.0
 70
    24
 71
     3
 72
     8
 73
     4
 74
     0
 42
0.000000001
 43
0.0000000001
 40
0.0
 40
0.0
 40
0.0
 40
0.0
 40
1.0
 40
1.0
 40
1.0
 40
1.0
 10
551.2977762798141
 20
706.9875047143552
 30
0.0
 10
551.2977762798141
 20
706.9875047143552
 30
0.0
 10
551.2977762798141
 20
694.6111930496146
 30
0.0
 10
551.2977762798141
 20
694.6111930496146
 30
0.0
  0
SPLINE
  5
705
330
1F
100
AcDbEntity
  8
≥ﬂ¥ÁòÀ◊¢
370
     9
100
AcDbSpline
210
0.0
220
0.0
230
0.0
 70
    24
 71
     3
 72
     8
 73
     4
 74
     0
 42
0.000000001
 43
0.0000000001
 40
0.0
 40
0.0
 40
0.0
 40
0.0
 40
1.0
 40
1.0
 40
1.0
 40
1.0
 10
542.8523793514353
 20
709.4829088344843
 30
0.0
 10
542.8523793514353
 20
709.4829088344843
 30
0.0
 10
501.6820219776631
 20
711.8797815092086
 30
0.0
 10
501.6820219776631
 20
711.8797815092086
 30
0.0
  0
SPLINE
  5
706
330
1F
100
AcDbEntity
  8
≥ﬂ¥ÁòÀ◊¢
370
     9
100
AcDbSpline
210
0.0
220
0.0
230
0.0
 70
    24
 71
     3
 72
     8
 73
     4
 74
     0
 42
0.000000001
 43
0.0000000001
 40
0.0
 40
0.0
 40
0.0
 40
0.0
 40
1.0
 40
1.0
 40
1.0
 40
1.0
 10
497.748385378181
 20
715.5635510731108
 30
0.0
 10
497.748385378181
 20
715.5635510731108
 30
0.0
 10
555.2559096475008
 20
715.5635510731108
 30
0.0
 10
555.2559096475008
 20
715.5635510731108
 30
0.0
  0
SPLINE
  5
707
330
1F
100
AcDbEntity
  8
≥ﬂ¥ÁòÀ◊¢
370
     9
100
AcDbSpline
210
0.0
220
0.0
230
0.0
 70
    24
 71
     3
 72
     8
 73
     4
 74
     0
 42
0.000000001
 43
0.0000000001
 40
0.0
 40
0.0
 40
0.0
 40
0.0
 40
1.0
 40
1.0
 40
1.0
 40
1.0
 10
520.8129091926961
 20
721.7427247571443
 30
0.0
 10
520.8129091926961
 20
721.7427247571443
 30
0.0
 10
522.0137952068938
 20
723.4901608883874
 30
0.0
 10
522.0137952068938
 20
723.4901608883874
 30
0.0
  0
SPLINE
  5
708
330
1F
100
AcDbEntity
  8
≥ﬂ¥ÁòÀ◊¢
370
     9
100
AcDbSpline
210
0.0
220
0.0
230
0.0
 70
    24
 71
     3
 72
     8
 73
     4
 74
     0
 42
0.000000001
 43
0.0000000001
 40
0.0
 40
0.0
 40
0.0
 40
0.0
 40
1.0
 40
1.0
 40
1.0
 40
1.0
 10
529.922985098106
 20
714.4002267701628
 30
0.0
 10
529.922985098106
 20
714.4002267701628
 30
0.0
 10
543.8839654787548
 20
714.4002267701628
 30
0.0
 10
543.8839654787548
 20
714.4002267701628
 30
0.0
  0
SPLINE
  5
709
330
1F
100
AcDbEntity
  8
≥ﬂ¥ÁòÀ◊¢
370
     9
100
AcDbSpline
210
0.0
220
0.0
230
0.0
 70
    24
 71
     3
 72
     8
 73
     4
 74
     0
 42
0.000000001
 43
0.0000000001
 40
0.0
 40
0.0
 40
0.0
 40
0.0
 40
1.0
 40
1.0
 40
1.0
 40
1.0
 10
520.8129091926961
 20
721.7427247571443
 30
0.0
 10
520.8129091926961
 20
721.7427247571443
 30
0.0
 10
520.8129091926961
 20
709.3870992522106
 30
0.0
 10
520.8129091926961
 20
709.3870992522106
 30
0.0
  0
SPLINE
  5
70A
330
1F
100
AcDbEntity
  8
≥ﬂ¥ÁòÀ◊¢
370
     9
100
AcDbSpline
210
0.0
220
0.0
230
0.0
 70
    24
 71
     3
 72
     8
 73
     4
 74
     0
 42
0.000000001
 43
0.0000000001
 40
0.0
 40
0.0
 40
0.0
 40
0.0
 40
1.0
 40
1.0
 40
1.0
 40
1.0
 10
524.1439252945922
 20
724.4395467491004
 30
0.0
 10
524.1439252945922
 20
724.4395467491004
 30
0.0
 10
520.1367983905178
 20
724.4395467491004
 30
0.0
 10
520.1367983905178
 20
724.4395467491004
 30
0.0
  0
SPLINE
  5
70B
330
1F
100
AcDbEntity
  8
≥ﬂ¥ÁòÀ◊¢
370
     9
100
AcDbSpline
210
0.0
220
0.0
230
0.0
 70
    24
 71
     3
 72
     8
 73
     4
 74
     0
 42
0.000000001
 43
0.0000000001
 40
0.0
 40
0.0
 40
0.0
 40
0.0
 40
1.0
 40
1.0
 40
1.0
 40
1.0
 10
543.6852694700603
 20
712.9854023137442
 30
0.0
 10
543.6852694700603
 20
712.9854023137442
 30
0.0
 10
545.035857956554
 20
711.5814653098563
 30
0.0
 10
545.035857956554
 20
711.5814653098563
 30
0.0
  0
SPLINE
  5
70C
330
1F
100
AcDbEntity
  8
≥ﬂ¥ÁòÀ◊¢
370
     9
100
AcDbSpline
210
0.0
220
0.0
230
0.0
 70
    24
 71
     3
 72
     8
 73
     4
 74
     0
 42
0.000000001
 43
0.0000000001
 40
0.0
 40
0.0
 40
0.0
 40
0.0
 40
1.0
 40
1.0
 40
1.0
 40
1.0
 10
518.8264934784013
 20
710.7779713130612
 30
0.0
 10
518.8264934784013
 20
710.7779713130612
 30
0.0
 10
518.7682456073594
 20
709.7594501287742
 30
0.0
 10
518.7682456073594
 20
709.7594501287742
 30
0.0
  0
SPLINE
  5
70D
330
1F
100
AcDbEntity
  8
≥ﬂ¥ÁòÀ◊¢
370
     9
100
AcDbSpline
210
0.0
220
0.0
230
0.0
 70
    24
 71
     3
 72
     8
 73
     4
 74
     0
 42
0.000000001
 43
0.0000000001
 40
0.0
 40
0.0
 40
0.0
 40
0.0
 40
1.0
 40
1.0
 40
1.0
 40
1.0
 10
524.1439252945922
 20
715.5635510731108
 30
0.0
 10
524.1439252945922
 20
715.5635510731108
 30
0.0
 10
524.1439252945922
 20
724.4395467491004
 30
0.0
 10
524.1439252945922
 20
724.4395467491004
 30
0.0
  0
SPLINE
  5
70E
330
1F
100
AcDbEntity
  8
≥ﬂ¥ÁòÀ◊¢
370
     9
100
AcDbSpline
210
0.0
220
0.0
230
0.0
 70
    24
 71
     3
 72
     8
 73
     4
 74
     0
 42
0.000000001
 43
0.0000000001
 40
0.0
 40
0.0
 40
0.0
 40
0.0
 40
1.0
 40
1.0
 40
1.0
 40
1.0
 10
524.5767015327102
 20
712.3152796104525
 30
0.0
 10
524.5767015327102
 20
712.3152796104525
 30
0.0
 10
524.5767015327102
 20
710.5471573194019
 30
0.0
 10
524.5767015327102
 20
710.5471573194019
 30
0.0
  0
SPLINE
  5
70F
330
1F
100
AcDbEntity
  8
≥ﬂ¥ÁòÀ◊¢
370
     9
100
AcDbSpline
210
0.0
220
0.0
230
0.0
 70
    24
 71
     3
 72
     8
 73
     4
 74
     0
 42
0.000000001
 43
0.0000000001
 40
0.0
 40
0.0
 40
0.0
 40
0.0
 40
1.0
 40
1.0
 40
1.0
 40
1.0
 10
529.9257069612498
 20
714.4002267701628
 30
0.0
 10
529.9257069612498
 20
714.4002267701628
 30
0.0
 10
528.2245425032629
 20
715.5635510731108
 30
0.0
 10
528.2245425032629
 20
715.5635510731108
 30
0.0
  0
SPLINE
  5
710
330
1F
100
AcDbEntity
  8
≥ﬂ¥ÁòÀ◊¢
370
     9
100
AcDbSpline
210
0.0
220
0.0
230
1.0
 70
     8
 71
     3
 72
    12
 73
     8
 74
     0
 42
0.000000001
 43
0.0000000001
 40
0.0
 40
0.0
 40
0.0
 40
0.0
 40
0.3333333333333333
 40
0.3333333333333333
 40
0.3333333333333333
 40
0.3333333433333333
 40
1.0
 40
1.0
 40
1.0
 40
1.0
 10
497.7511072412958
 20
715.5635510731108
 30
0.0
 10
496.3400933932748
 20
718.2805148522502
 30
0.0
 10
497.8316743900498
 20
720.5195194652726
 30
0.0
 10
498.2377763694453
 20
723.1466617610287
 30
0.0
 10
498.2377763694453
 20
723.1466617610287
 30
0.0
 10
498.517039526868
 20
724.9507126454365
 30
0.0
 10
498.2829592974551
 20
726.9393058502437
 30
0.0
 10
496.8115200878669
 20
728.0737784039859
 30
0.0
  0
SPLINE
  5
711
330
1F
100
AcDbEntity
  8
≥ﬂ¥ÁòÀ◊¢
370
     9
100
AcDbSpline
210
0.0
220
0.0
230
1.0
 70
    11
 71
     3
 72
    28
 73
    24
 74
     0
 42
0.000000001
 43
0.0000000001
 40
0.0
 40
0.0
 40
0.0
 40
0.0
 40
0.1428571428571428
 40
0.1428571428571428
 40
0.1428571428571428
 40
0.1428571528571428
 40
0.2857142857142857
 40
0.2857142857142857
 40
0.2857142857142857
 40
0.2857142957142857
 40
0.428571428571429
 40
0.428571428571429
 40
0.428571428571429
 40
0.4285714385714289
 40
0.5714285714285714
 40
0.5714285714285714
 40
0.5714285714285714
 40
0.5714285814285715
 40
0.7142857142857145
 40
0.7142857142857145
 40
0.7142857142857145
 40
0.7142857242857146
 40
1.0
 40
1.0
 40
1.0
 40
1.0
 10
497.4593235134594
 20
727.2817162323454
 30
0.0
 10
497.4593235134594
 20
727.2817162323454
 30
0.0
 10
497.7385866709004
 20
727.2817162323454
 30
0.0
 10
497.7385866709004
 20
727.2817162323454
 30
0.0
 10
497.7385866709004
 20
727.2817162323454
 30
0.0
 10
497.7385866709004
 20
727.4357736856611
 30
0.0
 10
497.6133809667766
 20
727.5609793897704
 30
0.0
 10
497.4593235134594
 20
727.5609793897704
 30
0.0
 10
497.4593235134594
 20
727.5609793897704
 30
0.0
 10
497.3058104327788
 20
727.5609793897704
 30
0.0
 10
497.180604728673
 20
727.4357736856611
 30
0.0
 10
497.180604728673
 20
727.2817162323454
 30
0.0
 10
497.180604728673
 20
727.2817162323454
 30
0.0
 10
497.180604728673
 20
727.1282031516577
 30
0.0
 10
497.3058104327788
 20
727.0029974475485
 30
0.0
 10
497.4593235134594
 20
727.0029974475485
 30
0.0
 10
497.4593235134594
 20
727.0029974475485
 30
0.0
 10
497.6133809667766
 20
727.0029974475485
 30
0.0
 10
497.7385866709004
 20
727.1282031516577
 30
0.0
 10
497.7385866709004
 20
727.2817162323454
 30
0.0
 10
497.7385866709004
 20
727.2817162323454
 30
0.0
 10
497.7385866709004
 20
727.2817162323454
 30
0.0
 10
497.4593235134594
 20
727.2817162323454
 30
0.0
 10
497.4593235134594
 20
727.2817162323454
 30
0.0
  0
SPLINE
  5
712
330
1F
100
AcDbEntity
  8
≥ﬂ¥ÁòÀ◊¢
370
     9
100
AcDbSpline
210
0.0
220
0.0
230
0.0
 70
    24
 71
     3
 72
     8
 73
     4
 74
     0
 42
0.000000001
 43
0.0000000001
 40
0.0
 40
0.0
 40
0.0
 40
0.0
 40
1.0
 40
1.0
 40
1.0
 40
1.0
 10
497.9209515007965
 20
727.7433442196662
 30
0.0
 10
497.9209515007965
 20
727.7433442196662
 30
0.0
 10
498.2535631756213
 20
728.0754115218635
 30
0.0
 10
498.2535631756213
 20
728.0754115218635
 30
0.0
  0
SPLINE
  5
713
330
1F
100
AcDbEntity
  8
≥ﬂ¥ÁòÀ◊¢
370
     9
100
AcDbSpline
210
0.0
220
0.0
230
0.0
 70
    24
 71
     3
 72
     8
 73
     4
 74
     0
 42
0.000000001
 43
0.0000000001
 40
0.0
 40
0.0
 40
0.0
 40
0.0
 40
1.0
 40
1.0
 40
1.0
 40
1.0
 10
498.2780599438187
 20
725.3007442443097
 30
0.0
 10
498.2780599438187
 20
725.3007442443097
 30
0.0
 10
500.3679064571547
 20
727.3927682481654
 30
0.0
 10
500.3679064571547
 20
727.3927682481654
 30
0.0
  0
SPLINE
  5
714
330
1F
100
AcDbEntity
  8
≥ﬂ¥ÁòÀ◊¢
370
     9
100
AcDbSpline
210
0.0
220
0.0
230
1.0
 70
    11
 71
     3
 72
    28
 73
    24
 74
     0
 42
0.000000001
 43
0.0000000001
 40
0.0
 40
0.0
 40
0.0
 40
0.0
 40
0.1428571428571428
 40
0.1428571428571428
 40
0.1428571428571428
 40
0.1428571528571428
 40
0.2857142857142857
 40
0.2857142857142857
 40
0.2857142857142857
 40
0.2857142957142857
 40
0.428571428571429
 40
0.428571428571429
 40
0.428571428571429
 40
0.4285714385714289
 40
0.5714285714285714
 40
0.5714285714285714
 40
0.5714285714285714
 40
0.5714285814285715
 40
0.7142857142857145
 40
0.7142857142857145
 40
0.7142857142857145
 40
0.7142857242857146
 40
1.0
 40
1.0
 40
1.0
 40
1.0
 10
501.0510941034767
 20
728.0759558944912
 30
0.0
 10
501.0510941034767
 20
728.0759558944912
 30
0.0
 10
501.3303572609033
 20
728.0759558944912
 30
0.0
 10
501.3303572609033
 20
728.0759558944912
 30
0.0
 10
501.3303572609033
 20
728.0759558944912
 30
0.0
 10
501.3303572609033
 20
728.2300133478067
 30
0.0
 10
501.2051515567978
 20
728.3552190519124
 30
0.0
 10
501.0510941034767
 20
728.3552190519124
 30
0.0
 10
501.0510941034767
 20
728.3552190519124
 30
0.0
 10
500.8975810227888
 20
728.3552190519124
 30
0.0
 10
500.7718309460574
 20
728.2300133478067
 30
0.0
 10
500.7718309460574
 20
728.0759558944912
 30
0.0
 10
500.7718309460574
 20
728.0759558944912
 30
0.0
 10
500.7718309460574
 20
727.9224428138015
 30
0.0
 10
500.8975810227888
 20
727.7972371096957
 30
0.0
 10
501.0510941034767
 20
727.7972371096957
 30
0.0
 10
501.0510941034767
 20
727.7972371096957
 30
0.0
 10
501.2051515567978
 20
727.7972371096957
 30
0.0
 10
501.3303572609033
 20
727.9224428138015
 30
0.0
 10
501.3303572609033
 20
728.0759558944912
 30
0.0
 10
501.3303572609033
 20
728.0759558944912
 30
0.0
 10
501.3303572609033
 20
728.0759558944912
 30
0.0
 10
501.0510941034767
 20
728.0759558944912
 30
0.0
 10
501.0510941034767
 20
728.0759558944912
 30
0.0
  0
SPLINE
  5
715
330
1F
100
AcDbEntity
  8
≥ﬂ¥ÁòÀ◊¢
370
     9
100
AcDbSpline
210
0.0
220
0.0
230
0.0
 70
    24
 71
     3
 72
     8
 73
     4
 74
     0
 42
0.000000001
 43
0.0000000001
 40
0.0
 40
0.0
 40
0.0
 40
0.0
 40
1.0
 40
1.0
 40
1.0
 40
1.0
 10
498.0434353417726
 20
722.2696774596507
 30
0.0
 10
498.0434353417726
 20
722.2696774596507
 30
0.0
 10
499.3183560331558
 20
723.5440537784151
 30
0.0
 10
499.3183560331558
 20
723.5440537784151
 30
0.0
  0
SPLINE
  5
716
330
1F
100
AcDbEntity
  8
≥ﬂ¥ÁòÀ◊¢
370
     9
100
AcDbSpline
210
0.0
220
0.0
230
1.0
 70
    11
 71
     3
 72
    28
 73
    24
 74
     0
 42
0.000000001
 43
0.0000000001
 40
0.0
 40
0.0
 40
0.0
 40
0.0
 40
0.1428571428571428
 40
0.1428571428571428
 40
0.1428571428571428
 40
0.1428571528571428
 40
0.2857142857142857
 40
0.2857142857142857
 40
0.2857142857142857
 40
0.2857142957142857
 40
0.428571428571429
 40
0.428571428571429
 40
0.428571428571429
 40
0.4285714385714289
 40
0.5714285714285714
 40
0.5714285714285714
 40
0.5714285714285714
 40
0.5714285814285715
 40
0.7142857142857145
 40
0.7142857142857145
 40
0.7142857142857145
 40
0.7142857242857146
 40
1.0
 40
1.0
 40
1.0
 40
1.0
 10
500.019507976172
 20
724.2457500940465
 30
0.0
 10
500.019507976172
 20
724.2457500940465
 30
0.0
 10
500.2987711335877
 20
724.2457500940465
 30
0.0
 10
500.2987711335877
 20
724.2457500940465
 30
0.0
 10
500.2987711335877
 20
724.2457500940465
 30
0.0
 10
500.2987711335877
 20
724.3998075473621
 30
0.0
 10
500.1735654294675
 20
724.5250132514676
 30
0.0
 10
500.019507976172
 20
724.5250132514676
 30
0.0
 10
500.019507976172
 20
724.5250132514676
 30
0.0
 10
499.8659948954696
 20
724.5250132514676
 30
0.0
 10
499.7407891913637
 20
724.3998075473621
 30
0.0
 10
499.7407891913637
 20
724.2457500940465
 30
0.0
 10
499.7407891913637
 20
724.2457500940465
 30
0.0
 10
499.7407891913637
 20
724.0922370133587
 30
0.0
 10
499.8659948954696
 20
723.9670313092496
 30
0.0
 10
500.019507976172
 20
723.9670313092496
 30
0.0
 10
500.019507976172
 20
723.9670313092496
 30
0.0
 10
500.1735654294675
 20
723.9670313092496
 30
0.0
 10
500.2987711335877
 20
724.0922370133587
 30
0.0
 10
500.2987711335877
 20
724.2457500940465
 30
0.0
 10
500.2987711335877
 20
724.2457500940465
 30
0.0
 10
500.2987711335877
 20
724.2457500940465
 30
0.0
 10
500.019507976172
 20
724.2457500940465
 30
0.0
 10
500.019507976172
 20
724.2457500940465
 30
0.0
  0
SPLINE
  5
717
330
1F
100
AcDbEntity
  8
≥ﬂ¥ÁòÀ◊¢
370
     9
100
AcDbSpline
210
0.0
220
0.0
230
0.0
 70
    24
 71
     3
 72
     8
 73
     4
 74
     0
 42
0.000000001
 43
0.0000000001
 40
0.0
 40
0.0
 40
0.0
 40
0.0
 40
1.0
 40
1.0
 40
1.0
 40
1.0
 10
500.7173936834147
 20
724.9436358012911
 30
0.0
 10
500.7173936834147
 20
724.9436358012911
 30
0.0
 10
503.8497137766055
 20
728.0754115218635
 30
0.0
 10
503.8497137766055
 20
728.0754115218635
 30
0.0
  0
SPLINE
  5
718
330
1F
100
AcDbEntity
  8
≥ﬂ¥ÁòÀ◊¢
370
     9
100
AcDbSpline
210
0.0
220
0.0
230
0.0
 70
    24
 71
     3
 72
     8
 73
     4
 74
     0
 42
0.000000001
 43
0.0000000001
 40
0.0
 40
0.0
 40
0.0
 40
0.0
 40
1.0
 40
1.0
 40
1.0
 40
1.0
 10
497.2132670862588
 20
718.6419782762816
 30
0.0
 10
497.2132670862588
 20
718.6419782762816
 30
0.0
 10
498.2688056091531
 20
719.698061171802
 30
0.0
 10
498.2688056091531
 20
719.698061171802
 30
0.0
  0
SPLINE
  5
719
330
1F
100
AcDbEntity
  8
≥ﬂ¥ÁòÀ◊¢
370
     9
100
AcDbSpline
210
0.0
220
0.0
230
1.0
 70
    11
 71
     3
 72
    28
 73
    24
 74
     0
 42
0.000000001
 43
0.0000000001
 40
0.0
 40
0.0
 40
0.0
 40
0.0
 40
0.1428571428571428
 40
0.1428571428571428
 40
0.1428571428571428
 40
0.1428571528571428
 40
0.2857142857142857
 40
0.2857142857142857
 40
0.2857142857142857
 40
0.2857142957142857
 40
0.428571428571429
 40
0.428571428571429
 40
0.428571428571429
 40
0.4285714385714289
 40
0.5714285714285714
 40
0.5714285714285714
 40
0.5714285714285714
 40
0.5714285814285715
 40
0.7142857142857145
 40
0.7142857142857145
 40
0.7142857142857145
 40
0.7142857242857146
 40
1.0
 40
1.0
 40
1.0
 40
1.0
 10
498.9688688069032
 20
720.3970356242982
 30
0.0
 10
498.9688688069032
 20
720.3970356242982
 30
0.0
 10
499.2475875917038
 20
720.3970356242982
 30
0.0
 10
499.2475875917038
 20
720.3970356242982
 30
0.0
 10
499.2475875917038
 20
720.3970356242982
 30
0.0
 10
499.2475875917038
 20
720.5510930776137
 30
0.0
 10
499.1223818876055
 20
720.6762987817191
 30
0.0
 10
498.9688688069032
 20
720.6762987817191
 30
0.0
 10
498.9688688069032
 20
720.6762987817191
 30
0.0
 10
498.8148113535894
 20
720.6762987817191
 30
0.0
 10
498.6896056494837
 20
720.5510930776137
 30
0.0
 10
498.6896056494837
 20
720.3970356242982
 30
0.0
 10
498.6896056494837
 20
720.3970356242982
 30
0.0
 10
498.6896056494837
 20
720.2435225436104
 30
0.0
 10
498.8148113535894
 20
720.1183168395028
 30
0.0
 10
498.9688688069032
 20
720.1183168395028
 30
0.0
 10
498.9688688069032
 20
720.1183168395028
 30
0.0
 10
499.1223818876055
 20
720.1183168395028
 30
0.0
 10
499.2475875917038
 20
720.2435225436104
 30
0.0
 10
499.2475875917038
 20
720.3970356242982
 30
0.0
 10
499.2475875917038
 20
720.3970356242982
 30
0.0
 10
499.2475875917038
 20
720.3970356242982
 30
0.0
 10
498.9688688069032
 20
720.3970356242982
 30
0.0
 10
498.9688688069032
 20
720.3970356242982
 30
0.0
  0
SPLINE
  5
71A
330
1F
100
AcDbEntity
  8
≥ﬂ¥ÁòÀ◊¢
370
     9
100
AcDbSpline
210
0.0
220
0.0
230
0.0
 70
    24
 71
     3
 72
     8
 73
     4
 74
     0
 42
0.000000001
 43
0.0000000001
 40
0.0
 40
0.0
 40
0.0
 40
0.0
 40
1.0
 40
1.0
 40
1.0
 40
1.0
 10
499.6683876320306
 20
721.0954657041686
 30
0.0
 10
499.6683876320306
 20
721.0954657041686
 30
0.0
 10
503.1665261302763
 20
724.5930598297881
 30
0.0
 10
503.1665261302763
 20
724.5930598297881
 30
0.0
  0
SPLINE
  5
71B
330
1F
100
AcDbEntity
  8
≥ﬂ¥ÁòÀ◊¢
370
     9
100
AcDbSpline
210
0.0
220
0.0
230
1.0
 70
    11
 71
     3
 72
    28
 73
    24
 74
     0
 42
0.000000001
 43
0.0000000001
 40
0.0
 40
0.0
 40
0.0
 40
0.0
 40
0.1428571428571428
 40
0.1428571428571428
 40
0.1428571428571428
 40
0.1428571528571428
 40
0.2857142857142857
 40
0.2857142857142857
 40
0.2857142857142857
 40
0.2857142957142857
 40
0.428571428571429
 40
0.428571428571429
 40
0.428571428571429
 40
0.4285714385714289
 40
0.5714285714285714
 40
0.5714285714285714
 40
0.5714285714285714
 40
0.5714285814285715
 40
0.7142857142857145
 40
0.7142857142857145
 40
0.7142857142857145
 40
0.7142857242857146
 40
1.0
 40
1.0
 40
1.0
 40
1.0
 10
503.8665893280263
 20
725.2947561454193
 30
0.0
 10
503.8665893280263
 20
725.2947561454193
 30
0.0
 10
504.1453081128233
 20
725.2947561454193
 30
0.0
 10
504.1453081128233
 20
725.2947561454193
 30
0.0
 10
504.1453081128233
 20
725.2947561454193
 30
0.0
 10
504.1453081128233
 20
725.4488135987352
 30
0.0
 10
504.0201024087105
 20
725.5740193028425
 30
0.0
 10
503.8665893280263
 20
725.5740193028425
 30
0.0
 10
503.8665893280263
 20
725.5740193028425
 30
0.0
 10
503.7125318747126
 20
725.5740193028425
 30
0.0
 10
503.5873261706033
 20
725.4488135987352
 30
0.0
 10
503.5873261706033
 20
725.2947561454193
 30
0.0
 10
503.5873261706033
 20
725.2947561454193
 30
0.0
 10
503.5873261706033
 20
725.1412430647279
 30
0.0
 10
503.7125318747126
 20
725.0160373606226
 30
0.0
 10
503.8665893280263
 20
725.0160373606226
 30
0.0
 10
503.8665893280263
 20
725.0160373606226
 30
0.0
 10
504.0201024087105
 20
725.0160373606226
 30
0.0
 10
504.1453081128233
 20
725.1412430647279
 30
0.0
 10
504.1453081128233
 20
725.2947561454193
 30
0.0
 10
504.1453081128233
 20
725.2947561454193
 30
0.0
 10
504.1453081128233
 20
725.2947561454193
 30
0.0
 10
503.8665893280263
 20
725.2947561454193
 30
0.0
 10
503.8665893280263
 20
725.2947561454193
 30
0.0
  0
SPLINE
  5
71C
330
1F
100
AcDbEntity
  8
≥ﬂ¥ÁòÀ◊¢
370
     9
100
AcDbSpline
210
0.0
220
0.0
230
0.0
 70
    24
 71
     3
 72
     8
 73
     4
 74
     0
 42
0.000000001
 43
0.0000000001
 40
0.0
 40
0.0
 40
0.0
 40
0.0
 40
1.0
 40
1.0
 40
1.0
 40
1.0
 10
504.5661081531502
 20
725.9931862252881
 30
0.0
 10
504.5661081531502
 20
725.9931862252881
 30
0.0
 10
506.6467003318461
 20
728.0754115218635
 30
0.0
 10
506.6467003318461
 20
728.0754115218635
 30
0.0
  0
SPLINE
  5
71D
330
1F
100
AcDbEntity
  8
≥ﬂ¥ÁòÀ◊¢
370
     9
100
AcDbSpline
210
0.0
220
0.0
230
1.0
 70
    11
 71
     3
 72
    28
 73
    24
 74
     0
 42
0.000000001
 43
0.0000000001
 40
0.0
 40
0.0
 40
0.0
 40
0.0
 40
0.1428571428571428
 40
0.1428571428571428
 40
0.1428571428571428
 40
0.1428571528571428
 40
0.2857142857142857
 40
0.2857142857142857
 40
0.2857142857142857
 40
0.2857142957142857
 40
0.428571428571429
 40
0.428571428571429
 40
0.428571428571429
 40
0.4285714385714289
 40
0.5714285714285714
 40
0.5714285714285714
 40
0.5714285714285714
 40
0.5714285814285715
 40
0.7142857142857145
 40
0.7142857142857145
 40
0.7142857142857145
 40
0.7142857242857146
 40
1.0
 40
1.0
 40
1.0
 40
1.0
 10
497.9214958734115
 20
716.5488655271794
 30
0.0
 10
497.9214958734115
 20
716.5488655271794
 30
0.0
 10
498.2002146582157
 20
716.5488655271794
 30
0.0
 10
498.2002146582157
 20
716.5488655271794
 30
0.0
 10
498.2002146582157
 20
716.5488655271794
 30
0.0
 10
498.2002146582157
 20
716.7023786078638
 30
0.0
 10
498.0750089541029
 20
716.8275843119728
 30
0.0
 10
497.9214958734115
 20
716.8275843119728
 30
0.0
 10
497.9214958734115
 20
716.8275843119728
 30
0.0
 10
497.7674384200904
 20
716.8275843119728
 30
0.0
 10
497.6422327159921
 20
716.7023786078638
 30
0.0
 10
497.6422327159921
 20
716.5488655271794
 30
0.0
 10
497.6422327159921
 20
716.5488655271794
 30
0.0
 10
497.6422327159921
 20
716.3948080738621
 30
0.0
 10
497.7674384200904
 20
716.2696023697527
 30
0.0
 10
497.9214958734115
 20
716.2696023697527
 30
0.0
 10
497.9214958734115
 20
716.2696023697527
 30
0.0
 10
498.0750089541029
 20
716.2696023697527
 30
0.0
 10
498.2002146582157
 20
716.3948080738621
 30
0.0
 10
498.2002146582157
 20
716.5488655271794
 30
0.0
 10
498.2002146582157
 20
716.5488655271794
 30
0.0
 10
498.2002146582157
 20
716.5488655271794
 30
0.0
 10
497.9214958734115
 20
716.5488655271794
 30
0.0
 10
497.9214958734115
 20
716.5488655271794
 30
0.0
  0
SPLINE
  5
71E
330
1F
100
AcDbEntity
  8
≥ﬂ¥ÁòÀ◊¢
370
     9
100
AcDbSpline
210
0.0
220
0.0
230
0.0
 70
    24
 71
     3
 72
     8
 73
     4
 74
     0
 42
0.000000001
 43
0.0000000001
 40
0.0
 40
0.0
 40
0.0
 40
0.0
 40
1.0
 40
1.0
 40
1.0
 40
1.0
 10
498.6193815806687
 20
717.2489287249256
 30
0.0
 10
498.6193815806687
 20
717.2489287249256
 30
0.0
 10
502.117520078918
 20
720.7448897326677
 30
0.0
 10
502.117520078918
 20
720.7448897326677
 30
0.0
  0
SPLINE
  5
71F
330
1F
100
AcDbEntity
  8
≥ﬂ¥ÁòÀ◊¢
370
     9
100
AcDbSpline
210
0.0
220
0.0
230
1.0
 70
    11
 71
     3
 72
    28
 73
    24
 74
     0
 42
0.000000001
 43
0.0000000001
 40
0.0
 40
0.0
 40
0.0
 40
0.0
 40
0.1428571428571428
 40
0.1428571428571428
 40
0.1428571428571428
 40
0.1428571528571428
 40
0.2857142857142857
 40
0.2857142857142857
 40
0.2857142857142857
 40
0.2857142957142857
 40
0.428571428571429
 40
0.428571428571429
 40
0.428571428571429
 40
0.4285714385714289
 40
0.5714285714285714
 40
0.5714285714285714
 40
0.5714285714285714
 40
0.5714285814285715
 40
0.7142857142857145
 40
0.7142857142857145
 40
0.7142857142857145
 40
0.7142857242857146
 40
1.0
 40
1.0
 40
1.0
 40
1.0
 10
502.817038904031
 20
721.4465860482971
 30
0.0
 10
502.817038904031
 20
721.4465860482971
 30
0.0
 10
503.096302061454
 20
721.4465860482971
 30
0.0
 10
503.096302061454
 20
721.4465860482971
 30
0.0
 10
503.096302061454
 20
721.4465860482971
 30
0.0
 10
503.096302061454
 20
721.600099128985
 30
0.0
 10
502.9710963573448
 20
721.7253048330941
 30
0.0
 10
502.817038904031
 20
721.7253048330941
 30
0.0
 10
502.817038904031
 20
721.7253048330941
 30
0.0
 10
502.6635258233432
 20
721.7253048330941
 30
0.0
 10
502.5383201192485
 20
721.600099128985
 30
0.0
 10
502.5383201192485
 20
721.4465860482971
 30
0.0
 10
502.5383201192485
 20
721.4465860482971
 30
0.0
 10
502.5383201192485
 20
721.2925285949816
 30
0.0
 10
502.6635258233432
 20
721.1673228908722
 30
0.0
 10
502.817038904031
 20
721.1673228908722
 30
0.0
 10
502.817038904031
 20
721.1673228908722
 30
0.0
 10
502.9710963573448
 20
721.1673228908722
 30
0.0
 10
503.096302061454
 20
721.2925285949816
 30
0.0
 10
503.096302061454
 20
721.4465860482971
 30
0.0
 10
503.096302061454
 20
721.4465860482971
 30
0.0
 10
503.096302061454
 20
721.4465860482971
 30
0.0
 10
502.817038904031
 20
721.4465860482971
 30
0.0
 10
502.817038904031
 20
721.4465860482971
 30
0.0
  0
SPLINE
  5
720
330
1F
100
AcDbEntity
  8
≥ﬂ¥ÁòÀ◊¢
370
     9
100
AcDbSpline
210
0.0
220
0.0
230
0.0
 70
    24
 71
     3
 72
     8
 73
     4
 74
     0
 42
0.000000001
 43
0.0000000001
 40
0.0
 40
0.0
 40
0.0
 40
0.0
 40
1.0
 40
1.0
 40
1.0
 40
1.0
 10
503.5171021017845
 20
722.1466492460486
 30
0.0
 10
503.5171021017845
 20
722.1466492460486
 30
0.0
 10
507.0152406000263
 20
725.6426102537872
 30
0.0
 10
507.0152406000263
 20
725.6426102537872
 30
0.0
  0
SPLINE
  5
721
330
1F
100
AcDbEntity
  8
≥ﬂ¥ÁòÀ◊¢
370
     9
100
AcDbSpline
210
0.0
220
0.0
230
1.0
 70
    11
 71
     3
 72
    28
 73
    24
 74
     0
 42
0.000000001
 43
0.0000000001
 40
0.0
 40
0.0
 40
0.0
 40
0.0
 40
0.1428571428571428
 40
0.1428571428571428
 40
0.1428571428571428
 40
0.1428571528571428
 40
0.2857142857142857
 40
0.2857142857142857
 40
0.2857142857142857
 40
0.2857142957142857
 40
0.428571428571429
 40
0.428571428571429
 40
0.428571428571429
 40
0.4285714385714289
 40
0.5714285714285714
 40
0.5714285714285714
 40
0.5714285714285714
 40
0.5714285814285715
 40
0.7142857142857145
 40
0.7142857142857145
 40
0.7142857142857145
 40
0.7142857242857146
 40
1.0
 40
1.0
 40
1.0
 40
1.0
 10
507.7142150525209
 20
726.3415847062872
 30
0.0
 10
507.7142150525209
 20
726.3415847062872
 30
0.0
 10
507.9934782099403
 20
726.3415847062872
 30
0.0
 10
507.9934782099403
 20
726.3415847062872
 30
0.0
 10
507.9934782099403
 20
726.3415847062872
 30
0.0
 10
507.9934782099403
 20
726.4950977869732
 30
0.0
 10
507.8682725058383
 20
726.6208478637065
 30
0.0
 10
507.7142150525209
 20
726.6208478637065
 30
0.0
 10
507.7142150525209
 20
726.6208478637065
 30
0.0
 10
507.5607019718402
 20
726.6208478637065
 30
0.0
 10
507.4354962677203
 20
726.4950977869732
 30
0.0
 10
507.4354962677203
 20
726.3415847062872
 30
0.0
 10
507.4354962677203
 20
726.3415847062872
 30
0.0
 10
507.4354962677203
 20
726.1880716255975
 30
0.0
 10
507.5607019718402
 20
726.0623215488606
 30
0.0
 10
507.7142150525209
 20
726.0623215488606
 30
0.0
 10
507.7142150525209
 20
726.0623215488606
 30
0.0
 10
507.8682725058383
 20
726.0623215488606
 30
0.0
 10
507.9934782099403
 20
726.1880716255975
 30
0.0
 10
507.9934782099403
 20
726.3415847062872
 30
0.0
 10
507.9934782099403
 20
726.3415847062872
 30
0.0
 10
507.9934782099403
 20
726.3415847062872
 30
0.0
 10
507.7142150525209
 20
726.3415847062872
 30
0.0
 10
507.7142150525209
 20
726.3415847062872
 30
0.0
  0
SPLINE
  5
722
330
1F
100
AcDbEntity
  8
≥ﬂ¥ÁòÀ◊¢
370
     9
100
AcDbSpline
210
0.0
220
0.0
230
0.0
 70
    24
 71
     3
 72
     8
 73
     4
 74
     0
 42
0.000000001
 43
0.0000000001
 40
0.0
 40
0.0
 40
0.0
 40
0.0
 40
1.0
 40
1.0
 40
1.0
 40
1.0
 10
508.4126451323932
 20
727.042192276663
 30
0.0
 10
508.4126451323932
 20
727.042192276663
 30
0.0
 10
509.4464087502196
 20
728.0754115218635
 30
0.0
 10
509.4464087502196
 20
728.0754115218635
 30
0.0
  0
SPLINE
  5
723
330
1F
100
AcDbEntity
  8
≥ﬂ¥ÁòÀ◊¢
370
     9
100
AcDbSpline
210
0.0
220
0.0
230
0.0
 70
    24
 71
     3
 72
     8
 73
     4
 74
     0
 42
0.000000001
 43
0.0000000001
 40
0.0
 40
0.0
 40
0.0
 40
0.0
 40
1.0
 40
1.0
 40
1.0
 40
1.0
 10
499.7337123472093
 20
715.5635510731108
 30
0.0
 10
499.7337123472093
 20
715.5635510731108
 30
0.0
 10
501.0679696549043
 20
716.8983527534249
 30
0.0
 10
501.0679696549043
 20
716.8983527534249
 30
0.0
  0
SPLINE
  5
724
330
1F
100
AcDbEntity
  8
≥ﬂ¥ÁòÀ◊¢
370
     9
100
AcDbSpline
210
0.0
220
0.0
230
1.0
 70
    11
 71
     3
 72
    28
 73
    24
 74
     0
 42
0.000000001
 43
0.0000000001
 40
0.0
 40
0.0
 40
0.0
 40
0.0
 40
0.1428571428571428
 40
0.1428571428571428
 40
0.1428571428571428
 40
0.1428571528571428
 40
0.2857142857142857
 40
0.2857142857142857
 40
0.2857142857142857
 40
0.2857142957142857
 40
0.428571428571429
 40
0.428571428571429
 40
0.428571428571429
 40
0.4285714385714289
 40
0.5714285714285714
 40
0.5714285714285714
 40
0.5714285714285714
 40
0.5714285814285715
 40
0.7142857142857145
 40
0.7142857142857145
 40
0.7142857142857145
 40
0.7142857242857146
 40
1.0
 40
1.0
 40
1.0
 40
1.0
 10
501.767488480043
 20
717.5978715785487
 30
0.0
 10
501.767488480043
 20
717.5978715785487
 30
0.0
 10
502.0467516374658
 20
717.5978715785487
 30
0.0
 10
502.0467516374658
 20
717.5978715785487
 30
0.0
 10
502.0467516374658
 20
717.5978715785487
 30
0.0
 10
502.0467516374658
 20
717.7513846592384
 30
0.0
 10
501.9210015607127
 20
717.8771347359717
 30
0.0
 10
501.767488480043
 20
717.8771347359717
 30
0.0
 10
501.767488480043
 20
717.8771347359717
 30
0.0
 10
501.6134310267182
 20
717.8771347359717
 30
0.0
 10
501.4882253226237
 20
717.7513846592384
 30
0.0
 10
501.4882253226237
 20
717.5978715785487
 30
0.0
 10
501.4882253226237
 20
717.5978715785487
 30
0.0
 10
501.4882253226237
 20
717.4438141252351
 30
0.0
 10
501.6134310267182
 20
717.3186084211257
 30
0.0
 10
501.767488480043
 20
717.3186084211257
 30
0.0
 10
501.767488480043
 20
717.3186084211257
 30
0.0
 10
501.9210015607127
 20
717.3186084211257
 30
0.0
 10
502.0467516374658
 20
717.4438141252351
 30
0.0
 10
502.0467516374658
 20
717.5978715785487
 30
0.0
 10
502.0467516374658
 20
717.5978715785487
 30
0.0
 10
502.0467516374658
 20
717.5978715785487
 30
0.0
 10
501.767488480043
 20
717.5978715785487
 30
0.0
 10
501.767488480043
 20
717.5978715785487
 30
0.0
  0
SPLINE
  5
725
330
1F
100
AcDbEntity
  8
≥ﬂ¥ÁòÀ◊¢
370
     9
100
AcDbSpline
210
0.0
220
0.0
230
0.0
 70
    24
 71
     3
 72
     8
 73
     4
 74
     0
 42
0.000000001
 43
0.0000000001
 40
0.0
 40
0.0
 40
0.0
 40
0.0
 40
1.0
 40
1.0
 40
1.0
 40
1.0
 10
502.4659185599007
 20
718.2984791489262
 30
0.0
 10
502.4659185599007
 20
718.2984791489262
 30
0.0
 10
505.9656901760241
 20
721.7960732745442
 30
0.0
 10
505.9656901760241
 20
721.7960732745442
 30
0.0
  0
SPLINE
  5
726
330
1F
100
AcDbEntity
  8
≥ﬂ¥ÁòÀ◊¢
370
     9
100
AcDbSpline
210
0.0
220
0.0
230
1.0
 70
    11
 71
     3
 72
    28
 73
    24
 74
     0
 42
0.000000001
 43
0.0000000001
 40
0.0
 40
0.0
 40
0.0
 40
0.0
 40
0.1428571428571428
 40
0.1428571428571428
 40
0.1428571428571428
 40
0.1428571528571428
 40
0.2857142857142857
 40
0.2857142857142857
 40
0.2857142857142857
 40
0.2857142957142857
 40
0.428571428571429
 40
0.428571428571429
 40
0.428571428571429
 40
0.4285714385714289
 40
0.5714285714285714
 40
0.5714285714285714
 40
0.5714285714285714
 40
0.5714285814285715
 40
0.7142857142857145
 40
0.7142857142857145
 40
0.7142857142857145
 40
0.7142857242857146
 40
1.0
 40
1.0
 40
1.0
 40
1.0
 10
506.6652090011516
 20
722.4955920996683
 30
0.0
 10
506.6652090011516
 20
722.4955920996683
 30
0.0
 10
506.9444721585746
 20
722.4955920996683
 30
0.0
 10
506.9444721585746
 20
722.4955920996683
 30
0.0
 10
506.9444721585746
 20
722.4955920996683
 30
0.0
 10
506.9444721585746
 20
722.649105180358
 30
0.0
 10
506.8187220818392
 20
722.774855257091
 30
0.0
 10
506.6652090011516
 20
722.774855257091
 30
0.0
 10
506.6652090011516
 20
722.774855257091
 30
0.0
 10
506.5111515478379
 20
722.774855257091
 30
0.0
 10
506.3859458437287
 20
722.649105180358
 30
0.0
 10
506.3859458437287
 20
722.4955920996683
 30
0.0
 10
506.3859458437287
 20
722.4955920996683
 30
0.0
 10
506.3859458437287
 20
722.3415346463545
 30
0.0
 10
506.5111515478379
 20
722.2163289422471
 30
0.0
 10
506.6652090011516
 20
722.2163289422471
 30
0.0
 10
506.6652090011516
 20
722.2163289422471
 30
0.0
 10
506.8187220818392
 20
722.2163289422471
 30
0.0
 10
506.9444721585746
 20
722.3415346463545
 30
0.0
 10
506.9444721585746
 20
722.4955920996683
 30
0.0
 10
506.9444721585746
 20
722.4955920996683
 30
0.0
 10
506.9444721585746
 20
722.4955920996683
 30
0.0
 10
506.6652090011516
 20
722.4955920996683
 30
0.0
 10
506.6652090011516
 20
722.4955920996683
 30
0.0
  0
SPLINE
  5
727
330
1F
100
AcDbEntity
  8
≥ﬂ¥ÁòÀ◊¢
370
     9
100
AcDbSpline
210
0.0
220
0.0
230
0.0
 70
    24
 71
     3
 72
     8
 73
     4
 74
     0
 42
0.000000001
 43
0.0000000001
 40
0.0
 40
0.0
 40
0.0
 40
0.0
 40
1.0
 40
1.0
 40
1.0
 40
1.0
 10
507.3636390810311
 20
723.1934778069162
 30
0.0
 10
507.3636390810311
 20
723.1934778069162
 30
0.0
 10
510.8617775792659
 20
726.6916163051583
 30
0.0
 10
510.8617775792659
 20
726.6916163051583
 30
0.0
  0
SPLINE
  5
728
330
1F
100
AcDbEntity
  8
≥ﬂ¥ÁòÀ◊¢
370
     9
100
AcDbSpline
210
0.0
220
0.0
230
1.0
 70
    11
 71
     3
 72
    28
 73
    24
 74
     0
 42
0.000000001
 43
0.0000000001
 40
0.0
 40
0.0
 40
0.0
 40
0.0
 40
0.1428571428571428
 40
0.1428571428571428
 40
0.1428571428571428
 40
0.1428571528571428
 40
0.2857142857142857
 40
0.2857142857142857
 40
0.2857142857142857
 40
0.2857142957142857
 40
0.428571428571429
 40
0.428571428571429
 40
0.428571428571429
 40
0.4285714385714289
 40
0.5714285714285714
 40
0.5714285714285714
 40
0.5714285714285714
 40
0.5714285814285715
 40
0.7142857142857145
 40
0.7142857142857145
 40
0.7142857142857145
 40
0.7142857242857146
 40
1.0
 40
1.0
 40
1.0
 40
1.0
 10
511.5629295222638
 20
727.3933126207913
 30
0.0
 10
511.5629295222638
 20
727.3933126207913
 30
0.0
 10
511.8421926797013
 20
727.3933126207913
 30
0.0
 10
511.8421926797013
 20
727.3933126207913
 30
0.0
 10
511.8421926797013
 20
727.3933126207913
 30
0.0
 10
511.8421926797013
 20
727.5468257014791
 30
0.0
 10
511.7164426029553
 20
727.6725757782144
 30
0.0
 10
511.5629295222638
 20
727.6725757782144
 30
0.0
 10
511.5629295222638
 20
727.6725757782144
 30
0.0
 10
511.408872068972
 20
727.6725757782144
 30
0.0
 10
511.2836663648445
 20
727.5468257014791
 30
0.0
 10
511.2836663648445
 20
727.3933126207913
 30
0.0
 10
511.2836663648445
 20
727.3933126207913
 30
0.0
 10
511.2836663648445
 20
727.2392551674759
 30
0.0
 10
511.408872068972
 20
727.1140494633666
 30
0.0
 10
511.5629295222638
 20
727.1140494633666
 30
0.0
 10
511.5629295222638
 20
727.1140494633666
 30
0.0
 10
511.7164426029553
 20
727.1140494633666
 30
0.0
 10
511.8421926797013
 20
727.2392551674759
 30
0.0
 10
511.8421926797013
 20
727.3933126207913
 30
0.0
 10
511.8421926797013
 20
727.3933126207913
 30
0.0
 10
511.8421926797013
 20
727.3933126207913
 30
0.0
 10
511.5629295222638
 20
727.3933126207913
 30
0.0
 10
511.5629295222638
 20
727.3933126207913
 30
0.0
  0
SPLINE
  5
729
330
1F
100
AcDbEntity
  8
≥ﬂ¥ÁòÀ◊¢
370
     9
100
AcDbSpline
210
0.0
220
0.0
230
0.0
 70
    24
 71
     3
 72
     8
 73
     4
 74
     0
 42
0.000000001
 43
0.0000000001
 40
0.0
 40
0.0
 40
0.0
 40
0.0
 40
1.0
 40
1.0
 40
1.0
 40
1.0
 10
502.5306989024606
 20
715.5635510731108
 30
0.0
 10
502.5306989024606
 20
715.5635510731108
 30
0.0
 10
504.9150510067661
 20
717.9479031774255
 30
0.0
 10
504.9150510067661
 20
717.9479031774255
 30
0.0
  0
SPLINE
  5
72A
330
1F
100
AcDbEntity
  8
≥ﬂ¥ÁòÀ◊¢
370
     9
100
AcDbSpline
210
0.0
220
0.0
230
1.0
 70
    11
 71
     3
 72
    28
 73
    24
 74
     0
 42
0.000000001
 43
0.0000000001
 40
0.0
 40
0.0
 40
0.0
 40
0.0
 40
0.1428571428571428
 40
0.1428571428571428
 40
0.1428571428571428
 40
0.1428571528571428
 40
0.2857142857142857
 40
0.2857142857142857
 40
0.2857142857142857
 40
0.2857142957142857
 40
0.428571428571429
 40
0.428571428571429
 40
0.428571428571429
 40
0.4285714385714289
 40
0.5714285714285714
 40
0.5714285714285714
 40
0.5714285714285714
 40
0.5714285814285715
 40
0.7142857142857145
 40
0.7142857142857145
 40
0.7142857142857145
 40
0.7142857242857146
 40
1.0
 40
1.0
 40
1.0
 40
1.0
 10
505.616202949775
 20
718.6468776299217
 30
0.0
 10
505.616202949775
 20
718.6468776299217
 30
0.0
 10
505.8949217345722
 20
718.6468776299217
 30
0.0
 10
505.8949217345722
 20
718.6468776299217
 30
0.0
 10
505.8949217345722
 20
718.6468776299217
 30
0.0
 10
505.8949217345722
 20
718.8009350832373
 30
0.0
 10
505.7697160304701
 20
718.9261407873448
 30
0.0
 10
505.616202949775
 20
718.9261407873448
 30
0.0
 10
505.616202949775
 20
718.9261407873448
 30
0.0
 10
505.4621454964721
 20
718.9261407873448
 30
0.0
 10
505.3369397923518
 20
718.8009350832373
 30
0.0
 10
505.3369397923518
 20
718.6468776299217
 30
0.0
 10
505.3369397923518
 20
718.6468776299217
 30
0.0
 10
505.3369397923518
 20
718.493364549234
 30
0.0
 10
505.4621454964721
 20
718.3681588451263
 30
0.0
 10
505.616202949775
 20
718.3681588451263
 30
0.0
 10
505.616202949775
 20
718.3681588451263
 30
0.0
 10
505.7697160304701
 20
718.3681588451263
 30
0.0
 10
505.8949217345722
 20
718.493364549234
 30
0.0
 10
505.8949217345722
 20
718.6468776299217
 30
0.0
 10
505.8949217345722
 20
718.6468776299217
 30
0.0
 10
505.8949217345722
 20
718.6468776299217
 30
0.0
 10
505.616202949775
 20
718.6468776299217
 30
0.0
 10
505.616202949775
 20
718.6468776299217
 30
0.0
  0
SPLINE
  5
72B
330
1F
100
AcDbEntity
  8
≥ﬂ¥ÁòÀ◊¢
370
     9
100
AcDbSpline
210
0.0
220
0.0
230
0.0
 70
    24
 71
     3
 72
     8
 73
     4
 74
     0
 42
0.000000001
 43
0.0000000001
 40
0.0
 40
0.0
 40
0.0
 40
0.0
 40
1.0
 40
1.0
 40
1.0
 40
1.0
 10
506.3146330296436
 20
719.3474852002975
 30
0.0
 10
506.3146330296436
 20
719.3474852002975
 30
0.0
 10
509.8127715278963
 20
722.8456236985451
 30
0.0
 10
509.8127715278963
 20
722.8456236985451
 30
0.0
  0
SPLINE
  5
72C
330
1F
100
AcDbEntity
  8
≥ﬂ¥ÁòÀ◊¢
370
     9
100
AcDbSpline
210
0.0
220
0.0
230
1.0
 70
    11
 71
     3
 72
    28
 73
    24
 74
     0
 42
0.000000001
 43
0.0000000001
 40
0.0
 40
0.0
 40
0.0
 40
0.0
 40
0.1428571428571428
 40
0.1428571428571428
 40
0.1428571428571428
 40
0.1428571528571428
 40
0.2857142857142857
 40
0.2857142857142857
 40
0.2857142857142857
 40
0.2857142957142857
 40
0.428571428571429
 40
0.428571428571429
 40
0.428571428571429
 40
0.4285714385714289
 40
0.5714285714285714
 40
0.5714285714285714
 40
0.5714285714285714
 40
0.5714285814285715
 40
0.7142857142857145
 40
0.7142857142857145
 40
0.7142857142857145
 40
0.7142857242857146
 40
1.0
 40
1.0
 40
1.0
 40
1.0
 10
510.5117459803907
 20
723.5445981510411
 30
0.0
 10
510.5117459803907
 20
723.5445981510411
 30
0.0
 10
510.7910091378139
 20
723.5445981510411
 30
0.0
 10
510.7910091378139
 20
723.5445981510411
 30
0.0
 10
510.7910091378139
 20
723.5445981510411
 30
0.0
 10
510.7910091378139
 20
723.6986556043602
 30
0.0
 10
510.6658034337047
 20
723.823861308464
 30
0.0
 10
510.5117459803907
 20
723.823861308464
 30
0.0
 10
510.5117459803907
 20
723.823861308464
 30
0.0
 10
510.3582328997031
 20
723.823861308464
 30
0.0
 10
510.2330271955938
 20
723.6986556043602
 30
0.0
 10
510.2330271955938
 20
723.5445981510411
 30
0.0
 10
510.2330271955938
 20
723.5445981510411
 30
0.0
 10
510.2330271955938
 20
723.3910850703535
 30
0.0
 10
510.3582328997031
 20
723.265879366246
 30
0.0
 10
510.5117459803907
 20
723.265879366246
 30
0.0
 10
510.5117459803907
 20
723.265879366246
 30
0.0
 10
510.6658034337047
 20
723.265879366246
 30
0.0
 10
510.7910091378139
 20
723.3910850703535
 30
0.0
 10
510.7910091378139
 20
723.5445981510411
 30
0.0
 10
510.7910091378139
 20
723.5445981510411
 30
0.0
 10
510.7910091378139
 20
723.5445981510411
 30
0.0
 10
510.5117459803907
 20
723.5445981510411
 30
0.0
 10
510.5117459803907
 20
723.5445981510411
 30
0.0
  0
SPLINE
  5
72D
330
1F
100
AcDbEntity
  8
≥ﬂ¥ÁòÀ◊¢
370
     9
100
AcDbSpline
210
0.0
220
0.0
230
0.0
 70
    24
 71
     3
 72
     8
 73
     4
 74
     0
 42
0.000000001
 43
0.0000000001
 40
0.0
 40
0.0
 40
0.0
 40
0.0
 40
1.0
 40
1.0
 40
1.0
 40
1.0
 10
511.2123535507628
 20
724.2452057214205
 30
0.0
 10
511.2123535507628
 20
724.2452057214205
 30
0.0
 10
514.7104920490269
 20
727.7433442196662
 30
0.0
 10
514.7104920490269
 20
727.7433442196662
 30
0.0
  0
SPLINE
  5
72E
330
1F
100
AcDbEntity
  8
≥ﬂ¥ÁòÀ◊¢
370
     9
100
AcDbSpline
210
0.0
220
0.0
230
1.0
 70
    11
 71
     3
 72
    28
 73
    24
 74
     0
 42
0.000000001
 43
0.0000000001
 40
0.0
 40
0.0
 40
0.0
 40
0.0
 40
0.1428571428571428
 40
0.1428571428571428
 40
0.1428571428571428
 40
0.1428571528571428
 40
0.2857142857142857
 40
0.2857142857142857
 40
0.2857142857142857
 40
0.2857142957142857
 40
0.428571428571429
 40
0.428571428571429
 40
0.428571428571429
 40
0.4285714385714289
 40
0.5714285714285714
 40
0.5714285714285714
 40
0.5714285714285714
 40
0.5714285814285715
 40
0.7142857142857145
 40
0.7142857142857145
 40
0.7142857142857145
 40
0.7142857242857146
 40
1.0
 40
1.0
 40
1.0
 40
1.0
 10
515.0431037238445
 20
728.0765002671171
 30
0.0
 10
515.0431037238445
 20
728.0765002671171
 30
0.0
 10
515.3223668812711
 20
728.0765002671171
 30
0.0
 10
515.3223668812711
 20
728.0765002671171
 30
0.0
 10
515.3223668812711
 20
728.0765002671171
 30
0.0
 10
515.3223668812711
 20
728.2305577204307
 30
0.0
 10
515.1971611771507
 20
728.3557634245401
 30
0.0
 10
515.0431037238445
 20
728.3557634245401
 30
0.0
 10
515.0431037238445
 20
728.3557634245401
 30
0.0
 10
514.8895906431603
 20
728.3557634245401
 30
0.0
 10
514.7638405664178
 20
728.2305577204307
 30
0.0
 10
514.7638405664178
 20
728.0765002671171
 30
0.0
 10
514.7638405664178
 20
728.0765002671171
 30
0.0
 10
514.7638405664178
 20
727.9229871864292
 30
0.0
 10
514.8895906431603
 20
727.7977814823217
 30
0.0
 10
515.0431037238445
 20
727.7977814823217
 30
0.0
 10
515.0431037238445
 20
727.7977814823217
 30
0.0
 10
515.1971611771507
 20
727.7977814823217
 30
0.0
 10
515.3223668812711
 20
727.9229871864292
 30
0.0
 10
515.3223668812711
 20
728.0765002671171
 30
0.0
 10
515.3223668812711
 20
728.0765002671171
 30
0.0
 10
515.3223668812711
 20
728.0765002671171
 30
0.0
 10
515.0431037238445
 20
728.0765002671171
 30
0.0
 10
515.0431037238445
 20
728.0765002671171
 30
0.0
  0
SPLINE
  5
72F
330
1F
100
AcDbEntity
  8
≥ﬂ¥ÁòÀ◊¢
370
     9
100
AcDbSpline
210
0.0
220
0.0
230
0.0
 70
    24
 71
     3
 72
     8
 73
     4
 74
     0
 42
0.000000001
 43
0.0000000001
 40
0.0
 40
0.0
 40
0.0
 40
0.0
 40
1.0
 40
1.0
 40
1.0
 40
1.0
 10
505.3298629482083
 20
715.5635510731108
 30
0.0
 10
505.3298629482083
 20
715.5635510731108
 30
0.0
 10
508.7632211038867
 20
718.9969092287983
 30
0.0
 10
508.7632211038867
 20
718.9969092287983
 30
0.0
  0
SPLINE
  5
730
330
1F
100
AcDbEntity
  8
≥ﬂ¥ÁòÀ◊¢
370
     9
100
AcDbSpline
210
0.0
220
0.0
230
1.0
 70
    11
 71
     3
 72
    28
 73
    24
 74
     0
 42
0.000000001
 43
0.0000000001
 40
0.0
 40
0.0
 40
0.0
 40
0.0
 40
0.1428571428571428
 40
0.1428571428571428
 40
0.1428571428571428
 40
0.1428571528571428
 40
0.2857142857142857
 40
0.2857142857142857
 40
0.2857142857142857
 40
0.2857142957142857
 40
0.428571428571429
 40
0.428571428571429
 40
0.428571428571429
 40
0.4285714385714289
 40
0.5714285714285714
 40
0.5714285714285714
 40
0.5714285714285714
 40
0.5714285814285715
 40
0.7142857142857145
 40
0.7142857142857145
 40
0.7142857142857145
 40
0.7142857242857146
 40
1.0
 40
1.0
 40
1.0
 40
1.0
 10
509.4643730468992
 20
719.6986055444279
 30
0.0
 10
509.4643730468992
 20
719.6986055444279
 30
0.0
 10
509.7436362043183
 20
719.6986055444279
 30
0.0
 10
509.7436362043183
 20
719.6986055444279
 30
0.0
 10
509.7436362043183
 20
719.6986055444279
 30
0.0
 10
509.7436362043183
 20
719.8526629977417
 30
0.0
 10
509.618430500213
 20
719.977868701849
 30
0.0
 10
509.4643730468992
 20
719.977868701849
 30
0.0
 10
509.4643730468992
 20
719.977868701849
 30
0.0
 10
509.3108599662005
 20
719.977868701849
 30
0.0
 10
509.1856542620984
 20
719.8526629977417
 30
0.0
 10
509.1856542620984
 20
719.6986055444279
 30
0.0
 10
509.1856542620984
 20
719.6986055444279
 30
0.0
 10
509.1856542620984
 20
719.5450924637364
 30
0.0
 10
509.3108599662005
 20
719.419342387003
 30
0.0
 10
509.4643730468992
 20
719.419342387003
 30
0.0
 10
509.4643730468992
 20
719.419342387003
 30
0.0
 10
509.618430500213
 20
719.419342387003
 30
0.0
 10
509.7436362043183
 20
719.5450924637364
 30
0.0
 10
509.7436362043183
 20
719.6986055444279
 30
0.0
 10
509.7436362043183
 20
719.6986055444279
 30
0.0
 10
509.7436362043183
 20
719.6986055444279
 30
0.0
 10
509.4643730468992
 20
719.6986055444279
 30
0.0
 10
509.4643730468992
 20
719.6986055444279
 30
0.0
  0
SPLINE
  5
731
330
1F
100
AcDbEntity
  8
≥ﬂ¥ÁòÀ◊¢
370
     9
100
AcDbSpline
210
0.0
220
0.0
230
0.0
 70
    24
 71
     3
 72
     8
 73
     4
 74
     0
 42
0.000000001
 43
0.0000000001
 40
0.0
 40
0.0
 40
0.0
 40
0.0
 40
1.0
 40
1.0
 40
1.0
 40
1.0
 10
510.162258754149
 20
720.3964912516705
 30
0.0
 10
510.162258754149
 20
720.3964912516705
 30
0.0
 10
513.6603972523912
 20
723.8946297499181
 30
0.0
 10
513.6603972523912
 20
723.8946297499181
 30
0.0
  0
SPLINE
  5
732
330
1F
100
AcDbEntity
  8
≥ﬂ¥ÁòÀ◊¢
370
     9
100
AcDbSpline
210
0.0
220
0.0
230
1.0
 70
    11
 71
     3
 72
    28
 73
    24
 74
     0
 42
0.000000001
 43
0.0000000001
 40
0.0
 40
0.0
 40
0.0
 40
0.0
 40
0.1428571428571428
 40
0.1428571428571428
 40
0.1428571428571428
 40
0.1428571528571428
 40
0.2857142857142857
 40
0.2857142857142857
 40
0.2857142857142857
 40
0.2857142957142857
 40
0.428571428571429
 40
0.428571428571429
 40
0.428571428571429
 40
0.4285714385714289
 40
0.5714285714285714
 40
0.5714285714285714
 40
0.5714285714285714
 40
0.5714285814285715
 40
0.7142857142857145
 40
0.7142857142857145
 40
0.7142857142857145
 40
0.7142857242857146
 40
1.0
 40
1.0
 40
1.0
 40
1.0
 10
514.3604604501411
 20
724.5936042024159
 30
0.0
 10
514.3604604501411
 20
724.5936042024159
 30
0.0
 10
514.6391792349309
 20
724.5936042024159
 30
0.0
 10
514.6391792349309
 20
724.5936042024159
 30
0.0
 10
514.6391792349309
 20
724.5936042024159
 30
0.0
 10
514.6391792349309
 20
724.7476616557317
 30
0.0
 10
514.5139735308288
 20
724.8728673598371
 30
0.0
 10
514.3604604501411
 20
724.8728673598371
 30
0.0
 10
514.3604604501411
 20
724.8728673598371
 30
0.0
 10
514.2064029968164
 20
724.8728673598371
 30
0.0
 10
514.0811972927217
 20
724.7476616557317
 30
0.0
 10
514.0811972927217
 20
724.5936042024159
 30
0.0
 10
514.0811972927217
 20
724.5936042024159
 30
0.0
 10
514.0811972927217
 20
724.4400911217247
 30
0.0
 10
514.2064029968164
 20
724.314885417619
 30
0.0
 10
514.3604604501411
 20
724.314885417619
 30
0.0
 10
514.3604604501411
 20
724.314885417619
 30
0.0
 10
514.5139735308288
 20
724.314885417619
 30
0.0
 10
514.6391792349309
 20
724.4400911217247
 30
0.0
 10
514.6391792349309
 20
724.5936042024159
 30
0.0
 10
514.6391792349309
 20
724.5936042024159
 30
0.0
 10
514.6391792349309
 20
724.5936042024159
 30
0.0
 10
514.3604604501411
 20
724.5936042024159
 30
0.0
 10
514.3604604501411
 20
724.5936042024159
 30
0.0
  0
SPLINE
  5
733
330
1F
100
AcDbEntity
  8
≥ﬂ¥ÁòÀ◊¢
370
     9
100
AcDbSpline
210
0.0
220
0.0
230
0.0
 70
    24
 71
     3
 72
     8
 73
     4
 74
     0
 42
0.000000001
 43
0.0000000001
 40
0.0
 40
0.0
 40
0.0
 40
0.0
 40
1.0
 40
1.0
 40
1.0
 40
1.0
 10
515.0599792752649
 20
725.29421177279
 30
0.0
 10
515.0599792752649
 20
725.29421177279
 30
0.0
 10
517.8417233969808
 20
728.0759558944912
 30
0.0
 10
517.8417233969808
 20
728.0759558944912
 30
0.0
  0
SPLINE
  5
734
330
1F
100
AcDbEntity
  8
≥ﬂ¥ÁòÀ◊¢
370
     9
100
AcDbSpline
210
0.0
220
0.0
230
1.0
 70
    11
 71
     3
 72
    28
 73
    24
 74
     0
 42
0.000000001
 43
0.0000000001
 40
0.0
 40
0.0
 40
0.0
 40
0.0
 40
0.1428571428571428
 40
0.1428571428571428
 40
0.1428571428571428
 40
0.1428571528571428
 40
0.2857142857142857
 40
0.2857142857142857
 40
0.2857142857142857
 40
0.2857142957142857
 40
0.428571428571429
 40
0.428571428571429
 40
0.428571428571429
 40
0.4285714385714289
 40
0.5714285714285714
 40
0.5714285714285714
 40
0.5714285714285714
 40
0.5714285814285715
 40
0.7142857142857145
 40
0.7142857142857145
 40
0.7142857142857145
 40
0.7142857242857146
 40
1.0
 40
1.0
 40
1.0
 40
1.0
 10
508.4137338776447
 20
715.8498910746796
 30
0.0
 10
508.4137338776447
 20
715.8498910746796
 30
0.0
 10
508.6924526624421
 20
715.8498910746796
 30
0.0
 10
508.6924526624421
 20
715.8498910746796
 30
0.0
 10
508.6924526624421
 20
715.8498910746796
 30
0.0
 10
508.6924526624421
 20
716.0039485279951
 30
0.0
 10
508.5672469583436
 20
716.1291542321025
 30
0.0
 10
508.4137338776447
 20
716.1291542321025
 30
0.0
 10
508.4137338776447
 20
716.1291542321025
 30
0.0
 10
508.2596764243311
 20
716.1291542321025
 30
0.0
 10
508.1344707202219
 20
716.0039485279951
 30
0.0
 10
508.1344707202219
 20
715.8498910746796
 30
0.0
 10
508.1344707202219
 20
715.8498910746796
 30
0.0
 10
508.1344707202219
 20
715.6963779939896
 30
0.0
 10
508.2596764243311
 20
715.5711722898842
 30
0.0
 10
508.4137338776447
 20
715.5711722898842
 30
0.0
 10
508.4137338776447
 20
715.5711722898842
 30
0.0
 10
508.5672469583436
 20
715.5711722898842
 30
0.0
 10
508.6924526624421
 20
715.6963779939896
 30
0.0
 10
508.6924526624421
 20
715.8498910746796
 30
0.0
 10
508.6924526624421
 20
715.8498910746796
 30
0.0
 10
508.6924526624421
 20
715.8498910746796
 30
0.0
 10
508.4137338776447
 20
715.8498910746796
 30
0.0
 10
508.4137338776447
 20
715.8498910746796
 30
0.0
  0
SPLINE
  5
735
330
1F
100
AcDbEntity
  8
≥ﬂ¥ÁòÀ◊¢
370
     9
100
AcDbSpline
210
0.0
220
0.0
230
0.0
 70
    24
 71
     3
 72
     8
 73
     4
 74
     0
 42
0.000000001
 43
0.0000000001
 40
0.0
 40
0.0
 40
0.0
 40
0.0
 40
1.0
 40
1.0
 40
1.0
 40
1.0
 10
509.1132527027798
 20
716.5483211545497
 30
0.0
 10
509.1132527027798
 20
716.5483211545497
 30
0.0
 10
512.6113912010146
 20
720.0459152801697
 30
0.0
 10
512.6113912010146
 20
720.0459152801697
 30
0.0
  0
SPLINE
  5
736
330
1F
100
AcDbEntity
  8
≥ﬂ¥ÁòÀ◊¢
370
     9
100
AcDbSpline
210
0.0
220
0.0
230
1.0
 70
    11
 71
     3
 72
    28
 73
    24
 74
     0
 42
0.000000001
 43
0.0000000001
 40
0.0
 40
0.0
 40
0.0
 40
0.0
 40
0.1428571428571428
 40
0.1428571428571428
 40
0.1428571428571428
 40
0.1428571528571428
 40
0.2857142857142857
 40
0.2857142857142857
 40
0.2857142857142857
 40
0.2857142957142857
 40
0.428571428571429
 40
0.428571428571429
 40
0.428571428571429
 40
0.4285714385714289
 40
0.5714285714285714
 40
0.5714285714285714
 40
0.5714285714285714
 40
0.5714285814285715
 40
0.7142857142857145
 40
0.7142857142857145
 40
0.7142857142857145
 40
0.7142857242857146
 40
1.0
 40
1.0
 40
1.0
 40
1.0
 10
513.3114543987643
 20
720.7454341052919
 30
0.0
 10
513.3114543987643
 20
720.7454341052919
 30
0.0
 10
513.5901731835797
 20
720.7454341052919
 30
0.0
 10
513.5901731835797
 20
720.7454341052919
 30
0.0
 10
513.5901731835797
 20
720.7454341052919
 30
0.0
 10
513.5901731835797
 20
720.8989471859832
 30
0.0
 10
513.4649674794486
 20
721.0241528900926
 30
0.0
 10
513.3114543987643
 20
721.0241528900926
 30
0.0
 10
513.3114543987643
 20
721.0241528900926
 30
0.0
 10
513.1573969454506
 20
721.0241528900926
 30
0.0
 10
513.0321912413521
 20
720.8989471859832
 30
0.0
 10
513.0321912413521
 20
720.7454341052919
 30
0.0
 10
513.0321912413521
 20
720.7454341052919
 30
0.0
 10
513.0321912413521
 20
720.59137665198
 30
0.0
 10
513.1573969454506
 20
720.4661709478707
 30
0.0
 10
513.3114543987643
 20
720.4661709478707
 30
0.0
 10
513.3114543987643
 20
720.4661709478707
 30
0.0
 10
513.4649674794486
 20
720.4661709478707
 30
0.0
 10
513.5901731835797
 20
720.59137665198
 30
0.0
 10
513.5901731835797
 20
720.7454341052919
 30
0.0
 10
513.5901731835797
 20
720.7454341052919
 30
0.0
 10
513.5901731835797
 20
720.7454341052919
 30
0.0
 10
513.3114543987643
 20
720.7454341052919
 30
0.0
 10
513.3114543987643
 20
720.7454341052919
 30
0.0
  0
SPLINE
  5
737
330
1F
100
AcDbEntity
  8
≥ﬂ¥ÁòÀ◊¢
370
     9
100
AcDbSpline
210
0.0
220
0.0
230
0.0
 70
    24
 71
     3
 72
     8
 73
     4
 74
     0
 42
0.000000001
 43
0.0000000001
 40
0.0
 40
0.0
 40
0.0
 40
0.0
 40
1.0
 40
1.0
 40
1.0
 40
1.0
 10
514.0093401060108
 20
721.4460416756712
 30
0.0
 10
514.0093401060108
 20
721.4460416756712
 30
0.0
 10
517.5091117221341
 20
724.9436358012911
 30
0.0
 10
517.5091117221341
 20
724.9436358012911
 30
0.0
  0
SPLINE
  5
738
330
1F
100
AcDbEntity
  8
≥ﬂ¥ÁòÀ◊¢
370
     9
100
AcDbSpline
210
0.0
220
0.0
230
1.0
 70
    11
 71
     3
 72
    28
 73
    24
 74
     0
 42
0.000000001
 43
0.0000000001
 40
0.0
 40
0.0
 40
0.0
 40
0.0
 40
0.1428571428571428
 40
0.1428571428571428
 40
0.1428571428571428
 40
0.1428571528571428
 40
0.2857142857142857
 40
0.2857142857142857
 40
0.2857142857142857
 40
0.2857142957142857
 40
0.428571428571429
 40
0.428571428571429
 40
0.428571428571429
 40
0.4285714385714289
 40
0.5714285714285714
 40
0.5714285714285714
 40
0.5714285714285714
 40
0.5714285814285715
 40
0.7142857142857145
 40
0.7142857142857145
 40
0.7142857142857145
 40
0.7142857242857146
 40
1.0
 40
1.0
 40
1.0
 40
1.0
 10
518.2091749198876
 20
725.6431546264149
 30
0.0
 10
518.2091749198876
 20
725.6431546264149
 30
0.0
 10
518.4878937046918
 20
725.6431546264149
 30
0.0
 10
518.4878937046918
 20
725.6431546264149
 30
0.0
 10
518.4878937046918
 20
725.6431546264149
 30
0.0
 10
518.4878937046918
 20
725.7966677071029
 30
0.0
 10
518.3626880005826
 20
725.9218734112102
 30
0.0
 10
518.2091749198876
 20
725.9218734112102
 30
0.0
 10
518.2091749198876
 20
725.9218734112102
 30
0.0
 10
518.05511746657
 20
725.9218734112102
 30
0.0
 10
517.9299117624573
 20
725.7966677071029
 30
0.0
 10
517.9299117624573
 20
725.6431546264149
 30
0.0
 10
517.9299117624573
 20
725.6431546264149
 30
0.0
 10
517.9299117624573
 20
725.4890971730993
 30
0.0
 10
518.05511746657
 20
725.363891468992
 30
0.0
 10
518.2091749198876
 20
725.363891468992
 30
0.0
 10
518.2091749198876
 20
725.363891468992
 30
0.0
 10
518.3626880005826
 20
725.363891468992
 30
0.0
 10
518.4878937046918
 20
725.4890971730993
 30
0.0
 10
518.4878937046918
 20
725.6431546264149
 30
0.0
 10
518.4878937046918
 20
725.6431546264149
 30
0.0
 10
518.4878937046918
 20
725.6431546264149
 30
0.0
 10
518.2091749198876
 20
725.6431546264149
 30
0.0
 10
518.2091749198876
 20
725.6431546264149
 30
0.0
  0
SPLINE
  5
739
330
1F
100
AcDbEntity
  8
≥ﬂ¥ÁòÀ◊¢
370
     9
100
AcDbSpline
210
0.0
220
0.0
230
0.0
 70
    24
 71
     3
 72
     8
 73
     4
 74
     0
 42
0.000000001
 43
0.0000000001
 40
0.0
 40
0.0
 40
0.0
 40
0.0
 40
1.0
 40
1.0
 40
1.0
 40
1.0
 10
518.9070606271302
 20
726.3410403336595
 30
0.0
 10
518.9070606271302
 20
726.3410403336595
 30
0.0
 10
520.638709952203
 20
728.0759558944912
 30
0.0
 10
520.638709952203
 20
728.0759558944912
 30
0.0
  0
SPLINE
  5
73A
330
1F
100
AcDbEntity
  8
≥ﬂ¥ÁòÀ◊¢
370
     9
100
AcDbSpline
210
0.0
220
0.0
230
0.0
 70
    24
 71
     3
 72
     8
 73
     4
 74
     0
 42
0.000000001
 43
0.0000000001
 40
0.0
 40
0.0
 40
0.0
 40
0.0
 40
1.0
 40
1.0
 40
1.0
 40
1.0
 10
510.9265579218295
 20
715.5635510731108
 30
0.0
 10
510.9265579218295
 20
715.5635510731108
 30
0.0
 10
511.5623851496488
 20
716.1999226735545
 30
0.0
 10
511.5623851496488
 20
716.1999226735545
 30
0.0
  0
SPLINE
  5
73B
330
1F
100
AcDbEntity
  8
≥ﬂ¥ÁòÀ◊¢
370
     9
100
AcDbSpline
210
0.0
220
0.0
230
1.0
 70
    11
 71
     3
 72
    28
 73
    24
 74
     0
 42
0.000000001
 43
0.0000000001
 40
0.0
 40
0.0
 40
0.0
 40
0.0
 40
0.1428571428571428
 40
0.1428571428571428
 40
0.1428571428571428
 40
0.1428571528571428
 40
0.2857142857142857
 40
0.2857142857142857
 40
0.2857142857142857
 40
0.2857142957142857
 40
0.428571428571429
 40
0.428571428571429
 40
0.428571428571429
 40
0.4285714385714289
 40
0.5714285714285714
 40
0.5714285714285714
 40
0.5714285714285714
 40
0.5714285814285715
 40
0.7142857142857145
 40
0.7142857142857145
 40
0.7142857142857145
 40
0.7142857242857146
 40
1.0
 40
1.0
 40
1.0
 40
1.0
 10
512.2619039747692
 20
716.8994414986766
 30
0.0
 10
512.2619039747692
 20
716.8994414986766
 30
0.0
 10
512.5411671321922
 20
716.8994414986766
 30
0.0
 10
512.5411671321922
 20
716.8994414986766
 30
0.0
 10
512.5411671321922
 20
716.8994414986766
 30
0.0
 10
512.5411671321922
 20
717.0529545793681
 30
0.0
 10
512.4159614280829
 20
717.1781602834738
 30
0.0
 10
512.2619039747692
 20
717.1781602834738
 30
0.0
 10
512.2619039747692
 20
717.1781602834738
 30
0.0
 10
512.1083908940813
 20
717.1781602834738
 30
0.0
 10
511.9831851899721
 20
717.0529545793681
 30
0.0
 10
511.9831851899721
 20
716.8994414986766
 30
0.0
 10
511.9831851899721
 20
716.8994414986766
 30
0.0
 10
511.9831851899721
 20
716.7453840453626
 30
0.0
 10
512.1083908940813
 20
716.6201783412573
 30
0.0
 10
512.2619039747692
 20
716.6201783412573
 30
0.0
 10
512.2619039747692
 20
716.6201783412573
 30
0.0
 10
512.4159614280829
 20
716.6201783412573
 30
0.0
 10
512.5411671321922
 20
716.7453840453626
 30
0.0
 10
512.5411671321922
 20
716.8994414986766
 30
0.0
 10
512.5411671321922
 20
716.8994414986766
 30
0.0
 10
512.5411671321922
 20
716.8994414986766
 30
0.0
 10
512.2619039747692
 20
716.8994414986766
 30
0.0
 10
512.2619039747692
 20
716.8994414986766
 30
0.0
  0
SPLINE
  5
73C
330
1F
100
AcDbEntity
  8
≥ﬂ¥ÁòÀ◊¢
370
     9
100
AcDbSpline
210
0.0
220
0.0
230
0.0
 70
    24
 71
     3
 72
     8
 73
     4
 74
     0
 42
0.000000001
 43
0.0000000001
 40
0.0
 40
0.0
 40
0.0
 40
0.0
 40
1.0
 40
1.0
 40
1.0
 40
1.0
 10
512.9597896820119
 20
717.5973272059211
 30
0.0
 10
512.9597896820119
 20
717.5973272059211
 30
0.0
 10
516.4579281802539
 20
721.0954657041686
 30
0.0
 10
516.4579281802539
 20
721.0954657041686
 30
0.0
  0
SPLINE
  5
73D
330
1F
100
AcDbEntity
  8
≥ﬂ¥ÁòÀ◊¢
370
     9
100
AcDbSpline
210
0.0
220
0.0
230
1.0
 70
    11
 71
     3
 72
    28
 73
    24
 74
     0
 42
0.000000001
 43
0.0000000001
 40
0.0
 40
0.0
 40
0.0
 40
0.0
 40
0.1428571428571428
 40
0.1428571428571428
 40
0.1428571428571428
 40
0.1428571528571428
 40
0.2857142857142857
 40
0.2857142857142857
 40
0.2857142857142857
 40
0.2857142957142857
 40
0.428571428571429
 40
0.428571428571429
 40
0.428571428571429
 40
0.4285714385714289
 40
0.5714285714285714
 40
0.5714285714285714
 40
0.5714285714285714
 40
0.5714285814285715
 40
0.7142857142857145
 40
0.7142857142857145
 40
0.7142857142857145
 40
0.7142857242857146
 40
1.0
 40
1.0
 40
1.0
 40
1.0
 10
517.1596244958887
 20
721.7971620197978
 30
0.0
 10
517.1596244958887
 20
721.7971620197978
 30
0.0
 10
517.4388876533116
 20
721.7971620197978
 30
0.0
 10
517.4388876533116
 20
721.7971620197978
 30
0.0
 10
517.4388876533116
 20
721.7971620197978
 30
0.0
 10
517.4388876533116
 20
721.9506751004892
 30
0.0
 10
517.3136819492023
 20
722.0758808045967
 30
0.0
 10
517.1596244958887
 20
722.0758808045967
 30
0.0
 10
517.1596244958887
 20
722.0758808045967
 30
0.0
 10
517.0061114151971
 20
722.0758808045967
 30
0.0
 10
516.8809057110916
 20
721.9506751004892
 30
0.0
 10
516.8809057110916
 20
721.7971620197978
 30
0.0
 10
516.8809057110916
 20
721.7971620197978
 30
0.0
 10
516.8809057110916
 20
721.643104566486
 30
0.0
 10
517.0061114151971
 20
721.5178988623765
 30
0.0
 10
517.1596244958887
 20
721.5178988623765
 30
0.0
 10
517.1596244958887
 20
721.5178988623765
 30
0.0
 10
517.3136819492023
 20
721.5178988623765
 30
0.0
 10
517.4388876533116
 20
721.643104566486
 30
0.0
 10
517.4388876533116
 20
721.7971620197978
 30
0.0
 10
517.4388876533116
 20
721.7971620197978
 30
0.0
 10
517.4388876533116
 20
721.7971620197978
 30
0.0
 10
517.1596244958887
 20
721.7971620197978
 30
0.0
 10
517.1596244958887
 20
721.7971620197978
 30
0.0
  0
SPLINE
  5
73E
330
1F
100
AcDbEntity
  8
≥ﬂ¥ÁòÀ◊¢
370
     9
100
AcDbSpline
210
0.0
220
0.0
230
0.0
 70
    24
 71
     3
 72
     8
 73
     4
 74
     0
 42
0.000000001
 43
0.0000000001
 40
0.0
 40
0.0
 40
0.0
 40
0.0
 40
1.0
 40
1.0
 40
1.0
 40
1.0
 10
517.8575102031313
 20
722.4950477270442
 30
0.0
 10
517.8575102031313
 20
722.4950477270442
 30
0.0
 10
521.3556487013732
 20
725.9931862252881
 30
0.0
 10
521.3556487013732
 20
725.9931862252881
 30
0.0
  0
SPLINE
  5
73F
330
1F
100
AcDbEntity
  8
≥ﬂ¥ÁòÀ◊¢
370
     9
100
AcDbSpline
210
0.0
220
0.0
230
1.0
 70
    11
 71
     3
 72
    28
 73
    24
 74
     0
 42
0.000000001
 43
0.0000000001
 40
0.0
 40
0.0
 40
0.0
 40
0.0
 40
0.1428571428571428
 40
0.1428571428571428
 40
0.1428571428571428
 40
0.1428571528571428
 40
0.2857142857142857
 40
0.2857142857142857
 40
0.2857142857142857
 40
0.2857142957142857
 40
0.428571428571429
 40
0.428571428571429
 40
0.428571428571429
 40
0.4285714385714289
 40
0.5714285714285714
 40
0.5714285714285714
 40
0.5714285714285714
 40
0.5714285814285715
 40
0.7142857142857145
 40
0.7142857142857145
 40
0.7142857142857145
 40
0.7142857242857146
 40
1.0
 40
1.0
 40
1.0
 40
1.0
 10
522.0551675265117
 20
726.6921606777862
 30
0.0
 10
522.0551675265117
 20
726.6921606777862
 30
0.0
 10
522.3338863112943
 20
726.6921606777862
 30
0.0
 10
522.3338863112943
 20
726.6921606777862
 30
0.0
 10
522.3338863112943
 20
726.6921606777862
 30
0.0
 10
522.3338863112943
 20
726.8456737584757
 30
0.0
 10
522.2086806072034
 20
726.971423835211
 30
0.0
 10
522.0551675265117
 20
726.971423835211
 30
0.0
 10
522.0551675265117
 20
726.971423835211
 30
0.0
 10
521.901110073187
 20
726.971423835211
 30
0.0
 10
521.775904369078
 20
726.8456737584757
 30
0.0
 10
521.775904369078
 20
726.6921606777862
 30
0.0
 10
521.775904369078
 20
726.6921606777862
 30
0.0
 10
521.775904369078
 20
726.5386475970982
 30
0.0
 10
521.901110073187
 20
726.4128975203647
 30
0.0
 10
522.0551675265117
 20
726.4128975203647
 30
0.0
 10
522.0551675265117
 20
726.4128975203647
 30
0.0
 10
522.2086806072034
 20
726.4128975203647
 30
0.0
 10
522.3338863112943
 20
726.5386475970982
 30
0.0
 10
522.3338863112943
 20
726.6921606777862
 30
0.0
 10
522.3338863112943
 20
726.6921606777862
 30
0.0
 10
522.3338863112943
 20
726.6921606777862
 30
0.0
 10
522.0551675265117
 20
726.6921606777862
 30
0.0
 10
522.0551675265117
 20
726.6921606777862
 30
0.0
  0
SPLINE
  5
740
330
1F
100
AcDbEntity
  8
≥ﬂ¥ÁòÀ◊¢
370
     9
100
AcDbSpline
210
0.0
220
0.0
230
0.0
 70
    24
 71
     3
 72
     8
 73
     4
 74
     0
 42
0.000000001
 43
0.0000000001
 40
0.0
 40
0.0
 40
0.0
 40
0.0
 40
1.0
 40
1.0
 40
1.0
 40
1.0
 10
522.7552307242545
 20
727.3927682481654
 30
0.0
 10
522.7552307242545
 20
727.3927682481654
 30
0.0
 10
523.4384183705874
 20
728.0759558944912
 30
0.0
 10
523.4384183705874
 20
728.0759558944912
 30
0.0
  0
SPLINE
  5
741
330
1F
100
AcDbEntity
  8
≥ﬂ¥ÁòÀ◊¢
370
     9
100
AcDbSpline
210
0.0
220
0.0
230
0.0
 70
    24
 71
     3
 72
     8
 73
     4
 74
     0
 42
0.000000001
 43
0.0000000001
 40
0.0
 40
0.0
 40
0.0
 40
0.0
 40
1.0
 40
1.0
 40
1.0
 40
1.0
 10
513.7257219675841
 20
715.5635510731108
 30
0.0
 10
513.7257219675841
 20
715.5635510731108
 30
0.0
 10
515.4089221289025
 20
717.2489287249256
 30
0.0
 10
515.4089221289025
 20
717.2489287249256
 30
0.0
  0
SPLINE
  5
742
330
1F
100
AcDbEntity
  8
≥ﬂ¥ÁòÀ◊¢
370
     9
100
AcDbSpline
210
0.0
220
0.0
230
1.0
 70
    11
 71
     3
 72
    28
 73
    24
 74
     0
 42
0.000000001
 43
0.0000000001
 40
0.0
 40
0.0
 40
0.0
 40
0.0
 40
0.1428571428571428
 40
0.1428571428571428
 40
0.1428571428571428
 40
0.1428571528571428
 40
0.2857142857142857
 40
0.2857142857142857
 40
0.2857142857142857
 40
0.2857142957142857
 40
0.428571428571429
 40
0.428571428571429
 40
0.428571428571429
 40
0.4285714385714289
 40
0.5714285714285714
 40
0.5714285714285714
 40
0.5714285714285714
 40
0.5714285814285715
 40
0.7142857142857145
 40
0.7142857142857145
 40
0.7142857142857145
 40
0.7142857242857146
 40
1.0
 40
1.0
 40
1.0
 40
1.0
 10
516.107896581379
 20
717.9484475500514
 30
0.0
 10
516.107896581379
 20
717.9484475500514
 30
0.0
 10
516.387159738802
 20
717.9484475500514
 30
0.0
 10
516.387159738802
 20
717.9484475500514
 30
0.0
 10
516.387159738802
 20
717.9484475500514
 30
0.0
 10
516.387159738802
 20
718.1019606307411
 30
0.0
 10
516.2619540347
 20
718.2277107074725
 30
0.0
 10
516.107896581379
 20
718.2277107074725
 30
0.0
 10
516.107896581379
 20
718.2277107074725
 30
0.0
 10
515.9543835006984
 20
718.2277107074725
 30
0.0
 10
515.8291777965928
 20
718.1019606307411
 30
0.0
 10
515.8291777965928
 20
717.9484475500514
 30
0.0
 10
515.8291777965928
 20
717.9484475500514
 30
0.0
 10
515.8291777965928
 20
717.7943900967341
 30
0.0
 10
515.9543835006984
 20
717.6691843926285
 30
0.0
 10
516.107896581379
 20
717.6691843926285
 30
0.0
 10
516.107896581379
 20
717.6691843926285
 30
0.0
 10
516.2619540347
 20
717.6691843926285
 30
0.0
 10
516.387159738802
 20
717.7943900967341
 30
0.0
 10
516.387159738802
 20
717.9484475500514
 30
0.0
 10
516.387159738802
 20
717.9484475500514
 30
0.0
 10
516.387159738802
 20
717.9484475500514
 30
0.0
 10
516.107896581379
 20
717.9484475500514
 30
0.0
 10
516.107896581379
 20
717.9484475500514
 30
0.0
  0
SPLINE
  5
743
330
1F
100
AcDbEntity
  8
≥ﬂ¥ÁòÀ◊¢
370
     9
100
AcDbSpline
210
0.0
220
0.0
230
0.0
 70
    24
 71
     3
 72
     8
 73
     4
 74
     0
 42
0.000000001
 43
0.0000000001
 40
0.0
 40
0.0
 40
0.0
 40
0.0
 40
1.0
 40
1.0
 40
1.0
 40
1.0
 10
516.8085041517656
 20
718.646333257296
 30
0.0
 10
516.8085041517656
 20
718.646333257296
 30
0.0
 10
520.1367983905178
 20
721.9773493591885
 30
0.0
 10
520.1367983905178
 20
721.9773493591885
 30
0.0
  0
SPLINE
  5
744
330
1F
100
AcDbEntity
  8
≥ﬂ¥ÁòÀ◊¢
370
     9
100
AcDbSpline
210
0.0
220
0.0
230
0.0
 70
    24
 71
     3
 72
     8
 73
     4
 74
     0
 42
0.000000001
 43
0.0000000001
 40
0.0
 40
0.0
 40
0.0
 40
0.0
 40
1.0
 40
1.0
 40
1.0
 40
1.0
 10
522.6011732709371
 20
724.4411798669817
 30
0.0
 10
522.6011732709371
 20
724.4411798669817
 30
0.0
 10
525.2043631711343
 20
727.042192276663
 30
0.0
 10
525.2043631711343
 20
727.042192276663
 30
0.0
  0
SPLINE
  5
745
330
1F
100
AcDbEntity
  8
≥ﬂ¥ÁòÀ◊¢
370
     9
100
AcDbSpline
210
0.0
220
0.0
230
1.0
 70
    11
 71
     3
 72
    28
 73
    24
 74
     0
 42
0.000000001
 43
0.0000000001
 40
0.0
 40
0.0
 40
0.0
 40
0.0
 40
0.1428571428571428
 40
0.1428571428571428
 40
0.1428571428571428
 40
0.1428571528571428
 40
0.2857142857142857
 40
0.2857142857142857
 40
0.2857142857142857
 40
0.2857142957142857
 40
0.428571428571429
 40
0.428571428571429
 40
0.428571428571429
 40
0.4285714385714289
 40
0.5714285714285714
 40
0.5714285714285714
 40
0.5714285714285714
 40
0.5714285814285715
 40
0.7142857142857145
 40
0.7142857142857145
 40
0.7142857142857145
 40
0.7142857242857146
 40
1.0
 40
1.0
 40
1.0
 40
1.0
 10
525.9033376236288
 20
727.7438885922921
 30
0.0
 10
525.9033376236288
 20
727.7438885922921
 30
0.0
 10
526.1826007810517
 20
727.7438885922921
 30
0.0
 10
526.1826007810517
 20
727.7438885922921
 30
0.0
 10
526.1826007810517
 20
727.7438885922921
 30
0.0
 10
526.1826007810517
 20
727.8974016729837
 30
0.0
 10
526.057395076939
 20
728.0231517497152
 30
0.0
 10
525.9033376236288
 20
728.0231517497152
 30
0.0
 10
525.9033376236288
 20
728.0231517497152
 30
0.0
 10
525.7498245429409
 20
728.0231517497152
 30
0.0
 10
525.6246188388245
 20
727.8974016729837
 30
0.0
 10
525.6246188388245
 20
727.7438885922921
 30
0.0
 10
525.6246188388245
 20
727.7438885922921
 30
0.0
 10
525.6246188388245
 20
727.5898311389749
 30
0.0
 10
525.7498245429409
 20
727.4646254348692
 30
0.0
 10
525.9033376236288
 20
727.4646254348692
 30
0.0
 10
525.9033376236288
 20
727.4646254348692
 30
0.0
 10
526.057395076939
 20
727.4646254348692
 30
0.0
 10
526.1826007810517
 20
727.5898311389749
 30
0.0
 10
526.1826007810517
 20
727.7438885922921
 30
0.0
 10
526.1826007810517
 20
727.7438885922921
 30
0.0
 10
526.1826007810517
 20
727.7438885922921
 30
0.0
 10
525.9033376236288
 20
727.7438885922921
 30
0.0
 10
525.9033376236288
 20
727.7438885922921
 30
0.0
  0
SPLINE
  5
746
330
1F
100
AcDbEntity
  8
≥ﬂ¥ÁòÀ◊¢
370
     9
100
AcDbSpline
210
0.0
220
0.0
230
0.0
 70
    24
 71
     3
 72
     8
 73
     4
 74
     0
 42
0.000000001
 43
0.0000000001
 40
0.0
 40
0.0
 40
0.0
 40
0.0
 40
1.0
 40
1.0
 40
1.0
 40
1.0
 10
516.5227085228175
 20
715.5635510731108
 30
0.0
 10
516.5227085228175
 20
715.5635510731108
 30
0.0
 10
519.2576365986346
 20
718.2984791489262
 30
0.0
 10
519.2576365986346
 20
718.2984791489262
 30
0.0
  0
SPLINE
  5
747
330
1F
100
AcDbEntity
  8
≥ﬂ¥ÁòÀ◊¢
370
     9
100
AcDbSpline
210
0.0
220
0.0
230
1.0
 70
    11
 71
     3
 72
    28
 73
    24
 74
     0
 42
0.000000001
 43
0.0000000001
 40
0.0
 40
0.0
 40
0.0
 40
0.0
 40
0.1428571428571428
 40
0.1428571428571428
 40
0.1428571428571428
 40
0.1428571528571428
 40
0.2857142857142857
 40
0.2857142857142857
 40
0.2857142857142857
 40
0.2857142957142857
 40
0.428571428571429
 40
0.428571428571429
 40
0.428571428571429
 40
0.4285714385714289
 40
0.5714285714285714
 40
0.5714285714285714
 40
0.5714285714285714
 40
0.5714285814285715
 40
0.7142857142857145
 40
0.7142857142857145
 40
0.7142857142857145
 40
0.7142857242857146
 40
1.0
 40
1.0
 40
1.0
 40
1.0
 10
519.95661105114
 20
718.9974536014224
 30
0.0
 10
519.95661105114
 20
718.9974536014224
 30
0.0
 10
520.2358742085521
 20
718.9974536014224
 30
0.0
 10
520.2358742085521
 20
718.9974536014224
 30
0.0
 10
520.2358742085521
 20
718.9974536014224
 30
0.0
 10
520.2358742085521
 20
719.1515110547364
 30
0.0
 10
520.1106685044647
 20
719.2767167588471
 30
0.0
 10
519.95661105114
 20
719.2767167588471
 30
0.0
 10
519.95661105114
 20
719.2767167588471
 30
0.0
 10
519.8030979704411
 20
719.2767167588471
 30
0.0
 10
519.677892266332
 20
719.1515110547364
 30
0.0
 10
519.677892266332
 20
718.9974536014224
 30
0.0
 10
519.677892266332
 20
718.9974536014224
 30
0.0
 10
519.677892266332
 20
718.8439405207347
 30
0.0
 10
519.8030979704411
 20
718.7187348166255
 30
0.0
 10
519.95661105114
 20
718.7187348166255
 30
0.0
 10
519.95661105114
 20
718.7187348166255
 30
0.0
 10
520.1106685044647
 20
718.7187348166255
 30
0.0
 10
520.2358742085521
 20
718.8439405207347
 30
0.0
 10
520.2358742085521
 20
718.9974536014224
 30
0.0
 10
520.2358742085521
 20
718.9974536014224
 30
0.0
 10
520.2358742085521
 20
718.9974536014224
 30
0.0
 10
519.95661105114
 20
718.9974536014224
 30
0.0
 10
519.95661105114
 20
718.9974536014224
 30
0.0
  0
SPLINE
  5
748
330
1F
100
AcDbEntity
  8
≥ﬂ¥ÁòÀ◊¢
370
     9
100
AcDbSpline
210
0.0
220
0.0
230
1.0
 70
    11
 71
     3
 72
    28
 73
    24
 74
     0
 42
0.000000001
 43
0.0000000001
 40
0.0
 40
0.0
 40
0.0
 40
0.0
 40
0.1428571428571428
 40
0.1428571428571428
 40
0.1428571428571428
 40
0.1428571528571428
 40
0.2857142857142857
 40
0.2857142857142857
 40
0.2857142857142857
 40
0.2857142957142857
 40
0.428571428571429
 40
0.428571428571429
 40
0.428571428571429
 40
0.4285714385714289
 40
0.5714285714285714
 40
0.5714285714285714
 40
0.5714285714285714
 40
0.5714285814285715
 40
0.7142857142857145
 40
0.7142857142857145
 40
0.7142857142857145
 40
0.7142857242857146
 40
1.0
 40
1.0
 40
1.0
 40
1.0
 10
519.3224169412055
 20
715.5640954457367
 30
0.0
 10
519.3224169412055
 20
715.5640954457367
 30
0.0
 10
519.6016800986249
 20
715.5640954457367
 30
0.0
 10
519.6016800986249
 20
715.5640954457367
 30
0.0
 10
519.6016800986249
 20
715.5640954457367
 30
0.0
 10
519.6016800986249
 20
715.7176085264267
 30
0.0
 10
519.4764743945156
 20
715.8433586031617
 30
0.0
 10
519.3224169412055
 20
715.8433586031617
 30
0.0
 10
519.3224169412055
 20
715.8433586031617
 30
0.0
 10
519.1689038605032
 20
715.8433586031617
 30
0.0
 10
519.0436981563903
 20
715.7176085264267
 30
0.0
 10
519.0436981563903
 20
715.5640954457367
 30
0.0
 10
519.0436981563903
 20
715.5640954457367
 30
0.0
 10
519.0436981563903
 20
715.4105823650472
 30
0.0
 10
519.1689038605032
 20
715.2848322883137
 30
0.0
 10
519.3224169412055
 20
715.2848322883137
 30
0.0
 10
519.3224169412055
 20
715.2848322883137
 30
0.0
 10
519.4764743945156
 20
715.2848322883137
 30
0.0
 10
519.6016800986249
 20
715.4105823650472
 30
0.0
 10
519.6016800986249
 20
715.5640954457367
 30
0.0
 10
519.6016800986249
 20
715.5640954457367
 30
0.0
 10
519.6016800986249
 20
715.5640954457367
 30
0.0
 10
519.3224169412055
 20
715.5640954457367
 30
0.0
 10
519.3224169412055
 20
715.5640954457367
 30
0.0
  0
SPLINE
  5
749
330
1F
100
AcDbEntity
  8
≥ﬂ¥ÁòÀ◊¢
370
     9
100
AcDbSpline
210
0.0
220
0.0
230
0.0
 70
    24
 71
     3
 72
     8
 73
     4
 74
     0
 42
0.000000001
 43
0.0000000001
 40
0.0
 40
0.0
 40
0.0
 40
0.0
 40
1.0
 40
1.0
 40
1.0
 40
1.0
 10
519.6076681975096
 20
715.8493467020519
 30
0.0
 10
519.6076681975096
 20
715.8493467020519
 30
0.0
 10
520.1367983905178
 20
716.3801100129451
 30
0.0
 10
520.1367983905178
 20
716.3801100129451
 30
0.0
  0
SPLINE
  5
74A
330
1F
100
AcDbEntity
  8
≥ﬂ¥ÁòÀ◊¢
370
     9
100
AcDbSpline
210
0.0
220
0.0
230
0.0
 70
    24
 71
     3
 72
     8
 73
     4
 74
     0
 42
0.000000001
 43
0.0000000001
 40
0.0
 40
0.0
 40
0.0
 40
0.0
 40
1.0
 40
1.0
 40
1.0
 40
1.0
 10
524.1439252945922
 20
723.1847678448876
 30
0.0
 10
524.1439252945922
 20
723.1847678448876
 30
0.0
 10
524.155357119754
 20
723.1934778069162
 30
0.0
 10
524.155357119754
 20
723.1934778069162
 30
0.0
  0
SPLINE
  5
74B
330
1F
100
AcDbEntity
  8
≥ﬂ¥ÁòÀ◊¢
370
     9
100
AcDbSpline
210
0.0
220
0.0
230
1.0
 70
    11
 71
     3
 72
    28
 73
    24
 74
     0
 42
0.000000001
 43
0.0000000001
 40
0.0
 40
0.0
 40
0.0
 40
0.0
 40
0.1428571428571428
 40
0.1428571428571428
 40
0.1428571428571428
 40
0.1428571528571428
 40
0.2857142857142857
 40
0.2857142857142857
 40
0.2857142857142857
 40
0.2857142957142857
 40
0.428571428571429
 40
0.428571428571429
 40
0.428571428571429
 40
0.4285714385714289
 40
0.5714285714285714
 40
0.5714285714285714
 40
0.5714285714285714
 40
0.5714285814285715
 40
0.7142857142857145
 40
0.7142857142857145
 40
0.7142857142857145
 40
0.7142857242857146
 40
1.0
 40
1.0
 40
1.0
 40
1.0
 10
524.8543315722447
 20
723.8951741225458
 30
0.0
 10
524.8543315722447
 20
723.8951741225458
 30
0.0
 10
525.1335947296679
 20
723.8951741225458
 30
0.0
 10
525.1335947296679
 20
723.8951741225458
 30
0.0
 10
525.1335947296679
 20
723.8951741225458
 30
0.0
 10
525.1335947296679
 20
724.0492315758594
 30
0.0
 10
525.0083890255732
 20
724.1744372799669
 30
0.0
 10
524.8543315722447
 20
724.1744372799669
 30
0.0
 10
524.8543315722447
 20
724.1744372799669
 30
0.0
 10
524.7008184915605
 20
724.1744372799669
 30
0.0
 10
524.5756127874624
 20
724.0492315758594
 30
0.0
 10
524.5756127874624
 20
723.8951741225458
 30
0.0
 10
524.5756127874624
 20
723.8951741225458
 30
0.0
 10
524.5756127874624
 20
723.7416610418561
 30
0.0
 10
524.7008184915605
 20
723.6164553377485
 30
0.0
 10
524.8543315722447
 20
723.6164553377485
 30
0.0
 10
524.8543315722447
 20
723.6164553377485
 30
0.0
 10
525.0083890255732
 20
723.6164553377485
 30
0.0
 10
525.1335947296679
 20
723.7416610418561
 30
0.0
 10
525.1335947296679
 20
723.8951741225458
 30
0.0
 10
525.1335947296679
 20
723.8951741225458
 30
0.0
 10
525.1335947296679
 20
723.8951741225458
 30
0.0
 10
524.8543315722447
 20
723.8951741225458
 30
0.0
 10
524.8543315722447
 20
723.8951741225458
 30
0.0
  0
SPLINE
  5
74C
330
1F
100
AcDbEntity
  8
≥ﬂ¥ÁòÀ◊¢
370
     9
100
AcDbSpline
210
0.0
220
0.0
230
0.0
 70
    24
 71
     3
 72
     8
 73
     4
 74
     0
 42
0.000000001
 43
0.0000000001
 40
0.0
 40
0.0
 40
0.0
 40
0.0
 40
1.0
 40
1.0
 40
1.0
 40
1.0
 10
525.5543947699948
 20
724.5930598297881
 30
0.0
 10
525.5543947699948
 20
724.5930598297881
 30
0.0
 10
529.0345689715682
 20
728.0759558944912
 30
0.0
 10
529.0345689715682
 20
728.0759558944912
 30
0.0
  0
SPLINE
  5
74D
330
1F
100
AcDbEntity
  8
≥ﬂ¥ÁòÀ◊¢
370
     9
100
AcDbSpline
210
0.0
220
0.0
230
1.0
 70
    11
 71
     3
 72
    28
 73
    24
 74
     0
 42
0.000000001
 43
0.0000000001
 40
0.0
 40
0.0
 40
0.0
 40
0.0
 40
0.1428571428571428
 40
0.1428571428571428
 40
0.1428571428571428
 40
0.1428571528571428
 40
0.2857142857142857
 40
0.2857142857142857
 40
0.2857142857142857
 40
0.2857142957142857
 40
0.428571428571429
 40
0.428571428571429
 40
0.428571428571429
 40
0.4285714385714289
 40
0.5714285714285714
 40
0.5714285714285714
 40
0.5714285714285714
 40
0.5714285814285715
 40
0.7142857142857145
 40
0.7142857142857145
 40
0.7142857142857145
 40
0.7142857242857146
 40
1.0
 40
1.0
 40
1.0
 40
1.0
 10
524.1444696672256
 20
720.3856037991384
 30
0.0
 10
524.1444696672256
 20
720.3856037991384
 30
0.0
 10
524.4237328246486
 20
720.3856037991384
 30
0.0
 10
524.4237328246486
 20
720.3856037991384
 30
0.0
 10
524.4237328246486
 20
720.3856037991384
 30
0.0
 10
524.4237328246486
 20
720.5396612524557
 30
0.0
 10
524.2979827479135
 20
720.664866956565
 30
0.0
 10
524.1444696672256
 20
720.664866956565
 30
0.0
 10
524.1444696672256
 20
720.664866956565
 30
0.0
 10
523.990412213901
 20
720.664866956565
 30
0.0
 10
523.8652065098026
 20
720.5396612524557
 30
0.0
 10
523.8652065098026
 20
720.3856037991384
 30
0.0
 10
523.8652065098026
 20
720.3856037991384
 30
0.0
 10
523.8652065098026
 20
720.2320907184523
 30
0.0
 10
523.990412213901
 20
720.1068850143449
 30
0.0
 10
524.1444696672256
 20
720.1068850143449
 30
0.0
 10
524.1444696672256
 20
720.1068850143449
 30
0.0
 10
524.2979827479135
 20
720.1068850143449
 30
0.0
 10
524.4237328246486
 20
720.2320907184523
 30
0.0
 10
524.4237328246486
 20
720.3856037991384
 30
0.0
 10
524.4237328246486
 20
720.3856037991384
 30
0.0
 10
524.4237328246486
 20
720.3856037991384
 30
0.0
 10
524.1444696672256
 20
720.3856037991384
 30
0.0
 10
524.1444696672256
 20
720.3856037991384
 30
0.0
  0
SPLINE
  5
74E
330
1F
100
AcDbEntity
  8
≥ﬂ¥ÁòÀ◊¢
370
     9
100
AcDbSpline
210
0.0
220
0.0
230
0.0
 70
    24
 71
     3
 72
     8
 73
     4
 74
     0
 42
0.000000001
 43
0.0000000001
 40
0.0
 40
0.0
 40
0.0
 40
0.0
 40
1.0
 40
1.0
 40
1.0
 40
1.0
 10
524.5032112281291
 20
720.7448897326677
 30
0.0
 10
524.5032112281291
 20
720.7448897326677
 30
0.0
 10
528.0013497263711
 20
724.2452057214205
 30
0.0
 10
528.0013497263711
 20
724.2452057214205
 30
0.0
  0
SPLINE
  5
74F
330
1F
100
AcDbEntity
  8
≥ﬂ¥ÁòÀ◊¢
370
     9
100
AcDbSpline
210
0.0
220
0.0
230
1.0
 70
    11
 71
     3
 72
    28
 73
    24
 74
     0
 42
0.000000001
 43
0.0000000001
 40
0.0
 40
0.0
 40
0.0
 40
0.0
 40
0.1428571428571428
 40
0.1428571428571428
 40
0.1428571428571428
 40
0.1428571528571428
 40
0.2857142857142857
 40
0.2857142857142857
 40
0.2857142857142857
 40
0.2857142957142857
 40
0.428571428571429
 40
0.428571428571429
 40
0.428571428571429
 40
0.4285714385714289
 40
0.5714285714285714
 40
0.5714285714285714
 40
0.5714285714285714
 40
0.5714285814285715
 40
0.7142857142857145
 40
0.7142857142857145
 40
0.7142857142857145
 40
0.7142857242857146
 40
1.0
 40
1.0
 40
1.0
 40
1.0
 10
528.7030460419986
 20
724.9441801739151
 30
0.0
 10
528.7030460419986
 20
724.9441801739151
 30
0.0
 10
528.9823091994215
 20
724.9441801739151
 30
0.0
 10
528.9823091994215
 20
724.9441801739151
 30
0.0
 10
528.9823091994215
 20
724.9441801739151
 30
0.0
 10
528.9823091994215
 20
725.0982376272324
 30
0.0
 10
528.8565591226902
 20
725.2234433313399
 30
0.0
 10
528.7030460419986
 20
725.2234433313399
 30
0.0
 10
528.7030460419986
 20
725.2234433313399
 30
0.0
 10
528.548988588685
 20
725.2234433313399
 30
0.0
 10
528.4237828845756
 20
725.0982376272324
 30
0.0
 10
528.4237828845756
 20
724.9441801739151
 30
0.0
 10
528.4237828845756
 20
724.9441801739151
 30
0.0
 10
528.4237828845756
 20
724.7906670932291
 30
0.0
 10
528.548988588685
 20
724.6654613891215
 30
0.0
 10
528.7030460419986
 20
724.6654613891215
 30
0.0
 10
528.7030460419986
 20
724.6654613891215
 30
0.0
 10
528.8565591226902
 20
724.6654613891215
 30
0.0
 10
528.9823091994215
 20
724.7906670932291
 30
0.0
 10
528.9823091994215
 20
724.9441801739151
 30
0.0
 10
528.9823091994215
 20
724.9441801739151
 30
0.0
 10
528.9823091994215
 20
724.9441801739151
 30
0.0
 10
528.7030460419986
 20
724.9441801739151
 30
0.0
 10
528.7030460419986
 20
724.9441801739151
 30
0.0
  0
SPLINE
  5
750
330
1F
100
AcDbEntity
  8
≥ﬂ¥ÁòÀ◊¢
370
     9
100
AcDbSpline
210
0.0
220
0.0
230
0.0
 70
    24
 71
     3
 72
     8
 73
     4
 74
     0
 42
0.000000001
 43
0.0000000001
 40
0.0
 40
0.0
 40
0.0
 40
0.0
 40
1.0
 40
1.0
 40
1.0
 40
1.0
 10
529.400931749245
 20
725.6426102537872
 30
0.0
 10
529.400931749245
 20
725.6426102537872
 30
0.0
 10
531.8337330173194
 20
728.0759558944912
 30
0.0
 10
531.8337330173194
 20
728.0759558944912
 30
0.0
  0
SPLINE
  5
751
330
1F
100
AcDbEntity
  8
≥ﬂ¥ÁòÀ◊¢
370
     9
100
AcDbSpline
210
0.0
220
0.0
230
0.0
 70
    24
 71
     3
 72
     8
 73
     4
 74
     0
 42
0.000000001
 43
0.0000000001
 40
0.0
 40
0.0
 40
0.0
 40
0.0
 40
1.0
 40
1.0
 40
1.0
 40
1.0
 10
524.1439252945922
 20
717.5880728712702
 30
0.0
 10
524.1439252945922
 20
717.5880728712702
 30
0.0
 10
526.9523436750164
 20
720.3964912516705
 30
0.0
 10
526.9523436750164
 20
720.3964912516705
 30
0.0
  0
SPLINE
  5
752
330
1F
100
AcDbEntity
  8
≥ﬂ¥ÁòÀ◊¢
370
     9
100
AcDbSpline
210
0.0
220
0.0
230
1.0
 70
    11
 71
     3
 72
    28
 73
    24
 74
     0
 42
0.000000001
 43
0.0000000001
 40
0.0
 40
0.0
 40
0.0
 40
0.0
 40
0.1428571428571428
 40
0.1428571428571428
 40
0.1428571428571428
 40
0.1428571528571428
 40
0.2857142857142857
 40
0.2857142857142857
 40
0.2857142857142857
 40
0.2857142957142857
 40
0.428571428571429
 40
0.428571428571429
 40
0.428571428571429
 40
0.4285714385714289
 40
0.5714285714285714
 40
0.5714285714285714
 40
0.5714285714285714
 40
0.5714285814285715
 40
0.7142857142857145
 40
0.7142857142857145
 40
0.7142857142857145
 40
0.7142857242857146
 40
1.0
 40
1.0
 40
1.0
 40
1.0
 10
527.6513181274963
 20
721.0960100767962
 30
0.0
 10
527.6513181274963
 20
721.0960100767962
 30
0.0
 10
527.9305812849193
 20
721.0960100767962
 30
0.0
 10
527.9305812849193
 20
721.0960100767962
 30
0.0
 10
527.9305812849193
 20
721.0960100767962
 30
0.0
 10
527.9305812849193
 20
721.2495231574839
 30
0.0
 10
527.8048312081842
 20
721.3747288615916
 30
0.0
 10
527.6513181274963
 20
721.3747288615916
 30
0.0
 10
527.6513181274963
 20
721.3747288615916
 30
0.0
 10
527.4978050468083
 20
721.3747288615916
 30
0.0
 10
527.3720549700733
 20
721.2495231574839
 30
0.0
 10
527.3720549700733
 20
721.0960100767962
 30
0.0
 10
527.3720549700733
 20
721.0960100767962
 30
0.0
 10
527.3720549700733
 20
720.9419526234807
 30
0.0
 10
527.4978050468083
 20
720.8167469193751
 30
0.0
 10
527.6513181274963
 20
720.8167469193751
 30
0.0
 10
527.6513181274963
 20
720.8167469193751
 30
0.0
 10
527.8048312081842
 20
720.8167469193751
 30
0.0
 10
527.9305812849193
 20
720.9419526234807
 30
0.0
 10
527.9305812849193
 20
721.0960100767962
 30
0.0
 10
527.9305812849193
 20
721.0960100767962
 30
0.0
 10
527.9305812849193
 20
721.0960100767962
 30
0.0
 10
527.6513181274963
 20
721.0960100767962
 30
0.0
 10
527.6513181274963
 20
721.0960100767962
 30
0.0
  0
SPLINE
  5
753
330
1F
100
AcDbEntity
  8
≥ﬂ¥ÁòÀ◊¢
370
     9
100
AcDbSpline
210
0.0
220
0.0
230
0.0
 70
    24
 71
     3
 72
     8
 73
     4
 74
     0
 42
0.000000001
 43
0.0000000001
 40
0.0
 40
0.0
 40
0.0
 40
0.0
 40
1.0
 40
1.0
 40
1.0
 40
1.0
 10
528.3519256978864
 20
721.7960732745442
 30
0.0
 10
528.3519256978864
 20
721.7960732745442
 30
0.0
 10
531.8500641961286
 20
725.29421177279
 30
0.0
 10
531.8500641961286
 20
725.29421177279
 30
0.0
  0
SPLINE
  5
754
330
1F
100
AcDbEntity
  8
≥ﬂ¥ÁòÀ◊¢
370
     9
100
AcDbSpline
210
0.0
220
0.0
230
1.0
 70
    11
 71
     3
 72
    28
 73
    24
 74
     0
 42
0.000000001
 43
0.0000000001
 40
0.0
 40
0.0
 40
0.0
 40
0.0
 40
0.1428571428571428
 40
0.1428571428571428
 40
0.1428571428571428
 40
0.1428571528571428
 40
0.2857142857142857
 40
0.2857142857142857
 40
0.2857142857142857
 40
0.2857142957142857
 40
0.428571428571429
 40
0.428571428571429
 40
0.428571428571429
 40
0.4285714385714289
 40
0.5714285714285714
 40
0.5714285714285714
 40
0.5714285714285714
 40
0.5714285814285715
 40
0.7142857142857145
 40
0.7142857142857145
 40
0.7142857142857145
 40
0.7142857242857146
 40
1.0
 40
1.0
 40
1.0
 40
1.0
 10
532.5490386486121
 20
725.9937305979158
 30
0.0
 10
532.5490386486121
 20
725.9937305979158
 30
0.0
 10
532.8283018060385
 20
725.9937305979158
 30
0.0
 10
532.8283018060385
 20
725.9937305979158
 30
0.0
 10
532.8283018060385
 20
725.9937305979158
 30
0.0
 10
532.8283018060385
 20
726.1472436786071
 30
0.0
 10
532.7025517293035
 20
726.2724493827127
 30
0.0
 10
532.5490386486121
 20
726.2724493827127
 30
0.0
 10
532.5490386486121
 20
726.2724493827127
 30
0.0
 10
532.395525567917
 20
726.2724493827127
 30
0.0
 10
532.2697754911928
 20
726.1472436786071
 30
0.0
 10
532.2697754911928
 20
725.9937305979158
 30
0.0
 10
532.2697754911928
 20
725.9937305979158
 30
0.0
 10
532.2697754911928
 20
725.8396731446021
 30
0.0
 10
532.395525567917
 20
725.7144674404947
 30
0.0
 10
532.5490386486121
 20
725.7144674404947
 30
0.0
 10
532.5490386486121
 20
725.7144674404947
 30
0.0
 10
532.7025517293035
 20
725.7144674404947
 30
0.0
 10
532.8283018060385
 20
725.8396731446021
 30
0.0
 10
532.8283018060385
 20
725.9937305979158
 30
0.0
 10
532.8283018060385
 20
725.9937305979158
 30
0.0
 10
532.8283018060385
 20
725.9937305979158
 30
0.0
 10
532.5490386486121
 20
725.9937305979158
 30
0.0
 10
532.5490386486121
 20
725.9937305979158
 30
0.0
  0
SPLINE
  5
755
330
1F
100
AcDbEntity
  8
≥ﬂ¥ÁòÀ◊¢
370
     9
100
AcDbSpline
210
0.0
220
0.0
230
0.0
 70
    24
 71
     3
 72
     8
 73
     4
 74
     0
 42
0.000000001
 43
0.0000000001
 40
0.0
 40
0.0
 40
0.0
 40
0.0
 40
1.0
 40
1.0
 40
1.0
 40
1.0
 10
533.2496462189951
 20
726.6916163051583
 30
0.0
 10
533.2496462189951
 20
726.6916163051583
 30
0.0
 10
534.6307195725671
 20
728.0759558944912
 30
0.0
 10
534.6307195725671
 20
728.0759558944912
 30
0.0
  0
SPLINE
  5
756
330
1F
100
AcDbEntity
  8
≥ﬂ¥ÁòÀ◊¢
370
     9
100
AcDbSpline
210
0.0
220
0.0
230
0.0
 70
    24
 71
     3
 72
     8
 73
     4
 74
     0
 42
0.000000001
 43
0.0000000001
 40
0.0
 40
0.0
 40
0.0
 40
0.0
 40
1.0
 40
1.0
 40
1.0
 40
1.0
 10
524.9185675421824
 20
715.5635510731108
 30
0.0
 10
524.9185675421824
 20
715.5635510731108
 30
0.0
 10
525.9027932509957
 20
716.5483211545497
 30
0.0
 10
525.9027932509957
 20
716.5483211545497
 30
0.0
  0
SPLINE
  5
757
330
1F
100
AcDbEntity
  8
≥ﬂ¥ÁòÀ◊¢
370
     9
100
AcDbSpline
210
0.0
220
0.0
230
1.0
 70
    11
 71
     3
 72
    28
 73
    24
 74
     0
 42
0.000000001
 43
0.0000000001
 40
0.0
 40
0.0
 40
0.0
 40
0.0
 40
0.1428571428571428
 40
0.1428571428571428
 40
0.1428571428571428
 40
0.1428571528571428
 40
0.2857142857142857
 40
0.2857142857142857
 40
0.2857142857142857
 40
0.2857142957142857
 40
0.428571428571429
 40
0.428571428571429
 40
0.428571428571429
 40
0.4285714385714289
 40
0.5714285714285714
 40
0.5714285714285714
 40
0.5714285714285714
 40
0.5714285814285715
 40
0.7142857142857145
 40
0.7142857142857145
 40
0.7142857142857145
 40
0.7142857242857146
 40
1.0
 40
1.0
 40
1.0
 40
1.0
 10
526.6044895666197
 20
717.2500174701808
 30
0.0
 10
526.6044895666197
 20
717.2500174701808
 30
0.0
 10
526.8837527240533
 20
717.2500174701808
 30
0.0
 10
526.8837527240533
 20
717.2500174701808
 30
0.0
 10
526.8837527240533
 20
717.2500174701808
 30
0.0
 10
526.8837527240533
 20
717.4035305508687
 30
0.0
 10
526.7585470199515
 20
717.5287362549782
 30
0.0
 10
526.6044895666197
 20
717.5287362549782
 30
0.0
 10
526.6044895666197
 20
717.5287362549782
 30
0.0
 10
526.450976485939
 20
717.5287362549782
 30
0.0
 10
526.3257707818405
 20
717.4035305508687
 30
0.0
 10
526.3257707818405
 20
717.2500174701808
 30
0.0
 10
526.3257707818405
 20
717.2500174701808
 30
0.0
 10
526.3257707818405
 20
717.0959600168655
 30
0.0
 10
526.450976485939
 20
716.9707543127562
 30
0.0
 10
526.6044895666197
 20
716.9707543127562
 30
0.0
 10
526.6044895666197
 20
716.9707543127562
 30
0.0
 10
526.7585470199515
 20
716.9707543127562
 30
0.0
 10
526.8837527240533
 20
717.0959600168655
 30
0.0
 10
526.8837527240533
 20
717.2500174701808
 30
0.0
 10
526.8837527240533
 20
717.2500174701808
 30
0.0
 10
526.8837527240533
 20
717.2500174701808
 30
0.0
 10
526.6044895666197
 20
717.2500174701808
 30
0.0
 10
526.6044895666197
 20
717.2500174701808
 30
0.0
  0
SPLINE
  5
758
330
1F
100
AcDbEntity
  8
≥ﬂ¥ÁòÀ◊¢
370
     9
100
AcDbSpline
210
0.0
220
0.0
230
0.0
 70
    24
 71
     3
 72
     8
 73
     4
 74
     0
 42
0.000000001
 43
0.0000000001
 40
0.0
 40
0.0
 40
0.0
 40
0.0
 40
1.0
 40
1.0
 40
1.0
 40
1.0
 10
527.302919646499
 20
717.9479031774255
 30
0.0
 10
527.302919646499
 20
717.9479031774255
 30
0.0
 10
530.8005137721188
 20
721.4460416756712
 30
0.0
 10
530.8005137721188
 20
721.4460416756712
 30
0.0
  0
SPLINE
  5
759
330
1F
100
AcDbEntity
  8
≥ﬂ¥ÁòÀ◊¢
370
     9
100
AcDbSpline
210
0.0
220
0.0
230
1.0
 70
    11
 71
     3
 72
    28
 73
    24
 74
     0
 42
0.000000001
 43
0.0000000001
 40
0.0
 40
0.0
 40
0.0
 40
0.0
 40
0.1428571428571428
 40
0.1428571428571428
 40
0.1428571428571428
 40
0.1428571528571428
 40
0.2857142857142857
 40
0.2857142857142857
 40
0.2857142857142857
 40
0.2857142957142857
 40
0.428571428571429
 40
0.428571428571429
 40
0.428571428571429
 40
0.4285714385714289
 40
0.5714285714285714
 40
0.5714285714285714
 40
0.5714285714285714
 40
0.5714285814285715
 40
0.7142857142857145
 40
0.7142857142857145
 40
0.7142857142857145
 40
0.7142857242857146
 40
1.0
 40
1.0
 40
1.0
 40
1.0
 10
531.5000325972537
 20
722.1477379913022
 30
0.0
 10
531.5000325972537
 20
722.1477379913022
 30
0.0
 10
531.7787513820326
 20
722.1477379913022
 30
0.0
 10
531.7787513820326
 20
722.1477379913022
 30
0.0
 10
531.7787513820326
 20
722.1477379913022
 30
0.0
 10
531.7787513820326
 20
722.3012510719882
 30
0.0
 10
531.6535456779377
 20
722.4264567760957
 30
0.0
 10
531.5000325972537
 20
722.4264567760957
 30
0.0
 10
531.5000325972537
 20
722.4264567760957
 30
0.0
 10
531.3459751439363
 20
722.4264567760957
 30
0.0
 10
531.2207694398307
 20
722.3012510719882
 30
0.0
 10
531.2207694398307
 20
722.1477379913022
 30
0.0
 10
531.2207694398307
 20
722.1477379913022
 30
0.0
 10
531.2207694398307
 20
721.9936805379867
 30
0.0
 10
531.3459751439363
 20
721.8684748338776
 30
0.0
 10
531.5000325972537
 20
721.8684748338776
 30
0.0
 10
531.5000325972537
 20
721.8684748338776
 30
0.0
 10
531.6535456779377
 20
721.8684748338776
 30
0.0
 10
531.7787513820326
 20
721.9936805379867
 30
0.0
 10
531.7787513820326
 20
722.1477379913022
 30
0.0
 10
531.7787513820326
 20
722.1477379913022
 30
0.0
 10
531.7787513820326
 20
722.1477379913022
 30
0.0
 10
531.5000325972537
 20
722.1477379913022
 30
0.0
 10
531.5000325972537
 20
722.1477379913022
 30
0.0
  0
SPLINE
  5
75A
330
1F
100
AcDbEntity
  8
≥ﬂ¥ÁòÀ◊¢
370
     9
100
AcDbSpline
210
0.0
220
0.0
230
0.0
 70
    24
 71
     3
 72
     8
 73
     4
 74
     0
 42
0.000000001
 43
0.0000000001
 40
0.0
 40
0.0
 40
0.0
 40
0.0
 40
1.0
 40
1.0
 40
1.0
 40
1.0
 10
532.2006401676185
 20
722.8456236985451
 30
0.0
 10
532.2006401676185
 20
722.8456236985451
 30
0.0
 10
535.6982342932383
 20
726.3410403336595
 30
0.0
 10
535.6982342932383
 20
726.3410403336595
 30
0.0
  0
SPLINE
  5
75B
330
1F
100
AcDbEntity
  8
≥ﬂ¥ÁòÀ◊¢
370
     9
100
AcDbSpline
210
0.0
220
0.0
230
1.0
 70
    11
 71
     3
 72
    28
 73
    24
 74
     0
 42
0.000000001
 43
0.0000000001
 40
0.0
 40
0.0
 40
0.0
 40
0.0
 40
0.1428571428571428
 40
0.1428571428571428
 40
0.1428571428571428
 40
0.1428571528571428
 40
0.2857142857142857
 40
0.2857142857142857
 40
0.2857142857142857
 40
0.2857142957142857
 40
0.428571428571429
 40
0.428571428571429
 40
0.428571428571429
 40
0.4285714385714289
 40
0.5714285714285714
 40
0.5714285714285714
 40
0.5714285714285714
 40
0.5714285814285715
 40
0.7142857142857145
 40
0.7142857142857145
 40
0.7142857142857145
 40
0.7142857242857146
 40
1.0
 40
1.0
 40
1.0
 40
1.0
 10
536.3977531183658
 20
727.0427366492888
 30
0.0
 10
536.3977531183658
 20
727.0427366492888
 30
0.0
 10
536.6764719031666
 20
727.0427366492888
 30
0.0
 10
536.6764719031666
 20
727.0427366492888
 30
0.0
 10
536.6764719031666
 20
727.0427366492888
 30
0.0
 10
536.6764719031666
 20
727.1962497299782
 30
0.0
 10
536.5512661990536
 20
727.3219998067117
 30
0.0
 10
536.3977531183658
 20
727.3219998067117
 30
0.0
 10
536.3977531183658
 20
727.3219998067117
 30
0.0
 10
536.2436956650411
 20
727.3219998067117
 30
0.0
 10
536.1184899609428
 20
727.1962497299782
 30
0.0
 10
536.1184899609428
 20
727.0427366492888
 30
0.0
 10
536.1184899609428
 20
727.0427366492888
 30
0.0
 10
536.1184899609428
 20
726.8886791959752
 30
0.0
 10
536.2436956650411
 20
726.763473491864
 30
0.0
 10
536.3977531183658
 20
726.763473491864
 30
0.0
 10
536.3977531183658
 20
726.763473491864
 30
0.0
 10
536.5512661990536
 20
726.763473491864
 30
0.0
 10
536.6764719031666
 20
726.8886791959752
 30
0.0
 10
536.6764719031666
 20
727.0427366492888
 30
0.0
 10
536.6764719031666
 20
727.0427366492888
 30
0.0
 10
536.6764719031666
 20
727.0427366492888
 30
0.0
 10
536.3977531183658
 20
727.0427366492888
 30
0.0
 10
536.3977531183658
 20
727.0427366492888
 30
0.0
  0
SPLINE
  5
75C
330
1F
100
AcDbEntity
  8
≥ﬂ¥ÁòÀ◊¢
370
     9
100
AcDbSpline
210
0.0
220
0.0
230
0.0
 70
    24
 71
     3
 72
     8
 73
     4
 74
     0
 42
0.000000001
 43
0.0000000001
 40
0.0
 40
0.0
 40
0.0
 40
0.0
 40
1.0
 40
1.0
 40
1.0
 40
1.0
 10
537.098360688738
 20
727.7433442196662
 30
0.0
 10
537.098360688738
 20
727.7433442196662
 30
0.0
 10
537.4304279909297
 20
728.0759558944912
 30
0.0
 10
537.4304279909297
 20
728.0759558944912
 30
0.0
  0
SPLINE
  5
75D
330
1F
100
AcDbEntity
  8
≥ﬂ¥ÁòÀ◊¢
370
     9
100
AcDbSpline
210
0.0
220
0.0
230
0.0
 70
    24
 71
     3
 72
     8
 73
     4
 74
     0
 42
0.000000001
 43
0.0000000001
 40
0.0
 40
0.0
 40
0.0
 40
0.0
 40
1.0
 40
1.0
 40
1.0
 40
1.0
 10
527.7177315879339
 20
715.5635510731108
 30
0.0
 10
527.7177315879339
 20
715.5635510731108
 30
0.0
 10
529.7515077207531
 20
717.5973272059211
 30
0.0
 10
529.7515077207531
 20
717.5973272059211
 30
0.0
  0
SPLINE
  5
75E
330
1F
100
AcDbEntity
  8
≥ﬂ¥ÁòÀ◊¢
370
     9
100
AcDbSpline
210
0.0
220
0.0
230
1.0
 70
    11
 71
     3
 72
    28
 73
    24
 74
     0
 42
0.000000001
 43
0.0000000001
 40
0.0
 40
0.0
 40
0.0
 40
0.0
 40
0.1428571428571428
 40
0.1428571428571428
 40
0.1428571428571428
 40
0.1428571528571428
 40
0.2857142857142857
 40
0.2857142857142857
 40
0.2857142857142857
 40
0.2857142957142857
 40
0.428571428571429
 40
0.428571428571429
 40
0.428571428571429
 40
0.4285714385714289
 40
0.5714285714285714
 40
0.5714285714285714
 40
0.5714285714285714
 40
0.5714285814285715
 40
0.7142857142857145
 40
0.7142857142857145
 40
0.7142857142857145
 40
0.7142857242857146
 40
1.0
 40
1.0
 40
1.0
 40
1.0
 10
530.4504821732401
 20
718.2990235215541
 30
0.0
 10
530.4504821732401
 20
718.2990235215541
 30
0.0
 10
530.7297453306667
 20
718.2990235215541
 30
0.0
 10
530.7297453306667
 20
718.2990235215541
 30
0.0
 10
530.7297453306667
 20
718.2990235215541
 30
0.0
 10
530.7297453306667
 20
718.4525366022401
 30
0.0
 10
530.6045396265576
 20
718.5777423063491
 30
0.0
 10
530.4504821732401
 20
718.5777423063491
 30
0.0
 10
530.4504821732401
 20
718.5777423063491
 30
0.0
 10
530.2969690925562
 20
718.5777423063491
 30
0.0
 10
530.1717633884394
 20
718.4525366022401
 30
0.0
 10
530.1717633884394
 20
718.2990235215541
 30
0.0
 10
530.1717633884394
 20
718.2990235215541
 30
0.0
 10
530.1717633884394
 20
718.1449660682385
 30
0.0
 10
530.2969690925562
 20
718.0197603641309
 30
0.0
 10
530.4504821732401
 20
718.0197603641309
 30
0.0
 10
530.4504821732401
 20
718.0197603641309
 30
0.0
 10
530.6045396265576
 20
718.0197603641309
 30
0.0
 10
530.7297453306667
 20
718.1449660682385
 30
0.0
 10
530.7297453306667
 20
718.2990235215541
 30
0.0
 10
530.7297453306667
 20
718.2990235215541
 30
0.0
 10
530.7297453306667
 20
718.2990235215541
 30
0.0
 10
530.4504821732401
 20
718.2990235215541
 30
0.0
 10
530.4504821732401
 20
718.2990235215541
 30
0.0
  0
SPLINE
  5
75F
330
1F
100
AcDbEntity
  8
≥ﬂ¥ÁòÀ◊¢
370
     9
100
AcDbSpline
210
0.0
220
0.0
230
0.0
 70
    24
 71
     3
 72
     8
 73
     4
 74
     0
 42
0.000000001
 43
0.0000000001
 40
0.0
 40
0.0
 40
0.0
 40
0.0
 40
1.0
 40
1.0
 40
1.0
 40
1.0
 10
531.1510897436196
 20
718.9969092287983
 30
0.0
 10
531.1510897436196
 20
718.9969092287983
 30
0.0
 10
534.6492282418616
 20
722.4950477270442
 30
0.0
 10
534.6492282418616
 20
722.4950477270442
 30
0.0
  0
SPLINE
  5
760
330
1F
100
AcDbEntity
  8
≥ﬂ¥ÁòÀ◊¢
370
     9
100
AcDbSpline
210
0.0
220
0.0
230
1.0
 70
    11
 71
     3
 72
    28
 73
    24
 74
     0
 42
0.000000001
 43
0.0000000001
 40
0.0
 40
0.0
 40
0.0
 40
0.0
 40
0.1428571428571428
 40
0.1428571428571428
 40
0.1428571428571428
 40
0.1428571528571428
 40
0.2857142857142857
 40
0.2857142857142857
 40
0.2857142857142857
 40
0.2857142957142857
 40
0.428571428571429
 40
0.428571428571429
 40
0.428571428571429
 40
0.4285714385714289
 40
0.5714285714285714
 40
0.5714285714285714
 40
0.5714285714285714
 40
0.5714285814285715
 40
0.7142857142857145
 40
0.7142857142857145
 40
0.7142857142857145
 40
0.7142857242857146
 40
1.0
 40
1.0
 40
1.0
 40
1.0
 10
535.3482026943634
 20
723.1940221795404
 30
0.0
 10
535.3482026943634
 20
723.1940221795404
 30
0.0
 10
535.6274658517864
 20
723.1940221795404
 30
0.0
 10
535.6274658517864
 20
723.1940221795404
 30
0.0
 10
535.6274658517864
 20
723.1940221795404
 30
0.0
 10
535.6274658517864
 20
723.3480796328558
 30
0.0
 10
535.5022601476735
 20
723.4732853369635
 30
0.0
 10
535.3482026943634
 20
723.4732853369635
 30
0.0
 10
535.3482026943634
 20
723.4732853369635
 30
0.0
 10
535.1946896136755
 20
723.4732853369635
 30
0.0
 10
535.0694839095663
 20
723.3480796328558
 30
0.0
 10
535.0694839095663
 20
723.1940221795404
 30
0.0
 10
535.0694839095663
 20
723.1940221795404
 30
0.0
 10
535.0694839095663
 20
723.0405090988544
 30
0.0
 10
535.1946896136755
 20
722.9153033947432
 30
0.0
 10
535.3482026943634
 20
722.9153033947432
 30
0.0
 10
535.3482026943634
 20
722.9153033947432
 30
0.0
 10
535.5022601476735
 20
722.9153033947432
 30
0.0
 10
535.6274658517864
 20
723.0405090988544
 30
0.0
 10
535.6274658517864
 20
723.1940221795404
 30
0.0
 10
535.6274658517864
 20
723.1940221795404
 30
0.0
 10
535.6274658517864
 20
723.1940221795404
 30
0.0
 10
535.3482026943634
 20
723.1940221795404
 30
0.0
 10
535.3482026943634
 20
723.1940221795404
 30
0.0
  0
SPLINE
  5
761
330
1F
100
AcDbEntity
  8
≥ﬂ¥ÁòÀ◊¢
370
     9
100
AcDbSpline
210
0.0
220
0.0
230
0.0
 70
    24
 71
     3
 72
     8
 73
     4
 74
     0
 42
0.000000001
 43
0.0000000001
 40
0.0
 40
0.0
 40
0.0
 40
0.0
 40
1.0
 40
1.0
 40
1.0
 40
1.0
 10
536.0466327742356
 20
723.8946297499181
 30
0.0
 10
536.0466327742356
 20
723.8946297499181
 30
0.0
 10
539.5442268998554
 20
727.3927682481654
 30
0.0
 10
539.5442268998554
 20
727.3927682481654
 30
0.0
  0
SPLINE
  5
762
330
1F
100
AcDbEntity
  8
≥ﬂ¥ÁòÀ◊¢
370
     9
100
AcDbSpline
210
0.0
220
0.0
230
1.0
 70
    11
 71
     3
 72
    28
 73
    24
 74
     0
 42
0.000000001
 43
0.0000000001
 40
0.0
 40
0.0
 40
0.0
 40
0.0
 40
0.1428571428571428
 40
0.1428571428571428
 40
0.1428571428571428
 40
0.1428571528571428
 40
0.2857142857142857
 40
0.2857142857142857
 40
0.2857142857142857
 40
0.2857142957142857
 40
0.428571428571429
 40
0.428571428571429
 40
0.428571428571429
 40
0.4285714385714289
 40
0.5714285714285714
 40
0.5714285714285714
 40
0.5714285714285714
 40
0.5714285814285715
 40
0.7142857142857145
 40
0.7142857142857145
 40
0.7142857142857145
 40
0.7142857242857146
 40
1.0
 40
1.0
 40
1.0
 40
1.0
 10
540.2301364093102
 20
728.0765002671171
 30
0.0
 10
540.2301364093102
 20
728.0765002671171
 30
0.0
 10
540.5093995667335
 20
728.0765002671171
 30
0.0
 10
540.5093995667335
 20
728.0765002671171
 30
0.0
 10
540.5093995667335
 20
728.0765002671171
 30
0.0
 10
540.5093995667335
 20
728.2305577204307
 30
0.0
 10
540.3841938626242
 20
728.3557634245401
 30
0.0
 10
540.2301364093102
 20
728.3557634245401
 30
0.0
 10
540.2301364093102
 20
728.3557634245401
 30
0.0
 10
540.076623328619
 20
728.3557634245401
 30
0.0
 10
539.9514176245243
 20
728.2305577204307
 30
0.0
 10
539.9514176245243
 20
728.0765002671171
 30
0.0
 10
539.9514176245243
 20
728.0765002671171
 30
0.0
 10
539.9514176245243
 20
727.9229871864292
 30
0.0
 10
540.076623328619
 20
727.7977814823217
 30
0.0
 10
540.2301364093102
 20
727.7977814823217
 30
0.0
 10
540.2301364093102
 20
727.7977814823217
 30
0.0
 10
540.3841938626242
 20
727.7977814823217
 30
0.0
 10
540.5093995667335
 20
727.9229871864292
 30
0.0
 10
540.5093995667335
 20
728.0765002671171
 30
0.0
 10
540.5093995667335
 20
728.0765002671171
 30
0.0
 10
540.5093995667335
 20
728.0765002671171
 30
0.0
 10
540.2301364093102
 20
728.0765002671171
 30
0.0
 10
540.2301364093102
 20
728.0765002671171
 30
0.0
  0
SPLINE
  5
763
330
1F
100
AcDbEntity
  8
≥ﬂ¥ÁòÀ◊¢
370
     9
100
AcDbSpline
210
0.0
220
0.0
230
0.0
 70
    24
 71
     3
 72
     8
 73
     4
 74
     0
 42
0.000000001
 43
0.0000000001
 40
0.0
 40
0.0
 40
0.0
 40
0.0
 40
1.0
 40
1.0
 40
1.0
 40
1.0
 10
530.514718143178
 20
715.5635510731108
 30
0.0
 10
530.514718143178
 20
715.5635510731108
 30
0.0
 10
533.597500327352
 20
718.646333257296
 30
0.0
 10
533.597500327352
 20
718.646333257296
 30
0.0
  0
SPLINE
  5
764
330
1F
100
AcDbEntity
  8
≥ﬂ¥ÁòÀ◊¢
370
     9
100
AcDbSpline
210
0.0
220
0.0
230
1.0
 70
    11
 71
     3
 72
    28
 73
    24
 74
     0
 42
0.000000001
 43
0.0000000001
 40
0.0
 40
0.0
 40
0.0
 40
0.0
 40
0.1428571428571428
 40
0.1428571428571428
 40
0.1428571428571428
 40
0.1428571528571428
 40
0.2857142857142857
 40
0.2857142857142857
 40
0.2857142857142857
 40
0.2857142957142857
 40
0.428571428571429
 40
0.428571428571429
 40
0.428571428571429
 40
0.4285714385714289
 40
0.5714285714285714
 40
0.5714285714285714
 40
0.5714285714285714
 40
0.5714285814285715
 40
0.7142857142857145
 40
0.7142857142857145
 40
0.7142857142857145
 40
0.7142857242857146
 40
1.0
 40
1.0
 40
1.0
 40
1.0
 10
534.2991966429869
 20
719.3480295729271
 30
0.0
 10
534.2991966429869
 20
719.3480295729271
 30
0.0
 10
534.5784598004097
 20
719.3480295729271
 30
0.0
 10
534.5784598004097
 20
719.3480295729271
 30
0.0
 10
534.5784598004097
 20
719.3480295729271
 30
0.0
 10
534.5784598004097
 20
719.5020870262407
 30
0.0
 10
534.4532540963077
 20
719.6272927303501
 30
0.0
 10
534.2991966429869
 20
719.6272927303501
 30
0.0
 10
534.2991966429869
 20
719.6272927303501
 30
0.0
 10
534.1456835623062
 20
719.6272927303501
 30
0.0
 10
534.0204778582005
 20
719.5020870262407
 30
0.0
 10
534.0204778582005
 20
719.3480295729271
 30
0.0
 10
534.0204778582005
 20
719.3480295729271
 30
0.0
 10
534.0204778582005
 20
719.1945164922392
 30
0.0
 10
534.1456835623062
 20
719.0693107881299
 30
0.0
 10
534.2991966429869
 20
719.0693107881299
 30
0.0
 10
534.2991966429869
 20
719.0693107881299
 30
0.0
 10
534.4532540963077
 20
719.0693107881299
 30
0.0
 10
534.5784598004097
 20
719.1945164922392
 30
0.0
 10
534.5784598004097
 20
719.3480295729271
 30
0.0
 10
534.5784598004097
 20
719.3480295729271
 30
0.0
 10
534.5784598004097
 20
719.3480295729271
 30
0.0
 10
534.2991966429869
 20
719.3480295729271
 30
0.0
 10
534.2991966429869
 20
719.3480295729271
 30
0.0
  0
SPLINE
  5
765
330
1F
100
AcDbEntity
  8
≥ﬂ¥ÁòÀ◊¢
370
     9
100
AcDbSpline
210
0.0
220
0.0
230
0.0
 70
    24
 71
     3
 72
     8
 73
     4
 74
     0
 42
0.000000001
 43
0.0000000001
 40
0.0
 40
0.0
 40
0.0
 40
0.0
 40
1.0
 40
1.0
 40
1.0
 40
1.0
 10
534.9970823502331
 20
720.0459152801697
 30
0.0
 10
534.9970823502331
 20
720.0459152801697
 30
0.0
 10
538.4952208484897
 20
723.5440537784151
 30
0.0
 10
538.4952208484897
 20
723.5440537784151
 30
0.0
  0
SPLINE
  5
766
330
1F
100
AcDbEntity
  8
≥ﬂ¥ÁòÀ◊¢
370
     9
100
AcDbSpline
210
0.0
220
0.0
230
1.0
 70
    11
 71
     3
 72
    28
 73
    24
 74
     0
 42
0.000000001
 43
0.0000000001
 40
0.0
 40
0.0
 40
0.0
 40
0.0
 40
0.1428571428571428
 40
0.1428571428571428
 40
0.1428571428571428
 40
0.1428571528571428
 40
0.2857142857142857
 40
0.2857142857142857
 40
0.2857142857142857
 40
0.2857142957142857
 40
0.428571428571429
 40
0.428571428571429
 40
0.428571428571429
 40
0.4285714385714289
 40
0.5714285714285714
 40
0.5714285714285714
 40
0.5714285714285714
 40
0.5714285814285715
 40
0.7142857142857145
 40
0.7142857142857145
 40
0.7142857142857145
 40
0.7142857242857146
 40
1.0
 40
1.0
 40
1.0
 40
1.0
 10
539.1969171641171
 20
724.2457500940465
 30
0.0
 10
539.1969171641171
 20
724.2457500940465
 30
0.0
 10
539.4761803215365
 20
724.2457500940465
 30
0.0
 10
539.4761803215365
 20
724.2457500940465
 30
0.0
 10
539.4761803215365
 20
724.2457500940465
 30
0.0
 10
539.4761803215365
 20
724.3998075473621
 30
0.0
 10
539.3509746174272
 20
724.5250132514676
 30
0.0
 10
539.1969171641171
 20
724.5250132514676
 30
0.0
 10
539.1969171641171
 20
724.5250132514676
 30
0.0
 10
539.0434040834366
 20
724.5250132514676
 30
0.0
 10
538.9181983793128
 20
724.3998075473621
 30
0.0
 10
538.9181983793128
 20
724.2457500940465
 30
0.0
 10
538.9181983793128
 20
724.2457500940465
 30
0.0
 10
538.9181983793128
 20
724.0922370133587
 30
0.0
 10
539.0434040834366
 20
723.9670313092496
 30
0.0
 10
539.1969171641171
 20
723.9670313092496
 30
0.0
 10
539.1969171641171
 20
723.9670313092496
 30
0.0
 10
539.3509746174272
 20
723.9670313092496
 30
0.0
 10
539.4761803215365
 20
724.0922370133587
 30
0.0
 10
539.4761803215365
 20
724.2457500940465
 30
0.0
 10
539.4761803215365
 20
724.2457500940465
 30
0.0
 10
539.4761803215365
 20
724.2457500940465
 30
0.0
 10
539.1969171641171
 20
724.2457500940465
 30
0.0
 10
539.1969171641171
 20
724.2457500940465
 30
0.0
  0
SPLINE
  5
767
330
1F
100
AcDbEntity
  8
≥ﬂ¥ÁòÀ◊¢
370
     9
100
AcDbSpline
210
0.0
220
0.0
230
0.0
 70
    24
 71
     3
 72
     8
 73
     4
 74
     0
 42
0.000000001
 43
0.0000000001
 40
0.0
 40
0.0
 40
0.0
 40
0.0
 40
1.0
 40
1.0
 40
1.0
 40
1.0
 10
539.8948028713562
 20
724.9436358012911
 30
0.0
 10
539.8948028713562
 20
724.9436358012911
 30
0.0
 10
543.0265785919287
 20
728.0759558944912
 30
0.0
 10
543.0265785919287
 20
728.0759558944912
 30
0.0
  0
SPLINE
  5
768
330
1F
100
AcDbEntity
  8
≥ﬂ¥ÁòÀ◊¢
370
     9
100
AcDbSpline
210
0.0
220
0.0
230
1.0
 70
    11
 71
     3
 72
    28
 73
    24
 74
     0
 42
0.000000001
 43
0.0000000001
 40
0.0
 40
0.0
 40
0.0
 40
0.0
 40
0.1428571428571428
 40
0.1428571428571428
 40
0.1428571428571428
 40
0.1428571528571428
 40
0.2857142857142857
 40
0.2857142857142857
 40
0.2857142857142857
 40
0.2857142957142857
 40
0.428571428571429
 40
0.428571428571429
 40
0.428571428571429
 40
0.4285714385714289
 40
0.5714285714285714
 40
0.5714285714285714
 40
0.5714285714285714
 40
0.5714285814285715
 40
0.7142857142857145
 40
0.7142857142857145
 40
0.7142857142857145
 40
0.7142857242857146
 40
1.0
 40
1.0
 40
1.0
 40
1.0
 10
533.3144265615515
 20
715.5640954457367
 30
0.0
 10
533.3144265615515
 20
715.5640954457367
 30
0.0
 10
533.5936897189744
 20
715.5640954457367
 30
0.0
 10
533.5936897189744
 20
715.5640954457367
 30
0.0
 10
533.5936897189744
 20
715.5640954457367
 30
0.0
 10
533.5936897189744
 20
715.7176085264267
 30
0.0
 10
533.4684840148652
 20
715.8433586031617
 30
0.0
 10
533.3144265615515
 20
715.8433586031617
 30
0.0
 10
533.3144265615515
 20
715.8433586031617
 30
0.0
 10
533.1609134808636
 20
715.8433586031617
 30
0.0
 10
533.0357077767541
 20
715.7176085264267
 30
0.0
 10
533.0357077767541
 20
715.5640954457367
 30
0.0
 10
533.0357077767541
 20
715.5640954457367
 30
0.0
 10
533.0357077767541
 20
715.4105823650472
 30
0.0
 10
533.1609134808636
 20
715.2848322883137
 30
0.0
 10
533.3144265615515
 20
715.2848322883137
 30
0.0
 10
533.3144265615515
 20
715.2848322883137
 30
0.0
 10
533.4684840148652
 20
715.2848322883137
 30
0.0
 10
533.5936897189744
 20
715.4105823650472
 30
0.0
 10
533.5936897189744
 20
715.5640954457367
 30
0.0
 10
533.5936897189744
 20
715.5640954457367
 30
0.0
 10
533.5936897189744
 20
715.5640954457367
 30
0.0
 10
533.3144265615515
 20
715.5640954457367
 30
0.0
 10
533.3144265615515
 20
715.5640954457367
 30
0.0
  0
SPLINE
  5
769
330
1F
100
AcDbEntity
  8
≥ﬂ¥ÁòÀ◊¢
370
     9
100
AcDbSpline
210
0.0
220
0.0
230
0.0
 70
    24
 71
     3
 72
     8
 73
     4
 74
     0
 42
0.000000001
 43
0.0000000001
 40
0.0
 40
0.0
 40
0.0
 40
0.0
 40
1.0
 40
1.0
 40
1.0
 40
1.0
 10
533.9480762988601
 20
716.1999226735545
 30
0.0
 10
533.9480762988601
 20
716.1999226735545
 30
0.0
 10
537.4462147971094
 20
719.698061171802
 30
0.0
 10
537.4462147971094
 20
719.698061171802
 30
0.0
  0
SPLINE
  5
76A
330
1F
100
AcDbEntity
  8
≥ﬂ¥ÁòÀ◊¢
370
     9
100
AcDbSpline
210
0.0
220
0.0
230
1.0
 70
    11
 71
     3
 72
    28
 73
    24
 74
     0
 42
0.000000001
 43
0.0000000001
 40
0.0
 40
0.0
 40
0.0
 40
0.0
 40
0.1428571428571428
 40
0.1428571428571428
 40
0.1428571428571428
 40
0.1428571528571428
 40
0.2857142857142857
 40
0.2857142857142857
 40
0.2857142857142857
 40
0.2857142957142857
 40
0.428571428571429
 40
0.428571428571429
 40
0.428571428571429
 40
0.4285714385714289
 40
0.5714285714285714
 40
0.5714285714285714
 40
0.5714285714285714
 40
0.5714285814285715
 40
0.7142857142857145
 40
0.7142857142857145
 40
0.7142857142857145
 40
0.7142857242857146
 40
1.0
 40
1.0
 40
1.0
 40
1.0
 10
538.1479111127405
 20
720.3970356242982
 30
0.0
 10
538.1479111127405
 20
720.3970356242982
 30
0.0
 10
538.4271742701635
 20
720.3970356242982
 30
0.0
 10
538.4271742701635
 20
720.3970356242982
 30
0.0
 10
538.4271742701635
 20
720.3970356242982
 30
0.0
 10
538.4271742701635
 20
720.5510930776137
 30
0.0
 10
538.3014241934355
 20
720.6762987817191
 30
0.0
 10
538.1479111127405
 20
720.6762987817191
 30
0.0
 10
538.1479111127405
 20
720.6762987817191
 30
0.0
 10
537.9938536594304
 20
720.6762987817191
 30
0.0
 10
537.8686479553248
 20
720.5510930776137
 30
0.0
 10
537.8686479553248
 20
720.3970356242982
 30
0.0
 10
537.8686479553248
 20
720.3970356242982
 30
0.0
 10
537.8686479553248
 20
720.2435225436104
 30
0.0
 10
537.9938536594304
 20
720.1183168395028
 30
0.0
 10
538.1479111127405
 20
720.1183168395028
 30
0.0
 10
538.1479111127405
 20
720.1183168395028
 30
0.0
 10
538.3014241934355
 20
720.1183168395028
 30
0.0
 10
538.4271742701635
 20
720.2435225436104
 30
0.0
 10
538.4271742701635
 20
720.3970356242982
 30
0.0
 10
538.4271742701635
 20
720.3970356242982
 30
0.0
 10
538.4271742701635
 20
720.3970356242982
 30
0.0
 10
538.1479111127405
 20
720.3970356242982
 30
0.0
 10
538.1479111127405
 20
720.3970356242982
 30
0.0
  0
SPLINE
  5
76B
330
1F
100
AcDbEntity
  8
≥ﬂ¥ÁòÀ◊¢
370
     9
100
AcDbSpline
210
0.0
220
0.0
230
0.0
 70
    24
 71
     3
 72
     8
 73
     4
 74
     0
 42
0.000000001
 43
0.0000000001
 40
0.0
 40
0.0
 40
0.0
 40
0.0
 40
1.0
 40
1.0
 40
1.0
 40
1.0
 10
538.8457968199868
 20
721.0954657041686
 30
0.0
 10
538.8457968199868
 20
721.0954657041686
 30
0.0
 10
542.3439353182251
 20
724.5930598297881
 30
0.0
 10
542.3439353182251
 20
724.5930598297881
 30
0.0
  0
SPLINE
  5
76C
330
1F
100
AcDbEntity
  8
≥ﬂ¥ÁòÀ◊¢
370
     9
100
AcDbSpline
210
0.0
220
0.0
230
1.0
 70
    11
 71
     3
 72
    28
 73
    24
 74
     0
 42
0.000000001
 43
0.0000000001
 40
0.0
 40
0.0
 40
0.0
 40
0.0
 40
0.1428571428571428
 40
0.1428571428571428
 40
0.1428571428571428
 40
0.1428571528571428
 40
0.2857142857142857
 40
0.2857142857142857
 40
0.2857142857142857
 40
0.2857142957142857
 40
0.428571428571429
 40
0.428571428571429
 40
0.428571428571429
 40
0.4285714385714289
 40
0.5714285714285714
 40
0.5714285714285714
 40
0.5714285714285714
 40
0.5714285814285715
 40
0.7142857142857145
 40
0.7142857142857145
 40
0.7142857142857145
 40
0.7142857242857146
 40
1.0
 40
1.0
 40
1.0
 40
1.0
 10
543.0456316338527
 20
725.2947561454193
 30
0.0
 10
543.0456316338527
 20
725.2947561454193
 30
0.0
 10
543.3248947912757
 20
725.2947561454193
 30
0.0
 10
543.3248947912757
 20
725.2947561454193
 30
0.0
 10
543.3248947912757
 20
725.2947561454193
 30
0.0
 10
543.3248947912757
 20
725.4488135987352
 30
0.0
 10
543.1991447145442
 20
725.5740193028425
 30
0.0
 10
543.0456316338527
 20
725.5740193028425
 30
0.0
 10
543.0456316338527
 20
725.5740193028425
 30
0.0
 10
542.8915741805608
 20
725.5740193028425
 30
0.0
 10
542.766368476437
 20
725.4488135987352
 30
0.0
 10
542.766368476437
 20
725.2947561454193
 30
0.0
 10
542.766368476437
 20
725.2947561454193
 30
0.0
 10
542.766368476437
 20
725.1412430647279
 30
0.0
 10
542.8915741805608
 20
725.0160373606226
 30
0.0
 10
543.0456316338527
 20
725.0160373606226
 30
0.0
 10
543.0456316338527
 20
725.0160373606226
 30
0.0
 10
543.1991447145442
 20
725.0160373606226
 30
0.0
 10
543.3248947912757
 20
725.1412430647279
 30
0.0
 10
543.3248947912757
 20
725.2947561454193
 30
0.0
 10
543.3248947912757
 20
725.2947561454193
 30
0.0
 10
543.3248947912757
 20
725.2947561454193
 30
0.0
 10
543.0456316338527
 20
725.2947561454193
 30
0.0
 10
543.0456316338527
 20
725.2947561454193
 30
0.0
  0
SPLINE
  5
76D
330
1F
100
AcDbEntity
  8
≥ﬂ¥ÁòÀ◊¢
370
     9
100
AcDbSpline
210
0.0
220
0.0
230
0.0
 70
    24
 71
     3
 72
     8
 73
     4
 74
     0
 42
0.000000001
 43
0.0000000001
 40
0.0
 40
0.0
 40
0.0
 40
0.0
 40
1.0
 40
1.0
 40
1.0
 40
1.0
 10
543.7435173411208
 20
725.9931862252881
 30
0.0
 10
543.7435173411208
 20
725.9931862252881
 30
0.0
 10
545.8262870103093
 20
728.0759558944912
 30
0.0
 10
545.8262870103093
 20
728.0759558944912
 30
0.0
  0
SPLINE
  5
76E
330
1F
100
AcDbEntity
  8
≥ﬂ¥ÁòÀ◊¢
370
     9
100
AcDbSpline
210
0.0
220
0.0
230
0.0
 70
    24
 71
     3
 72
     8
 73
     4
 74
     0
 42
0.000000001
 43
0.0000000001
 40
0.0
 40
0.0
 40
0.0
 40
0.0
 40
1.0
 40
1.0
 40
1.0
 40
1.0
 10
536.110868744166
 20
715.5635510731108
 30
0.0
 10
536.110868744166
 20
715.5635510731108
 30
0.0
 10
536.3972087457328
 20
715.8493467020519
 30
0.0
 10
536.3972087457328
 20
715.8493467020519
 30
0.0
  0
SPLINE
  5
76F
330
1F
100
AcDbEntity
  8
≥ﬂ¥ÁòÀ◊¢
370
     9
100
AcDbSpline
210
0.0
220
0.0
230
1.0
 70
    11
 71
     3
 72
    28
 73
    24
 74
     0
 42
0.000000001
 43
0.0000000001
 40
0.0
 40
0.0
 40
0.0
 40
0.0
 40
0.1428571428571428
 40
0.1428571428571428
 40
0.1428571428571428
 40
0.1428571528571428
 40
0.2857142857142857
 40
0.2857142857142857
 40
0.2857142857142857
 40
0.2857142957142857
 40
0.428571428571429
 40
0.428571428571429
 40
0.428571428571429
 40
0.4285714385714289
 40
0.5714285714285714
 40
0.5714285714285714
 40
0.5714285714285714
 40
0.5714285814285715
 40
0.7142857142857145
 40
0.7142857142857145
 40
0.7142857142857145
 40
0.7142857242857146
 40
1.0
 40
1.0
 40
1.0
 40
1.0
 10
537.0989050613675
 20
716.5488655271794
 30
0.0
 10
537.0989050613675
 20
716.5488655271794
 30
0.0
 10
537.3776238461609
 20
716.5488655271794
 30
0.0
 10
537.3776238461609
 20
716.5488655271794
 30
0.0
 10
537.3776238461609
 20
716.5488655271794
 30
0.0
 10
537.3776238461609
 20
716.7023786078638
 30
0.0
 10
537.2524181420552
 20
716.8275843119728
 30
0.0
 10
537.0989050613675
 20
716.8275843119728
 30
0.0
 10
537.0989050613675
 20
716.8275843119728
 30
0.0
 10
536.9448476080609
 20
716.8275843119728
 30
0.0
 10
536.8196419039444
 20
716.7023786078638
 30
0.0
 10
536.8196419039444
 20
716.5488655271794
 30
0.0
 10
536.8196419039444
 20
716.5488655271794
 30
0.0
 10
536.8196419039444
 20
716.3948080738621
 30
0.0
 10
536.9448476080609
 20
716.2696023697527
 30
0.0
 10
537.0989050613675
 20
716.2696023697527
 30
0.0
 10
537.0989050613675
 20
716.2696023697527
 30
0.0
 10
537.2524181420552
 20
716.2696023697527
 30
0.0
 10
537.3776238461609
 20
716.3948080738621
 30
0.0
 10
537.3776238461609
 20
716.5488655271794
 30
0.0
 10
537.3776238461609
 20
716.5488655271794
 30
0.0
 10
537.3776238461609
 20
716.5488655271794
 30
0.0
 10
537.0989050613675
 20
716.5488655271794
 30
0.0
 10
537.0989050613675
 20
716.5488655271794
 30
0.0
  0
SPLINE
  5
770
330
1F
100
AcDbEntity
  8
≥ﬂ¥ÁòÀ◊¢
370
     9
100
AcDbSpline
210
0.0
220
0.0
230
0.0
 70
    24
 71
     3
 72
     8
 73
     4
 74
     0
 42
0.000000001
 43
0.0000000001
 40
0.0
 40
0.0
 40
0.0
 40
0.0
 40
1.0
 40
1.0
 40
1.0
 40
1.0
 10
537.7967907686175
 20
717.2489287249256
 30
0.0
 10
537.7967907686175
 20
717.2489287249256
 30
0.0
 10
541.2949292668595
 20
720.7448897326677
 30
0.0
 10
541.2949292668595
 20
720.7448897326677
 30
0.0
  0
SPLINE
  5
771
330
1F
100
AcDbEntity
  8
≥ﬂ¥ÁòÀ◊¢
370
     9
100
AcDbSpline
210
0.0
220
0.0
230
1.0
 70
    11
 71
     3
 72
    28
 73
    24
 74
     0
 42
0.000000001
 43
0.0000000001
 40
0.0
 40
0.0
 40
0.0
 40
0.0
 40
0.1428571428571428
 40
0.1428571428571428
 40
0.1428571428571428
 40
0.1428571528571428
 40
0.2857142857142857
 40
0.2857142857142857
 40
0.2857142857142857
 40
0.2857142957142857
 40
0.428571428571429
 40
0.428571428571429
 40
0.428571428571429
 40
0.4285714385714289
 40
0.5714285714285714
 40
0.5714285714285714
 40
0.5714285714285714
 40
0.5714285814285715
 40
0.7142857142857145
 40
0.7142857142857145
 40
0.7142857142857145
 40
0.7142857242857146
 40
1.0
 40
1.0
 40
1.0
 40
1.0
 10
541.993903719354
 20
721.4465860482971
 30
0.0
 10
541.993903719354
 20
721.4465860482971
 30
0.0
 10
542.2731668767769
 20
721.4465860482971
 30
0.0
 10
542.2731668767769
 20
721.4465860482971
 30
0.0
 10
542.2731668767769
 20
721.4465860482971
 30
0.0
 10
542.2731668767769
 20
721.600099128985
 30
0.0
 10
542.1474168000454
 20
721.7253048330941
 30
0.0
 10
541.993903719354
 20
721.7253048330941
 30
0.0
 10
541.993903719354
 20
721.7253048330941
 30
0.0
 10
541.8403906386661
 20
721.7253048330941
 30
0.0
 10
541.714640561931
 20
721.600099128985
 30
0.0
 10
541.714640561931
 20
721.4465860482971
 30
0.0
 10
541.714640561931
 20
721.4465860482971
 30
0.0
 10
541.714640561931
 20
721.2925285949816
 30
0.0
 10
541.8403906386661
 20
721.1673228908722
 30
0.0
 10
541.993903719354
 20
721.1673228908722
 30
0.0
 10
541.993903719354
 20
721.1673228908722
 30
0.0
 10
542.1474168000454
 20
721.1673228908722
 30
0.0
 10
542.2731668767769
 20
721.2925285949816
 30
0.0
 10
542.2731668767769
 20
721.4465860482971
 30
0.0
 10
542.2731668767769
 20
721.4465860482971
 30
0.0
 10
542.2731668767769
 20
721.4465860482971
 30
0.0
 10
541.993903719354
 20
721.4465860482971
 30
0.0
 10
541.993903719354
 20
721.4465860482971
 30
0.0
  0
SPLINE
  5
772
330
1F
100
AcDbEntity
  8
≥ﬂ¥ÁòÀ◊¢
370
     9
100
AcDbSpline
210
0.0
220
0.0
230
0.0
 70
    24
 71
     3
 72
     8
 73
     4
 74
     0
 42
0.000000001
 43
0.0000000001
 40
0.0
 40
0.0
 40
0.0
 40
0.0
 40
1.0
 40
1.0
 40
1.0
 40
1.0
 10
542.6945112897405
 20
722.1466492460486
 30
0.0
 10
542.6945112897405
 20
722.1466492460486
 30
0.0
 10
546.1926497879789
 20
725.6426102537872
 30
0.0
 10
546.1926497879789
 20
725.6426102537872
 30
0.0
  0
SPLINE
  5
773
330
1F
100
AcDbEntity
  8
≥ﬂ¥ÁòÀ◊¢
370
     9
100
AcDbSpline
210
0.0
220
0.0
230
1.0
 70
    11
 71
     3
 72
    28
 73
    24
 74
     0
 42
0.000000001
 43
0.0000000001
 40
0.0
 40
0.0
 40
0.0
 40
0.0
 40
0.1428571428571428
 40
0.1428571428571428
 40
0.1428571428571428
 40
0.1428571528571428
 40
0.2857142857142857
 40
0.2857142857142857
 40
0.2857142857142857
 40
0.2857142957142857
 40
0.428571428571429
 40
0.428571428571429
 40
0.428571428571429
 40
0.4285714385714289
 40
0.5714285714285714
 40
0.5714285714285714
 40
0.5714285714285714
 40
0.5714285814285715
 40
0.7142857142857145
 40
0.7142857142857145
 40
0.7142857142857145
 40
0.7142857242857146
 40
1.0
 40
1.0
 40
1.0
 40
1.0
 10
546.8916242404734
 20
726.3415847062872
 30
0.0
 10
546.8916242404734
 20
726.3415847062872
 30
0.0
 10
547.1708873978963
 20
726.3415847062872
 30
0.0
 10
547.1708873978963
 20
726.3415847062872
 30
0.0
 10
547.1708873978963
 20
726.3415847062872
 30
0.0
 10
547.1708873978963
 20
726.4950977869732
 30
0.0
 10
547.0451373211758
 20
726.6208478637065
 30
0.0
 10
546.8916242404734
 20
726.6208478637065
 30
0.0
 10
546.8916242404734
 20
726.6208478637065
 30
0.0
 10
546.7381111597855
 20
726.6208478637065
 30
0.0
 10
546.6123610830686
 20
726.4950977869732
 30
0.0
 10
546.6123610830686
 20
726.3415847062872
 30
0.0
 10
546.6123610830686
 20
726.3415847062872
 30
0.0
 10
546.6123610830686
 20
726.1880716255975
 30
0.0
 10
546.7381111597855
 20
726.0623215488606
 30
0.0
 10
546.8916242404734
 20
726.0623215488606
 30
0.0
 10
546.8916242404734
 20
726.0623215488606
 30
0.0
 10
547.0451373211758
 20
726.0623215488606
 30
0.0
 10
547.1708873978963
 20
726.1880716255975
 30
0.0
 10
547.1708873978963
 20
726.3415847062872
 30
0.0
 10
547.1708873978963
 20
726.3415847062872
 30
0.0
 10
547.1708873978963
 20
726.3415847062872
 30
0.0
 10
546.8916242404734
 20
726.3415847062872
 30
0.0
 10
546.8916242404734
 20
726.3415847062872
 30
0.0
  0
SPLINE
  5
774
330
1F
100
AcDbEntity
  8
≥ﬂ¥ÁòÀ◊¢
370
     9
100
AcDbSpline
210
0.0
220
0.0
230
0.0
 70
    24
 71
     3
 72
     8
 73
     4
 74
     0
 42
0.000000001
 43
0.0000000001
 40
0.0
 40
0.0
 40
0.0
 40
0.0
 40
1.0
 40
1.0
 40
1.0
 40
1.0
 10
547.5895099477196
 20
727.042192276663
 30
0.0
 10
547.5895099477196
 20
727.042192276663
 30
0.0
 10
548.623817938183
 20
728.0759558944912
 30
0.0
 10
548.623817938183
 20
728.0759558944912
 30
0.0
  0
SPLINE
  5
775
330
1F
100
AcDbEntity
  8
≥ﬂ¥ÁòÀ◊¢
370
     9
100
AcDbSpline
210
0.0
220
0.0
230
0.0
 70
    24
 71
     3
 72
     8
 73
     4
 74
     0
 42
0.000000001
 43
0.0000000001
 40
0.0
 40
0.0
 40
0.0
 40
0.0
 40
1.0
 40
1.0
 40
1.0
 40
1.0
 10
538.9105771625501
 20
715.5635510731108
 30
0.0
 10
538.9105771625501
 20
715.5635510731108
 30
0.0
 10
540.2453788428496
 20
716.8983527534249
 30
0.0
 10
540.2453788428496
 20
716.8983527534249
 30
0.0
  0
SPLINE
  5
776
330
1F
100
AcDbEntity
  8
≥ﬂ¥ÁòÀ◊¢
370
     9
100
AcDbSpline
210
0.0
220
0.0
230
1.0
 70
    11
 71
     3
 72
    28
 73
    24
 74
     0
 42
0.000000001
 43
0.0000000001
 40
0.0
 40
0.0
 40
0.0
 40
0.0
 40
0.1428571428571428
 40
0.1428571428571428
 40
0.1428571428571428
 40
0.1428571528571428
 40
0.2857142857142857
 40
0.2857142857142857
 40
0.2857142857142857
 40
0.2857142957142857
 40
0.428571428571429
 40
0.428571428571429
 40
0.428571428571429
 40
0.4285714385714289
 40
0.5714285714285714
 40
0.5714285714285714
 40
0.5714285714285714
 40
0.5714285814285715
 40
0.7142857142857145
 40
0.7142857142857145
 40
0.7142857142857145
 40
0.7142857242857146
 40
1.0
 40
1.0
 40
1.0
 40
1.0
 10
540.9448976679773
 20
717.5978715785487
 30
0.0
 10
540.9448976679773
 20
717.5978715785487
 30
0.0
 10
541.223616452778
 20
717.5978715785487
 30
0.0
 10
541.223616452778
 20
717.5978715785487
 30
0.0
 10
541.223616452778
 20
717.5978715785487
 30
0.0
 10
541.223616452778
 20
717.7513846592384
 30
0.0
 10
541.0984107486796
 20
717.8771347359717
 30
0.0
 10
540.9448976679773
 20
717.8771347359717
 30
0.0
 10
540.9448976679773
 20
717.8771347359717
 30
0.0
 10
540.7908402146672
 20
717.8771347359717
 30
0.0
 10
540.6656345105544
 20
717.7513846592384
 30
0.0
 10
540.6656345105544
 20
717.5978715785487
 30
0.0
 10
540.6656345105544
 20
717.5978715785487
 30
0.0
 10
540.6656345105544
 20
717.4438141252351
 30
0.0
 10
540.7908402146672
 20
717.3186084211257
 30
0.0
 10
540.9448976679773
 20
717.3186084211257
 30
0.0
 10
540.9448976679773
 20
717.3186084211257
 30
0.0
 10
541.0984107486796
 20
717.3186084211257
 30
0.0
 10
541.223616452778
 20
717.4438141252351
 30
0.0
 10
541.223616452778
 20
717.5978715785487
 30
0.0
 10
541.223616452778
 20
717.5978715785487
 30
0.0
 10
541.223616452778
 20
717.5978715785487
 30
0.0
 10
540.9448976679773
 20
717.5978715785487
 30
0.0
 10
540.9448976679773
 20
717.5978715785487
 30
0.0
  0
SPLINE
  5
777
330
1F
100
AcDbEntity
  8
≥ﬂ¥ÁòÀ◊¢
370
     9
100
AcDbSpline
210
0.0
220
0.0
230
0.0
 70
    24
 71
     3
 72
     8
 73
     4
 74
     0
 42
0.000000001
 43
0.0000000001
 40
0.0
 40
0.0
 40
0.0
 40
0.0
 40
1.0
 40
1.0
 40
1.0
 40
1.0
 10
541.6427833752309
 20
718.2984791489262
 30
0.0
 10
541.6427833752309
 20
718.2984791489262
 30
0.0
 10
545.1409218734728
 20
721.7960732745442
 30
0.0
 10
545.1409218734728
 20
721.7960732745442
 30
0.0
  0
SPLINE
  5
778
330
1F
100
AcDbEntity
  8
≥ﬂ¥ÁòÀ◊¢
370
     9
100
AcDbSpline
210
0.0
220
0.0
230
1.0
 70
    11
 71
     3
 72
    28
 73
    24
 74
     0
 42
0.000000001
 43
0.0000000001
 40
0.0
 40
0.0
 40
0.0
 40
0.0
 40
0.1428571428571428
 40
0.1428571428571428
 40
0.1428571428571428
 40
0.1428571528571428
 40
0.2857142857142857
 40
0.2857142857142857
 40
0.2857142857142857
 40
0.2857142957142857
 40
0.428571428571429
 40
0.428571428571429
 40
0.428571428571429
 40
0.4285714385714289
 40
0.5714285714285714
 40
0.5714285714285714
 40
0.5714285714285714
 40
0.5714285814285715
 40
0.7142857142857145
 40
0.7142857142857145
 40
0.7142857142857145
 40
0.7142857242857146
 40
1.0
 40
1.0
 40
1.0
 40
1.0
 10
545.8426181891042
 20
722.4955920996683
 30
0.0
 10
545.8426181891042
 20
722.4955920996683
 30
0.0
 10
546.1213369738974
 20
722.4955920996683
 30
0.0
 10
546.1213369738974
 20
722.4955920996683
 30
0.0
 10
546.1213369738974
 20
722.4955920996683
 30
0.0
 10
546.1213369738974
 20
722.649105180358
 30
0.0
 10
545.9961312697918
 20
722.774855257091
 30
0.0
 10
545.8426181891042
 20
722.774855257091
 30
0.0
 10
545.8426181891042
 20
722.774855257091
 30
0.0
 10
545.6885607357832
 20
722.774855257091
 30
0.0
 10
545.5633550316811
 20
722.649105180358
 30
0.0
 10
545.5633550316811
 20
722.4955920996683
 30
0.0
 10
545.5633550316811
 20
722.4955920996683
 30
0.0
 10
545.5633550316811
 20
722.3415346463545
 30
0.0
 10
545.6885607357832
 20
722.2163289422471
 30
0.0
 10
545.8426181891042
 20
722.2163289422471
 30
0.0
 10
545.8426181891042
 20
722.2163289422471
 30
0.0
 10
545.9961312697918
 20
722.2163289422471
 30
0.0
 10
546.1213369738974
 20
722.3415346463545
 30
0.0
 10
546.1213369738974
 20
722.4955920996683
 30
0.0
 10
546.1213369738974
 20
722.4955920996683
 30
0.0
 10
546.1213369738974
 20
722.4955920996683
 30
0.0
 10
545.8426181891042
 20
722.4955920996683
 30
0.0
 10
545.8426181891042
 20
722.4955920996683
 30
0.0
  0
SPLINE
  5
779
330
1F
100
AcDbEntity
  8
≥ﬂ¥ÁòÀ◊¢
370
     9
100
AcDbSpline
210
0.0
220
0.0
230
0.0
 70
    24
 71
     3
 72
     8
 73
     4
 74
     0
 42
0.000000001
 43
0.0000000001
 40
0.0
 40
0.0
 40
0.0
 40
0.0
 40
1.0
 40
1.0
 40
1.0
 40
1.0
 10
546.5405038963431
 20
723.1934778069162
 30
0.0
 10
546.5405038963431
 20
723.1934778069162
 30
0.0
 10
550.0386423945851
 20
726.6916163051583
 30
0.0
 10
550.0386423945851
 20
726.6916163051583
 30
0.0
  0
SPLINE
  5
77A
330
1F
100
AcDbEntity
  8
≥ﬂ¥ÁòÀ◊¢
370
     9
100
AcDbSpline
210
0.0
220
0.0
230
1.0
 70
    11
 71
     3
 72
    28
 73
    24
 74
     0
 42
0.000000001
 43
0.0000000001
 40
0.0
 40
0.0
 40
0.0
 40
0.0
 40
0.1428571428571428
 40
0.1428571428571428
 40
0.1428571428571428
 40
0.1428571528571428
 40
0.2857142857142857
 40
0.2857142857142857
 40
0.2857142857142857
 40
0.2857142957142857
 40
0.428571428571429
 40
0.428571428571429
 40
0.428571428571429
 40
0.4285714385714289
 40
0.5714285714285714
 40
0.5714285714285714
 40
0.5714285714285714
 40
0.5714285814285715
 40
0.7142857142857145
 40
0.7142857142857145
 40
0.7142857142857145
 40
0.7142857242857146
 40
1.0
 40
1.0
 40
1.0
 40
1.0
 10
550.7403387102233
 20
727.3933126207913
 30
0.0
 10
550.7403387102233
 20
727.3933126207913
 30
0.0
 10
551.0190574950207
 20
727.3933126207913
 30
0.0
 10
551.0190574950207
 20
727.3933126207913
 30
0.0
 10
551.0190574950207
 20
727.3933126207913
 30
0.0
 10
551.0190574950207
 20
727.5468257014791
 30
0.0
 10
550.8938517909114
 20
727.6725757782144
 30
0.0
 10
550.7403387102233
 20
727.6725757782144
 30
0.0
 10
550.7403387102233
 20
727.6725757782144
 30
0.0
 10
550.5862812569135
 20
727.6725757782144
 30
0.0
 10
550.4610755528005
 20
727.5468257014791
 30
0.0
 10
550.4610755528005
 20
727.3933126207913
 30
0.0
 10
550.4610755528005
 20
727.3933126207913
 30
0.0
 10
550.4610755528005
 20
727.2392551674759
 30
0.0
 10
550.5862812569135
 20
727.1140494633666
 30
0.0
 10
550.7403387102233
 20
727.1140494633666
 30
0.0
 10
550.7403387102233
 20
727.1140494633666
 30
0.0
 10
550.8938517909114
 20
727.1140494633666
 30
0.0
 10
551.0190574950207
 20
727.2392551674759
 30
0.0
 10
551.0190574950207
 20
727.3933126207913
 30
0.0
 10
551.0190574950207
 20
727.3933126207913
 30
0.0
 10
551.0190574950207
 20
727.3933126207913
 30
0.0
 10
550.7403387102233
 20
727.3933126207913
 30
0.0
 10
550.7403387102233
 20
727.3933126207913
 30
0.0
  0
SPLINE
  5
77B
330
1F
100
AcDbEntity
  8
≥ﬂ¥ÁòÀ◊¢
370
     9
100
AcDbSpline
210
0.0
220
0.0
230
0.0
 70
    24
 71
     3
 72
     8
 73
     4
 74
     0
 42
0.000000001
 43
0.0000000001
 40
0.0
 40
0.0
 40
0.0
 40
0.0
 40
1.0
 40
1.0
 40
1.0
 40
1.0
 10
541.7070193451758
 20
715.5635510731108
 30
0.0
 10
541.7070193451758
 20
715.5635510731108
 30
0.0
 10
544.0913714494703
 20
717.9479031774255
 30
0.0
 10
544.0913714494703
 20
717.9479031774255
 30
0.0
  0
SPLINE
  5
77C
330
1F
100
AcDbEntity
  8
≥ﬂ¥ÁòÀ◊¢
370
     9
100
AcDbSpline
210
0.0
220
0.0
230
1.0
 70
    11
 71
     3
 72
    28
 73
    24
 74
     0
 42
0.000000001
 43
0.0000000001
 40
0.0
 40
0.0
 40
0.0
 40
0.0
 40
0.1428571428571428
 40
0.1428571428571428
 40
0.1428571428571428
 40
0.1428571528571428
 40
0.2857142857142857
 40
0.2857142857142857
 40
0.2857142857142857
 40
0.2857142957142857
 40
0.428571428571429
 40
0.428571428571429
 40
0.428571428571429
 40
0.4285714385714289
 40
0.5714285714285714
 40
0.5714285714285714
 40
0.5714285714285714
 40
0.5714285814285715
 40
0.7142857142857145
 40
0.7142857142857145
 40
0.7142857142857145
 40
0.7142857242857146
 40
1.0
 40
1.0
 40
1.0
 40
1.0
 10
544.7930677650941
 20
718.6468776299217
 30
0.0
 10
544.7930677650941
 20
718.6468776299217
 30
0.0
 10
545.0723309225391
 20
718.6468776299217
 30
0.0
 10
545.0723309225391
 20
718.6468776299217
 30
0.0
 10
545.0723309225391
 20
718.6468776299217
 30
0.0
 10
545.0723309225391
 20
718.8009350832373
 30
0.0
 10
544.9471252184151
 20
718.9261407873448
 30
0.0
 10
544.7930677650941
 20
718.9261407873448
 30
0.0
 10
544.7930677650941
 20
718.9261407873448
 30
0.0
 10
544.639554684428
 20
718.9261407873448
 30
0.0
 10
544.5143489803154
 20
718.8009350832373
 30
0.0
 10
544.5143489803154
 20
718.6468776299217
 30
0.0
 10
544.5143489803154
 20
718.6468776299217
 30
0.0
 10
544.5143489803154
 20
718.493364549234
 30
0.0
 10
544.639554684428
 20
718.3681588451263
 30
0.0
 10
544.7930677650941
 20
718.3681588451263
 30
0.0
 10
544.7930677650941
 20
718.3681588451263
 30
0.0
 10
544.9471252184151
 20
718.3681588451263
 30
0.0
 10
545.0723309225391
 20
718.493364549234
 30
0.0
 10
545.0723309225391
 20
718.6468776299217
 30
0.0
 10
545.0723309225391
 20
718.6468776299217
 30
0.0
 10
545.0723309225391
 20
718.6468776299217
 30
0.0
 10
544.7930677650941
 20
718.6468776299217
 30
0.0
 10
544.7930677650941
 20
718.6468776299217
 30
0.0
  0
SPLINE
  5
77D
330
1F
100
AcDbEntity
  8
≥ﬂ¥ÁòÀ◊¢
370
     9
100
AcDbSpline
210
0.0
220
0.0
230
0.0
 70
    24
 71
     3
 72
     8
 73
     4
 74
     0
 42
0.000000001
 43
0.0000000001
 40
0.0
 40
0.0
 40
0.0
 40
0.0
 40
1.0
 40
1.0
 40
1.0
 40
1.0
 10
545.4914978449736
 20
719.3474852002975
 30
0.0
 10
545.4914978449736
 20
719.3474852002975
 30
0.0
 10
548.9890919705971
 20
722.8456236985451
 30
0.0
 10
548.9890919705971
 20
722.8456236985451
 30
0.0
  0
SPLINE
  5
77E
330
1F
100
AcDbEntity
  8
≥ﬂ¥ÁòÀ◊¢
370
     9
100
AcDbSpline
210
0.0
220
0.0
230
1.0
 70
    11
 71
     3
 72
    28
 73
    24
 74
     0
 42
0.000000001
 43
0.0000000001
 40
0.0
 40
0.0
 40
0.0
 40
0.0
 40
0.1428571428571428
 40
0.1428571428571428
 40
0.1428571428571428
 40
0.1428571528571428
 40
0.2857142857142857
 40
0.2857142857142857
 40
0.2857142857142857
 40
0.2857142957142857
 40
0.428571428571429
 40
0.428571428571429
 40
0.428571428571429
 40
0.4285714385714289
 40
0.5714285714285714
 40
0.5714285714285714
 40
0.5714285714285714
 40
0.5714285814285715
 40
0.7142857142857145
 40
0.7142857142857145
 40
0.7142857142857145
 40
0.7142857242857146
 40
1.0
 40
1.0
 40
1.0
 40
1.0
 10
549.6886107957102
 20
723.5445981510411
 30
0.0
 10
549.6886107957102
 20
723.5445981510411
 30
0.0
 10
549.9673295805219
 20
723.5445981510411
 30
0.0
 10
549.9673295805219
 20
723.5445981510411
 30
0.0
 10
549.9673295805219
 20
723.5445981510411
 30
0.0
 10
549.9673295805219
 20
723.6986556043602
 30
0.0
 10
549.8421238764017
 20
723.823861308464
 30
0.0
 10
549.6886107957102
 20
723.823861308464
 30
0.0
 10
549.6886107957102
 20
723.823861308464
 30
0.0
 10
549.5345533424182
 20
723.823861308464
 30
0.0
 10
549.4093476382945
 20
723.6986556043602
 30
0.0
 10
549.4093476382945
 20
723.5445981510411
 30
0.0
 10
549.4093476382945
 20
723.5445981510411
 30
0.0
 10
549.4093476382945
 20
723.3910850703535
 30
0.0
 10
549.5345533424182
 20
723.265879366246
 30
0.0
 10
549.6886107957102
 20
723.265879366246
 30
0.0
 10
549.6886107957102
 20
723.265879366246
 30
0.0
 10
549.8421238764017
 20
723.265879366246
 30
0.0
 10
549.9673295805219
 20
723.3910850703535
 30
0.0
 10
549.9673295805219
 20
723.5445981510411
 30
0.0
 10
549.9673295805219
 20
723.5445981510411
 30
0.0
 10
549.9673295805219
 20
723.5445981510411
 30
0.0
 10
549.6886107957102
 20
723.5445981510411
 30
0.0
 10
549.6886107957102
 20
723.5445981510411
 30
0.0
  0
SPLINE
  5
77F
330
1F
100
AcDbEntity
  8
≥ﬂ¥ÁòÀ◊¢
370
     9
100
AcDbSpline
210
0.0
220
0.0
230
0.0
 70
    24
 71
     3
 72
     8
 73
     4
 74
     0
 42
0.000000001
 43
0.0000000001
 40
0.0
 40
0.0
 40
0.0
 40
0.0
 40
1.0
 40
1.0
 40
1.0
 40
1.0
 10
550.3892183660967
 20
724.2452057214205
 30
0.0
 10
550.3892183660967
 20
724.2452057214205
 30
0.0
 10
553.8868124917057
 20
727.7433442196662
 30
0.0
 10
553.8868124917057
 20
727.7433442196662
 30
0.0
  0
SPLINE
  5
780
330
1F
100
AcDbEntity
  8
≥ﬂ¥ÁòÀ◊¢
370
     9
100
AcDbSpline
210
0.0
220
0.0
230
1.0
 70
    11
 71
     3
 72
    28
 73
    24
 74
     0
 42
0.000000001
 43
0.0000000001
 40
0.0
 40
0.0
 40
0.0
 40
0.0
 40
0.1428571428571428
 40
0.1428571428571428
 40
0.1428571428571428
 40
0.1428571528571428
 40
0.2857142857142857
 40
0.2857142857142857
 40
0.2857142857142857
 40
0.2857142957142857
 40
0.428571428571429
 40
0.428571428571429
 40
0.428571428571429
 40
0.4285714385714289
 40
0.5714285714285714
 40
0.5714285714285714
 40
0.5714285714285714
 40
0.5714285814285715
 40
0.7142857142857145
 40
0.7142857142857145
 40
0.7142857142857145
 40
0.7142857242857146
 40
1.0
 40
1.0
 40
1.0
 40
1.0
 10
553.9989532527756
 20
727.853307490229
 30
0.0
 10
553.9989532527756
 20
727.853307490229
 30
0.0
 10
554.2782164102095
 20
727.853307490229
 30
0.0
 10
554.2782164102095
 20
727.853307490229
 30
0.0
 10
554.2782164102095
 20
727.853307490229
 30
0.0
 10
554.2782164102095
 20
728.0068205709187
 30
0.0
 10
554.1530107061003
 20
728.1325706476537
 30
0.0
 10
553.9989532527756
 20
728.1325706476537
 30
0.0
 10
553.9989532527756
 20
728.1325706476537
 30
0.0
 10
553.8454401721096
 20
728.1325706476537
 30
0.0
 10
553.7202344679895
 20
728.0068205709187
 30
0.0
 10
553.7202344679895
 20
727.853307490229
 30
0.0
 10
553.7202344679895
 20
727.853307490229
 30
0.0
 10
553.7202344679895
 20
727.6997944095414
 30
0.0
 10
553.8454401721096
 20
727.5740443328061
 30
0.0
 10
553.9989532527756
 20
727.5740443328061
 30
0.0
 10
553.9989532527756
 20
727.5740443328061
 30
0.0
 10
554.1530107061003
 20
727.5740443328061
 30
0.0
 10
554.2782164102095
 20
727.6997944095414
 30
0.0
 10
554.2782164102095
 20
727.853307490229
 30
0.0
 10
554.2782164102095
 20
727.853307490229
 30
0.0
 10
554.2782164102095
 20
727.853307490229
 30
0.0
 10
553.9989532527756
 20
727.853307490229
 30
0.0
 10
553.9989532527756
 20
727.853307490229
 30
0.0
  0
SPLINE
  5
781
330
1F
100
AcDbEntity
  8
≥ﬂ¥ÁòÀ◊¢
370
     9
100
AcDbSpline
210
0.0
220
0.0
230
0.0
 70
    24
 71
     3
 72
     8
 73
     4
 74
     0
 42
0.000000001
 43
0.0000000001
 40
0.0
 40
0.0
 40
0.0
 40
0.0
 40
1.0
 40
1.0
 40
1.0
 40
1.0
 10
544.5067277635421
 20
715.5635510731108
 30
0.0
 10
544.5067277635421
 20
715.5635510731108
 30
0.0
 10
547.9400859192278
 20
718.9969092287983
 30
0.0
 10
547.9400859192278
 20
718.9969092287983
 30
0.0
  0
SPLINE
  5
782
330
1F
100
AcDbEntity
  8
≥ﬂ¥ÁòÀ◊¢
370
     9
100
AcDbSpline
210
0.0
220
0.0
230
1.0
 70
    11
 71
     3
 72
    28
 73
    24
 74
     0
 42
0.000000001
 43
0.0000000001
 40
0.0
 40
0.0
 40
0.0
 40
0.0
 40
0.1428571428571428
 40
0.1428571428571428
 40
0.1428571428571428
 40
0.1428571528571428
 40
0.2857142857142857
 40
0.2857142857142857
 40
0.2857142857142857
 40
0.2857142957142857
 40
0.428571428571429
 40
0.428571428571429
 40
0.428571428571429
 40
0.4285714385714289
 40
0.5714285714285714
 40
0.5714285714285714
 40
0.5714285714285714
 40
0.5714285814285715
 40
0.7142857142857145
 40
0.7142857142857145
 40
0.7142857142857145
 40
0.7142857242857146
 40
1.0
 40
1.0
 40
1.0
 40
1.0
 10
548.6417822348515
 20
719.6986055444279
 30
0.0
 10
548.6417822348515
 20
719.6986055444279
 30
0.0
 10
548.9210453922746
 20
719.6986055444279
 30
0.0
 10
548.9210453922746
 20
719.6986055444279
 30
0.0
 10
548.9210453922746
 20
719.6986055444279
 30
0.0
 10
548.9210453922746
 20
719.8526629977417
 30
0.0
 10
548.7958396881763
 20
719.977868701849
 30
0.0
 10
548.6417822348515
 20
719.977868701849
 30
0.0
 10
548.6417822348515
 20
719.977868701849
 30
0.0
 10
548.4882691541638
 20
719.977868701849
 30
0.0
 10
548.3630634500508
 20
719.8526629977417
 30
0.0
 10
548.3630634500508
 20
719.6986055444279
 30
0.0
 10
548.3630634500508
 20
719.6986055444279
 30
0.0
 10
548.3630634500508
 20
719.5450924637364
 30
0.0
 10
548.4882691541638
 20
719.419342387003
 30
0.0
 10
548.6417822348515
 20
719.419342387003
 30
0.0
 10
548.6417822348515
 20
719.419342387003
 30
0.0
 10
548.7958396881763
 20
719.419342387003
 30
0.0
 10
548.9210453922746
 20
719.5450924637364
 30
0.0
 10
548.9210453922746
 20
719.6986055444279
 30
0.0
 10
548.9210453922746
 20
719.6986055444279
 30
0.0
 10
548.9210453922746
 20
719.6986055444279
 30
0.0
 10
548.6417822348515
 20
719.6986055444279
 30
0.0
 10
548.6417822348515
 20
719.6986055444279
 30
0.0
  0
SPLINE
  5
783
330
1F
100
AcDbEntity
  8
≥ﬂ¥ÁòÀ◊¢
370
     9
100
AcDbSpline
210
0.0
220
0.0
230
0.0
 70
    24
 71
     3
 72
     8
 73
     4
 74
     0
 42
0.000000001
 43
0.0000000001
 40
0.0
 40
0.0
 40
0.0
 40
0.0
 40
1.0
 40
1.0
 40
1.0
 40
1.0
 10
549.3396679420944
 20
720.3964912516705
 30
0.0
 10
549.3396679420944
 20
720.3964912516705
 30
0.0
 10
552.83780644034
 20
723.8946297499181
 30
0.0
 10
552.83780644034
 20
723.8946297499181
 30
0.0
  0
SPLINE
  5
784
330
1F
100
AcDbEntity
  8
≥ﬂ¥ÁòÀ◊¢
370
     9
100
AcDbSpline
210
0.0
220
0.0
230
1.0
 70
    11
 71
     3
 72
    28
 73
    24
 74
     0
 42
0.000000001
 43
0.0000000001
 40
0.0
 40
0.0
 40
0.0
 40
0.0
 40
0.1428571428571428
 40
0.1428571428571428
 40
0.1428571428571428
 40
0.1428571528571428
 40
0.2857142857142857
 40
0.2857142857142857
 40
0.2857142857142857
 40
0.2857142957142857
 40
0.428571428571429
 40
0.428571428571429
 40
0.428571428571429
 40
0.4285714385714289
 40
0.5714285714285714
 40
0.5714285714285714
 40
0.5714285714285714
 40
0.5714285814285715
 40
0.7142857142857145
 40
0.7142857142857145
 40
0.7142857142857145
 40
0.7142857242857146
 40
1.0
 40
1.0
 40
1.0
 40
1.0
 10
553.537325265464
 20
724.5936042024159
 30
0.0
 10
553.537325265464
 20
724.5936042024159
 30
0.0
 10
553.8160440502537
 20
724.5936042024159
 30
0.0
 10
553.8160440502537
 20
724.5936042024159
 30
0.0
 10
553.8160440502537
 20
724.5936042024159
 30
0.0
 10
553.8160440502537
 20
724.7476616557317
 30
0.0
 10
553.6908383461555
 20
724.8728673598371
 30
0.0
 10
553.537325265464
 20
724.8728673598371
 30
0.0
 10
553.537325265464
 20
724.8728673598371
 30
0.0
 10
553.3832678121504
 20
724.8728673598371
 30
0.0
 10
553.258062108041
 20
724.7476616557317
 30
0.0
 10
553.258062108041
 20
724.5936042024159
 30
0.0
 10
553.258062108041
 20
724.5936042024159
 30
0.0
 10
553.258062108041
 20
724.4400911217247
 30
0.0
 10
553.3832678121504
 20
724.314885417619
 30
0.0
 10
553.537325265464
 20
724.314885417619
 30
0.0
 10
553.537325265464
 20
724.314885417619
 30
0.0
 10
553.6908383461555
 20
724.314885417619
 30
0.0
 10
553.8160440502537
 20
724.4400911217247
 30
0.0
 10
553.8160440502537
 20
724.5936042024159
 30
0.0
 10
553.8160440502537
 20
724.5936042024159
 30
0.0
 10
553.8160440502537
 20
724.5936042024159
 30
0.0
 10
553.537325265464
 20
724.5936042024159
 30
0.0
 10
553.537325265464
 20
724.5936042024159
 30
0.0
  0
SPLINE
  5
785
330
1F
100
AcDbEntity
  8
≥ﬂ¥ÁòÀ◊¢
370
     9
100
AcDbSpline
210
0.0
220
0.0
230
0.0
 70
    24
 71
     3
 72
     8
 73
     4
 74
     0
 42
0.000000001
 43
0.0000000001
 40
0.0
 40
0.0
 40
0.0
 40
0.0
 40
1.0
 40
1.0
 40
1.0
 40
1.0
 10
554.2373884632138
 20
725.29421177279
 30
0.0
 10
554.2373884632138
 20
725.29421177279
 30
0.0
 10
555.1862299512936
 20
726.2430532608789
 30
0.0
 10
555.1862299512936
 20
726.2430532608789
 30
0.0
  0
SPLINE
  5
786
330
1F
100
AcDbEntity
  8
≥ﬂ¥ÁòÀ◊¢
370
     9
100
AcDbSpline
210
0.0
220
0.0
230
1.0
 70
    11
 71
     3
 72
    28
 73
    24
 74
     0
 42
0.000000001
 43
0.0000000001
 40
0.0
 40
0.0
 40
0.0
 40
0.0
 40
0.1428571428571428
 40
0.1428571428571428
 40
0.1428571428571428
 40
0.1428571528571428
 40
0.2857142857142857
 40
0.2857142857142857
 40
0.2857142857142857
 40
0.2857142957142857
 40
0.428571428571429
 40
0.428571428571429
 40
0.428571428571429
 40
0.4285714385714289
 40
0.5714285714285714
 40
0.5714285714285714
 40
0.5714285714285714
 40
0.5714285814285715
 40
0.7142857142857145
 40
0.7142857142857145
 40
0.7142857142857145
 40
0.7142857242857146
 40
1.0
 40
1.0
 40
1.0
 40
1.0
 10
547.5900543203456
 20
715.8498910746796
 30
0.0
 10
547.5900543203456
 20
715.8498910746796
 30
0.0
 10
547.8693174777649
 20
715.8498910746796
 30
0.0
 10
547.8693174777649
 20
715.8498910746796
 30
0.0
 10
547.8693174777649
 20
715.8498910746796
 30
0.0
 10
547.8693174777649
 20
716.0039485279951
 30
0.0
 10
547.7441117736592
 20
716.1291542321025
 30
0.0
 10
547.5900543203456
 20
716.1291542321025
 30
0.0
 10
547.5900543203456
 20
716.1291542321025
 30
0.0
 10
547.4365412396577
 20
716.1291542321025
 30
0.0
 10
547.3113355355449
 20
716.0039485279951
 30
0.0
 10
547.3113355355449
 20
715.8498910746796
 30
0.0
 10
547.3113355355449
 20
715.8498910746796
 30
0.0
 10
547.3113355355449
 20
715.6963779939896
 30
0.0
 10
547.4365412396577
 20
715.5711722898842
 30
0.0
 10
547.5900543203456
 20
715.5711722898842
 30
0.0
 10
547.5900543203456
 20
715.5711722898842
 30
0.0
 10
547.7441117736592
 20
715.5711722898842
 30
0.0
 10
547.8693174777649
 20
715.6963779939896
 30
0.0
 10
547.8693174777649
 20
715.8498910746796
 30
0.0
 10
547.8693174777649
 20
715.8498910746796
 30
0.0
 10
547.8693174777649
 20
715.8498910746796
 30
0.0
 10
547.5900543203456
 20
715.8498910746796
 30
0.0
 10
547.5900543203456
 20
715.8498910746796
 30
0.0
  0
SPLINE
  5
787
330
1F
100
AcDbEntity
  8
≥ﬂ¥ÁòÀ◊¢
370
     9
100
AcDbSpline
210
0.0
220
0.0
230
0.0
 70
    24
 71
     3
 72
     8
 73
     4
 74
     0
 42
0.000000001
 43
0.0000000001
 40
0.0
 40
0.0
 40
0.0
 40
0.0
 40
1.0
 40
1.0
 40
1.0
 40
1.0
 10
548.2906618907177
 20
716.5483211545497
 30
0.0
 10
548.2906618907177
 20
716.5483211545497
 30
0.0
 10
551.7888003889598
 20
720.0459152801697
 30
0.0
 10
551.7888003889598
 20
720.0459152801697
 30
0.0
  0
SPLINE
  5
788
330
1F
100
AcDbEntity
  8
≥ﬂ¥ÁòÀ◊¢
370
     9
100
AcDbSpline
210
0.0
220
0.0
230
1.0
 70
    11
 71
     3
 72
    28
 73
    24
 74
     0
 42
0.000000001
 43
0.0000000001
 40
0.0
 40
0.0
 40
0.0
 40
0.0
 40
0.1428571428571428
 40
0.1428571428571428
 40
0.1428571428571428
 40
0.1428571528571428
 40
0.2857142857142857
 40
0.2857142857142857
 40
0.2857142857142857
 40
0.2857142957142857
 40
0.428571428571429
 40
0.428571428571429
 40
0.428571428571429
 40
0.4285714385714289
 40
0.5714285714285714
 40
0.5714285714285714
 40
0.5714285714285714
 40
0.5714285814285715
 40
0.7142857142857145
 40
0.7142857142857145
 40
0.7142857142857145
 40
0.7142857242857146
 40
1.0
 40
1.0
 40
1.0
 40
1.0
 10
552.487774841476
 20
720.7454341052919
 30
0.0
 10
552.487774841476
 20
720.7454341052919
 30
0.0
 10
552.7670379988916
 20
720.7454341052919
 30
0.0
 10
552.7670379988916
 20
720.7454341052919
 30
0.0
 10
552.7670379988916
 20
720.7454341052919
 30
0.0
 10
552.7670379988916
 20
720.8989471859832
 30
0.0
 10
552.6418322947825
 20
721.0241528900926
 30
0.0
 10
552.487774841476
 20
721.0241528900926
 30
0.0
 10
552.487774841476
 20
721.0241528900926
 30
0.0
 10
552.3342617607845
 20
721.0241528900926
 30
0.0
 10
552.2090560566716
 20
720.8989471859832
 30
0.0
 10
552.2090560566716
 20
720.7454341052919
 30
0.0
 10
552.2090560566716
 20
720.7454341052919
 30
0.0
 10
552.2090560566716
 20
720.59137665198
 30
0.0
 10
552.3342617607845
 20
720.4661709478707
 30
0.0
 10
552.487774841476
 20
720.4661709478707
 30
0.0
 10
552.487774841476
 20
720.4661709478707
 30
0.0
 10
552.6418322947825
 20
720.4661709478707
 30
0.0
 10
552.7670379988916
 20
720.59137665198
 30
0.0
 10
552.7670379988916
 20
720.7454341052919
 30
0.0
 10
552.7670379988916
 20
720.7454341052919
 30
0.0
 10
552.7670379988916
 20
720.7454341052919
 30
0.0
 10
552.487774841476
 20
720.7454341052919
 30
0.0
 10
552.487774841476
 20
720.7454341052919
 30
0.0
  0
SPLINE
  5
789
330
1F
100
AcDbEntity
  8
≥ﬂ¥ÁòÀ◊¢
370
     9
100
AcDbSpline
210
0.0
220
0.0
230
0.0
 70
    24
 71
     3
 72
     8
 73
     4
 74
     0
 42
0.000000001
 43
0.0000000001
 40
0.0
 40
0.0
 40
0.0
 40
0.0
 40
1.0
 40
1.0
 40
1.0
 40
1.0
 10
553.1856605487114
 20
721.4460416756712
 30
0.0
 10
553.1856605487114
 20
721.4460416756712
 30
0.0
 10
555.2559096475008
 20
723.5152020292091
 30
0.0
 10
555.2559096475008
 20
723.5152020292091
 30
0.0
  0
SPLINE
  5
78A
330
1F
100
AcDbEntity
  8
≥ﬂ¥ÁòÀ◊¢
370
     9
100
AcDbSpline
210
0.0
220
0.0
230
0.0
 70
    24
 71
     3
 72
     8
 73
     4
 74
     0
 42
0.000000001
 43
0.0000000001
 40
0.0
 40
0.0
 40
0.0
 40
0.0
 40
1.0
 40
1.0
 40
1.0
 40
1.0
 10
550.1028783645302
 20
715.5635510731108
 30
0.0
 10
550.1028783645302
 20
715.5635510731108
 30
0.0
 10
550.7397943375976
 20
716.1999226735545
 30
0.0
 10
550.7397943375976
 20
716.1999226735545
 30
0.0
  0
SPLINE
  5
78B
330
1F
100
AcDbEntity
  8
≥ﬂ¥ÁòÀ◊¢
370
     9
100
AcDbSpline
210
0.0
220
0.0
230
1.0
 70
    11
 71
     3
 72
    28
 73
    24
 74
     0
 42
0.000000001
 43
0.0000000001
 40
0.0
 40
0.0
 40
0.0
 40
0.0
 40
0.1428571428571428
 40
0.1428571428571428
 40
0.1428571428571428
 40
0.1428571528571428
 40
0.2857142857142857
 40
0.2857142857142857
 40
0.2857142857142857
 40
0.2857142957142857
 40
0.428571428571429
 40
0.428571428571429
 40
0.428571428571429
 40
0.4285714385714289
 40
0.5714285714285714
 40
0.5714285714285714
 40
0.5714285714285714
 40
0.5714285814285715
 40
0.7142857142857145
 40
0.7142857142857145
 40
0.7142857142857145
 40
0.7142857242857146
 40
1.0
 40
1.0
 40
1.0
 40
1.0
 10
551.4387687900848
 20
716.8994414986766
 30
0.0
 10
551.4387687900848
 20
716.8994414986766
 30
0.0
 10
551.7180319475187
 20
716.8994414986766
 30
0.0
 10
551.7180319475187
 20
716.8994414986766
 30
0.0
 10
551.7180319475187
 20
716.8994414986766
 30
0.0
 10
551.7180319475187
 20
717.0529545793681
 30
0.0
 10
551.5928262434165
 20
717.1781602834738
 30
0.0
 10
551.4387687900848
 20
717.1781602834738
 30
0.0
 10
551.4387687900848
 20
717.1781602834738
 30
0.0
 10
551.2852557094041
 20
717.1781602834738
 30
0.0
 10
551.1595056326618
 20
717.0529545793681
 30
0.0
 10
551.1595056326618
 20
716.8994414986766
 30
0.0
 10
551.1595056326618
 20
716.8994414986766
 30
0.0
 10
551.1595056326618
 20
716.7453840453626
 30
0.0
 10
551.2852557094041
 20
716.6201783412573
 30
0.0
 10
551.4387687900848
 20
716.6201783412573
 30
0.0
 10
551.4387687900848
 20
716.6201783412573
 30
0.0
 10
551.5928262434165
 20
716.6201783412573
 30
0.0
 10
551.7180319475187
 20
716.7453840453626
 30
0.0
 10
551.7180319475187
 20
716.8994414986766
 30
0.0
 10
551.7180319475187
 20
716.8994414986766
 30
0.0
 10
551.7180319475187
 20
716.8994414986766
 30
0.0
 10
551.4387687900848
 20
716.8994414986766
 30
0.0
 10
551.4387687900848
 20
716.8994414986766
 30
0.0
  0
SPLINE
  5
78C
330
1F
100
AcDbEntity
  8
≥ﬂ¥ÁòÀ◊¢
370
     9
100
AcDbSpline
210
0.0
220
0.0
230
0.0
 70
    24
 71
     3
 72
     8
 73
     4
 74
     0
 42
0.000000001
 43
0.0000000001
 40
0.0
 40
0.0
 40
0.0
 40
0.0
 40
1.0
 40
1.0
 40
1.0
 40
1.0
 10
552.1393763604824
 20
717.5973272059211
 30
0.0
 10
552.1393763604824
 20
717.5973272059211
 30
0.0
 10
555.2559096475008
 20
720.7154936108337
 30
0.0
 10
555.2559096475008
 20
720.7154936108337
 30
0.0
  0
SPLINE
  5
78D
330
1F
100
AcDbEntity
  8
≥ﬂ¥ÁòÀ◊¢
370
     9
100
AcDbSpline
210
0.0
220
0.0
230
0.0
 70
    24
 71
     3
 72
     8
 73
     4
 74
     0
 42
0.000000001
 43
0.0000000001
 40
0.0
 40
0.0
 40
0.0
 40
0.0
 40
1.0
 40
1.0
 40
1.0
 40
1.0
 10
552.9025867828927
 20
715.5635510731108
 30
0.0
 10
552.9025867828927
 20
715.5635510731108
 30
0.0
 10
554.5879644347292
 20
717.2489287249256
 30
0.0
 10
554.5879644347292
 20
717.2489287249256
 30
0.0
  0
SPLINE
  5
78E
330
1F
100
AcDbEntity
  8
≥ﬂ¥ÁòÀ◊¢
370
     9
100
AcDbSpline
210
0.0
220
0.0
230
1.0
 70
    11
 71
     3
 72
    28
 73
    24
 74
     0
 42
0.000000001
 43
0.0000000001
 40
0.0
 40
0.0
 40
0.0
 40
0.0
 40
0.1428571428571428
 40
0.1428571428571428
 40
0.1428571428571428
 40
0.1428571528571428
 40
0.2857142857142857
 40
0.2857142857142857
 40
0.2857142857142857
 40
0.2857142957142857
 40
0.428571428571429
 40
0.428571428571429
 40
0.428571428571429
 40
0.4285714385714289
 40
0.5714285714285714
 40
0.5714285714285714
 40
0.5714285714285714
 40
0.5714285814285715
 40
0.7142857142857145
 40
0.7142857142857145
 40
0.7142857142857145
 40
0.7142857242857146
 40
1.0
 40
1.0
 40
1.0
 40
1.0
 10
555.2564540201306
 20
717.9190514282156
 30
0.0
 10
555.2564540201306
 20
717.9190514282156
 30
0.0
 10
555.535172804924
 20
717.9190514282156
 30
0.0
 10
555.535172804924
 20
717.9190514282156
 30
0.0
 10
555.535172804924
 20
717.9190514282156
 30
0.0
 10
555.535172804924
 20
718.0731088815329
 30
0.0
 10
555.4099671008148
 20
718.1983145856422
 30
0.0
 10
555.2564540201306
 20
718.1983145856422
 30
0.0
 10
555.2564540201306
 20
718.1983145856422
 30
0.0
 10
555.1023965668096
 20
718.1983145856422
 30
0.0
 10
554.9771908627112
 20
718.0731088815329
 30
0.0
 10
554.9771908627112
 20
717.9190514282156
 30
0.0
 10
554.9771908627112
 20
717.9190514282156
 30
0.0
 10
554.9771908627112
 20
717.7655383475277
 30
0.0
 10
555.1023965668096
 20
717.6403326434202
 30
0.0
 10
555.2564540201306
 20
717.6403326434202
 30
0.0
 10
555.2564540201306
 20
717.6403326434202
 30
0.0
 10
555.4099671008148
 20
717.6403326434202
 30
0.0
 10
555.535172804924
 20
717.7655383475277
 30
0.0
 10
555.535172804924
 20
717.9190514282156
 30
0.0
 10
555.535172804924
 20
717.9190514282156
 30
0.0
 10
555.535172804924
 20
717.9190514282156
 30
0.0
 10
555.2564540201306
 20
717.9190514282156
 30
0.0
 10
555.2564540201306
 20
717.9190514282156
 30
0.0
  0
SPLINE
  5
78F
330
1F
100
AcDbEntity
  8
≥ﬂ¥ÁòÀ◊¢
370
     9
100
AcDbSpline
210
0.0
220
0.0
230
0.0
 70
    24
 71
     3
 72
     8
 73
     4
 74
     0
 42
0.000000001
 43
0.0000000001
 40
0.0
 40
0.0
 40
0.0
 40
0.0
 40
1.0
 40
1.0
 40
1.0
 40
1.0
 10
520.8156310558473
 20
715.3784643800839
 30
0.0
 10
520.8156310558473
 20
715.3784643800839
 30
0.0
 10
521.0028952393725
 20
715.5657285636161
 30
0.0
 10
521.0028952393725
 20
715.5657285636161
 30
0.0
  0
SPLINE
  5
790
330
1F
100
AcDbEntity
  8
≥ﬂ¥ÁòÀ◊¢
370
     9
100
AcDbSpline
210
0.0
220
0.0
230
0.0
 70
    24
 71
     3
 72
     8
 73
     4
 74
     0
 42
0.000000001
 43
0.0000000001
 40
0.0
 40
0.0
 40
0.0
 40
0.0
 40
1.0
 40
1.0
 40
1.0
 40
1.0
 10
521.2886908683099
 20
712.4943782045914
 30
0.0
 10
521.2886908683099
 20
712.4943782045914
 30
0.0
 10
523.2511541870476
 20
714.4541196601924
 30
0.0
 10
523.2511541870476
 20
714.4541196601924
 30
0.0
  0
SPLINE
  5
791
330
1F
100
AcDbEntity
  8
≥ﬂ¥ÁòÀ◊¢
370
     9
100
AcDbSpline
210
0.0
220
0.0
230
0.0
 70
    24
 71
     3
 72
     8
 73
     4
 74
     0
 42
0.000000001
 43
0.0000000001
 40
0.0
 40
0.0
 40
0.0
 40
0.0
 40
1.0
 40
1.0
 40
1.0
 40
1.0
 10
520.8156310558473
 20
714.2581455146312
 30
0.0
 10
520.8156310558473
 20
714.2581455146312
 30
0.0
 10
522.1215809869423
 20
715.5657285636161
 30
0.0
 10
522.1215809869423
 20
715.5657285636161
 30
0.0
  0
SPLINE
  5
792
330
1F
100
AcDbEntity
  8
≥ﬂ¥ÁòÀ◊¢
370
     9
100
AcDbSpline
210
0.0
220
0.0
230
0.0
 70
    24
 71
     3
 72
     8
 73
     4
 74
     0
 42
0.000000001
 43
0.0000000001
 40
0.0
 40
0.0
 40
0.0
 40
0.0
 40
1.0
 40
1.0
 40
1.0
 40
1.0
 10
522.3513062353482
 20
712.4361303335491
 30
0.0
 10
522.3513062353482
 20
712.4361303335491
 30
0.0
 10
523.2511541870476
 20
713.3359782852432
 30
0.0
 10
523.2511541870476
 20
713.3359782852432
 30
0.0
  0
SPLINE
  5
793
330
1F
100
AcDbEntity
  8
≥ﬂ¥ÁòÀ◊¢
370
     9
100
AcDbSpline
210
0.0
220
0.0
230
0.0
 70
    24
 71
     3
 72
     8
 73
     4
 74
     0
 42
0.000000001
 43
0.0000000001
 40
0.0
 40
0.0
 40
0.0
 40
0.0
 40
1.0
 40
1.0
 40
1.0
 40
1.0
 10
521.5880958129232
 20
722.8673986036076
 30
0.0
 10
521.5880958129232
 20
722.8673986036076
 30
0.0
 10
522.0965398461187
 20
723.3769313820642
 30
0.0
 10
522.0965398461187
 20
723.3769313820642
 30
0.0
  0
SPLINE
  5
794
330
1F
100
AcDbEntity
  8
≥ﬂ¥ÁòÀ◊¢
370
     9
100
AcDbSpline
210
0.0
220
0.0
230
0.0
 70
    24
 71
     3
 72
     8
 73
     4
 74
     0
 42
0.000000001
 43
0.0000000001
 40
0.0
 40
0.0
 40
0.0
 40
0.0
 40
1.0
 40
1.0
 40
1.0
 40
1.0
 10
520.8156310558473
 20
718.7383322311847
 30
0.0
 10
520.8156310558473
 20
718.7383322311847
 30
0.0
 10
523.2484323239255
 20
721.171133499259
 30
0.0
 10
523.2484323239255
 20
721.171133499259
 30
0.0
  0
SPLINE
  5
795
330
1F
100
AcDbEntity
  8
≥ﬂ¥ÁòÀ◊¢
370
     9
100
AcDbSpline
210
0.0
220
0.0
230
0.0
 70
    24
 71
     3
 72
     8
 73
     4
 74
     0
 42
0.000000001
 43
0.0000000001
 40
0.0
 40
0.0
 40
0.0
 40
0.0
 40
1.0
 40
1.0
 40
1.0
 40
1.0
 10
521.0007177488618
 20
715.5657285636161
 30
0.0
 10
521.0007177488618
 20
715.5657285636161
 30
0.0
 10
523.2484323239255
 20
717.8134431386673
 30
0.0
 10
523.2484323239255
 20
717.8134431386673
 30
0.0
  0
SPLINE
  5
796
330
1F
100
AcDbEntity
  8
≥ﬂ¥ÁòÀ◊¢
370
     9
100
AcDbSpline
210
0.0
220
0.0
230
0.0
 70
    24
 71
     3
 72
     8
 73
     4
 74
     0
 42
0.000000001
 43
0.0000000001
 40
0.0
 40
0.0
 40
0.0
 40
0.0
 40
1.0
 40
1.0
 40
1.0
 40
1.0
 10
520.8156310558473
 20
720.9751593537013
 30
0.0
 10
520.8156310558473
 20
720.9751593537013
 30
0.0
 10
522.5614340691968
 20
722.7204179944357
 30
0.0
 10
522.5614340691968
 20
722.7204179944357
 30
0.0
  0
SPLINE
  5
797
330
1F
100
AcDbEntity
  8
≥ﬂ¥ÁòÀ◊¢
370
     9
100
AcDbSpline
210
0.0
220
0.0
230
0.0
 70
    24
 71
     3
 72
     8
 73
     4
 74
     0
 42
0.000000001
 43
0.0000000001
 40
0.0
 40
0.0
 40
0.0
 40
0.0
 40
1.0
 40
1.0
 40
1.0
 40
1.0
 10
520.8156310558473
 20
717.6174689931059
 30
0.0
 10
520.8156310558473
 20
717.6174689931059
 30
0.0
 10
523.2484323239255
 20
720.0502702611804
 30
0.0
 10
523.2484323239255
 20
720.0502702611804
 30
0.0
  0
SPLINE
  5
798
330
1F
100
AcDbEntity
  8
≥ﬂ¥ÁòÀ◊¢
370
     9
100
AcDbSpline
210
0.0
220
0.0
230
0.0
 70
    24
 71
     3
 72
     8
 73
     4
 74
     0
 42
0.000000001
 43
0.0000000001
 40
0.0
 40
0.0
 40
0.0
 40
0.0
 40
1.0
 40
1.0
 40
1.0
 40
1.0
 10
522.1215809869423
 20
715.5657285636161
 30
0.0
 10
522.1215809869423
 20
715.5657285636161
 30
0.0
 10
523.2484323239255
 20
716.6931242732146
 30
0.0
 10
523.2484323239255
 20
716.6931242732146
 30
0.0
  0
SPLINE
  5
799
330
1F
100
AcDbEntity
  8
≥ﬂ¥ÁòÀ◊¢
370
     9
100
AcDbSpline
210
0.0
220
0.0
230
0.0
 70
    24
 71
     3
 72
     8
 73
     4
 74
     0
 42
0.000000001
 43
0.0000000001
 40
0.0
 40
0.0
 40
0.0
 40
0.0
 40
1.0
 40
1.0
 40
1.0
 40
1.0
 10
520.8156310558473
 20
712.0213183921142
 30
0.0
 10
520.8156310558473
 20
712.0213183921142
 30
0.0
 10
521.2886908683099
 20
712.4943782045914
 30
0.0
 10
521.2886908683099
 20
712.4943782045914
 30
0.0
  0
SPLINE
  5
79A
330
1F
100
AcDbEntity
  8
≥ﬂ¥ÁòÀ◊¢
370
     9
100
AcDbSpline
210
0.0
220
0.0
230
0.0
 70
    24
 71
     3
 72
     8
 73
     4
 74
     0
 42
0.000000001
 43
0.0000000001
 40
0.0
 40
0.0
 40
0.0
 40
0.0
 40
1.0
 40
1.0
 40
1.0
 40
1.0
 10
522.804224260642
 20
710.6522212363263
 30
0.0
 10
522.804224260642
 20
710.6522212363263
 30
0.0
 10
523.2511541870476
 20
711.0964292995952
 30
0.0
 10
523.2511541870476
 20
711.0964292995952
 30
0.0
  0
SPLINE
  5
79B
330
1F
100
AcDbEntity
  8
≥ﬂ¥ÁòÀ◊¢
370
     9
100
AcDbSpline
210
0.0
220
0.0
230
0.0
 70
    24
 71
     3
 72
     8
 73
     4
 74
     0
 42
0.000000001
 43
0.0000000001
 40
0.0
 40
0.0
 40
0.0
 40
0.0
 40
1.0
 40
1.0
 40
1.0
 40
1.0
 10
520.8156310558473
 20
710.9004551540376
 30
0.0
 10
520.8156310558473
 20
710.9004551540376
 30
0.0
 10
522.3513062353482
 20
712.4361303335491
 30
0.0
 10
522.3513062353482
 20
712.4361303335491
 30
0.0
  0
SPLINE
  5
79C
330
1F
100
AcDbEntity
  8
≥ﬂ¥ÁòÀ◊¢
370
     9
100
AcDbSpline
210
0.0
220
0.0
230
0.0
 70
    24
 71
     3
 72
     8
 73
     4
 74
     0
 42
0.000000001
 43
0.0000000001
 40
0.0
 40
0.0
 40
0.0
 40
0.0
 40
1.0
 40
1.0
 40
1.0
 40
1.0
 10
518.7818549230355
 20
709.9875422593022
 30
0.0
 10
518.7818549230355
 20
709.9875422593022
 30
0.0
 10
519.5341778929246
 20
710.7398652292024
 30
0.0
 10
519.5341778929246
 20
710.7398652292024
 30
0.0
  0
SPLINE
  5
79D
330
1F
100
AcDbEntity
  8
≥ﬂ¥ÁòÀ◊¢
370
     9
100
AcDbSpline
210
0.0
220
0.0
230
0.0
 70
    24
 71
     3
 72
     8
 73
     4
 74
     0
 42
0.000000001
 43
0.0000000001
 40
0.0
 40
0.0
 40
0.0
 40
0.0
 40
1.0
 40
1.0
 40
1.0
 40
1.0
 10
519.6278099846891
 20
709.7126340828936
 30
0.0
 10
519.6278099846891
 20
709.7126340828936
 30
0.0
 10
520.5918939063153
 20
710.679439867655
 30
0.0
 10
520.5918939063153
 20
710.679439867655
 30
0.0
  0
SPLINE
  5
79E
330
1F
100
AcDbEntity
  8
≥ﬂ¥ÁòÀ◊¢
370
     9
100
AcDbSpline
210
0.0
220
0.0
230
0.0
 70
    24
 71
     3
 72
     8
 73
     4
 74
     0
 42
0.000000001
 43
0.0000000001
 40
0.0
 40
0.0
 40
0.0
 40
0.0
 40
1.0
 40
1.0
 40
1.0
 40
1.0
 10
521.7443307567405
 20
709.592327732423
 30
0.0
 10
521.7443307567405
 20
709.592327732423
 30
0.0
 10
522.7084146783777
 20
710.5569560266806
 30
0.0
 10
522.7084146783777
 20
710.5569560266806
 30
0.0
  0
SPLINE
  5
79F
330
1F
100
AcDbEntity
  8
≥ﬂ¥ÁòÀ◊¢
370
     9
100
AcDbSpline
210
0.0
220
0.0
230
0.0
 70
    24
 71
     3
 72
     8
 73
     4
 74
     0
 42
0.000000001
 43
0.0000000001
 40
0.0
 40
0.0
 40
0.0
 40
0.0
 40
1.0
 40
1.0
 40
1.0
 40
1.0
 10
522.8020467701384
 20
709.529724880372
 30
0.0
 10
522.8020467701384
 20
709.529724880372
 30
0.0
 10
523.2511541870476
 20
709.9782879246513
 30
0.0
 10
523.2511541870476
 20
709.9782879246513
 30
0.0
  0
SPLINE
  5
7A0
330
1F
100
AcDbEntity
  8
≥ﬂ¥ÁòÀ◊¢
370
     9
100
AcDbSpline
210
0.0
220
0.0
230
0.0
 70
    24
 71
     3
 72
     8
 73
     4
 74
     0
 42
0.000000001
 43
0.0000000001
 40
0.0
 40
0.0
 40
0.0
 40
0.0
 40
1.0
 40
1.0
 40
1.0
 40
1.0
 10
524.9163900516792
 20
709.4072410393939
 30
0.0
 10
524.9163900516792
 20
709.4072410393939
 30
0.0
 10
525.5304423744339
 20
710.0207489895247
 30
0.0
 10
525.5304423744339
 20
710.0207489895247
 30
0.0
  0
SPLINE
  5
7A1
330
1F
100
AcDbEntity
  8
≥ﬂ¥ÁòÀ◊¢
370
     9
100
AcDbSpline
210
0.0
220
0.0
230
0.0
 70
    24
 71
     3
 72
     8
 73
     4
 74
     0
 42
0.000000001
 43
0.0000000001
 40
0.0
 40
0.0
 40
0.0
 40
0.0
 40
1.0
 40
1.0
 40
1.0
 40
1.0
 10
523.2484323239255
 20
709.9782879246513
 30
0.0
 10
523.2484323239255
 20
709.9782879246513
 30
0.0
 10
523.7639532012613
 20
710.4943531746259
 30
0.0
 10
523.7639532012613
 20
710.4943531746259
 30
0.0
  0
SPLINE
  5
7A2
330
1F
100
AcDbEntity
  8
≥ﬂ¥ÁòÀ◊¢
370
     9
100
AcDbSpline
210
0.0
220
0.0
230
0.0
 70
    24
 71
     3
 72
     8
 73
     4
 74
     0
 42
0.000000001
 43
0.0000000001
 40
0.0
 40
0.0
 40
0.0
 40
0.0
 40
1.0
 40
1.0
 40
1.0
 40
1.0
 10
520.3463818517443
 20
708.1949232000545
 30
0.0
 10
520.3463818517443
 20
708.1949232000545
 30
0.0
 10
521.5385579039025
 20
709.3870992522106
 30
0.0
 10
521.5385579039025
 20
709.3870992522106
 30
0.0
  0
SPLINE
  5
7A3
330
1F
100
AcDbEntity
  8
≥ﬂ¥ÁòÀ◊¢
370
     9
100
AcDbSpline
210
0.0
220
0.0
230
0.0
 70
    24
 71
     3
 72
     8
 73
     4
 74
     0
 42
0.000000001
 43
0.0000000001
 40
0.0
 40
0.0
 40
0.0
 40
0.0
 40
1.0
 40
1.0
 40
1.0
 40
1.0
 10
523.7552432392472
 20
708.2460942269508
 30
0.0
 10
523.7552432392472
 20
708.2460942269508
 30
0.0
 10
523.9468624037831
 20
708.4382577641236
 30
0.0
 10
523.9468624037831
 20
708.4382577641236
 30
0.0
  0
SPLINE
  5
7A4
330
1F
100
AcDbEntity
  8
≥ﬂ¥ÁòÀ◊¢
370
     9
100
AcDbSpline
210
0.0
220
0.0
230
0.0
 70
    24
 71
     3
 72
     8
 73
     4
 74
     0
 42
0.000000001
 43
0.0000000001
 40
0.0
 40
0.0
 40
0.0
 40
0.0
 40
1.0
 40
1.0
 40
1.0
 40
1.0
 10
521.0812848975941
 20
707.8105961257072
 30
0.0
 10
521.0812848975941
 20
707.8105961257072
 30
0.0
 10
522.6594211419792
 20
709.3870992522106
 30
0.0
 10
522.6594211419792
 20
709.3870992522106
 30
0.0
  0
SPLINE
  5
7A5
330
1F
100
AcDbEntity
  8
≥ﬂ¥ÁòÀ◊¢
370
     9
100
AcDbSpline
210
0.0
220
0.0
230
1.0
 70
    11
 71
     3
 72
    16
 73
    12
 74
     0
 42
0.000000001
 43
0.0000000001
 40
0.0
 40
0.0
 40
0.0
 40
0.0
 40
0.25
 40
0.25
 40
0.25
 40
0.25000001
 40
0.5
 40
0.5
 40
0.5
 40
0.5000000100000001
 40
1.0
 40
1.0
 40
1.0
 40
1.0
 10
529.9257069612498
 20
714.402948633294
 30
0.0
 10
529.9257069612498
 20
714.402948633294
 30
0.0
 10
528.2245425032629
 20
715.5657285636161
 30
0.0
 10
528.2245425032629
 20
715.5657285636161
 30
0.0
 10
528.2245425032629
 20
715.5657285636161
 30
0.0
 10
528.2245425032629
 20
715.5657285636161
 30
0.0
 10
529.9257069612498
 20
715.5657285636161
 30
0.0
 10
529.9257069612498
 20
715.5657285636161
 30
0.0
 10
529.9257069612498
 20
715.5657285636161
 30
0.0
 10
529.9257069612498
 20
715.5657285636161
 30
0.0
 10
529.9257069612498
 20
714.402948633294
 30
0.0
 10
529.9257069612498
 20
714.402948633294
 30
0.0
  0
SPLINE
  5
7A6
330
1F
100
AcDbEntity
  8
≥ﬂ¥ÁòÀ◊¢
370
     9
100
AcDbSpline
210
0.0
220
0.0
230
1.0
 70
    11
 71
     3
 72
    16
 73
    12
 74
     0
 42
0.000000001
 43
0.0000000001
 40
0.0
 40
0.0
 40
0.0
 40
0.0
 40
0.25
 40
0.25
 40
0.25
 40
0.25000001
 40
0.5
 40
0.5
 40
0.5
 40
0.5000000100000001
 40
1.0
 40
1.0
 40
1.0
 40
1.0
 10
529.9257069612498
 20
714.402948633294
 30
0.0
 10
529.9257069612498
 20
714.402948633294
 30
0.0
 10
529.9257069612498
 20
715.5657285636161
 30
0.0
 10
529.9257069612498
 20
715.5657285636161
 30
0.0
 10
529.9257069612498
 20
715.5657285636161
 30
0.0
 10
529.9257069612498
 20
715.5657285636161
 30
0.0
 10
543.8866873418878
 20
714.402948633294
 30
0.0
 10
543.8866873418878
 20
714.402948633294
 30
0.0
 10
543.8866873418878
 20
714.402948633294
 30
0.0
 10
543.8866873418878
 20
714.402948633294
 30
0.0
 10
529.9257069612498
 20
714.402948633294
 30
0.0
 10
529.9257069612498
 20
714.402948633294
 30
0.0
  0
SPLINE
  5
7A7
330
1F
100
AcDbEntity
  8
≥ﬂ¥ÁòÀ◊¢
370
     9
100
AcDbSpline
210
0.0
220
0.0
230
1.0
 70
    11
 71
     3
 72
    16
 73
    12
 74
     0
 42
0.000000001
 43
0.0000000001
 40
0.0
 40
0.0
 40
0.0
 40
0.0
 40
0.25
 40
0.25
 40
0.25
 40
0.25000001
 40
0.5
 40
0.5
 40
0.5
 40
0.5000000100000001
 40
1.0
 40
1.0
 40
1.0
 40
1.0
 10
543.8866873418878
 20
714.402948633294
 30
0.0
 10
543.8866873418878
 20
714.402948633294
 30
0.0
 10
529.9257069612498
 20
715.5657285636161
 30
0.0
 10
529.9257069612498
 20
715.5657285636161
 30
0.0
 10
529.9257069612498
 20
715.5657285636161
 30
0.0
 10
529.9257069612498
 20
715.5657285636161
 30
0.0
 10
543.8866873418878
 20
715.5657285636161
 30
0.0
 10
543.8866873418878
 20
715.5657285636161
 30
0.0
 10
543.8866873418878
 20
715.5657285636161
 30
0.0
 10
543.8866873418878
 20
715.5657285636161
 30
0.0
 10
543.8866873418878
 20
714.402948633294
 30
0.0
 10
543.8866873418878
 20
714.402948633294
 30
0.0
  0
SPLINE
  5
7A8
330
1F
100
AcDbEntity
  8
≥ﬂ¥ÁòÀ◊¢
370
     9
100
AcDbSpline
210
0.0
220
0.0
230
1.0
 70
    11
 71
     3
 72
    16
 73
    12
 74
     0
 42
0.000000001
 43
0.0000000001
 40
0.0
 40
0.0
 40
0.0
 40
0.0
 40
0.25
 40
0.25
 40
0.25
 40
0.25000001
 40
0.5
 40
0.5
 40
0.5
 40
0.5000000100000001
 40
1.0
 40
1.0
 40
1.0
 40
1.0
 10
543.8866873418878
 20
714.402948633294
 30
0.0
 10
543.8866873418878
 20
714.402948633294
 30
0.0
 10
543.8866873418878
 20
715.5657285636161
 30
0.0
 10
543.8866873418878
 20
715.5657285636161
 30
0.0
 10
543.8866873418878
 20
715.5657285636161
 30
0.0
 10
543.8866873418878
 20
715.5657285636161
 30
0.0
 10
545.8975998243873
 20
714.1236854758711
 30
0.0
 10
545.8975998243873
 20
714.1236854758711
 30
0.0
 10
545.8975998243873
 20
714.1236854758711
 30
0.0
 10
545.8975998243873
 20
714.1236854758711
 30
0.0
 10
543.8866873418878
 20
714.402948633294
 30
0.0
 10
543.8866873418878
 20
714.402948633294
 30
0.0
  0
SPLINE
  5
7A9
330
1F
100
AcDbEntity
  8
≥ﬂ¥ÁòÀ◊¢
370
     9
100
AcDbSpline
210
0.0
220
0.0
230
1.0
 70
    11
 71
     3
 72
    16
 73
    12
 74
     0
 42
0.000000001
 43
0.0000000001
 40
0.0
 40
0.0
 40
0.0
 40
0.0
 40
0.25
 40
0.25
 40
0.25
 40
0.25000001
 40
0.5
 40
0.5
 40
0.5
 40
0.5000000100000001
 40
1.0
 40
1.0
 40
1.0
 40
1.0
 10
545.8975998243873
 20
714.1236854758711
 30
0.0
 10
545.8975998243873
 20
714.1236854758711
 30
0.0
 10
543.8866873418878
 20
715.5657285636161
 30
0.0
 10
543.8866873418878
 20
715.5657285636161
 30
0.0
 10
543.8866873418878
 20
715.5657285636161
 30
0.0
 10
543.8866873418878
 20
715.5657285636161
 30
0.0
 10
545.8975998243873
 20
715.5657285636161
 30
0.0
 10
545.8975998243873
 20
715.5657285636161
 30
0.0
 10
545.8975998243873
 20
715.5657285636161
 30
0.0
 10
545.8975998243873
 20
715.5657285636161
 30
0.0
 10
545.8975998243873
 20
714.1236854758711
 30
0.0
 10
545.8975998243873
 20
714.1236854758711
 30
0.0
  0
SPLINE
  5
7AA
330
1F
100
AcDbEntity
  8
≥ﬂ¥ÁòÀ◊¢
370
     9
100
AcDbSpline
210
0.0
220
0.0
230
1.0
 70
    11
 71
     3
 72
    16
 73
    12
 74
     0
 42
0.000000001
 43
0.0000000001
 40
0.0
 40
0.0
 40
0.0
 40
0.0
 40
0.25
 40
0.25
 40
0.25
 40
0.25000001
 40
0.5
 40
0.5
 40
0.5
 40
0.5000000100000001
 40
1.0
 40
1.0
 40
1.0
 40
1.0
 10
545.8975998243873
 20
714.1236854758711
 30
0.0
 10
545.8975998243873
 20
714.1236854758711
 30
0.0
 10
545.8975998243873
 20
715.5657285636161
 30
0.0
 10
545.8975998243873
 20
715.5657285636161
 30
0.0
 10
545.8975998243873
 20
715.5657285636161
 30
0.0
 10
545.8975998243873
 20
715.5657285636161
 30
0.0
 10
547.7571767166913
 20
713.3114815170512
 30
0.0
 10
547.7571767166913
 20
713.3114815170512
 30
0.0
 10
547.7571767166913
 20
713.3114815170512
 30
0.0
 10
547.7571767166913
 20
713.3114815170512
 30
0.0
 10
545.8975998243873
 20
714.1236854758711
 30
0.0
 10
545.8975998243873
 20
714.1236854758711
 30
0.0
  0
SPLINE
  5
7AB
330
1F
100
AcDbEntity
  8
≥ﬂ¥ÁòÀ◊¢
370
     9
100
AcDbSpline
210
0.0
220
0.0
230
1.0
 70
    11
 71
     3
 72
    16
 73
    12
 74
     0
 42
0.000000001
 43
0.0000000001
 40
0.0
 40
0.0
 40
0.0
 40
0.0
 40
0.25
 40
0.25
 40
0.25
 40
0.25000001
 40
0.5
 40
0.5
 40
0.5
 40
0.5000000100000001
 40
1.0
 40
1.0
 40
1.0
 40
1.0
 10
547.7571767166913
 20
713.3114815170512
 30
0.0
 10
547.7571767166913
 20
713.3114815170512
 30
0.0
 10
545.8975998243873
 20
715.5657285636161
 30
0.0
 10
545.8975998243873
 20
715.5657285636161
 30
0.0
 10
545.8975998243873
 20
715.5657285636161
 30
0.0
 10
545.8975998243873
 20
715.5657285636161
 30
0.0
 10
547.7571767166913
 20
715.5657285636161
 30
0.0
 10
547.7571767166913
 20
715.5657285636161
 30
0.0
 10
547.7571767166913
 20
715.5657285636161
 30
0.0
 10
547.7571767166913
 20
715.5657285636161
 30
0.0
 10
547.7571767166913
 20
713.3114815170512
 30
0.0
 10
547.7571767166913
 20
713.3114815170512
 30
0.0
  0
SPLINE
  5
7AC
330
1F
100
AcDbEntity
  8
≥ﬂ¥ÁòÀ◊¢
370
     9
100
AcDbSpline
210
0.0
220
0.0
230
1.0
 70
    11
 71
     3
 72
    16
 73
    12
 74
     0
 42
0.000000001
 43
0.0000000001
 40
0.0
 40
0.0
 40
0.0
 40
0.0
 40
0.25
 40
0.25
 40
0.25
 40
0.25000001
 40
0.5
 40
0.5
 40
0.5
 40
0.5000000100000001
 40
1.0
 40
1.0
 40
1.0
 40
1.0
 10
547.7571767166913
 20
713.3114815170512
 30
0.0
 10
547.7571767166913
 20
713.3114815170512
 30
0.0
 10
547.7571767166913
 20
715.5657285636161
 30
0.0
 10
547.7571767166913
 20
715.5657285636161
 30
0.0
 10
547.7571767166913
 20
715.5657285636161
 30
0.0
 10
547.7571767166913
 20
715.5657285636161
 30
0.0
 10
549.3266029990621
 20
712.0256733731267
 30
0.0
 10
549.3266029990621
 20
712.0256733731267
 30
0.0
 10
549.3266029990621
 20
712.0256733731267
 30
0.0
 10
549.3266029990621
 20
712.0256733731267
 30
0.0
 10
547.7571767166913
 20
713.3114815170512
 30
0.0
 10
547.7571767166913
 20
713.3114815170512
 30
0.0
  0
SPLINE
  5
7AD
330
1F
100
AcDbEntity
  8
≥ﬂ¥ÁòÀ◊¢
370
     9
100
AcDbSpline
210
0.0
220
0.0
230
1.0
 70
    11
 71
     3
 72
    16
 73
    12
 74
     0
 42
0.000000001
 43
0.0000000001
 40
0.0
 40
0.0
 40
0.0
 40
0.0
 40
0.25
 40
0.25
 40
0.25
 40
0.25000001
 40
0.5
 40
0.5
 40
0.5
 40
0.5000000100000001
 40
1.0
 40
1.0
 40
1.0
 40
1.0
 10
549.3266029990621
 20
712.0256733731267
 30
0.0
 10
549.3266029990621
 20
712.0256733731267
 30
0.0
 10
547.7571767166913
 20
715.5657285636161
 30
0.0
 10
547.7571767166913
 20
715.5657285636161
 30
0.0
 10
547.7571767166913
 20
715.5657285636161
 30
0.0
 10
547.7571767166913
 20
715.5657285636161
 30
0.0
 10
549.3266029990621
 20
715.5657285636161
 30
0.0
 10
549.3266029990621
 20
715.5657285636161
 30
0.0
 10
549.3266029990621
 20
715.5657285636161
 30
0.0
 10
549.3266029990621
 20
715.5657285636161
 30
0.0
 10
549.3266029990621
 20
712.0256733731267
 30
0.0
 10
549.3266029990621
 20
712.0256733731267
 30
0.0
  0
SPLINE
  5
7AE
330
1F
100
AcDbEntity
  8
≥ﬂ¥ÁòÀ◊¢
370
     9
100
AcDbSpline
210
0.0
220
0.0
230
1.0
 70
    11
 71
     3
 72
    16
 73
    12
 74
     0
 42
0.000000001
 43
0.0000000001
 40
0.0
 40
0.0
 40
0.0
 40
0.0
 40
0.25
 40
0.25
 40
0.25
 40
0.25000001
 40
0.5
 40
0.5
 40
0.5
 40
0.5000000100000001
 40
1.0
 40
1.0
 40
1.0
 40
1.0
 10
549.3266029990621
 20
712.0256733731267
 30
0.0
 10
549.3266029990621
 20
712.0256733731267
 30
0.0
 10
549.3266029990621
 20
715.5657285636161
 30
0.0
 10
549.3266029990621
 20
715.5657285636161
 30
0.0
 10
549.3266029990621
 20
715.5657285636161
 30
0.0
 10
549.3266029990621
 20
715.5657285636161
 30
0.0
 10
550.4893829293901
 20
710.3598931358658
 30
0.0
 10
550.4893829293901
 20
710.3598931358658
 30
0.0
 10
550.4893829293901
 20
710.3598931358658
 30
0.0
 10
550.4893829293901
 20
710.3598931358658
 30
0.0
 10
549.3266029990621
 20
712.0256733731267
 30
0.0
 10
549.3266029990621
 20
712.0256733731267
 30
0.0
  0
SPLINE
  5
7AF
330
1F
100
AcDbEntity
  8
≥ﬂ¥ÁòÀ◊¢
370
     9
100
AcDbSpline
210
0.0
220
0.0
230
1.0
 70
    11
 71
     3
 72
    16
 73
    12
 74
     0
 42
0.000000001
 43
0.0000000001
 40
0.0
 40
0.0
 40
0.0
 40
0.0
 40
0.25
 40
0.25
 40
0.25
 40
0.25000001
 40
0.5
 40
0.5
 40
0.5
 40
0.5000000100000001
 40
1.0
 40
1.0
 40
1.0
 40
1.0
 10
550.4893829293901
 20
710.3598931358658
 30
0.0
 10
550.4893829293901
 20
710.3598931358658
 30
0.0
 10
549.3266029990621
 20
715.5657285636161
 30
0.0
 10
549.3266029990621
 20
715.5657285636161
 30
0.0
 10
549.3266029990621
 20
715.5657285636161
 30
0.0
 10
549.3266029990621
 20
715.5657285636161
 30
0.0
 10
550.4893829293901
 20
715.5657285636161
 30
0.0
 10
550.4893829293901
 20
715.5657285636161
 30
0.0
 10
550.4893829293901
 20
715.5657285636161
 30
0.0
 10
550.4893829293901
 20
715.5657285636161
 30
0.0
 10
550.4893829293901
 20
710.3598931358658
 30
0.0
 10
550.4893829293901
 20
710.3598931358658
 30
0.0
  0
SPLINE
  5
7B0
330
1F
100
AcDbEntity
  8
≥ﬂ¥ÁòÀ◊¢
370
     9
100
AcDbSpline
210
0.0
220
0.0
230
1.0
 70
    11
 71
     3
 72
    16
 73
    12
 74
     0
 42
0.000000001
 43
0.0000000001
 40
0.0
 40
0.0
 40
0.0
 40
0.0
 40
0.25
 40
0.25
 40
0.25
 40
0.25000001
 40
0.5
 40
0.5
 40
0.5
 40
0.5000000100000001
 40
1.0
 40
1.0
 40
1.0
 40
1.0
 10
550.4893829293901
 20
710.3598931358658
 30
0.0
 10
550.4893829293901
 20
710.3598931358658
 30
0.0
 10
550.4893829293901
 20
715.5657285636161
 30
0.0
 10
550.4893829293901
 20
715.5657285636161
 30
0.0
 10
550.4893829293901
 20
715.5657285636161
 30
0.0
 10
550.4893829293901
 20
715.5657285636161
 30
0.0
 10
551.1546062790323
 20
708.4426127451379
 30
0.0
 10
551.1546062790323
 20
708.4426127451379
 30
0.0
 10
551.1546062790323
 20
708.4426127451379
 30
0.0
 10
551.1546062790323
 20
708.4426127451379
 30
0.0
 10
550.4893829293901
 20
710.3598931358658
 30
0.0
 10
550.4893829293901
 20
710.3598931358658
 30
0.0
  0
SPLINE
  5
7B1
330
1F
100
AcDbEntity
  8
≥ﬂ¥ÁòÀ◊¢
370
     9
100
AcDbSpline
210
0.0
220
0.0
230
1.0
 70
    11
 71
     3
 72
    16
 73
    12
 74
     0
 42
0.000000001
 43
0.0000000001
 40
0.0
 40
0.0
 40
0.0
 40
0.0
 40
0.25
 40
0.25
 40
0.25
 40
0.25000001
 40
0.5
 40
0.5
 40
0.5
 40
0.5000000100000001
 40
1.0
 40
1.0
 40
1.0
 40
1.0
 10
551.1546062790323
 20
708.4426127451379
 30
0.0
 10
551.1546062790323
 20
708.4426127451379
 30
0.0
 10
550.4893829293901
 20
715.5657285636161
 30
0.0
 10
550.4893829293901
 20
715.5657285636161
 30
0.0
 10
550.4893829293901
 20
715.5657285636161
 30
0.0
 10
550.4893829293901
 20
715.5657285636161
 30
0.0
 10
551.1546062790323
 20
715.5657285636161
 30
0.0
 10
551.1546062790323
 20
715.5657285636161
 30
0.0
 10
551.1546062790323
 20
715.5657285636161
 30
0.0
 10
551.1546062790323
 20
715.5657285636161
 30
0.0
 10
551.1546062790323
 20
708.4426127451379
 30
0.0
 10
551.1546062790323
 20
708.4426127451379
 30
0.0
  0
SPLINE
  5
7B2
330
1F
100
AcDbEntity
  8
≥ﬂ¥ÁòÀ◊¢
370
     9
100
AcDbSpline
210
0.0
220
0.0
230
1.0
 70
    11
 71
     3
 72
    16
 73
    12
 74
     0
 42
0.000000001
 43
0.0000000001
 40
0.0
 40
0.0
 40
0.0
 40
0.0
 40
0.25
 40
0.25
 40
0.25
 40
0.25000001
 40
0.5
 40
0.5
 40
0.5
 40
0.5000000100000001
 40
1.0
 40
1.0
 40
1.0
 40
1.0
 10
551.1546062790323
 20
708.4426127451379
 30
0.0
 10
551.1546062790323
 20
708.4426127451379
 30
0.0
 10
551.1546062790323
 20
715.5657285636161
 30
0.0
 10
551.1546062790323
 20
715.5657285636161
 30
0.0
 10
551.1546062790323
 20
715.5657285636161
 30
0.0
 10
551.1546062790323
 20
715.5657285636161
 30
0.0
 10
551.9336035076405
 20
711.1258254214308
 30
0.0
 10
551.9336035076405
 20
711.1258254214308
 30
0.0
 10
551.9336035076405
 20
711.1258254214308
 30
0.0
 10
551.9336035076405
 20
711.1258254214308
 30
0.0
 10
551.1546062790323
 20
708.4426127451379
 30
0.0
 10
551.1546062790323
 20
708.4426127451379
 30
0.0
  0
SPLINE
  5
7B3
330
1F
100
AcDbEntity
  8
≥ﬂ¥ÁòÀ◊¢
370
     9
100
AcDbSpline
210
0.0
220
0.0
230
1.0
 70
    11
 71
     3
 72
    16
 73
    12
 74
     0
 42
0.000000001
 43
0.0000000001
 40
0.0
 40
0.0
 40
0.0
 40
0.0
 40
0.25
 40
0.25
 40
0.25
 40
0.25000001
 40
0.5
 40
0.5
 40
0.5
 40
0.5000000100000001
 40
1.0
 40
1.0
 40
1.0
 40
1.0
 10
551.9336035076405
 20
711.1258254214308
 30
0.0
 10
551.9336035076405
 20
711.1258254214308
 30
0.0
 10
551.1546062790323
 20
715.5657285636161
 30
0.0
 10
551.1546062790323
 20
715.5657285636161
 30
0.0
 10
551.1546062790323
 20
715.5657285636161
 30
0.0
 10
551.1546062790323
 20
715.5657285636161
 30
0.0
 10
551.9336035076405
 20
715.5657285636161
 30
0.0
 10
551.9336035076405
 20
715.5657285636161
 30
0.0
 10
551.9336035076405
 20
715.5657285636161
 30
0.0
 10
551.9336035076405
 20
715.5657285636161
 30
0.0
 10
551.9336035076405
 20
711.1258254214308
 30
0.0
 10
551.9336035076405
 20
711.1258254214308
 30
0.0
  0
SPLINE
  5
7B4
330
1F
100
AcDbEntity
  8
≥ﬂ¥ÁòÀ◊¢
370
     9
100
AcDbSpline
210
0.0
220
0.0
230
1.0
 70
    11
 71
     3
 72
    16
 73
    12
 74
     0
 42
0.000000001
 43
0.0000000001
 40
0.0
 40
0.0
 40
0.0
 40
0.0
 40
0.25
 40
0.25
 40
0.25
 40
0.25000001
 40
0.5
 40
0.5
 40
0.5
 40
0.5000000100000001
 40
1.0
 40
1.0
 40
1.0
 40
1.0
 10
551.9336035076405
 20
711.1258254214308
 30
0.0
 10
551.9336035076405
 20
711.1258254214308
 30
0.0
 10
551.9336035076405
 20
715.5657285636161
 30
0.0
 10
551.9336035076405
 20
715.5657285636161
 30
0.0
 10
551.9336035076405
 20
715.5657285636161
 30
0.0
 10
551.9336035076405
 20
715.5657285636161
 30
0.0
 10
553.3288305495037
 20
713.5455617464697
 30
0.0
 10
553.3288305495037
 20
713.5455617464697
 30
0.0
 10
553.3288305495037
 20
713.5455617464697
 30
0.0
 10
553.3288305495037
 20
713.5455617464697
 30
0.0
 10
551.9336035076405
 20
711.1258254214308
 30
0.0
 10
551.9336035076405
 20
711.1258254214308
 30
0.0
  0
SPLINE
  5
7B5
330
1F
100
AcDbEntity
  8
≥ﬂ¥ÁòÀ◊¢
370
     9
100
AcDbSpline
210
0.0
220
0.0
230
1.0
 70
    11
 71
     3
 72
    16
 73
    12
 74
     0
 42
0.000000001
 43
0.0000000001
 40
0.0
 40
0.0
 40
0.0
 40
0.0
 40
0.25
 40
0.25
 40
0.25
 40
0.25000001
 40
0.5
 40
0.5
 40
0.5
 40
0.5000000100000001
 40
1.0
 40
1.0
 40
1.0
 40
1.0
 10
553.3288305495037
 20
713.5455617464697
 30
0.0
 10
553.3288305495037
 20
713.5455617464697
 30
0.0
 10
551.9336035076405
 20
715.5657285636161
 30
0.0
 10
551.9336035076405
 20
715.5657285636161
 30
0.0
 10
551.9336035076405
 20
715.5657285636161
 30
0.0
 10
551.9336035076405
 20
715.5657285636161
 30
0.0
 10
553.3288305495037
 20
715.5657285636161
 30
0.0
 10
553.3288305495037
 20
715.5657285636161
 30
0.0
 10
553.3288305495037
 20
715.5657285636161
 30
0.0
 10
553.3288305495037
 20
715.5657285636161
 30
0.0
 10
553.3288305495037
 20
713.5455617464697
 30
0.0
 10
553.3288305495037
 20
713.5455617464697
 30
0.0
  0
SPLINE
  5
7B6
330
1F
100
AcDbEntity
  8
≥ﬂ¥ÁòÀ◊¢
370
     9
100
AcDbSpline
210
0.0
220
0.0
230
1.0
 70
    11
 71
     3
 72
    16
 73
    12
 74
     0
 42
0.000000001
 43
0.0000000001
 40
0.0
 40
0.0
 40
0.0
 40
0.0
 40
0.25
 40
0.25
 40
0.25
 40
0.25000001
 40
0.5
 40
0.5
 40
0.5
 40
0.5000000100000001
 40
1.0
 40
1.0
 40
1.0
 40
1.0
 10
553.3288305495037
 20
713.5455617464697
 30
0.0
 10
553.3288305495037
 20
713.5455617464697
 30
0.0
 10
553.3288305495037
 20
715.5657285636161
 30
0.0
 10
553.3288305495037
 20
715.5657285636161
 30
0.0
 10
553.3288305495037
 20
715.5657285636161
 30
0.0
 10
553.3288305495037
 20
715.5657285636161
 30
0.0
 10
555.2575427653748
 20
715.5657285636161
 30
0.0
 10
555.2575427653748
 20
715.5657285636161
 30
0.0
 10
555.2575427653748
 20
715.5657285636161
 30
0.0
 10
555.2575427653748
 20
715.5657285636161
 30
0.0
 10
553.3288305495037
 20
713.5455617464697
 30
0.0
 10
553.3288305495037
 20
713.5455617464697
 30
0.0
  0
SPLINE
  5
7B7
330
1F
100
AcDbEntity
  8
≥ﬂ¥ÁòÀ◊¢
370
     9
100
AcDbSpline
210
0.0
220
0.0
230
1.0
 70
    11
 71
     3
 72
    16
 73
    12
 74
     0
 42
0.000000001
 43
0.0000000001
 40
0.0
 40
0.0
 40
0.0
 40
0.0
 40
0.25
 40
0.25
 40
0.25
 40
0.25000001
 40
0.5
 40
0.5
 40
0.5
 40
0.5000000100000001
 40
1.0
 40
1.0
 40
1.0
 40
1.0
 10
551.2977762798141
 20
700.6651610295387
 30
0.0
 10
551.2977762798141
 20
700.6651610295387
 30
0.0
 10
548.0963208630413
 20
701.1589070018228
 30
0.0
 10
548.0963208630413
 20
701.1589070018228
 30
0.0
 10
548.0963208630413
 20
701.1589070018228
 30
0.0
 10
548.0963208630413
 20
701.1589070018228
 30
0.0
 10
548.0963208630413
 20
700.1719594298783
 30
0.0
 10
548.0963208630413
 20
700.1719594298783
 30
0.0
 10
548.0963208630413
 20
700.1719594298783
 30
0.0
 10
548.0963208630413
 20
700.1719594298783
 30
0.0
 10
551.2977762798141
 20
700.6651610295387
 30
0.0
 10
551.2977762798141
 20
700.6651610295387
 30
0.0
  0
SPLINE
  5
7B8
330
1F
100
AcDbEntity
  8
≥ﬂ¥ÁòÀ◊¢
370
     9
100
AcDbSpline
210
0.0
220
0.0
230
1.0
 70
    11
 71
     3
 72
    16
 73
    12
 74
     0
 42
0.000000001
 43
0.0000000001
 40
0.0
 40
0.0
 40
0.0
 40
0.0
 40
0.25
 40
0.25
 40
0.25
 40
0.25000001
 40
0.5
 40
0.5
 40
0.5
 40
0.5000000100000001
 40
1.0
 40
1.0
 40
1.0
 40
1.0
 10
555.2559096475008
 20
700.6651610295387
 30
0.0
 10
555.2559096475008
 20
700.6651610295387
 30
0.0
 10
558.4562763190255
 20
700.1719594298783
 30
0.0
 10
558.4562763190255
 20
700.1719594298783
 30
0.0
 10
558.4562763190255
 20
700.1719594298783
 30
0.0
 10
558.4562763190255
 20
700.1719594298783
 30
0.0
 10
558.4562763190255
 20
701.1589070018228
 30
0.0
 10
558.4562763190255
 20
701.1589070018228
 30
0.0
 10
558.4562763190255
 20
701.1589070018228
 30
0.0
 10
558.4562763190255
 20
701.1589070018228
 30
0.0
 10
555.2559096475008
 20
700.6651610295387
 30
0.0
 10
555.2559096475008
 20
700.6651610295387
 30
0.0
  0
SPLINE
  5
7B9
330
1F
100
AcDbEntity
  8
≥ﬂ¥ÁòÀ◊¢
370
     9
100
AcDbSpline
210
0.0
220
0.0
230
0.0
 70
    24
 71
     3
 72
     8
 73
     4
 74
     0
 42
0.000000001
 43
0.0000000001
 40
0.0
 40
0.0
 40
0.0
 40
0.0
 40
1.0
 40
1.0
 40
1.0
 40
1.0
 10
538.9976767827861
 20
699.8306377930305
 30
0.0
 10
538.9976767827861
 20
699.8306377930305
 30
0.0
 10
542.0428972557451
 20
699.8306377930305
 30
0.0
 10
542.0428972557451
 20
699.8306377930305
 30
0.0
  0
SPLINE
  5
7BA
330
1F
100
AcDbEntity
  8
≥ﬂ¥ÁòÀ◊¢
370
     9
100
AcDbSpline
210
0.0
220
0.0
230
0.0
 70
    24
 71
     3
 72
     8
 73
     4
 74
     0
 42
0.000000001
 43
0.0000000001
 40
0.0
 40
0.0
 40
0.0
 40
0.0
 40
1.0
 40
1.0
 40
1.0
 40
1.0
 10
555.2559096475008
 20
713.9788823572082
 30
0.0
 10
555.2559096475008
 20
713.9788823572082
 30
0.0
 10
555.2559096475008
 20
696.7070276618533
 30
0.0
 10
555.2559096475008
 20
696.7070276618533
 30
0.0
  0
SPLINE
  5
7BB
330
1F
100
AcDbEntity
  8
≥ﬂ¥ÁòÀ◊¢
370
     9
100
AcDbSpline
210
0.0
220
0.0
230
0.0
 70
    24
 71
     3
 72
     8
 73
     4
 74
     0
 42
0.000000001
 43
0.0000000001
 40
0.0
 40
0.0
 40
0.0
 40
0.0
 40
1.0
 40
1.0
 40
1.0
 40
1.0
 10
551.2977762798141
 20
700.6651610295387
 30
0.0
 10
551.2977762798141
 20
700.6651610295387
 30
0.0
 10
544.946580845804
 20
700.6651610295387
 30
0.0
 10
544.946580845804
 20
700.6651610295387
 30
0.0
  0
SPLINE
  5
7BC
330
1F
100
AcDbEntity
  8
≥ﬂ¥ÁòÀ◊¢
370
     9
100
AcDbSpline
210
0.0
220
0.0
230
0.0
 70
    24
 71
     3
 72
     8
 73
     4
 74
     0
 42
0.000000001
 43
0.0000000001
 40
0.0
 40
0.0
 40
0.0
 40
0.0
 40
1.0
 40
1.0
 40
1.0
 40
1.0
 10
555.2559096475008
 20
700.6651610295387
 30
0.0
 10
555.2559096475008
 20
700.6651610295387
 30
0.0
 10
561.41221968122
 20
700.6651610295387
 30
0.0
 10
561.41221968122
 20
700.6651610295387
 30
0.0
  0
TEXT
  5
7BD
330
1F
100
AcDbEntity
  8
≥ﬂ¥ÁòÀ◊¢
370
     9
100
AcDbText
 10
538.9446339156088
 20
700.4938595890538
 30
0.0
 40
3.375066734834542
  1
1
  7
0
100
AcDbText
  0
TEXT
  5
7BE
330
1F
100
AcDbEntity
  8
≥ﬂ¥ÁòÀ◊¢
370
     9
100
AcDbText
 10
538.9540091668309
 20
695.7729518279696
 30
0.0
 40
3.375066734834542
  1
4
  7
0
100
AcDbText
  0
TEXT
  5
7BF
330
1F
100
AcDbEntity
  8
≥ﬂ¥ÁòÀ◊¢
370
     9
100
AcDbText
 10
542.2102787169201
 20
700.7554862010685
 30
0.0
 40
1.70497506637211
  1
"
 41
1.979076343072556
  7
0
100
AcDbText
  0
MTEXT
  5
7C0
330
1F
100
AcDbEntity
  8
≥ﬂ¥ÁòÀ◊¢
100
AcDbMText
 10
497.8527875546041
 20
740.3284849919867
 30
0.0
 40
6.532471518667092
 41
53.62186730363465
 71
     1
 72
     5
  1
{\fTahoma|b0|i0|c163|p34;1/4" Conceal}
 73
     1
 44
1.0
1001
ACAD
1000
MTEXTBEGIN
1070
    73
1070
     1
1070
    44
1040
1.0
1070
    74
1070
     0
1000
MTEXTEND
  0
MTEXT
  5
7C1
330
1F
100
AcDbEntity
  8
≥ﬂ¥ÁòÀ◊¢
100
AcDbMText
 10
498.5815671138839
 20
752.43476494856
 30
0.0
 40
6.532471518667092
 41
57.18484743947557
 71
     1
 72
     5
  1
{\fTahoma|b0|i0|c163|p34; }
 73
     1
 44
1.0
1001
ACAD
1000
MTEXTBEGIN
1070
    73
1070
     1
1070
    44
1040
1.0
1070
    74
1070
     0
1000
MTEXTEND
  0
MTEXT
  5
7C2
330
1F
100
AcDbEntity
  8
≥ﬂ¥ÁòÀ◊¢
100
AcDbMText
 10
498.5185869780503
 20
742.6356933401303
 30
0.0
 40
6.532471518667092
 41
59.7478275753092
 71
     1
 72
     5
  1
{\fTahoma|b0|i0|c163|p34; }
 73
     1
 44
1.0
1001
ACAD
1000
MTEXTBEGIN
1070
    73
1070
     1
1070
    44
1040
1.0
1070
    74
1070
     0
1000
MTEXTEND
  0
LEADER
  5
7C3
330
1F
100
AcDbEntity
  8
≥ﬂ¥ÁòÀ◊¢
 62
     1
 48
5.0
100
AcDbLeader
  3
DIMSTYLE_1
 74
     0
 76
     3
 10
458.6237251868547
 20
683.0286487262923
 30
0.0
 10
484.045139854344
 20
734.8480158298728
 30
0.0
 10
494.6742897052386
 20
734.8480158298728
 30
0.0
211
0.0
221
0.0
231
0.0
  0
SPLINE
  5
7C4
330
1F
100
AcDbEntity
  8
ºöåçæÄ
100
AcDbSpline
210
0.0
220
0.0
230
1.0
 70
     8
 71
     3
 72
    12
 73
     8
 74
     0
 42
0.000000001
 43
0.0000000001
 40
0.0
 40
0.0
 40
0.0
 40
0.0
 40
0.3333333333333333
 40
0.3333333333333333
 40
0.3333333333333333
 40
0.3333333433333333
 40
1.0
 40
1.0
 40
1.0
 40
1.0
 10
1162.101819374093
 20
718.7601616077947
 30
0.0
 10
1162.101819374093
 20
719.1901790013027
 30
0.0
 10
1161.930150680132
 20
719.6024375643985
 30
0.0
 10
1161.626559245964
 20
719.9064518278512
 30
0.0
 10
1161.626559245964
 20
719.9064518278512
 30
0.0
 10
1161.321276494633
 20
720.2108889206003
 30
0.0
 10
1160.910286419432
 20
720.3829804438621
 30
0.0
 10
1160.478577708749
 20
720.3829804438621
 30
0.0
  0
SPLINE
  5
7C5
330
1F
100
AcDbEntity
  8
ºöåçæÄ
100
AcDbSpline
210
0.0
220
0.0
230
1.0
 70
     8
 71
     3
 72
    16
 73
    12
 74
     0
 42
0.000000001
 43
0.0000000001
 40
0.0
 40
0.0
 40
0.0
 40
0.0
 40
0.25
 40
0.25
 40
0.25
 40
0.25000001
 40
0.5
 40
0.5
 40
0.5
 40
0.5000000100000001
 40
1.0
 40
1.0
 40
1.0
 40
1.0
 10
1134.248362363407
 20
705.8651365834314
 30
0.0
 10
1134.458508523258
 20
705.3150356700091
 30
0.0
 10
1134.884297623812
 20
704.8748703734084
 30
0.0
 10
1135.425519122033
 20
704.6461197245528
 30
0.0
 10
1135.425519122033
 20
704.6461197245528
 30
0.0
 10
1135.966740620246
 20
704.4173690756951
 30
0.0
 10
1136.57730612293
 20
704.4173690756951
 30
0.0
 10
1137.119796109033
 20
704.6461197245528
 30
0.0
 10
1137.119796109033
 20
704.6461197245528
 30
0.0
 10
1137.660594777957
 20
704.8748703734084
 30
0.0
 10
1138.085538219926
 20
705.3150356700091
 30
0.0
 10
1138.295684379777
 20
705.8651365834314
 30
0.0
  0
SPLINE
  5
7C6
330
1F
100
AcDbEntity
  8
ºöåçæÄ
100
AcDbSpline
210
0.0
220
0.0
230
1.0
 70
     8
 71
     3
 72
    12
 73
     8
 74
     0
 42
0.000000001
 43
0.0000000001
 40
0.0
 40
0.0
 40
0.0
 40
0.0
 40
0.3333333333333333
 40
0.3333333333333333
 40
0.3333333333333333
 40
0.3333333433333333
 40
1.0
 40
1.0
 40
1.0
 40
1.0
 10
1160.888299296061
 20
704.002996366121
 30
0.0
 10
1160.888299296061
 20
705.2287784937282
 30
0.0
 10
1160.400777118379
 20
706.4042439351718
 30
0.0
 10
1159.533554233323
 20
707.2727353080964
 30
0.0
 10
1159.533554233323
 20
707.2727353080964
 30
0.0
 10
1158.666754177593
 20
708.1399581931337
 30
0.0
 10
1157.491288736139
 20
708.6253662243483
 30
0.0
 10
1156.263815291368
 20
708.6253662243483
 30
0.0
  0
SPLINE
  5
7C7
330
1F
100
AcDbEntity
  8
ºöåçæÄ
100
AcDbSpline
210
0.0
220
0.0
230
1.0
 70
     8
 71
     3
 72
    12
 73
     8
 74
     0
 42
0.000000001
 43
0.0000000001
 40
0.0
 40
0.0
 40
0.0
 40
0.0
 40
0.3333333333333333
 40
0.3333333333333333
 40
0.3333333333333333
 40
0.3333333433333333
 40
1.0
 40
1.0
 40
1.0
 40
1.0
 10
1162.021904637248
 20
704.002996366121
 30
0.0
 10
1162.021904637248
 20
705.5302557814077
 30
0.0
 10
1161.415144598232
 20
706.9936679730774
 30
0.0
 10
1160.336929894747
 20
708.0739968230382
 30
0.0
 10
1160.336929894747
 20
708.0739968230382
 30
0.0
 10
1159.256601044788
 20
709.1522115265209
 30
0.0
 10
1157.791074706645
 20
709.759394394837
 30
0.0
 10
1156.26508377925
 20
709.759394394837
 30
0.0
  0
SPLINE
  5
7C8
330
1F
100
AcDbEntity
  8
ºöåçæÄ
100
AcDbSpline
210
0.0
220
0.0
230
0.0
 70
    24
 71
     3
 72
     8
 73
     4
 74
     0
 42
0.000000001
 43
0.0000000001
 40
0.0
 40
0.0
 40
0.0
 40
0.0
 40
1.0
 40
1.0
 40
1.0
 40
1.0
 10
1121.297946701347
 20
709.0498868370134
 30
0.0
 10
1121.297946701347
 20
709.0498868370134
 30
0.0
 10
1120.004511886455
 20
710.3936383380599
 30
0.0
 10
1120.004511886455
 20
710.3936383380599
 30
0.0
  0
SPLINE
  5
7C9
330
1F
100
AcDbEntity
  8
ºöåçæÄ
100
AcDbSpline
210
0.0
220
0.0
230
0.0
 70
    24
 71
     3
 72
     8
 73
     4
 74
     0
 42
0.000000001
 43
0.0000000001
 40
0.0
 40
0.0
 40
0.0
 40
0.0
 40
1.0
 40
1.0
 40
1.0
 40
1.0
 10
1136.283862591863
 20
716.8197979708212
 30
0.0
 10
1136.283862591863
 20
716.8197979708212
 30
0.0
 10
1137.241148116849
 20
715.4620931030232
 30
0.0
 10
1137.241148116849
 20
715.4620931030232
 30
0.0
  0
SPLINE
  5
7CA
330
1F
100
AcDbEntity
  8
ºöåçæÄ
100
AcDbSpline
210
0.0
220
0.0
230
0.0
 70
    24
 71
     3
 72
     8
 73
     4
 74
     0
 42
0.000000001
 43
0.0000000001
 40
0.0
 40
0.0
 40
0.0
 40
0.0
 40
1.0
 40
1.0
 40
1.0
 40
1.0
 10
1120.006203203633
 20
710.3923698501739
 30
0.0
 10
1120.006203203633
 20
710.3923698501739
 30
0.0
 10
1118.963928990274
 20
709.3881502734031
 30
0.0
 10
1118.963928990274
 20
709.3881502734031
 30
0.0
  0
SPLINE
  5
7CB
330
1F
100
AcDbEntity
  8
ºöåçæÄ
100
AcDbSpline
210
0.0
220
0.0
230
0.0
 70
    24
 71
     3
 72
     8
 73
     4
 74
     0
 42
0.000000001
 43
0.0000000001
 40
0.0
 40
0.0
 40
0.0
 40
0.0
 40
1.0
 40
1.0
 40
1.0
 40
1.0
 10
1151.819456566529
 20
707.4148059513781
 30
0.0
 10
1151.819456566529
 20
707.4148059513781
 30
0.0
 10
1153.114582698592
 20
708.6617295437598
 30
0.0
 10
1153.114582698592
 20
708.6617295437598
 30
0.0
  0
SPLINE
  5
7CC
330
1F
100
AcDbEntity
  8
ºöåçæÄ
100
AcDbSpline
210
0.0
220
0.0
230
0.0
 70
    24
 71
     3
 72
     8
 73
     4
 74
     0
 42
0.000000001
 43
0.0000000001
 40
0.0
 40
0.0
 40
0.0
 40
0.0
 40
1.0
 40
1.0
 40
1.0
 40
1.0
 10
1137.241148116849
 20
715.4620931030232
 30
0.0
 10
1137.241148116849
 20
715.4620931030232
 30
0.0
 10
1137.241148116849
 20
705.8651365834314
 30
0.0
 10
1137.241148116849
 20
705.8651365834314
 30
0.0
  0
SPLINE
  5
7CD
330
1F
100
AcDbEntity
  8
ºöåçæÄ
100
AcDbSpline
210
0.0
220
0.0
230
0.0
 70
    24
 71
     3
 72
     8
 73
     4
 74
     0
 42
0.000000001
 43
0.0000000001
 40
0.0
 40
0.0
 40
0.0
 40
0.0
 40
1.0
 40
1.0
 40
1.0
 40
1.0
 10
1134.824255863856
 20
717.5563666035533
 30
0.0
 10
1134.824255863856
 20
717.5563666035533
 30
0.0
 10
1134.824255863856
 20
710.6625577699881
 30
0.0
 10
1134.824255863856
 20
710.6625577699881
 30
0.0
  0
SPLINE
  5
7CE
330
1F
100
AcDbEntity
  8
ºöåçæÄ
100
AcDbSpline
210
0.0
220
0.0
230
0.0
 70
    24
 71
     3
 72
     8
 73
     4
 74
     0
 42
0.000000001
 43
0.0000000001
 40
0.0
 40
0.0
 40
0.0
 40
0.0
 40
1.0
 40
1.0
 40
1.0
 40
1.0
 10
1154.161930863509
 20
707.5691386442297
 30
0.0
 10
1154.161930863509
 20
707.5691386442297
 30
0.0
 10
1152.468499535102
 20
705.9395545394354
 30
0.0
 10
1152.468499535102
 20
705.9395545394354
 30
0.0
  0
SPLINE
  5
7CF
330
1F
100
AcDbEntity
  8
ºöåçæÄ
100
AcDbSpline
210
0.0
220
0.0
230
0.0
 70
    24
 71
     3
 72
     8
 73
     4
 74
     0
 42
0.000000001
 43
0.0000000001
 40
0.0
 40
0.0
 40
0.0
 40
0.0
 40
1.0
 40
1.0
 40
1.0
 40
1.0
 10
1160.478577708749
 20
720.3795978094976
 30
0.0
 10
1160.478577708749
 20
720.3795978094976
 30
0.0
 10
1116.705174893785
 20
720.3795978094976
 30
0.0
 10
1116.705174893785
 20
720.3795978094976
 30
0.0
  0
SPLINE
  5
7D0
330
1F
100
AcDbEntity
  8
ºöåçæÄ
100
AcDbSpline
210
0.0
220
0.0
230
0.0
 70
    24
 71
     3
 72
     8
 73
     4
 74
     0
 42
0.000000001
 43
0.0000000001
 40
0.0
 40
0.0
 40
0.0
 40
0.0
 40
1.0
 40
1.0
 40
1.0
 40
1.0
 10
1134.468656426358
 20
708.3429162549649
 30
0.0
 10
1134.468656426358
 20
708.3429162549649
 30
0.0
 10
1134.468656426358
 20
706.9869027043489
 30
0.0
 10
1134.468656426358
 20
706.9869027043489
 30
0.0
  0
SPLINE
  5
7D1
330
1F
100
AcDbEntity
  8
ºöåçæÄ
100
AcDbSpline
210
0.0
220
0.0
230
0.0
 70
    24
 71
     3
 72
     8
 73
     4
 74
     0
 42
0.000000001
 43
0.0000000001
 40
0.0
 40
0.0
 40
0.0
 40
0.0
 40
1.0
 40
1.0
 40
1.0
 40
1.0
 10
1139.028870378152
 20
706.6418739992363
 30
0.0
 10
1139.028870378152
 20
706.6418739992363
 30
0.0
 10
1138.983627643527
 20
705.8507603873834
 30
0.0
 10
1138.983627643527
 20
705.8507603873834
 30
0.0
  0
SPLINE
  5
7D2
330
1F
100
AcDbEntity
  8
ºöåçæÄ
100
AcDbSpline
210
0.0
220
0.0
230
0.0
 70
    24
 71
     3
 72
     8
 73
     4
 74
     0
 42
0.000000001
 43
0.0000000001
 40
0.0
 40
0.0
 40
0.0
 40
0.0
 40
1.0
 40
1.0
 40
1.0
 40
1.0
 10
1118.962237673081
 20
709.3881502734031
 30
0.0
 10
1118.962237673081
 20
709.3881502734031
 30
0.0
 10
1120.489919917662
 20
707.8016947567459
 30
0.0
 10
1120.489919917662
 20
707.8016947567459
 30
0.0
  0
SPLINE
  5
7D3
330
1F
100
AcDbEntity
  8
ºöåçæÄ
100
AcDbSpline
210
0.0
220
0.0
230
0.0
 70
    24
 71
     3
 72
     8
 73
     4
 74
     0
 42
0.000000001
 43
0.0000000001
 40
0.0
 40
0.0
 40
0.0
 40
0.0
 40
1.0
 40
1.0
 40
1.0
 40
1.0
 10
1142.42545810877
 20
708.6253662243483
 30
0.0
 10
1142.42545810877
 20
708.6253662243483
 30
0.0
 10
1142.42545810877
 20
709.759394394837
 30
0.0
 10
1142.42545810877
 20
709.759394394837
 30
0.0
  0
SPLINE
  5
7D4
330
1F
100
AcDbEntity
  8
ºöåçæÄ
100
AcDbSpline
210
0.0
220
0.0
230
0.0
 70
    24
 71
     3
 72
     8
 73
     4
 74
     0
 42
0.000000001
 43
0.0000000001
 40
0.0
 40
0.0
 40
0.0
 40
0.0
 40
1.0
 40
1.0
 40
1.0
 40
1.0
 10
1121.296255384154
 20
709.0486183491258
 30
0.0
 10
1121.296255384154
 20
709.0486183491258
 30
0.0
 10
1151.818188078647
 20
707.4135374634927
 30
0.0
 10
1151.818188078647
 20
707.4135374634927
 30
0.0
  0
SPLINE
  5
7D5
330
1F
100
AcDbEntity
  8
ºöåçæÄ
100
AcDbSpline
210
0.0
220
0.0
230
0.0
 70
    24
 71
     3
 72
     8
 73
     4
 74
     0
 42
0.000000001
 43
0.0000000001
 40
0.0
 40
0.0
 40
0.0
 40
0.0
 40
1.0
 40
1.0
 40
1.0
 40
1.0
 10
1133.804814432453
 20
706.9450426040957
 30
0.0
 10
1133.804814432453
 20
706.9450426040957
 30
0.0
 10
1139.028870378152
 20
706.6418739992363
 30
0.0
 10
1139.028870378152
 20
706.6418739992363
 30
0.0
  0
SPLINE
  5
7D6
330
1F
100
AcDbEntity
  8
ºöåçæÄ
100
AcDbSpline
210
0.0
220
0.0
230
0.0
 70
    24
 71
     3
 72
     8
 73
     4
 74
     0
 42
0.000000001
 43
0.0000000001
 40
0.0
 40
0.0
 40
0.0
 40
0.0
 40
1.0
 40
1.0
 40
1.0
 40
1.0
 10
1162.099705227618
 20
710.6625577699881
 30
0.0
 10
1162.099705227618
 20
710.6625577699881
 30
0.0
 10
1162.099705227618
 20
718.7580474613162
 30
0.0
 10
1162.099705227618
 20
718.7580474613162
 30
0.0
  0
SPLINE
  5
7D7
330
1F
100
AcDbEntity
  8
ºöåçæÄ
100
AcDbSpline
210
0.0
220
0.0
230
0.0
 70
    24
 71
     3
 72
     8
 73
     4
 74
     0
 42
0.000000001
 43
0.0000000001
 40
0.0
 40
0.0
 40
0.0
 40
0.0
 40
1.0
 40
1.0
 40
1.0
 40
1.0
 10
1156.253244558979
 20
708.6253662243483
 30
0.0
 10
1156.253244558979
 20
708.6253662243483
 30
0.0
 10
1142.423766791584
 20
708.6253662243483
 30
0.0
 10
1142.423766791584
 20
708.6253662243483
 30
0.0
  0
SPLINE
  5
7D8
330
1F
100
AcDbEntity
  8
ºöåçæÄ
100
AcDbSpline
210
0.0
220
0.0
230
0.0
 70
    24
 71
     3
 72
     8
 73
     4
 74
     0
 42
0.000000001
 43
0.0000000001
 40
0.0
 40
0.0
 40
0.0
 40
0.0
 40
1.0
 40
1.0
 40
1.0
 40
1.0
 10
1160.886185149579
 20
694.3899723333007
 30
0.0
 10
1160.886185149579
 20
694.3899723333007
 30
0.0
 10
1160.886185149579
 20
704.002996366121
 30
0.0
 10
1160.886185149579
 20
704.002996366121
 30
0.0
  0
SPLINE
  5
7D9
330
1F
100
AcDbEntity
  8
ºöåçæÄ
100
AcDbSpline
210
0.0
220
0.0
230
0.0
 70
    24
 71
     3
 72
     8
 73
     4
 74
     0
 42
0.000000001
 43
0.0000000001
 40
0.0
 40
0.0
 40
0.0
 40
0.0
 40
1.0
 40
1.0
 40
1.0
 40
1.0
 10
1134.246671046229
 20
705.8651365834314
 30
0.0
 10
1134.246671046229
 20
705.8651365834314
 30
0.0
 10
1138.293570233309
 20
705.8651365834314
 30
0.0
 10
1138.293570233309
 20
705.8651365834314
 30
0.0
  0
SPLINE
  5
7DA
330
1F
100
AcDbEntity
  8
ºöåçæÄ
100
AcDbSpline
210
0.0
220
0.0
230
0.0
 70
    24
 71
     3
 72
     8
 73
     4
 74
     0
 42
0.000000001
 43
0.0000000001
 40
0.0
 40
0.0
 40
0.0
 40
0.0
 40
1.0
 40
1.0
 40
1.0
 40
1.0
 10
1138.981936326349
 20
705.8528745338636
 30
0.0
 10
1138.981936326349
 20
705.8528745338636
 30
0.0
 10
1133.757457551361
 20
706.1560431387236
 30
0.0
 10
1133.757457551361
 20
706.1560431387236
 30
0.0
  0
SPLINE
  5
7DB
330
1F
100
AcDbEntity
  8
ºöåçæÄ
100
AcDbSpline
210
0.0
220
0.0
230
0.0
 70
    24
 71
     3
 72
     8
 73
     4
 74
     0
 42
0.000000001
 43
0.0000000001
 40
0.0
 40
0.0
 40
0.0
 40
0.0
 40
1.0
 40
1.0
 40
1.0
 40
1.0
 10
1162.029092735273
 20
694.3899723333007
 30
0.0
 10
1162.029092735273
 20
694.3899723333007
 30
0.0
 10
1160.895064564797
 20
694.3899723333007
 30
0.0
 10
1160.895064564797
 20
694.3899723333007
 30
0.0
  0
SPLINE
  5
7DC
330
1F
100
AcDbEntity
  8
ºöåçæÄ
100
AcDbSpline
210
0.0
220
0.0
230
0.0
 70
    24
 71
     3
 72
     8
 73
     4
 74
     0
 42
0.000000001
 43
0.0000000001
 40
0.0
 40
0.0
 40
0.0
 40
0.0
 40
1.0
 40
1.0
 40
1.0
 40
1.0
 10
1162.020213320062
 20
704.002996366121
 30
0.0
 10
1162.020213320062
 20
704.002996366121
 30
0.0
 10
1162.020213320062
 20
694.3899723333007
 30
0.0
 10
1162.020213320062
 20
694.3899723333007
 30
0.0
  0
SPLINE
  5
7DD
330
1F
100
AcDbEntity
  8
ºöåçæÄ
100
AcDbSpline
210
0.0
220
0.0
230
0.0
 70
    24
 71
     3
 72
     8
 73
     4
 74
     0
 42
0.000000001
 43
0.0000000001
 40
0.0
 40
0.0
 40
0.0
 40
0.0
 40
1.0
 40
1.0
 40
1.0
 40
1.0
 10
1152.466385388613
 20
705.9412458566177
 30
0.0
 10
1152.466385388613
 20
705.9412458566177
 30
0.0
 10
1120.488228600476
 20
707.8038089032228
 30
0.0
 10
1120.488228600476
 20
707.8038089032228
 30
0.0
  0
SPLINE
  5
7DE
330
1F
100
AcDbEntity
  8
ºöåçæÄ
100
AcDbSpline
210
0.0
220
0.0
230
0.0
 70
    24
 71
     3
 72
     8
 73
     4
 74
     0
 42
0.000000001
 43
0.0000000001
 40
0.0
 40
0.0
 40
0.0
 40
0.0
 40
1.0
 40
1.0
 40
1.0
 40
1.0
 10
1117.432864111328
 20
710.6646719164666
 30
0.0
 10
1117.432864111328
 20
710.6646719164666
 30
0.0
 10
1162.099705227618
 20
710.6646719164666
 30
0.0
 10
1162.099705227618
 20
710.6646719164666
 30
0.0
  0
SPLINE
  5
7DF
330
1F
100
AcDbEntity
  8
ºöåçæÄ
100
AcDbSpline
210
0.0
220
0.0
230
0.0
 70
    24
 71
     3
 72
     8
 73
     4
 74
     0
 42
0.000000001
 43
0.0000000001
 40
0.0
 40
0.0
 40
0.0
 40
0.0
 40
1.0
 40
1.0
 40
1.0
 40
1.0
 10
1135.347295702374
 20
715.4637844202035
 30
0.0
 10
1135.347295702374
 20
715.4637844202035
 30
0.0
 10
1136.280479957499
 20
716.8214892880032
 30
0.0
 10
1136.280479957499
 20
716.8214892880032
 30
0.0
  0
SPLINE
  5
7E0
330
1F
100
AcDbEntity
  8
ºöåçæÄ
100
AcDbSpline
210
0.0
220
0.0
230
0.0
 70
    24
 71
     3
 72
     8
 73
     4
 74
     0
 42
0.000000001
 43
0.0000000001
 40
0.0
 40
0.0
 40
0.0
 40
0.0
 40
1.0
 40
1.0
 40
1.0
 40
1.0
 10
1142.423766791584
 20
709.7610857120172
 30
0.0
 10
1142.423766791584
 20
709.7610857120172
 30
0.0
 10
1156.253244558979
 20
709.7610857120172
 30
0.0
 10
1156.253244558979
 20
709.7610857120172
 30
0.0
  0
SPLINE
  5
7E1
330
1F
100
AcDbEntity
  8
ºöåçæÄ
100
AcDbSpline
210
0.0
220
0.0
230
0.0
 70
    24
 71
     3
 72
     8
 73
     4
 74
     0
 42
0.000000001
 43
0.0000000001
 40
0.0
 40
0.0
 40
0.0
 40
0.0
 40
1.0
 40
1.0
 40
1.0
 40
1.0
 10
1135.347295702374
 20
715.4637844202035
 30
0.0
 10
1135.347295702374
 20
715.4637844202035
 30
0.0
 10
1135.347295702374
 20
705.8668279006117
 30
0.0
 10
1135.347295702374
 20
705.8668279006117
 30
0.0
  0
SPLINE
  5
7E2
330
1F
100
AcDbEntity
  8
ºöåçæÄ
100
AcDbSpline
210
0.0
220
0.0
230
0.0
 70
    24
 71
     3
 72
     8
 73
     4
 74
     0
 42
0.000000001
 43
0.0000000001
 40
0.0
 40
0.0
 40
0.0
 40
0.0
 40
1.0
 40
1.0
 40
1.0
 40
1.0
 10
1137.934588161432
 20
717.5584807500301
 30
0.0
 10
1137.934588161432
 20
717.5584807500301
 30
0.0
 10
1134.822141717381
 20
717.5584807500301
 30
0.0
 10
1134.822141717381
 20
717.5584807500301
 30
0.0
  0
SPLINE
  5
7E3
330
1F
100
AcDbEntity
  8
ºöåçæÄ
100
AcDbSpline
210
0.0
220
0.0
230
0.0
 70
    24
 71
     3
 72
     8
 73
     4
 74
     0
 42
0.000000001
 43
0.0000000001
 40
0.0
 40
0.0
 40
0.0
 40
0.0
 40
1.0
 40
1.0
 40
1.0
 40
1.0
 10
1153.113314210703
 20
708.6617295437598
 30
0.0
 10
1153.113314210703
 20
708.6617295437598
 30
0.0
 10
1154.161930863509
 20
707.5712527907082
 30
0.0
 10
1154.161930863509
 20
707.5712527907082
 30
0.0
  0
SPLINE
  5
7E4
330
1F
100
AcDbEntity
  8
ºöåçæÄ
100
AcDbSpline
210
0.0
220
0.0
230
0.0
 70
    24
 71
     3
 72
     8
 73
     4
 74
     0
 42
0.000000001
 43
0.0000000001
 40
0.0
 40
0.0
 40
0.0
 40
0.0
 40
1.0
 40
1.0
 40
1.0
 40
1.0
 10
1133.806082920335
 20
706.948425238462
 30
0.0
 10
1133.806082920335
 20
706.948425238462
 30
0.0
 10
1133.760840185711
 20
706.1581572852021
 30
0.0
 10
1133.760840185711
 20
706.1581572852021
 30
0.0
  0
SPLINE
  5
7E5
330
1F
100
AcDbEntity
  8
ºöåçæÄ
100
AcDbSpline
210
0.0
220
0.0
230
0.0
 70
    24
 71
     3
 72
     8
 73
     4
 74
     0
 42
0.000000001
 43
0.0000000001
 40
0.0
 40
0.0
 40
0.0
 40
0.0
 40
1.0
 40
1.0
 40
1.0
 40
1.0
 10
1137.934588161432
 20
710.6646719164666
 30
0.0
 10
1137.934588161432
 20
710.6646719164666
 30
0.0
 10
1137.934588161432
 20
717.5584807500301
 30
0.0
 10
1137.934588161432
 20
717.5584807500301
 30
0.0
  0
SPLINE
  5
7E6
330
1F
100
AcDbEntity
  8
ºöåçæÄ
100
AcDbSpline
210
0.0
220
0.0
230
0.0
 70
    24
 71
     3
 72
     8
 73
     4
 74
     0
 42
0.000000001
 43
0.0000000001
 40
0.0
 40
0.0
 40
0.0
 40
0.0
 40
1.0
 40
1.0
 40
1.0
 40
1.0
 10
1138.270737451352
 20
708.1416495103142
 30
0.0
 10
1138.270737451352
 20
708.1416495103142
 30
0.0
 10
1138.270737451352
 20
706.7687227878789
 30
0.0
 10
1138.270737451352
 20
706.7687227878789
 30
0.0
  0
SPLINE
  5
7E7
330
1F
100
AcDbEntity
  8
ºöåçæÄ
100
AcDbSpline
210
0.0
220
0.0
230
0.0
 70
    24
 71
     3
 72
     8
 73
     4
 74
     0
 42
0.000000001
 43
0.0000000001
 40
0.0
 40
0.0
 40
0.0
 40
0.0
 40
1.0
 40
1.0
 40
1.0
 40
1.0
 10
1142.42545810877
 20
709.7610857120172
 30
0.0
 10
1142.42545810877
 20
709.7610857120172
 30
0.0
 10
1141.104539389675
 20
710.6646719164666
 30
0.0
 10
1141.104539389675
 20
710.6646719164666
 30
0.0
  0
SPLINE
  5
7E8
330
1F
100
AcDbEntity
  8
ºöåçæÄ
100
AcDbSpline
210
0.0
220
0.0
230
1.0
 70
     8
 71
     3
 72
    12
 73
     8
 74
     0
 42
0.000000001
 43
0.0000000001
 40
0.0
 40
0.0
 40
0.0
 40
0.0
 40
0.3333333333333333
 40
0.3333333333333333
 40
0.3333333333333333
 40
0.3333333433333333
 40
1.0
 40
1.0
 40
1.0
 40
1.0
 10
1117.434978257789
 20
710.6646719164666
 30
0.0
 10
1116.339004723905
 20
712.7745901009286
 30
0.0
 10
1117.497134164227
 20
714.5136869932531
 30
0.0
 10
1117.812987647962
 20
716.5542611732553
 30
0.0
 10
1117.812987647962
 20
716.5542611732553
 30
0.0
 10
1118.029476247244
 20
717.9555174584905
 30
0.0
 10
1117.847236820893
 20
719.5001128748911
 30
0.0
 10
1116.705174893785
 20
720.3808662973854
 30
0.0
  0
SPLINE
  5
7E9
330
1F
100
AcDbEntity
  8
ºöåçæÄ
100
AcDbSpline
210
0.0
220
0.0
230
1.0
 70
    11
 71
     3
 72
    28
 73
    24
 74
     0
 42
0.000000001
 43
0.0000000001
 40
0.0
 40
0.0
 40
0.0
 40
0.0
 40
0.1428571428571428
 40
0.1428571428571428
 40
0.1428571428571428
 40
0.1428571528571428
 40
0.2857142857142857
 40
0.2857142857142857
 40
0.2857142857142857
 40
0.2857142957142857
 40
0.428571428571429
 40
0.428571428571429
 40
0.428571428571429
 40
0.4285714385714289
 40
0.5714285714285714
 40
0.5714285714285714
 40
0.5714285714285714
 40
0.5714285814285715
 40
0.7142857142857145
 40
0.7142857142857145
 40
0.7142857142857145
 40
0.7142857242857146
 40
1.0
 40
1.0
 40
1.0
 40
1.0
 10
1117.209187414006
 20
719.7660725017515
 30
0.0
 10
1117.209187414006
 20
719.7660725017515
 30
0.0
 10
1117.426098842592
 20
719.7660725017515
 30
0.0
 10
1117.426098842592
 20
719.7660725017515
 30
0.0
 10
1117.426098842592
 20
719.7660725017515
 30
0.0
 10
1117.426098842592
 20
719.8857331923727
 30
0.0
 10
1117.328848104644
 20
719.982983930334
 30
0.0
 10
1117.209187414006
 20
719.982983930334
 30
0.0
 10
1117.209187414006
 20
719.982983930334
 30
0.0
 10
1117.08994955268
 20
719.982983930334
 30
0.0
 10
1116.992698814724
 20
719.8857331923727
 30
0.0
 10
1116.992698814724
 20
719.7660725017515
 30
0.0
 10
1116.992698814724
 20
719.7660725017515
 30
0.0
 10
1116.992698814724
 20
719.6468346404246
 30
0.0
 10
1117.08994955268
 20
719.5495839024637
 30
0.0
 10
1117.209187414006
 20
719.5495839024637
 30
0.0
 10
1117.209187414006
 20
719.5495839024637
 30
0.0
 10
1117.328848104644
 20
719.5495839024637
 30
0.0
 10
1117.426098842592
 20
719.6468346404246
 30
0.0
 10
1117.426098842592
 20
719.7660725017515
 30
0.0
 10
1117.426098842592
 20
719.7660725017515
 30
0.0
 10
1117.426098842592
 20
719.7660725017515
 30
0.0
 10
1117.209187414006
 20
719.7660725017515
 30
0.0
 10
1117.209187414006
 20
719.7660725017515
 30
0.0
  0
SPLINE
  5
7EA
330
1F
100
AcDbEntity
  8
ºöåçæÄ
100
AcDbSpline
210
0.0
220
0.0
230
0.0
 70
    24
 71
     3
 72
     8
 73
     4
 74
     0
 42
0.000000001
 43
0.0000000001
 40
0.0
 40
0.0
 40
0.0
 40
0.0
 40
1.0
 40
1.0
 40
1.0
 40
1.0
 10
1117.568592315173
 20
720.1246317443213
 30
0.0
 10
1117.568592315173
 20
720.1246317443213
 30
0.0
 10
1117.826518185419
 20
720.3829804438621
 30
0.0
 10
1117.826518185419
 20
720.3829804438621
 30
0.0
  0
SPLINE
  5
7EB
330
1F
100
AcDbEntity
  8
ºöåçæÄ
100
AcDbSpline
210
0.0
220
0.0
230
0.0
 70
    24
 71
     3
 72
     8
 73
     4
 74
     0
 42
0.000000001
 43
0.0000000001
 40
0.0
 40
0.0
 40
0.0
 40
0.0
 40
1.0
 40
1.0
 40
1.0
 40
1.0
 10
1117.845545503708
 20
718.227819524781
 30
0.0
 10
1117.845545503708
 20
718.227819524781
 30
0.0
 10
1119.468787169073
 20
719.8523296780307
 30
0.0
 10
1119.468787169073
 20
719.8523296780307
 30
0.0
  0
SPLINE
  5
7EC
330
1F
100
AcDbEntity
  8
ºöåçæÄ
100
AcDbSpline
210
0.0
220
0.0
230
1.0
 70
    11
 71
     3
 72
    28
 73
    24
 74
     0
 42
0.000000001
 43
0.0000000001
 40
0.0
 40
0.0
 40
0.0
 40
0.0
 40
0.1428571428571428
 40
0.1428571428571428
 40
0.1428571428571428
 40
0.1428571528571428
 40
0.2857142857142857
 40
0.2857142857142857
 40
0.2857142857142857
 40
0.2857142957142857
 40
0.428571428571429
 40
0.428571428571429
 40
0.428571428571429
 40
0.4285714385714289
 40
0.5714285714285714
 40
0.5714285714285714
 40
0.5714285714285714
 40
0.5714285814285715
 40
0.7142857142857145
 40
0.7142857142857145
 40
0.7142857142857145
 40
0.7142857242857146
 40
1.0
 40
1.0
 40
1.0
 40
1.0
 10
1119.999015105608
 20
720.3834032731568
 30
0.0
 10
1119.999015105608
 20
720.3834032731568
 30
0.0
 10
1120.215926534187
 20
720.3834032731568
 30
0.0
 10
1120.215926534187
 20
720.3834032731568
 30
0.0
 10
1120.215926534187
 20
720.3834032731568
 30
0.0
 10
1120.215926534187
 20
720.5030639637782
 30
0.0
 10
1120.118252966935
 20
720.6003147017411
 30
0.0
 10
1119.999015105608
 20
720.6003147017411
 30
0.0
 10
1119.999015105608
 20
720.6003147017411
 30
0.0
 10
1119.879354414985
 20
720.6003147017411
 30
0.0
 10
1119.782103677037
 20
720.5030639637782
 30
0.0
 10
1119.782103677037
 20
720.3834032731568
 30
0.0
 10
1119.782103677037
 20
720.3834032731568
 30
0.0
 10
1119.782103677037
 20
720.2641654118318
 30
0.0
 10
1119.879354414985
 20
720.1669146738707
 30
0.0
 10
1119.999015105608
 20
720.1669146738707
 30
0.0
 10
1119.999015105608
 20
720.1669146738707
 30
0.0
 10
1120.118252966935
 20
720.1669146738707
 30
0.0
 10
1120.215926534187
 20
720.2641654118318
 30
0.0
 10
1120.215926534187
 20
720.3834032731568
 30
0.0
 10
1120.215926534187
 20
720.3834032731568
 30
0.0
 10
1120.215926534187
 20
720.3834032731568
 30
0.0
 10
1119.999015105608
 20
720.3834032731568
 30
0.0
 10
1119.999015105608
 20
720.3834032731568
 30
0.0
  0
SPLINE
  5
7ED
330
1F
100
AcDbEntity
  8
ºöåçæÄ
100
AcDbSpline
210
0.0
220
0.0
230
0.0
 70
    24
 71
     3
 72
     8
 73
     4
 74
     0
 42
0.000000001
 43
0.0000000001
 40
0.0
 40
0.0
 40
0.0
 40
0.0
 40
1.0
 40
1.0
 40
1.0
 40
1.0
 10
1117.663728906653
 20
715.8730831782332
 30
0.0
 10
1117.663728906653
 20
715.8730831782332
 30
0.0
 10
1118.653572287378
 20
716.8629265589617
 30
0.0
 10
1118.653572287378
 20
716.8629265589617
 30
0.0
  0
SPLINE
  5
7EE
330
1F
100
AcDbEntity
  8
ºöåçæÄ
100
AcDbSpline
210
0.0
220
0.0
230
1.0
 70
    11
 71
     3
 72
    28
 73
    24
 74
     0
 42
0.000000001
 43
0.0000000001
 40
0.0
 40
0.0
 40
0.0
 40
0.0
 40
0.1428571428571428
 40
0.1428571428571428
 40
0.1428571428571428
 40
0.1428571528571428
 40
0.2857142857142857
 40
0.2857142857142857
 40
0.2857142857142857
 40
0.2857142957142857
 40
0.428571428571429
 40
0.428571428571429
 40
0.428571428571429
 40
0.4285714385714289
 40
0.5714285714285714
 40
0.5714285714285714
 40
0.5714285714285714
 40
0.5714285814285715
 40
0.7142857142857145
 40
0.7142857142857145
 40
0.7142857142857145
 40
0.7142857242857146
 40
1.0
 40
1.0
 40
1.0
 40
1.0
 10
1119.198176419963
 20
717.4079535208395
 30
0.0
 10
1119.198176419963
 20
717.4079535208395
 30
0.0
 10
1119.415087848549
 20
717.4079535208395
 30
0.0
 10
1119.415087848549
 20
717.4079535208395
 30
0.0
 10
1119.415087848549
 20
717.4079535208395
 30
0.0
 10
1119.415087848549
 20
717.527614211461
 30
0.0
 10
1119.317837110586
 20
717.6248649494202
 30
0.0
 10
1119.198176419963
 20
717.6248649494202
 30
0.0
 10
1119.198176419963
 20
717.6248649494202
 30
0.0
 10
1119.078938558643
 20
717.6248649494202
 30
0.0
 10
1118.981687820673
 20
717.527614211461
 30
0.0
 10
1118.981687820673
 20
717.4079535208395
 30
0.0
 10
1118.981687820673
 20
717.4079535208395
 30
0.0
 10
1118.981687820673
 20
717.2887156595128
 30
0.0
 10
1119.078938558643
 20
717.1910420922569
 30
0.0
 10
1119.198176419963
 20
717.1910420922569
 30
0.0
 10
1119.198176419963
 20
717.1910420922569
 30
0.0
 10
1119.317837110586
 20
717.1910420922569
 30
0.0
 10
1119.415087848549
 20
717.2887156595128
 30
0.0
 10
1119.415087848549
 20
717.4079535208395
 30
0.0
 10
1119.415087848549
 20
717.4079535208395
 30
0.0
 10
1119.415087848549
 20
717.4079535208395
 30
0.0
 10
1119.198176419963
 20
717.4079535208395
 30
0.0
 10
1119.198176419963
 20
717.4079535208395
 30
0.0
  0
SPLINE
  5
7EF
330
1F
100
AcDbEntity
  8
ºöåçæÄ
100
AcDbSpline
210
0.0
220
0.0
230
0.0
 70
    24
 71
     3
 72
     8
 73
     4
 74
     0
 42
0.000000001
 43
0.0000000001
 40
0.0
 40
0.0
 40
0.0
 40
0.0
 40
1.0
 40
1.0
 40
1.0
 40
1.0
 10
1119.741089235362
 20
717.9500206776495
 30
0.0
 10
1119.741089235362
 20
717.9500206776495
 30
0.0
 10
1122.173203342991
 20
720.3829804438621
 30
0.0
 10
1122.173203342991
 20
720.3829804438621
 30
0.0
  0
SPLINE
  5
7F0
330
1F
100
AcDbEntity
  8
ºöåçæÄ
100
AcDbSpline
210
0.0
220
0.0
230
0.0
 70
    24
 71
     3
 72
     8
 73
     4
 74
     0
 42
0.000000001
 43
0.0000000001
 40
0.0
 40
0.0
 40
0.0
 40
0.0
 40
1.0
 40
1.0
 40
1.0
 40
1.0
 10
1117.018491401741
 20
713.0553487531317
 30
0.0
 10
1117.018491401741
 20
713.0553487531317
 30
0.0
 10
1117.838780234986
 20
713.8756375863697
 30
0.0
 10
1117.838780234986
 20
713.8756375863697
 30
0.0
  0
SPLINE
  5
7F1
330
1F
100
AcDbEntity
  8
ºöåçæÄ
100
AcDbSpline
210
0.0
220
0.0
230
1.0
 70
    11
 71
     3
 72
    28
 73
    24
 74
     0
 42
0.000000001
 43
0.0000000001
 40
0.0
 40
0.0
 40
0.0
 40
0.0
 40
0.1428571428571428
 40
0.1428571428571428
 40
0.1428571428571428
 40
0.1428571528571428
 40
0.2857142857142857
 40
0.2857142857142857
 40
0.2857142857142857
 40
0.2857142957142857
 40
0.428571428571429
 40
0.428571428571429
 40
0.428571428571429
 40
0.4285714385714289
 40
0.5714285714285714
 40
0.5714285714285714
 40
0.5714285714285714
 40
0.5714285814285715
 40
0.7142857142857145
 40
0.7142857142857145
 40
0.7142857142857145
 40
0.7142857242857146
 40
1.0
 40
1.0
 40
1.0
 40
1.0
 10
1118.381270221089
 20
714.4185504017688
 30
0.0
 10
1118.381270221089
 20
714.4185504017688
 30
0.0
 10
1118.598181649675
 20
714.4185504017688
 30
0.0
 10
1118.598181649675
 20
714.4185504017688
 30
0.0
 10
1118.598181649675
 20
714.4185504017688
 30
0.0
 10
1118.598181649675
 20
714.5382110923923
 30
0.0
 10
1118.500930911713
 20
714.6354618303514
 30
0.0
 10
1118.381270221089
 20
714.6354618303514
 30
0.0
 10
1118.381270221089
 20
714.6354618303514
 30
0.0
 10
1118.26203235977
 20
714.6354618303514
 30
0.0
 10
1118.164781621807
 20
714.5382110923923
 30
0.0
 10
1118.164781621807
 20
714.4185504017688
 30
0.0
 10
1118.164781621807
 20
714.4185504017688
 30
0.0
 10
1118.164781621807
 20
714.2993125404439
 30
0.0
 10
1118.26203235977
 20
714.2020618024827
 30
0.0
 10
1118.381270221089
 20
714.2020618024827
 30
0.0
 10
1118.381270221089
 20
714.2020618024827
 30
0.0
 10
1118.500930911713
 20
714.2020618024827
 30
0.0
 10
1118.598181649675
 20
714.2993125404439
 30
0.0
 10
1118.598181649675
 20
714.4185504017688
 30
0.0
 10
1118.598181649675
 20
714.4185504017688
 30
0.0
 10
1118.598181649675
 20
714.4185504017688
 30
0.0
 10
1118.381270221089
 20
714.4185504017688
 30
0.0
 10
1118.381270221089
 20
714.4185504017688
 30
0.0
  0
SPLINE
  5
7F2
330
1F
100
AcDbEntity
  8
ºöåçæÄ
100
AcDbSpline
210
0.0
220
0.0
230
0.0
 70
    24
 71
     3
 72
     8
 73
     4
 74
     0
 42
0.000000001
 43
0.0000000001
 40
0.0
 40
0.0
 40
0.0
 40
0.0
 40
1.0
 40
1.0
 40
1.0
 40
1.0
 10
1118.925874353674
 20
714.9606175585806
 30
0.0
 10
1118.925874353674
 20
714.9606175585806
 30
0.0
 10
1121.642975406449
 20
717.6777186113568
 30
0.0
 10
1121.642975406449
 20
717.6777186113568
 30
0.0
  0
SPLINE
  5
7F3
330
1F
100
AcDbEntity
  8
ºöåçæÄ
100
AcDbSpline
210
0.0
220
0.0
230
1.0
 70
    11
 71
     3
 72
    28
 73
    24
 74
     0
 42
0.000000001
 43
0.0000000001
 40
0.0
 40
0.0
 40
0.0
 40
0.0
 40
0.1428571428571428
 40
0.1428571428571428
 40
0.1428571428571428
 40
0.1428571528571428
 40
0.2857142857142857
 40
0.2857142857142857
 40
0.2857142857142857
 40
0.2857142957142857
 40
0.428571428571429
 40
0.428571428571429
 40
0.428571428571429
 40
0.4285714385714289
 40
0.5714285714285714
 40
0.5714285714285714
 40
0.5714285714285714
 40
0.5714285814285715
 40
0.7142857142857145
 40
0.7142857142857145
 40
0.7142857142857145
 40
0.7142857242857146
 40
1.0
 40
1.0
 40
1.0
 40
1.0
 10
1122.185465392559
 20
718.2227455732365
 30
0.0
 10
1122.185465392559
 20
718.2227455732365
 30
0.0
 10
1122.402376821137
 20
718.2227455732365
 30
0.0
 10
1122.402376821137
 20
718.2227455732365
 30
0.0
 10
1122.402376821137
 20
718.2227455732365
 30
0.0
 10
1122.402376821137
 20
718.342406263858
 30
0.0
 10
1122.305126083175
 20
718.4396570018191
 30
0.0
 10
1122.185465392559
 20
718.4396570018191
 30
0.0
 10
1122.185465392559
 20
718.4396570018191
 30
0.0
 10
1122.066227531232
 20
718.4396570018191
 30
0.0
 10
1121.968976793269
 20
718.342406263858
 30
0.0
 10
1121.968976793269
 20
718.2227455732365
 30
0.0
 10
1121.968976793269
 20
718.2227455732365
 30
0.0
 10
1121.968976793269
 20
718.1035077119097
 30
0.0
 10
1122.066227531232
 20
718.0062569739487
 30
0.0
 10
1122.185465392559
 20
718.0062569739487
 30
0.0
 10
1122.185465392559
 20
718.0062569739487
 30
0.0
 10
1122.305126083175
 20
718.0062569739487
 30
0.0
 10
1122.402376821137
 20
718.1035077119097
 30
0.0
 10
1122.402376821137
 20
718.2227455732365
 30
0.0
 10
1122.402376821137
 20
718.2227455732365
 30
0.0
 10
1122.402376821137
 20
718.2227455732365
 30
0.0
 10
1122.185465392559
 20
718.2227455732365
 30
0.0
 10
1122.185465392559
 20
718.2227455732365
 30
0.0
  0
SPLINE
  5
7F4
330
1F
100
AcDbEntity
  8
ºöåçæÄ
100
AcDbSpline
210
0.0
220
0.0
230
0.0
 70
    24
 71
     3
 72
     8
 73
     4
 74
     0
 42
0.000000001
 43
0.0000000001
 40
0.0
 40
0.0
 40
0.0
 40
0.0
 40
1.0
 40
1.0
 40
1.0
 40
1.0
 10
1122.730069525136
 20
718.7648127300465
 30
0.0
 10
1122.730069525136
 20
718.7648127300465
 30
0.0
 10
1124.347814409663
 20
720.3829804438621
 30
0.0
 10
1124.347814409663
 20
720.3829804438621
 30
0.0
  0
SPLINE
  5
7F5
330
1F
100
AcDbEntity
  8
ºöåçæÄ
100
AcDbSpline
210
0.0
220
0.0
230
1.0
 70
    11
 71
     3
 72
    28
 73
    24
 74
     0
 42
0.000000001
 43
0.0000000001
 40
0.0
 40
0.0
 40
0.0
 40
0.0
 40
0.1428571428571428
 40
0.1428571428571428
 40
0.1428571428571428
 40
0.1428571528571428
 40
0.2857142857142857
 40
0.2857142857142857
 40
0.2857142857142857
 40
0.2857142957142857
 40
0.428571428571429
 40
0.428571428571429
 40
0.428571428571429
 40
0.4285714385714289
 40
0.5714285714285714
 40
0.5714285714285714
 40
0.5714285714285714
 40
0.5714285814285715
 40
0.7142857142857145
 40
0.7142857142857145
 40
0.7142857142857145
 40
0.7142857242857146
 40
1.0
 40
1.0
 40
1.0
 40
1.0
 10
1117.568592315173
 20
711.4295701119963
 30
0.0
 10
1117.568592315173
 20
711.4295701119963
 30
0.0
 10
1117.785080914462
 20
711.4295701119963
 30
0.0
 10
1117.785080914462
 20
711.4295701119963
 30
0.0
 10
1117.785080914462
 20
711.4295701119963
 30
0.0
 10
1117.785080914462
 20
711.5488079733215
 30
0.0
 10
1117.687830176499
 20
711.6460587112826
 30
0.0
 10
1117.568592315173
 20
711.6460587112826
 30
0.0
 10
1117.568592315173
 20
711.6460587112826
 30
0.0
 10
1117.448931624557
 20
711.6460587112826
 30
0.0
 10
1117.351680886594
 20
711.5488079733215
 30
0.0
 10
1117.351680886594
 20
711.4295701119963
 30
0.0
 10
1117.351680886594
 20
711.4295701119963
 30
0.0
 10
1117.351680886594
 20
711.3099094213751
 30
0.0
 10
1117.448931624557
 20
711.2126586834123
 30
0.0
 10
1117.568592315173
 20
711.2126586834123
 30
0.0
 10
1117.568592315173
 20
711.2126586834123
 30
0.0
 10
1117.687830176499
 20
711.2126586834123
 30
0.0
 10
1117.785080914462
 20
711.3099094213751
 30
0.0
 10
1117.785080914462
 20
711.4295701119963
 30
0.0
 10
1117.785080914462
 20
711.4295701119963
 30
0.0
 10
1117.785080914462
 20
711.4295701119963
 30
0.0
 10
1117.568592315173
 20
711.4295701119963
 30
0.0
 10
1117.568592315173
 20
711.4295701119963
 30
0.0
  0
SPLINE
  5
7F6
330
1F
100
AcDbEntity
  8
ºöåçæÄ
100
AcDbSpline
210
0.0
220
0.0
230
0.0
 70
    24
 71
     3
 72
     8
 73
     4
 74
     0
 42
0.000000001
 43
0.0000000001
 40
0.0
 40
0.0
 40
0.0
 40
0.0
 40
1.0
 40
1.0
 40
1.0
 40
1.0
 10
1118.111082301275
 20
711.9733285859868
 30
0.0
 10
1118.111082301275
 20
711.9733285859868
 30
0.0
 10
1120.828183354057
 20
714.6883154922882
 30
0.0
 10
1120.828183354057
 20
714.6883154922882
 30
0.0
  0
SPLINE
  5
7F7
330
1F
100
AcDbEntity
  8
ºöåçæÄ
100
AcDbSpline
210
0.0
220
0.0
230
1.0
 70
    11
 71
     3
 72
    28
 73
    24
 74
     0
 42
0.000000001
 43
0.0000000001
 40
0.0
 40
0.0
 40
0.0
 40
0.0
 40
0.1428571428571428
 40
0.1428571428571428
 40
0.1428571428571428
 40
0.1428571528571428
 40
0.2857142857142857
 40
0.2857142857142857
 40
0.2857142857142857
 40
0.2857142957142857
 40
0.428571428571429
 40
0.428571428571429
 40
0.428571428571429
 40
0.4285714385714289
 40
0.5714285714285714
 40
0.5714285714285714
 40
0.5714285714285714
 40
0.5714285814285715
 40
0.7142857142857145
 40
0.7142857142857145
 40
0.7142857142857145
 40
0.7142857242857146
 40
1.0
 40
1.0
 40
1.0
 40
1.0
 10
1121.37067334016
 20
715.2337652834622
 30
0.0
 10
1121.37067334016
 20
715.2337652834622
 30
0.0
 10
1121.587584768739
 20
715.2337652834622
 30
0.0
 10
1121.587584768739
 20
715.2337652834622
 30
0.0
 10
1121.587584768739
 20
715.2337652834622
 30
0.0
 10
1121.587584768739
 20
715.3530031447892
 30
0.0
 10
1121.490334030783
 20
715.45025388275
 30
0.0
 10
1121.37067334016
 20
715.45025388275
 30
0.0
 10
1121.37067334016
 20
715.45025388275
 30
0.0
 10
1121.251435478833
 20
715.45025388275
 30
0.0
 10
1121.154184740885
 20
715.3530031447892
 30
0.0
 10
1121.154184740885
 20
715.2337652834622
 30
0.0
 10
1121.154184740885
 20
715.2337652834622
 30
0.0
 10
1121.154184740885
 20
715.1141045928389
 30
0.0
 10
1121.251435478833
 20
715.0168538548797
 30
0.0
 10
1121.37067334016
 20
715.0168538548797
 30
0.0
 10
1121.37067334016
 20
715.0168538548797
 30
0.0
 10
1121.490334030783
 20
715.0168538548797
 30
0.0
 10
1121.587584768739
 20
715.1141045928389
 30
0.0
 10
1121.587584768739
 20
715.2337652834622
 30
0.0
 10
1121.587584768739
 20
715.2337652834622
 30
0.0
 10
1121.587584768739
 20
715.2337652834622
 30
0.0
 10
1121.37067334016
 20
715.2337652834622
 30
0.0
 10
1121.37067334016
 20
715.2337652834622
 30
0.0
  0
SPLINE
  5
7F8
330
1F
100
AcDbEntity
  8
ºöåçæÄ
100
AcDbSpline
210
0.0
220
0.0
230
0.0
 70
    24
 71
     3
 72
     8
 73
     4
 74
     0
 42
0.000000001
 43
0.0000000001
 40
0.0
 40
0.0
 40
0.0
 40
0.0
 40
1.0
 40
1.0
 40
1.0
 40
1.0
 10
1121.915277472745
 20
715.7775237574542
 30
0.0
 10
1121.915277472745
 20
715.7775237574542
 30
0.0
 10
1124.632378525519
 20
718.4925106637559
 30
0.0
 10
1124.632378525519
 20
718.4925106637559
 30
0.0
  0
SPLINE
  5
7F9
330
1F
100
AcDbEntity
  8
ºöåçæÄ
100
AcDbSpline
210
0.0
220
0.0
230
1.0
 70
    11
 71
     3
 72
    28
 73
    24
 74
     0
 42
0.000000001
 43
0.0000000001
 40
0.0
 40
0.0
 40
0.0
 40
0.0
 40
0.1428571428571428
 40
0.1428571428571428
 40
0.1428571428571428
 40
0.1428571528571428
 40
0.2857142857142857
 40
0.2857142857142857
 40
0.2857142857142857
 40
0.2857142957142857
 40
0.428571428571429
 40
0.428571428571429
 40
0.428571428571429
 40
0.4285714385714289
 40
0.5714285714285714
 40
0.5714285714285714
 40
0.5714285714285714
 40
0.5714285814285715
 40
0.7142857142857145
 40
0.7142857142857145
 40
0.7142857142857145
 40
0.7142857242857146
 40
1.0
 40
1.0
 40
1.0
 40
1.0
 10
1125.174868511637
 20
719.0362691377461
 30
0.0
 10
1125.174868511637
 20
719.0362691377461
 30
0.0
 10
1125.391779940215
 20
719.0362691377461
 30
0.0
 10
1125.391779940215
 20
719.0362691377461
 30
0.0
 10
1125.391779940215
 20
719.0362691377461
 30
0.0
 10
1125.391779940215
 20
719.1559298283673
 30
0.0
 10
1125.294529202238
 20
719.2531805663304
 30
0.0
 10
1125.174868511637
 20
719.2531805663304
 30
0.0
 10
1125.174868511637
 20
719.2531805663304
 30
0.0
 10
1125.055630650295
 20
719.2531805663304
 30
0.0
 10
1124.95837991234
 20
719.1559298283673
 30
0.0
 10
1124.95837991234
 20
719.0362691377461
 30
0.0
 10
1124.95837991234
 20
719.0362691377461
 30
0.0
 10
1124.95837991234
 20
718.9170312764193
 30
0.0
 10
1125.055630650295
 20
718.8193577091616
 30
0.0
 10
1125.174868511637
 20
718.8193577091616
 30
0.0
 10
1125.174868511637
 20
718.8193577091616
 30
0.0
 10
1125.294529202238
 20
718.8193577091616
 30
0.0
 10
1125.391779940215
 20
718.9170312764193
 30
0.0
 10
1125.391779940215
 20
719.0362691377461
 30
0.0
 10
1125.391779940215
 20
719.0362691377461
 30
0.0
 10
1125.391779940215
 20
719.0362691377461
 30
0.0
 10
1125.174868511637
 20
719.0362691377461
 30
0.0
 10
1125.174868511637
 20
719.0362691377461
 30
0.0
  0
SPLINE
  5
7FA
330
1F
100
AcDbEntity
  8
ºöåçæÄ
100
AcDbSpline
210
0.0
220
0.0
230
0.0
 70
    24
 71
     3
 72
     8
 73
     4
 74
     0
 42
0.000000001
 43
0.0000000001
 40
0.0
 40
0.0
 40
0.0
 40
0.0
 40
1.0
 40
1.0
 40
1.0
 40
1.0
 10
1125.717781327028
 20
719.5800276117363
 30
0.0
 10
1125.717781327028
 20
719.5800276117363
 30
0.0
 10
1126.520311329852
 20
720.3829804438621
 30
0.0
 10
1126.520311329852
 20
720.3829804438621
 30
0.0
  0
SPLINE
  5
7FB
330
1F
100
AcDbEntity
  8
ºöåçæÄ
100
AcDbSpline
210
0.0
220
0.0
230
0.0
 70
    24
 71
     3
 72
     8
 73
     4
 74
     0
 42
0.000000001
 43
0.0000000001
 40
0.0
 40
0.0
 40
0.0
 40
0.0
 40
1.0
 40
1.0
 40
1.0
 40
1.0
 10
1118.976191039834
 20
710.6646719164666
 30
0.0
 10
1118.976191039834
 20
710.6646719164666
 30
0.0
 10
1120.013391301665
 20
711.7010265196961
 30
0.0
 10
1120.013391301665
 20
711.7010265196961
 30
0.0
  0
SPLINE
  5
7FC
330
1F
100
AcDbEntity
  8
ºöåçæÄ
100
AcDbSpline
210
0.0
220
0.0
230
1.0
 70
    11
 71
     3
 72
    28
 73
    24
 74
     0
 42
0.000000001
 43
0.0000000001
 40
0.0
 40
0.0
 40
0.0
 40
0.0
 40
0.1428571428571428
 40
0.1428571428571428
 40
0.1428571428571428
 40
0.1428571528571428
 40
0.2857142857142857
 40
0.2857142857142857
 40
0.2857142857142857
 40
0.2857142957142857
 40
0.428571428571429
 40
0.428571428571429
 40
0.428571428571429
 40
0.4285714385714289
 40
0.5714285714285714
 40
0.5714285714285714
 40
0.5714285714285714
 40
0.5714285814285715
 40
0.7142857142857145
 40
0.7142857142857145
 40
0.7142857142857145
 40
0.7142857242857146
 40
1.0
 40
1.0
 40
1.0
 40
1.0
 10
1120.555881287768
 20
712.2443621643935
 30
0.0
 10
1120.555881287768
 20
712.2443621643935
 30
0.0
 10
1120.772792716347
 20
712.2443621643935
 30
0.0
 10
1120.772792716347
 20
712.2443621643935
 30
0.0
 10
1120.772792716347
 20
712.2443621643935
 30
0.0
 10
1120.772792716347
 20
712.3636000257167
 30
0.0
 10
1120.675119149088
 20
712.4608507636796
 30
0.0
 10
1120.555881287768
 20
712.4608507636796
 30
0.0
 10
1120.555881287768
 20
712.4608507636796
 30
0.0
 10
1120.436220597138
 20
712.4608507636796
 30
0.0
 10
1120.338969859182
 20
712.3636000257167
 30
0.0
 10
1120.338969859182
 20
712.2443621643935
 30
0.0
 10
1120.338969859182
 20
712.2443621643935
 30
0.0
 10
1120.338969859182
 20
712.1247014737702
 30
0.0
 10
1120.436220597138
 20
712.027450735811
 30
0.0
 10
1120.555881287768
 20
712.027450735811
 30
0.0
 10
1120.555881287768
 20
712.027450735811
 30
0.0
 10
1120.675119149088
 20
712.027450735811
 30
0.0
 10
1120.772792716347
 20
712.1247014737702
 30
0.0
 10
1120.772792716347
 20
712.2443621643935
 30
0.0
 10
1120.772792716347
 20
712.2443621643935
 30
0.0
 10
1120.772792716347
 20
712.2443621643935
 30
0.0
 10
1120.555881287768
 20
712.2443621643935
 30
0.0
 10
1120.555881287768
 20
712.2443621643935
 30
0.0
  0
SPLINE
  5
7FD
330
1F
100
AcDbEntity
  8
ºöåçæÄ
100
AcDbSpline
210
0.0
220
0.0
230
0.0
 70
    24
 71
     3
 72
     8
 73
     4
 74
     0
 42
0.000000001
 43
0.0000000001
 40
0.0
 40
0.0
 40
0.0
 40
0.0
 40
1.0
 40
1.0
 40
1.0
 40
1.0
 10
1121.098371273871
 20
712.7885434676803
 30
0.0
 10
1121.098371273871
 20
712.7885434676803
 30
0.0
 10
1123.81758647312
 20
715.5052216911638
 30
0.0
 10
1123.81758647312
 20
715.5052216911638
 30
0.0
  0
SPLINE
  5
7FE
330
1F
100
AcDbEntity
  8
ºöåçæÄ
100
AcDbSpline
210
0.0
220
0.0
230
1.0
 70
    11
 71
     3
 72
    28
 73
    24
 74
     0
 42
0.000000001
 43
0.0000000001
 40
0.0
 40
0.0
 40
0.0
 40
0.0
 40
0.1428571428571428
 40
0.1428571428571428
 40
0.1428571428571428
 40
0.1428571528571428
 40
0.2857142857142857
 40
0.2857142857142857
 40
0.2857142857142857
 40
0.2857142957142857
 40
0.428571428571429
 40
0.428571428571429
 40
0.428571428571429
 40
0.4285714385714289
 40
0.5714285714285714
 40
0.5714285714285714
 40
0.5714285714285714
 40
0.5714285814285715
 40
0.7142857142857145
 40
0.7142857142857145
 40
0.7142857142857145
 40
0.7142857242857146
 40
1.0
 40
1.0
 40
1.0
 40
1.0
 10
1124.36007645923
 20
716.0485573358592
 30
0.0
 10
1124.36007645923
 20
716.0485573358592
 30
0.0
 10
1124.576987887809
 20
716.0485573358592
 30
0.0
 10
1124.576987887809
 20
716.0485573358592
 30
0.0
 10
1124.576987887809
 20
716.0485573358592
 30
0.0
 10
1124.576987887809
 20
716.1677951971862
 30
0.0
 10
1124.47931432055
 20
716.2650459351453
 30
0.0
 10
1124.36007645923
 20
716.2650459351453
 30
0.0
 10
1124.36007645923
 20
716.2650459351453
 30
0.0
 10
1124.240415768607
 20
716.2650459351453
 30
0.0
 10
1124.143165030644
 20
716.1677951971862
 30
0.0
 10
1124.143165030644
 20
716.0485573358592
 30
0.0
 10
1124.143165030644
 20
716.0485573358592
 30
0.0
 10
1124.143165030644
 20
715.928896645236
 30
0.0
 10
1124.240415768607
 20
715.8316459072769
 30
0.0
 10
1124.36007645923
 20
715.8316459072769
 30
0.0
 10
1124.36007645923
 20
715.8316459072769
 30
0.0
 10
1124.47931432055
 20
715.8316459072769
 30
0.0
 10
1124.576987887809
 20
715.928896645236
 30
0.0
 10
1124.576987887809
 20
716.0485573358592
 30
0.0
 10
1124.576987887809
 20
716.0485573358592
 30
0.0
 10
1124.576987887809
 20
716.0485573358592
 30
0.0
 10
1124.36007645923
 20
716.0485573358592
 30
0.0
 10
1124.36007645923
 20
716.0485573358592
 30
0.0
  0
SPLINE
  5
7FF
330
1F
100
AcDbEntity
  8
ºöåçæÄ
100
AcDbSpline
210
0.0
220
0.0
230
0.0
 70
    24
 71
     3
 72
     8
 73
     4
 74
     0
 42
0.000000001
 43
0.0000000001
 40
0.0
 40
0.0
 40
0.0
 40
0.0
 40
1.0
 40
1.0
 40
1.0
 40
1.0
 10
1124.902566445333
 20
716.5906244926675
 30
0.0
 10
1124.902566445333
 20
716.5906244926675
 30
0.0
 10
1127.619667498108
 20
719.3081483747403
 30
0.0
 10
1127.619667498108
 20
719.3081483747403
 30
0.0
  0
SPLINE
  5
800
330
1F
100
AcDbEntity
  8
ºöåçæÄ
100
AcDbSpline
210
0.0
220
0.0
230
1.0
 70
    11
 71
     3
 72
    28
 73
    24
 74
     0
 42
0.000000001
 43
0.0000000001
 40
0.0
 40
0.0
 40
0.0
 40
0.0
 40
0.1428571428571428
 40
0.1428571428571428
 40
0.1428571428571428
 40
0.1428571528571428
 40
0.2857142857142857
 40
0.2857142857142857
 40
0.2857142857142857
 40
0.2857142957142857
 40
0.428571428571429
 40
0.428571428571429
 40
0.428571428571429
 40
0.4285714385714289
 40
0.5714285714285714
 40
0.5714285714285714
 40
0.5714285714285714
 40
0.5714285814285715
 40
0.7142857142857145
 40
0.7142857142857145
 40
0.7142857142857145
 40
0.7142857242857146
 40
1.0
 40
1.0
 40
1.0
 40
1.0
 10
1128.164271630692
 20
719.8527525073252
 30
0.0
 10
1128.164271630692
 20
719.8527525073252
 30
0.0
 10
1128.381183059279
 20
719.8527525073252
 30
0.0
 10
1128.381183059279
 20
719.8527525073252
 30
0.0
 10
1128.381183059279
 20
719.8527525073252
 30
0.0
 10
1128.381183059279
 20
719.9719903686522
 30
0.0
 10
1128.283509492012
 20
720.0692411066112
 30
0.0
 10
1128.164271630692
 20
720.0692411066112
 30
0.0
 10
1128.164271630692
 20
720.0692411066112
 30
0.0
 10
1128.044610940069
 20
720.0692411066112
 30
0.0
 10
1127.947360202114
 20
719.9719903686522
 30
0.0
 10
1127.947360202114
 20
719.8527525073252
 30
0.0
 10
1127.947360202114
 20
719.8527525073252
 30
0.0
 10
1127.947360202114
 20
719.7330918167018
 30
0.0
 10
1128.044610940069
 20
719.6358410787427
 30
0.0
 10
1128.164271630692
 20
719.6358410787427
 30
0.0
 10
1128.164271630692
 20
719.6358410787427
 30
0.0
 10
1128.283509492012
 20
719.6358410787427
 30
0.0
 10
1128.381183059279
 20
719.7330918167018
 30
0.0
 10
1128.381183059279
 20
719.8527525073252
 30
0.0
 10
1128.381183059279
 20
719.8527525073252
 30
0.0
 10
1128.381183059279
 20
719.8527525073252
 30
0.0
 10
1128.164271630692
 20
719.8527525073252
 30
0.0
 10
1128.164271630692
 20
719.8527525073252
 30
0.0
  0
SPLINE
  5
801
330
1F
100
AcDbEntity
  8
ºöåçæÄ
100
AcDbSpline
210
0.0
220
0.0
230
0.0
 70
    24
 71
     3
 72
     8
 73
     4
 74
     0
 42
0.000000001
 43
0.0000000001
 40
0.0
 40
0.0
 40
0.0
 40
0.0
 40
1.0
 40
1.0
 40
1.0
 40
1.0
 10
1121.148687960031
 20
710.6646719164666
 30
0.0
 10
1121.148687960031
 20
710.6646719164666
 30
0.0
 10
1123.000680274247
 20
712.5162414013896
 30
0.0
 10
1123.000680274247
 20
712.5162414013896
 30
0.0
  0
SPLINE
  5
802
330
1F
100
AcDbEntity
  8
ºöåçæÄ
100
AcDbSpline
210
0.0
220
0.0
230
1.0
 70
    11
 71
     3
 72
    28
 73
    24
 74
     0
 42
0.000000001
 43
0.0000000001
 40
0.0
 40
0.0
 40
0.0
 40
0.0
 40
0.1428571428571428
 40
0.1428571428571428
 40
0.1428571428571428
 40
0.1428571528571428
 40
0.2857142857142857
 40
0.2857142857142857
 40
0.2857142857142857
 40
0.2857142957142857
 40
0.428571428571429
 40
0.428571428571429
 40
0.428571428571429
 40
0.4285714385714289
 40
0.5714285714285714
 40
0.5714285714285714
 40
0.5714285714285714
 40
0.5714285814285715
 40
0.7142857142857145
 40
0.7142857142857145
 40
0.7142857142857145
 40
0.7142857242857146
 40
1.0
 40
1.0
 40
1.0
 40
1.0
 10
1123.545284406824
 20
713.0591542167888
 30
0.0
 10
1123.545284406824
 20
713.0591542167888
 30
0.0
 10
1123.761773006121
 20
713.0591542167888
 30
0.0
 10
1123.761773006121
 20
713.0591542167888
 30
0.0
 10
1123.761773006121
 20
713.0591542167888
 30
0.0
 10
1123.761773006121
 20
713.1788149074118
 30
0.0
 10
1123.664522268158
 20
713.2760656453728
 30
0.0
 10
1123.545284406824
 20
713.2760656453728
 30
0.0
 10
1123.545284406824
 20
713.2760656453728
 30
0.0
 10
1123.425623716216
 20
713.2760656453728
 30
0.0
 10
1123.328372978253
 20
713.1788149074118
 30
0.0
 10
1123.328372978253
 20
713.0591542167888
 30
0.0
 10
1123.328372978253
 20
713.0591542167888
 30
0.0
 10
1123.328372978253
 20
712.9399163554637
 30
0.0
 10
1123.425623716216
 20
712.8426656175028
 30
0.0
 10
1123.545284406824
 20
712.8426656175028
 30
0.0
 10
1123.545284406824
 20
712.8426656175028
 30
0.0
 10
1123.664522268158
 20
712.8426656175028
 30
0.0
 10
1123.761773006121
 20
712.9399163554637
 30
0.0
 10
1123.761773006121
 20
713.0591542167888
 30
0.0
 10
1123.761773006121
 20
713.0591542167888
 30
0.0
 10
1123.761773006121
 20
713.0591542167888
 30
0.0
 10
1123.545284406824
 20
713.0591542167888
 30
0.0
 10
1123.545284406824
 20
713.0591542167888
 30
0.0
  0
SPLINE
  5
803
330
1F
100
AcDbEntity
  8
ºöåçæÄ
100
AcDbSpline
210
0.0
220
0.0
230
0.0
 70
    24
 71
     3
 72
     8
 73
     4
 74
     0
 42
0.000000001
 43
0.0000000001
 40
0.0
 40
0.0
 40
0.0
 40
0.0
 40
1.0
 40
1.0
 40
1.0
 40
1.0
 10
1124.087774392934
 20
713.6033355200772
 30
0.0
 10
1124.087774392934
 20
713.6033355200772
 30
0.0
 10
1126.804875445716
 20
716.3204365728537
 30
0.0
 10
1126.804875445716
 20
716.3204365728537
 30
0.0
  0
SPLINE
  5
804
330
1F
100
AcDbEntity
  8
ºöåçæÄ
100
AcDbSpline
210
0.0
220
0.0
230
1.0
 70
    11
 71
     3
 72
    28
 73
    24
 74
     0
 42
0.000000001
 43
0.0000000001
 40
0.0
 40
0.0
 40
0.0
 40
0.0
 40
0.1428571428571428
 40
0.1428571428571428
 40
0.1428571428571428
 40
0.1428571528571428
 40
0.2857142857142857
 40
0.2857142857142857
 40
0.2857142857142857
 40
0.2857142957142857
 40
0.428571428571429
 40
0.428571428571429
 40
0.428571428571429
 40
0.4285714385714289
 40
0.5714285714285714
 40
0.5714285714285714
 40
0.5714285714285714
 40
0.5714285814285715
 40
0.7142857142857145
 40
0.7142857142857145
 40
0.7142857142857145
 40
0.7142857242857146
 40
1.0
 40
1.0
 40
1.0
 40
1.0
 10
1127.347365431819
 20
716.8633493882562
 30
0.0
 10
1127.347365431819
 20
716.8633493882562
 30
0.0
 10
1127.564276860398
 20
716.8633493882562
 30
0.0
 10
1127.564276860398
 20
716.8633493882562
 30
0.0
 10
1127.564276860398
 20
716.8633493882562
 30
0.0
 10
1127.564276860398
 20
716.9830100788779
 30
0.0
 10
1127.467026122442
 20
717.0802608168386
 30
0.0
 10
1127.347365431819
 20
717.0802608168386
 30
0.0
 10
1127.347365431819
 20
717.0802608168386
 30
0.0
 10
1127.228127570485
 20
717.0802608168386
 30
0.0
 10
1127.13045400324
 20
716.9830100788779
 30
0.0
 10
1127.13045400324
 20
716.8633493882562
 30
0.0
 10
1127.13045400324
 20
716.8633493882562
 30
0.0
 10
1127.13045400324
 20
716.7441115269296
 30
0.0
 10
1127.228127570485
 20
716.6468607889685
 30
0.0
 10
1127.347365431819
 20
716.6468607889685
 30
0.0
 10
1127.347365431819
 20
716.6468607889685
 30
0.0
 10
1127.467026122442
 20
716.6468607889685
 30
0.0
 10
1127.564276860398
 20
716.7441115269296
 30
0.0
 10
1127.564276860398
 20
716.8633493882562
 30
0.0
 10
1127.564276860398
 20
716.8633493882562
 30
0.0
 10
1127.564276860398
 20
716.8633493882562
 30
0.0
 10
1127.347365431819
 20
716.8633493882562
 30
0.0
 10
1127.347365431819
 20
716.8633493882562
 30
0.0
  0
SPLINE
  5
805
330
1F
100
AcDbEntity
  8
ºöåçæÄ
100
AcDbSpline
210
0.0
220
0.0
230
0.0
 70
    24
 71
     3
 72
     8
 73
     4
 74
     0
 42
0.000000001
 43
0.0000000001
 40
0.0
 40
0.0
 40
0.0
 40
0.0
 40
1.0
 40
1.0
 40
1.0
 40
1.0
 10
1127.891969564411
 20
717.4075306915431
 30
0.0
 10
1127.891969564411
 20
717.4075306915431
 30
0.0
 10
1130.609070617178
 20
720.1246317443213
 30
0.0
 10
1130.609070617178
 20
720.1246317443213
 30
0.0
  0
SPLINE
  5
806
330
1F
100
AcDbEntity
  8
ºöåçæÄ
100
AcDbSpline
210
0.0
220
0.0
230
1.0
 70
    11
 71
     3
 72
    28
 73
    24
 74
     0
 42
0.000000001
 43
0.0000000001
 40
0.0
 40
0.0
 40
0.0
 40
0.0
 40
0.1428571428571428
 40
0.1428571428571428
 40
0.1428571428571428
 40
0.1428571528571428
 40
0.2857142857142857
 40
0.2857142857142857
 40
0.2857142857142857
 40
0.2857142957142857
 40
0.428571428571429
 40
0.428571428571429
 40
0.428571428571429
 40
0.4285714385714289
 40
0.5714285714285714
 40
0.5714285714285714
 40
0.5714285714285714
 40
0.5714285814285715
 40
0.7142857142857145
 40
0.7142857142857145
 40
0.7142857142857145
 40
0.7142857242857146
 40
1.0
 40
1.0
 40
1.0
 40
1.0
 10
1130.867419316728
 20
720.3834032731568
 30
0.0
 10
1130.867419316728
 20
720.3834032731568
 30
0.0
 10
1131.084330745307
 20
720.3834032731568
 30
0.0
 10
1131.084330745307
 20
720.3834032731568
 30
0.0
 10
1131.084330745307
 20
720.3834032731568
 30
0.0
 10
1131.084330745307
 20
720.5030639637782
 30
0.0
 10
1130.987080007352
 20
720.6003147017411
 30
0.0
 10
1130.867419316728
 20
720.6003147017411
 30
0.0
 10
1130.867419316728
 20
720.6003147017411
 30
0.0
 10
1130.748181455394
 20
720.6003147017411
 30
0.0
 10
1130.650930717431
 20
720.5030639637782
 30
0.0
 10
1130.650930717431
 20
720.3834032731568
 30
0.0
 10
1130.650930717431
 20
720.3834032731568
 30
0.0
 10
1130.650930717431
 20
720.2641654118318
 30
0.0
 10
1130.748181455394
 20
720.1669146738707
 30
0.0
 10
1130.867419316728
 20
720.1669146738707
 30
0.0
 10
1130.867419316728
 20
720.1669146738707
 30
0.0
 10
1130.987080007352
 20
720.1669146738707
 30
0.0
 10
1131.084330745307
 20
720.2641654118318
 30
0.0
 10
1131.084330745307
 20
720.3834032731568
 30
0.0
 10
1131.084330745307
 20
720.3834032731568
 30
0.0
 10
1131.084330745307
 20
720.3834032731568
 30
0.0
 10
1130.867419316728
 20
720.3834032731568
 30
0.0
 10
1130.867419316728
 20
720.3834032731568
 30
0.0
  0
SPLINE
  5
807
330
1F
100
AcDbEntity
  8
ºöåçæÄ
100
AcDbSpline
210
0.0
220
0.0
230
0.0
 70
    24
 71
     3
 72
     8
 73
     4
 74
     0
 42
0.000000001
 43
0.0000000001
 40
0.0
 40
0.0
 40
0.0
 40
0.0
 40
1.0
 40
1.0
 40
1.0
 40
1.0
 10
1123.322876197399
 20
710.6646719164666
 30
0.0
 10
1123.322876197399
 20
710.6646719164666
 30
0.0
 10
1125.989660564021
 20
713.3310334537847
 30
0.0
 10
1125.989660564021
 20
713.3310334537847
 30
0.0
  0
SPLINE
  5
808
330
1F
100
AcDbEntity
  8
ºöåçæÄ
100
AcDbSpline
210
0.0
220
0.0
230
1.0
 70
    11
 71
     3
 72
    28
 73
    24
 74
     0
 42
0.000000001
 43
0.0000000001
 40
0.0
 40
0.0
 40
0.0
 40
0.0
 40
0.1428571428571428
 40
0.1428571428571428
 40
0.1428571428571428
 40
0.1428571528571428
 40
0.2857142857142857
 40
0.2857142857142857
 40
0.2857142857142857
 40
0.2857142957142857
 40
0.428571428571429
 40
0.428571428571429
 40
0.428571428571429
 40
0.4285714385714289
 40
0.5714285714285714
 40
0.5714285714285714
 40
0.5714285714285714
 40
0.5714285814285715
 40
0.7142857142857145
 40
0.7142857142857145
 40
0.7142857142857145
 40
0.7142857242857146
 40
1.0
 40
1.0
 40
1.0
 40
1.0
 10
1126.534264696606
 20
713.8760604156625
 30
0.0
 10
1126.534264696606
 20
713.8760604156625
 30
0.0
 10
1126.751176125199
 20
713.8760604156625
 30
0.0
 10
1126.751176125199
 20
713.8760604156625
 30
0.0
 10
1126.751176125199
 20
713.8760604156625
 30
0.0
 10
1126.751176125199
 20
713.9952982769893
 30
0.0
 10
1126.653925387229
 20
714.0929718442488
 30
0.0
 10
1126.534264696606
 20
714.0929718442488
 30
0.0
 10
1126.534264696606
 20
714.0929718442488
 30
0.0
 10
1126.415026835279
 20
714.0929718442488
 30
0.0
 10
1126.317776097309
 20
713.9952982769893
 30
0.0
 10
1126.317776097309
 20
713.8760604156625
 30
0.0
 10
1126.317776097309
 20
713.8760604156625
 30
0.0
 10
1126.317776097309
 20
713.7568225543373
 30
0.0
 10
1126.415026835279
 20
713.6591489870816
 30
0.0
 10
1126.534264696606
 20
713.6591489870816
 30
0.0
 10
1126.534264696606
 20
713.6591489870816
 30
0.0
 10
1126.653925387229
 20
713.6591489870816
 30
0.0
 10
1126.751176125199
 20
713.7568225543373
 30
0.0
 10
1126.751176125199
 20
713.8760604156625
 30
0.0
 10
1126.751176125199
 20
713.8760604156625
 30
0.0
 10
1126.751176125199
 20
713.8760604156625
 30
0.0
 10
1126.534264696606
 20
713.8760604156625
 30
0.0
 10
1126.534264696606
 20
713.8760604156625
 30
0.0
  0
SPLINE
  5
809
330
1F
100
AcDbEntity
  8
ºöåçæÄ
100
AcDbSpline
210
0.0
220
0.0
230
0.0
 70
    24
 71
     3
 72
     8
 73
     4
 74
     0
 42
0.000000001
 43
0.0000000001
 40
0.0
 40
0.0
 40
0.0
 40
0.0
 40
1.0
 40
1.0
 40
1.0
 40
1.0
 10
1127.077177512005
 20
714.4181275724742
 30
0.0
 10
1127.077177512005
 20
714.4181275724742
 30
0.0
 10
1129.79385573549
 20
717.1352286252522
 30
0.0
 10
1129.79385573549
 20
717.1352286252522
 30
0.0
  0
SPLINE
  5
80A
330
1F
100
AcDbEntity
  8
ºöåçæÄ
100
AcDbSpline
210
0.0
220
0.0
230
1.0
 70
    11
 71
     3
 72
    28
 73
    24
 74
     0
 42
0.000000001
 43
0.0000000001
 40
0.0
 40
0.0
 40
0.0
 40
0.0
 40
0.1428571428571428
 40
0.1428571428571428
 40
0.1428571428571428
 40
0.1428571528571428
 40
0.2857142857142857
 40
0.2857142857142857
 40
0.2857142857142857
 40
0.2857142957142857
 40
0.428571428571429
 40
0.428571428571429
 40
0.428571428571429
 40
0.4285714385714289
 40
0.5714285714285714
 40
0.5714285714285714
 40
0.5714285714285714
 40
0.5714285814285715
 40
0.7142857142857145
 40
0.7142857142857145
 40
0.7142857142857145
 40
0.7142857242857146
 40
1.0
 40
1.0
 40
1.0
 40
1.0
 10
1130.33676855089
 20
717.6781414406515
 30
0.0
 10
1130.33676855089
 20
717.6781414406515
 30
0.0
 10
1130.553257150172
 20
717.6781414406515
 30
0.0
 10
1130.553257150172
 20
717.6781414406515
 30
0.0
 10
1130.553257150172
 20
717.6781414406515
 30
0.0
 10
1130.553257150172
 20
717.7978021312749
 30
0.0
 10
1130.456006412216
 20
717.895052869236
 30
0.0
 10
1130.33676855089
 20
717.895052869236
 30
0.0
 10
1130.33676855089
 20
717.895052869236
 30
0.0
 10
1130.217107860281
 20
717.895052869236
 30
0.0
 10
1130.119857122303
 20
717.7978021312749
 30
0.0
 10
1130.119857122303
 20
717.6781414406515
 30
0.0
 10
1130.119857122303
 20
717.6781414406515
 30
0.0
 10
1130.119857122303
 20
717.5589035793266
 30
0.0
 10
1130.217107860281
 20
717.4616528413674
 30
0.0
 10
1130.33676855089
 20
717.4616528413674
 30
0.0
 10
1130.33676855089
 20
717.4616528413674
 30
0.0
 10
1130.456006412216
 20
717.4616528413674
 30
0.0
 10
1130.553257150172
 20
717.5589035793266
 30
0.0
 10
1130.553257150172
 20
717.6781414406515
 30
0.0
 10
1130.553257150172
 20
717.6781414406515
 30
0.0
 10
1130.553257150172
 20
717.6781414406515
 30
0.0
 10
1130.33676855089
 20
717.6781414406515
 30
0.0
 10
1130.33676855089
 20
717.6781414406515
 30
0.0
  0
SPLINE
  5
80B
330
1F
100
AcDbEntity
  8
ºöåçæÄ
100
AcDbSpline
210
0.0
220
0.0
230
0.0
 70
    24
 71
     3
 72
     8
 73
     4
 74
     0
 42
0.000000001
 43
0.0000000001
 40
0.0
 40
0.0
 40
0.0
 40
0.0
 40
1.0
 40
1.0
 40
1.0
 40
1.0
 10
1130.881372683474
 20
718.2223227439383
 30
0.0
 10
1130.881372683474
 20
718.2223227439383
 30
0.0
 10
1133.0411847248
 20
720.3829804438621
 30
0.0
 10
1133.0411847248
 20
720.3829804438621
 30
0.0
  0
SPLINE
  5
80C
330
1F
100
AcDbEntity
  8
ºöåçæÄ
100
AcDbSpline
210
0.0
220
0.0
230
1.0
 70
    11
 71
     3
 72
    28
 73
    24
 74
     0
 42
0.000000001
 43
0.0000000001
 40
0.0
 40
0.0
 40
0.0
 40
0.0
 40
0.1428571428571428
 40
0.1428571428571428
 40
0.1428571428571428
 40
0.1428571528571428
 40
0.2857142857142857
 40
0.2857142857142857
 40
0.2857142857142857
 40
0.2857142957142857
 40
0.428571428571429
 40
0.428571428571429
 40
0.428571428571429
 40
0.4285714385714289
 40
0.5714285714285714
 40
0.5714285714285714
 40
0.5714285714285714
 40
0.5714285814285715
 40
0.7142857142857145
 40
0.7142857142857145
 40
0.7142857142857145
 40
0.7142857242857146
 40
1.0
 40
1.0
 40
1.0
 40
1.0
 10
1125.717781327028
 20
710.8866572965953
 30
0.0
 10
1125.717781327028
 20
710.8866572965953
 30
0.0
 10
1125.934269926318
 20
710.8866572965953
 30
0.0
 10
1125.934269926318
 20
710.8866572965953
 30
0.0
 10
1125.934269926318
 20
710.8866572965953
 30
0.0
 10
1125.934269926318
 20
711.0063179872152
 30
0.0
 10
1125.837019188355
 20
711.1035687251763
 30
0.0
 10
1125.717781327028
 20
711.1035687251763
 30
0.0
 10
1125.717781327028
 20
711.1035687251763
 30
0.0
 10
1125.598120636405
 20
711.1035687251763
 30
0.0
 10
1125.500869898442
 20
711.0063179872152
 30
0.0
 10
1125.500869898442
 20
710.8866572965953
 30
0.0
 10
1125.500869898442
 20
710.8866572965953
 30
0.0
 10
1125.500869898442
 20
710.7674194352687
 30
0.0
 10
1125.598120636405
 20
710.6701686973074
 30
0.0
 10
1125.717781327028
 20
710.6701686973074
 30
0.0
 10
1125.717781327028
 20
710.6701686973074
 30
0.0
 10
1125.837019188355
 20
710.6701686973074
 30
0.0
 10
1125.934269926318
 20
710.7674194352687
 30
0.0
 10
1125.934269926318
 20
710.8866572965953
 30
0.0
 10
1125.934269926318
 20
710.8866572965953
 30
0.0
 10
1125.934269926318
 20
710.8866572965953
 30
0.0
 10
1125.717781327028
 20
710.8866572965953
 30
0.0
 10
1125.717781327028
 20
710.8866572965953
 30
0.0
  0
SPLINE
  5
80D
330
1F
100
AcDbEntity
  8
ºöåçæÄ
100
AcDbSpline
210
0.0
220
0.0
230
0.0
 70
    24
 71
     3
 72
     8
 73
     4
 74
     0
 42
0.000000001
 43
0.0000000001
 40
0.0
 40
0.0
 40
0.0
 40
0.0
 40
1.0
 40
1.0
 40
1.0
 40
1.0
 10
1126.261962630317
 20
711.4287244534036
 30
0.0
 10
1126.261962630317
 20
711.4287244534036
 30
0.0
 10
1128.979063683091
 20
714.1458255061836
 30
0.0
 10
1128.979063683091
 20
714.1458255061836
 30
0.0
  0
SPLINE
  5
80E
330
1F
100
AcDbEntity
  8
ºöåçæÄ
100
AcDbSpline
210
0.0
220
0.0
230
1.0
 70
    11
 71
     3
 72
    28
 73
    24
 74
     0
 42
0.000000001
 43
0.0000000001
 40
0.0
 40
0.0
 40
0.0
 40
0.0
 40
0.1428571428571428
 40
0.1428571428571428
 40
0.1428571428571428
 40
0.1428571528571428
 40
0.2857142857142857
 40
0.2857142857142857
 40
0.2857142857142857
 40
0.2857142957142857
 40
0.428571428571429
 40
0.428571428571429
 40
0.428571428571429
 40
0.4285714385714289
 40
0.5714285714285714
 40
0.5714285714285714
 40
0.5714285714285714
 40
0.5714285814285715
 40
0.7142857142857145
 40
0.7142857142857145
 40
0.7142857142857145
 40
0.7142857242857146
 40
1.0
 40
1.0
 40
1.0
 40
1.0
 10
1129.521976498498
 20
714.6895839801758
 30
0.0
 10
1129.521976498498
 20
714.6895839801758
 30
0.0
 10
1129.73846509778
 20
714.6895839801758
 30
0.0
 10
1129.73846509778
 20
714.6895839801758
 30
0.0
 10
1129.73846509778
 20
714.6895839801758
 30
0.0
 10
1129.73846509778
 20
714.8088218415007
 30
0.0
 10
1129.641214359818
 20
714.9060725794618
 30
0.0
 10
1129.521976498498
 20
714.9060725794618
 30
0.0
 10
1129.521976498498
 20
714.9060725794618
 30
0.0
 10
1129.402315807867
 20
714.9060725794618
 30
0.0
 10
1129.305065069912
 20
714.8088218415007
 30
0.0
 10
1129.305065069912
 20
714.6895839801758
 30
0.0
 10
1129.305065069912
 20
714.6895839801758
 30
0.0
 10
1129.305065069912
 20
714.5699232895523
 30
0.0
 10
1129.402315807867
 20
714.4726725515895
 30
0.0
 10
1129.521976498498
 20
714.4726725515895
 30
0.0
 10
1129.521976498498
 20
714.4726725515895
 30
0.0
 10
1129.641214359818
 20
714.4726725515895
 30
0.0
 10
1129.73846509778
 20
714.5699232895523
 30
0.0
 10
1129.73846509778
 20
714.6895839801758
 30
0.0
 10
1129.73846509778
 20
714.6895839801758
 30
0.0
 10
1129.73846509778
 20
714.6895839801758
 30
0.0
 10
1129.521976498498
 20
714.6895839801758
 30
0.0
 10
1129.521976498498
 20
714.6895839801758
 30
0.0
  0
SPLINE
  5
80F
330
1F
100
AcDbEntity
  8
ºöåçæÄ
100
AcDbSpline
210
0.0
220
0.0
230
0.0
 70
    24
 71
     3
 72
     8
 73
     4
 74
     0
 42
0.000000001
 43
0.0000000001
 40
0.0
 40
0.0
 40
0.0
 40
0.0
 40
1.0
 40
1.0
 40
1.0
 40
1.0
 10
1130.064466484601
 20
715.2329196248695
 30
0.0
 10
1130.064466484601
 20
715.2329196248695
 30
0.0
 10
1132.783258854554
 20
717.9500206776495
 30
0.0
 10
1132.783258854554
 20
717.9500206776495
 30
0.0
  0
SPLINE
  5
810
330
1F
100
AcDbEntity
  8
ºöåçæÄ
100
AcDbSpline
210
0.0
220
0.0
230
1.0
 70
    11
 71
     3
 72
    28
 73
    24
 74
     0
 42
0.000000001
 43
0.0000000001
 40
0.0
 40
0.0
 40
0.0
 40
0.0
 40
0.1428571428571428
 40
0.1428571428571428
 40
0.1428571428571428
 40
0.1428571528571428
 40
0.2857142857142857
 40
0.2857142857142857
 40
0.2857142857142857
 40
0.2857142957142857
 40
0.428571428571429
 40
0.428571428571429
 40
0.428571428571429
 40
0.4285714385714289
 40
0.5714285714285714
 40
0.5714285714285714
 40
0.5714285714285714
 40
0.5714285814285715
 40
0.7142857142857145
 40
0.7142857142857145
 40
0.7142857142857145
 40
0.7142857242857146
 40
1.0
 40
1.0
 40
1.0
 40
1.0
 10
1133.32617166996
 20
718.4933563223451
 30
0.0
 10
1133.32617166996
 20
718.4933563223451
 30
0.0
 10
1133.542660269243
 20
718.4933563223451
 30
0.0
 10
1133.542660269243
 20
718.4933563223451
 30
0.0
 10
1133.542660269243
 20
718.4933563223451
 30
0.0
 10
1133.542660269243
 20
718.6125941836702
 30
0.0
 10
1133.445409531294
 20
718.7098449216311
 30
0.0
 10
1133.32617166996
 20
718.7098449216311
 30
0.0
 10
1133.32617166996
 20
718.7098449216311
 30
0.0
 10
1133.206510979337
 20
718.7098449216311
 30
0.0
 10
1133.109260241374
 20
718.6125941836702
 30
0.0
 10
1133.109260241374
 20
718.4933563223451
 30
0.0
 10
1133.109260241374
 20
718.4933563223451
 30
0.0
 10
1133.109260241374
 20
718.3736956317236
 30
0.0
 10
1133.206510979337
 20
718.2764448937623
 30
0.0
 10
1133.32617166996
 20
718.2764448937623
 30
0.0
 10
1133.32617166996
 20
718.2764448937623
 30
0.0
 10
1133.445409531294
 20
718.2764448937623
 30
0.0
 10
1133.542660269243
 20
718.3736956317236
 30
0.0
 10
1133.542660269243
 20
718.4933563223451
 30
0.0
 10
1133.542660269243
 20
718.4933563223451
 30
0.0
 10
1133.542660269243
 20
718.4933563223451
 30
0.0
 10
1133.32617166996
 20
718.4933563223451
 30
0.0
 10
1133.32617166996
 20
718.4933563223451
 30
0.0
  0
SPLINE
  5
811
330
1F
100
AcDbEntity
  8
ºöåçæÄ
100
AcDbSpline
210
0.0
220
0.0
230
0.0
 70
    24
 71
     3
 72
     8
 73
     4
 74
     0
 42
0.000000001
 43
0.0000000001
 40
0.0
 40
0.0
 40
0.0
 40
0.0
 40
1.0
 40
1.0
 40
1.0
 40
1.0
 10
1133.868661656063
 20
719.0358463084512
 30
0.0
 10
1133.868661656063
 20
719.0358463084512
 30
0.0
 10
1135.214104474293
 20
720.3829804438621
 30
0.0
 10
1135.214104474293
 20
720.3829804438621
 30
0.0
  0
SPLINE
  5
812
330
1F
100
AcDbEntity
  8
ºöåçæÄ
100
AcDbSpline
210
0.0
220
0.0
230
0.0
 70
    24
 71
     3
 72
     8
 73
     4
 74
     0
 42
0.000000001
 43
0.0000000001
 40
0.0
 40
0.0
 40
0.0
 40
0.0
 40
1.0
 40
1.0
 40
1.0
 40
1.0
 10
1127.669984184275
 20
710.6646719164666
 30
0.0
 10
1127.669984184275
 20
710.6646719164666
 30
0.0
 10
1128.164271630692
 20
711.1585365335916
 30
0.0
 10
1128.164271630692
 20
711.1585365335916
 30
0.0
  0
SPLINE
  5
813
330
1F
100
AcDbEntity
  8
ºöåçæÄ
100
AcDbSpline
210
0.0
220
0.0
230
1.0
 70
    11
 71
     3
 72
    28
 73
    24
 74
     0
 42
0.000000001
 43
0.0000000001
 40
0.0
 40
0.0
 40
0.0
 40
0.0
 40
0.1428571428571428
 40
0.1428571428571428
 40
0.1428571428571428
 40
0.1428571528571428
 40
0.2857142857142857
 40
0.2857142857142857
 40
0.2857142857142857
 40
0.2857142957142857
 40
0.428571428571429
 40
0.428571428571429
 40
0.428571428571429
 40
0.4285714385714289
 40
0.5714285714285714
 40
0.5714285714285714
 40
0.5714285714285714
 40
0.5714285814285715
 40
0.7142857142857145
 40
0.7142857142857145
 40
0.7142857142857145
 40
0.7142857242857146
 40
1.0
 40
1.0
 40
1.0
 40
1.0
 10
1128.706761616795
 20
711.7018721782872
 30
0.0
 10
1128.706761616795
 20
711.7018721782872
 30
0.0
 10
1128.923673045381
 20
711.7018721782872
 30
0.0
 10
1128.923673045381
 20
711.7018721782872
 30
0.0
 10
1128.923673045381
 20
711.7018721782872
 30
0.0
 10
1128.923673045381
 20
711.8211100396122
 30
0.0
 10
1128.826422307426
 20
711.9183607775751
 30
0.0
 10
1128.706761616795
 20
711.9183607775751
 30
0.0
 10
1128.706761616795
 20
711.9183607775751
 30
0.0
 10
1128.587523755476
 20
711.9183607775751
 30
0.0
 10
1128.490273017513
 20
711.8211100396122
 30
0.0
 10
1128.490273017513
 20
711.7018721782872
 30
0.0
 10
1128.490273017513
 20
711.7018721782872
 30
0.0
 10
1128.490273017513
 20
711.5822114876639
 30
0.0
 10
1128.587523755476
 20
711.4849607497027
 30
0.0
 10
1128.706761616795
 20
711.4849607497027
 30
0.0
 10
1128.706761616795
 20
711.4849607497027
 30
0.0
 10
1128.826422307426
 20
711.4849607497027
 30
0.0
 10
1128.923673045381
 20
711.5822114876639
 30
0.0
 10
1128.923673045381
 20
711.7018721782872
 30
0.0
 10
1128.923673045381
 20
711.7018721782872
 30
0.0
 10
1128.923673045381
 20
711.7018721782872
 30
0.0
 10
1128.706761616795
 20
711.7018721782872
 30
0.0
 10
1128.706761616795
 20
711.7018721782872
 30
0.0
  0
SPLINE
  5
814
330
1F
100
AcDbEntity
  8
ºöåçæÄ
100
AcDbSpline
210
0.0
220
0.0
230
0.0
 70
    24
 71
     3
 72
     8
 73
     4
 74
     0
 42
0.000000001
 43
0.0000000001
 40
0.0
 40
0.0
 40
0.0
 40
0.0
 40
1.0
 40
1.0
 40
1.0
 40
1.0
 10
1129.249674432202
 20
712.2439393350973
 30
0.0
 10
1129.249674432202
 20
712.2439393350973
 30
0.0
 10
1131.96635265568
 20
714.9606175585806
 30
0.0
 10
1131.96635265568
 20
714.9606175585806
 30
0.0
  0
SPLINE
  5
815
330
1F
100
AcDbEntity
  8
ºöåçæÄ
100
AcDbSpline
210
0.0
220
0.0
230
1.0
 70
    11
 71
     3
 72
    28
 73
    24
 74
     0
 42
0.000000001
 43
0.0000000001
 40
0.0
 40
0.0
 40
0.0
 40
0.0
 40
0.1428571428571428
 40
0.1428571428571428
 40
0.1428571428571428
 40
0.1428571528571428
 40
0.2857142857142857
 40
0.2857142857142857
 40
0.2857142857142857
 40
0.2857142957142857
 40
0.428571428571429
 40
0.428571428571429
 40
0.428571428571429
 40
0.4285714385714289
 40
0.5714285714285714
 40
0.5714285714285714
 40
0.5714285714285714
 40
0.5714285814285715
 40
0.7142857142857145
 40
0.7142857142857145
 40
0.7142857142857145
 40
0.7142857242857146
 40
1.0
 40
1.0
 40
1.0
 40
1.0
 10
1132.510956788272
 20
715.5060673497528
 30
0.0
 10
1132.510956788272
 20
715.5060673497528
 30
0.0
 10
1132.727868216851
 20
715.5060673497528
 30
0.0
 10
1132.727868216851
 20
715.5060673497528
 30
0.0
 10
1132.727868216851
 20
715.5060673497528
 30
0.0
 10
1132.727868216851
 20
715.6253052110797
 30
0.0
 10
1132.630617478888
 20
715.7225559490407
 30
0.0
 10
1132.510956788272
 20
715.7225559490407
 30
0.0
 10
1132.510956788272
 20
715.7225559490407
 30
0.0
 10
1132.391718926931
 20
715.7225559490407
 30
0.0
 10
1132.294468188982
 20
715.6253052110797
 30
0.0
 10
1132.294468188982
 20
715.5060673497528
 30
0.0
 10
1132.294468188982
 20
715.5060673497528
 30
0.0
 10
1132.294468188982
 20
715.3864066591316
 30
0.0
 10
1132.391718926931
 20
715.2891559211702
 30
0.0
 10
1132.510956788272
 20
715.2891559211702
 30
0.0
 10
1132.510956788272
 20
715.2891559211702
 30
0.0
 10
1132.630617478888
 20
715.2891559211702
 30
0.0
 10
1132.727868216851
 20
715.3864066591316
 30
0.0
 10
1132.727868216851
 20
715.5060673497528
 30
0.0
 10
1132.727868216851
 20
715.5060673497528
 30
0.0
 10
1132.727868216851
 20
715.5060673497528
 30
0.0
 10
1132.510956788272
 20
715.5060673497528
 30
0.0
 10
1132.510956788272
 20
715.5060673497528
 30
0.0
  0
SPLINE
  5
816
330
1F
100
AcDbEntity
  8
ºöåçæÄ
100
AcDbSpline
210
0.0
220
0.0
230
0.0
 70
    24
 71
     3
 72
     8
 73
     4
 74
     0
 42
0.000000001
 43
0.0000000001
 40
0.0
 40
0.0
 40
0.0
 40
0.0
 40
1.0
 40
1.0
 40
1.0
 40
1.0
 10
1133.053869603664
 20
716.048134506563
 30
0.0
 10
1133.053869603664
 20
716.048134506563
 30
0.0
 10
1135.770547827157
 20
718.7648127300465
 30
0.0
 10
1135.770547827157
 20
718.7648127300465
 30
0.0
  0
SPLINE
  5
817
330
1F
100
AcDbEntity
  8
ºöåçæÄ
100
AcDbSpline
210
0.0
220
0.0
230
1.0
 70
    11
 71
     3
 72
    28
 73
    24
 74
     0
 42
0.000000001
 43
0.0000000001
 40
0.0
 40
0.0
 40
0.0
 40
0.0
 40
0.1428571428571428
 40
0.1428571428571428
 40
0.1428571428571428
 40
0.1428571528571428
 40
0.2857142857142857
 40
0.2857142857142857
 40
0.2857142857142857
 40
0.2857142957142857
 40
0.428571428571429
 40
0.428571428571429
 40
0.428571428571429
 40
0.4285714385714289
 40
0.5714285714285714
 40
0.5714285714285714
 40
0.5714285714285714
 40
0.5714285814285715
 40
0.7142857142857145
 40
0.7142857142857145
 40
0.7142857142857145
 40
0.7142857242857146
 40
1.0
 40
1.0
 40
1.0
 40
1.0
 10
1136.313460642549
 20
719.3085712040385
 30
0.0
 10
1136.313460642549
 20
719.3085712040385
 30
0.0
 10
1136.529949241838
 20
719.3085712040385
 30
0.0
 10
1136.529949241838
 20
719.3085712040385
 30
0.0
 10
1136.529949241838
 20
719.3085712040385
 30
0.0
 10
1136.529949241838
 20
719.42823189466
 30
0.0
 10
1136.432698503875
 20
719.5254826326211
 30
0.0
 10
1136.313460642549
 20
719.5254826326211
 30
0.0
 10
1136.313460642549
 20
719.5254826326211
 30
0.0
 10
1136.193799951925
 20
719.5254826326211
 30
0.0
 10
1136.09654921397
 20
719.42823189466
 30
0.0
 10
1136.09654921397
 20
719.3085712040385
 30
0.0
 10
1136.09654921397
 20
719.3085712040385
 30
0.0
 10
1136.09654921397
 20
719.1893333427097
 30
0.0
 10
1136.193799951925
 20
719.0916597754542
 30
0.0
 10
1136.313460642549
 20
719.0916597754542
 30
0.0
 10
1136.313460642549
 20
719.0916597754542
 30
0.0
 10
1136.432698503875
 20
719.0916597754542
 30
0.0
 10
1136.529949241838
 20
719.1893333427097
 30
0.0
 10
1136.529949241838
 20
719.3085712040385
 30
0.0
 10
1136.529949241838
 20
719.3085712040385
 30
0.0
 10
1136.529949241838
 20
719.3085712040385
 30
0.0
 10
1136.313460642549
 20
719.3085712040385
 30
0.0
 10
1136.313460642549
 20
719.3085712040385
 30
0.0
  0
SPLINE
  5
818
330
1F
100
AcDbEntity
  8
ºöåçæÄ
100
AcDbSpline
210
0.0
220
0.0
230
0.0
 70
    24
 71
     3
 72
     8
 73
     4
 74
     0
 42
0.000000001
 43
0.0000000001
 40
0.0
 40
0.0
 40
0.0
 40
0.0
 40
1.0
 40
1.0
 40
1.0
 40
1.0
 10
1136.858064775141
 20
719.8523296780307
 30
0.0
 10
1136.858064775141
 20
719.8523296780307
 30
0.0
 10
1137.388715540965
 20
720.3829804438621
 30
0.0
 10
1137.388715540965
 20
720.3829804438621
 30
0.0
  0
SPLINE
  5
819
330
1F
100
AcDbEntity
  8
ºöåçæÄ
100
AcDbSpline
210
0.0
220
0.0
230
0.0
 70
    24
 71
     3
 72
     8
 73
     4
 74
     0
 42
0.000000001
 43
0.0000000001
 40
0.0
 40
0.0
 40
0.0
 40
0.0
 40
1.0
 40
1.0
 40
1.0
 40
1.0
 10
1129.84417242165
 20
710.6646719164666
 30
0.0
 10
1129.84417242165
 20
710.6646719164666
 30
0.0
 10
1131.151560603288
 20
711.9733285859868
 30
0.0
 10
1131.151560603288
 20
711.9733285859868
 30
0.0
  0
SPLINE
  5
81A
330
1F
100
AcDbEntity
  8
ºöåçæÄ
100
AcDbSpline
210
0.0
220
0.0
230
1.0
 70
    11
 71
     3
 72
    28
 73
    24
 74
     0
 42
0.000000001
 43
0.0000000001
 40
0.0
 40
0.0
 40
0.0
 40
0.0
 40
0.1428571428571428
 40
0.1428571428571428
 40
0.1428571428571428
 40
0.1428571528571428
 40
0.2857142857142857
 40
0.2857142857142857
 40
0.2857142857142857
 40
0.2857142957142857
 40
0.428571428571429
 40
0.428571428571429
 40
0.428571428571429
 40
0.4285714385714289
 40
0.5714285714285714
 40
0.5714285714285714
 40
0.5714285714285714
 40
0.5714285814285715
 40
0.7142857142857145
 40
0.7142857142857145
 40
0.7142857142857145
 40
0.7142857242857146
 40
1.0
 40
1.0
 40
1.0
 40
1.0
 10
1131.694050589391
 20
712.5166642306842
 30
0.0
 10
1131.694050589391
 20
712.5166642306842
 30
0.0
 10
1131.910962017985
 20
712.5166642306842
 30
0.0
 10
1131.910962017985
 20
712.5166642306842
 30
0.0
 10
1131.910962017985
 20
712.5166642306842
 30
0.0
 10
1131.910962017985
 20
712.6359020920108
 30
0.0
 10
1131.813711280014
 20
712.7331528299719
 30
0.0
 10
1131.694050589391
 20
712.7331528299719
 30
0.0
 10
1131.694050589391
 20
712.7331528299719
 30
0.0
 10
1131.574812728064
 20
712.7331528299719
 30
0.0
 10
1131.477561990101
 20
712.6359020920108
 30
0.0
 10
1131.477561990101
 20
712.5166642306842
 30
0.0
 10
1131.477561990101
 20
712.5166642306842
 30
0.0
 10
1131.477561990101
 20
712.3970035400628
 30
0.0
 10
1131.574812728064
 20
712.2997528021016
 30
0.0
 10
1131.694050589391
 20
712.2997528021016
 30
0.0
 10
1131.694050589391
 20
712.2997528021016
 30
0.0
 10
1131.813711280014
 20
712.2997528021016
 30
0.0
 10
1131.910962017985
 20
712.3970035400628
 30
0.0
 10
1131.910962017985
 20
712.5166642306842
 30
0.0
 10
1131.910962017985
 20
712.5166642306842
 30
0.0
 10
1131.910962017985
 20
712.5166642306842
 30
0.0
 10
1131.694050589391
 20
712.5166642306842
 30
0.0
 10
1131.694050589391
 20
712.5166642306842
 30
0.0
  0
SPLINE
  5
81B
330
1F
100
AcDbEntity
  8
ºöåçæÄ
100
AcDbSpline
210
0.0
220
0.0
230
0.0
 70
    24
 71
     3
 72
     8
 73
     4
 74
     0
 42
0.000000001
 43
0.0000000001
 40
0.0
 40
0.0
 40
0.0
 40
0.0
 40
1.0
 40
1.0
 40
1.0
 40
1.0
 10
1132.238654721976
 20
713.058731387494
 30
0.0
 10
1132.238654721976
 20
713.058731387494
 30
0.0
 10
1134.824255863856
 20
715.646023846558
 30
0.0
 10
1134.824255863856
 20
715.646023846558
 30
0.0
  0
SPLINE
  5
81C
330
1F
100
AcDbEntity
  8
ºöåçæÄ
100
AcDbSpline
210
0.0
220
0.0
230
0.0
 70
    24
 71
     3
 72
     8
 73
     4
 74
     0
 42
0.000000001
 43
0.0000000001
 40
0.0
 40
0.0
 40
0.0
 40
0.0
 40
1.0
 40
1.0
 40
1.0
 40
1.0
 10
1136.738404084518
 20
717.5584807500301
 30
0.0
 10
1136.738404084518
 20
717.5584807500301
 30
0.0
 10
1138.75995094622
 20
719.5800276117363
 30
0.0
 10
1138.75995094622
 20
719.5800276117363
 30
0.0
  0
SPLINE
  5
81D
330
1F
100
AcDbEntity
  8
ºöåçæÄ
100
AcDbSpline
210
0.0
220
0.0
230
1.0
 70
    11
 71
     3
 72
    28
 73
    24
 74
     0
 42
0.000000001
 43
0.0000000001
 40
0.0
 40
0.0
 40
0.0
 40
0.0
 40
0.1428571428571428
 40
0.1428571428571428
 40
0.1428571428571428
 40
0.1428571528571428
 40
0.2857142857142857
 40
0.2857142857142857
 40
0.2857142857142857
 40
0.2857142957142857
 40
0.428571428571429
 40
0.428571428571429
 40
0.428571428571429
 40
0.4285714385714289
 40
0.5714285714285714
 40
0.5714285714285714
 40
0.5714285714285714
 40
0.5714285814285715
 40
0.7142857142857145
 40
0.7142857142857145
 40
0.7142857142857145
 40
0.7142857242857146
 40
1.0
 40
1.0
 40
1.0
 40
1.0
 10
1139.302440932323
 20
720.1250545736177
 30
0.0
 10
1139.302440932323
 20
720.1250545736177
 30
0.0
 10
1139.519352360902
 20
720.1250545736177
 30
0.0
 10
1139.519352360902
 20
720.1250545736177
 30
0.0
 10
1139.519352360902
 20
720.1250545736177
 30
0.0
 10
1139.519352360902
 20
720.2442924349427
 30
0.0
 10
1139.422101622953
 20
720.3415431729037
 30
0.0
 10
1139.302440932323
 20
720.3415431729037
 30
0.0
 10
1139.302440932323
 20
720.3415431729037
 30
0.0
 10
1139.183203071003
 20
720.3415431729037
 30
0.0
 10
1139.08595233304
 20
720.2442924349427
 30
0.0
 10
1139.08595233304
 20
720.1250545736177
 30
0.0
 10
1139.08595233304
 20
720.1250545736177
 30
0.0
 10
1139.08595233304
 20
720.0053938829944
 30
0.0
 10
1139.183203071003
 20
719.9081431450314
 30
0.0
 10
1139.302440932323
 20
719.9081431450314
 30
0.0
 10
1139.302440932323
 20
719.9081431450314
 30
0.0
 10
1139.422101622953
 20
719.9081431450314
 30
0.0
 10
1139.519352360902
 20
720.0053938829944
 30
0.0
 10
1139.519352360902
 20
720.1250545736177
 30
0.0
 10
1139.519352360902
 20
720.1250545736177
 30
0.0
 10
1139.519352360902
 20
720.1250545736177
 30
0.0
 10
1139.302440932323
 20
720.1250545736177
 30
0.0
 10
1139.302440932323
 20
720.1250545736177
 30
0.0
  0
SPLINE
  5
81E
330
1F
100
AcDbEntity
  8
ºöåçæÄ
100
AcDbSpline
210
0.0
220
0.0
230
0.0
 70
    24
 71
     3
 72
     8
 73
     4
 74
     0
 42
0.000000001
 43
0.0000000001
 40
0.0
 40
0.0
 40
0.0
 40
0.0
 40
1.0
 40
1.0
 40
1.0
 40
1.0
 10
1132.017092171143
 20
710.6646719164666
 30
0.0
 10
1132.017092171143
 20
710.6646719164666
 30
0.0
 10
1134.140963722366
 20
712.7885434676803
 30
0.0
 10
1134.140963722366
 20
712.7885434676803
 30
0.0
  0
SPLINE
  5
81F
330
1F
100
AcDbEntity
  8
ºöåçæÄ
100
AcDbSpline
210
0.0
220
0.0
230
1.0
 70
    11
 71
     3
 72
    28
 73
    24
 74
     0
 42
0.000000001
 43
0.0000000001
 40
0.0
 40
0.0
 40
0.0
 40
0.0
 40
0.1428571428571428
 40
0.1428571428571428
 40
0.1428571428571428
 40
0.1428571528571428
 40
0.2857142857142857
 40
0.2857142857142857
 40
0.2857142857142857
 40
0.2857142957142857
 40
0.428571428571429
 40
0.428571428571429
 40
0.428571428571429
 40
0.4285714385714289
 40
0.5714285714285714
 40
0.5714285714285714
 40
0.5714285714285714
 40
0.5714285814285715
 40
0.7142857142857145
 40
0.7142857142857145
 40
0.7142857142857145
 40
0.7142857242857146
 40
1.0
 40
1.0
 40
1.0
 40
1.0
 10
1134.683453708462
 20
713.3314562830794
 30
0.0
 10
1134.683453708462
 20
713.3314562830794
 30
0.0
 10
1134.900365137041
 20
713.3314562830794
 30
0.0
 10
1134.900365137041
 20
713.3314562830794
 30
0.0
 10
1134.900365137041
 20
713.3314562830794
 30
0.0
 10
1134.900365137041
 20
713.4511169737026
 30
0.0
 10
1134.803114399085
 20
713.5483677116638
 30
0.0
 10
1134.683453708462
 20
713.5483677116638
 30
0.0
 10
1134.683453708462
 20
713.5483677116638
 30
0.0
 10
1134.564215847135
 20
713.5483677116638
 30
0.0
 10
1134.466542279875
 20
713.4511169737026
 30
0.0
 10
1134.466542279875
 20
713.3314562830794
 30
0.0
 10
1134.466542279875
 20
713.3314562830794
 30
0.0
 10
1134.466542279875
 20
713.2122184217543
 30
0.0
 10
1134.564215847135
 20
713.1145448544986
 30
0.0
 10
1134.683453708462
 20
713.1145448544986
 30
0.0
 10
1134.683453708462
 20
713.1145448544986
 30
0.0
 10
1134.803114399085
 20
713.1145448544986
 30
0.0
 10
1134.900365137041
 20
713.2122184217543
 30
0.0
 10
1134.900365137041
 20
713.3314562830794
 30
0.0
 10
1134.900365137041
 20
713.3314562830794
 30
0.0
 10
1134.900365137041
 20
713.3314562830794
 30
0.0
 10
1134.683453708462
 20
713.3314562830794
 30
0.0
 10
1134.683453708462
 20
713.3314562830794
 30
0.0
  0
SPLINE
  5
820
330
1F
100
AcDbEntity
  8
ºöåçæÄ
100
AcDbSpline
210
0.0
220
0.0
230
1.0
 70
    11
 71
     3
 72
    28
 73
    24
 74
     0
 42
0.000000001
 43
0.0000000001
 40
0.0
 40
0.0
 40
0.0
 40
0.0
 40
0.1428571428571428
 40
0.1428571428571428
 40
0.1428571428571428
 40
0.1428571528571428
 40
0.2857142857142857
 40
0.2857142857142857
 40
0.2857142857142857
 40
0.2857142957142857
 40
0.428571428571429
 40
0.428571428571429
 40
0.428571428571429
 40
0.4285714385714289
 40
0.5714285714285714
 40
0.5714285714285714
 40
0.5714285714285714
 40
0.5714285814285715
 40
0.7142857142857145
 40
0.7142857142857145
 40
0.7142857142857145
 40
0.7142857242857146
 40
1.0
 40
1.0
 40
1.0
 40
1.0
 10
1134.190857579222
 20
710.6650947457612
 30
0.0
 10
1134.190857579222
 20
710.6650947457612
 30
0.0
 10
1134.407769007809
 20
710.6650947457612
 30
0.0
 10
1134.407769007809
 20
710.6650947457612
 30
0.0
 10
1134.407769007809
 20
710.6650947457612
 30
0.0
 10
1134.407769007809
 20
710.7847554363827
 30
0.0
 10
1134.310518269853
 20
710.8820061743435
 30
0.0
 10
1134.190857579222
 20
710.8820061743435
 30
0.0
 10
1134.190857579222
 20
710.8820061743435
 30
0.0
 10
1134.071619717896
 20
710.8820061743435
 30
0.0
 10
1133.974368979933
 20
710.7847554363827
 30
0.0
 10
1133.974368979933
 20
710.6650947457612
 30
0.0
 10
1133.974368979933
 20
710.6650947457612
 30
0.0
 10
1133.974368979933
 20
710.5458568844341
 30
0.0
 10
1134.071619717896
 20
710.4481833171767
 30
0.0
 10
1134.190857579222
 20
710.4481833171767
 30
0.0
 10
1134.190857579222
 20
710.4481833171767
 30
0.0
 10
1134.310518269853
 20
710.4481833171767
 30
0.0
 10
1134.407769007809
 20
710.5458568844341
 30
0.0
 10
1134.407769007809
 20
710.6650947457612
 30
0.0
 10
1134.407769007809
 20
710.6650947457612
 30
0.0
 10
1134.407769007809
 20
710.6650947457612
 30
0.0
 10
1134.190857579222
 20
710.6650947457612
 30
0.0
 10
1134.190857579222
 20
710.6650947457612
 30
0.0
  0
SPLINE
  5
821
330
1F
100
AcDbEntity
  8
ºöåçæÄ
100
AcDbSpline
210
0.0
220
0.0
230
0.0
 70
    24
 71
     3
 72
     8
 73
     4
 74
     0
 42
0.000000001
 43
0.0000000001
 40
0.0
 40
0.0
 40
0.0
 40
0.0
 40
1.0
 40
1.0
 40
1.0
 40
1.0
 10
1134.413265788648
 20
710.8862344672992
 30
0.0
 10
1134.413265788648
 20
710.8862344672992
 30
0.0
 10
1134.824255863856
 20
711.2993386889859
 30
0.0
 10
1134.824255863856
 20
711.2993386889859
 30
0.0
  0
SPLINE
  5
822
330
1F
100
AcDbEntity
  8
ºöåçæÄ
100
AcDbSpline
210
0.0
220
0.0
230
0.0
 70
    24
 71
     3
 72
     8
 73
     4
 74
     0
 42
0.000000001
 43
0.0000000001
 40
0.0
 40
0.0
 40
0.0
 40
0.0
 40
1.0
 40
1.0
 40
1.0
 40
1.0
 10
1137.936279478618
 20
716.5838592239407
 30
0.0
 10
1137.936279478618
 20
716.5838592239407
 30
0.0
 10
1137.945158893828
 20
716.5906244926675
 30
0.0
 10
1137.945158893828
 20
716.5906244926675
 30
0.0
  0
SPLINE
  5
823
330
1F
100
AcDbEntity
  8
ºöåçæÄ
100
AcDbSpline
210
0.0
220
0.0
230
1.0
 70
    11
 71
     3
 72
    28
 73
    24
 74
     0
 42
0.000000001
 43
0.0000000001
 40
0.0
 40
0.0
 40
0.0
 40
0.0
 40
0.1428571428571428
 40
0.1428571428571428
 40
0.1428571428571428
 40
0.1428571528571428
 40
0.2857142857142857
 40
0.2857142857142857
 40
0.2857142857142857
 40
0.2857142957142857
 40
0.428571428571429
 40
0.428571428571429
 40
0.428571428571429
 40
0.4285714385714289
 40
0.5714285714285714
 40
0.5714285714285714
 40
0.5714285714285714
 40
0.5714285814285715
 40
0.7142857142857145
 40
0.7142857142857145
 40
0.7142857142857145
 40
0.7142857242857146
 40
1.0
 40
1.0
 40
1.0
 40
1.0
 10
1138.487648879924
 20
717.1356514545471
 30
0.0
 10
1138.487648879924
 20
717.1356514545471
 30
0.0
 10
1138.70456030851
 20
717.1356514545471
 30
0.0
 10
1138.70456030851
 20
717.1356514545471
 30
0.0
 10
1138.70456030851
 20
717.1356514545471
 30
0.0
 10
1138.70456030851
 20
717.2553121451702
 30
0.0
 10
1138.607309570554
 20
717.3525628831296
 30
0.0
 10
1138.487648879924
 20
717.3525628831296
 30
0.0
 10
1138.487648879924
 20
717.3525628831296
 30
0.0
 10
1138.368411018604
 20
717.3525628831296
 30
0.0
 10
1138.270737451352
 20
717.2553121451702
 30
0.0
 10
1138.270737451352
 20
717.1356514545471
 30
0.0
 10
1138.270737451352
 20
717.1356514545471
 30
0.0
 10
1138.270737451352
 20
717.0164135932203
 30
0.0
 10
1138.368411018604
 20
716.9187400259645
 30
0.0
 10
1138.487648879924
 20
716.9187400259645
 30
0.0
 10
1138.487648879924
 20
716.9187400259645
 30
0.0
 10
1138.607309570554
 20
716.9187400259645
 30
0.0
 10
1138.70456030851
 20
717.0164135932203
 30
0.0
 10
1138.70456030851
 20
717.1356514545471
 30
0.0
 10
1138.70456030851
 20
717.1356514545471
 30
0.0
 10
1138.70456030851
 20
717.1356514545471
 30
0.0
 10
1138.487648879924
 20
717.1356514545471
 30
0.0
 10
1138.487648879924
 20
717.1356514545471
 30
0.0
  0
SPLINE
  5
824
330
1F
100
AcDbEntity
  8
ºöåçæÄ
100
AcDbSpline
210
0.0
220
0.0
230
0.0
 70
    24
 71
     3
 72
     8
 73
     4
 74
     0
 42
0.000000001
 43
0.0000000001
 40
0.0
 40
0.0
 40
0.0
 40
0.0
 40
1.0
 40
1.0
 40
1.0
 40
1.0
 10
1139.032253012509
 20
717.6777186113568
 30
0.0
 10
1139.032253012509
 20
717.6777186113568
 30
0.0
 10
1141.735400698537
 20
720.3829804438621
 30
0.0
 10
1141.735400698537
 20
720.3829804438621
 30
0.0
  0
SPLINE
  5
825
330
1F
100
AcDbEntity
  8
ºöåçæÄ
100
AcDbSpline
210
0.0
220
0.0
230
1.0
 70
    11
 71
     3
 72
    28
 73
    24
 74
     0
 42
0.000000001
 43
0.0000000001
 40
0.0
 40
0.0
 40
0.0
 40
0.0
 40
0.1428571428571428
 40
0.1428571428571428
 40
0.1428571428571428
 40
0.1428571528571428
 40
0.2857142857142857
 40
0.2857142857142857
 40
0.2857142857142857
 40
0.2857142957142857
 40
0.428571428571429
 40
0.428571428571429
 40
0.428571428571429
 40
0.4285714385714289
 40
0.5714285714285714
 40
0.5714285714285714
 40
0.5714285714285714
 40
0.5714285814285715
 40
0.7142857142857145
 40
0.7142857142857145
 40
0.7142857142857145
 40
0.7142857242857146
 40
1.0
 40
1.0
 40
1.0
 40
1.0
 10
1137.936279478618
 20
714.4105166451547
 30
0.0
 10
1137.936279478618
 20
714.4105166451547
 30
0.0
 10
1138.152768077915
 20
714.4105166451547
 30
0.0
 10
1138.152768077915
 20
714.4105166451547
 30
0.0
 10
1138.152768077915
 20
714.4105166451547
 30
0.0
 10
1138.152768077915
 20
714.5297545064813
 30
0.0
 10
1138.055517339937
 20
714.6270052444442
 30
0.0
 10
1137.936279478618
 20
714.6270052444442
 30
0.0
 10
1137.936279478618
 20
714.6270052444442
 30
0.0
 10
1137.816618787995
 20
714.6270052444442
 30
0.0
 10
1137.719368050039
 20
714.5297545064813
 30
0.0
 10
1137.719368050039
 20
714.4105166451547
 30
0.0
 10
1137.719368050039
 20
714.4105166451547
 30
0.0
 10
1137.719368050039
 20
714.2908559545351
 30
0.0
 10
1137.816618787995
 20
714.1936052165722
 30
0.0
 10
1137.936279478618
 20
714.1936052165722
 30
0.0
 10
1137.936279478618
 20
714.1936052165722
 30
0.0
 10
1138.055517339937
 20
714.1936052165722
 30
0.0
 10
1138.152768077915
 20
714.2908559545351
 30
0.0
 10
1138.152768077915
 20
714.4105166451547
 30
0.0
 10
1138.152768077915
 20
714.4105166451547
 30
0.0
 10
1138.152768077915
 20
714.4105166451547
 30
0.0
 10
1137.936279478618
 20
714.4105166451547
 30
0.0
 10
1137.936279478618
 20
714.4105166451547
 30
0.0
  0
SPLINE
  5
826
330
1F
100
AcDbEntity
  8
ºöåçæÄ
100
AcDbSpline
210
0.0
220
0.0
230
0.0
 70
    24
 71
     3
 72
     8
 73
     4
 74
     0
 42
0.000000001
 43
0.0000000001
 40
0.0
 40
0.0
 40
0.0
 40
0.0
 40
1.0
 40
1.0
 40
1.0
 40
1.0
 10
1138.215346813635
 20
714.6891611508772
 30
0.0
 10
1138.215346813635
 20
714.6891611508772
 30
0.0
 10
1140.93244786641
 20
717.4075306915431
 30
0.0
 10
1140.93244786641
 20
717.4075306915431
 30
0.0
  0
SPLINE
  5
827
330
1F
100
AcDbEntity
  8
ºöåçæÄ
100
AcDbSpline
210
0.0
220
0.0
230
1.0
 70
    11
 71
     3
 72
    28
 73
    24
 74
     0
 42
0.000000001
 43
0.0000000001
 40
0.0
 40
0.0
 40
0.0
 40
0.0
 40
0.1428571428571428
 40
0.1428571428571428
 40
0.1428571428571428
 40
0.1428571528571428
 40
0.2857142857142857
 40
0.2857142857142857
 40
0.2857142857142857
 40
0.2857142957142857
 40
0.428571428571429
 40
0.428571428571429
 40
0.428571428571429
 40
0.4285714385714289
 40
0.5714285714285714
 40
0.5714285714285714
 40
0.5714285714285714
 40
0.5714285814285715
 40
0.7142857142857145
 40
0.7142857142857145
 40
0.7142857142857145
 40
0.7142857242857146
 40
1.0
 40
1.0
 40
1.0
 40
1.0
 10
1141.477051998994
 20
717.9504435069441
 30
0.0
 10
1141.477051998994
 20
717.9504435069441
 30
0.0
 10
1141.693540598284
 20
717.9504435069441
 30
0.0
 10
1141.693540598284
 20
717.9504435069441
 30
0.0
 10
1141.693540598284
 20
717.9504435069441
 30
0.0
 10
1141.693540598284
 20
718.0701041975653
 30
0.0
 10
1141.596289860321
 20
718.1673549355267
 30
0.0
 10
1141.477051998994
 20
718.1673549355267
 30
0.0
 10
1141.477051998994
 20
718.1673549355267
 30
0.0
 10
1141.357391308386
 20
718.1673549355267
 30
0.0
 10
1141.260140570416
 20
718.0701041975653
 30
0.0
 10
1141.260140570416
 20
717.9504435069441
 30
0.0
 10
1141.260140570416
 20
717.9504435069441
 30
0.0
 10
1141.260140570416
 20
717.8312056456173
 30
0.0
 10
1141.357391308386
 20
717.7339549076561
 30
0.0
 10
1141.477051998994
 20
717.7339549076561
 30
0.0
 10
1141.477051998994
 20
717.7339549076561
 30
0.0
 10
1141.596289860321
 20
717.7339549076561
 30
0.0
 10
1141.693540598284
 20
717.8312056456173
 30
0.0
 10
1141.693540598284
 20
717.9504435069441
 30
0.0
 10
1141.693540598284
 20
717.9504435069441
 30
0.0
 10
1141.693540598284
 20
717.9504435069441
 30
0.0
 10
1141.477051998994
 20
717.9504435069441
 30
0.0
 10
1141.477051998994
 20
717.9504435069441
 30
0.0
  0
SPLINE
  5
828
330
1F
100
AcDbEntity
  8
ºöåçæÄ
100
AcDbSpline
210
0.0
220
0.0
230
0.0
 70
    24
 71
     3
 72
     8
 73
     4
 74
     0
 42
0.000000001
 43
0.0000000001
 40
0.0
 40
0.0
 40
0.0
 40
0.0
 40
1.0
 40
1.0
 40
1.0
 40
1.0
 10
1142.019541985097
 20
718.4925106637559
 30
0.0
 10
1142.019541985097
 20
718.4925106637559
 30
0.0
 10
1143.910011765209
 20
720.3829804438621
 30
0.0
 10
1143.910011765209
 20
720.3829804438621
 30
0.0
  0
SPLINE
  5
829
330
1F
100
AcDbEntity
  8
ºöåçæÄ
100
AcDbSpline
210
0.0
220
0.0
230
0.0
 70
    24
 71
     3
 72
     8
 73
     4
 74
     0
 42
0.000000001
 43
0.0000000001
 40
0.0
 40
0.0
 40
0.0
 40
0.0
 40
1.0
 40
1.0
 40
1.0
 40
1.0
 10
1137.936279478618
 20
712.236751237074
 30
0.0
 10
1137.936279478618
 20
712.236751237074
 30
0.0
 10
1140.117655814018
 20
714.4181275724742
 30
0.0
 10
1140.117655814018
 20
714.4181275724742
 30
0.0
  0
SPLINE
  5
82A
330
1F
100
AcDbEntity
  8
ºöåçæÄ
100
AcDbSpline
210
0.0
220
0.0
230
1.0
 70
    11
 71
     3
 72
    28
 73
    24
 74
     0
 42
0.000000001
 43
0.0000000001
 40
0.0
 40
0.0
 40
0.0
 40
0.0
 40
0.1428571428571428
 40
0.1428571428571428
 40
0.1428571428571428
 40
0.1428571528571428
 40
0.2857142857142857
 40
0.2857142857142857
 40
0.2857142857142857
 40
0.2857142957142857
 40
0.428571428571429
 40
0.428571428571429
 40
0.428571428571429
 40
0.4285714385714289
 40
0.5714285714285714
 40
0.5714285714285714
 40
0.5714285714285714
 40
0.5714285814285715
 40
0.7142857142857145
 40
0.7142857142857145
 40
0.7142857142857145
 40
0.7142857242857146
 40
1.0
 40
1.0
 40
1.0
 40
1.0
 10
1140.660145800121
 20
714.9614632171717
 30
0.0
 10
1140.660145800121
 20
714.9614632171717
 30
0.0
 10
1140.8770572287
 20
714.9614632171717
 30
0.0
 10
1140.8770572287
 20
714.9614632171717
 30
0.0
 10
1140.8770572287
 20
714.9614632171717
 30
0.0
 10
1140.8770572287
 20
715.0807010784967
 30
0.0
 10
1140.779383661448
 20
715.1779518164578
 30
0.0
 10
1140.660145800121
 20
715.1779518164578
 30
0.0
 10
1140.660145800121
 20
715.1779518164578
 30
0.0
 10
1140.540485109512
 20
715.1779518164578
 30
0.0
 10
1140.443234371542
 20
715.0807010784967
 30
0.0
 10
1140.443234371542
 20
714.9614632171717
 30
0.0
 10
1140.443234371542
 20
714.9614632171717
 30
0.0
 10
1140.443234371542
 20
714.8418025265502
 30
0.0
 10
1140.540485109512
 20
714.7445517885858
 30
0.0
 10
1140.660145800121
 20
714.7445517885858
 30
0.0
 10
1140.660145800121
 20
714.7445517885858
 30
0.0
 10
1140.779383661448
 20
714.7445517885858
 30
0.0
 10
1140.8770572287
 20
714.8418025265502
 30
0.0
 10
1140.8770572287
 20
714.9614632171717
 30
0.0
 10
1140.8770572287
 20
714.9614632171717
 30
0.0
 10
1140.8770572287
 20
714.9614632171717
 30
0.0
 10
1140.660145800121
 20
714.9614632171717
 30
0.0
 10
1140.660145800121
 20
714.9614632171717
 30
0.0
  0
SPLINE
  5
82B
330
1F
100
AcDbEntity
  8
ºöåçæÄ
100
AcDbSpline
210
0.0
220
0.0
230
0.0
 70
    24
 71
     3
 72
     8
 73
     4
 74
     0
 42
0.000000001
 43
0.0000000001
 40
0.0
 40
0.0
 40
0.0
 40
0.0
 40
1.0
 40
1.0
 40
1.0
 40
1.0
 10
1141.204749932706
 20
715.5052216911638
 30
0.0
 10
1141.204749932706
 20
715.5052216911638
 30
0.0
 10
1143.921850985488
 20
718.2223227439383
 30
0.0
 10
1143.921850985488
 20
718.2223227439383
 30
0.0
  0
SPLINE
  5
82C
330
1F
100
AcDbEntity
  8
ºöåçæÄ
100
AcDbSpline
210
0.0
220
0.0
230
1.0
 70
    11
 71
     3
 72
    28
 73
    24
 74
     0
 42
0.000000001
 43
0.0000000001
 40
0.0
 40
0.0
 40
0.0
 40
0.0
 40
0.1428571428571428
 40
0.1428571428571428
 40
0.1428571428571428
 40
0.1428571528571428
 40
0.2857142857142857
 40
0.2857142857142857
 40
0.2857142857142857
 40
0.2857142957142857
 40
0.428571428571429
 40
0.428571428571429
 40
0.428571428571429
 40
0.4285714385714289
 40
0.5714285714285714
 40
0.5714285714285714
 40
0.5714285714285714
 40
0.5714285814285715
 40
0.7142857142857145
 40
0.7142857142857145
 40
0.7142857142857145
 40
0.7142857242857146
 40
1.0
 40
1.0
 40
1.0
 40
1.0
 10
1144.464340971597
 20
718.7656583886357
 30
0.0
 10
1144.464340971597
 20
718.7656583886357
 30
0.0
 10
1144.681252400184
 20
718.7656583886357
 30
0.0
 10
1144.681252400184
 20
718.7656583886357
 30
0.0
 10
1144.681252400184
 20
718.7656583886357
 30
0.0
 10
1144.681252400184
 20
718.8848962499625
 30
0.0
 10
1144.583578832917
 20
718.9821469879253
 30
0.0
 10
1144.464340971597
 20
718.9821469879253
 30
0.0
 10
1144.464340971597
 20
718.9821469879253
 30
0.0
 10
1144.34468028096
 20
718.9821469879253
 30
0.0
 10
1144.247429543004
 20
718.8848962499625
 30
0.0
 10
1144.247429543004
 20
718.7656583886357
 30
0.0
 10
1144.247429543004
 20
718.7656583886357
 30
0.0
 10
1144.247429543004
 20
718.6459976980142
 30
0.0
 10
1144.34468028096
 20
718.5487469600531
 30
0.0
 10
1144.464340971597
 20
718.5487469600531
 30
0.0
 10
1144.464340971597
 20
718.5487469600531
 30
0.0
 10
1144.583578832917
 20
718.5487469600531
 30
0.0
 10
1144.681252400184
 20
718.6459976980142
 30
0.0
 10
1144.681252400184
 20
718.7656583886357
 30
0.0
 10
1144.681252400184
 20
718.7656583886357
 30
0.0
 10
1144.681252400184
 20
718.7656583886357
 30
0.0
 10
1144.464340971597
 20
718.7656583886357
 30
0.0
 10
1144.464340971597
 20
718.7656583886357
 30
0.0
  0
SPLINE
  5
82D
330
1F
100
AcDbEntity
  8
ºöåçæÄ
100
AcDbSpline
210
0.0
220
0.0
230
0.0
 70
    24
 71
     3
 72
     8
 73
     4
 74
     0
 42
0.000000001
 43
0.0000000001
 40
0.0
 40
0.0
 40
0.0
 40
0.0
 40
1.0
 40
1.0
 40
1.0
 40
1.0
 10
1145.008945104168
 20
719.3081483747403
 30
0.0
 10
1145.008945104168
 20
719.3081483747403
 30
0.0
 10
1146.082508685413
 20
720.3829804438621
 30
0.0
 10
1146.082508685413
 20
720.3829804438621
 30
0.0
  0
SPLINE
  5
82E
330
1F
100
AcDbEntity
  8
ºöåçæÄ
100
AcDbSpline
210
0.0
220
0.0
230
0.0
 70
    24
 71
     3
 72
     8
 73
     4
 74
     0
 42
0.000000001
 43
0.0000000001
 40
0.0
 40
0.0
 40
0.0
 40
0.0
 40
1.0
 40
1.0
 40
1.0
 40
1.0
 10
1138.537965566084
 20
710.6646719164666
 30
0.0
 10
1138.537965566084
 20
710.6646719164666
 30
0.0
 10
1139.302440932323
 20
711.4287244534036
 30
0.0
 10
1139.302440932323
 20
711.4287244534036
 30
0.0
  0
SPLINE
  5
82F
330
1F
100
AcDbEntity
  8
ºöåçæÄ
100
AcDbSpline
210
0.0
220
0.0
230
1.0
 70
    11
 71
     3
 72
    28
 73
    24
 74
     0
 42
0.000000001
 43
0.0000000001
 40
0.0
 40
0.0
 40
0.0
 40
0.0
 40
0.1428571428571428
 40
0.1428571428571428
 40
0.1428571428571428
 40
0.1428571528571428
 40
0.2857142857142857
 40
0.2857142857142857
 40
0.2857142857142857
 40
0.2857142957142857
 40
0.428571428571429
 40
0.428571428571429
 40
0.428571428571429
 40
0.4285714385714289
 40
0.5714285714285714
 40
0.5714285714285714
 40
0.5714285714285714
 40
0.5714285814285715
 40
0.7142857142857145
 40
0.7142857142857145
 40
0.7142857142857145
 40
0.7142857242857146
 40
1.0
 40
1.0
 40
1.0
 40
1.0
 10
1139.847045064908
 20
711.9741742445796
 30
0.0
 10
1139.847045064908
 20
711.9741742445796
 30
0.0
 10
1140.063956493487
 20
711.9741742445796
 30
0.0
 10
1140.063956493487
 20
711.9741742445796
 30
0.0
 10
1140.063956493487
 20
711.9741742445796
 30
0.0
 10
1140.063956493487
 20
712.0934121059047
 30
0.0
 10
1139.966705755531
 20
712.1906628438657
 30
0.0
 10
1139.847045064908
 20
712.1906628438657
 30
0.0
 10
1139.847045064908
 20
712.1906628438657
 30
0.0
 10
1139.727807203581
 20
712.1906628438657
 30
0.0
 10
1139.630556465618
 20
712.0934121059047
 30
0.0
 10
1139.630556465618
 20
711.9741742445796
 30
0.0
 10
1139.630556465618
 20
711.9741742445796
 30
0.0
 10
1139.630556465618
 20
711.8545135539583
 30
0.0
 10
1139.727807203581
 20
711.7572628159971
 30
0.0
 10
1139.847045064908
 20
711.7572628159971
 30
0.0
 10
1139.847045064908
 20
711.7572628159971
 30
0.0
 10
1139.966705755531
 20
711.7572628159971
 30
0.0
 10
1140.063956493487
 20
711.8545135539583
 30
0.0
 10
1140.063956493487
 20
711.9741742445796
 30
0.0
 10
1140.063956493487
 20
711.9741742445796
 30
0.0
 10
1140.063956493487
 20
711.9741742445796
 30
0.0
 10
1139.847045064908
 20
711.9741742445796
 30
0.0
 10
1139.847045064908
 20
711.9741742445796
 30
0.0
  0
SPLINE
  5
830
330
1F
100
AcDbEntity
  8
ºöåçæÄ
100
AcDbSpline
210
0.0
220
0.0
230
0.0
 70
    24
 71
     3
 72
     8
 73
     4
 74
     0
 42
0.000000001
 43
0.0000000001
 40
0.0
 40
0.0
 40
0.0
 40
0.0
 40
1.0
 40
1.0
 40
1.0
 40
1.0
 10
1140.389957880307
 20
712.5162414013896
 30
0.0
 10
1140.389957880307
 20
712.5162414013896
 30
0.0
 10
1143.106636103792
 20
715.2329196248695
 30
0.0
 10
1143.106636103792
 20
715.2329196248695
 30
0.0
  0
SPLINE
  5
831
330
1F
100
AcDbEntity
  8
ºöåçæÄ
100
AcDbSpline
210
0.0
220
0.0
230
1.0
 70
    11
 71
     3
 72
    28
 73
    24
 74
     0
 42
0.000000001
 43
0.0000000001
 40
0.0
 40
0.0
 40
0.0
 40
0.0
 40
0.1428571428571428
 40
0.1428571428571428
 40
0.1428571428571428
 40
0.1428571528571428
 40
0.2857142857142857
 40
0.2857142857142857
 40
0.2857142857142857
 40
0.2857142957142857
 40
0.428571428571429
 40
0.428571428571429
 40
0.428571428571429
 40
0.4285714385714289
 40
0.5714285714285714
 40
0.5714285714285714
 40
0.5714285714285714
 40
0.5714285814285715
 40
0.7142857142857145
 40
0.7142857142857145
 40
0.7142857142857145
 40
0.7142857242857146
 40
1.0
 40
1.0
 40
1.0
 40
1.0
 10
1143.649548919191
 20
715.7783694160436
 30
0.0
 10
1143.649548919191
 20
715.7783694160436
 30
0.0
 10
1143.866037518488
 20
715.7783694160436
 30
0.0
 10
1143.866037518488
 20
715.7783694160436
 30
0.0
 10
1143.866037518488
 20
715.7783694160436
 30
0.0
 10
1143.866037518488
 20
715.8976072773722
 30
0.0
 10
1143.768786780511
 20
715.9948580153334
 30
0.0
 10
1143.649548919191
 20
715.9948580153334
 30
0.0
 10
1143.649548919191
 20
715.9948580153334
 30
0.0
 10
1143.529888228568
 20
715.9948580153334
 30
0.0
 10
1143.432637490605
 20
715.8976072773722
 30
0.0
 10
1143.432637490605
 20
715.7783694160436
 30
0.0
 10
1143.432637490605
 20
715.7783694160436
 30
0.0
 10
1143.432637490605
 20
715.6587087254222
 30
0.0
 10
1143.529888228568
 20
715.561457987463
 30
0.0
 10
1143.649548919191
 20
715.561457987463
 30
0.0
 10
1143.649548919191
 20
715.561457987463
 30
0.0
 10
1143.768786780511
 20
715.561457987463
 30
0.0
 10
1143.866037518488
 20
715.6587087254222
 30
0.0
 10
1143.866037518488
 20
715.7783694160436
 30
0.0
 10
1143.866037518488
 20
715.7783694160436
 30
0.0
 10
1143.866037518488
 20
715.7783694160436
 30
0.0
 10
1143.649548919191
 20
715.7783694160436
 30
0.0
 10
1143.649548919191
 20
715.7783694160436
 30
0.0
  0
SPLINE
  5
832
330
1F
100
AcDbEntity
  8
ºöåçæÄ
100
AcDbSpline
210
0.0
220
0.0
230
0.0
 70
    24
 71
     3
 72
     8
 73
     4
 74
     0
 42
0.000000001
 43
0.0000000001
 40
0.0
 40
0.0
 40
0.0
 40
0.0
 40
1.0
 40
1.0
 40
1.0
 40
1.0
 10
1144.194153051776
 20
716.3204365728537
 30
0.0
 10
1144.194153051776
 20
716.3204365728537
 30
0.0
 10
1146.910831275254
 20
719.0358463084512
 30
0.0
 10
1146.910831275254
 20
719.0358463084512
 30
0.0
  0
SPLINE
  5
833
330
1F
100
AcDbEntity
  8
ºöåçæÄ
100
AcDbSpline
210
0.0
220
0.0
230
1.0
 70
    11
 71
     3
 72
    28
 73
    24
 74
     0
 42
0.000000001
 43
0.0000000001
 40
0.0
 40
0.0
 40
0.0
 40
0.0
 40
0.1428571428571428
 40
0.1428571428571428
 40
0.1428571428571428
 40
0.1428571528571428
 40
0.2857142857142857
 40
0.2857142857142857
 40
0.2857142857142857
 40
0.2857142957142857
 40
0.428571428571429
 40
0.428571428571429
 40
0.428571428571429
 40
0.4285714385714289
 40
0.5714285714285714
 40
0.5714285714285714
 40
0.5714285714285714
 40
0.5714285814285715
 40
0.7142857142857145
 40
0.7142857142857145
 40
0.7142857142857145
 40
0.7142857242857146
 40
1.0
 40
1.0
 40
1.0
 40
1.0
 10
1147.453744090654
 20
719.5804504410347
 30
0.0
 10
1147.453744090654
 20
719.5804504410347
 30
0.0
 10
1147.670232689951
 20
719.5804504410347
 30
0.0
 10
1147.670232689951
 20
719.5804504410347
 30
0.0
 10
1147.670232689951
 20
719.5804504410347
 30
0.0
 10
1147.670232689951
 20
719.6996883023595
 30
0.0
 10
1147.57298195198
 20
719.7973618696153
 30
0.0
 10
1147.453744090654
 20
719.7973618696153
 30
0.0
 10
1147.453744090654
 20
719.7973618696153
 30
0.0
 10
1147.334083400038
 20
719.7973618696153
 30
0.0
 10
1147.236832662082
 20
719.6996883023595
 30
0.0
 10
1147.236832662082
 20
719.5804504410347
 30
0.0
 10
1147.236832662082
 20
719.5804504410347
 30
0.0
 10
1147.236832662082
 20
719.460789750413
 30
0.0
 10
1147.334083400038
 20
719.3635390124519
 30
0.0
 10
1147.453744090654
 20
719.3635390124519
 30
0.0
 10
1147.453744090654
 20
719.3635390124519
 30
0.0
 10
1147.57298195198
 20
719.3635390124519
 30
0.0
 10
1147.670232689951
 20
719.460789750413
 30
0.0
 10
1147.670232689951
 20
719.5804504410347
 30
0.0
 10
1147.670232689951
 20
719.5804504410347
 30
0.0
 10
1147.670232689951
 20
719.5804504410347
 30
0.0
 10
1147.453744090654
 20
719.5804504410347
 30
0.0
 10
1147.453744090654
 20
719.5804504410347
 30
0.0
  0
SPLINE
  5
834
330
1F
100
AcDbEntity
  8
ºöåçæÄ
100
AcDbSpline
210
0.0
220
0.0
230
0.0
 70
    24
 71
     3
 72
     8
 73
     4
 74
     0
 42
0.000000001
 43
0.0000000001
 40
0.0
 40
0.0
 40
0.0
 40
0.0
 40
1.0
 40
1.0
 40
1.0
 40
1.0
 10
1147.998348223238
 20
720.1246317443213
 30
0.0
 10
1147.998348223238
 20
720.1246317443213
 30
0.0
 10
1148.256696922788
 20
720.3829804438621
 30
0.0
 10
1148.256696922788
 20
720.3829804438621
 30
0.0
  0
SPLINE
  5
835
330
1F
100
AcDbEntity
  8
ºöåçæÄ
100
AcDbSpline
210
0.0
220
0.0
230
0.0
 70
    24
 71
     3
 72
     8
 73
     4
 74
     0
 42
0.000000001
 43
0.0000000001
 40
0.0
 40
0.0
 40
0.0
 40
0.0
 40
1.0
 40
1.0
 40
1.0
 40
1.0
 10
1140.712153803467
 20
710.6646719164666
 30
0.0
 10
1140.712153803467
 20
710.6646719164666
 30
0.0
 10
1142.291844051401
 20
712.2439393350973
 30
0.0
 10
1142.291844051401
 20
712.2439393350973
 30
0.0
  0
SPLINE
  5
836
330
1F
100
AcDbEntity
  8
ºöåçæÄ
100
AcDbSpline
210
0.0
220
0.0
230
1.0
 70
    11
 71
     3
 72
    28
 73
    24
 74
     0
 42
0.000000001
 43
0.0000000001
 40
0.0
 40
0.0
 40
0.0
 40
0.0
 40
0.1428571428571428
 40
0.1428571428571428
 40
0.1428571428571428
 40
0.1428571528571428
 40
0.2857142857142857
 40
0.2857142857142857
 40
0.2857142857142857
 40
0.2857142957142857
 40
0.428571428571429
 40
0.428571428571429
 40
0.428571428571429
 40
0.4285714385714289
 40
0.5714285714285714
 40
0.5714285714285714
 40
0.5714285714285714
 40
0.5714285814285715
 40
0.7142857142857145
 40
0.7142857142857145
 40
0.7142857142857145
 40
0.7142857242857146
 40
1.0
 40
1.0
 40
1.0
 40
1.0
 10
1142.834334037511
 20
712.7889662969765
 30
0.0
 10
1142.834334037511
 20
712.7889662969765
 30
0.0
 10
1143.051245466082
 20
712.7889662969765
 30
0.0
 10
1143.051245466082
 20
712.7889662969765
 30
0.0
 10
1143.051245466082
 20
712.7889662969765
 30
0.0
 10
1143.051245466082
 20
712.9082041583017
 30
0.0
 10
1142.953994728119
 20
713.0054548962627
 30
0.0
 10
1142.834334037511
 20
713.0054548962627
 30
0.0
 10
1142.834334037511
 20
713.0054548962627
 30
0.0
 10
1142.715096176177
 20
713.0054548962627
 30
0.0
 10
1142.617845438214
 20
712.9082041583017
 30
0.0
 10
1142.617845438214
 20
712.7889662969765
 30
0.0
 10
1142.617845438214
 20
712.7889662969765
 30
0.0
 10
1142.617845438214
 20
712.6693056063532
 30
0.0
 10
1142.715096176177
 20
712.5720548683922
 30
0.0
 10
1142.834334037511
 20
712.5720548683922
 30
0.0
 10
1142.834334037511
 20
712.5720548683922
 30
0.0
 10
1142.953994728119
 20
712.5720548683922
 30
0.0
 10
1143.051245466082
 20
712.6693056063532
 30
0.0
 10
1143.051245466082
 20
712.7889662969765
 30
0.0
 10
1143.051245466082
 20
712.7889662969765
 30
0.0
 10
1143.051245466082
 20
712.7889662969765
 30
0.0
 10
1142.834334037511
 20
712.7889662969765
 30
0.0
 10
1142.834334037511
 20
712.7889662969765
 30
0.0
  0
SPLINE
  5
837
330
1F
100
AcDbEntity
  8
ºöåçæÄ
100
AcDbSpline
210
0.0
220
0.0
230
0.0
 70
    24
 71
     3
 72
     8
 73
     4
 74
     0
 42
0.000000001
 43
0.0000000001
 40
0.0
 40
0.0
 40
0.0
 40
0.0
 40
1.0
 40
1.0
 40
1.0
 40
1.0
 10
1143.378938170081
 20
713.3310334537847
 30
0.0
 10
1143.378938170081
 20
713.3310334537847
 30
0.0
 10
1146.096039222856
 20
716.048134506563
 30
0.0
 10
1146.096039222856
 20
716.048134506563
 30
0.0
  0
SPLINE
  5
838
330
1F
100
AcDbEntity
  8
ºöåçæÄ
100
AcDbSpline
210
0.0
220
0.0
230
1.0
 70
    11
 71
     3
 72
    28
 73
    24
 74
     0
 42
0.000000001
 43
0.0000000001
 40
0.0
 40
0.0
 40
0.0
 40
0.0
 40
0.1428571428571428
 40
0.1428571428571428
 40
0.1428571428571428
 40
0.1428571528571428
 40
0.2857142857142857
 40
0.2857142857142857
 40
0.2857142857142857
 40
0.2857142957142857
 40
0.428571428571429
 40
0.428571428571429
 40
0.428571428571429
 40
0.4285714385714289
 40
0.5714285714285714
 40
0.5714285714285714
 40
0.5714285714285714
 40
0.5714285814285715
 40
0.7142857142857145
 40
0.7142857142857145
 40
0.7142857142857145
 40
0.7142857242857146
 40
1.0
 40
1.0
 40
1.0
 40
1.0
 10
1146.638529208966
 20
716.5910473219658
 30
0.0
 10
1146.638529208966
 20
716.5910473219658
 30
0.0
 10
1146.855440637552
 20
716.5910473219658
 30
0.0
 10
1146.855440637552
 20
716.5910473219658
 30
0.0
 10
1146.855440637552
 20
716.5910473219658
 30
0.0
 10
1146.855440637552
 20
716.7107080125854
 30
0.0
 10
1146.758189899589
 20
716.8079587505482
 30
0.0
 10
1146.638529208966
 20
716.8079587505482
 30
0.0
 10
1146.638529208966
 20
716.8079587505482
 30
0.0
 10
1146.519291347639
 20
716.8079587505482
 30
0.0
 10
1146.422040609683
 20
716.7107080125854
 30
0.0
 10
1146.422040609683
 20
716.5910473219658
 30
0.0
 10
1146.422040609683
 20
716.5910473219658
 30
0.0
 10
1146.422040609683
 20
716.471809460637
 30
0.0
 10
1146.519291347639
 20
716.3745587226777
 30
0.0
 10
1146.638529208966
 20
716.3745587226777
 30
0.0
 10
1146.638529208966
 20
716.3745587226777
 30
0.0
 10
1146.758189899589
 20
716.3745587226777
 30
0.0
 10
1146.855440637552
 20
716.471809460637
 30
0.0
 10
1146.855440637552
 20
716.5910473219658
 30
0.0
 10
1146.855440637552
 20
716.5910473219658
 30
0.0
 10
1146.855440637552
 20
716.5910473219658
 30
0.0
 10
1146.638529208966
 20
716.5910473219658
 30
0.0
 10
1146.638529208966
 20
716.5910473219658
 30
0.0
  0
SPLINE
  5
839
330
1F
100
AcDbEntity
  8
ºöåçæÄ
100
AcDbSpline
210
0.0
220
0.0
230
0.0
 70
    24
 71
     3
 72
     8
 73
     4
 74
     0
 42
0.000000001
 43
0.0000000001
 40
0.0
 40
0.0
 40
0.0
 40
0.0
 40
1.0
 40
1.0
 40
1.0
 40
1.0
 10
1147.181442024372
 20
717.1352286252522
 30
0.0
 10
1147.181442024372
 20
717.1352286252522
 30
0.0
 10
1149.898120247843
 20
719.8523296780307
 30
0.0
 10
1149.898120247843
 20
719.8523296780307
 30
0.0
  0
SPLINE
  5
83A
330
1F
100
AcDbEntity
  8
ºöåçæÄ
100
AcDbSpline
210
0.0
220
0.0
230
1.0
 70
    11
 71
     3
 72
    28
 73
    24
 74
     0
 42
0.000000001
 43
0.0000000001
 40
0.0
 40
0.0
 40
0.0
 40
0.0
 40
0.1428571428571428
 40
0.1428571428571428
 40
0.1428571428571428
 40
0.1428571528571428
 40
0.2857142857142857
 40
0.2857142857142857
 40
0.2857142857142857
 40
0.2857142957142857
 40
0.428571428571429
 40
0.428571428571429
 40
0.428571428571429
 40
0.4285714385714289
 40
0.5714285714285714
 40
0.5714285714285714
 40
0.5714285714285714
 40
0.5714285814285715
 40
0.7142857142857145
 40
0.7142857142857145
 40
0.7142857142857145
 40
0.7142857242857146
 40
1.0
 40
1.0
 40
1.0
 40
1.0
 10
1150.430885160164
 20
720.3834032731568
 30
0.0
 10
1150.430885160164
 20
720.3834032731568
 30
0.0
 10
1150.647796588743
 20
720.3834032731568
 30
0.0
 10
1150.647796588743
 20
720.3834032731568
 30
0.0
 10
1150.647796588743
 20
720.3834032731568
 30
0.0
 10
1150.647796588743
 20
720.5030639637782
 30
0.0
 10
1150.55054585078
 20
720.6003147017411
 30
0.0
 10
1150.430885160164
 20
720.6003147017411
 30
0.0
 10
1150.430885160164
 20
720.6003147017411
 30
0.0
 10
1150.31164729883
 20
720.6003147017411
 30
0.0
 10
1150.214396560867
 20
720.5030639637782
 30
0.0
 10
1150.214396560867
 20
720.3834032731568
 30
0.0
 10
1150.214396560867
 20
720.3834032731568
 30
0.0
 10
1150.214396560867
 20
720.2641654118318
 30
0.0
 10
1150.31164729883
 20
720.1669146738707
 30
0.0
 10
1150.430885160164
 20
720.1669146738707
 30
0.0
 10
1150.430885160164
 20
720.1669146738707
 30
0.0
 10
1150.55054585078
 20
720.1669146738707
 30
0.0
 10
1150.647796588743
 20
720.2641654118318
 30
0.0
 10
1150.647796588743
 20
720.3834032731568
 30
0.0
 10
1150.647796588743
 20
720.3834032731568
 30
0.0
 10
1150.647796588743
 20
720.3834032731568
 30
0.0
 10
1150.430885160164
 20
720.3834032731568
 30
0.0
 10
1150.430885160164
 20
720.3834032731568
 30
0.0
  0
SPLINE
  5
83B
330
1F
100
AcDbEntity
  8
ºöåçæÄ
100
AcDbSpline
210
0.0
220
0.0
230
0.0
 70
    24
 71
     3
 72
     8
 73
     4
 74
     0
 42
0.000000001
 43
0.0000000001
 40
0.0
 40
0.0
 40
0.0
 40
0.0
 40
1.0
 40
1.0
 40
1.0
 40
1.0
 10
1142.88507355296
 20
710.6646719164666
 30
0.0
 10
1142.88507355296
 20
710.6646719164666
 30
0.0
 10
1145.279133023989
 20
713.058731387494
 30
0.0
 10
1145.279133023989
 20
713.058731387494
 30
0.0
  0
SPLINE
  5
83C
330
1F
100
AcDbEntity
  8
ºöåçæÄ
100
AcDbSpline
210
0.0
220
0.0
230
1.0
 70
    11
 71
     3
 72
    28
 73
    24
 74
     0
 42
0.000000001
 43
0.0000000001
 40
0.0
 40
0.0
 40
0.0
 40
0.0
 40
0.1428571428571428
 40
0.1428571428571428
 40
0.1428571428571428
 40
0.1428571528571428
 40
0.2857142857142857
 40
0.2857142857142857
 40
0.2857142857142857
 40
0.2857142957142857
 40
0.428571428571429
 40
0.428571428571429
 40
0.428571428571429
 40
0.4285714385714289
 40
0.5714285714285714
 40
0.5714285714285714
 40
0.5714285714285714
 40
0.5714285814285715
 40
0.7142857142857145
 40
0.7142857142857145
 40
0.7142857142857145
 40
0.7142857242857146
 40
1.0
 40
1.0
 40
1.0
 40
1.0
 10
1145.823737156567
 20
713.6037583493738
 30
0.0
 10
1145.823737156567
 20
713.6037583493738
 30
0.0
 10
1146.04064858516
 20
713.6037583493738
 30
0.0
 10
1146.04064858516
 20
713.6037583493738
 30
0.0
 10
1146.04064858516
 20
713.6037583493738
 30
0.0
 10
1146.04064858516
 20
713.7234190399932
 30
0.0
 10
1145.94339784719
 20
713.8206697779562
 30
0.0
 10
1145.823737156567
 20
713.8206697779562
 30
0.0
 10
1145.823737156567
 20
713.8206697779562
 30
0.0
 10
1145.704499295254
 20
713.8206697779562
 30
0.0
 10
1145.606825727988
 20
713.7234190399932
 30
0.0
 10
1145.606825727988
 20
713.6037583493738
 30
0.0
 10
1145.606825727988
 20
713.6037583493738
 30
0.0
 10
1145.606825727988
 20
713.4845204880469
 30
0.0
 10
1145.704499295254
 20
713.3868469207875
 30
0.0
 10
1145.823737156567
 20
713.3868469207875
 30
0.0
 10
1145.823737156567
 20
713.3868469207875
 30
0.0
 10
1145.94339784719
 20
713.3868469207875
 30
0.0
 10
1146.04064858516
 20
713.4845204880469
 30
0.0
 10
1146.04064858516
 20
713.6037583493738
 30
0.0
 10
1146.04064858516
 20
713.6037583493738
 30
0.0
 10
1146.04064858516
 20
713.6037583493738
 30
0.0
 10
1145.823737156567
 20
713.6037583493738
 30
0.0
 10
1145.823737156567
 20
713.6037583493738
 30
0.0
  0
SPLINE
  5
83D
330
1F
100
AcDbEntity
  8
ºöåçæÄ
100
AcDbSpline
210
0.0
220
0.0
230
0.0
 70
    24
 71
     3
 72
     8
 73
     4
 74
     0
 42
0.000000001
 43
0.0000000001
 40
0.0
 40
0.0
 40
0.0
 40
0.0
 40
1.0
 40
1.0
 40
1.0
 40
1.0
 10
1146.368341289152
 20
714.1458255061836
 30
0.0
 10
1146.368341289152
 20
714.1458255061836
 30
0.0
 10
1149.083328195451
 20
716.8629265589617
 30
0.0
 10
1149.083328195451
 20
716.8629265589617
 30
0.0
  0
SPLINE
  5
83E
330
1F
100
AcDbEntity
  8
ºöåçæÄ
100
AcDbSpline
210
0.0
220
0.0
230
1.0
 70
    11
 71
     3
 72
    28
 73
    24
 74
     0
 42
0.000000001
 43
0.0000000001
 40
0.0
 40
0.0
 40
0.0
 40
0.0
 40
0.1428571428571428
 40
0.1428571428571428
 40
0.1428571428571428
 40
0.1428571528571428
 40
0.2857142857142857
 40
0.2857142857142857
 40
0.2857142857142857
 40
0.2857142957142857
 40
0.428571428571429
 40
0.428571428571429
 40
0.428571428571429
 40
0.4285714385714289
 40
0.5714285714285714
 40
0.5714285714285714
 40
0.5714285714285714
 40
0.5714285814285715
 40
0.7142857142857145
 40
0.7142857142857145
 40
0.7142857142857145
 40
0.7142857242857146
 40
1.0
 40
1.0
 40
1.0
 40
1.0
 10
1149.627932328036
 20
717.4079535208395
 30
0.0
 10
1149.627932328036
 20
717.4079535208395
 30
0.0
 10
1149.844843756622
 20
717.4079535208395
 30
0.0
 10
1149.844843756622
 20
717.4079535208395
 30
0.0
 10
1149.844843756622
 20
717.4079535208395
 30
0.0
 10
1149.844843756622
 20
717.527614211461
 30
0.0
 10
1149.747593018652
 20
717.6248649494202
 30
0.0
 10
1149.627932328036
 20
717.6248649494202
 30
0.0
 10
1149.627932328036
 20
717.6248649494202
 30
0.0
 10
1149.508694466709
 20
717.6248649494202
 30
0.0
 10
1149.41102089945
 20
717.527614211461
 30
0.0
 10
1149.41102089945
 20
717.4079535208395
 30
0.0
 10
1149.41102089945
 20
717.4079535208395
 30
0.0
 10
1149.41102089945
 20
717.2887156595128
 30
0.0
 10
1149.508694466709
 20
717.1910420922569
 30
0.0
 10
1149.627932328036
 20
717.1910420922569
 30
0.0
 10
1149.627932328036
 20
717.1910420922569
 30
0.0
 10
1149.747593018652
 20
717.1910420922569
 30
0.0
 10
1149.844843756622
 20
717.2887156595128
 30
0.0
 10
1149.844843756622
 20
717.4079535208395
 30
0.0
 10
1149.844843756622
 20
717.4079535208395
 30
0.0
 10
1149.844843756622
 20
717.4079535208395
 30
0.0
 10
1149.627932328036
 20
717.4079535208395
 30
0.0
 10
1149.627932328036
 20
717.4079535208395
 30
0.0
  0
SPLINE
  5
83F
330
1F
100
AcDbEntity
  8
ºöåçæÄ
100
AcDbSpline
210
0.0
220
0.0
230
0.0
 70
    24
 71
     3
 72
     8
 73
     4
 74
     0
 42
0.000000001
 43
0.0000000001
 40
0.0
 40
0.0
 40
0.0
 40
0.0
 40
1.0
 40
1.0
 40
1.0
 40
1.0
 10
1150.170422314146
 20
717.9500206776495
 30
0.0
 10
1150.170422314146
 20
717.9500206776495
 30
0.0
 10
1152.603382080346
 20
720.3829804438621
 30
0.0
 10
1152.603382080346
 20
720.3829804438621
 30
0.0
  0
SPLINE
  5
840
330
1F
100
AcDbEntity
  8
ºöåçæÄ
100
AcDbSpline
210
0.0
220
0.0
230
1.0
 70
    11
 71
     3
 72
    28
 73
    24
 74
     0
 42
0.000000001
 43
0.0000000001
 40
0.0
 40
0.0
 40
0.0
 40
0.0
 40
0.1428571428571428
 40
0.1428571428571428
 40
0.1428571428571428
 40
0.1428571528571428
 40
0.2857142857142857
 40
0.2857142857142857
 40
0.2857142857142857
 40
0.2857142957142857
 40
0.428571428571429
 40
0.428571428571429
 40
0.428571428571429
 40
0.4285714385714289
 40
0.5714285714285714
 40
0.5714285714285714
 40
0.5714285714285714
 40
0.5714285814285715
 40
0.7142857142857145
 40
0.7142857142857145
 40
0.7142857142857145
 40
0.7142857242857146
 40
1.0
 40
1.0
 40
1.0
 40
1.0
 10
1145.058838961038
 20
710.6650947457612
 30
0.0
 10
1145.058838961038
 20
710.6650947457612
 30
0.0
 10
1145.275750389618
 20
710.6650947457612
 30
0.0
 10
1145.275750389618
 20
710.6650947457612
 30
0.0
 10
1145.275750389618
 20
710.6650947457612
 30
0.0
 10
1145.275750389618
 20
710.7847554363827
 30
0.0
 10
1145.178499651662
 20
710.8820061743435
 30
0.0
 10
1145.058838961038
 20
710.8820061743435
 30
0.0
 10
1145.058838961038
 20
710.8820061743435
 30
0.0
 10
1144.939601099719
 20
710.8820061743435
 30
0.0
 10
1144.842350361749
 20
710.7847554363827
 30
0.0
 10
1144.842350361749
 20
710.6650947457612
 30
0.0
 10
1144.842350361749
 20
710.6650947457612
 30
0.0
 10
1144.842350361749
 20
710.5458568844341
 30
0.0
 10
1144.939601099719
 20
710.4481833171767
 30
0.0
 10
1145.058838961038
 20
710.4481833171767
 30
0.0
 10
1145.058838961038
 20
710.4481833171767
 30
0.0
 10
1145.178499651662
 20
710.4481833171767
 30
0.0
 10
1145.275750389618
 20
710.5458568844341
 30
0.0
 10
1145.275750389618
 20
710.6650947457612
 30
0.0
 10
1145.275750389618
 20
710.6650947457612
 30
0.0
 10
1145.275750389618
 20
710.6650947457612
 30
0.0
 10
1145.058838961038
 20
710.6650947457612
 30
0.0
 10
1145.058838961038
 20
710.6650947457612
 30
0.0
  0
SPLINE
  5
841
330
1F
100
AcDbEntity
  8
ºöåçæÄ
100
AcDbSpline
210
0.0
220
0.0
230
0.0
 70
    24
 71
     3
 72
     8
 73
     4
 74
     0
 42
0.000000001
 43
0.0000000001
 40
0.0
 40
0.0
 40
0.0
 40
0.0
 40
1.0
 40
1.0
 40
1.0
 40
1.0
 10
1145.551435090278
 20
711.1585365335916
 30
0.0
 10
1145.551435090278
 20
711.1585365335916
 30
0.0
 10
1148.26853614306
 20
713.8756375863697
 30
0.0
 10
1148.26853614306
 20
713.8756375863697
 30
0.0
  0
SPLINE
  5
842
330
1F
100
AcDbEntity
  8
ºöåçæÄ
100
AcDbSpline
210
0.0
220
0.0
230
1.0
 70
    11
 71
     3
 72
    28
 73
    24
 74
     0
 42
0.000000001
 43
0.0000000001
 40
0.0
 40
0.0
 40
0.0
 40
0.0
 40
0.1428571428571428
 40
0.1428571428571428
 40
0.1428571428571428
 40
0.1428571528571428
 40
0.2857142857142857
 40
0.2857142857142857
 40
0.2857142857142857
 40
0.2857142957142857
 40
0.428571428571429
 40
0.428571428571429
 40
0.428571428571429
 40
0.4285714385714289
 40
0.5714285714285714
 40
0.5714285714285714
 40
0.5714285714285714
 40
0.5714285814285715
 40
0.7142857142857145
 40
0.7142857142857145
 40
0.7142857142857145
 40
0.7142857242857146
 40
1.0
 40
1.0
 40
1.0
 40
1.0
 10
1148.813140275637
 20
714.4185504017688
 30
0.0
 10
1148.813140275637
 20
714.4185504017688
 30
0.0
 10
1149.029628874934
 20
714.4185504017688
 30
0.0
 10
1149.029628874934
 20
714.4185504017688
 30
0.0
 10
1149.029628874934
 20
714.4185504017688
 30
0.0
 10
1149.029628874934
 20
714.5382110923923
 30
0.0
 10
1148.932378136972
 20
714.6354618303514
 30
0.0
 10
1148.813140275637
 20
714.6354618303514
 30
0.0
 10
1148.813140275637
 20
714.6354618303514
 30
0.0
 10
1148.693479585014
 20
714.6354618303514
 30
0.0
 10
1148.596228847051
 20
714.5382110923923
 30
0.0
 10
1148.596228847051
 20
714.4185504017688
 30
0.0
 10
1148.596228847051
 20
714.4185504017688
 30
0.0
 10
1148.596228847051
 20
714.2993125404439
 30
0.0
 10
1148.693479585014
 20
714.2020618024827
 30
0.0
 10
1148.813140275637
 20
714.2020618024827
 30
0.0
 10
1148.813140275637
 20
714.2020618024827
 30
0.0
 10
1148.932378136972
 20
714.2020618024827
 30
0.0
 10
1149.029628874934
 20
714.2993125404439
 30
0.0
 10
1149.029628874934
 20
714.4185504017688
 30
0.0
 10
1149.029628874934
 20
714.4185504017688
 30
0.0
 10
1149.029628874934
 20
714.4185504017688
 30
0.0
 10
1148.813140275637
 20
714.4185504017688
 30
0.0
 10
1148.813140275637
 20
714.4185504017688
 30
0.0
  0
SPLINE
  5
843
330
1F
100
AcDbEntity
  8
ºöåçæÄ
100
AcDbSpline
210
0.0
220
0.0
230
0.0
 70
    24
 71
     3
 72
     8
 73
     4
 74
     0
 42
0.000000001
 43
0.0000000001
 40
0.0
 40
0.0
 40
0.0
 40
0.0
 40
1.0
 40
1.0
 40
1.0
 40
1.0
 10
1149.355630261747
 20
714.9606175585806
 30
0.0
 10
1149.355630261747
 20
714.9606175585806
 30
0.0
 10
1152.072731314522
 20
717.6777186113568
 30
0.0
 10
1152.072731314522
 20
717.6777186113568
 30
0.0
  0
SPLINE
  5
844
330
1F
100
AcDbEntity
  8
ºöåçæÄ
100
AcDbSpline
210
0.0
220
0.0
230
1.0
 70
    11
 71
     3
 72
    28
 73
    24
 74
     0
 42
0.000000001
 43
0.0000000001
 40
0.0
 40
0.0
 40
0.0
 40
0.0
 40
0.1428571428571428
 40
0.1428571428571428
 40
0.1428571428571428
 40
0.1428571528571428
 40
0.2857142857142857
 40
0.2857142857142857
 40
0.2857142857142857
 40
0.2857142957142857
 40
0.428571428571429
 40
0.428571428571429
 40
0.428571428571429
 40
0.4285714385714289
 40
0.5714285714285714
 40
0.5714285714285714
 40
0.5714285714285714
 40
0.5714285814285715
 40
0.7142857142857145
 40
0.7142857142857145
 40
0.7142857142857145
 40
0.7142857242857146
 40
1.0
 40
1.0
 40
1.0
 40
1.0
 10
1152.6173354471
 20
718.2227455732365
 30
0.0
 10
1152.6173354471
 20
718.2227455732365
 30
0.0
 10
1152.833824046397
 20
718.2227455732365
 30
0.0
 10
1152.833824046397
 20
718.2227455732365
 30
0.0
 10
1152.833824046397
 20
718.2227455732365
 30
0.0
 10
1152.833824046397
 20
718.342406263858
 30
0.0
 10
1152.736573308426
 20
718.4396570018191
 30
0.0
 10
1152.6173354471
 20
718.4396570018191
 30
0.0
 10
1152.6173354471
 20
718.4396570018191
 30
0.0
 10
1152.497674756483
 20
718.4396570018191
 30
0.0
 10
1152.400424018528
 20
718.342406263858
 30
0.0
 10
1152.400424018528
 20
718.2227455732365
 30
0.0
 10
1152.400424018528
 20
718.2227455732365
 30
0.0
 10
1152.400424018528
 20
718.1035077119097
 30
0.0
 10
1152.497674756483
 20
718.0062569739487
 30
0.0
 10
1152.6173354471
 20
718.0062569739487
 30
0.0
 10
1152.6173354471
 20
718.0062569739487
 30
0.0
 10
1152.736573308426
 20
718.0062569739487
 30
0.0
 10
1152.833824046397
 20
718.1035077119097
 30
0.0
 10
1152.833824046397
 20
718.2227455732365
 30
0.0
 10
1152.833824046397
 20
718.2227455732365
 30
0.0
 10
1152.833824046397
 20
718.2227455732365
 30
0.0
 10
1152.6173354471
 20
718.2227455732365
 30
0.0
 10
1152.6173354471
 20
718.2227455732365
 30
0.0
  0
SPLINE
  5
845
330
1F
100
AcDbEntity
  8
ºöåçæÄ
100
AcDbSpline
210
0.0
220
0.0
230
0.0
 70
    24
 71
     3
 72
     8
 73
     4
 74
     0
 42
0.000000001
 43
0.0000000001
 40
0.0
 40
0.0
 40
0.0
 40
0.0
 40
1.0
 40
1.0
 40
1.0
 40
1.0
 10
1153.15982543321
 20
718.7648127300465
 30
0.0
 10
1153.15982543321
 20
718.7648127300465
 30
0.0
 10
1154.777993147025
 20
720.3829804438621
 30
0.0
 10
1154.777993147025
 20
720.3829804438621
 30
0.0
  0
SPLINE
  5
846
330
1F
100
AcDbEntity
  8
ºöåçæÄ
100
AcDbSpline
210
0.0
220
0.0
230
0.0
 70
    24
 71
     3
 72
     8
 73
     4
 74
     0
 42
0.000000001
 43
0.0000000001
 40
0.0
 40
0.0
 40
0.0
 40
0.0
 40
1.0
 40
1.0
 40
1.0
 40
1.0
 10
1147.231758710532
 20
710.6646719164666
 30
0.0
 10
1147.231758710532
 20
710.6646719164666
 30
0.0
 10
1147.453744090654
 20
710.8862344672992
 30
0.0
 10
1147.453744090654
 20
710.8862344672992
 30
0.0
  0
SPLINE
  5
847
330
1F
100
AcDbEntity
  8
ºöåçæÄ
100
AcDbSpline
210
0.0
220
0.0
230
1.0
 70
    11
 71
     3
 72
    28
 73
    24
 74
     0
 42
0.000000001
 43
0.0000000001
 40
0.0
 40
0.0
 40
0.0
 40
0.0
 40
0.1428571428571428
 40
0.1428571428571428
 40
0.1428571428571428
 40
0.1428571528571428
 40
0.2857142857142857
 40
0.2857142857142857
 40
0.2857142857142857
 40
0.2857142957142857
 40
0.428571428571429
 40
0.428571428571429
 40
0.428571428571429
 40
0.4285714385714289
 40
0.5714285714285714
 40
0.5714285714285714
 40
0.5714285714285714
 40
0.5714285814285715
 40
0.7142857142857145
 40
0.7142857142857145
 40
0.7142857142857145
 40
0.7142857242857146
 40
1.0
 40
1.0
 40
1.0
 40
1.0
 10
1147.998348223238
 20
711.4295701119963
 30
0.0
 10
1147.998348223238
 20
711.4295701119963
 30
0.0
 10
1148.214836822528
 20
711.4295701119963
 30
0.0
 10
1148.214836822528
 20
711.4295701119963
 30
0.0
 10
1148.214836822528
 20
711.4295701119963
 30
0.0
 10
1148.214836822528
 20
711.5488079733215
 30
0.0
 10
1148.117586084565
 20
711.6460587112826
 30
0.0
 10
1147.998348223238
 20
711.6460587112826
 30
0.0
 10
1147.998348223238
 20
711.6460587112826
 30
0.0
 10
1147.878687532615
 20
711.6460587112826
 30
0.0
 10
1147.78143679466
 20
711.5488079733215
 30
0.0
 10
1147.78143679466
 20
711.4295701119963
 30
0.0
 10
1147.78143679466
 20
711.4295701119963
 30
0.0
 10
1147.78143679466
 20
711.3099094213751
 30
0.0
 10
1147.878687532615
 20
711.2126586834123
 30
0.0
 10
1147.998348223238
 20
711.2126586834123
 30
0.0
 10
1147.998348223238
 20
711.2126586834123
 30
0.0
 10
1148.117586084565
 20
711.2126586834123
 30
0.0
 10
1148.214836822528
 20
711.3099094213751
 30
0.0
 10
1148.214836822528
 20
711.4295701119963
 30
0.0
 10
1148.214836822528
 20
711.4295701119963
 30
0.0
 10
1148.214836822528
 20
711.4295701119963
 30
0.0
 10
1147.998348223238
 20
711.4295701119963
 30
0.0
 10
1147.998348223238
 20
711.4295701119963
 30
0.0
  0
SPLINE
  5
848
330
1F
100
AcDbEntity
  8
ºöåçæÄ
100
AcDbSpline
210
0.0
220
0.0
230
0.0
 70
    24
 71
     3
 72
     8
 73
     4
 74
     0
 42
0.000000001
 43
0.0000000001
 40
0.0
 40
0.0
 40
0.0
 40
0.0
 40
1.0
 40
1.0
 40
1.0
 40
1.0
 10
1148.540838209356
 20
711.9733285859868
 30
0.0
 10
1148.540838209356
 20
711.9733285859868
 30
0.0
 10
1151.257939262138
 20
714.6891611508772
 30
0.0
 10
1151.257939262138
 20
714.6891611508772
 30
0.0
  0
SPLINE
  5
849
330
1F
100
AcDbEntity
  8
ºöåçæÄ
100
AcDbSpline
210
0.0
220
0.0
230
1.0
 70
    11
 71
     3
 72
    28
 73
    24
 74
     0
 42
0.000000001
 43
0.0000000001
 40
0.0
 40
0.0
 40
0.0
 40
0.0
 40
0.1428571428571428
 40
0.1428571428571428
 40
0.1428571428571428
 40
0.1428571528571428
 40
0.2857142857142857
 40
0.2857142857142857
 40
0.2857142857142857
 40
0.2857142957142857
 40
0.428571428571429
 40
0.428571428571429
 40
0.428571428571429
 40
0.4285714385714289
 40
0.5714285714285714
 40
0.5714285714285714
 40
0.5714285714285714
 40
0.5714285814285715
 40
0.7142857142857145
 40
0.7142857142857145
 40
0.7142857142857145
 40
0.7142857242857146
 40
1.0
 40
1.0
 40
1.0
 40
1.0
 10
1151.800429248233
 20
715.2337652834622
 30
0.0
 10
1151.800429248233
 20
715.2337652834622
 30
0.0
 10
1152.017340676819
 20
715.2337652834622
 30
0.0
 10
1152.017340676819
 20
715.2337652834622
 30
0.0
 10
1152.017340676819
 20
715.2337652834622
 30
0.0
 10
1152.017340676819
 20
715.3530031447892
 30
0.0
 10
1151.919667109553
 20
715.45025388275
 30
0.0
 10
1151.800429248233
 20
715.45025388275
 30
0.0
 10
1151.800429248233
 20
715.45025388275
 30
0.0
 10
1151.68076855761
 20
715.45025388275
 30
0.0
 10
1151.583517819647
 20
715.3530031447892
 30
0.0
 10
1151.583517819647
 20
715.2337652834622
 30
0.0
 10
1151.583517819647
 20
715.2337652834622
 30
0.0
 10
1151.583517819647
 20
715.1141045928389
 30
0.0
 10
1151.68076855761
 20
715.0168538548797
 30
0.0
 10
1151.800429248233
 20
715.0168538548797
 30
0.0
 10
1151.800429248233
 20
715.0168538548797
 30
0.0
 10
1151.919667109553
 20
715.0168538548797
 30
0.0
 10
1152.017340676819
 20
715.1141045928389
 30
0.0
 10
1152.017340676819
 20
715.2337652834622
 30
0.0
 10
1152.017340676819
 20
715.2337652834622
 30
0.0
 10
1152.017340676819
 20
715.2337652834622
 30
0.0
 10
1151.800429248233
 20
715.2337652834622
 30
0.0
 10
1151.800429248233
 20
715.2337652834622
 30
0.0
  0
SPLINE
  5
84A
330
1F
100
AcDbEntity
  8
ºöåçæÄ
100
AcDbSpline
210
0.0
220
0.0
230
0.0
 70
    24
 71
     3
 72
     8
 73
     4
 74
     0
 42
0.000000001
 43
0.0000000001
 40
0.0
 40
0.0
 40
0.0
 40
0.0
 40
1.0
 40
1.0
 40
1.0
 40
1.0
 10
1152.345033380818
 20
715.7775237574542
 30
0.0
 10
1152.345033380818
 20
715.7775237574542
 30
0.0
 10
1155.062134433585
 20
718.4925106637559
 30
0.0
 10
1155.062134433585
 20
718.4925106637559
 30
0.0
  0
SPLINE
  5
84B
330
1F
100
AcDbEntity
  8
ºöåçæÄ
100
AcDbSpline
210
0.0
220
0.0
230
1.0
 70
    11
 71
     3
 72
    28
 73
    24
 74
     0
 42
0.000000001
 43
0.0000000001
 40
0.0
 40
0.0
 40
0.0
 40
0.0
 40
0.1428571428571428
 40
0.1428571428571428
 40
0.1428571428571428
 40
0.1428571528571428
 40
0.2857142857142857
 40
0.2857142857142857
 40
0.2857142857142857
 40
0.2857142957142857
 40
0.428571428571429
 40
0.428571428571429
 40
0.428571428571429
 40
0.4285714385714289
 40
0.5714285714285714
 40
0.5714285714285714
 40
0.5714285714285714
 40
0.5714285814285715
 40
0.7142857142857145
 40
0.7142857142857145
 40
0.7142857142857145
 40
0.7142857242857146
 40
1.0
 40
1.0
 40
1.0
 40
1.0
 10
1155.604624419695
 20
719.0362691377461
 30
0.0
 10
1155.604624419695
 20
719.0362691377461
 30
0.0
 10
1155.821535848281
 20
719.0362691377461
 30
0.0
 10
1155.821535848281
 20
719.0362691377461
 30
0.0
 10
1155.821535848281
 20
719.0362691377461
 30
0.0
 10
1155.821535848281
 20
719.1559298283673
 30
0.0
 10
1155.723862281022
 20
719.2531805663304
 30
0.0
 10
1155.604624419695
 20
719.2531805663304
 30
0.0
 10
1155.604624419695
 20
719.2531805663304
 30
0.0
 10
1155.484963729072
 20
719.2531805663304
 30
0.0
 10
1155.387712991109
 20
719.1559298283673
 30
0.0
 10
1155.387712991109
 20
719.0362691377461
 30
0.0
 10
1155.387712991109
 20
719.0362691377461
 30
0.0
 10
1155.387712991109
 20
718.9170312764193
 30
0.0
 10
1155.484963729072
 20
718.8193577091616
 30
0.0
 10
1155.604624419695
 20
718.8193577091616
 30
0.0
 10
1155.604624419695
 20
718.8193577091616
 30
0.0
 10
1155.723862281022
 20
718.8193577091616
 30
0.0
 10
1155.821535848281
 20
718.9170312764193
 30
0.0
 10
1155.821535848281
 20
719.0362691377461
 30
0.0
 10
1155.821535848281
 20
719.0362691377461
 30
0.0
 10
1155.821535848281
 20
719.0362691377461
 30
0.0
 10
1155.604624419695
 20
719.0362691377461
 30
0.0
 10
1155.604624419695
 20
719.0362691377461
 30
0.0
  0
SPLINE
  5
84C
330
1F
100
AcDbEntity
  8
ºöåçæÄ
100
AcDbSpline
210
0.0
220
0.0
230
0.0
 70
    24
 71
     3
 72
     8
 73
     4
 74
     0
 42
0.000000001
 43
0.0000000001
 40
0.0
 40
0.0
 40
0.0
 40
0.0
 40
1.0
 40
1.0
 40
1.0
 40
1.0
 10
1156.147537235109
 20
719.5800276117363
 30
0.0
 10
1156.147537235109
 20
719.5800276117363
 30
0.0
 10
1156.950490067222
 20
720.3829804438621
 30
0.0
 10
1156.950490067222
 20
720.3829804438621
 30
0.0
  0
SPLINE
  5
84D
330
1F
100
AcDbEntity
  8
ºöåçæÄ
100
AcDbSpline
210
0.0
220
0.0
230
0.0
 70
    24
 71
     3
 72
     8
 73
     4
 74
     0
 42
0.000000001
 43
0.0000000001
 40
0.0
 40
0.0
 40
0.0
 40
0.0
 40
1.0
 40
1.0
 40
1.0
 40
1.0
 10
1149.406369777204
 20
710.6646719164666
 30
0.0
 10
1149.406369777204
 20
710.6646719164666
 30
0.0
 10
1150.442724380435
 20
711.7010265196961
 30
0.0
 10
1150.442724380435
 20
711.7010265196961
 30
0.0
  0
SPLINE
  5
84E
330
1F
100
AcDbEntity
  8
ºöåçæÄ
100
AcDbSpline
210
0.0
220
0.0
230
1.0
 70
    11
 71
     3
 72
    28
 73
    24
 74
     0
 42
0.000000001
 43
0.0000000001
 40
0.0
 40
0.0
 40
0.0
 40
0.0
 40
0.1428571428571428
 40
0.1428571428571428
 40
0.1428571428571428
 40
0.1428571528571428
 40
0.2857142857142857
 40
0.2857142857142857
 40
0.2857142857142857
 40
0.2857142957142857
 40
0.428571428571429
 40
0.428571428571429
 40
0.428571428571429
 40
0.4285714385714289
 40
0.5714285714285714
 40
0.5714285714285714
 40
0.5714285714285714
 40
0.5714285814285715
 40
0.7142857142857145
 40
0.7142857142857145
 40
0.7142857142857145
 40
0.7142857242857146
 40
1.0
 40
1.0
 40
1.0
 40
1.0
 10
1150.985637195827
 20
712.2443621643935
 30
0.0
 10
1150.985637195827
 20
712.2443621643935
 30
0.0
 10
1151.202125795124
 20
712.2443621643935
 30
0.0
 10
1151.202125795124
 20
712.2443621643935
 30
0.0
 10
1151.202125795124
 20
712.2443621643935
 30
0.0
 10
1151.202125795124
 20
712.3636000257167
 30
0.0
 10
1151.104875057154
 20
712.4608507636796
 30
0.0
 10
1150.985637195827
 20
712.4608507636796
 30
0.0
 10
1150.985637195827
 20
712.4608507636796
 30
0.0
 10
1150.865976505218
 20
712.4608507636796
 30
0.0
 10
1150.768725767241
 20
712.3636000257167
 30
0.0
 10
1150.768725767241
 20
712.2443621643935
 30
0.0
 10
1150.768725767241
 20
712.2443621643935
 30
0.0
 10
1150.768725767241
 20
712.1247014737702
 30
0.0
 10
1150.865976505218
 20
712.027450735811
 30
0.0
 10
1150.985637195827
 20
712.027450735811
 30
0.0
 10
1150.985637195827
 20
712.027450735811
 30
0.0
 10
1151.104875057154
 20
712.027450735811
 30
0.0
 10
1151.202125795124
 20
712.1247014737702
 30
0.0
 10
1151.202125795124
 20
712.2443621643935
 30
0.0
 10
1151.202125795124
 20
712.2443621643935
 30
0.0
 10
1151.202125795124
 20
712.2443621643935
 30
0.0
 10
1150.985637195827
 20
712.2443621643935
 30
0.0
 10
1150.985637195827
 20
712.2443621643935
 30
0.0
  0
SPLINE
  5
84F
330
1F
100
AcDbEntity
  8
ºöåçæÄ
100
AcDbSpline
210
0.0
220
0.0
230
0.0
 70
    24
 71
     3
 72
     8
 73
     4
 74
     0
 42
0.000000001
 43
0.0000000001
 40
0.0
 40
0.0
 40
0.0
 40
0.0
 40
1.0
 40
1.0
 40
1.0
 40
1.0
 10
1151.528550011233
 20
712.7885434676803
 30
0.0
 10
1151.528550011233
 20
712.7885434676803
 30
0.0
 10
1154.245651064008
 20
715.5052216911638
 30
0.0
 10
1154.245651064008
 20
715.5052216911638
 30
0.0
  0
SPLINE
  5
850
330
1F
100
AcDbEntity
  8
ºöåçæÄ
100
AcDbSpline
210
0.0
220
0.0
230
1.0
 70
    11
 71
     3
 72
    28
 73
    24
 74
     0
 42
0.000000001
 43
0.0000000001
 40
0.0
 40
0.0
 40
0.0
 40
0.0
 40
0.1428571428571428
 40
0.1428571428571428
 40
0.1428571428571428
 40
0.1428571528571428
 40
0.2857142857142857
 40
0.2857142857142857
 40
0.2857142857142857
 40
0.2857142957142857
 40
0.428571428571429
 40
0.428571428571429
 40
0.428571428571429
 40
0.4285714385714289
 40
0.5714285714285714
 40
0.5714285714285714
 40
0.5714285714285714
 40
0.5714285814285715
 40
0.7142857142857145
 40
0.7142857142857145
 40
0.7142857142857145
 40
0.7142857242857146
 40
1.0
 40
1.0
 40
1.0
 40
1.0
 10
1154.789832367304
 20
716.0485573358592
 30
0.0
 10
1154.789832367304
 20
716.0485573358592
 30
0.0
 10
1155.006320966593
 20
716.0485573358592
 30
0.0
 10
1155.006320966593
 20
716.0485573358592
 30
0.0
 10
1155.006320966593
 20
716.0485573358592
 30
0.0
 10
1155.006320966593
 20
716.1677951971862
 30
0.0
 10
1154.909070228623
 20
716.2650459351453
 30
0.0
 10
1154.789832367304
 20
716.2650459351453
 30
0.0
 10
1154.789832367304
 20
716.2650459351453
 30
0.0
 10
1154.670171676688
 20
716.2650459351453
 30
0.0
 10
1154.57292093871
 20
716.1677951971862
 30
0.0
 10
1154.57292093871
 20
716.0485573358592
 30
0.0
 10
1154.57292093871
 20
716.0485573358592
 30
0.0
 10
1154.57292093871
 20
715.928896645236
 30
0.0
 10
1154.670171676688
 20
715.8316459072769
 30
0.0
 10
1154.789832367304
 20
715.8316459072769
 30
0.0
 10
1154.789832367304
 20
715.8316459072769
 30
0.0
 10
1154.909070228623
 20
715.8316459072769
 30
0.0
 10
1155.006320966593
 20
715.928896645236
 30
0.0
 10
1155.006320966593
 20
716.0485573358592
 30
0.0
 10
1155.006320966593
 20
716.0485573358592
 30
0.0
 10
1155.006320966593
 20
716.0485573358592
 30
0.0
 10
1154.789832367304
 20
716.0485573358592
 30
0.0
 10
1154.789832367304
 20
716.0485573358592
 30
0.0
  0
SPLINE
  5
851
330
1F
100
AcDbEntity
  8
ºöåçæÄ
100
AcDbSpline
210
0.0
220
0.0
230
0.0
 70
    24
 71
     3
 72
     8
 73
     4
 74
     0
 42
0.000000001
 43
0.0000000001
 40
0.0
 40
0.0
 40
0.0
 40
0.0
 40
1.0
 40
1.0
 40
1.0
 40
1.0
 10
1155.332745182703
 20
716.5906244926675
 30
0.0
 10
1155.332745182703
 20
716.5906244926675
 30
0.0
 10
1158.049846235478
 20
719.3081483747403
 30
0.0
 10
1158.049846235478
 20
719.3081483747403
 30
0.0
  0
SPLINE
  5
852
330
1F
100
AcDbEntity
  8
ºöåçæÄ
100
AcDbSpline
210
0.0
220
0.0
230
1.0
 70
    11
 71
     3
 72
    28
 73
    24
 74
     0
 42
0.000000001
 43
0.0000000001
 40
0.0
 40
0.0
 40
0.0
 40
0.0
 40
0.1428571428571428
 40
0.1428571428571428
 40
0.1428571428571428
 40
0.1428571528571428
 40
0.2857142857142857
 40
0.2857142857142857
 40
0.2857142857142857
 40
0.2857142957142857
 40
0.428571428571429
 40
0.428571428571429
 40
0.428571428571429
 40
0.4285714385714289
 40
0.5714285714285714
 40
0.5714285714285714
 40
0.5714285714285714
 40
0.5714285814285715
 40
0.7142857142857145
 40
0.7142857142857145
 40
0.7142857142857145
 40
0.7142857242857146
 40
1.0
 40
1.0
 40
1.0
 40
1.0
 10
1158.594027538773
 20
719.8527525073252
 30
0.0
 10
1158.594027538773
 20
719.8527525073252
 30
0.0
 10
1158.810516138048
 20
719.8527525073252
 30
0.0
 10
1158.810516138048
 20
719.8527525073252
 30
0.0
 10
1158.810516138048
 20
719.8527525073252
 30
0.0
 10
1158.810516138048
 20
719.9719903686522
 30
0.0
 10
1158.713265400093
 20
720.0692411066112
 30
0.0
 10
1158.594027538773
 20
720.0692411066112
 30
0.0
 10
1158.594027538773
 20
720.0692411066112
 30
0.0
 10
1158.474366848135
 20
720.0692411066112
 30
0.0
 10
1158.37711611018
 20
719.9719903686522
 30
0.0
 10
1158.37711611018
 20
719.8527525073252
 30
0.0
 10
1158.37711611018
 20
719.8527525073252
 30
0.0
 10
1158.37711611018
 20
719.7330918167018
 30
0.0
 10
1158.474366848135
 20
719.6358410787427
 30
0.0
 10
1158.594027538773
 20
719.6358410787427
 30
0.0
 10
1158.594027538773
 20
719.6358410787427
 30
0.0
 10
1158.713265400093
 20
719.6358410787427
 30
0.0
 10
1158.810516138048
 20
719.7330918167018
 30
0.0
 10
1158.810516138048
 20
719.8527525073252
 30
0.0
 10
1158.810516138048
 20
719.8527525073252
 30
0.0
 10
1158.810516138048
 20
719.8527525073252
 30
0.0
 10
1158.594027538773
 20
719.8527525073252
 30
0.0
 10
1158.594027538773
 20
719.8527525073252
 30
0.0
  0
SPLINE
  5
853
330
1F
100
AcDbEntity
  8
ºöåçæÄ
100
AcDbSpline
210
0.0
220
0.0
230
0.0
 70
    24
 71
     3
 72
     8
 73
     4
 74
     0
 42
0.000000001
 43
0.0000000001
 40
0.0
 40
0.0
 40
0.0
 40
0.0
 40
1.0
 40
1.0
 40
1.0
 40
1.0
 10
1151.580135185283
 20
710.6646719164666
 30
0.0
 10
1151.580135185283
 20
710.6646719164666
 30
0.0
 10
1153.430859011609
 20
712.5162414013896
 30
0.0
 10
1153.430859011609
 20
712.5162414013896
 30
0.0
  0
SPLINE
  5
854
330
1F
100
AcDbEntity
  8
ºöåçæÄ
100
AcDbSpline
210
0.0
220
0.0
230
1.0
 70
    11
 71
     3
 72
    28
 73
    24
 74
     0
 42
0.000000001
 43
0.0000000001
 40
0.0
 40
0.0
 40
0.0
 40
0.0
 40
0.1428571428571428
 40
0.1428571428571428
 40
0.1428571428571428
 40
0.1428571528571428
 40
0.2857142857142857
 40
0.2857142857142857
 40
0.2857142857142857
 40
0.2857142957142857
 40
0.428571428571429
 40
0.428571428571429
 40
0.428571428571429
 40
0.4285714385714289
 40
0.5714285714285714
 40
0.5714285714285714
 40
0.5714285714285714
 40
0.5714285814285715
 40
0.7142857142857145
 40
0.7142857142857145
 40
0.7142857142857145
 40
0.7142857242857146
 40
1.0
 40
1.0
 40
1.0
 40
1.0
 10
1153.974617485601
 20
713.0591542167888
 30
0.0
 10
1153.974617485601
 20
713.0591542167888
 30
0.0
 10
1154.19152891418
 20
713.0591542167888
 30
0.0
 10
1154.19152891418
 20
713.0591542167888
 30
0.0
 10
1154.19152891418
 20
713.0591542167888
 30
0.0
 10
1154.19152891418
 20
713.1788149074118
 30
0.0
 10
1154.094278176232
 20
713.2760656453728
 30
0.0
 10
1153.974617485601
 20
713.2760656453728
 30
0.0
 10
1153.974617485601
 20
713.2760656453728
 30
0.0
 10
1153.855379624282
 20
713.2760656453728
 30
0.0
 10
1153.758128886319
 20
713.1788149074118
 30
0.0
 10
1153.758128886319
 20
713.0591542167888
 30
0.0
 10
1153.758128886319
 20
713.0591542167888
 30
0.0
 10
1153.758128886319
 20
712.9399163554637
 30
0.0
 10
1153.855379624282
 20
712.8426656175028
 30
0.0
 10
1153.974617485601
 20
712.8426656175028
 30
0.0
 10
1153.974617485601
 20
712.8426656175028
 30
0.0
 10
1154.094278176232
 20
712.8426656175028
 30
0.0
 10
1154.19152891418
 20
712.9399163554637
 30
0.0
 10
1154.19152891418
 20
713.0591542167888
 30
0.0
 10
1154.19152891418
 20
713.0591542167888
 30
0.0
 10
1154.19152891418
 20
713.0591542167888
 30
0.0
 10
1153.974617485601
 20
713.0591542167888
 30
0.0
 10
1153.974617485601
 20
713.0591542167888
 30
0.0
  0
SPLINE
  5
855
330
1F
100
AcDbEntity
  8
ºöåçæÄ
100
AcDbSpline
210
0.0
220
0.0
230
0.0
 70
    24
 71
     3
 72
     8
 73
     4
 74
     0
 42
0.000000001
 43
0.0000000001
 40
0.0
 40
0.0
 40
0.0
 40
0.0
 40
1.0
 40
1.0
 40
1.0
 40
1.0
 10
1154.517530301015
 20
713.6033355200772
 30
0.0
 10
1154.517530301015
 20
713.6033355200772
 30
0.0
 10
1157.235054183086
 20
716.3204365728537
 30
0.0
 10
1157.235054183086
 20
716.3204365728537
 30
0.0
  0
SPLINE
  5
856
330
1F
100
AcDbEntity
  8
ºöåçæÄ
100
AcDbSpline
210
0.0
220
0.0
230
1.0
 70
    11
 71
     3
 72
    28
 73
    24
 74
     0
 42
0.000000001
 43
0.0000000001
 40
0.0
 40
0.0
 40
0.0
 40
0.0
 40
0.1428571428571428
 40
0.1428571428571428
 40
0.1428571428571428
 40
0.1428571528571428
 40
0.2857142857142857
 40
0.2857142857142857
 40
0.2857142857142857
 40
0.2857142957142857
 40
0.428571428571429
 40
0.428571428571429
 40
0.428571428571429
 40
0.4285714385714289
 40
0.5714285714285714
 40
0.5714285714285714
 40
0.5714285714285714
 40
0.5714285814285715
 40
0.7142857142857145
 40
0.7142857142857145
 40
0.7142857142857145
 40
0.7142857242857146
 40
1.0
 40
1.0
 40
1.0
 40
1.0
 10
1157.778812657078
 20
716.8633493882562
 30
0.0
 10
1157.778812657078
 20
716.8633493882562
 30
0.0
 10
1157.995724085664
 20
716.8633493882562
 30
0.0
 10
1157.995724085664
 20
716.8633493882562
 30
0.0
 10
1157.995724085664
 20
716.8633493882562
 30
0.0
 10
1157.995724085664
 20
716.9830100788779
 30
0.0
 10
1157.898473347687
 20
717.0802608168386
 30
0.0
 10
1157.778812657078
 20
717.0802608168386
 30
0.0
 10
1157.778812657078
 20
717.0802608168386
 30
0.0
 10
1157.659574795744
 20
717.0802608168386
 30
0.0
 10
1157.562324057781
 20
716.9830100788779
 30
0.0
 10
1157.562324057781
 20
716.8633493882562
 30
0.0
 10
1157.562324057781
 20
716.8633493882562
 30
0.0
 10
1157.562324057781
 20
716.7441115269296
 30
0.0
 10
1157.659574795744
 20
716.6468607889685
 30
0.0
 10
1157.778812657078
 20
716.6468607889685
 30
0.0
 10
1157.778812657078
 20
716.6468607889685
 30
0.0
 10
1157.898473347687
 20
716.6468607889685
 30
0.0
 10
1157.995724085664
 20
716.7441115269296
 30
0.0
 10
1157.995724085664
 20
716.8633493882562
 30
0.0
 10
1157.995724085664
 20
716.8633493882562
 30
0.0
 10
1157.995724085664
 20
716.8633493882562
 30
0.0
 10
1157.778812657078
 20
716.8633493882562
 30
0.0
 10
1157.778812657078
 20
716.8633493882562
 30
0.0
  0
SPLINE
  5
857
330
1F
100
AcDbEntity
  8
ºöåçæÄ
100
AcDbSpline
210
0.0
220
0.0
230
0.0
 70
    24
 71
     3
 72
     8
 73
     4
 74
     0
 42
0.000000001
 43
0.0000000001
 40
0.0
 40
0.0
 40
0.0
 40
0.0
 40
1.0
 40
1.0
 40
1.0
 40
1.0
 10
1158.321725472477
 20
717.4075306915431
 30
0.0
 10
1158.321725472477
 20
717.4075306915431
 30
0.0
 10
1161.038403695955
 20
720.1246317443213
 30
0.0
 10
1161.038403695955
 20
720.1246317443213
 30
0.0
  0
SPLINE
  5
858
330
1F
100
AcDbEntity
  8
ºöåçæÄ
100
AcDbSpline
210
0.0
220
0.0
230
1.0
 70
    11
 71
     3
 72
    28
 73
    24
 74
     0
 42
0.000000001
 43
0.0000000001
 40
0.0
 40
0.0
 40
0.0
 40
0.0
 40
0.1428571428571428
 40
0.1428571428571428
 40
0.1428571428571428
 40
0.1428571528571428
 40
0.2857142857142857
 40
0.2857142857142857
 40
0.2857142857142857
 40
0.2857142957142857
 40
0.428571428571429
 40
0.428571428571429
 40
0.428571428571429
 40
0.4285714385714289
 40
0.5714285714285714
 40
0.5714285714285714
 40
0.5714285714285714
 40
0.5714285814285715
 40
0.7142857142857145
 40
0.7142857142857145
 40
0.7142857142857145
 40
0.7142857242857146
 40
1.0
 40
1.0
 40
1.0
 40
1.0
 10
1161.125506530825
 20
720.2100432620093
 30
0.0
 10
1161.125506530825
 20
720.2100432620093
 30
0.0
 10
1161.342417959412
 20
720.2100432620093
 30
0.0
 10
1161.342417959412
 20
720.2100432620093
 30
0.0
 10
1161.342417959412
 20
720.2100432620093
 30
0.0
 10
1161.342417959412
 20
720.3292811233361
 30
0.0
 10
1161.245167221441
 20
720.4269546905917
 30
0.0
 10
1161.125506530825
 20
720.4269546905917
 30
0.0
 10
1161.125506530825
 20
720.4269546905917
 30
0.0
 10
1161.006268669498
 20
720.4269546905917
 30
0.0
 10
1160.909017931536
 20
720.3292811233361
 30
0.0
 10
1160.909017931536
 20
720.2100432620093
 30
0.0
 10
1160.909017931536
 20
720.2100432620093
 30
0.0
 10
1160.909017931536
 20
720.0903825713858
 30
0.0
 10
1161.006268669498
 20
719.9931318334267
 30
0.0
 10
1161.125506530825
 20
719.9931318334267
 30
0.0
 10
1161.125506530825
 20
719.9931318334267
 30
0.0
 10
1161.245167221441
 20
719.9931318334267
 30
0.0
 10
1161.342417959412
 20
720.0903825713858
 30
0.0
 10
1161.342417959412
 20
720.2100432620093
 30
0.0
 10
1161.342417959412
 20
720.2100432620093
 30
0.0
 10
1161.342417959412
 20
720.2100432620093
 30
0.0
 10
1161.125506530825
 20
720.2100432620093
 30
0.0
 10
1161.125506530825
 20
720.2100432620093
 30
0.0
  0
SPLINE
  5
859
330
1F
100
AcDbEntity
  8
ºöåçæÄ
100
AcDbSpline
210
0.0
220
0.0
230
0.0
 70
    24
 71
     3
 72
     8
 73
     4
 74
     0
 42
0.000000001
 43
0.0000000001
 40
0.0
 40
0.0
 40
0.0
 40
0.0
 40
1.0
 40
1.0
 40
1.0
 40
1.0
 10
1153.753054934776
 20
710.6646719164666
 30
0.0
 10
1153.753054934776
 20
710.6646719164666
 30
0.0
 10
1156.419416472087
 20
713.3310334537847
 30
0.0
 10
1156.419416472087
 20
713.3310334537847
 30
0.0
  0
SPLINE
  5
85A
330
1F
100
AcDbEntity
  8
ºöåçæÄ
100
AcDbSpline
210
0.0
220
0.0
230
1.0
 70
    11
 71
     3
 72
    28
 73
    24
 74
     0
 42
0.000000001
 43
0.0000000001
 40
0.0
 40
0.0
 40
0.0
 40
0.0
 40
0.1428571428571428
 40
0.1428571428571428
 40
0.1428571428571428
 40
0.1428571528571428
 40
0.2857142857142857
 40
0.2857142857142857
 40
0.2857142857142857
 40
0.2857142957142857
 40
0.428571428571429
 40
0.428571428571429
 40
0.428571428571429
 40
0.4285714385714289
 40
0.5714285714285714
 40
0.5714285714285714
 40
0.5714285714285714
 40
0.5714285814285715
 40
0.7142857142857145
 40
0.7142857142857145
 40
0.7142857142857145
 40
0.7142857242857146
 40
1.0
 40
1.0
 40
1.0
 40
1.0
 10
1156.964020604686
 20
713.8760604156625
 30
0.0
 10
1156.964020604686
 20
713.8760604156625
 30
0.0
 10
1157.180932033258
 20
713.8760604156625
 30
0.0
 10
1157.180932033258
 20
713.8760604156625
 30
0.0
 10
1157.180932033258
 20
713.8760604156625
 30
0.0
 10
1157.180932033258
 20
713.9952982769893
 30
0.0
 10
1157.083681295295
 20
714.0929718442488
 30
0.0
 10
1156.964020604686
 20
714.0929718442488
 30
0.0
 10
1156.964020604686
 20
714.0929718442488
 30
0.0
 10
1156.844782743352
 20
714.0929718442488
 30
0.0
 10
1156.747532005389
 20
713.9952982769893
 30
0.0
 10
1156.747532005389
 20
713.8760604156625
 30
0.0
 10
1156.747532005389
 20
713.8760604156625
 30
0.0
 10
1156.747532005389
 20
713.7568225543373
 30
0.0
 10
1156.844782743352
 20
713.6591489870816
 30
0.0
 10
1156.964020604686
 20
713.6591489870816
 30
0.0
 10
1156.964020604686
 20
713.6591489870816
 30
0.0
 10
1157.083681295295
 20
713.6591489870816
 30
0.0
 10
1157.180932033258
 20
713.7568225543373
 30
0.0
 10
1157.180932033258
 20
713.8760604156625
 30
0.0
 10
1157.180932033258
 20
713.8760604156625
 30
0.0
 10
1157.180932033258
 20
713.8760604156625
 30
0.0
 10
1156.964020604686
 20
713.8760604156625
 30
0.0
 10
1156.964020604686
 20
713.8760604156625
 30
0.0
  0
SPLINE
  5
85B
330
1F
100
AcDbEntity
  8
ºöåçæÄ
100
AcDbSpline
210
0.0
220
0.0
230
0.0
 70
    24
 71
     3
 72
     8
 73
     4
 74
     0
 42
0.000000001
 43
0.0000000001
 40
0.0
 40
0.0
 40
0.0
 40
0.0
 40
1.0
 40
1.0
 40
1.0
 40
1.0
 10
1157.506510590789
 20
714.4181275724742
 30
0.0
 10
1157.506510590789
 20
714.4181275724742
 30
0.0
 10
1160.223611643564
 20
717.1352286252522
 30
0.0
 10
1160.223611643564
 20
717.1352286252522
 30
0.0
  0
SPLINE
  5
85C
330
1F
100
AcDbEntity
  8
ºöåçæÄ
100
AcDbSpline
210
0.0
220
0.0
230
1.0
 70
    11
 71
     3
 72
    28
 73
    24
 74
     0
 42
0.000000001
 43
0.0000000001
 40
0.0
 40
0.0
 40
0.0
 40
0.0
 40
0.1428571428571428
 40
0.1428571428571428
 40
0.1428571428571428
 40
0.1428571528571428
 40
0.2857142857142857
 40
0.2857142857142857
 40
0.2857142857142857
 40
0.2857142957142857
 40
0.428571428571429
 40
0.428571428571429
 40
0.428571428571429
 40
0.4285714385714289
 40
0.5714285714285714
 40
0.5714285714285714
 40
0.5714285714285714
 40
0.5714285814285715
 40
0.7142857142857145
 40
0.7142857142857145
 40
0.7142857142857145
 40
0.7142857242857146
 40
1.0
 40
1.0
 40
1.0
 40
1.0
 10
1160.766947288252
 20
717.6781414406515
 30
0.0
 10
1160.766947288252
 20
717.6781414406515
 30
0.0
 10
1160.983435887549
 20
717.6781414406515
 30
0.0
 10
1160.983435887549
 20
717.6781414406515
 30
0.0
 10
1160.983435887549
 20
717.6781414406515
 30
0.0
 10
1160.983435887549
 20
717.7978021312749
 30
0.0
 10
1160.886185149579
 20
717.895052869236
 30
0.0
 10
1160.766947288252
 20
717.895052869236
 30
0.0
 10
1160.766947288252
 20
717.895052869236
 30
0.0
 10
1160.647286597629
 20
717.895052869236
 30
0.0
 10
1160.550035859673
 20
717.7978021312749
 30
0.0
 10
1160.550035859673
 20
717.6781414406515
 30
0.0
 10
1160.550035859673
 20
717.6781414406515
 30
0.0
 10
1160.550035859673
 20
717.5589035793266
 30
0.0
 10
1160.647286597629
 20
717.4616528413674
 30
0.0
 10
1160.766947288252
 20
717.4616528413674
 30
0.0
 10
1160.766947288252
 20
717.4616528413674
 30
0.0
 10
1160.886185149579
 20
717.4616528413674
 30
0.0
 10
1160.983435887549
 20
717.5589035793266
 30
0.0
 10
1160.983435887549
 20
717.6781414406515
 30
0.0
 10
1160.983435887549
 20
717.6781414406515
 30
0.0
 10
1160.983435887549
 20
717.6781414406515
 30
0.0
 10
1160.766947288252
 20
717.6781414406515
 30
0.0
 10
1160.766947288252
 20
717.6781414406515
 30
0.0
  0
SPLINE
  5
85D
330
1F
100
AcDbEntity
  8
ºöåçæÄ
100
AcDbSpline
210
0.0
220
0.0
230
0.0
 70
    24
 71
     3
 72
     8
 73
     4
 74
     0
 42
0.000000001
 43
0.0000000001
 40
0.0
 40
0.0
 40
0.0
 40
0.0
 40
1.0
 40
1.0
 40
1.0
 40
1.0
 10
1161.310705762244
 20
718.2223227439383
 30
0.0
 10
1161.310705762244
 20
718.2223227439383
 30
0.0
 10
1162.048120053569
 20
718.9593142059668
 30
0.0
 10
1162.048120053569
 20
718.9593142059668
 30
0.0
  0
SPLINE
  5
85E
330
1F
100
AcDbEntity
  8
ºöåçæÄ
100
AcDbSpline
210
0.0
220
0.0
230
1.0
 70
    11
 71
     3
 72
    28
 73
    24
 74
     0
 42
0.000000001
 43
0.0000000001
 40
0.0
 40
0.0
 40
0.0
 40
0.0
 40
0.1428571428571428
 40
0.1428571428571428
 40
0.1428571428571428
 40
0.1428571528571428
 40
0.2857142857142857
 40
0.2857142857142857
 40
0.2857142857142857
 40
0.2857142957142857
 40
0.428571428571429
 40
0.428571428571429
 40
0.428571428571429
 40
0.4285714385714289
 40
0.5714285714285714
 40
0.5714285714285714
 40
0.5714285714285714
 40
0.5714285814285715
 40
0.7142857142857145
 40
0.7142857142857145
 40
0.7142857142857145
 40
0.7142857242857146
 40
1.0
 40
1.0
 40
1.0
 40
1.0
 10
1156.147537235109
 20
710.8866572965953
 30
0.0
 10
1156.147537235109
 20
710.8866572965953
 30
0.0
 10
1156.364448663688
 20
710.8866572965953
 30
0.0
 10
1156.364448663688
 20
710.8866572965953
 30
0.0
 10
1156.364448663688
 20
710.8866572965953
 30
0.0
 10
1156.364448663688
 20
711.0063179872152
 30
0.0
 10
1156.267197925711
 20
711.1035687251763
 30
0.0
 10
1156.147537235109
 20
711.1035687251763
 30
0.0
 10
1156.147537235109
 20
711.1035687251763
 30
0.0
 10
1156.028299373768
 20
711.1035687251763
 30
0.0
 10
1155.931048635805
 20
711.0063179872152
 30
0.0
 10
1155.931048635805
 20
710.8866572965953
 30
0.0
 10
1155.931048635805
 20
710.8866572965953
 30
0.0
 10
1155.931048635805
 20
710.7674194352687
 30
0.0
 10
1156.028299373768
 20
710.6701686973074
 30
0.0
 10
1156.147537235109
 20
710.6701686973074
 30
0.0
 10
1156.147537235109
 20
710.6701686973074
 30
0.0
 10
1156.267197925711
 20
710.6701686973074
 30
0.0
 10
1156.364448663688
 20
710.7674194352687
 30
0.0
 10
1156.364448663688
 20
710.8866572965953
 30
0.0
 10
1156.364448663688
 20
710.8866572965953
 30
0.0
 10
1156.364448663688
 20
710.8866572965953
 30
0.0
 10
1156.147537235109
 20
710.8866572965953
 30
0.0
 10
1156.147537235109
 20
710.8866572965953
 30
0.0
  0
SPLINE
  5
85F
330
1F
100
AcDbEntity
  8
ºöåçæÄ
100
AcDbSpline
210
0.0
220
0.0
230
0.0
 70
    24
 71
     3
 72
     8
 73
     4
 74
     0
 42
0.000000001
 43
0.0000000001
 40
0.0
 40
0.0
 40
0.0
 40
0.0
 40
1.0
 40
1.0
 40
1.0
 40
1.0
 10
1156.691718538383
 20
711.4287244534036
 30
0.0
 10
1156.691718538383
 20
711.4287244534036
 30
0.0
 10
1159.408819591165
 20
714.1458255061836
 30
0.0
 10
1159.408819591165
 20
714.1458255061836
 30
0.0
  0
SPLINE
  5
860
330
1F
100
AcDbEntity
  8
ºöåçæÄ
100
AcDbSpline
210
0.0
220
0.0
230
1.0
 70
    11
 71
     3
 72
    28
 73
    24
 74
     0
 42
0.000000001
 43
0.0000000001
 40
0.0
 40
0.0
 40
0.0
 40
0.0
 40
0.1428571428571428
 40
0.1428571428571428
 40
0.1428571428571428
 40
0.1428571528571428
 40
0.2857142857142857
 40
0.2857142857142857
 40
0.2857142857142857
 40
0.2857142957142857
 40
0.428571428571429
 40
0.428571428571429
 40
0.428571428571429
 40
0.4285714385714289
 40
0.5714285714285714
 40
0.5714285714285714
 40
0.5714285714285714
 40
0.5714285814285715
 40
0.7142857142857145
 40
0.7142857142857145
 40
0.7142857142857145
 40
0.7142857242857146
 40
1.0
 40
1.0
 40
1.0
 40
1.0
 10
1159.951732406571
 20
714.6895839801758
 30
0.0
 10
1159.951732406571
 20
714.6895839801758
 30
0.0
 10
1160.16864383515
 20
714.6895839801758
 30
0.0
 10
1160.16864383515
 20
714.6895839801758
 30
0.0
 10
1160.16864383515
 20
714.6895839801758
 30
0.0
 10
1160.16864383515
 20
714.8088218415007
 30
0.0
 10
1160.07139309718
 20
714.9060725794618
 30
0.0
 10
1159.951732406571
 20
714.9060725794618
 30
0.0
 10
1159.951732406571
 20
714.9060725794618
 30
0.0
 10
1159.832494545237
 20
714.9060725794618
 30
0.0
 10
1159.735243807289
 20
714.8088218415007
 30
0.0
 10
1159.735243807289
 20
714.6895839801758
 30
0.0
 10
1159.735243807289
 20
714.6895839801758
 30
0.0
 10
1159.735243807289
 20
714.5699232895523
 30
0.0
 10
1159.832494545237
 20
714.4726725515895
 30
0.0
 10
1159.951732406571
 20
714.4726725515895
 30
0.0
 10
1159.951732406571
 20
714.4726725515895
 30
0.0
 10
1160.07139309718
 20
714.4726725515895
 30
0.0
 10
1160.16864383515
 20
714.5699232895523
 30
0.0
 10
1160.16864383515
 20
714.6895839801758
 30
0.0
 10
1160.16864383515
 20
714.6895839801758
 30
0.0
 10
1160.16864383515
 20
714.6895839801758
 30
0.0
 10
1159.951732406571
 20
714.6895839801758
 30
0.0
 10
1159.951732406571
 20
714.6895839801758
 30
0.0
  0
SPLINE
  5
861
330
1F
100
AcDbEntity
  8
ºöåçæÄ
100
AcDbSpline
210
0.0
220
0.0
230
0.0
 70
    24
 71
     3
 72
     8
 73
     4
 74
     0
 42
0.000000001
 43
0.0000000001
 40
0.0
 40
0.0
 40
0.0
 40
0.0
 40
1.0
 40
1.0
 40
1.0
 40
1.0
 10
1160.494645221963
 20
715.2329196248695
 30
0.0
 10
1160.494645221963
 20
715.2329196248695
 30
0.0
 10
1162.101819374093
 20
716.840093777005
 30
0.0
 10
1162.101819374093
 20
716.840093777005
 30
0.0
  0
SPLINE
  5
862
330
1F
100
AcDbEntity
  8
ºöåçæÄ
100
AcDbSpline
210
0.0
220
0.0
230
0.0
 70
    24
 71
     3
 72
     8
 73
     4
 74
     0
 42
0.000000001
 43
0.0000000001
 40
0.0
 40
0.0
 40
0.0
 40
0.0
 40
1.0
 40
1.0
 40
1.0
 40
1.0
 10
1158.099740092348
 20
710.6646719164666
 30
0.0
 10
1158.099740092348
 20
710.6646719164666
 30
0.0
 10
1158.594027538773
 20
711.1585365335916
 30
0.0
 10
1158.594027538773
 20
711.1585365335916
 30
0.0
  0
SPLINE
  5
863
330
1F
100
AcDbEntity
  8
ºöåçæÄ
100
AcDbSpline
210
0.0
220
0.0
230
1.0
 70
    11
 71
     3
 72
    28
 73
    24
 74
     0
 42
0.000000001
 43
0.0000000001
 40
0.0
 40
0.0
 40
0.0
 40
0.0
 40
0.1428571428571428
 40
0.1428571428571428
 40
0.1428571428571428
 40
0.1428571528571428
 40
0.2857142857142857
 40
0.2857142857142857
 40
0.2857142857142857
 40
0.2857142957142857
 40
0.428571428571429
 40
0.428571428571429
 40
0.428571428571429
 40
0.4285714385714289
 40
0.5714285714285714
 40
0.5714285714285714
 40
0.5714285714285714
 40
0.5714285814285715
 40
0.7142857142857145
 40
0.7142857142857145
 40
0.7142857142857145
 40
0.7142857242857146
 40
1.0
 40
1.0
 40
1.0
 40
1.0
 10
1159.136517524883
 20
711.7018721782872
 30
0.0
 10
1159.136517524883
 20
711.7018721782872
 30
0.0
 10
1159.353428953455
 20
711.7018721782872
 30
0.0
 10
1159.353428953455
 20
711.7018721782872
 30
0.0
 10
1159.353428953455
 20
711.7018721782872
 30
0.0
 10
1159.353428953455
 20
711.8211100396122
 30
0.0
 10
1159.255755386203
 20
711.9183607775751
 30
0.0
 10
1159.136517524883
 20
711.9183607775751
 30
0.0
 10
1159.136517524883
 20
711.9183607775751
 30
0.0
 10
1159.016856834245
 20
711.9183607775751
 30
0.0
 10
1158.919606096297
 20
711.8211100396122
 30
0.0
 10
1158.919606096297
 20
711.7018721782872
 30
0.0
 10
1158.919606096297
 20
711.7018721782872
 30
0.0
 10
1158.919606096297
 20
711.5822114876639
 30
0.0
 10
1159.016856834245
 20
711.4849607497027
 30
0.0
 10
1159.136517524883
 20
711.4849607497027
 30
0.0
 10
1159.136517524883
 20
711.4849607497027
 30
0.0
 10
1159.255755386203
 20
711.4849607497027
 30
0.0
 10
1159.353428953455
 20
711.5822114876639
 30
0.0
 10
1159.353428953455
 20
711.7018721782872
 30
0.0
 10
1159.353428953455
 20
711.7018721782872
 30
0.0
 10
1159.353428953455
 20
711.7018721782872
 30
0.0
 10
1159.136517524883
 20
711.7018721782872
 30
0.0
 10
1159.136517524883
 20
711.7018721782872
 30
0.0
  0
SPLINE
  5
864
330
1F
100
AcDbEntity
  8
ºöåçæÄ
100
AcDbSpline
210
0.0
220
0.0
230
0.0
 70
    24
 71
     3
 72
     8
 73
     4
 74
     0
 42
0.000000001
 43
0.0000000001
 40
0.0
 40
0.0
 40
0.0
 40
0.0
 40
1.0
 40
1.0
 40
1.0
 40
1.0
 10
1159.681121657454
 20
712.2439393350973
 30
0.0
 10
1159.681121657454
 20
712.2439393350973
 30
0.0
 10
1162.101819374093
 20
714.6663283689224
 30
0.0
 10
1162.101819374093
 20
714.6663283689224
 30
0.0
  0
SPLINE
  5
865
330
1F
100
AcDbEntity
  8
ºöåçæÄ
100
AcDbSpline
210
0.0
220
0.0
230
0.0
 70
    24
 71
     3
 72
     8
 73
     4
 74
     0
 42
0.000000001
 43
0.0000000001
 40
0.0
 40
0.0
 40
0.0
 40
0.0
 40
1.0
 40
1.0
 40
1.0
 40
1.0
 10
1160.27435115902
 20
710.6646719164666
 30
0.0
 10
1160.27435115902
 20
710.6646719164666
 30
0.0
 10
1161.583007828547
 20
711.9733285859868
 30
0.0
 10
1161.583007828547
 20
711.9733285859868
 30
0.0
  0
SPLINE
  5
866
330
1F
100
AcDbEntity
  8
ºöåçæÄ
100
AcDbSpline
210
0.0
220
0.0
230
1.0
 70
     8
 71
     3
 72
    12
 73
     8
 74
     0
 42
0.000000001
 43
0.0000000001
 40
0.2865565477446615
 40
0.2865565477446615
 40
0.2865565477446615
 40
0.2865565477446615
 40
0.428571428571429
 40
0.428571428571429
 40
0.428571428571429
 40
0.4285714385714289
 40
0.5705863093981077
 40
0.5705863093981077
 40
0.5705863093981077
 40
0.5705863093981077
 10
1162.099705227618
 20
712.7107327510922
 30
0.0
 10
1161.981015315552
 20
712.7095953498657
 30
0.0
 10
1161.884907945514
 20
712.6127866397577
 30
0.0
 10
1161.884907945514
 20
712.4938314487292
 30
0.0
 10
1161.884907945514
 20
712.4938314487292
 30
0.0
 10
1161.884907945514
 20
712.3752965940632
 30
0.0
 10
1161.981015315552
 20
712.2784903621862
 30
0.0
 10
1162.099705227618
 20
712.2773529755716
 30
0.0
  0
SPLINE
  5
867
330
1F
100
AcDbEntity
  8
ºöåçæÄ
100
AcDbSpline
210
0.0
220
0.0
230
0.0
 70
    24
 71
     3
 72
     8
 73
     4
 74
     0
 42
0.000000001
 43
0.0000000001
 40
0.0
 40
0.0
 40
0.0
 40
0.0
 40
1.0
 40
1.0
 40
1.0
 40
1.0
 10
1135.349409848848
 20
710.5187958095239
 30
0.0
 10
1135.349409848848
 20
710.5187958095239
 30
0.0
 10
1135.494863126489
 20
710.6646719164666
 30
0.0
 10
1135.494863126489
 20
710.6646719164666
 30
0.0
  0
SPLINE
  5
868
330
1F
100
AcDbEntity
  8
ºöåçæÄ
100
AcDbSpline
210
0.0
220
0.0
230
0.0
 70
    24
 71
     3
 72
     8
 73
     4
 74
     0
 42
0.000000001
 43
0.0000000001
 40
0.0
 40
0.0
 40
0.0
 40
0.0
 40
1.0
 40
1.0
 40
1.0
 40
1.0
 10
1135.717271335914
 20
708.2782233727567
 30
0.0
 10
1135.717271335914
 20
708.2782233727567
 30
0.0
 10
1137.241148116849
 20
709.8012544950882
 30
0.0
 10
1137.241148116849
 20
709.8012544950882
 30
0.0
  0
SPLINE
  5
869
330
1F
100
AcDbEntity
  8
ºöåçæÄ
100
AcDbSpline
210
0.0
220
0.0
230
0.0
 70
    24
 71
     3
 72
     8
 73
     4
 74
     0
 42
0.000000001
 43
0.0000000001
 40
0.0
 40
0.0
 40
0.0
 40
0.0
 40
1.0
 40
1.0
 40
1.0
 40
1.0
 10
1135.349409848848
 20
709.6481902901244
 30
0.0
 10
1135.349409848848
 20
709.6481902901244
 30
0.0
 10
1136.363777328723
 20
710.6646719164666
 30
0.0
 10
1136.363777328723
 20
710.6646719164666
 30
0.0
  0
SPLINE
  5
86A
330
1F
100
AcDbEntity
  8
ºöåçæÄ
100
AcDbSpline
210
0.0
220
0.0
230
0.0
 70
    24
 71
     3
 72
     8
 73
     4
 74
     0
 42
0.000000001
 43
0.0000000001
 40
0.0
 40
0.0
 40
0.0
 40
0.0
 40
1.0
 40
1.0
 40
1.0
 40
1.0
 10
1136.542211291398
 20
708.2338262967308
 30
0.0
 10
1136.542211291398
 20
708.2338262967308
 30
0.0
 10
1137.241148116849
 20
708.9319174635741
 30
0.0
 10
1137.241148116849
 20
708.9319174635741
 30
0.0
  0
SPLINE
  5
86B
330
1F
100
AcDbEntity
  8
ºöåçæÄ
100
AcDbSpline
210
0.0
220
0.0
230
0.0
 70
    24
 71
     3
 72
     8
 73
     4
 74
     0
 42
0.000000001
 43
0.0000000001
 40
0.0
 40
0.0
 40
0.0
 40
0.0
 40
1.0
 40
1.0
 40
1.0
 40
1.0
 10
1135.949404619143
 20
716.3360812567872
 30
0.0
 10
1135.949404619143
 20
716.3360812567872
 30
0.0
 10
1136.34475001042
 20
716.7310038187707
 30
0.0
 10
1136.34475001042
 20
716.7310038187707
 30
0.0
  0
SPLINE
  5
86C
330
1F
100
AcDbEntity
  8
ºöåçæÄ
100
AcDbSpline
210
0.0
220
0.0
230
0.0
 70
    24
 71
     3
 72
     8
 73
     4
 74
     0
 42
0.000000001
 43
0.0000000001
 40
0.0
 40
0.0
 40
0.0
 40
0.0
 40
1.0
 40
1.0
 40
1.0
 40
1.0
 10
1135.349409848848
 20
713.1284982212483
 30
0.0
 10
1135.349409848848
 20
713.1284982212483
 30
0.0
 10
1137.239456799664
 20
715.0181223427638
 30
0.0
 10
1137.239456799664
 20
715.0181223427638
 30
0.0
  0
SPLINE
  5
86D
330
1F
100
AcDbEntity
  8
ºöåçæÄ
100
AcDbSpline
210
0.0
220
0.0
230
0.0
 70
    24
 71
     3
 72
     8
 73
     4
 74
     0
 42
0.000000001
 43
0.0000000001
 40
0.0
 40
0.0
 40
0.0
 40
0.0
 40
1.0
 40
1.0
 40
1.0
 40
1.0
 10
1135.493594638607
 20
710.6646719164666
 30
0.0
 10
1135.493594638607
 20
710.6646719164666
 30
0.0
 10
1137.239456799664
 20
712.4105340775177
 30
0.0
 10
1137.239456799664
 20
712.4105340775177
 30
0.0
  0
SPLINE
  5
86E
330
1F
100
AcDbEntity
  8
ºöåçæÄ
100
AcDbSpline
210
0.0
220
0.0
230
0.0
 70
    24
 71
     3
 72
     8
 73
     4
 74
     0
 42
0.000000001
 43
0.0000000001
 40
0.0
 40
0.0
 40
0.0
 40
0.0
 40
1.0
 40
1.0
 40
1.0
 40
1.0
 10
1135.349409848848
 20
714.8654809670962
 30
0.0
 10
1135.349409848848
 20
714.8654809670962
 30
0.0
 10
1136.705423399461
 20
716.2214945177122
 30
0.0
 10
1136.705423399461
 20
716.2214945177122
 30
0.0
  0
SPLINE
  5
86F
330
1F
100
AcDbEntity
  8
ºöåçæÄ
100
AcDbSpline
210
0.0
220
0.0
230
0.0
 70
    24
 71
     3
 72
     8
 73
     4
 74
     0
 42
0.000000001
 43
0.0000000001
 40
0.0
 40
0.0
 40
0.0
 40
0.0
 40
1.0
 40
1.0
 40
1.0
 40
1.0
 10
1135.349409848848
 20
712.2578927018487
 30
0.0
 10
1135.349409848848
 20
712.2578927018487
 30
0.0
 10
1137.239456799664
 20
714.1479396526602
 30
0.0
 10
1137.239456799664
 20
714.1479396526602
 30
0.0
  0
SPLINE
  5
870
330
1F
100
AcDbEntity
  8
ºöåçæÄ
100
AcDbSpline
210
0.0
220
0.0
230
0.0
 70
    24
 71
     3
 72
     8
 73
     4
 74
     0
 42
0.000000001
 43
0.0000000001
 40
0.0
 40
0.0
 40
0.0
 40
0.0
 40
1.0
 40
1.0
 40
1.0
 40
1.0
 10
1136.363777328723
 20
710.6646719164666
 30
0.0
 10
1136.363777328723
 20
710.6646719164666
 30
0.0
 10
1137.239456799664
 20
711.5399285581181
 30
0.0
 10
1137.239456799664
 20
711.5399285581181
 30
0.0
  0
SPLINE
  5
871
330
1F
100
AcDbEntity
  8
ºöåçæÄ
100
AcDbSpline
210
0.0
220
0.0
230
0.0
 70
    24
 71
     3
 72
     8
 73
     4
 74
     0
 42
0.000000001
 43
0.0000000001
 40
0.0
 40
0.0
 40
0.0
 40
0.0
 40
1.0
 40
1.0
 40
1.0
 40
1.0
 10
1135.349409848848
 20
707.9107847149816
 30
0.0
 10
1135.349409848848
 20
707.9107847149816
 30
0.0
 10
1135.717271335914
 20
708.2782233727567
 30
0.0
 10
1135.717271335914
 20
708.2782233727567
 30
0.0
  0
SPLINE
  5
872
330
1F
100
AcDbEntity
  8
ºöåçæÄ
100
AcDbSpline
210
0.0
220
0.0
230
0.0
 70
    24
 71
     3
 72
     8
 73
     4
 74
     0
 42
0.000000001
 43
0.0000000001
 40
0.0
 40
0.0
 40
0.0
 40
0.0
 40
1.0
 40
1.0
 40
1.0
 40
1.0
 10
1136.894428094547
 20
706.8482146954295
 30
0.0
 10
1136.894428094547
 20
706.8482146954295
 30
0.0
 10
1137.241148116849
 20
707.1932434005458
 30
0.0
 10
1137.241148116849
 20
707.1932434005458
 30
0.0
  0
SPLINE
  5
873
330
1F
100
AcDbEntity
  8
ºöåçæÄ
100
AcDbSpline
210
0.0
220
0.0
230
0.0
 70
    24
 71
     3
 72
     8
 73
     4
 74
     0
 42
0.000000001
 43
0.0000000001
 40
0.0
 40
0.0
 40
0.0
 40
0.0
 40
1.0
 40
1.0
 40
1.0
 40
1.0
 10
1135.349409848848
 20
707.0401791955821
 30
0.0
 10
1135.349409848848
 20
707.0401791955821
 30
0.0
 10
1136.542211291398
 20
708.2338262967308
 30
0.0
 10
1136.542211291398
 20
708.2338262967308
 30
0.0
  0
SPLINE
  5
874
330
1F
100
AcDbEntity
  8
ºöåçæÄ
100
AcDbSpline
210
0.0
220
0.0
230
0.0
 70
    24
 71
     3
 72
     8
 73
     4
 74
     0
 42
0.000000001
 43
0.0000000001
 40
0.0
 40
0.0
 40
0.0
 40
0.0
 40
1.0
 40
1.0
 40
1.0
 40
1.0
 10
1133.769719600921
 20
706.3315172963477
 30
0.0
 10
1133.769719600921
 20
706.3315172963477
 30
0.0
 10
1134.354069687284
 20
706.9154445534125
 30
0.0
 10
1134.354069687284
 20
706.9154445534125
 30
0.0
  0
SPLINE
  5
875
330
1F
100
AcDbEntity
  8
ºöåçæÄ
100
AcDbSpline
210
0.0
220
0.0
230
0.0
 70
    24
 71
     3
 72
     8
 73
     4
 74
     0
 42
0.000000001
 43
0.0000000001
 40
0.0
 40
0.0
 40
0.0
 40
0.0
 40
1.0
 40
1.0
 40
1.0
 40
1.0
 10
1134.426796326105
 20
706.1184113314259
 30
0.0
 10
1134.426796326105
 20
706.1184113314259
 30
0.0
 10
1135.176049837701
 20
706.8689333309094
 30
0.0
 10
1135.176049837701
 20
706.8689333309094
 30
0.0
  0
SPLINE
  5
876
330
1F
100
AcDbEntity
  8
ºöåçæÄ
100
AcDbSpline
210
0.0
220
0.0
230
0.0
 70
    24
 71
     3
 72
     8
 73
     4
 74
     0
 42
0.000000001
 43
0.0000000001
 40
0.0
 40
0.0
 40
0.0
 40
0.0
 40
1.0
 40
1.0
 40
1.0
 40
1.0
 10
1136.070333797656
 20
706.0245432278291
 30
0.0
 10
1136.070333797656
 20
706.0245432278291
 30
0.0
 10
1136.819587309237
 20
706.7733739101306
 30
0.0
 10
1136.819587309237
 20
706.7733739101306
 30
0.0
  0
SPLINE
  5
877
330
1F
100
AcDbEntity
  8
ºöåçæÄ
100
AcDbSpline
210
0.0
220
0.0
230
0.0
 70
    24
 71
     3
 72
     8
 73
     4
 74
     0
 42
0.000000001
 43
0.0000000001
 40
0.0
 40
0.0
 40
0.0
 40
0.0
 40
1.0
 40
1.0
 40
1.0
 40
1.0
 10
1136.892736777362
 20
705.9759178588458
 30
0.0
 10
1136.892736777362
 20
705.9759178588458
 30
0.0
 10
1137.241148116849
 20
706.3247520276227
 30
0.0
 10
1137.241148116849
 20
706.3247520276227
 30
0.0
  0
SPLINE
  5
878
330
1F
100
AcDbEntity
  8
ºöåçæÄ
100
AcDbSpline
210
0.0
220
0.0
230
0.0
 70
    24
 71
     3
 72
     8
 73
     4
 74
     0
 42
0.000000001
 43
0.0000000001
 40
0.0
 40
0.0
 40
0.0
 40
0.0
 40
1.0
 40
1.0
 40
1.0
 40
1.0
 10
1138.536274248905
 20
705.8803584380687
 30
0.0
 10
1138.536274248905
 20
705.8803584380687
 30
0.0
 10
1139.013225694213
 20
706.3577327126687
 30
0.0
 10
1139.013225694213
 20
706.3577327126687
 30
0.0
  0
SPLINE
  5
879
330
1F
100
AcDbEntity
  8
ºöåçæÄ
100
AcDbSpline
210
0.0
220
0.0
230
0.0
 70
    24
 71
     3
 72
     8
 73
     4
 74
     0
 42
0.000000001
 43
0.0000000001
 40
0.0
 40
0.0
 40
0.0
 40
0.0
 40
1.0
 40
1.0
 40
1.0
 40
1.0
 10
1137.241148116849
 20
706.3247520276227
 30
0.0
 10
1137.241148116849
 20
706.3247520276227
 30
0.0
 10
1137.641990288958
 20
706.7247485411493
 30
0.0
 10
1137.641990288958
 20
706.7247485411493
 30
0.0
  0
SPLINE
  5
87A
330
1F
100
AcDbEntity
  8
ºöåçæÄ
100
AcDbSpline
210
0.0
220
0.0
230
0.0
 70
    24
 71
     3
 72
     8
 73
     4
 74
     0
 42
0.000000001
 43
0.0000000001
 40
0.0
 40
0.0
 40
0.0
 40
0.0
 40
1.0
 40
1.0
 40
1.0
 40
1.0
 10
1134.987045142629
 20
704.9391404263217
 30
0.0
 10
1134.987045142629
 20
704.9391404263217
 30
0.0
 10
1135.912618470433
 20
705.8651365834314
 30
0.0
 10
1135.912618470433
 20
705.8651365834314
 30
0.0
  0
SPLINE
  5
87B
330
1F
100
AcDbEntity
  8
ºöåçæÄ
100
AcDbSpline
210
0.0
220
0.0
230
0.0
 70
    24
 71
     3
 72
     8
 73
     4
 74
     0
 42
0.000000001
 43
0.0000000001
 40
0.0
 40
0.0
 40
0.0
 40
0.0
 40
1.0
 40
1.0
 40
1.0
 40
1.0
 10
1137.634802190933
 20
704.9788863800978
 30
0.0
 10
1137.634802190933
 20
704.9788863800978
 30
0.0
 10
1137.784060932234
 20
705.1277222921083
 30
0.0
 10
1137.784060932234
 20
705.1277222921083
 30
0.0
  0
SPLINE
  5
87C
330
1F
100
AcDbEntity
  8
ºöåçæÄ
100
AcDbSpline
210
0.0
220
0.0
230
0.0
 70
    24
 71
     3
 72
     8
 73
     4
 74
     0
 42
0.000000001
 43
0.0000000001
 40
0.0
 40
0.0
 40
0.0
 40
0.0
 40
1.0
 40
1.0
 40
1.0
 40
1.0
 10
1135.557441862238
 20
704.6406229437117
 30
0.0
 10
1135.557441862238
 20
704.6406229437117
 30
0.0
 10
1136.783223989831
 20
705.8651365834314
 30
0.0
 10
1136.783223989831
 20
705.8651365834314
 30
0.0
  0
SPLINE
  5
87D
330
1F
100
AcDbEntity
  8
ºöåçæÄ
100
AcDbSpline
210
0.0
220
0.0
230
1.0
 70
     8
 71
     3
 72
    48
 73
    44
 74
     0
 42
0.000000001
 43
0.0000000001
 40
0.0
 40
0.0
 40
0.0
 40
0.0
 40
0.0833333333333333
 40
0.0833333333333333
 40
0.0833333333333333
 40
0.0833333433333333
 40
0.1666666666666666
 40
0.1666666666666666
 40
0.1666666666666666
 40
0.1666666766666666
 40
0.25
 40
0.25
 40
0.25
 40
0.25000001
 40
0.3333333333333333
 40
0.3333333333333333
 40
0.3333333333333333
 40
0.3333333433333333
 40
0.4166666666666667
 40
0.4166666666666667
 40
0.4166666666666667
 40
0.4166666766666669
 40
0.5
 40
0.5
 40
0.5
 40
0.5000000100000001
 40
0.5833333333333334
 40
0.5833333333333334
 40
0.5833333333333334
 40
0.5833333433333335
 40
0.6666666666666666
 40
0.6666666666666666
 40
0.6666666666666666
 40
0.6666666766666669
 40
0.75
 40
0.75
 40
0.75
 40
0.7500000100000001
 40
0.8333333333333332
 40
0.8333333333333332
 40
0.8333333333333332
 40
0.8333333433333331
 40
1.0
 40
1.0
 40
1.0
 40
1.0
 10
1161.974970585445
 20
710.7526204099261
 30
0.0
 10
1161.974970585445
 20
710.7526204099261
 30
0.0
 10
1161.974970585445
 20
704.8038350517665
 30
0.0
 10
1161.974970585445
 20
704.8038350517665
 30
0.0
 10
1161.974970585445
 20
704.8038350517665
 30
0.0
 10
1161.974970585445
 20
704.8038350517665
 30
0.0
 10
1161.292101273251
 20
710.4266190231093
 30
0.0
 10
1161.292101273251
 20
710.4266190231093
 30
0.0
 10
1161.292101273251
 20
710.4266190231093
 30
0.0
 10
1161.292101273251
 20
710.4266190231093
 30
0.0
 10
1160.83417714624
 20
707.7585661686055
 30
0.0
 10
1160.83417714624
 20
707.7585661686055
 30
0.0
 10
1160.83417714624
 20
707.7585661686055
 30
0.0
 10
1160.83417714624
 20
707.7585661686055
 30
0.0
 10
1160.662508452271
 20
710.5898311311659
 30
0.0
 10
1160.662508452271
 20
710.5898311311659
 30
0.0
 10
1160.662508452271
 20
710.5898311311659
 30
0.0
 10
1160.662508452271
 20
710.5898311311659
 30
0.0
 10
1160.281116427741
 20
708.2042282460472
 30
0.0
 10
1160.281116427741
 20
708.2042282460472
 30
0.0
 10
1160.281116427741
 20
708.2042282460472
 30
0.0
 10
1160.281116427741
 20
708.2042282460472
 30
0.0
 10
1160.035029777781
 20
710.4266190231093
 30
0.0
 10
1160.035029777781
 20
710.4266190231093
 30
0.0
 10
1160.035029777781
 20
710.4266190231093
 30
0.0
 10
1160.035029777781
 20
710.4266190231093
 30
0.0
 10
1159.4054369568
 20
708.9357229272328
 30
0.0
 10
1159.4054369568
 20
708.9357229272328
 30
0.0
 10
1159.4054369568
 20
708.9357229272328
 30
0.0
 10
1159.4054369568
 20
708.9357229272328
 30
0.0
 10
1159.013474199888
 20
710.5602330804806
 30
0.0
 10
1159.013474199888
 20
710.5602330804806
 30
0.0
 10
1159.013474199888
 20
710.5602330804806
 30
0.0
 10
1159.013474199888
 20
710.5602330804806
 30
0.0
 10
1158.370350841466
 20
709.4177483240847
 30
0.0
 10
1158.370350841466
 20
709.4177483240847
 30
0.0
 10
1158.370350841466
 20
709.4177483240847
 30
0.0
 10
1158.370350841466
 20
709.4177483240847
 30
0.0
 10
1158.030818917181
 20
710.6502957204187
 30
0.0
 10
1158.030818917181
 20
710.6502957204187
 30
0.0
 10
1158.030818917181
 20
710.6502957204187
 30
0.0
 10
1158.030818917181
 20
710.6502957204187
 30
0.0
 10
1157.262538087289
 20
709.7940663970668
 30
0.0
 10
1157.262538087289
 20
709.7940663970668
 30
0.0
  0
MTEXT
  5
87E
330
1F
100
AcDbEntity
  8
ºöåçæÄ
100
AcDbMText
 10
1105.159234911827
 20
732.0008622085992
 30
0.0
 40
5.073951545803653
 41
79.34836011962763
 71
     1
 72
     5
  1
{\fTahoma|b0|i0|c0|p34;Flush mount cut}
 73
     1
 44
1.0
1001
ACAD
1000
MTEXTBEGIN
1070
    73
1070
     1
1070
    44
1040
1.0
1070
    74
1070
     0
1000
MTEXTEND
  0
MTEXT
  5
87F
330
1F
100
AcDbEntity
  8
ºöåçæÄ
100
AcDbMText
 10
1106.564725494882
 20
738.6381487341886
 30
0.0
 40
5.073951545803653
 41
93.89155411942192
 71
     1
 72
     5
  1
{\fTahoma|b0|i0|c0|p34; }
 73
     1
 44
1.0
1001
ACAD
1000
MTEXTBEGIN
1070
    73
1070
     1
1070
    44
1040
1.0
1070
    74
1070
     0
1000
MTEXTEND
  0
MTEXT
  5
880
330
1F
100
AcDbEntity
  8
ºöåçæÄ
100
AcDbMText
 10
1106.564725494882
 20
731.5904162497603
 30
0.0
 40
5.073951545803653
 41
104.468410648933
 71
     1
 72
     5
  1
{\fTahoma|b0|i0|c0|p34; }
 73
     1
 44
1.0
1001
ACAD
1000
MTEXTBEGIN
1070
    73
1070
     1
1070
    44
1040
1.0
1070
    74
1070
     0
1000
MTEXTEND
  0
LEADER
  5
881
330
1F
100
AcDbEntity
  8
≥ﬂ¥ÁòÀ◊¢
100
AcDbLeader
  3
5-1
 74
     0
 76
     3
 10
1209.79916024744
 20
661.9043802940425
 30
0.0
 10
1178.34181019817
 20
723.8649255708471
 30
0.0
 10
1173.481705387454
 20
723.8649255708471
 30
0.0
211
0.0
221
0.0
231
0.0
  0
SPLINE
  5
882
330
1F
100
AcDbEntity
  8
ºöåçæÄ
100
AcDbSpline
210
0.0
220
0.0
230
1.0
 70
     8
 71
     3
 72
    12
 73
     8
 74
     0
 42
0.000000001
 43
0.0000000001
 40
0.0
 40
0.0
 40
0.0
 40
0.0
 40
0.3333333333333333
 40
0.3333333333333333
 40
0.3333333333333333
 40
0.3333333433333333
 40
1.0
 40
1.0
 40
1.0
 40
1.0
 10
1098.541996861397
 20
986.1269440958816
 30
0.0
 10
1098.541996861397
 20
987.6759156742965
 30
0.0
 10
1097.925658375102
 20
989.1614697878843
 30
0.0
 10
1096.832103465986
 20
990.2566101336262
 30
0.0
 10
1096.832103465986
 20
990.2566101336262
 30
0.0
 10
1095.73656676109
 20
991.3525431976806
 30
0.0
 10
1094.249823570037
 20
991.9668998881984
 30
0.0
 10
1094.311636773677
 20
991.9668998881984
 30
0.0
  0
SPLINE
  5
883
330
1F
100
AcDbEntity
  8
ºöåçæÄ
100
AcDbSpline
210
0.0
220
0.0
230
1.0
 70
     8
 71
     3
 72
    12
 73
     8
 74
     0
 42
0.000000001
 43
0.0000000001
 40
0.0
 40
0.0
 40
0.0
 40
0.0
 40
0.3333333333333333
 40
0.3333333333333333
 40
0.3333333333333333
 40
0.3333333433333333
 40
1.0
 40
1.0
 40
1.0
 40
1.0
 10
1093.996134886158
 20
1000.732382604844
 30
0.0
 10
1093.996134886158
 20
1001.169566753001
 30
0.0
 10
1093.822529576192
 20
1001.58931109833
 30
0.0
 10
1093.513765794309
 20
1001.898074880209
 30
0.0
 10
1093.513765794309
 20
1001.898074880209
 30
0.0
 10
1093.204605653275
 20
1002.20683866209
 30
0.0
 10
1092.785257667118
 20
1002.380443972054
 30
0.0
 10
1092.348073518948
 20
1002.380443972054
 30
0.0
  0
SPLINE
  5
884
330
1F
100
AcDbEntity
  8
ºöåçæÄ
100
AcDbSpline
210
0.0
220
0.0
230
1.0
 70
     8
 71
     3
 72
    16
 73
    12
 74
     0
 42
0.000000001
 43
0.0000000001
 40
0.0
 40
0.0
 40
0.0
 40
0.0
 40
0.25
 40
0.25
 40
0.25
 40
0.25000001
 40
0.5
 40
0.5
 40
0.5
 40
0.5000000100000001
 40
1.0
 40
1.0
 40
1.0
 40
1.0
 10
1070.784550040927
 20
987.9097675758487
 30
0.0
 10
1070.999376703028
 20
987.3524866036742
 30
0.0
 10
1071.429822745547
 20
986.9053934766409
 30
0.0
 10
1071.979176534612
 20
986.6715415750872
 30
0.0
 10
1071.979176534612
 20
986.6715415750872
 30
0.0
 10
1072.528926682843
 20
986.4392751101579
 30
0.0
 10
1073.149228760693
 20
986.4392751101579
 30
0.0
 10
1073.700564345531
 20
986.6715415750872
 30
0.0
 10
1073.700564345531
 20
986.6715415750872
 30
0.0
 10
1074.249918134603
 20
986.9053934766409
 30
0.0
 10
1074.680364177122
 20
987.3524866036742
 30
0.0
 10
1074.89519083923
 20
987.9097675758487
 30
0.0
  0
SPLINE
  5
885
330
1F
100
AcDbEntity
  8
ºöåçæÄ
100
AcDbSpline
210
0.0
220
0.0
230
1.0
 70
     8
 71
     3
 72
    12
 73
     8
 74
     0
 42
0.000000001
 43
0.0000000001
 40
0.0
 40
0.0
 40
0.0
 40
0.0
 40
0.3333333333333333
 40
0.3333333333333333
 40
0.3333333333333333
 40
0.3333333433333333
 40
1.0
 40
1.0
 40
1.0
 40
1.0
 10
1097.391366233929
 20
986.1269440958816
 30
0.0
 10
1097.391366233929
 20
987.3715118431219
 30
0.0
 10
1096.897106367429
 20
988.5649492593504
 30
0.0
 10
1096.017981761248
 20
989.4440738655223
 30
0.0
 10
1096.017981761248
 20
989.4440738655223
 30
0.0
 10
1095.136875359309
 20
990.3235948308513
 30
0.0
 10
1093.943834302238
 20
990.8174583381962
 30
0.0
 10
1092.700851991617
 20
990.8174583381962
 30
0.0
  0
SPLINE
  5
886
330
1F
100
AcDbEntity
  8
ºöåçæÄ
100
AcDbSpline
210
0.0
220
0.0
230
0.0
 70
    24
 71
     3
 72
     8
 73
     4
 74
     0
 42
0.000000001
 43
0.0000000001
 40
0.0
 40
0.0
 40
0.0
 40
0.0
 40
1.0
 40
1.0
 40
1.0
 40
1.0
 10
1092.346488082327
 20
1002.380443972054
 30
0.0
 10
1092.346488082327
 20
1002.380443972054
 30
0.0
 10
1052.954729804627
 20
1002.380443972054
 30
0.0
 10
1052.954729804627
 20
1002.380443972054
 30
0.0
  0
SPLINE
  5
887
330
1F
100
AcDbEntity
  8
ºöåçæÄ
100
AcDbSpline
210
0.0
220
0.0
230
0.0
 70
    24
 71
     3
 72
     8
 73
     4
 74
     0
 42
0.000000001
 43
0.0000000001
 40
0.0
 40
0.0
 40
0.0
 40
0.0
 40
1.0
 40
1.0
 40
1.0
 40
1.0
 10
1053.697506861422
 20
992.5099119307843
 30
0.0
 10
1053.697506861422
 20
992.5099119307843
 30
0.0
 10
1093.994549449537
 20
992.5099119307843
 30
0.0
 10
1093.994549449537
 20
992.5099119307843
 30
0.0
  0
SPLINE
  5
888
330
1F
100
AcDbEntity
  8
ºöåçæÄ
100
AcDbSpline
210
0.0
220
0.0
230
0.0
 70
    24
 71
     3
 72
     8
 73
     4
 74
     0
 42
0.000000001
 43
0.0000000001
 40
0.0
 40
0.0
 40
0.0
 40
0.0
 40
1.0
 40
1.0
 40
1.0
 40
1.0
 10
1080.331653011574
 20
991.9684853248174
 30
0.0
 10
1080.331653011574
 20
991.9684853248174
 30
0.0
 10
1092.702041069079
 20
991.9668998881984
 30
0.0
 10
1092.702041069079
 20
991.9668998881984
 30
0.0
  0
SPLINE
  5
889
330
1F
100
AcDbEntity
  8
ºöåçæÄ
100
AcDbSpline
210
0.0
220
0.0
230
0.0
 70
    24
 71
     3
 72
     8
 73
     4
 74
     0
 42
0.000000001
 43
0.0000000001
 40
0.0
 40
0.0
 40
0.0
 40
0.0
 40
1.0
 40
1.0
 40
1.0
 40
1.0
 10
1098.540411424783
 20
986.1269440958816
 30
0.0
 10
1098.540411424783
 20
986.1269440958816
 30
0.0
 10
1098.540411424783
 20
976.3681853363696
 30
0.0
 10
1098.540411424783
 20
976.3681853363696
 30
0.0
  0
SPLINE
  5
88A
330
1F
100
AcDbEntity
  8
ºöåçæÄ
100
AcDbSpline
210
0.0
220
0.0
230
0.0
 70
    24
 71
     3
 72
     8
 73
     4
 74
     0
 42
0.000000001
 43
0.0000000001
 40
0.0
 40
0.0
 40
0.0
 40
0.0
 40
1.0
 40
1.0
 40
1.0
 40
1.0
 10
1098.601348944871
 20
976.3681853363696
 30
0.0
 10
1098.601348944871
 20
976.3681853363696
 30
0.0
 10
1097.45230375401
 20
976.3681853363696
 30
0.0
 10
1097.45230375401
 20
976.3681853363696
 30
0.0
  0
SPLINE
  5
88B
330
1F
100
AcDbEntity
  8
ºöåçæÄ
100
AcDbSpline
210
0.0
220
0.0
230
0.0
 70
    24
 71
     3
 72
     8
 73
     4
 74
     0
 42
0.000000001
 43
0.0000000001
 40
0.0
 40
0.0
 40
0.0
 40
0.0
 40
1.0
 40
1.0
 40
1.0
 40
1.0
 10
1097.389384438157
 20
976.3681853363696
 30
0.0
 10
1097.389384438157
 20
976.3681853363696
 30
0.0
 10
1097.389384438157
 20
986.1269440958816
 30
0.0
 10
1097.389384438157
 20
986.1269440958816
 30
0.0
  0
SPLINE
  5
88C
330
1F
100
AcDbEntity
  8
ºöåçæÄ
100
AcDbSpline
210
0.0
220
0.0
230
0.0
 70
    24
 71
     3
 72
     8
 73
     4
 74
     0
 42
0.000000001
 43
0.0000000001
 40
0.0
 40
0.0
 40
0.0
 40
0.0
 40
1.0
 40
1.0
 40
1.0
 40
1.0
 10
1092.700851991617
 20
990.8174583381962
 30
0.0
 10
1092.700851991617
 20
990.8174583381962
 30
0.0
 10
1080.330463934112
 20
990.8174583381962
 30
0.0
 10
1080.330463934112
 20
990.8174583381962
 30
0.0
  0
SPLINE
  5
88D
330
1F
100
AcDbEntity
  8
ºöåçæÄ
100
AcDbSpline
210
0.0
220
0.0
230
0.0
 70
    24
 71
     3
 72
     8
 73
     4
 74
     0
 42
0.000000001
 43
0.0000000001
 40
0.0
 40
0.0
 40
0.0
 40
0.0
 40
1.0
 40
1.0
 40
1.0
 40
1.0
 10
1080.330463934112
 20
990.8174583381962
 30
0.0
 10
1080.330463934112
 20
990.8174583381962
 30
0.0
 10
1080.330463934112
 20
991.9668998881984
 30
0.0
 10
1080.330463934112
 20
991.9668998881984
 30
0.0
  0
SPLINE
  5
88E
330
1F
100
AcDbEntity
  8
ºöåçæÄ
100
AcDbSpline
210
0.0
220
0.0
230
0.0
 70
    24
 71
     3
 72
     8
 73
     4
 74
     0
 42
0.000000001
 43
0.0000000001
 40
0.0
 40
0.0
 40
0.0
 40
0.0
 40
1.0
 40
1.0
 40
1.0
 40
1.0
 10
1088.629431925121
 20
989.4848988585048
 30
0.0
 10
1088.629431925121
 20
989.4848988585048
 30
0.0
 10
1089.944551601973
 20
990.7512663592836
 30
0.0
 10
1089.944551601973
 20
990.7512663592836
 30
0.0
  0
SPLINE
  5
88F
330
1F
100
AcDbEntity
  8
ºöåçæÄ
100
AcDbSpline
210
0.0
220
0.0
230
0.0
 70
    24
 71
     3
 72
     8
 73
     4
 74
     0
 42
0.000000001
 43
0.0000000001
 40
0.0
 40
0.0
 40
0.0
 40
0.0
 40
1.0
 40
1.0
 40
1.0
 40
1.0
 10
1089.944551601973
 20
990.7512663592836
 30
0.0
 10
1089.944551601973
 20
990.7512663592836
 30
0.0
 10
1091.008775933628
 20
989.6438388797278
 30
0.0
 10
1091.008775933628
 20
989.6438388797278
 30
0.0
  0
SPLINE
  5
890
330
1F
100
AcDbEntity
  8
ºöåçæÄ
100
AcDbSpline
210
0.0
220
0.0
230
0.0
 70
    24
 71
     3
 72
     8
 73
     4
 74
     0
 42
0.000000001
 43
0.0000000001
 40
0.0
 40
0.0
 40
0.0
 40
0.0
 40
1.0
 40
1.0
 40
1.0
 40
1.0
 10
1091.008775933628
 20
989.6438388797278
 30
0.0
 10
1091.008775933628
 20
989.6438388797278
 30
0.0
 10
1089.287784481862
 20
987.9882466885712
 30
0.0
 10
1089.287784481862
 20
987.9882466885712
 30
0.0
  0
SPLINE
  5
891
330
1F
100
AcDbEntity
  8
ºöåçæÄ
100
AcDbSpline
210
0.0
220
0.0
230
0.0
 70
    24
 71
     3
 72
     8
 73
     4
 74
     0
 42
0.000000001
 43
0.0000000001
 40
0.0
 40
0.0
 40
0.0
 40
0.0
 40
1.0
 40
1.0
 40
1.0
 40
1.0
 10
1057.628993321584
 20
991.1460400778352
 30
0.0
 10
1057.628993321584
 20
991.1460400778352
 30
0.0
 10
1056.31585544049
 20
992.5099119307843
 30
0.0
 10
1056.31585544049
 20
992.5099119307843
 30
0.0
  0
SPLINE
  5
892
330
1F
100
AcDbEntity
  8
ºöåçæÄ
100
AcDbSpline
210
0.0
220
0.0
230
0.0
 70
    24
 71
     3
 72
     8
 73
     4
 74
     0
 42
0.000000001
 43
0.0000000001
 40
0.0
 40
0.0
 40
0.0
 40
0.0
 40
1.0
 40
1.0
 40
1.0
 40
1.0
 10
1056.31585544049
 20
992.5099119307843
 30
0.0
 10
1056.31585544049
 20
992.5099119307843
 30
0.0
 10
1055.257576496176
 20
991.4904761836799
 30
0.0
 10
1055.257576496176
 20
991.4904761836799
 30
0.0
  0
SPLINE
  5
893
330
1F
100
AcDbEntity
  8
ºöåçæÄ
100
AcDbSpline
210
0.0
220
0.0
230
0.0
 70
    24
 71
     3
 72
     8
 73
     4
 74
     0
 42
0.000000001
 43
0.0000000001
 40
0.0
 40
0.0
 40
0.0
 40
0.0
 40
1.0
 40
1.0
 40
1.0
 40
1.0
 10
1055.257576496176
 20
991.4904761836799
 30
0.0
 10
1055.257576496176
 20
991.4904761836799
 30
0.0
 10
1056.809718947839
 20
989.8780871404351
 30
0.0
 10
1056.809718947839
 20
989.8780871404351
 30
0.0
  0
SPLINE
  5
894
330
1F
100
AcDbEntity
  8
ºöåçæÄ
100
AcDbSpline
210
0.0
220
0.0
230
0.0
 70
    24
 71
     3
 72
     8
 73
     4
 74
     0
 42
0.000000001
 43
0.0000000001
 40
0.0
 40
0.0
 40
0.0
 40
0.0
 40
1.0
 40
1.0
 40
1.0
 40
1.0
 10
1057.628993321584
 20
991.1460400778352
 30
0.0
 10
1057.628993321584
 20
991.1460400778352
 30
0.0
 10
1088.627450129348
 20
989.4848988585048
 30
0.0
 10
1088.627450129348
 20
989.4848988585048
 30
0.0
  0
SPLINE
  5
895
330
1F
100
AcDbEntity
  8
ºöåçæÄ
100
AcDbSpline
210
0.0
220
0.0
230
0.0
 70
    24
 71
     3
 72
     8
 73
     4
 74
     0
 42
0.000000001
 43
0.0000000001
 40
0.0
 40
0.0
 40
0.0
 40
0.0
 40
1.0
 40
1.0
 40
1.0
 40
1.0
 10
1089.287784481862
 20
987.9882466885712
 30
0.0
 10
1089.287784481862
 20
987.9882466885712
 30
0.0
 10
1056.808133511225
 20
989.8780871404351
 30
0.0
 10
1056.808133511225
 20
989.8780871404351
 30
0.0
  0
SPLINE
  5
896
330
1F
100
AcDbEntity
  8
ºöåçæÄ
100
AcDbSpline
210
0.0
220
0.0
230
0.0
 70
    24
 71
     3
 72
     8
 73
     4
 74
     0
 42
0.000000001
 43
0.0000000001
 40
0.0
 40
0.0
 40
0.0
 40
0.0
 40
1.0
 40
1.0
 40
1.0
 40
1.0
 10
1074.869427494134
 20
990.2225232462818
 30
0.0
 10
1074.869427494134
 20
990.2225232462818
 30
0.0
 10
1074.869427494134
 20
988.8281317383835
 30
0.0
 10
1074.869427494134
 20
988.8281317383835
 30
0.0
  0
SPLINE
  5
897
330
1F
100
AcDbEntity
  8
ºöåçæÄ
100
AcDbSpline
210
0.0
220
0.0
230
0.0
 70
    24
 71
     3
 72
     8
 73
     4
 74
     0
 42
0.000000001
 43
0.0000000001
 40
0.0
 40
0.0
 40
0.0
 40
0.0
 40
1.0
 40
1.0
 40
1.0
 40
1.0
 10
1071.007303886133
 20
990.4290263661273
 30
0.0
 10
1071.007303886133
 20
990.4290263661273
 30
0.0
 10
1071.007303886133
 20
989.0524710202107
 30
0.0
 10
1071.007303886133
 20
989.0524710202107
 30
0.0
  0
SPLINE
  5
898
330
1F
100
AcDbEntity
  8
ºöåçæÄ
100
AcDbSpline
210
0.0
220
0.0
230
0.0
 70
    24
 71
     3
 72
     8
 73
     4
 74
     0
 42
0.000000001
 43
0.0000000001
 40
0.0
 40
0.0
 40
0.0
 40
0.0
 40
1.0
 40
1.0
 40
1.0
 40
1.0
 10
1070.782964604306
 20
987.9097675758487
 30
0.0
 10
1070.782964604306
 20
987.9097675758487
 30
0.0
 10
1074.893605402602
 20
987.9097675758487
 30
0.0
 10
1074.893605402602
 20
987.9097675758487
 30
0.0
  0
SPLINE
  5
899
330
1F
100
AcDbEntity
  8
ºöåçæÄ
100
AcDbSpline
210
0.0
220
0.0
230
0.0
 70
    24
 71
     3
 72
     8
 73
     4
 74
     0
 42
0.000000001
 43
0.0000000001
 40
0.0
 40
0.0
 40
0.0
 40
0.0
 40
1.0
 40
1.0
 40
1.0
 40
1.0
 10
1071.9014901402
 20
997.6590137156373
 30
0.0
 10
1071.9014901402
 20
997.6590137156373
 30
0.0
 10
1071.9014901402
 20
987.9097675758487
 30
0.0
 10
1071.9014901402
 20
987.9097675758487
 30
0.0
  0
SPLINE
  5
89A
330
1F
100
AcDbEntity
  8
ºöåçæÄ
100
AcDbSpline
210
0.0
220
0.0
230
0.0
 70
    24
 71
     3
 72
     8
 73
     4
 74
     0
 42
0.000000001
 43
0.0000000001
 40
0.0
 40
0.0
 40
0.0
 40
0.0
 40
1.0
 40
1.0
 40
1.0
 40
1.0
 10
1073.820661169546
 20
997.6590137156373
 30
0.0
 10
1073.820661169546
 20
997.6590137156373
 30
0.0
 10
1073.820661169546
 20
987.9097675758487
 30
0.0
 10
1073.820661169546
 20
987.9097675758487
 30
0.0
  0
SPLINE
  5
89B
330
1F
100
AcDbEntity
  8
ºöåçæÄ
100
AcDbSpline
210
0.0
220
0.0
230
0.0
 70
    24
 71
     3
 72
     8
 73
     4
 74
     0
 42
0.000000001
 43
0.0000000001
 40
0.0
 40
0.0
 40
0.0
 40
0.0
 40
1.0
 40
1.0
 40
1.0
 40
1.0
 10
1070.333096963182
 20
989.0100605906093
 30
0.0
 10
1070.333096963182
 20
989.0100605906093
 30
0.0
 10
1075.637967896011
 20
988.7012968087269
 30
0.0
 10
1075.637967896011
 20
988.7012968087269
 30
0.0
  0
SPLINE
  5
89C
330
1F
100
AcDbEntity
  8
ºöåçæÄ
100
AcDbSpline
210
0.0
220
0.0
230
0.0
 70
    24
 71
     3
 72
     8
 73
     4
 74
     0
 42
0.000000001
 43
0.0000000001
 40
0.0
 40
0.0
 40
0.0
 40
0.0
 40
1.0
 40
1.0
 40
1.0
 40
1.0
 10
1071.9014901402
 20
997.6590137156373
 30
0.0
 10
1071.9014901402
 20
997.6590137156373
 30
0.0
 10
1072.849184880225
 20
999.0367581390158
 30
0.0
 10
1072.849184880225
 20
999.0367581390158
 30
0.0
  0
SPLINE
  5
89D
330
1F
100
AcDbEntity
  8
ºöåçæÄ
100
AcDbSpline
210
0.0
220
0.0
230
0.0
 70
    24
 71
     3
 72
     8
 73
     4
 74
     0
 42
0.000000001
 43
0.0000000001
 40
0.0
 40
0.0
 40
0.0
 40
0.0
 40
1.0
 40
1.0
 40
1.0
 40
1.0
 10
1072.849184880225
 20
999.0367581390158
 30
0.0
 10
1072.849184880225
 20
999.0367581390158
 30
0.0
 10
1073.820661169546
 20
997.6590137156373
 30
0.0
 10
1073.820661169546
 20
997.6590137156373
 30
0.0
  0
SPLINE
  5
89E
330
1F
100
AcDbEntity
  8
ºöåçæÄ
100
AcDbSpline
210
0.0
220
0.0
230
0.0
 70
    24
 71
     3
 72
     8
 73
     4
 74
     0
 42
0.000000001
 43
0.0000000001
 40
0.0
 40
0.0
 40
0.0
 40
0.0
 40
1.0
 40
1.0
 40
1.0
 40
1.0
 10
1075.590801156559
 20
987.8982731603455
 30
0.0
 10
1075.590801156559
 20
987.8982731603455
 30
0.0
 10
1070.285533864571
 20
988.2074333013816
 30
0.0
 10
1070.285533864571
 20
988.2074333013816
 30
0.0
  0
SPLINE
  5
89F
330
1F
100
AcDbEntity
  8
ºöåçæÄ
100
AcDbSpline
210
0.0
220
0.0
230
0.0
 70
    24
 71
     3
 72
     8
 73
     4
 74
     0
 42
0.000000001
 43
0.0000000001
 40
0.0
 40
0.0
 40
0.0
 40
0.0
 40
1.0
 40
1.0
 40
1.0
 40
1.0
 10
1075.637967896011
 20
988.7012968087269
 30
0.0
 10
1075.637967896011
 20
988.7012968087269
 30
0.0
 10
1075.590801156559
 20
987.8982731603455
 30
0.0
 10
1075.590801156559
 20
987.8982731603455
 30
0.0
  0
SPLINE
  5
8A0
330
1F
100
AcDbEntity
  8
ºöåçæÄ
100
AcDbSpline
210
0.0
220
0.0
230
0.0
 70
    24
 71
     3
 72
     8
 73
     4
 74
     0
 42
0.000000001
 43
0.0000000001
 40
0.0
 40
0.0
 40
0.0
 40
0.0
 40
1.0
 40
1.0
 40
1.0
 40
1.0
 10
1070.333096963182
 20
989.0100605906093
 30
0.0
 10
1070.333096963182
 20
989.0100605906093
 30
0.0
 10
1070.285533864571
 20
988.2074333013816
 30
0.0
 10
1070.285533864571
 20
988.2074333013816
 30
0.0
  0
SPLINE
  5
8A1
330
1F
100
AcDbEntity
  8
ºöåçæÄ
100
AcDbSpline
210
0.0
220
0.0
230
0.0
 70
    24
 71
     3
 72
     8
 73
     4
 74
     0
 42
0.000000001
 43
0.0000000001
 40
0.0
 40
0.0
 40
0.0
 40
0.0
 40
1.0
 40
1.0
 40
1.0
 40
1.0
 10
1074.518253282648
 20
992.5099119307843
 30
0.0
 10
1074.518253282648
 20
992.5099119307843
 30
0.0
 10
1074.518253282648
 20
999.511596406913
 30
0.0
 10
1074.518253282648
 20
999.511596406913
 30
0.0
  0
SPLINE
  5
8A2
330
1F
100
AcDbEntity
  8
ºöåçæÄ
100
AcDbSpline
210
0.0
220
0.0
230
0.0
 70
    24
 71
     3
 72
     8
 73
     4
 74
     0
 42
0.000000001
 43
0.0000000001
 40
0.0
 40
0.0
 40
0.0
 40
0.0
 40
1.0
 40
1.0
 40
1.0
 40
1.0
 10
1074.518253282648
 20
999.511596406913
 30
0.0
 10
1074.518253282648
 20
999.511596406913
 30
0.0
 10
1071.356892660991
 20
999.511596406913
 30
0.0
 10
1071.356892660991
 20
999.511596406913
 30
0.0
  0
SPLINE
  5
8A3
330
1F
100
AcDbEntity
  8
ºöåçæÄ
100
AcDbSpline
210
0.0
220
0.0
230
0.0
 70
    24
 71
     3
 72
     8
 73
     4
 74
     0
 42
0.000000001
 43
0.0000000001
 40
0.0
 40
0.0
 40
0.0
 40
0.0
 40
1.0
 40
1.0
 40
1.0
 40
1.0
 10
1071.356892660991
 20
999.511596406913
 30
0.0
 10
1071.356892660991
 20
999.511596406913
 30
0.0
 10
1071.356892660991
 20
992.5099119307843
 30
0.0
 10
1071.356892660991
 20
992.5099119307843
 30
0.0
  0
SPLINE
  5
8A4
330
1F
100
AcDbEntity
  8
ºöåçæÄ
100
AcDbSpline
210
0.0
220
0.0
230
0.0
 70
    24
 71
     3
 72
     8
 73
     4
 74
     0
 42
0.000000001
 43
0.0000000001
 40
0.0
 40
0.0
 40
0.0
 40
0.0
 40
1.0
 40
1.0
 40
1.0
 40
1.0
 10
1093.992964012923
 20
992.5099119307843
 30
0.0
 10
1093.992964012923
 20
992.5099119307843
 30
0.0
 10
1093.992964012923
 20
1000.732382604844
 30
0.0
 10
1093.992964012923
 20
1000.732382604844
 30
0.0
  0
SPLINE
  5
8A5
330
1F
100
AcDbEntity
  8
ºöåçæÄ
100
AcDbSpline
210
0.0
220
0.0
230
0.0
 70
    24
 71
     3
 72
     8
 73
     4
 74
     0
 42
0.000000001
 43
0.0000000001
 40
0.0
 40
0.0
 40
0.0
 40
0.0
 40
1.0
 40
1.0
 40
1.0
 40
1.0
 10
1079.205596651726
 20
992.5099119307843
 30
0.0
 10
1079.205596651726
 20
992.5099119307843
 30
0.0
 10
1080.328482138332
 20
991.3929718315076
 30
0.0
 10
1080.328482138332
 20
991.3929718315076
 30
0.0
  0
SPLINE
  5
8A6
330
1F
100
AcDbEntity
  8
ºöåçæÄ
100
AcDbSpline
210
0.0
220
0.0
230
0.0
 70
    24
 71
     3
 72
     8
 73
     4
 74
     0
 42
0.000000001
 43
0.0000000001
 40
0.0
 40
0.0
 40
0.0
 40
0.0
 40
1.0
 40
1.0
 40
1.0
 40
1.0
 10
1093.992964012923
 20
992.5099119307843
 30
0.0
 10
1093.992964012923
 20
992.5099119307843
 30
0.0
 10
1094.311636773677
 20
991.9668998881984
 30
0.0
 10
1094.311636773677
 20
991.9668998881984
 30
0.0
  0
SPLINE
  5
8A7
330
1F
100
AcDbEntity
  8
ºöåçæÄ
100
AcDbSpline
210
0.0
220
0.0
230
1.0
 70
     8
 71
     3
 72
    12
 73
     8
 74
     0
 42
0.000000001
 43
0.0000000001
 40
0.0
 40
0.0
 40
0.0
 40
0.0
 40
0.3333333333333333
 40
0.3333333333333333
 40
0.3333333333333333
 40
0.3333333433333333
 40
1.0
 40
1.0
 40
1.0
 40
1.0
 10
1053.69433598818
 20
992.5099119307843
 30
0.0
 10
1052.580566762142
 20
994.6534222419588
 30
0.0
 10
1053.75735709385
 20
996.4184095599442
 30
0.0
 10
1054.077615291233
 20
998.4929533781187
 30
0.0
 10
1054.077615291233
 20
998.4929533781187
 30
0.0
 10
1054.297198263189
 20
999.9146936677236
 30
0.0
 10
1054.113287615193
 20
1001.483879563054
 30
0.0
 10
1052.952748008854
 20
1002.37846217628
 30
0.0
  0
SPLINE
  5
8A8
330
1F
100
AcDbEntity
  8
ºöåçæÄ
100
AcDbSpline
210
0.0
220
0.0
230
1.0
 70
    11
 71
     3
 72
    28
 73
    24
 74
     0
 42
0.000000001
 43
0.0000000001
 40
0.0
 40
0.0
 40
0.0
 40
0.0
 40
0.1428571428571428
 40
0.1428571428571428
 40
0.1428571428571428
 40
0.1428571528571428
 40
0.2857142857142857
 40
0.2857142857142857
 40
0.2857142857142857
 40
0.2857142957142857
 40
0.428571428571429
 40
0.428571428571429
 40
0.428571428571429
 40
0.4285714385714289
 40
0.5714285714285714
 40
0.5714285714285714
 40
0.5714285714285714
 40
0.5714285814285715
 40
0.7142857142857145
 40
0.7142857142857145
 40
0.7142857142857145
 40
0.7142857242857146
 40
1.0
 40
1.0
 40
1.0
 40
1.0
 10
1053.652321917735
 20
1001.521930041951
 30
0.0
 10
1053.652321917735
 20
1001.521930041951
 30
0.0
 10
1053.855654164337
 20
1001.521930041951
 30
0.0
 10
1053.855654164337
 20
1001.521930041951
 30
0.0
 10
1053.855654164337
 20
1001.521930041951
 30
0.0
 10
1053.855654164337
 20
1001.634099682865
 30
0.0
 10
1053.764095199501
 20
1001.725262288553
 30
0.0
 10
1053.652321917735
 20
1001.725262288553
 30
0.0
 10
1053.652321917735
 20
1001.725262288553
 30
0.0
 10
1053.540152276818
 20
1001.725262288553
 30
0.0
 10
1053.448989671134
 20
1001.634099682865
 30
0.0
 10
1053.448989671134
 20
1001.521930041951
 30
0.0
 10
1053.448989671134
 20
1001.521930041951
 30
0.0
 10
1053.448989671134
 20
1001.410156760193
 30
0.0
 10
1053.540152276818
 20
1001.318994154502
 30
0.0
 10
1053.652321917735
 20
1001.318994154502
 30
0.0
 10
1053.652321917735
 20
1001.318994154502
 30
0.0
 10
1053.764095199501
 20
1001.318994154502
 30
0.0
 10
1053.855654164337
 20
1001.410156760193
 30
0.0
 10
1053.855654164337
 20
1001.521930041951
 30
0.0
 10
1053.855654164337
 20
1001.521930041951
 30
0.0
 10
1053.855654164337
 20
1001.521930041951
 30
0.0
 10
1053.652321917735
 20
1001.521930041951
 30
0.0
 10
1053.652321917735
 20
1001.521930041951
 30
0.0
  0
SPLINE
  5
8A9
330
1F
100
AcDbEntity
  8
ºöåçæÄ
100
AcDbSpline
210
0.0
220
0.0
230
0.0
 70
    24
 71
     3
 72
     8
 73
     4
 74
     0
 42
0.000000001
 43
0.0000000001
 40
0.0
 40
0.0
 40
0.0
 40
0.0
 40
1.0
 40
1.0
 40
1.0
 40
1.0
 10
1053.811261938953
 20
1001.681662781487
 30
0.0
 10
1053.811261938953
 20
1001.681662781487
 30
0.0
 10
1054.510043129524
 20
1002.380443972054
 30
0.0
 10
1054.510043129524
 20
1002.380443972054
 30
0.0
  0
SPLINE
  5
8AA
330
1F
100
AcDbEntity
  8
ºöåçæÄ
100
AcDbSpline
210
0.0
220
0.0
230
0.0
 70
    24
 71
     3
 72
     8
 73
     4
 74
     0
 42
0.000000001
 43
0.0000000001
 40
0.0
 40
0.0
 40
0.0
 40
0.0
 40
1.0
 40
1.0
 40
1.0
 40
1.0
 10
1054.118043925056
 20
999.781516991586
 30
0.0
 10
1054.118043925056
 20
999.781516991586
 30
0.0
 10
1055.742323742957
 20
1001.405004091172
 30
0.0
 10
1055.742323742957
 20
1001.405004091172
 30
0.0
  0
SPLINE
  5
8AB
330
1F
100
AcDbEntity
  8
ºöåçæÄ
100
AcDbSpline
210
0.0
220
0.0
230
1.0
 70
    11
 71
     3
 72
    28
 73
    24
 74
     0
 42
0.000000001
 43
0.0000000001
 40
0.0
 40
0.0
 40
0.0
 40
0.0
 40
0.1428571428571428
 40
0.1428571428571428
 40
0.1428571428571428
 40
0.1428571528571428
 40
0.2857142857142857
 40
0.2857142857142857
 40
0.2857142857142857
 40
0.2857142957142857
 40
0.428571428571429
 40
0.428571428571429
 40
0.428571428571429
 40
0.4285714385714289
 40
0.5714285714285714
 40
0.5714285714285714
 40
0.5714285714285714
 40
0.5714285814285715
 40
0.7142857142857145
 40
0.7142857142857145
 40
0.7142857142857145
 40
0.7142857242857146
 40
1.0
 40
1.0
 40
1.0
 40
1.0
 10
1056.294848405279
 20
1001.957925112641
 30
0.0
 10
1056.294848405279
 20
1001.957925112641
 30
0.0
 10
1056.49818065188
 20
1001.957925112641
 30
0.0
 10
1056.49818065188
 20
1001.957925112641
 30
0.0
 10
1056.49818065188
 20
1001.957925112641
 30
0.0
 10
1056.49818065188
 20
1002.069698394399
 30
0.0
 10
1056.407018046189
 20
1002.161257359244
 30
0.0
 10
1056.294848405279
 20
1002.161257359244
 30
0.0
 10
1056.294848405279
 20
1002.161257359244
 30
0.0
 10
1056.183075123513
 20
1002.161257359244
 30
0.0
 10
1056.091912517814
 20
1002.069698394399
 30
0.0
 10
1056.091912517814
 20
1001.957925112641
 30
0.0
 10
1056.091912517814
 20
1001.957925112641
 30
0.0
 10
1056.091912517814
 20
1001.84615183088
 30
0.0
 10
1056.183075123513
 20
1001.754592866036
 30
0.0
 10
1056.294848405279
 20
1001.754592866036
 30
0.0
 10
1056.294848405279
 20
1001.754592866036
 30
0.0
 10
1056.407018046189
 20
1001.754592866036
 30
0.0
 10
1056.49818065188
 20
1001.84615183088
 30
0.0
 10
1056.49818065188
 20
1001.957925112641
 30
0.0
 10
1056.49818065188
 20
1001.957925112641
 30
0.0
 10
1056.49818065188
 20
1001.957925112641
 30
0.0
 10
1056.294848405279
 20
1001.957925112641
 30
0.0
 10
1056.294848405279
 20
1001.957925112641
 30
0.0
  0
SPLINE
  5
8AC
330
1F
100
AcDbEntity
  8
ºöåçæÄ
100
AcDbSpline
210
0.0
220
0.0
230
0.0
 70
    24
 71
     3
 72
     8
 73
     4
 74
     0
 42
0.000000001
 43
0.0000000001
 40
0.0
 40
0.0
 40
0.0
 40
0.0
 40
1.0
 40
1.0
 40
1.0
 40
1.0
 10
1053.808091065718
 20
997.2638436379286
 30
0.0
 10
1053.808091065718
 20
997.2638436379286
 30
0.0
 10
1054.914725826954
 20
998.3688929625508
 30
0.0
 10
1054.914725826954
 20
998.3688929625508
 30
0.0
  0
SPLINE
  5
8AD
330
1F
100
AcDbEntity
  8
ºöåçæÄ
100
AcDbSpline
210
0.0
220
0.0
230
1.0
 70
    11
 71
     3
 72
    28
 73
    24
 74
     0
 42
0.000000001
 43
0.0000000001
 40
0.0
 40
0.0
 40
0.0
 40
0.0
 40
0.1428571428571428
 40
0.1428571428571428
 40
0.1428571428571428
 40
0.1428571528571428
 40
0.2857142857142857
 40
0.2857142857142857
 40
0.2857142857142857
 40
0.2857142957142857
 40
0.428571428571429
 40
0.428571428571429
 40
0.428571428571429
 40
0.4285714385714289
 40
0.5714285714285714
 40
0.5714285714285714
 40
0.5714285714285714
 40
0.5714285814285715
 40
0.7142857142857145
 40
0.7142857142857145
 40
0.7142857142857145
 40
0.7142857242857146
 40
1.0
 40
1.0
 40
1.0
 40
1.0
 10
1055.46804320758
 20
998.9218139840152
 30
0.0
 10
1055.46804320758
 20
998.9218139840152
 30
0.0
 10
1055.671375454173
 20
998.9218139840152
 30
0.0
 10
1055.671375454173
 20
998.9218139840152
 30
0.0
 10
1055.671375454173
 20
998.9218139840152
 30
0.0
 10
1055.671375454173
 20
999.0335872657752
 30
0.0
 10
1055.579816489331
 20
999.1247498714647
 30
0.0
 10
1055.46804320758
 20
999.1247498714647
 30
0.0
 10
1055.46804320758
 20
999.1247498714647
 30
0.0
 10
1055.355873566677
 20
999.1247498714647
 30
0.0
 10
1055.264710960978
 20
999.0335872657752
 30
0.0
 10
1055.264710960978
 20
998.9218139840152
 30
0.0
 10
1055.264710960978
 20
998.9218139840152
 30
0.0
 10
1055.264710960978
 20
998.8096443431031
 30
0.0
 10
1055.355873566677
 20
998.7184817374119
 30
0.0
 10
1055.46804320758
 20
998.7184817374119
 30
0.0
 10
1055.46804320758
 20
998.7184817374119
 30
0.0
 10
1055.579816489331
 20
998.7184817374119
 30
0.0
 10
1055.671375454173
 20
998.8096443431031
 30
0.0
 10
1055.671375454173
 20
998.9218139840152
 30
0.0
 10
1055.671375454173
 20
998.9218139840152
 30
0.0
 10
1055.671375454173
 20
998.9218139840152
 30
0.0
 10
1055.46804320758
 20
998.9218139840152
 30
0.0
 10
1055.46804320758
 20
998.9218139840152
 30
0.0
  0
SPLINE
  5
8AE
330
1F
100
AcDbEntity
  8
ºöåçæÄ
100
AcDbSpline
210
0.0
220
0.0
230
0.0
 70
    24
 71
     3
 72
     8
 73
     4
 74
     0
 42
0.000000001
 43
0.0000000001
 40
0.0
 40
0.0
 40
0.0
 40
0.0
 40
1.0
 40
1.0
 40
1.0
 40
1.0
 10
1056.018189714955
 20
999.473942287171
 30
0.0
 10
1056.018189714955
 20
999.473942287171
 30
0.0
 10
1058.778434871582
 20
1002.233791084641
 30
0.0
 10
1058.778434871582
 20
1002.233791084641
 30
0.0
  0
SPLINE
  5
8AF
330
1F
100
AcDbEntity
  8
ºöåçæÄ
100
AcDbSpline
210
0.0
220
0.0
230
1.0
 70
    11
 71
     3
 72
    28
 73
    24
 74
     0
 42
0.000000001
 43
0.0000000001
 40
0.0
 40
0.0
 40
0.0
 40
0.0
 40
0.1428571428571428
 40
0.1428571428571428
 40
0.1428571428571428
 40
0.1428571528571428
 40
0.2857142857142857
 40
0.2857142857142857
 40
0.2857142857142857
 40
0.2857142957142857
 40
0.428571428571429
 40
0.428571428571429
 40
0.428571428571429
 40
0.4285714385714289
 40
0.5714285714285714
 40
0.5714285714285714
 40
0.5714285714285714
 40
0.5714285814285715
 40
0.7142857142857145
 40
0.7142857142857145
 40
0.7142857142857145
 40
0.7142857242857146
 40
1.0
 40
1.0
 40
1.0
 40
1.0
 10
1058.924691399839
 20
1002.380443972054
 30
0.0
 10
1058.924691399839
 20
1002.380443972054
 30
0.0
 10
1059.128023646447
 20
1002.380443972054
 30
0.0
 10
1059.128023646447
 20
1002.380443972054
 30
0.0
 10
1059.128023646447
 20
1002.380443972054
 30
0.0
 10
1059.128023646447
 20
1002.492217253813
 30
0.0
 10
1059.036861040756
 20
1002.583776218659
 30
0.0
 10
1058.924691399839
 20
1002.583776218659
 30
0.0
 10
1058.924691399839
 20
1002.583776218659
 30
0.0
 10
1058.812918118088
 20
1002.583776218659
 30
0.0
 10
1058.721755512396
 20
1002.492217253813
 30
0.0
 10
1058.721755512396
 20
1002.380443972054
 30
0.0
 10
1058.721755512396
 20
1002.380443972054
 30
0.0
 10
1058.721755512396
 20
1002.268274331141
 30
0.0
 10
1058.812918118088
 20
1002.177111725453
 30
0.0
 10
1058.924691399839
 20
1002.177111725453
 30
0.0
 10
1058.924691399839
 20
1002.177111725453
 30
0.0
 10
1059.036861040756
 20
1002.177111725453
 30
0.0
 10
1059.128023646447
 20
1002.268274331141
 30
0.0
 10
1059.128023646447
 20
1002.380443972054
 30
0.0
 10
1059.128023646447
 20
1002.380443972054
 30
0.0
 10
1059.128023646447
 20
1002.380443972054
 30
0.0
 10
1058.924691399839
 20
1002.380443972054
 30
0.0
 10
1058.924691399839
 20
1002.380443972054
 30
0.0
  0
SPLINE
  5
8B0
330
1F
100
AcDbEntity
  8
ºöåçæÄ
100
AcDbSpline
210
0.0
220
0.0
230
0.0
 70
    24
 71
     3
 72
     8
 73
     4
 74
     0
 42
0.000000001
 43
0.0000000001
 40
0.0
 40
0.0
 40
0.0
 40
0.0
 40
1.0
 40
1.0
 40
1.0
 40
1.0
 10
1053.267853537214
 20
994.5154892559596
 30
0.0
 10
1053.267853537214
 20
994.5154892559596
 30
0.0
 10
1054.087127910959
 20
995.3343672705479
 30
0.0
 10
1054.087127910959
 20
995.3343672705479
 30
0.0
  0
SPLINE
  5
8B1
330
1F
100
AcDbEntity
  8
ºöåçæÄ
100
AcDbSpline
210
0.0
220
0.0
230
1.0
 70
    11
 71
     3
 72
    28
 73
    24
 74
     0
 42
0.000000001
 43
0.0000000001
 40
0.0
 40
0.0
 40
0.0
 40
0.0
 40
0.1428571428571428
 40
0.1428571428571428
 40
0.1428571428571428
 40
0.1428571528571428
 40
0.2857142857142857
 40
0.2857142857142857
 40
0.2857142857142857
 40
0.2857142957142857
 40
0.428571428571429
 40
0.428571428571429
 40
0.428571428571429
 40
0.4285714385714289
 40
0.5714285714285714
 40
0.5714285714285714
 40
0.5714285714285714
 40
0.5714285814285715
 40
0.7142857142857145
 40
0.7142857142857145
 40
0.7142857142857145
 40
0.7142857242857146
 40
1.0
 40
1.0
 40
1.0
 40
1.0
 10
1054.640445291584
 20
995.8868919328551
 30
0.0
 10
1054.640445291584
 20
995.8868919328551
 30
0.0
 10
1054.843777538178
 20
995.8868919328551
 30
0.0
 10
1054.843777538178
 20
995.8868919328551
 30
0.0
 10
1054.843777538178
 20
995.8868919328551
 30
0.0
 10
1054.843777538178
 20
995.9986652146156
 30
0.0
 10
1054.752614932494
 20
996.0902241794604
 30
0.0
 10
1054.640445291584
 20
996.0902241794604
 30
0.0
 10
1054.640445291584
 20
996.0902241794604
 30
0.0
 10
1054.528672009826
 20
996.0902241794604
 30
0.0
 10
1054.437509404127
 20
995.9986652146156
 30
0.0
 10
1054.437509404127
 20
995.8868919328551
 30
0.0
 10
1054.437509404127
 20
995.8868919328551
 30
0.0
 10
1054.437509404127
 20
995.7751186510988
 30
0.0
 10
1054.528672009826
 20
995.6835596862539
 30
0.0
 10
1054.640445291584
 20
995.6835596862539
 30
0.0
 10
1054.640445291584
 20
995.6835596862539
 30
0.0
 10
1054.752614932494
 20
995.6835596862539
 30
0.0
 10
1054.843777538178
 20
995.7751186510988
 30
0.0
 10
1054.843777538178
 20
995.8868919328551
 30
0.0
 10
1054.843777538178
 20
995.8868919328551
 30
0.0
 10
1054.843777538178
 20
995.8868919328551
 30
0.0
 10
1054.640445291584
 20
995.8868919328551
 30
0.0
 10
1054.640445291584
 20
995.8868919328551
 30
0.0
  0
SPLINE
  5
8B2
330
1F
100
AcDbEntity
  8
ºöåçæÄ
100
AcDbSpline
210
0.0
220
0.0
230
0.0
 70
    24
 71
     3
 72
     8
 73
     4
 74
     0
 42
0.000000001
 43
0.0000000001
 40
0.0
 40
0.0
 40
0.0
 40
0.0
 40
1.0
 40
1.0
 40
1.0
 40
1.0
 10
1055.190988158112
 20
996.4378311585488
 30
0.0
 10
1055.190988158112
 20
996.4378311585488
 30
0.0
 10
1057.9488551598
 20
999.1980763151726
 30
0.0
 10
1057.9488551598
 20
999.1980763151726
 30
0.0
  0
SPLINE
  5
8B3
330
1F
100
AcDbEntity
  8
ºöåçæÄ
100
AcDbSpline
210
0.0
220
0.0
230
1.0
 70
    11
 71
     3
 72
    28
 73
    24
 74
     0
 42
0.000000001
 43
0.0000000001
 40
0.0
 40
0.0
 40
0.0
 40
0.0
 40
0.1428571428571428
 40
0.1428571428571428
 40
0.1428571428571428
 40
0.1428571528571428
 40
0.2857142857142857
 40
0.2857142857142857
 40
0.2857142857142857
 40
0.2857142957142857
 40
0.428571428571429
 40
0.428571428571429
 40
0.428571428571429
 40
0.4285714385714289
 40
0.5714285714285714
 40
0.5714285714285714
 40
0.5714285714285714
 40
0.5714285814285715
 40
0.7142857142857145
 40
0.7142857142857145
 40
0.7142857142857145
 40
0.7142857242857146
 40
1.0
 40
1.0
 40
1.0
 40
1.0
 10
1058.502568899584
 20
999.7490155408623
 30
0.0
 10
1058.502568899584
 20
999.7490155408623
 30
0.0
 10
1058.705504787034
 20
999.7490155408623
 30
0.0
 10
1058.705504787034
 20
999.7490155408623
 30
0.0
 10
1058.705504787034
 20
999.7490155408623
 30
0.0
 10
1058.705504787034
 20
999.8607888226207
 30
0.0
 10
1058.614342181342
 20
999.9523477874639
 30
0.0
 10
1058.502568899584
 20
999.9523477874639
 30
0.0
 10
1058.502568899584
 20
999.9523477874639
 30
0.0
 10
1058.390399258667
 20
999.9523477874639
 30
0.0
 10
1058.299236652975
 20
999.8607888226207
 30
0.0
 10
1058.299236652975
 20
999.7490155408623
 30
0.0
 10
1058.299236652975
 20
999.7490155408623
 30
0.0
 10
1058.299236652975
 20
999.6368458999487
 30
0.0
 10
1058.390399258667
 20
999.5460796534128
 30
0.0
 10
1058.502568899584
 20
999.5460796534128
 30
0.0
 10
1058.502568899584
 20
999.5460796534128
 30
0.0
 10
1058.614342181342
 20
999.5460796534128
 30
0.0
 10
1058.705504787034
 20
999.6368458999487
 30
0.0
 10
1058.705504787034
 20
999.7490155408623
 30
0.0
 10
1058.705504787034
 20
999.7490155408623
 30
0.0
 10
1058.705504787034
 20
999.7490155408623
 30
0.0
 10
1058.502568899584
 20
999.7490155408623
 30
0.0
 10
1058.502568899584
 20
999.7490155408623
 30
0.0
  0
SPLINE
  5
8B4
330
1F
100
AcDbEntity
  8
ºöåçæÄ
100
AcDbSpline
210
0.0
220
0.0
230
0.0
 70
    24
 71
     3
 72
     8
 73
     4
 74
     0
 42
0.000000001
 43
0.0000000001
 40
0.0
 40
0.0
 40
0.0
 40
0.0
 40
1.0
 40
1.0
 40
1.0
 40
1.0
 10
1059.054300843581
 20
1000.301540203172
 30
0.0
 10
1059.054300843581
 20
1000.301540203172
 30
0.0
 10
1061.133204612462
 20
1002.380443972054
 30
0.0
 10
1061.133204612462
 20
1002.380443972054
 30
0.0
  0
SPLINE
  5
8B5
330
1F
100
AcDbEntity
  8
ºöåçæÄ
100
AcDbSpline
210
0.0
220
0.0
230
1.0
 70
    11
 71
     3
 72
    28
 73
    24
 74
     0
 42
0.000000001
 43
0.0000000001
 40
0.0
 40
0.0
 40
0.0
 40
0.0
 40
0.1428571428571428
 40
0.1428571428571428
 40
0.1428571428571428
 40
0.1428571528571428
 40
0.2857142857142857
 40
0.2857142857142857
 40
0.2857142857142857
 40
0.2857142957142857
 40
0.428571428571429
 40
0.428571428571429
 40
0.428571428571429
 40
0.4285714385714289
 40
0.5714285714285714
 40
0.5714285714285714
 40
0.5714285714285714
 40
0.5714285814285715
 40
0.7142857142857145
 40
0.7142857142857145
 40
0.7142857142857145
 40
0.7142857242857146
 40
1.0
 40
1.0
 40
1.0
 40
1.0
 10
1053.811658298112
 20
992.8511771633887
 30
0.0
 10
1053.811658298112
 20
992.8511771633887
 30
0.0
 10
1054.014990544721
 20
992.8511771633887
 30
0.0
 10
1054.014990544721
 20
992.8511771633887
 30
0.0
 10
1054.014990544721
 20
992.8511771633887
 30
0.0
 10
1054.014990544721
 20
992.9629504451472
 30
0.0
 10
1053.923827939022
 20
993.0545094099935
 30
0.0
 10
1053.811658298112
 20
993.0545094099935
 30
0.0
 10
1053.811658298112
 20
993.0545094099935
 30
0.0
 10
1053.699885016354
 20
993.0545094099935
 30
0.0
 10
1053.608326051504
 20
992.9629504451472
 30
0.0
 10
1053.608326051504
 20
992.8511771633887
 30
0.0
 10
1053.608326051504
 20
992.8511771633887
 30
0.0
 10
1053.608326051504
 20
992.7390075224733
 30
0.0
 10
1053.699885016354
 20
992.6478449167836
 30
0.0
 10
1053.811658298112
 20
992.6478449167836
 30
0.0
 10
1053.811658298112
 20
992.6478449167836
 30
0.0
 10
1053.923827939022
 20
992.6478449167836
 30
0.0
 10
1054.014990544721
 20
992.7390075224733
 30
0.0
 10
1054.014990544721
 20
992.8511771633887
 30
0.0
 10
1054.014990544721
 20
992.8511771633887
 30
0.0
 10
1054.014990544721
 20
992.8511771633887
 30
0.0
 10
1053.811658298112
 20
992.8511771633887
 30
0.0
 10
1053.811658298112
 20
992.8511771633887
 30
0.0
  0
SPLINE
  5
8B6
330
1F
100
AcDbEntity
  8
ºöåçæÄ
100
AcDbSpline
210
0.0
220
0.0
230
0.0
 70
    24
 71
     3
 72
     8
 73
     4
 74
     0
 42
0.000000001
 43
0.0000000001
 40
0.0
 40
0.0
 40
0.0
 40
0.0
 40
1.0
 40
1.0
 40
1.0
 40
1.0
 10
1054.363786601261
 20
993.4037018256995
 30
0.0
 10
1054.363786601261
 20
993.4037018256995
 30
0.0
 10
1057.122049962123
 20
996.1619651865468
 30
0.0
 10
1057.122049962123
 20
996.1619651865468
 30
0.0
  0
SPLINE
  5
8B7
330
1F
100
AcDbEntity
  8
ºöåçæÄ
100
AcDbSpline
210
0.0
220
0.0
230
1.0
 70
    11
 71
     3
 72
    28
 73
    24
 74
     0
 42
0.000000001
 43
0.0000000001
 40
0.0
 40
0.0
 40
0.0
 40
0.0
 40
0.1428571428571428
 40
0.1428571428571428
 40
0.1428571428571428
 40
0.1428571528571428
 40
0.2857142857142857
 40
0.2857142857142857
 40
0.2857142857142857
 40
0.2857142957142857
 40
0.428571428571429
 40
0.428571428571429
 40
0.428571428571429
 40
0.4285714385714289
 40
0.5714285714285714
 40
0.5714285714285714
 40
0.5714285714285714
 40
0.5714285814285715
 40
0.7142857142857145
 40
0.7142857142857145
 40
0.7142857142857145
 40
0.7142857242857146
 40
1.0
 40
1.0
 40
1.0
 40
1.0
 10
1057.674970983581
 20
996.714489848858
 30
0.0
 10
1057.674970983581
 20
996.714489848858
 30
0.0
 10
1057.877906871039
 20
996.714489848858
 30
0.0
 10
1057.877906871039
 20
996.714489848858
 30
0.0
 10
1057.877906871039
 20
996.714489848858
 30
0.0
 10
1057.877906871039
 20
996.8262631306163
 30
0.0
 10
1057.786744265347
 20
996.9174257363059
 30
0.0
 10
1057.674970983581
 20
996.9174257363059
 30
0.0
 10
1057.674970983581
 20
996.9174257363059
 30
0.0
 10
1057.562801342664
 20
996.9174257363059
 30
0.0
 10
1057.471638736973
 20
996.8262631306163
 30
0.0
 10
1057.471638736973
 20
996.714489848858
 30
0.0
 10
1057.471638736973
 20
996.714489848858
 30
0.0
 10
1057.471638736973
 20
996.6023202079442
 30
0.0
 10
1057.562801342664
 20
996.5111576022549
 30
0.0
 10
1057.674970983581
 20
996.5111576022549
 30
0.0
 10
1057.674970983581
 20
996.5111576022549
 30
0.0
 10
1057.786744265347
 20
996.5111576022549
 30
0.0
 10
1057.877906871039
 20
996.6023202079442
 30
0.0
 10
1057.877906871039
 20
996.714489848858
 30
0.0
 10
1057.877906871039
 20
996.714489848858
 30
0.0
 10
1057.877906871039
 20
996.714489848858
 30
0.0
 10
1057.674970983581
 20
996.714489848858
 30
0.0
 10
1057.674970983581
 20
996.714489848858
 30
0.0
  0
SPLINE
  5
8B8
330
1F
100
AcDbEntity
  8
ºöåçæÄ
100
AcDbSpline
210
0.0
220
0.0
230
0.0
 70
    24
 71
     3
 72
     8
 73
     4
 74
     0
 42
0.000000001
 43
0.0000000001
 40
0.0
 40
0.0
 40
0.0
 40
0.0
 40
1.0
 40
1.0
 40
1.0
 40
1.0
 10
1058.225513850116
 20
997.2654290745479
 30
0.0
 10
1058.225513850116
 20
997.2654290745479
 30
0.0
 10
1060.985362647584
 20
1000.025277872016
 30
0.0
 10
1060.985362647584
 20
1000.025277872016
 30
0.0
  0
SPLINE
  5
8B9
330
1F
100
AcDbEntity
  8
ºöåçæÄ
100
AcDbSpline
210
0.0
220
0.0
230
1.0
 70
    11
 71
     3
 72
    28
 73
    24
 74
     0
 42
0.000000001
 43
0.0000000001
 40
0.0
 40
0.0
 40
0.0
 40
0.0
 40
0.1428571428571428
 40
0.1428571428571428
 40
0.1428571428571428
 40
0.1428571528571428
 40
0.2857142857142857
 40
0.2857142857142857
 40
0.2857142857142857
 40
0.2857142957142857
 40
0.428571428571429
 40
0.428571428571429
 40
0.428571428571429
 40
0.4285714385714289
 40
0.5714285714285714
 40
0.5714285714285714
 40
0.5714285714285714
 40
0.5714285814285715
 40
0.7142857142857145
 40
0.7142857142857145
 40
0.7142857142857145
 40
0.7142857242857146
 40
1.0
 40
1.0
 40
1.0
 40
1.0
 10
1061.538680028202
 20
1000.57859525264
 30
0.0
 10
1061.538680028202
 20
1000.57859525264
 30
0.0
 10
1061.741615915659
 20
1000.57859525264
 30
0.0
 10
1061.741615915659
 20
1000.57859525264
 30
0.0
 10
1061.741615915659
 20
1000.57859525264
 30
0.0
 10
1061.741615915659
 20
1000.689972175242
 30
0.0
 10
1061.650453309961
 20
1000.781531140087
 30
0.0
 10
1061.538680028202
 20
1000.781531140087
 30
0.0
 10
1061.538680028202
 20
1000.781531140087
 30
0.0
 10
1061.426510387292
 20
1000.781531140087
 30
0.0
 10
1061.335347781608
 20
1000.689972175242
 30
0.0
 10
1061.335347781608
 20
1000.57859525264
 30
0.0
 10
1061.335347781608
 20
1000.57859525264
 30
0.0
 10
1061.335347781608
 20
1000.466029252569
 30
0.0
 10
1061.426510387292
 20
1000.374866646879
 30
0.0
 10
1061.538680028202
 20
1000.374866646879
 30
0.0
 10
1061.538680028202
 20
1000.374866646879
 30
0.0
 10
1061.650453309961
 20
1000.374866646879
 30
0.0
 10
1061.741615915659
 20
1000.466029252569
 30
0.0
 10
1061.741615915659
 20
1000.57859525264
 30
0.0
 10
1061.741615915659
 20
1000.57859525264
 30
0.0
 10
1061.741615915659
 20
1000.57859525264
 30
0.0
 10
1061.538680028202
 20
1000.57859525264
 30
0.0
 10
1061.538680028202
 20
1000.57859525264
 30
0.0
  0
SPLINE
  5
8BA
330
1F
100
AcDbEntity
  8
ºöåçæÄ
100
AcDbSpline
210
0.0
220
0.0
230
0.0
 70
    24
 71
     3
 72
     8
 73
     4
 74
     0
 42
0.000000001
 43
0.0000000001
 40
0.0
 40
0.0
 40
0.0
 40
0.0
 40
1.0
 40
1.0
 40
1.0
 40
1.0
 10
1062.090411972206
 20
1001.129138119174
 30
0.0
 10
1062.090411972206
 20
1001.129138119174
 30
0.0
 10
1063.340528747623
 20
1002.380443972054
 30
0.0
 10
1063.340528747623
 20
1002.380443972054
 30
0.0
  0
SPLINE
  5
8BB
330
1F
100
AcDbEntity
  8
ºöåçæÄ
100
AcDbSpline
210
0.0
220
0.0
230
0.0
 70
    24
 71
     3
 72
     8
 73
     4
 74
     0
 42
0.000000001
 43
0.0000000001
 40
0.0
 40
0.0
 40
0.0
 40
0.0
 40
1.0
 40
1.0
 40
1.0
 40
1.0
 10
1055.677320841506
 20
992.5099119307843
 30
0.0
 10
1055.677320841506
 20
992.5099119307843
 30
0.0
 10
1056.294452046113
 20
993.1270431353889
 30
0.0
 10
1056.294452046113
 20
993.1270431353889
 30
0.0
  0
SPLINE
  5
8BC
330
1F
100
AcDbEntity
  8
ºöåçæÄ
100
AcDbSpline
210
0.0
220
0.0
230
1.0
 70
    11
 71
     3
 72
    28
 73
    24
 74
     0
 42
0.000000001
 43
0.0000000001
 40
0.0
 40
0.0
 40
0.0
 40
0.0
 40
0.1428571428571428
 40
0.1428571428571428
 40
0.1428571428571428
 40
0.1428571528571428
 40
0.2857142857142857
 40
0.2857142857142857
 40
0.2857142857142857
 40
0.2857142957142857
 40
0.428571428571429
 40
0.428571428571429
 40
0.428571428571429
 40
0.4285714385714289
 40
0.5714285714285714
 40
0.5714285714285714
 40
0.5714285714285714
 40
0.5714285814285715
 40
0.7142857142857145
 40
0.7142857142857145
 40
0.7142857142857145
 40
0.7142857242857146
 40
1.0
 40
1.0
 40
1.0
 40
1.0
 10
1056.846183990117
 20
993.6779823610788
 30
0.0
 10
1056.846183990117
 20
993.6779823610788
 30
0.0
 10
1057.049119877566
 20
993.6779823610788
 30
0.0
 10
1057.049119877566
 20
993.6779823610788
 30
0.0
 10
1057.049119877566
 20
993.6779823610788
 30
0.0
 10
1057.049119877566
 20
993.7901520019924
 30
0.0
 10
1056.957957271882
 20
993.8813146076821
 30
0.0
 10
1056.846183990117
 20
993.8813146076821
 30
0.0
 10
1056.846183990117
 20
993.8813146076821
 30
0.0
 10
1056.734014349199
 20
993.8813146076821
 30
0.0
 10
1056.642851743523
 20
993.7901520019924
 30
0.0
 10
1056.642851743523
 20
993.6779823610788
 30
0.0
 10
1056.642851743523
 20
993.6779823610788
 30
0.0
 10
1056.642851743523
 20
993.5662090793224
 30
0.0
 10
1056.734014349199
 20
993.4750464736307
 30
0.0
 10
1056.846183990117
 20
993.4750464736307
 30
0.0
 10
1056.846183990117
 20
993.4750464736307
 30
0.0
 10
1056.957957271882
 20
993.4750464736307
 30
0.0
 10
1057.049119877566
 20
993.5662090793224
 30
0.0
 10
1057.049119877566
 20
993.6779823610788
 30
0.0
 10
1057.049119877566
 20
993.6779823610788
 30
0.0
 10
1057.049119877566
 20
993.6779823610788
 30
0.0
 10
1056.846183990117
 20
993.6779823610788
 30
0.0
 10
1056.846183990117
 20
993.6779823610788
 30
0.0
  0
SPLINE
  5
8BD
330
1F
100
AcDbEntity
  8
ºöåçæÄ
100
AcDbSpline
210
0.0
220
0.0
230
0.0
 70
    24
 71
     3
 72
     8
 73
     4
 74
     0
 42
0.000000001
 43
0.0000000001
 40
0.0
 40
0.0
 40
0.0
 40
0.0
 40
1.0
 40
1.0
 40
1.0
 40
1.0
 10
1057.39831229328
 20
994.2309033825452
 30
0.0
 10
1057.39831229328
 20
994.2309033825452
 30
0.0
 10
1060.158161090741
 20
996.9907521800134
 30
0.0
 10
1060.158161090741
 20
996.9907521800134
 30
0.0
  0
SPLINE
  5
8BE
330
1F
100
AcDbEntity
  8
ºöåçæÄ
100
AcDbSpline
210
0.0
220
0.0
230
1.0
 70
    11
 71
     3
 72
    28
 73
    24
 74
     0
 42
0.000000001
 43
0.0000000001
 40
0.0
 40
0.0
 40
0.0
 40
0.0
 40
0.1428571428571428
 40
0.1428571428571428
 40
0.1428571428571428
 40
0.1428571528571428
 40
0.2857142857142857
 40
0.2857142857142857
 40
0.2857142857142857
 40
0.2857142957142857
 40
0.428571428571429
 40
0.428571428571429
 40
0.428571428571429
 40
0.4285714385714289
 40
0.5714285714285714
 40
0.5714285714285714
 40
0.5714285714285714
 40
0.5714285814285715
 40
0.7142857142857145
 40
0.7142857142857145
 40
0.7142857142857145
 40
0.7142857242857146
 40
1.0
 40
1.0
 40
1.0
 40
1.0
 10
1060.711082112207
 20
997.5416914057033
 30
0.0
 10
1060.711082112207
 20
997.5416914057033
 30
0.0
 10
1060.914414358816
 20
997.5416914057033
 30
0.0
 10
1060.914414358816
 20
997.5416914057033
 30
0.0
 10
1060.914414358816
 20
997.5416914057033
 30
0.0
 10
1060.914414358816
 20
997.6538610466187
 30
0.0
 10
1060.823251753125
 20
997.74502365231
 30
0.0
 10
1060.711082112207
 20
997.74502365231
 30
0.0
 10
1060.711082112207
 20
997.74502365231
 30
0.0
 10
1060.599308830449
 20
997.74502365231
 30
0.0
 10
1060.507749865606
 20
997.6538610466187
 30
0.0
 10
1060.507749865606
 20
997.5416914057033
 30
0.0
 10
1060.507749865606
 20
997.5416914057033
 30
0.0
 10
1060.507749865606
 20
997.429918123945
 30
0.0
 10
1060.599308830449
 20
997.3387555182553
 30
0.0
 10
1060.711082112207
 20
997.3387555182553
 30
0.0
 10
1060.711082112207
 20
997.3387555182553
 30
0.0
 10
1060.823251753125
 20
997.3387555182553
 30
0.0
 10
1060.914414358816
 20
997.429918123945
 30
0.0
 10
1060.914414358816
 20
997.5416914057033
 30
0.0
 10
1060.914414358816
 20
997.5416914057033
 30
0.0
 10
1060.914414358816
 20
997.5416914057033
 30
0.0
 10
1060.711082112207
 20
997.5416914057033
 30
0.0
 10
1060.711082112207
 20
997.5416914057033
 30
0.0
  0
SPLINE
  5
8BF
330
1F
100
AcDbEntity
  8
ºöåçæÄ
100
AcDbSpline
210
0.0
220
0.0
230
0.0
 70
    24
 71
     3
 72
     8
 73
     4
 74
     0
 42
0.000000001
 43
0.0000000001
 40
0.0
 40
0.0
 40
0.0
 40
0.0
 40
1.0
 40
1.0
 40
1.0
 40
1.0
 10
1061.261624978742
 20
998.0942160680164
 30
0.0
 10
1061.261624978742
 20
998.0942160680164
 30
0.0
 10
1064.02147377621
 20
1000.854064865484
 30
0.0
 10
1064.02147377621
 20
1000.854064865484
 30
0.0
  0
SPLINE
  5
8C0
330
1F
100
AcDbEntity
  8
ºöåçæÄ
100
AcDbSpline
210
0.0
220
0.0
230
1.0
 70
    11
 71
     3
 72
    28
 73
    24
 74
     0
 42
0.000000001
 43
0.0000000001
 40
0.0
 40
0.0
 40
0.0
 40
0.0
 40
0.1428571428571428
 40
0.1428571428571428
 40
0.1428571428571428
 40
0.1428571528571428
 40
0.2857142857142857
 40
0.2857142857142857
 40
0.2857142857142857
 40
0.2857142957142857
 40
0.428571428571429
 40
0.428571428571429
 40
0.428571428571429
 40
0.4285714385714289
 40
0.5714285714285714
 40
0.5714285714285714
 40
0.5714285714285714
 40
0.5714285814285715
 40
0.7142857142857145
 40
0.7142857142857145
 40
0.7142857142857145
 40
0.7142857242857146
 40
1.0
 40
1.0
 40
1.0
 40
1.0
 10
1064.572809361055
 20
1001.405004091172
 30
0.0
 10
1064.572809361055
 20
1001.405004091172
 30
0.0
 10
1064.776141607657
 20
1001.405004091172
 30
0.0
 10
1064.776141607657
 20
1001.405004091172
 30
0.0
 10
1064.776141607657
 20
1001.405004091172
 30
0.0
 10
1064.776141607657
 20
1001.517173732088
 30
0.0
 10
1064.684979001965
 20
1001.608336337776
 30
0.0
 10
1064.572809361055
 20
1001.608336337776
 30
0.0
 10
1064.572809361055
 20
1001.608336337776
 30
0.0
 10
1064.461036079304
 20
1001.608336337776
 30
0.0
 10
1064.369873473606
 20
1001.517173732088
 30
0.0
 10
1064.369873473606
 20
1001.405004091172
 30
0.0
 10
1064.369873473606
 20
1001.405004091172
 30
0.0
 10
1064.369873473606
 20
1001.293230809416
 30
0.0
 10
1064.461036079304
 20
1001.201671844569
 30
0.0
 10
1064.572809361055
 20
1001.201671844569
 30
0.0
 10
1064.572809361055
 20
1001.201671844569
 30
0.0
 10
1064.684979001965
 20
1001.201671844569
 30
0.0
 10
1064.776141607657
 20
1001.293230809416
 30
0.0
 10
1064.776141607657
 20
1001.405004091172
 30
0.0
 10
1064.776141607657
 20
1001.405004091172
 30
0.0
 10
1064.776141607657
 20
1001.405004091172
 30
0.0
 10
1064.572809361055
 20
1001.405004091172
 30
0.0
 10
1064.572809361055
 20
1001.405004091172
 30
0.0
  0
SPLINE
  5
8C1
330
1F
100
AcDbEntity
  8
ºöåçæÄ
100
AcDbSpline
210
0.0
220
0.0
230
0.0
 70
    24
 71
     3
 72
     8
 73
     4
 74
     0
 42
0.000000001
 43
0.0000000001
 40
0.0
 40
0.0
 40
0.0
 40
0.0
 40
1.0
 40
1.0
 40
1.0
 40
1.0
 10
1065.125334023363
 20
1001.957925112641
 30
0.0
 10
1065.125334023363
 20
1001.957925112641
 30
0.0
 10
1065.547852882784
 20
1002.380443972054
 30
0.0
 10
1065.547852882784
 20
1002.380443972054
 30
0.0
  0
SPLINE
  5
8C2
330
1F
100
AcDbEntity
  8
ºöåçæÄ
100
AcDbSpline
210
0.0
220
0.0
230
0.0
 70
    24
 71
     3
 72
     8
 73
     4
 74
     0
 42
0.000000001
 43
0.0000000001
 40
0.0
 40
0.0
 40
0.0
 40
0.0
 40
1.0
 40
1.0
 40
1.0
 40
1.0
 10
1057.884248617516
 20
992.5099119307843
 30
0.0
 10
1057.884248617516
 20
992.5099119307843
 30
0.0
 10
1059.33095953389
 20
993.9546410513896
 30
0.0
 10
1059.33095953389
 20
993.9546410513896
 30
0.0
  0
SPLINE
  5
8C3
330
1F
100
AcDbEntity
  8
ºöåçæÄ
100
AcDbSpline
210
0.0
220
0.0
230
1.0
 70
    11
 71
     3
 72
    28
 73
    24
 74
     0
 42
0.000000001
 43
0.0000000001
 40
0.0
 40
0.0
 40
0.0
 40
0.0
 40
0.1428571428571428
 40
0.1428571428571428
 40
0.1428571428571428
 40
0.1428571528571428
 40
0.2857142857142857
 40
0.2857142857142857
 40
0.2857142857142857
 40
0.2857142957142857
 40
0.428571428571429
 40
0.428571428571429
 40
0.428571428571429
 40
0.4285714385714289
 40
0.5714285714285714
 40
0.5714285714285714
 40
0.5714285714285714
 40
0.5714285814285715
 40
0.7142857142857145
 40
0.7142857142857145
 40
0.7142857142857145
 40
0.7142857242857146
 40
1.0
 40
1.0
 40
1.0
 40
1.0
 10
1059.882295118742
 20
994.5071657136988
 30
0.0
 10
1059.882295118742
 20
994.5071657136988
 30
0.0
 10
1060.085627365336
 20
994.5071657136988
 30
0.0
 10
1060.085627365336
 20
994.5071657136988
 30
0.0
 10
1060.085627365336
 20
994.5071657136988
 30
0.0
 10
1060.085627365336
 20
994.6189389954593
 30
0.0
 10
1059.994068400501
 20
994.7101016011503
 30
0.0
 10
1059.882295118742
 20
994.7101016011503
 30
0.0
 10
1059.882295118742
 20
994.7101016011503
 30
0.0
 10
1059.770125477832
 20
994.7101016011503
 30
0.0
 10
1059.678962872134
 20
994.6189389954593
 30
0.0
 10
1059.678962872134
 20
994.5071657136988
 30
0.0
 10
1059.678962872134
 20
994.5071657136988
 30
0.0
 10
1059.678962872134
 20
994.394996072787
 30
0.0
 10
1059.770125477832
 20
994.3038334670973
 30
0.0
 10
1059.882295118742
 20
994.3038334670973
 30
0.0
 10
1059.882295118742
 20
994.3038334670973
 30
0.0
 10
1059.994068400501
 20
994.3038334670973
 30
0.0
 10
1060.085627365336
 20
994.394996072787
 30
0.0
 10
1060.085627365336
 20
994.5071657136988
 30
0.0
 10
1060.085627365336
 20
994.5071657136988
 30
0.0
 10
1060.085627365336
 20
994.5071657136988
 30
0.0
 10
1059.882295118742
 20
994.5071657136988
 30
0.0
 10
1059.882295118742
 20
994.5071657136988
 30
0.0
  0
SPLINE
  5
8C4
330
1F
100
AcDbEntity
  8
ºöåçæÄ
100
AcDbSpline
210
0.0
220
0.0
230
0.0
 70
    24
 71
     3
 72
     8
 73
     4
 74
     0
 42
0.000000001
 43
0.0000000001
 40
0.0
 40
0.0
 40
0.0
 40
0.0
 40
1.0
 40
1.0
 40
1.0
 40
1.0
 10
1060.434027062739
 20
995.0581049393907
 30
0.0
 10
1060.434027062739
 20
995.0581049393907
 30
0.0
 10
1063.194272219359
 20
997.8179537368587
 30
0.0
 10
1063.194272219359
 20
997.8179537368587
 30
0.0
  0
SPLINE
  5
8C5
330
1F
100
AcDbEntity
  8
ºöåçæÄ
100
AcDbSpline
210
0.0
220
0.0
230
1.0
 70
    11
 71
     3
 72
    28
 73
    24
 74
     0
 42
0.000000001
 43
0.0000000001
 40
0.0
 40
0.0
 40
0.0
 40
0.0
 40
0.1428571428571428
 40
0.1428571428571428
 40
0.1428571428571428
 40
0.1428571528571428
 40
0.2857142857142857
 40
0.2857142857142857
 40
0.2857142857142857
 40
0.2857142957142857
 40
0.428571428571429
 40
0.428571428571429
 40
0.428571428571429
 40
0.4285714385714289
 40
0.5714285714285714
 40
0.5714285714285714
 40
0.5714285714285714
 40
0.5714285814285715
 40
0.7142857142857145
 40
0.7142857142857145
 40
0.7142857142857145
 40
0.7142857242857146
 40
1.0
 40
1.0
 40
1.0
 40
1.0
 10
1063.745607804212
 20
998.3688929625508
 30
0.0
 10
1063.745607804212
 20
998.3688929625508
 30
0.0
 10
1063.948543691654
 20
998.3688929625508
 30
0.0
 10
1063.948543691654
 20
998.3688929625508
 30
0.0
 10
1063.948543691654
 20
998.3688929625508
 30
0.0
 10
1063.948543691654
 20
998.4806662443091
 30
0.0
 10
1063.85738108597
 20
998.5718288499986
 30
0.0
 10
1063.745607804212
 20
998.5718288499986
 30
0.0
 10
1063.745607804212
 20
998.5718288499986
 30
0.0
 10
1063.633438163302
 20
998.5718288499986
 30
0.0
 10
1063.542275557603
 20
998.4806662443091
 30
0.0
 10
1063.542275557603
 20
998.3688929625508
 30
0.0
 10
1063.542275557603
 20
998.3688929625508
 30
0.0
 10
1063.542275557603
 20
998.2567233216352
 30
0.0
 10
1063.633438163302
 20
998.1655607159456
 30
0.0
 10
1063.745607804212
 20
998.1655607159456
 30
0.0
 10
1063.745607804212
 20
998.1655607159456
 30
0.0
 10
1063.85738108597
 20
998.1655607159456
 30
0.0
 10
1063.948543691654
 20
998.2567233216352
 30
0.0
 10
1063.948543691654
 20
998.3688929625508
 30
0.0
 10
1063.948543691654
 20
998.3688929625508
 30
0.0
 10
1063.948543691654
 20
998.3688929625508
 30
0.0
 10
1063.745607804212
 20
998.3688929625508
 30
0.0
 10
1063.745607804212
 20
998.3688929625508
 30
0.0
  0
SPLINE
  5
8C6
330
1F
100
AcDbEntity
  8
ºöåçæÄ
100
AcDbSpline
210
0.0
220
0.0
230
0.0
 70
    24
 71
     3
 72
     8
 73
     4
 74
     0
 42
0.000000001
 43
0.0000000001
 40
0.0
 40
0.0
 40
0.0
 40
0.0
 40
1.0
 40
1.0
 40
1.0
 40
1.0
 10
1064.296150670746
 20
998.9218139840152
 30
0.0
 10
1064.296150670746
 20
998.9218139840152
 30
0.0
 10
1067.056395827366
 20
1001.681662781487
 30
0.0
 10
1067.056395827366
 20
1001.681662781487
 30
0.0
  0
SPLINE
  5
8C7
330
1F
100
AcDbEntity
  8
ºöåçæÄ
100
AcDbSpline
210
0.0
220
0.0
230
1.0
 70
    11
 71
     3
 72
    28
 73
    24
 74
     0
 42
0.000000001
 43
0.0000000001
 40
0.0
 40
0.0
 40
0.0
 40
0.0
 40
0.1428571428571428
 40
0.1428571428571428
 40
0.1428571428571428
 40
0.1428571528571428
 40
0.2857142857142857
 40
0.2857142857142857
 40
0.2857142857142857
 40
0.2857142957142857
 40
0.428571428571429
 40
0.428571428571429
 40
0.428571428571429
 40
0.4285714385714289
 40
0.5714285714285714
 40
0.5714285714285714
 40
0.5714285714285714
 40
0.5714285814285715
 40
0.7142857142857145
 40
0.7142857142857145
 40
0.7142857142857145
 40
0.7142857242857146
 40
1.0
 40
1.0
 40
1.0
 40
1.0
 10
1067.609316848833
 20
1002.233791084641
 30
0.0
 10
1067.609316848833
 20
1002.233791084641
 30
0.0
 10
1067.812252736282
 20
1002.233791084641
 30
0.0
 10
1067.812252736282
 20
1002.233791084641
 30
0.0
 10
1067.812252736282
 20
1002.233791084641
 30
0.0
 10
1067.812252736282
 20
1002.345960725556
 30
0.0
 10
1067.721090130591
 20
1002.437123331244
 30
0.0
 10
1067.609316848833
 20
1002.437123331244
 30
0.0
 10
1067.609316848833
 20
1002.437123331244
 30
0.0
 10
1067.497147207923
 20
1002.437123331244
 30
0.0
 10
1067.405984602239
 20
1002.345960725556
 30
0.0
 10
1067.405984602239
 20
1002.233791084641
 30
0.0
 10
1067.405984602239
 20
1002.233791084641
 30
0.0
 10
1067.405984602239
 20
1002.122017802881
 30
0.0
 10
1067.497147207923
 20
1002.030855197193
 30
0.0
 10
1067.609316848833
 20
1002.030855197193
 30
0.0
 10
1067.609316848833
 20
1002.030855197193
 30
0.0
 10
1067.721090130591
 20
1002.030855197193
 30
0.0
 10
1067.812252736282
 20
1002.122017802881
 30
0.0
 10
1067.812252736282
 20
1002.233791084641
 30
0.0
 10
1067.812252736282
 20
1002.233791084641
 30
0.0
 10
1067.812252736282
 20
1002.233791084641
 30
0.0
 10
1067.609316848833
 20
1002.233791084641
 30
0.0
 10
1067.609316848833
 20
1002.233791084641
 30
0.0
  0
SPLINE
  5
8C8
330
1F
100
AcDbEntity
  8
ºöåçæÄ
100
AcDbSpline
210
0.0
220
0.0
230
0.0
 70
    24
 71
     3
 72
     8
 73
     4
 74
     0
 42
0.000000001
 43
0.0000000001
 40
0.0
 40
0.0
 40
0.0
 40
0.0
 40
1.0
 40
1.0
 40
1.0
 40
1.0
 10
1060.093158189283
 20
992.5099119307843
 30
0.0
 10
1060.093158189283
 20
992.5099119307843
 30
0.0
 10
1062.365088866735
 20
994.7834280448544
 30
0.0
 10
1062.365088866735
 20
994.7834280448544
 30
0.0
  0
SPLINE
  5
8C9
330
1F
100
AcDbEntity
  8
ºöåçæÄ
100
AcDbSpline
210
0.0
220
0.0
230
1.0
 70
    11
 71
     3
 72
    28
 73
    24
 74
     0
 42
0.000000001
 43
0.0000000001
 40
0.0
 40
0.0
 40
0.0
 40
0.0
 40
0.1428571428571428
 40
0.1428571428571428
 40
0.1428571428571428
 40
0.1428571528571428
 40
0.2857142857142857
 40
0.2857142857142857
 40
0.2857142857142857
 40
0.2857142957142857
 40
0.428571428571429
 40
0.428571428571429
 40
0.428571428571429
 40
0.4285714385714289
 40
0.5714285714285714
 40
0.5714285714285714
 40
0.5714285714285714
 40
0.5714285814285715
 40
0.7142857142857145
 40
0.7142857142857145
 40
0.7142857142857145
 40
0.7142857242857146
 40
1.0
 40
1.0
 40
1.0
 40
1.0
 10
1062.918406247361
 20
995.3343672705479
 30
0.0
 10
1062.918406247361
 20
995.3343672705479
 30
0.0
 10
1063.121738493969
 20
995.3343672705479
 30
0.0
 10
1063.121738493969
 20
995.3343672705479
 30
0.0
 10
1063.121738493969
 20
995.3343672705479
 30
0.0
 10
1063.121738493969
 20
995.4465369114579
 30
0.0
 10
1063.030575888278
 20
995.5376995171492
 30
0.0
 10
1062.918406247361
 20
995.5376995171492
 30
0.0
 10
1062.918406247361
 20
995.5376995171492
 30
0.0
 10
1062.806632965602
 20
995.5376995171492
 30
0.0
 10
1062.715470359911
 20
995.4465369114579
 30
0.0
 10
1062.715470359911
 20
995.3343672705479
 30
0.0
 10
1062.715470359911
 20
995.3343672705479
 30
0.0
 10
1062.715470359911
 20
995.2225939887878
 30
0.0
 10
1062.806632965602
 20
995.1314313830962
 30
0.0
 10
1062.918406247361
 20
995.1314313830962
 30
0.0
 10
1062.918406247361
 20
995.1314313830962
 30
0.0
 10
1063.030575888278
 20
995.1314313830962
 30
0.0
 10
1063.121738493969
 20
995.2225939887878
 30
0.0
 10
1063.121738493969
 20
995.3343672705479
 30
0.0
 10
1063.121738493969
 20
995.3343672705479
 30
0.0
 10
1063.121738493969
 20
995.3343672705479
 30
0.0
 10
1062.918406247361
 20
995.3343672705479
 30
0.0
 10
1062.918406247361
 20
995.3343672705479
 30
0.0
  0
SPLINE
  5
8CA
330
1F
100
AcDbEntity
  8
ºöåçæÄ
100
AcDbSpline
210
0.0
220
0.0
230
0.0
 70
    24
 71
     3
 72
     8
 73
     4
 74
     0
 42
0.000000001
 43
0.0000000001
 40
0.0
 40
0.0
 40
0.0
 40
0.0
 40
1.0
 40
1.0
 40
1.0
 40
1.0
 10
1063.468949113896
 20
995.8868919328551
 30
0.0
 10
1063.468949113896
 20
995.8868919328551
 30
0.0
 10
1066.228797911371
 20
998.6451552937062
 30
0.0
 10
1066.228797911371
 20
998.6451552937062
 30
0.0
  0
SPLINE
  5
8CB
330
1F
100
AcDbEntity
  8
ºöåçæÄ
100
AcDbSpline
210
0.0
220
0.0
230
1.0
 70
    11
 71
     3
 72
    28
 73
    24
 74
     0
 42
0.000000001
 43
0.0000000001
 40
0.0
 40
0.0
 40
0.0
 40
0.0
 40
0.1428571428571428
 40
0.1428571428571428
 40
0.1428571428571428
 40
0.1428571528571428
 40
0.2857142857142857
 40
0.2857142857142857
 40
0.2857142857142857
 40
0.2857142957142857
 40
0.428571428571429
 40
0.428571428571429
 40
0.428571428571429
 40
0.4285714385714289
 40
0.5714285714285714
 40
0.5714285714285714
 40
0.5714285714285714
 40
0.5714285814285715
 40
0.7142857142857145
 40
0.7142857142857145
 40
0.7142857142857145
 40
0.7142857242857146
 40
1.0
 40
1.0
 40
1.0
 40
1.0
 10
1066.781718932837
 20
999.1980763151726
 30
0.0
 10
1066.781718932837
 20
999.1980763151726
 30
0.0
 10
1066.985051179439
 20
999.1980763151726
 30
0.0
 10
1066.985051179439
 20
999.1980763151726
 30
0.0
 10
1066.985051179439
 20
999.1980763151726
 30
0.0
 10
1066.985051179439
 20
999.3102459560862
 30
0.0
 10
1066.893492214596
 20
999.4014085617758
 30
0.0
 10
1066.781718932837
 20
999.4014085617758
 30
0.0
 10
1066.781718932837
 20
999.4014085617758
 30
0.0
 10
1066.66954929192
 20
999.4014085617758
 30
0.0
 10
1066.578386686236
 20
999.3102459560862
 30
0.0
 10
1066.578386686236
 20
999.1980763151726
 30
0.0
 10
1066.578386686236
 20
999.1980763151726
 30
0.0
 10
1066.578386686236
 20
999.0863030334123
 30
0.0
 10
1066.66954929192
 20
998.9951404277228
 30
0.0
 10
1066.781718932837
 20
998.9951404277228
 30
0.0
 10
1066.781718932837
 20
998.9951404277228
 30
0.0
 10
1066.893492214596
 20
998.9951404277228
 30
0.0
 10
1066.985051179439
 20
999.0863030334123
 30
0.0
 10
1066.985051179439
 20
999.1980763151726
 30
0.0
 10
1066.985051179439
 20
999.1980763151726
 30
0.0
 10
1066.985051179439
 20
999.1980763151726
 30
0.0
 10
1066.781718932837
 20
999.1980763151726
 30
0.0
 10
1066.781718932837
 20
999.1980763151726
 30
0.0
  0
SPLINE
  5
8CC
330
1F
100
AcDbEntity
  8
ºöåçæÄ
100
AcDbSpline
210
0.0
220
0.0
230
0.0
 70
    24
 71
     3
 72
     8
 73
     4
 74
     0
 42
0.000000001
 43
0.0000000001
 40
0.0
 40
0.0
 40
0.0
 40
0.0
 40
1.0
 40
1.0
 40
1.0
 40
1.0
 10
1067.332261799372
 20
999.7490155408623
 30
0.0
 10
1067.332261799372
 20
999.7490155408623
 30
0.0
 10
1069.962104793939
 20
1002.380443972054
 30
0.0
 10
1069.962104793939
 20
1002.380443972054
 30
0.0
  0
SPLINE
  5
8CD
330
1F
100
AcDbEntity
  8
ºöåçæÄ
100
AcDbSpline
210
0.0
220
0.0
230
1.0
 70
    11
 71
     3
 72
    28
 73
    24
 74
     0
 42
0.000000001
 43
0.0000000001
 40
0.0
 40
0.0
 40
0.0
 40
0.0
 40
0.1428571428571428
 40
0.1428571428571428
 40
0.1428571428571428
 40
0.1428571528571428
 40
0.2857142857142857
 40
0.2857142857142857
 40
0.2857142857142857
 40
0.2857142957142857
 40
0.428571428571429
 40
0.428571428571429
 40
0.428571428571429
 40
0.4285714385714289
 40
0.5714285714285714
 40
0.5714285714285714
 40
0.5714285714285714
 40
0.5714285814285715
 40
0.7142857142857145
 40
0.7142857142857145
 40
0.7142857142857145
 40
0.7142857242857146
 40
1.0
 40
1.0
 40
1.0
 40
1.0
 10
1062.300482324451
 20
992.5099119307843
 30
0.0
 10
1062.300482324451
 20
992.5099119307843
 30
0.0
 10
1062.503814571053
 20
992.5099119307843
 30
0.0
 10
1062.503814571053
 20
992.5099119307843
 30
0.0
 10
1062.503814571053
 20
992.5099119307843
 30
0.0
 10
1062.503814571053
 20
992.6216852125428
 30
0.0
 10
1062.412651965361
 20
992.7128478182323
 30
0.0
 10
1062.300482324451
 20
992.7128478182323
 30
0.0
 10
1062.300482324451
 20
992.7128478182323
 30
0.0
 10
1062.1887090427
 20
992.7128478182323
 30
0.0
 10
1062.097546436994
 20
992.6216852125428
 30
0.0
 10
1062.097546436994
 20
992.5099119307843
 30
0.0
 10
1062.097546436994
 20
992.5099119307843
 30
0.0
 10
1062.097546436994
 20
992.3977422898706
 30
0.0
 10
1062.1887090427
 20
992.3065796841811
 30
0.0
 10
1062.300482324451
 20
992.3065796841811
 30
0.0
 10
1062.300482324451
 20
992.3065796841811
 30
0.0
 10
1062.412651965361
 20
992.3065796841811
 30
0.0
 10
1062.503814571053
 20
992.3977422898706
 30
0.0
 10
1062.503814571053
 20
992.5099119307843
 30
0.0
 10
1062.503814571053
 20
992.5099119307843
 30
0.0
 10
1062.503814571053
 20
992.5099119307843
 30
0.0
 10
1062.300482324451
 20
992.5099119307843
 30
0.0
 10
1062.300482324451
 20
992.5099119307843
 30
0.0
  0
SPLINE
  5
8CE
330
1F
100
AcDbEntity
  8
ºöåçæÄ
100
AcDbSpline
210
0.0
220
0.0
230
0.0
 70
    24
 71
     3
 72
     8
 73
     4
 74
     0
 42
0.000000001
 43
0.0000000001
 40
0.0
 40
0.0
 40
0.0
 40
0.0
 40
1.0
 40
1.0
 40
1.0
 40
1.0
 10
1062.641747557059
 20
992.8511771633887
 30
0.0
 10
1062.641747557059
 20
992.8511771633887
 30
0.0
 10
1065.401199995376
 20
995.6110259608568
 30
0.0
 10
1065.401199995376
 20
995.6110259608568
 30
0.0
  0
SPLINE
  5
8CF
330
1F
100
AcDbEntity
  8
ºöåçæÄ
100
AcDbSpline
210
0.0
220
0.0
230
1.0
 70
    11
 71
     3
 72
    28
 73
    24
 74
     0
 42
0.000000001
 43
0.0000000001
 40
0.0
 40
0.0
 40
0.0
 40
0.0
 40
0.1428571428571428
 40
0.1428571428571428
 40
0.1428571428571428
 40
0.1428571528571428
 40
0.2857142857142857
 40
0.2857142857142857
 40
0.2857142857142857
 40
0.2857142957142857
 40
0.428571428571429
 40
0.428571428571429
 40
0.428571428571429
 40
0.4285714385714289
 40
0.5714285714285714
 40
0.5714285714285714
 40
0.5714285714285714
 40
0.5714285814285715
 40
0.7142857142857145
 40
0.7142857142857145
 40
0.7142857142857145
 40
0.7142857242857146
 40
1.0
 40
1.0
 40
1.0
 40
1.0
 10
1065.952931939373
 20
996.1619651865468
 30
0.0
 10
1065.952931939373
 20
996.1619651865468
 30
0.0
 10
1066.155867826808
 20
996.1619651865468
 30
0.0
 10
1066.155867826808
 20
996.1619651865468
 30
0.0
 10
1066.155867826808
 20
996.1619651865468
 30
0.0
 10
1066.155867826808
 20
996.2737384683052
 30
0.0
 10
1066.064705221124
 20
996.365297433152
 30
0.0
 10
1065.952931939373
 20
996.365297433152
 30
0.0
 10
1065.952931939373
 20
996.365297433152
 30
0.0
 10
1065.840762298463
 20
996.365297433152
 30
0.0
 10
1065.749599692757
 20
996.2737384683052
 30
0.0
 10
1065.749599692757
 20
996.1619651865468
 30
0.0
 10
1065.749599692757
 20
996.1619651865468
 30
0.0
 10
1065.749599692757
 20
996.0497955456332
 30
0.0
 10
1065.840762298463
 20
995.9586329399437
 30
0.0
 10
1065.952931939373
 20
995.9586329399437
 30
0.0
 10
1065.952931939373
 20
995.9586329399437
 30
0.0
 10
1066.064705221124
 20
995.9586329399437
 30
0.0
 10
1066.155867826808
 20
996.0497955456332
 30
0.0
 10
1066.155867826808
 20
996.1619651865468
 30
0.0
 10
1066.155867826808
 20
996.1619651865468
 30
0.0
 10
1066.155867826808
 20
996.1619651865468
 30
0.0
 10
1065.952931939373
 20
996.1619651865468
 30
0.0
 10
1065.952931939373
 20
996.1619651865468
 30
0.0
  0
SPLINE
  5
8D0
330
1F
100
AcDbEntity
  8
ºöåçæÄ
100
AcDbSpline
210
0.0
220
0.0
230
0.0
 70
    24
 71
     3
 72
     8
 73
     4
 74
     0
 42
0.000000001
 43
0.0000000001
 40
0.0
 40
0.0
 40
0.0
 40
0.0
 40
1.0
 40
1.0
 40
1.0
 40
1.0
 10
1066.505060242514
 20
996.714489848858
 30
0.0
 10
1066.505060242514
 20
996.714489848858
 30
0.0
 10
1069.264909039989
 20
999.473942287171
 30
0.0
 10
1069.264909039989
 20
999.473942287171
 30
0.0
  0
SPLINE
  5
8D1
330
1F
100
AcDbEntity
  8
ºöåçæÄ
100
AcDbSpline
210
0.0
220
0.0
230
1.0
 70
    11
 71
     3
 72
    28
 73
    24
 74
     0
 42
0.000000001
 43
0.0000000001
 40
0.0
 40
0.0
 40
0.0
 40
0.0
 40
0.1428571428571428
 40
0.1428571428571428
 40
0.1428571428571428
 40
0.1428571528571428
 40
0.2857142857142857
 40
0.2857142857142857
 40
0.2857142857142857
 40
0.2857142957142857
 40
0.428571428571429
 40
0.428571428571429
 40
0.428571428571429
 40
0.4285714385714289
 40
0.5714285714285714
 40
0.5714285714285714
 40
0.5714285714285714
 40
0.5714285814285715
 40
0.7142857142857145
 40
0.7142857142857145
 40
0.7142857142857145
 40
0.7142857242857146
 40
1.0
 40
1.0
 40
1.0
 40
1.0
 10
1069.816640983986
 20
1000.025277872016
 30
0.0
 10
1069.816640983986
 20
1000.025277872016
 30
0.0
 10
1070.01957687145
 20
1000.025277872016
 30
0.0
 10
1070.01957687145
 20
1000.025277872016
 30
0.0
 10
1070.01957687145
 20
1000.025277872016
 30
0.0
 10
1070.01957687145
 20
1000.137051153776
 30
0.0
 10
1069.928414265745
 20
1000.228213759466
 30
0.0
 10
1069.816640983986
 20
1000.228213759466
 30
0.0
 10
1069.816640983986
 20
1000.228213759466
 30
0.0
 10
1069.704471343091
 20
1000.228213759466
 30
0.0
 10
1069.613308737392
 20
1000.137051153776
 30
0.0
 10
1069.613308737392
 20
1000.025277872016
 30
0.0
 10
1069.613308737392
 20
1000.025277872016
 30
0.0
 10
1069.613308737392
 20
999.9131082311043
 30
0.0
 10
1069.704471343091
 20
999.8219456254147
 30
0.0
 10
1069.816640983986
 20
999.8219456254147
 30
0.0
 10
1069.816640983986
 20
999.8219456254147
 30
0.0
 10
1069.928414265745
 20
999.8219456254147
 30
0.0
 10
1070.01957687145
 20
999.9131082311043
 30
0.0
 10
1070.01957687145
 20
1000.025277872016
 30
0.0
 10
1070.01957687145
 20
1000.025277872016
 30
0.0
 10
1070.01957687145
 20
1000.025277872016
 30
0.0
 10
1069.816640983986
 20
1000.025277872016
 30
0.0
 10
1069.816640983986
 20
1000.025277872016
 30
0.0
  0
SPLINE
  5
8D2
330
1F
100
AcDbEntity
  8
ºöåçæÄ
100
AcDbSpline
210
0.0
220
0.0
230
0.0
 70
    24
 71
     3
 72
     8
 73
     4
 74
     0
 42
0.000000001
 43
0.0000000001
 40
0.0
 40
0.0
 40
0.0
 40
0.0
 40
1.0
 40
1.0
 40
1.0
 40
1.0
 10
1070.36837292799
 20
1000.57859525264
 30
0.0
 10
1070.36837292799
 20
1000.57859525264
 30
0.0
 10
1072.171014365729
 20
1002.380443972054
 30
0.0
 10
1072.171014365729
 20
1002.380443972054
 30
0.0
  0
SPLINE
  5
8D3
330
1F
100
AcDbEntity
  8
ºöåçæÄ
100
AcDbSpline
210
0.0
220
0.0
230
0.0
 70
    24
 71
     3
 72
     8
 73
     4
 74
     0
 42
0.000000001
 43
0.0000000001
 40
0.0
 40
0.0
 40
0.0
 40
0.0
 40
1.0
 40
1.0
 40
1.0
 40
1.0
 10
1064.507410100461
 20
992.5099119307843
 30
0.0
 10
1064.507410100461
 20
992.5099119307843
 30
0.0
 10
1064.572413001896
 20
992.574518473078
 30
0.0
 10
1064.572413001896
 20
992.574518473078
 30
0.0
  0
SPLINE
  5
8D4
330
1F
100
AcDbEntity
  8
ºöåçæÄ
100
AcDbSpline
210
0.0
220
0.0
230
1.0
 70
    11
 71
     3
 72
    28
 73
    24
 74
     0
 42
0.000000001
 43
0.0000000001
 40
0.0
 40
0.0
 40
0.0
 40
0.0
 40
0.1428571428571428
 40
0.1428571428571428
 40
0.1428571428571428
 40
0.1428571528571428
 40
0.2857142857142857
 40
0.2857142857142857
 40
0.2857142857142857
 40
0.2857142957142857
 40
0.428571428571429
 40
0.428571428571429
 40
0.428571428571429
 40
0.4285714385714289
 40
0.5714285714285714
 40
0.5714285714285714
 40
0.5714285714285714
 40
0.5714285814285715
 40
0.7142857142857145
 40
0.7142857142857145
 40
0.7142857142857145
 40
0.7142857242857146
 40
1.0
 40
1.0
 40
1.0
 40
1.0
 10
1065.125730382514
 20
993.1270431353889
 30
0.0
 10
1065.125730382514
 20
993.1270431353889
 30
0.0
 10
1065.329062629116
 20
993.1270431353889
 30
0.0
 10
1065.329062629116
 20
993.1270431353889
 30
0.0
 10
1065.329062629116
 20
993.1270431353889
 30
0.0
 10
1065.329062629116
 20
993.2392127763023
 30
0.0
 10
1065.237900023439
 20
993.330375381992
 30
0.0
 10
1065.125730382514
 20
993.330375381992
 30
0.0
 10
1065.125730382514
 20
993.330375381992
 30
0.0
 10
1065.013957100763
 20
993.330375381992
 30
0.0
 10
1064.922794495079
 20
993.2392127763023
 30
0.0
 10
1064.922794495079
 20
993.1270431353889
 30
0.0
 10
1064.922794495079
 20
993.1270431353889
 30
0.0
 10
1064.922794495079
 20
993.0152698536286
 30
0.0
 10
1065.013957100763
 20
992.924107247941
 30
0.0
 10
1065.125730382514
 20
992.924107247941
 30
0.0
 10
1065.125730382514
 20
992.924107247941
 30
0.0
 10
1065.237900023439
 20
992.924107247941
 30
0.0
 10
1065.329062629116
 20
993.0152698536286
 30
0.0
 10
1065.329062629116
 20
993.1270431353889
 30
0.0
 10
1065.329062629116
 20
993.1270431353889
 30
0.0
 10
1065.329062629116
 20
993.1270431353889
 30
0.0
 10
1065.125730382514
 20
993.1270431353889
 30
0.0
 10
1065.125730382514
 20
993.1270431353889
 30
0.0
  0
SPLINE
  5
8D5
330
1F
100
AcDbEntity
  8
ºöåçæÄ
100
AcDbSpline
210
0.0
220
0.0
230
0.0
 70
    24
 71
     3
 72
     8
 73
     4
 74
     0
 42
0.000000001
 43
0.0000000001
 40
0.0
 40
0.0
 40
0.0
 40
0.0
 40
1.0
 40
1.0
 40
1.0
 40
1.0
 10
1065.675876889905
 20
993.6779823610788
 30
0.0
 10
1065.675876889905
 20
993.6779823610788
 30
0.0
 10
1068.437707483146
 20
996.4378311585488
 30
0.0
 10
1068.437707483146
 20
996.4378311585488
 30
0.0
  0
SPLINE
  5
8D6
330
1F
100
AcDbEntity
  8
ºöåçæÄ
100
AcDbSpline
210
0.0
220
0.0
230
1.0
 70
    11
 71
     3
 72
    28
 73
    24
 74
     0
 42
0.000000001
 43
0.0000000001
 40
0.0
 40
0.0
 40
0.0
 40
0.0
 40
0.1428571428571428
 40
0.1428571428571428
 40
0.1428571428571428
 40
0.1428571528571428
 40
0.2857142857142857
 40
0.2857142857142857
 40
0.2857142857142857
 40
0.2857142957142857
 40
0.428571428571429
 40
0.428571428571429
 40
0.428571428571429
 40
0.4285714385714289
 40
0.5714285714285714
 40
0.5714285714285714
 40
0.5714285714285714
 40
0.5714285814285715
 40
0.7142857142857145
 40
0.7142857142857145
 40
0.7142857142857145
 40
0.7142857242857146
 40
1.0
 40
1.0
 40
1.0
 40
1.0
 10
1068.989043067991
 20
996.9907521800134
 30
0.0
 10
1068.989043067991
 20
996.9907521800134
 30
0.0
 10
1069.192375314592
 20
996.9907521800134
 30
0.0
 10
1069.192375314592
 20
996.9907521800134
 30
0.0
 10
1069.192375314592
 20
996.9907521800134
 30
0.0
 10
1069.192375314592
 20
997.102921820929
 30
0.0
 10
1069.100816349749
 20
997.1940844266166
 30
0.0
 10
1068.989043067991
 20
997.1940844266166
 30
0.0
 10
1068.989043067991
 20
997.1940844266166
 30
0.0
 10
1068.87726978624
 20
997.1940844266166
 30
0.0
 10
1068.78571082139
 20
997.102921820929
 30
0.0
 10
1068.78571082139
 20
996.9907521800134
 30
0.0
 10
1068.78571082139
 20
996.9907521800134
 30
0.0
 10
1068.78571082139
 20
996.8789788982553
 30
0.0
 10
1068.87726978624
 20
996.7874199334103
 30
0.0
 10
1068.989043067991
 20
996.7874199334103
 30
0.0
 10
1068.989043067991
 20
996.7874199334103
 30
0.0
 10
1069.100816349749
 20
996.7874199334103
 30
0.0
 10
1069.192375314592
 20
996.8789788982553
 30
0.0
 10
1069.192375314592
 20
996.9907521800134
 30
0.0
 10
1069.192375314592
 20
996.9907521800134
 30
0.0
 10
1069.192375314592
 20
996.9907521800134
 30
0.0
 10
1068.989043067991
 20
996.9907521800134
 30
0.0
 10
1068.989043067991
 20
996.9907521800134
 30
0.0
  0
SPLINE
  5
8D7
330
1F
100
AcDbEntity
  8
ºöåçæÄ
100
AcDbSpline
210
0.0
220
0.0
230
0.0
 70
    24
 71
     3
 72
     8
 73
     4
 74
     0
 42
0.000000001
 43
0.0000000001
 40
0.0
 40
0.0
 40
0.0
 40
0.0
 40
1.0
 40
1.0
 40
1.0
 40
1.0
 10
1069.541567730298
 20
997.5416914057033
 30
0.0
 10
1069.541567730298
 20
997.5416914057033
 30
0.0
 10
1071.35530722437
 20
999.35582725893
 30
0.0
 10
1071.35530722437
 20
999.35582725893
 30
0.0
  0
SPLINE
  5
8D8
330
1F
100
AcDbEntity
  8
ºöåçæÄ
100
AcDbSpline
210
0.0
220
0.0
230
0.0
 70
    24
 71
     3
 72
     8
 73
     4
 74
     0
 42
0.000000001
 43
0.0000000001
 40
0.0
 40
0.0
 40
0.0
 40
0.0
 40
1.0
 40
1.0
 40
1.0
 40
1.0
 10
1066.714734235607
 20
992.5099119307843
 30
0.0
 10
1066.714734235607
 20
992.5099119307843
 30
0.0
 10
1067.608524130529
 20
993.4037018256995
 30
0.0
 10
1067.608524130529
 20
993.4037018256995
 30
0.0
  0
SPLINE
  5
8D9
330
1F
100
AcDbEntity
  8
ºöåçæÄ
100
AcDbSpline
210
0.0
220
0.0
230
1.0
 70
    11
 71
     3
 72
    28
 73
    24
 74
     0
 42
0.000000001
 43
0.0000000001
 40
0.0
 40
0.0
 40
0.0
 40
0.0
 40
0.1428571428571428
 40
0.1428571428571428
 40
0.1428571428571428
 40
0.1428571528571428
 40
0.2857142857142857
 40
0.2857142857142857
 40
0.2857142857142857
 40
0.2857142957142857
 40
0.428571428571429
 40
0.428571428571429
 40
0.428571428571429
 40
0.4285714385714289
 40
0.5714285714285714
 40
0.5714285714285714
 40
0.5714285714285714
 40
0.5714285814285715
 40
0.7142857142857145
 40
0.7142857142857145
 40
0.7142857142857145
 40
0.7142857242857146
 40
1.0
 40
1.0
 40
1.0
 40
1.0
 10
1068.161445151996
 20
993.9546410513896
 30
0.0
 10
1068.161445151996
 20
993.9546410513896
 30
0.0
 10
1068.36477739859
 20
993.9546410513896
 30
0.0
 10
1068.36477739859
 20
993.9546410513896
 30
0.0
 10
1068.36477739859
 20
993.9546410513896
 30
0.0
 10
1068.36477739859
 20
994.0664143331479
 30
0.0
 10
1068.273614792906
 20
994.1579732979946
 30
0.0
 10
1068.161445151996
 20
994.1579732979946
 30
0.0
 10
1068.161445151996
 20
994.1579732979946
 30
0.0
 10
1068.04967187023
 20
994.1579732979946
 30
0.0
 10
1067.958509264539
 20
994.0664143331479
 30
0.0
 10
1067.958509264539
 20
993.9546410513896
 30
0.0
 10
1067.958509264539
 20
993.9546410513896
 30
0.0
 10
1067.958509264539
 20
993.842471410476
 30
0.0
 10
1068.04967187023
 20
993.7513088047847
 30
0.0
 10
1068.161445151996
 20
993.7513088047847
 30
0.0
 10
1068.161445151996
 20
993.7513088047847
 30
0.0
 10
1068.273614792906
 20
993.7513088047847
 30
0.0
 10
1068.36477739859
 20
993.842471410476
 30
0.0
 10
1068.36477739859
 20
993.9546410513896
 30
0.0
 10
1068.36477739859
 20
993.9546410513896
 30
0.0
 10
1068.36477739859
 20
993.9546410513896
 30
0.0
 10
1068.161445151996
 20
993.9546410513896
 30
0.0
 10
1068.161445151996
 20
993.9546410513896
 30
0.0
  0
SPLINE
  5
8DA
330
1F
100
AcDbEntity
  8
ºöåçæÄ
100
AcDbSpline
210
0.0
220
0.0
230
0.0
 70
    24
 71
     3
 72
     8
 73
     4
 74
     0
 42
0.000000001
 43
0.0000000001
 40
0.0
 40
0.0
 40
0.0
 40
0.0
 40
1.0
 40
1.0
 40
1.0
 40
1.0
 10
1068.711988018523
 20
994.5071657136988
 30
0.0
 10
1068.711988018523
 20
994.5071657136988
 30
0.0
 10
1071.35530722437
 20
997.1485031237726
 30
0.0
 10
1071.35530722437
 20
997.1485031237726
 30
0.0
  0
SPLINE
  5
8DB
330
1F
100
AcDbEntity
  8
ºöåçæÄ
100
AcDbSpline
210
0.0
220
0.0
230
0.0
 70
    24
 71
     3
 72
     8
 73
     4
 74
     0
 42
0.000000001
 43
0.0000000001
 40
0.0
 40
0.0
 40
0.0
 40
0.0
 40
1.0
 40
1.0
 40
1.0
 40
1.0
 10
1071.51107637236
 20
999.511596406913
 30
0.0
 10
1071.51107637236
 20
999.511596406913
 30
0.0
 10
1072.299434732001
 20
1000.301540203172
 30
0.0
 10
1072.299434732001
 20
1000.301540203172
 30
0.0
  0
SPLINE
  5
8DC
330
1F
100
AcDbEntity
  8
ºöåçæÄ
100
AcDbSpline
210
0.0
220
0.0
230
1.0
 70
    11
 71
     3
 72
    28
 73
    24
 74
     0
 42
0.000000001
 43
0.0000000001
 40
0.0
 40
0.0
 40
0.0
 40
0.0
 40
0.1428571428571428
 40
0.1428571428571428
 40
0.1428571428571428
 40
0.1428571528571428
 40
0.2857142857142857
 40
0.2857142857142857
 40
0.2857142857142857
 40
0.2857142957142857
 40
0.428571428571429
 40
0.428571428571429
 40
0.428571428571429
 40
0.4285714385714289
 40
0.5714285714285714
 40
0.5714285714285714
 40
0.5714285714285714
 40
0.5714285814285715
 40
0.7142857142857145
 40
0.7142857142857145
 40
0.7142857142857145
 40
0.7142857242857146
 40
1.0
 40
1.0
 40
1.0
 40
1.0
 10
1072.85235575346
 20
1000.854064865484
 30
0.0
 10
1072.85235575346
 20
1000.854064865484
 30
0.0
 10
1073.055291640911
 20
1000.854064865484
 30
0.0
 10
1073.055291640911
 20
1000.854064865484
 30
0.0
 10
1073.055291640911
 20
1000.854064865484
 30
0.0
 10
1073.055291640911
 20
1000.965838147241
 30
0.0
 10
1072.964129035211
 20
1001.057000752934
 30
0.0
 10
1072.85235575346
 20
1001.057000752934
 30
0.0
 10
1072.85235575346
 20
1001.057000752934
 30
0.0
 10
1072.74018611255
 20
1001.057000752934
 30
0.0
 10
1072.649023506859
 20
1000.965838147241
 30
0.0
 10
1072.649023506859
 20
1000.854064865484
 30
0.0
 10
1072.649023506859
 20
1000.854064865484
 30
0.0
 10
1072.649023506859
 20
1000.741895224571
 30
0.0
 10
1072.74018611255
 20
1000.650732618879
 30
0.0
 10
1072.85235575346
 20
1000.650732618879
 30
0.0
 10
1072.85235575346
 20
1000.650732618879
 30
0.0
 10
1072.964129035211
 20
1000.650732618879
 30
0.0
 10
1073.055291640911
 20
1000.741895224571
 30
0.0
 10
1073.055291640911
 20
1000.854064865484
 30
0.0
 10
1073.055291640911
 20
1000.854064865484
 30
0.0
 10
1073.055291640911
 20
1000.854064865484
 30
0.0
 10
1072.85235575346
 20
1000.854064865484
 30
0.0
 10
1072.85235575346
 20
1000.854064865484
 30
0.0
  0
SPLINE
  5
8DD
330
1F
100
AcDbEntity
  8
ºöåçæÄ
100
AcDbSpline
210
0.0
220
0.0
230
0.0
 70
    24
 71
     3
 72
     8
 73
     4
 74
     0
 42
0.000000001
 43
0.0000000001
 40
0.0
 40
0.0
 40
0.0
 40
0.0
 40
1.0
 40
1.0
 40
1.0
 40
1.0
 10
1073.403294979155
 20
1001.405004091172
 30
0.0
 10
1073.403294979155
 20
1001.405004091172
 30
0.0
 10
1074.378338500883
 20
1002.380443972054
 30
0.0
 10
1074.378338500883
 20
1002.380443972054
 30
0.0
  0
SPLINE
  5
8DE
330
1F
100
AcDbEntity
  8
ºöåçæÄ
100
AcDbSpline
210
0.0
220
0.0
230
0.0
 70
    24
 71
     3
 72
     8
 73
     4
 74
     0
 42
0.000000001
 43
0.0000000001
 40
0.0
 40
0.0
 40
0.0
 40
0.0
 40
1.0
 40
1.0
 40
1.0
 40
1.0
 10
1073.718400507514
 20
999.511596406913
 30
0.0
 10
1073.718400507514
 20
999.511596406913
 30
0.0
 10
1075.33554586062
 20
1001.129138119174
 30
0.0
 10
1075.33554586062
 20
1001.129138119174
 30
0.0
  0
SPLINE
  5
8DF
330
1F
100
AcDbEntity
  8
ºöåçæÄ
100
AcDbSpline
210
0.0
220
0.0
230
1.0
 70
    11
 71
     3
 72
    28
 73
    24
 74
     0
 42
0.000000001
 43
0.0000000001
 40
0.0
 40
0.0
 40
0.0
 40
0.0
 40
0.1428571428571428
 40
0.1428571428571428
 40
0.1428571428571428
 40
0.1428571528571428
 40
0.2857142857142857
 40
0.2857142857142857
 40
0.2857142857142857
 40
0.2857142957142857
 40
0.428571428571429
 40
0.428571428571429
 40
0.428571428571429
 40
0.4285714385714289
 40
0.5714285714285714
 40
0.5714285714285714
 40
0.5714285714285714
 40
0.5714285814285715
 40
0.7142857142857145
 40
0.7142857142857145
 40
0.7142857142857145
 40
0.7142857242857146
 40
1.0
 40
1.0
 40
1.0
 40
1.0
 10
1075.888466882079
 20
1001.681662781487
 30
0.0
 10
1075.888466882079
 20
1001.681662781487
 30
0.0
 10
1076.091799128703
 20
1001.681662781487
 30
0.0
 10
1076.091799128703
 20
1001.681662781487
 30
0.0
 10
1076.091799128703
 20
1001.681662781487
 30
0.0
 10
1076.091799128703
 20
1001.793436063242
 30
0.0
 10
1076.000240163845
 20
1001.884598668933
 30
0.0
 10
1075.888466882079
 20
1001.884598668933
 30
0.0
 10
1075.888466882079
 20
1001.884598668933
 30
0.0
 10
1075.776297241177
 20
1001.884598668933
 30
0.0
 10
1075.685134635485
 20
1001.793436063242
 30
0.0
 10
1075.685134635485
 20
1001.681662781487
 30
0.0
 10
1075.685134635485
 20
1001.681662781487
 30
0.0
 10
1075.685134635485
 20
1001.569493140571
 30
0.0
 10
1075.776297241177
 20
1001.47833053488
 30
0.0
 10
1075.888466882079
 20
1001.47833053488
 30
0.0
 10
1075.888466882079
 20
1001.47833053488
 30
0.0
 10
1076.000240163845
 20
1001.47833053488
 30
0.0
 10
1076.091799128703
 20
1001.569493140571
 30
0.0
 10
1076.091799128703
 20
1001.681662781487
 30
0.0
 10
1076.091799128703
 20
1001.681662781487
 30
0.0
 10
1076.091799128703
 20
1001.681662781487
 30
0.0
 10
1075.888466882079
 20
1001.681662781487
 30
0.0
 10
1075.888466882079
 20
1001.681662781487
 30
0.0
  0
SPLINE
  5
8E0
330
1F
100
AcDbEntity
  8
ºöåçæÄ
100
AcDbSpline
210
0.0
220
0.0
230
0.0
 70
    24
 71
     3
 72
     8
 73
     4
 74
     0
 42
0.000000001
 43
0.0000000001
 40
0.0
 40
0.0
 40
0.0
 40
0.0
 40
1.0
 40
1.0
 40
1.0
 40
1.0
 10
1076.439009748614
 20
1002.233791084641
 30
0.0
 10
1076.439009748614
 20
1002.233791084641
 30
0.0
 10
1076.585662636037
 20
1002.380443972054
 30
0.0
 10
1076.585662636037
 20
1002.380443972054
 30
0.0
  0
SPLINE
  5
8E1
330
1F
100
AcDbEntity
  8
ºöåçæÄ
100
AcDbSpline
210
0.0
220
0.0
230
0.0
 70
    24
 71
     3
 72
     8
 73
     4
 74
     0
 42
0.000000001
 43
0.0000000001
 40
0.0
 40
0.0
 40
0.0
 40
0.0
 40
1.0
 40
1.0
 40
1.0
 40
1.0
 10
1068.923643807396
 20
992.5099119307843
 30
0.0
 10
1068.923643807396
 20
992.5099119307843
 30
0.0
 10
1070.645031618306
 20
994.2309033825452
 30
0.0
 10
1070.645031618306
 20
994.2309033825452
 30
0.0
  0
SPLINE
  5
8E2
330
1F
100
AcDbEntity
  8
ºöåçæÄ
100
AcDbSpline
210
0.0
220
0.0
230
1.0
 70
    11
 71
     3
 72
    28
 73
    24
 74
     0
 42
0.000000001
 43
0.0000000001
 40
0.0
 40
0.0
 40
0.0
 40
0.0
 40
0.1428571428571428
 40
0.1428571428571428
 40
0.1428571428571428
 40
0.1428571528571428
 40
0.2857142857142857
 40
0.2857142857142857
 40
0.2857142857142857
 40
0.2857142957142857
 40
0.428571428571429
 40
0.428571428571429
 40
0.428571428571429
 40
0.4285714385714289
 40
0.5714285714285714
 40
0.5714285714285714
 40
0.5714285714285714
 40
0.5714285814285715
 40
0.7142857142857145
 40
0.7142857142857145
 40
0.7142857142857145
 40
0.7142857242857146
 40
1.0
 40
1.0
 40
1.0
 40
1.0
 10
1071.196367203145
 20
994.7834280448544
 30
0.0
 10
1071.196367203145
 20
994.7834280448544
 30
0.0
 10
1071.399699449753
 20
994.7834280448544
 30
0.0
 10
1071.399699449753
 20
994.7834280448544
 30
0.0
 10
1071.399699449753
 20
994.7834280448544
 30
0.0
 10
1071.399699449753
 20
994.8955976857698
 30
0.0
 10
1071.308536844062
 20
994.9867602914594
 30
0.0
 10
1071.196367203145
 20
994.9867602914594
 30
0.0
 10
1071.196367203145
 20
994.9867602914594
 30
0.0
 10
1071.084593921393
 20
994.9867602914594
 30
0.0
 10
1070.993034956551
 20
994.8955976857698
 30
0.0
 10
1070.993034956551
 20
994.7834280448544
 30
0.0
 10
1070.993034956551
 20
994.7834280448544
 30
0.0
 10
1070.993034956551
 20
994.671654763098
 30
0.0
 10
1071.084593921393
 20
994.580095798253
 30
0.0
 10
1071.196367203145
 20
994.580095798253
 30
0.0
 10
1071.196367203145
 20
994.580095798253
 30
0.0
 10
1071.308536844062
 20
994.580095798253
 30
0.0
 10
1071.399699449753
 20
994.671654763098
 30
0.0
 10
1071.399699449753
 20
994.7834280448544
 30
0.0
 10
1071.399699449753
 20
994.7834280448544
 30
0.0
 10
1071.399699449753
 20
994.7834280448544
 30
0.0
 10
1071.196367203145
 20
994.7834280448544
 30
0.0
 10
1071.196367203145
 20
994.7834280448544
 30
0.0
  0
SPLINE
  5
8E3
330
1F
100
AcDbEntity
  8
ºöåçæÄ
100
AcDbSpline
210
0.0
220
0.0
230
0.0
 70
    24
 71
     3
 72
     8
 73
     4
 74
     0
 42
0.000000001
 43
0.0000000001
 40
0.0
 40
0.0
 40
0.0
 40
0.0
 40
1.0
 40
1.0
 40
1.0
 40
1.0
 10
1071.130967942542
 20
992.5099119307843
 30
0.0
 10
1071.130967942542
 20
992.5099119307843
 30
0.0
 10
1071.35530722437
 20
992.7322694168372
 30
0.0
 10
1071.35530722437
 20
992.7322694168372
 30
0.0
  0
SPLINE
  5
8E4
330
1F
100
AcDbEntity
  8
ºöåçæÄ
100
AcDbSpline
210
0.0
220
0.0
230
1.0
 70
    11
 71
     3
 72
    28
 73
    24
 74
     0
 42
0.000000001
 43
0.0000000001
 40
0.0
 40
0.0
 40
0.0
 40
0.0
 40
0.1428571428571428
 40
0.1428571428571428
 40
0.1428571428571428
 40
0.1428571528571428
 40
0.2857142857142857
 40
0.2857142857142857
 40
0.2857142857142857
 40
0.2857142957142857
 40
0.428571428571429
 40
0.428571428571429
 40
0.428571428571429
 40
0.4285714385714289
 40
0.5714285714285714
 40
0.5714285714285714
 40
0.5714285714285714
 40
0.5714285814285715
 40
0.7142857142857145
 40
0.7142857142857145
 40
0.7142857142857145
 40
0.7142857242857146
 40
1.0
 40
1.0
 40
1.0
 40
1.0
 10
1075.059283529463
 20
998.6451552937062
 30
0.0
 10
1075.059283529463
 20
998.6451552937062
 30
0.0
 10
1075.262219416913
 20
998.6451552937062
 30
0.0
 10
1075.262219416913
 20
998.6451552937062
 30
0.0
 10
1075.262219416913
 20
998.6451552937062
 30
0.0
 10
1075.262219416913
 20
998.7573249346198
 30
0.0
 10
1075.171056811221
 20
998.8484875403093
 30
0.0
 10
1075.059283529463
 20
998.8484875403093
 30
0.0
 10
1075.059283529463
 20
998.8484875403093
 30
0.0
 10
1074.947113888546
 20
998.8484875403093
 30
0.0
 10
1074.855951282855
 20
998.7573249346198
 30
0.0
 10
1074.855951282855
 20
998.6451552937062
 30
0.0
 10
1074.855951282855
 20
998.6451552937062
 30
0.0
 10
1074.855951282855
 20
998.5333820119459
 30
0.0
 10
1074.947113888546
 20
998.4422194062563
 30
0.0
 10
1075.059283529463
 20
998.4422194062563
 30
0.0
 10
1075.059283529463
 20
998.4422194062563
 30
0.0
 10
1075.171056811221
 20
998.4422194062563
 30
0.0
 10
1075.262219416913
 20
998.5333820119459
 30
0.0
 10
1075.262219416913
 20
998.6451552937062
 30
0.0
 10
1075.262219416913
 20
998.6451552937062
 30
0.0
 10
1075.262219416913
 20
998.6451552937062
 30
0.0
 10
1075.059283529463
 20
998.6451552937062
 30
0.0
 10
1075.059283529463
 20
998.6451552937062
 30
0.0
  0
SPLINE
  5
8E5
330
1F
100
AcDbEntity
  8
ºöåçæÄ
100
AcDbSpline
210
0.0
220
0.0
230
0.0
 70
    24
 71
     3
 72
     8
 73
     4
 74
     0
 42
0.000000001
 43
0.0000000001
 40
0.0
 40
0.0
 40
0.0
 40
0.0
 40
1.0
 40
1.0
 40
1.0
 40
1.0
 10
1075.612204550937
 20
999.1980763151726
 30
0.0
 10
1075.612204550937
 20
999.1980763151726
 30
0.0
 10
1078.370071552632
 20
1001.957925112641
 30
0.0
 10
1078.370071552632
 20
1001.957925112641
 30
0.0
  0
SPLINE
  5
8E6
330
1F
100
AcDbEntity
  8
ºöåçæÄ
100
AcDbSpline
210
0.0
220
0.0
230
1.0
 70
    11
 71
     3
 72
    28
 73
    24
 74
     0
 42
0.000000001
 43
0.0000000001
 40
0.0
 40
0.0
 40
0.0
 40
0.0
 40
0.1428571428571428
 40
0.1428571428571428
 40
0.1428571428571428
 40
0.1428571528571428
 40
0.2857142857142857
 40
0.2857142857142857
 40
0.2857142857142857
 40
0.2857142957142857
 40
0.428571428571429
 40
0.428571428571429
 40
0.428571428571429
 40
0.4285714385714289
 40
0.5714285714285714
 40
0.5714285714285714
 40
0.5714285714285714
 40
0.5714285814285715
 40
0.7142857142857145
 40
0.7142857142857145
 40
0.7142857142857145
 40
0.7142857242857146
 40
1.0
 40
1.0
 40
1.0
 40
1.0
 10
1078.792986771198
 20
1002.380443972054
 30
0.0
 10
1078.792986771198
 20
1002.380443972054
 30
0.0
 10
1078.99592265864
 20
1002.380443972054
 30
0.0
 10
1078.99592265864
 20
1002.380443972054
 30
0.0
 10
1078.99592265864
 20
1002.380443972054
 30
0.0
 10
1078.99592265864
 20
1002.492217253813
 30
0.0
 10
1078.904760052949
 20
1002.583776218659
 30
0.0
 10
1078.792986771198
 20
1002.583776218659
 30
0.0
 10
1078.792986771198
 20
1002.583776218659
 30
0.0
 10
1078.68081713028
 20
1002.583776218659
 30
0.0
 10
1078.589654524596
 20
1002.492217253813
 30
0.0
 10
1078.589654524596
 20
1002.380443972054
 30
0.0
 10
1078.589654524596
 20
1002.380443972054
 30
0.0
 10
1078.589654524596
 20
1002.268274331141
 30
0.0
 10
1078.68081713028
 20
1002.177111725453
 30
0.0
 10
1078.792986771198
 20
1002.177111725453
 30
0.0
 10
1078.792986771198
 20
1002.177111725453
 30
0.0
 10
1078.904760052949
 20
1002.177111725453
 30
0.0
 10
1078.99592265864
 20
1002.268274331141
 30
0.0
 10
1078.99592265864
 20
1002.380443972054
 30
0.0
 10
1078.99592265864
 20
1002.380443972054
 30
0.0
 10
1078.99592265864
 20
1002.380443972054
 30
0.0
 10
1078.792986771198
 20
1002.380443972054
 30
0.0
 10
1078.792986771198
 20
1002.380443972054
 30
0.0
  0
SPLINE
  5
8E7
330
1F
100
AcDbEntity
  8
ºöåçæÄ
100
AcDbSpline
210
0.0
220
0.0
230
1.0
 70
    11
 71
     3
 72
    28
 73
    24
 74
     0
 42
0.000000001
 43
0.0000000001
 40
0.0
 40
0.0
 40
0.0
 40
0.0
 40
0.1428571428571428
 40
0.1428571428571428
 40
0.1428571428571428
 40
0.1428571528571428
 40
0.2857142857142857
 40
0.2857142857142857
 40
0.2857142857142857
 40
0.2857142957142857
 40
0.428571428571429
 40
0.428571428571429
 40
0.428571428571429
 40
0.4285714385714289
 40
0.5714285714285714
 40
0.5714285714285714
 40
0.5714285714285714
 40
0.5714285814285715
 40
0.7142857142857145
 40
0.7142857142857145
 40
0.7142857142857145
 40
0.7142857242857146
 40
1.0
 40
1.0
 40
1.0
 40
1.0
 10
1074.515082409413
 20
995.893630038495
 30
0.0
 10
1074.515082409413
 20
995.893630038495
 30
0.0
 10
1074.718018296862
 20
995.893630038495
 30
0.0
 10
1074.718018296862
 20
995.893630038495
 30
0.0
 10
1074.718018296862
 20
995.893630038495
 30
0.0
 10
1074.718018296862
 20
996.0057996794088
 30
0.0
 10
1074.626855691178
 20
996.0969622850999
 30
0.0
 10
1074.515082409413
 20
996.0969622850999
 30
0.0
 10
1074.515082409413
 20
996.0969622850999
 30
0.0
 10
1074.402912768495
 20
996.0969622850999
 30
0.0
 10
1074.311750162804
 20
996.0057996794088
 30
0.0
 10
1074.311750162804
 20
995.893630038495
 30
0.0
 10
1074.311750162804
 20
995.893630038495
 30
0.0
 10
1074.311750162804
 20
995.7818567567366
 30
0.0
 10
1074.402912768495
 20
995.6906941510471
 30
0.0
 10
1074.515082409413
 20
995.6906941510471
 30
0.0
 10
1074.515082409413
 20
995.6906941510471
 30
0.0
 10
1074.626855691178
 20
995.6906941510471
 30
0.0
 10
1074.718018296862
 20
995.7818567567366
 30
0.0
 10
1074.718018296862
 20
995.893630038495
 30
0.0
 10
1074.718018296862
 20
995.893630038495
 30
0.0
 10
1074.718018296862
 20
995.893630038495
 30
0.0
 10
1074.515082409413
 20
995.893630038495
 30
0.0
 10
1074.515082409413
 20
995.893630038495
 30
0.0
  0
SPLINE
  5
8E8
330
1F
100
AcDbEntity
  8
ºöåçæÄ
100
AcDbSpline
210
0.0
220
0.0
230
0.0
 70
    24
 71
     3
 72
     8
 73
     4
 74
     0
 42
0.000000001
 43
0.0000000001
 40
0.0
 40
0.0
 40
0.0
 40
0.0
 40
1.0
 40
1.0
 40
1.0
 40
1.0
 10
1074.783021198306
 20
996.1619651865468
 30
0.0
 10
1074.783021198306
 20
996.1619651865468
 30
0.0
 10
1077.542869995774
 20
998.9218139840152
 30
0.0
 10
1077.542869995774
 20
998.9218139840152
 30
0.0
  0
SPLINE
  5
8E9
330
1F
100
AcDbEntity
  8
ºöåçæÄ
100
AcDbSpline
210
0.0
220
0.0
230
1.0
 70
    11
 71
     3
 72
    28
 73
    24
 74
     0
 42
0.000000001
 43
0.0000000001
 40
0.0
 40
0.0
 40
0.0
 40
0.0
 40
0.1428571428571428
 40
0.1428571428571428
 40
0.1428571428571428
 40
0.1428571528571428
 40
0.2857142857142857
 40
0.2857142857142857
 40
0.2857142857142857
 40
0.2857142957142857
 40
0.428571428571429
 40
0.428571428571429
 40
0.428571428571429
 40
0.4285714385714289
 40
0.5714285714285714
 40
0.5714285714285714
 40
0.5714285714285714
 40
0.5714285814285715
 40
0.7142857142857145
 40
0.7142857142857145
 40
0.7142857142857145
 40
0.7142857242857146
 40
1.0
 40
1.0
 40
1.0
 40
1.0
 10
1078.095394658089
 20
999.473942287171
 30
0.0
 10
1078.095394658089
 20
999.473942287171
 30
0.0
 10
1078.298330545538
 20
999.473942287171
 30
0.0
 10
1078.298330545538
 20
999.473942287171
 30
0.0
 10
1078.298330545538
 20
999.473942287171
 30
0.0
 10
1078.298330545538
 20
999.5861119280863
 30
0.0
 10
1078.207167939847
 20
999.6772745337759
 30
0.0
 10
1078.095394658089
 20
999.6772745337759
 30
0.0
 10
1078.095394658089
 20
999.6772745337759
 30
0.0
 10
1077.983225017171
 20
999.6772745337759
 30
0.0
 10
1077.892062411487
 20
999.5861119280863
 30
0.0
 10
1077.892062411487
 20
999.473942287171
 30
0.0
 10
1077.892062411487
 20
999.473942287171
 30
0.0
 10
1077.892062411487
 20
999.3621690054126
 30
0.0
 10
1077.983225017171
 20
999.2710063997247
 30
0.0
 10
1078.095394658089
 20
999.2710063997247
 30
0.0
 10
1078.095394658089
 20
999.2710063997247
 30
0.0
 10
1078.207167939847
 20
999.2710063997247
 30
0.0
 10
1078.298330545538
 20
999.3621690054126
 30
0.0
 10
1078.298330545538
 20
999.473942287171
 30
0.0
 10
1078.298330545538
 20
999.473942287171
 30
0.0
 10
1078.298330545538
 20
999.473942287171
 30
0.0
 10
1078.095394658089
 20
999.473942287171
 30
0.0
 10
1078.095394658089
 20
999.473942287171
 30
0.0
  0
SPLINE
  5
8EA
330
1F
100
AcDbEntity
  8
ºöåçæÄ
100
AcDbSpline
210
0.0
220
0.0
230
0.0
 70
    24
 71
     3
 72
     8
 73
     4
 74
     0
 42
0.000000001
 43
0.0000000001
 40
0.0
 40
0.0
 40
0.0
 40
0.0
 40
1.0
 40
1.0
 40
1.0
 40
1.0
 10
1078.646333883782
 20
1000.025277872016
 30
0.0
 10
1078.646333883782
 20
1000.025277872016
 30
0.0
 10
1081.001499983821
 20
1002.380443972054
 30
0.0
 10
1081.001499983821
 20
1002.380443972054
 30
0.0
  0
SPLINE
  5
8EB
330
1F
100
AcDbEntity
  8
ºöåçæÄ
100
AcDbSpline
210
0.0
220
0.0
230
0.0
 70
    24
 71
     3
 72
     8
 73
     4
 74
     0
 42
0.000000001
 43
0.0000000001
 40
0.0
 40
0.0
 40
0.0
 40
0.0
 40
1.0
 40
1.0
 40
1.0
 40
1.0
 10
1074.515082409413
 20
993.6863059033376
 30
0.0
 10
1074.515082409413
 20
993.6863059033376
 30
0.0
 10
1076.715272079779
 20
995.8868919328551
 30
0.0
 10
1076.715272079779
 20
995.8868919328551
 30
0.0
  0
SPLINE
  5
8EC
330
1F
100
AcDbEntity
  8
ºöåçæÄ
100
AcDbSpline
210
0.0
220
0.0
230
1.0
 70
    11
 71
     3
 72
    28
 73
    24
 74
     0
 42
0.000000001
 43
0.0000000001
 40
0.0
 40
0.0
 40
0.0
 40
0.0
 40
0.1428571428571428
 40
0.1428571428571428
 40
0.1428571428571428
 40
0.1428571528571428
 40
0.2857142857142857
 40
0.2857142857142857
 40
0.2857142857142857
 40
0.2857142957142857
 40
0.428571428571429
 40
0.428571428571429
 40
0.428571428571429
 40
0.4285714385714289
 40
0.5714285714285714
 40
0.5714285714285714
 40
0.5714285714285714
 40
0.5714285814285715
 40
0.7142857142857145
 40
0.7142857142857145
 40
0.7142857142857145
 40
0.7142857242857146
 40
1.0
 40
1.0
 40
1.0
 40
1.0
 10
1077.266607664624
 20
996.4378311585488
 30
0.0
 10
1077.266607664624
 20
996.4378311585488
 30
0.0
 10
1077.469543552066
 20
996.4378311585488
 30
0.0
 10
1077.469543552066
 20
996.4378311585488
 30
0.0
 10
1077.469543552066
 20
996.4378311585488
 30
0.0
 10
1077.469543552066
 20
996.5500007994608
 30
0.0
 10
1077.37838094639
 20
996.6411634051519
 30
0.0
 10
1077.266607664624
 20
996.6411634051519
 30
0.0
 10
1077.266607664624
 20
996.6411634051519
 30
0.0
 10
1077.154438023707
 20
996.6411634051519
 30
0.0
 10
1077.063275418015
 20
996.5500007994608
 30
0.0
 10
1077.063275418015
 20
996.4378311585488
 30
0.0
 10
1077.063275418015
 20
996.4378311585488
 30
0.0
 10
1077.063275418015
 20
996.3260578767888
 30
0.0
 10
1077.154438023707
 20
996.2348952710993
 30
0.0
 10
1077.266607664624
 20
996.2348952710993
 30
0.0
 10
1077.266607664624
 20
996.2348952710993
 30
0.0
 10
1077.37838094639
 20
996.2348952710993
 30
0.0
 10
1077.469543552066
 20
996.3260578767888
 30
0.0
 10
1077.469543552066
 20
996.4378311585488
 30
0.0
 10
1077.469543552066
 20
996.4378311585488
 30
0.0
 10
1077.469543552066
 20
996.4378311585488
 30
0.0
 10
1077.266607664624
 20
996.4378311585488
 30
0.0
 10
1077.266607664624
 20
996.4378311585488
 30
0.0
  0
SPLINE
  5
8ED
330
1F
100
AcDbEntity
  8
ºöåçæÄ
100
AcDbSpline
210
0.0
220
0.0
230
0.0
 70
    24
 71
     3
 72
     8
 73
     4
 74
     0
 42
0.000000001
 43
0.0000000001
 40
0.0
 40
0.0
 40
0.0
 40
0.0
 40
1.0
 40
1.0
 40
1.0
 40
1.0
 10
1077.81952868609
 20
996.9907521800134
 30
0.0
 10
1077.81952868609
 20
996.9907521800134
 30
0.0
 10
1080.5789811244
 20
999.7490155408623
 30
0.0
 10
1080.5789811244
 20
999.7490155408623
 30
0.0
  0
SPLINE
  5
8EE
330
1F
100
AcDbEntity
  8
ºöåçæÄ
100
AcDbSpline
210
0.0
220
0.0
230
1.0
 70
    11
 71
     3
 72
    28
 73
    24
 74
     0
 42
0.000000001
 43
0.0000000001
 40
0.0
 40
0.0
 40
0.0
 40
0.0
 40
0.1428571428571428
 40
0.1428571428571428
 40
0.1428571428571428
 40
0.1428571528571428
 40
0.2857142857142857
 40
0.2857142857142857
 40
0.2857142857142857
 40
0.2857142957142857
 40
0.428571428571429
 40
0.428571428571429
 40
0.428571428571429
 40
0.4285714385714289
 40
0.5714285714285714
 40
0.5714285714285714
 40
0.5714285714285714
 40
0.5714285814285715
 40
0.7142857142857145
 40
0.7142857142857145
 40
0.7142857142857145
 40
0.7142857242857146
 40
1.0
 40
1.0
 40
1.0
 40
1.0
 10
1081.130316709245
 20
1000.301540203172
 30
0.0
 10
1081.130316709245
 20
1000.301540203172
 30
0.0
 10
1081.333252596702
 20
1000.301540203172
 30
0.0
 10
1081.333252596702
 20
1000.301540203172
 30
0.0
 10
1081.333252596702
 20
1000.301540203172
 30
0.0
 10
1081.333252596702
 20
1000.413709844087
 30
0.0
 10
1081.24208999101
 20
1000.504872449776
 30
0.0
 10
1081.130316709245
 20
1000.504872449776
 30
0.0
 10
1081.130316709245
 20
1000.504872449776
 30
0.0
 10
1081.018147068335
 20
1000.504872449776
 30
0.0
 10
1080.926984462644
 20
1000.413709844087
 30
0.0
 10
1080.926984462644
 20
1000.301540203172
 30
0.0
 10
1080.926984462644
 20
1000.301540203172
 30
0.0
 10
1080.926984462644
 20
1000.189766921415
 30
0.0
 10
1081.018147068335
 20
1000.098604315724
 30
0.0
 10
1081.130316709245
 20
1000.098604315724
 30
0.0
 10
1081.130316709245
 20
1000.098604315724
 30
0.0
 10
1081.24208999101
 20
1000.098604315724
 30
0.0
 10
1081.333252596702
 20
1000.189766921415
 30
0.0
 10
1081.333252596702
 20
1000.301540203172
 30
0.0
 10
1081.333252596702
 20
1000.301540203172
 30
0.0
 10
1081.333252596702
 20
1000.301540203172
 30
0.0
 10
1081.130316709245
 20
1000.301540203172
 30
0.0
 10
1081.130316709245
 20
1000.301540203172
 30
0.0
  0
SPLINE
  5
8EF
330
1F
100
AcDbEntity
  8
ºöåçæÄ
100
AcDbSpline
210
0.0
220
0.0
230
0.0
 70
    24
 71
     3
 72
     8
 73
     4
 74
     0
 42
0.000000001
 43
0.0000000001
 40
0.0
 40
0.0
 40
0.0
 40
0.0
 40
1.0
 40
1.0
 40
1.0
 40
1.0
 10
1081.682445012408
 20
1000.854064865484
 30
0.0
 10
1081.682445012408
 20
1000.854064865484
 30
0.0
 10
1083.208824118974
 20
1002.380443972054
 30
0.0
 10
1083.208824118974
 20
1002.380443972054
 30
0.0
  0
SPLINE
  5
8F0
330
1F
100
AcDbEntity
  8
ºöåçæÄ
100
AcDbSpline
210
0.0
220
0.0
230
0.0
 70
    24
 71
     3
 72
     8
 73
     4
 74
     0
 42
0.000000001
 43
0.0000000001
 40
0.0
 40
0.0
 40
0.0
 40
0.0
 40
1.0
 40
1.0
 40
1.0
 40
1.0
 10
1075.545219853706
 20
992.5099119307843
 30
0.0
 10
1075.545219853706
 20
992.5099119307843
 30
0.0
 10
1075.888466882079
 20
992.8511771633887
 30
0.0
 10
1075.888466882079
 20
992.8511771633887
 30
0.0
  0
SPLINE
  5
8F1
330
1F
100
AcDbEntity
  8
ºöåçæÄ
100
AcDbSpline
210
0.0
220
0.0
230
1.0
 70
    11
 71
     3
 72
    28
 73
    24
 74
     0
 42
0.000000001
 43
0.0000000001
 40
0.0
 40
0.0
 40
0.0
 40
0.0
 40
0.1428571428571428
 40
0.1428571428571428
 40
0.1428571428571428
 40
0.1428571528571428
 40
0.2857142857142857
 40
0.2857142857142857
 40
0.2857142857142857
 40
0.2857142957142857
 40
0.428571428571429
 40
0.428571428571429
 40
0.428571428571429
 40
0.4285714385714289
 40
0.5714285714285714
 40
0.5714285714285714
 40
0.5714285714285714
 40
0.5714285814285715
 40
0.7142857142857145
 40
0.7142857142857145
 40
0.7142857142857145
 40
0.7142857242857146
 40
1.0
 40
1.0
 40
1.0
 40
1.0
 10
1076.439009748614
 20
993.4037018256995
 30
0.0
 10
1076.439009748614
 20
993.4037018256995
 30
0.0
 10
1076.642341995223
 20
993.4037018256995
 30
0.0
 10
1076.642341995223
 20
993.4037018256995
 30
0.0
 10
1076.642341995223
 20
993.4037018256995
 30
0.0
 10
1076.642341995223
 20
993.5154751074581
 30
0.0
 10
1076.55078303038
 20
993.6066377131476
 30
0.0
 10
1076.439009748614
 20
993.6066377131476
 30
0.0
 10
1076.439009748614
 20
993.6066377131476
 30
0.0
 10
1076.327236466856
 20
993.6066377131476
 30
0.0
 10
1076.23567750202
 20
993.5154751074581
 30
0.0
 10
1076.23567750202
 20
993.4037018256995
 30
0.0
 10
1076.23567750202
 20
993.4037018256995
 30
0.0
 10
1076.23567750202
 20
993.2915321847861
 30
0.0
 10
1076.327236466856
 20
993.2003695790948
 30
0.0
 10
1076.439009748614
 20
993.2003695790948
 30
0.0
 10
1076.439009748614
 20
993.2003695790948
 30
0.0
 10
1076.55078303038
 20
993.2003695790948
 30
0.0
 10
1076.642341995223
 20
993.2915321847861
 30
0.0
 10
1076.642341995223
 20
993.4037018256995
 30
0.0
 10
1076.642341995223
 20
993.4037018256995
 30
0.0
 10
1076.642341995223
 20
993.4037018256995
 30
0.0
 10
1076.439009748614
 20
993.4037018256995
 30
0.0
 10
1076.439009748614
 20
993.4037018256995
 30
0.0
  0
SPLINE
  5
8F2
330
1F
100
AcDbEntity
  8
ºöåçæÄ
100
AcDbSpline
210
0.0
220
0.0
230
0.0
 70
    24
 71
     3
 72
     8
 73
     4
 74
     0
 42
0.000000001
 43
0.0000000001
 40
0.0
 40
0.0
 40
0.0
 40
0.0
 40
1.0
 40
1.0
 40
1.0
 40
1.0
 10
1076.991930770095
 20
993.9546410513896
 30
0.0
 10
1076.991930770095
 20
993.9546410513896
 30
0.0
 10
1079.750194130935
 20
996.714489848858
 30
0.0
 10
1079.750194130935
 20
996.714489848858
 30
0.0
  0
SPLINE
  5
8F3
330
1F
100
AcDbEntity
  8
ºöåçæÄ
100
AcDbSpline
210
0.0
220
0.0
230
1.0
 70
    11
 71
     3
 72
    28
 73
    24
 74
     0
 42
0.000000001
 43
0.0000000001
 40
0.0
 40
0.0
 40
0.0
 40
0.0
 40
0.1428571428571428
 40
0.1428571428571428
 40
0.1428571428571428
 40
0.1428571528571428
 40
0.2857142857142857
 40
0.2857142857142857
 40
0.2857142857142857
 40
0.2857142957142857
 40
0.428571428571429
 40
0.428571428571429
 40
0.428571428571429
 40
0.4285714385714289
 40
0.5714285714285714
 40
0.5714285714285714
 40
0.5714285714285714
 40
0.5714285814285715
 40
0.7142857142857145
 40
0.7142857142857145
 40
0.7142857142857145
 40
0.7142857242857146
 40
1.0
 40
1.0
 40
1.0
 40
1.0
 10
1080.30271879325
 20
997.2654290745479
 30
0.0
 10
1080.30271879325
 20
997.2654290745479
 30
0.0
 10
1080.506051039844
 20
997.2654290745479
 30
0.0
 10
1080.506051039844
 20
997.2654290745479
 30
0.0
 10
1080.506051039844
 20
997.2654290745479
 30
0.0
 10
1080.506051039844
 20
997.377202356308
 30
0.0
 10
1080.414492075008
 20
997.4687613211512
 30
0.0
 10
1080.30271879325
 20
997.4687613211512
 30
0.0
 10
1080.30271879325
 20
997.4687613211512
 30
0.0
 10
1080.190549152332
 20
997.4687613211512
 30
0.0
 10
1080.099386546641
 20
997.377202356308
 30
0.0
 10
1080.099386546641
 20
997.2654290745479
 30
0.0
 10
1080.099386546641
 20
997.2654290745479
 30
0.0
 10
1080.099386546641
 20
997.1532594336343
 30
0.0
 10
1080.190549152332
 20
997.0620968279447
 30
0.0
 10
1080.30271879325
 20
997.0620968279447
 30
0.0
 10
1080.30271879325
 20
997.0620968279447
 30
0.0
 10
1080.414492075008
 20
997.0620968279447
 30
0.0
 10
1080.506051039844
 20
997.1532594336343
 30
0.0
 10
1080.506051039844
 20
997.2654290745479
 30
0.0
 10
1080.506051039844
 20
997.2654290745479
 30
0.0
 10
1080.506051039844
 20
997.2654290745479
 30
0.0
 10
1080.30271879325
 20
997.2654290745479
 30
0.0
 10
1080.30271879325
 20
997.2654290745479
 30
0.0
  0
SPLINE
  5
8F4
330
1F
100
AcDbEntity
  8
ºöåçæÄ
100
AcDbSpline
210
0.0
220
0.0
230
0.0
 70
    24
 71
     3
 72
     8
 73
     4
 74
     0
 42
0.000000001
 43
0.0000000001
 40
0.0
 40
0.0
 40
0.0
 40
0.0
 40
1.0
 40
1.0
 40
1.0
 40
1.0
 10
1080.85524345555
 20
997.8179537368587
 30
0.0
 10
1080.85524345555
 20
997.8179537368587
 30
0.0
 10
1083.615488612177
 20
1000.57859525264
 30
0.0
 10
1083.615488612177
 20
1000.57859525264
 30
0.0
  0
SPLINE
  5
8F5
330
1F
100
AcDbEntity
  8
ºöåçæÄ
100
AcDbSpline
210
0.0
220
0.0
230
1.0
 70
    11
 71
     3
 72
    28
 73
    24
 74
     0
 42
0.000000001
 43
0.0000000001
 40
0.0
 40
0.0
 40
0.0
 40
0.0
 40
0.1428571428571428
 40
0.1428571428571428
 40
0.1428571428571428
 40
0.1428571528571428
 40
0.2857142857142857
 40
0.2857142857142857
 40
0.2857142857142857
 40
0.2857142957142857
 40
0.428571428571429
 40
0.428571428571429
 40
0.428571428571429
 40
0.4285714385714289
 40
0.5714285714285714
 40
0.5714285714285714
 40
0.5714285714285714
 40
0.5714285814285715
 40
0.7142857142857145
 40
0.7142857142857145
 40
0.7142857142857145
 40
0.7142857242857146
 40
1.0
 40
1.0
 40
1.0
 40
1.0
 10
1084.166031478719
 20
1001.129138119174
 30
0.0
 10
1084.166031478719
 20
1001.129138119174
 30
0.0
 10
1084.368967366161
 20
1001.129138119174
 30
0.0
 10
1084.368967366161
 20
1001.129138119174
 30
0.0
 10
1084.368967366161
 20
1001.129138119174
 30
0.0
 10
1084.368967366161
 20
1001.240911400932
 30
0.0
 10
1084.277804760477
 20
1001.332074006622
 30
0.0
 10
1084.166031478719
 20
1001.332074006622
 30
0.0
 10
1084.166031478719
 20
1001.332074006622
 30
0.0
 10
1084.053861837801
 20
1001.332074006622
 30
0.0
 10
1083.962699232118
 20
1001.240911400932
 30
0.0
 10
1083.962699232118
 20
1001.129138119174
 30
0.0
 10
1083.962699232118
 20
1001.129138119174
 30
0.0
 10
1083.962699232118
 20
1001.016968478261
 30
0.0
 10
1084.053861837801
 20
1000.925805872571
 30
0.0
 10
1084.166031478719
 20
1000.925805872571
 30
0.0
 10
1084.166031478719
 20
1000.925805872571
 30
0.0
 10
1084.277804760477
 20
1000.925805872571
 30
0.0
 10
1084.368967366161
 20
1001.016968478261
 30
0.0
 10
1084.368967366161
 20
1001.129138119174
 30
0.0
 10
1084.368967366161
 20
1001.129138119174
 30
0.0
 10
1084.368967366161
 20
1001.129138119174
 30
0.0
 10
1084.166031478719
 20
1001.129138119174
 30
0.0
 10
1084.166031478719
 20
1001.129138119174
 30
0.0
  0
SPLINE
  5
8F6
330
1F
100
AcDbEntity
  8
ºöåçæÄ
100
AcDbSpline
210
0.0
220
0.0
230
0.0
 70
    24
 71
     3
 72
     8
 73
     4
 74
     0
 42
0.000000001
 43
0.0000000001
 40
0.0
 40
0.0
 40
0.0
 40
0.0
 40
1.0
 40
1.0
 40
1.0
 40
1.0
 10
1084.718952500185
 20
1001.681662781487
 30
0.0
 10
1084.718952500185
 20
1001.681662781487
 30
0.0
 10
1085.415751894976
 20
1002.380443972054
 30
0.0
 10
1085.415751894976
 20
1002.380443972054
 30
0.0
  0
SPLINE
  5
8F7
330
1F
100
AcDbEntity
  8
ºöåçæÄ
100
AcDbSpline
210
0.0
220
0.0
230
0.0
 70
    24
 71
     3
 72
     8
 73
     4
 74
     0
 42
0.000000001
 43
0.0000000001
 40
0.0
 40
0.0
 40
0.0
 40
0.0
 40
1.0
 40
1.0
 40
1.0
 40
1.0
 10
1077.754129425488
 20
992.5099119307843
 30
0.0
 10
1077.754129425488
 20
992.5099119307843
 30
0.0
 10
1078.922992574084
 20
993.6779823610788
 30
0.0
 10
1078.922992574084
 20
993.6779823610788
 30
0.0
  0
SPLINE
  5
8F8
330
1F
100
AcDbEntity
  8
ºöåçæÄ
100
AcDbSpline
210
0.0
220
0.0
230
1.0
 70
    11
 71
     3
 72
    28
 73
    24
 74
     0
 42
0.000000001
 43
0.0000000001
 40
0.0
 40
0.0
 40
0.0
 40
0.0
 40
0.1428571428571428
 40
0.1428571428571428
 40
0.1428571428571428
 40
0.1428571528571428
 40
0.2857142857142857
 40
0.2857142857142857
 40
0.2857142857142857
 40
0.2857142957142857
 40
0.428571428571429
 40
0.428571428571429
 40
0.428571428571429
 40
0.4285714385714289
 40
0.5714285714285714
 40
0.5714285714285714
 40
0.5714285714285714
 40
0.5714285814285715
 40
0.7142857142857145
 40
0.7142857142857145
 40
0.7142857142857145
 40
0.7142857242857146
 40
1.0
 40
1.0
 40
1.0
 40
1.0
 10
1079.473931799785
 20
994.2309033825452
 30
0.0
 10
1079.473931799785
 20
994.2309033825452
 30
0.0
 10
1079.676867687227
 20
994.2309033825452
 30
0.0
 10
1079.676867687227
 20
994.2309033825452
 30
0.0
 10
1079.676867687227
 20
994.2309033825452
 30
0.0
 10
1079.676867687227
 20
994.343073023457
 30
0.0
 10
1079.585705081536
 20
994.4342356291484
 30
0.0
 10
1079.473931799785
 20
994.4342356291484
 30
0.0
 10
1079.473931799785
 20
994.4342356291484
 30
0.0
 10
1079.361762158868
 20
994.4342356291484
 30
0.0
 10
1079.270599553176
 20
994.343073023457
 30
0.0
 10
1079.270599553176
 20
994.2309033825452
 30
0.0
 10
1079.270599553176
 20
994.2309033825452
 30
0.0
 10
1079.270599553176
 20
994.1191301007847
 30
0.0
 10
1079.361762158868
 20
994.0279674950971
 30
0.0
 10
1079.473931799785
 20
994.0279674950971
 30
0.0
 10
1079.473931799785
 20
994.0279674950971
 30
0.0
 10
1079.585705081536
 20
994.0279674950971
 30
0.0
 10
1079.676867687227
 20
994.1191301007847
 30
0.0
 10
1079.676867687227
 20
994.2309033825452
 30
0.0
 10
1079.676867687227
 20
994.2309033825452
 30
0.0
 10
1079.676867687227
 20
994.2309033825452
 30
0.0
 10
1079.473931799785
 20
994.2309033825452
 30
0.0
 10
1079.473931799785
 20
994.2309033825452
 30
0.0
  0
SPLINE
  5
8F9
330
1F
100
AcDbEntity
  8
ºöåçæÄ
100
AcDbSpline
210
0.0
220
0.0
230
0.0
 70
    24
 71
     3
 72
     8
 73
     4
 74
     0
 42
0.000000001
 43
0.0000000001
 40
0.0
 40
0.0
 40
0.0
 40
0.0
 40
1.0
 40
1.0
 40
1.0
 40
1.0
 10
1080.026456462085
 20
994.7834280448544
 30
0.0
 10
1080.026456462085
 20
994.7834280448544
 30
0.0
 10
1082.785908900402
 20
997.5416914057033
 30
0.0
 10
1082.785908900402
 20
997.5416914057033
 30
0.0
  0
SPLINE
  5
8FA
330
1F
100
AcDbEntity
  8
ºöåçæÄ
100
AcDbSpline
210
0.0
220
0.0
230
1.0
 70
    11
 71
     3
 72
    28
 73
    24
 74
     0
 42
0.000000001
 43
0.0000000001
 40
0.0
 40
0.0
 40
0.0
 40
0.0
 40
0.1428571428571428
 40
0.1428571428571428
 40
0.1428571428571428
 40
0.1428571528571428
 40
0.2857142857142857
 40
0.2857142857142857
 40
0.2857142857142857
 40
0.2857142957142857
 40
0.428571428571429
 40
0.428571428571429
 40
0.428571428571429
 40
0.4285714385714289
 40
0.5714285714285714
 40
0.5714285714285714
 40
0.5714285714285714
 40
0.5714285814285715
 40
0.7142857142857145
 40
0.7142857142857145
 40
0.7142857142857145
 40
0.7142857242857146
 40
1.0
 40
1.0
 40
1.0
 40
1.0
 10
1083.338829921868
 20
998.0942160680164
 30
0.0
 10
1083.338829921868
 20
998.0942160680164
 30
0.0
 10
1083.542162168484
 20
998.0942160680164
 30
0.0
 10
1083.542162168484
 20
998.0942160680164
 30
0.0
 10
1083.542162168484
 20
998.0942160680164
 30
0.0
 10
1083.542162168484
 20
998.2063857089281
 30
0.0
 10
1083.450999562785
 20
998.2975483146176
 30
0.0
 10
1083.338829921868
 20
998.2975483146176
 30
0.0
 10
1083.338829921868
 20
998.2975483146176
 30
0.0
 10
1083.22705664011
 20
998.2975483146176
 30
0.0
 10
1083.135894034426
 20
998.2063857089281
 30
0.0
 10
1083.135894034426
 20
998.0942160680164
 30
0.0
 10
1083.135894034426
 20
998.0942160680164
 30
0.0
 10
1083.135894034426
 20
997.9824427862542
 30
0.0
 10
1083.22705664011
 20
997.8908838214113
 30
0.0
 10
1083.338829921868
 20
997.8908838214113
 30
0.0
 10
1083.338829921868
 20
997.8908838214113
 30
0.0
 10
1083.450999562785
 20
997.8908838214113
 30
0.0
 10
1083.542162168484
 20
997.9824427862542
 30
0.0
 10
1083.542162168484
 20
998.0942160680164
 30
0.0
 10
1083.542162168484
 20
998.0942160680164
 30
0.0
 10
1083.542162168484
 20
998.0942160680164
 30
0.0
 10
1083.338829921868
 20
998.0942160680164
 30
0.0
 10
1083.338829921868
 20
998.0942160680164
 30
0.0
  0
SPLINE
  5
8FB
330
1F
100
AcDbEntity
  8
ºöåçæÄ
100
AcDbSpline
210
0.0
220
0.0
230
0.0
 70
    24
 71
     3
 72
     8
 73
     4
 74
     0
 42
0.000000001
 43
0.0000000001
 40
0.0
 40
0.0
 40
0.0
 40
0.0
 40
1.0
 40
1.0
 40
1.0
 40
1.0
 10
1083.889769147561
 20
998.6451552937062
 30
0.0
 10
1083.889769147561
 20
998.6451552937062
 30
0.0
 10
1086.649617945037
 20
1001.405004091172
 30
0.0
 10
1086.649617945037
 20
1001.405004091172
 30
0.0
  0
SPLINE
  5
8FC
330
1F
100
AcDbEntity
  8
ºöåçæÄ
100
AcDbSpline
210
0.0
220
0.0
230
1.0
 70
    11
 71
     3
 72
    28
 73
    24
 74
     0
 42
0.000000001
 43
0.0000000001
 40
0.0
 40
0.0
 40
0.0
 40
0.0
 40
0.1428571428571428
 40
0.1428571428571428
 40
0.1428571428571428
 40
0.1428571528571428
 40
0.2857142857142857
 40
0.2857142857142857
 40
0.2857142857142857
 40
0.2857142957142857
 40
0.428571428571429
 40
0.428571428571429
 40
0.428571428571429
 40
0.4285714385714289
 40
0.5714285714285714
 40
0.5714285714285714
 40
0.5714285714285714
 40
0.5714285814285715
 40
0.7142857142857145
 40
0.7142857142857145
 40
0.7142857142857145
 40
0.7142857242857146
 40
1.0
 40
1.0
 40
1.0
 40
1.0
 10
1087.200557170716
 20
1001.957925112641
 30
0.0
 10
1087.200557170716
 20
1001.957925112641
 30
0.0
 10
1087.403889417325
 20
1001.957925112641
 30
0.0
 10
1087.403889417325
 20
1001.957925112641
 30
0.0
 10
1087.403889417325
 20
1001.957925112641
 30
0.0
 10
1087.403889417325
 20
1002.069698394399
 30
0.0
 10
1087.312726811626
 20
1002.161257359244
 30
0.0
 10
1087.200557170716
 20
1002.161257359244
 30
0.0
 10
1087.200557170716
 20
1002.161257359244
 30
0.0
 10
1087.088783888965
 20
1002.161257359244
 30
0.0
 10
1086.997621283274
 20
1002.069698394399
 30
0.0
 10
1086.997621283274
 20
1001.957925112641
 30
0.0
 10
1086.997621283274
 20
1001.957925112641
 30
0.0
 10
1086.997621283274
 20
1001.84615183088
 30
0.0
 10
1087.088783888965
 20
1001.754592866036
 30
0.0
 10
1087.200557170716
 20
1001.754592866036
 30
0.0
 10
1087.200557170716
 20
1001.754592866036
 30
0.0
 10
1087.312726811626
 20
1001.754592866036
 30
0.0
 10
1087.403889417325
 20
1001.84615183088
 30
0.0
 10
1087.403889417325
 20
1001.957925112641
 30
0.0
 10
1087.403889417325
 20
1001.957925112641
 30
0.0
 10
1087.403889417325
 20
1001.957925112641
 30
0.0
 10
1087.200557170716
 20
1001.957925112641
 30
0.0
 10
1087.200557170716
 20
1001.957925112641
 30
0.0
  0
SPLINE
  5
8FD
330
1F
100
AcDbEntity
  8
ºöåçæÄ
100
AcDbSpline
210
0.0
220
0.0
230
0.0
 70
    24
 71
     3
 72
     8
 73
     4
 74
     0
 42
0.000000001
 43
0.0000000001
 40
0.0
 40
0.0
 40
0.0
 40
0.0
 40
1.0
 40
1.0
 40
1.0
 40
1.0
 10
1079.961453560642
 20
992.5099119307843
 30
0.0
 10
1079.961453560642
 20
992.5099119307843
 30
0.0
 10
1081.95910370271
 20
994.5071657136988
 30
0.0
 10
1081.95910370271
 20
994.5071657136988
 30
0.0
  0
SPLINE
  5
8FE
330
1F
100
AcDbEntity
  8
ºöåçæÄ
100
AcDbSpline
210
0.0
220
0.0
230
1.0
 70
    11
 71
     3
 72
    28
 73
    24
 74
     0
 42
0.000000001
 43
0.0000000001
 40
0.0
 40
0.0
 40
0.0
 40
0.0
 40
0.1428571428571428
 40
0.1428571428571428
 40
0.1428571428571428
 40
0.1428571528571428
 40
0.2857142857142857
 40
0.2857142857142857
 40
0.2857142857142857
 40
0.2857142957142857
 40
0.428571428571429
 40
0.428571428571429
 40
0.428571428571429
 40
0.4285714385714289
 40
0.5714285714285714
 40
0.5714285714285714
 40
0.5714285714285714
 40
0.5714285814285715
 40
0.7142857142857145
 40
0.7142857142857145
 40
0.7142857142857145
 40
0.7142857242857146
 40
1.0
 40
1.0
 40
1.0
 40
1.0
 10
1082.510042928403
 20
995.0581049393907
 30
0.0
 10
1082.510042928403
 20
995.0581049393907
 30
0.0
 10
1082.713375175005
 20
995.0581049393907
 30
0.0
 10
1082.713375175005
 20
995.0581049393907
 30
0.0
 10
1082.713375175005
 20
995.0581049393907
 30
0.0
 10
1082.713375175005
 20
995.169878221149
 30
0.0
 10
1082.621816210169
 20
995.2610408268403
 30
0.0
 10
1082.510042928403
 20
995.2610408268403
 30
0.0
 10
1082.510042928403
 20
995.2610408268403
 30
0.0
 10
1082.398269646645
 20
995.2610408268403
 30
0.0
 10
1082.306710681809
 20
995.169878221149
 30
0.0
 10
1082.306710681809
 20
995.0581049393907
 30
0.0
 10
1082.306710681809
 20
995.0581049393907
 30
0.0
 10
1082.306710681809
 20
994.9459352984773
 30
0.0
 10
1082.398269646645
 20
994.8547726927856
 30
0.0
 10
1082.510042928403
 20
994.8547726927856
 30
0.0
 10
1082.510042928403
 20
994.8547726927856
 30
0.0
 10
1082.621816210169
 20
994.8547726927856
 30
0.0
 10
1082.713375175005
 20
994.9459352984773
 30
0.0
 10
1082.713375175005
 20
995.0581049393907
 30
0.0
 10
1082.713375175005
 20
995.0581049393907
 30
0.0
 10
1082.713375175005
 20
995.0581049393907
 30
0.0
 10
1082.510042928403
 20
995.0581049393907
 30
0.0
 10
1082.510042928403
 20
995.0581049393907
 30
0.0
  0
SPLINE
  5
8FF
330
1F
100
AcDbEntity
  8
ºöåçæÄ
100
AcDbSpline
210
0.0
220
0.0
230
0.0
 70
    24
 71
     3
 72
     8
 73
     4
 74
     0
 42
0.000000001
 43
0.0000000001
 40
0.0
 40
0.0
 40
0.0
 40
0.0
 40
1.0
 40
1.0
 40
1.0
 40
1.0
 10
1083.062567590718
 20
995.6110259608568
 30
0.0
 10
1083.062567590718
 20
995.6110259608568
 30
0.0
 10
1085.820830951572
 20
998.3688929625508
 30
0.0
 10
1085.820830951572
 20
998.3688929625508
 30
0.0
  0
SPLINE
  5
900
330
1F
100
AcDbEntity
  8
ºöåçæÄ
100
AcDbSpline
210
0.0
220
0.0
230
1.0
 70
    11
 71
     3
 72
    28
 73
    24
 74
     0
 42
0.000000001
 43
0.0000000001
 40
0.0
 40
0.0
 40
0.0
 40
0.0
 40
0.1428571428571428
 40
0.1428571428571428
 40
0.1428571428571428
 40
0.1428571528571428
 40
0.2857142857142857
 40
0.2857142857142857
 40
0.2857142857142857
 40
0.2857142957142857
 40
0.428571428571429
 40
0.428571428571429
 40
0.428571428571429
 40
0.4285714385714289
 40
0.5714285714285714
 40
0.5714285714285714
 40
0.5714285714285714
 40
0.5714285814285715
 40
0.7142857142857145
 40
0.7142857142857145
 40
0.7142857142857145
 40
0.7142857242857146
 40
1.0
 40
1.0
 40
1.0
 40
1.0
 10
1086.37335561388
 20
998.9218139840152
 30
0.0
 10
1086.37335561388
 20
998.9218139840152
 30
0.0
 10
1086.576291501329
 20
998.9218139840152
 30
0.0
 10
1086.576291501329
 20
998.9218139840152
 30
0.0
 10
1086.576291501329
 20
998.9218139840152
 30
0.0
 10
1086.576291501329
 20
999.0335872657752
 30
0.0
 10
1086.485128895624
 20
999.1247498714647
 30
0.0
 10
1086.37335561388
 20
999.1247498714647
 30
0.0
 10
1086.37335561388
 20
999.1247498714647
 30
0.0
 10
1086.261185972962
 20
999.1247498714647
 30
0.0
 10
1086.170023367278
 20
999.0335872657752
 30
0.0
 10
1086.170023367278
 20
998.9218139840152
 30
0.0
 10
1086.170023367278
 20
998.9218139840152
 30
0.0
 10
1086.170023367278
 20
998.8096443431031
 30
0.0
 10
1086.261185972962
 20
998.7184817374119
 30
0.0
 10
1086.37335561388
 20
998.7184817374119
 30
0.0
 10
1086.37335561388
 20
998.7184817374119
 30
0.0
 10
1086.485128895624
 20
998.7184817374119
 30
0.0
 10
1086.576291501329
 20
998.8096443431031
 30
0.0
 10
1086.576291501329
 20
998.9218139840152
 30
0.0
 10
1086.576291501329
 20
998.9218139840152
 30
0.0
 10
1086.576291501329
 20
998.9218139840152
 30
0.0
 10
1086.37335561388
 20
998.9218139840152
 30
0.0
 10
1086.37335561388
 20
998.9218139840152
 30
0.0
  0
SPLINE
  5
901
330
1F
100
AcDbEntity
  8
ºöåçæÄ
100
AcDbSpline
210
0.0
220
0.0
230
0.0
 70
    24
 71
     3
 72
     8
 73
     4
 74
     0
 42
0.000000001
 43
0.0000000001
 40
0.0
 40
0.0
 40
0.0
 40
0.0
 40
1.0
 40
1.0
 40
1.0
 40
1.0
 10
1086.926276635339
 20
999.473942287171
 30
0.0
 10
1086.926276635339
 20
999.473942287171
 30
0.0
 10
1089.685729073655
 20
1002.233791084641
 30
0.0
 10
1089.685729073655
 20
1002.233791084641
 30
0.0
  0
SPLINE
  5
902
330
1F
100
AcDbEntity
  8
ºöåçæÄ
100
AcDbSpline
210
0.0
220
0.0
230
1.0
 70
    11
 71
     3
 72
    28
 73
    24
 74
     0
 42
0.000000001
 43
0.0000000001
 40
0.0
 40
0.0
 40
0.0
 40
0.0
 40
0.1428571428571428
 40
0.1428571428571428
 40
0.1428571428571428
 40
0.1428571528571428
 40
0.2857142857142857
 40
0.2857142857142857
 40
0.2857142857142857
 40
0.2857142957142857
 40
0.428571428571429
 40
0.428571428571429
 40
0.428571428571429
 40
0.4285714385714289
 40
0.5714285714285714
 40
0.5714285714285714
 40
0.5714285714285714
 40
0.5714285814285715
 40
0.7142857142857145
 40
0.7142857142857145
 40
0.7142857142857145
 40
0.7142857242857146
 40
1.0
 40
1.0
 40
1.0
 40
1.0
 10
1089.831985601912
 20
1002.380443972054
 30
0.0
 10
1089.831985601912
 20
1002.380443972054
 30
0.0
 10
1090.03531784852
 20
1002.380443972054
 30
0.0
 10
1090.03531784852
 20
1002.380443972054
 30
0.0
 10
1090.03531784852
 20
1002.380443972054
 30
0.0
 10
1090.03531784852
 20
1002.492217253813
 30
0.0
 10
1089.94375888367
 20
1002.583776218659
 30
0.0
 10
1089.831985601912
 20
1002.583776218659
 30
0.0
 10
1089.831985601912
 20
1002.583776218659
 30
0.0
 10
1089.719815961002
 20
1002.583776218659
 30
0.0
 10
1089.628653355303
 20
1002.492217253813
 30
0.0
 10
1089.628653355303
 20
1002.380443972054
 30
0.0
 10
1089.628653355303
 20
1002.380443972054
 30
0.0
 10
1089.628653355303
 20
1002.268274331141
 30
0.0
 10
1089.719815961002
 20
1002.177111725453
 30
0.0
 10
1089.831985601912
 20
1002.177111725453
 30
0.0
 10
1089.831985601912
 20
1002.177111725453
 30
0.0
 10
1089.94375888367
 20
1002.177111725453
 30
0.0
 10
1090.03531784852
 20
1002.268274331141
 30
0.0
 10
1090.03531784852
 20
1002.380443972054
 30
0.0
 10
1090.03531784852
 20
1002.380443972054
 30
0.0
 10
1090.03531784852
 20
1002.380443972054
 30
0.0
 10
1089.831985601912
 20
1002.380443972054
 30
0.0
 10
1089.831985601912
 20
1002.380443972054
 30
0.0
  0
SPLINE
  5
903
330
1F
100
AcDbEntity
  8
ºöåçæÄ
100
AcDbSpline
210
0.0
220
0.0
230
1.0
 70
     8
 71
     3
 72
    16
 73
    12
 74
     0
 42
0.000000001
 43
0.0000000001
 40
0.070163275988506
 40
0.070163275988506
 40
0.070163275988506
 40
0.070163275988506
 40
0.1428571428571428
 40
0.1428571428571428
 40
0.1428571428571428
 40
0.1428571528571428
 40
0.2857142857142857
 40
0.2857142857142857
 40
0.2857142857142857
 40
0.2857142957142857
 40
0.428571428571429
 40
0.428571428571429
 40
0.428571428571429
 40
0.428571428571429
 10
1082.26754979607
 20
992.5099119307843
 30
0.0
 10
1082.319166274571
 20
992.5099119307843
 30
0.0
 10
1082.371713583252
 20
992.5099119307843
 30
0.0
 10
1082.371713583245
 20
992.5099119307843
 30
0.0
 10
1082.371713583245
 20
992.5099119307843
 30
0.0
 10
1082.371713583245
 20
992.6216852125428
 30
0.0
 10
1082.280550977554
 20
992.7128478182323
 30
0.0
 10
1082.16877769581
 20
992.7128478182323
 30
0.0
 10
1082.16877769581
 20
992.7128478182323
 30
0.0
 10
1082.056608054878
 20
992.7128478182323
 30
0.0
 10
1081.965445449201
 20
992.6216852125428
 30
0.0
 10
1081.965445449201
 20
992.5099119307843
 30
0.0
  0
SPLINE
  5
904
330
1F
100
AcDbEntity
  8
ºöåçæÄ
100
AcDbSpline
210
0.0
220
0.0
230
0.0
 70
    24
 71
     3
 72
     8
 73
     4
 74
     0
 42
0.000000001
 43
0.0000000001
 40
0.0
 40
0.0
 40
0.0
 40
0.0
 40
1.0
 40
1.0
 40
1.0
 40
1.0
 10
1082.234969674715
 20
992.574518473078
 30
0.0
 10
1082.234969674715
 20
992.574518473078
 30
0.0
 10
1084.993233035563
 20
995.3343672705479
 30
0.0
 10
1084.993233035563
 20
995.3343672705479
 30
0.0
  0
SPLINE
  5
905
330
1F
100
AcDbEntity
  8
ºöåçæÄ
100
AcDbSpline
210
0.0
220
0.0
230
1.0
 70
    11
 71
     3
 72
    28
 73
    24
 74
     0
 42
0.000000001
 43
0.0000000001
 40
0.0
 40
0.0
 40
0.0
 40
0.0
 40
0.1428571428571428
 40
0.1428571428571428
 40
0.1428571428571428
 40
0.1428571528571428
 40
0.2857142857142857
 40
0.2857142857142857
 40
0.2857142857142857
 40
0.2857142957142857
 40
0.428571428571429
 40
0.428571428571429
 40
0.428571428571429
 40
0.4285714385714289
 40
0.5714285714285714
 40
0.5714285714285714
 40
0.5714285714285714
 40
0.5714285814285715
 40
0.7142857142857145
 40
0.7142857142857145
 40
0.7142857142857145
 40
0.7142857242857146
 40
1.0
 40
1.0
 40
1.0
 40
1.0
 10
1085.546154057022
 20
995.8868919328551
 30
0.0
 10
1085.546154057022
 20
995.8868919328551
 30
0.0
 10
1085.749486303638
 20
995.8868919328551
 30
0.0
 10
1085.749486303638
 20
995.8868919328551
 30
0.0
 10
1085.749486303638
 20
995.8868919328551
 30
0.0
 10
1085.749486303638
 20
995.9986652146156
 30
0.0
 10
1085.658323697946
 20
996.0902241794604
 30
0.0
 10
1085.546154057022
 20
996.0902241794604
 30
0.0
 10
1085.546154057022
 20
996.0902241794604
 30
0.0
 10
1085.434380775271
 20
996.0902241794604
 30
0.0
 10
1085.343218169579
 20
995.9986652146156
 30
0.0
 10
1085.343218169579
 20
995.8868919328551
 30
0.0
 10
1085.343218169579
 20
995.8868919328551
 30
0.0
 10
1085.343218169579
 20
995.7751186510988
 30
0.0
 10
1085.434380775271
 20
995.6835596862539
 30
0.0
 10
1085.546154057022
 20
995.6835596862539
 30
0.0
 10
1085.546154057022
 20
995.6835596862539
 30
0.0
 10
1085.658323697946
 20
995.6835596862539
 30
0.0
 10
1085.749486303638
 20
995.7751186510988
 30
0.0
 10
1085.749486303638
 20
995.8868919328551
 30
0.0
 10
1085.749486303638
 20
995.8868919328551
 30
0.0
 10
1085.749486303638
 20
995.8868919328551
 30
0.0
 10
1085.546154057022
 20
995.8868919328551
 30
0.0
 10
1085.546154057022
 20
995.8868919328551
 30
0.0
  0
SPLINE
  5
906
330
1F
100
AcDbEntity
  8
ºöåçæÄ
100
AcDbSpline
210
0.0
220
0.0
230
0.0
 70
    24
 71
     3
 72
     8
 73
     4
 74
     0
 42
0.000000001
 43
0.0000000001
 40
0.0
 40
0.0
 40
0.0
 40
0.0
 40
1.0
 40
1.0
 40
1.0
 40
1.0
 10
1086.096696923571
 20
996.4378311585488
 30
0.0
 10
1086.096696923571
 20
996.4378311585488
 30
0.0
 10
1088.856942080191
 20
999.1980763151726
 30
0.0
 10
1088.856942080191
 20
999.1980763151726
 30
0.0
  0
SPLINE
  5
907
330
1F
100
AcDbEntity
  8
ºöåçæÄ
100
AcDbSpline
210
0.0
220
0.0
230
1.0
 70
    11
 71
     3
 72
    28
 73
    24
 74
     0
 42
0.000000001
 43
0.0000000001
 40
0.0
 40
0.0
 40
0.0
 40
0.0
 40
0.1428571428571428
 40
0.1428571428571428
 40
0.1428571428571428
 40
0.1428571528571428
 40
0.2857142857142857
 40
0.2857142857142857
 40
0.2857142857142857
 40
0.2857142957142857
 40
0.428571428571429
 40
0.428571428571429
 40
0.428571428571429
 40
0.4285714385714289
 40
0.5714285714285714
 40
0.5714285714285714
 40
0.5714285714285714
 40
0.5714285814285715
 40
0.7142857142857145
 40
0.7142857142857145
 40
0.7142857142857145
 40
0.7142857242857146
 40
1.0
 40
1.0
 40
1.0
 40
1.0
 10
1089.409466742498
 20
999.7490155408623
 30
0.0
 10
1089.409466742498
 20
999.7490155408623
 30
0.0
 10
1089.612798989107
 20
999.7490155408623
 30
0.0
 10
1089.612798989107
 20
999.7490155408623
 30
0.0
 10
1089.612798989107
 20
999.7490155408623
 30
0.0
 10
1089.612798989107
 20
999.8607888226207
 30
0.0
 10
1089.521240024264
 20
999.9523477874639
 30
0.0
 10
1089.409466742498
 20
999.9523477874639
 30
0.0
 10
1089.409466742498
 20
999.9523477874639
 30
0.0
 10
1089.297693460747
 20
999.9523477874639
 30
0.0
 10
1089.206134495897
 20
999.8607888226207
 30
0.0
 10
1089.206134495897
 20
999.7490155408623
 30
0.0
 10
1089.206134495897
 20
999.7490155408623
 30
0.0
 10
1089.206134495897
 20
999.6368458999487
 30
0.0
 10
1089.297693460747
 20
999.5460796534128
 30
0.0
 10
1089.409466742498
 20
999.5460796534128
 30
0.0
 10
1089.409466742498
 20
999.5460796534128
 30
0.0
 10
1089.521240024264
 20
999.5460796534128
 30
0.0
 10
1089.612798989107
 20
999.6368458999487
 30
0.0
 10
1089.612798989107
 20
999.7490155408623
 30
0.0
 10
1089.612798989107
 20
999.7490155408623
 30
0.0
 10
1089.612798989107
 20
999.7490155408623
 30
0.0
 10
1089.409466742498
 20
999.7490155408623
 30
0.0
 10
1089.409466742498
 20
999.7490155408623
 30
0.0
  0
SPLINE
  5
908
330
1F
100
AcDbEntity
  8
ºöåçæÄ
100
AcDbSpline
210
0.0
220
0.0
230
0.0
 70
    24
 71
     3
 72
     8
 73
     4
 74
     0
 42
0.000000001
 43
0.0000000001
 40
0.0
 40
0.0
 40
0.0
 40
0.0
 40
1.0
 40
1.0
 40
1.0
 40
1.0
 10
1089.962387763957
 20
1000.301540203172
 30
0.0
 10
1089.962387763957
 20
1000.301540203172
 30
0.0
 10
1092.039309737073
 20
1002.380443972054
 30
0.0
 10
1092.039309737073
 20
1002.380443972054
 30
0.0
  0
SPLINE
  5
909
330
1F
100
AcDbEntity
  8
ºöåçæÄ
100
AcDbSpline
210
0.0
220
0.0
230
1.0
 70
    11
 71
     3
 72
    28
 73
    24
 74
     0
 42
0.000000001
 43
0.0000000001
 40
0.0
 40
0.0
 40
0.0
 40
0.0
 40
0.1428571428571428
 40
0.1428571428571428
 40
0.1428571428571428
 40
0.1428571528571428
 40
0.2857142857142857
 40
0.2857142857142857
 40
0.2857142857142857
 40
0.2857142957142857
 40
0.428571428571429
 40
0.428571428571429
 40
0.428571428571429
 40
0.4285714385714289
 40
0.5714285714285714
 40
0.5714285714285714
 40
0.5714285714285714
 40
0.5714285814285715
 40
0.7142857142857145
 40
0.7142857142857145
 40
0.7142857142857145
 40
0.7142857242857146
 40
1.0
 40
1.0
 40
1.0
 40
1.0
 10
1084.718952500185
 20
992.8511771633887
 30
0.0
 10
1084.718952500185
 20
992.8511771633887
 30
0.0
 10
1084.921888387628
 20
992.8511771633887
 30
0.0
 10
1084.921888387628
 20
992.8511771633887
 30
0.0
 10
1084.921888387628
 20
992.8511771633887
 30
0.0
 10
1084.921888387628
 20
992.9629504451472
 30
0.0
 10
1084.830725781944
 20
993.0545094099935
 30
0.0
 10
1084.718952500185
 20
993.0545094099935
 30
0.0
 10
1084.718952500185
 20
993.0545094099935
 30
0.0
 10
1084.606782859268
 20
993.0545094099935
 30
0.0
 10
1084.515620253577
 20
992.9629504451472
 30
0.0
 10
1084.515620253577
 20
992.8511771633887
 30
0.0
 10
1084.515620253577
 20
992.8511771633887
 30
0.0
 10
1084.515620253577
 20
992.7390075224733
 30
0.0
 10
1084.606782859268
 20
992.6478449167836
 30
0.0
 10
1084.718952500185
 20
992.6478449167836
 30
0.0
 10
1084.718952500185
 20
992.6478449167836
 30
0.0
 10
1084.830725781944
 20
992.6478449167836
 30
0.0
 10
1084.921888387628
 20
992.7390075224733
 30
0.0
 10
1084.921888387628
 20
992.8511771633887
 30
0.0
 10
1084.921888387628
 20
992.8511771633887
 30
0.0
 10
1084.921888387628
 20
992.8511771633887
 30
0.0
 10
1084.718952500185
 20
992.8511771633887
 30
0.0
 10
1084.718952500185
 20
992.8511771633887
 30
0.0
  0
SPLINE
  5
90A
330
1F
100
AcDbEntity
  8
ºöåçæÄ
100
AcDbSpline
210
0.0
220
0.0
230
0.0
 70
    24
 71
     3
 72
     8
 73
     4
 74
     0
 42
0.000000001
 43
0.0000000001
 40
0.0
 40
0.0
 40
0.0
 40
0.0
 40
1.0
 40
1.0
 40
1.0
 40
1.0
 10
1085.269891725879
 20
993.4037018256995
 30
0.0
 10
1085.269891725879
 20
993.4037018256995
 30
0.0
 10
1088.02974052334
 20
996.1619651865468
 30
0.0
 10
1088.02974052334
 20
996.1619651865468
 30
0.0
  0
SPLINE
  5
90B
330
1F
100
AcDbEntity
  8
ºöåçæÄ
100
AcDbSpline
210
0.0
220
0.0
230
1.0
 70
    11
 71
     3
 72
    28
 73
    24
 74
     0
 42
0.000000001
 43
0.0000000001
 40
0.0
 40
0.0
 40
0.0
 40
0.0
 40
0.1428571428571428
 40
0.1428571428571428
 40
0.1428571428571428
 40
0.1428571528571428
 40
0.2857142857142857
 40
0.2857142857142857
 40
0.2857142857142857
 40
0.2857142957142857
 40
0.428571428571429
 40
0.428571428571429
 40
0.428571428571429
 40
0.4285714385714289
 40
0.5714285714285714
 40
0.5714285714285714
 40
0.5714285714285714
 40
0.5714285814285715
 40
0.7142857142857145
 40
0.7142857142857145
 40
0.7142857142857145
 40
0.7142857242857146
 40
1.0
 40
1.0
 40
1.0
 40
1.0
 10
1088.580679749026
 20
996.714489848858
 30
0.0
 10
1088.580679749026
 20
996.714489848858
 30
0.0
 10
1088.783615636483
 20
996.714489848858
 30
0.0
 10
1088.783615636483
 20
996.714489848858
 30
0.0
 10
1088.783615636483
 20
996.714489848858
 30
0.0
 10
1088.783615636483
 20
996.8262631306163
 30
0.0
 10
1088.692453030792
 20
996.9174257363059
 30
0.0
 10
1088.580679749026
 20
996.9174257363059
 30
0.0
 10
1088.580679749026
 20
996.9174257363059
 30
0.0
 10
1088.468510108116
 20
996.9174257363059
 30
0.0
 10
1088.377347502432
 20
996.8262631306163
 30
0.0
 10
1088.377347502432
 20
996.714489848858
 30
0.0
 10
1088.377347502432
 20
996.714489848858
 30
0.0
 10
1088.377347502432
 20
996.6023202079442
 30
0.0
 10
1088.468510108116
 20
996.5111576022549
 30
0.0
 10
1088.580679749026
 20
996.5111576022549
 30
0.0
 10
1088.580679749026
 20
996.5111576022549
 30
0.0
 10
1088.692453030792
 20
996.5111576022549
 30
0.0
 10
1088.783615636483
 20
996.6023202079442
 30
0.0
 10
1088.783615636483
 20
996.714489848858
 30
0.0
 10
1088.783615636483
 20
996.714489848858
 30
0.0
 10
1088.783615636483
 20
996.714489848858
 30
0.0
 10
1088.580679749026
 20
996.714489848858
 30
0.0
 10
1088.580679749026
 20
996.714489848858
 30
0.0
  0
SPLINE
  5
90C
330
1F
100
AcDbEntity
  8
ºöåçæÄ
100
AcDbSpline
210
0.0
220
0.0
230
0.0
 70
    24
 71
     3
 72
     8
 73
     4
 74
     0
 42
0.000000001
 43
0.0000000001
 40
0.0
 40
0.0
 40
0.0
 40
0.0
 40
1.0
 40
1.0
 40
1.0
 40
1.0
 10
1089.133204411341
 20
997.2654290745479
 30
0.0
 10
1089.133204411341
 20
997.2654290745479
 30
0.0
 10
1091.893449567968
 20
1000.025277872016
 30
0.0
 10
1091.893449567968
 20
1000.025277872016
 30
0.0
  0
SPLINE
  5
90D
330
1F
100
AcDbEntity
  8
ºöåçæÄ
100
AcDbSpline
210
0.0
220
0.0
230
1.0
 70
    11
 71
     3
 72
    28
 73
    24
 74
     0
 42
0.000000001
 43
0.0000000001
 40
0.0
 40
0.0
 40
0.0
 40
0.0
 40
0.1428571428571428
 40
0.1428571428571428
 40
0.1428571428571428
 40
0.1428571528571428
 40
0.2857142857142857
 40
0.2857142857142857
 40
0.2857142857142857
 40
0.2857142957142857
 40
0.428571428571429
 40
0.428571428571429
 40
0.428571428571429
 40
0.4285714385714289
 40
0.5714285714285714
 40
0.5714285714285714
 40
0.5714285714285714
 40
0.5714285814285715
 40
0.7142857142857145
 40
0.7142857142857145
 40
0.7142857142857145
 40
0.7142857242857146
 40
1.0
 40
1.0
 40
1.0
 40
1.0
 10
1092.443992434503
 20
1000.57859525264
 30
0.0
 10
1092.443992434503
 20
1000.57859525264
 30
0.0
 10
1092.646928321952
 20
1000.57859525264
 30
0.0
 10
1092.646928321952
 20
1000.57859525264
 30
0.0
 10
1092.646928321952
 20
1000.57859525264
 30
0.0
 10
1092.646928321952
 20
1000.689972175242
 30
0.0
 10
1092.555765716268
 20
1000.781531140087
 30
0.0
 10
1092.443992434503
 20
1000.781531140087
 30
0.0
 10
1092.443992434503
 20
1000.781531140087
 30
0.0
 10
1092.331822793585
 20
1000.781531140087
 30
0.0
 10
1092.240660187902
 20
1000.689972175242
 30
0.0
 10
1092.240660187902
 20
1000.57859525264
 30
0.0
 10
1092.240660187902
 20
1000.57859525264
 30
0.0
 10
1092.240660187902
 20
1000.466029252569
 30
0.0
 10
1092.331822793585
 20
1000.374866646879
 30
0.0
 10
1092.443992434503
 20
1000.374866646879
 30
0.0
 10
1092.443992434503
 20
1000.374866646879
 30
0.0
 10
1092.555765716268
 20
1000.374866646879
 30
0.0
 10
1092.646928321952
 20
1000.466029252569
 30
0.0
 10
1092.646928321952
 20
1000.57859525264
 30
0.0
 10
1092.646928321952
 20
1000.57859525264
 30
0.0
 10
1092.646928321952
 20
1000.57859525264
 30
0.0
 10
1092.443992434503
 20
1000.57859525264
 30
0.0
 10
1092.443992434503
 20
1000.57859525264
 30
0.0
  0
SPLINE
  5
90E
330
1F
100
AcDbEntity
  8
ºöåçæÄ
100
AcDbSpline
210
0.0
220
0.0
230
0.0
 70
    24
 71
     3
 72
     8
 73
     4
 74
     0
 42
0.000000001
 43
0.0000000001
 40
0.0
 40
0.0
 40
0.0
 40
0.0
 40
1.0
 40
1.0
 40
1.0
 40
1.0
 10
1092.99651709681
 20
1001.129138119174
 30
0.0
 10
1092.99651709681
 20
1001.129138119174
 30
0.0
 10
1093.596604857758
 20
1001.730414957569
 30
0.0
 10
1093.596604857758
 20
1001.730414957569
 30
0.0
  0
SPLINE
  5
90F
330
1F
100
AcDbEntity
  8
ºöåçæÄ
100
AcDbSpline
210
0.0
220
0.0
230
0.0
 70
    24
 71
     3
 72
     8
 73
     4
 74
     0
 42
0.000000001
 43
0.0000000001
 40
0.0
 40
0.0
 40
0.0
 40
0.0
 40
1.0
 40
1.0
 40
1.0
 40
1.0
 10
1086.584615043579
 20
992.5099119307843
 30
0.0
 10
1086.584615043579
 20
992.5099119307843
 30
0.0
 10
1087.200557170716
 20
993.1270431353889
 30
0.0
 10
1087.200557170716
 20
993.1270431353889
 30
0.0
  0
SPLINE
  5
910
330
1F
100
AcDbEntity
  8
ºöåçæÄ
100
AcDbSpline
210
0.0
220
0.0
230
1.0
 70
    11
 71
     3
 72
    28
 73
    24
 74
     0
 42
0.000000001
 43
0.0000000001
 40
0.0
 40
0.0
 40
0.0
 40
0.0
 40
0.1428571428571428
 40
0.1428571428571428
 40
0.1428571428571428
 40
0.1428571528571428
 40
0.2857142857142857
 40
0.2857142857142857
 40
0.2857142857142857
 40
0.2857142957142857
 40
0.428571428571429
 40
0.428571428571429
 40
0.428571428571429
 40
0.4285714385714289
 40
0.5714285714285714
 40
0.5714285714285714
 40
0.5714285714285714
 40
0.5714285814285715
 40
0.7142857142857145
 40
0.7142857142857145
 40
0.7142857142857145
 40
0.7142857242857146
 40
1.0
 40
1.0
 40
1.0
 40
1.0
 10
1087.753081833031
 20
993.6779823610788
 30
0.0
 10
1087.753081833031
 20
993.6779823610788
 30
0.0
 10
1087.956414079632
 20
993.6779823610788
 30
0.0
 10
1087.956414079632
 20
993.6779823610788
 30
0.0
 10
1087.956414079632
 20
993.6779823610788
 30
0.0
 10
1087.956414079632
 20
993.7901520019924
 30
0.0
 10
1087.865251473941
 20
993.8813146076821
 30
0.0
 10
1087.753081833031
 20
993.8813146076821
 30
0.0
 10
1087.753081833031
 20
993.8813146076821
 30
0.0
 10
1087.641308551273
 20
993.8813146076821
 30
0.0
 10
1087.550145945581
 20
993.7901520019924
 30
0.0
 10
1087.550145945581
 20
993.6779823610788
 30
0.0
 10
1087.550145945581
 20
993.6779823610788
 30
0.0
 10
1087.550145945581
 20
993.5662090793224
 30
0.0
 10
1087.641308551273
 20
993.4750464736307
 30
0.0
 10
1087.753081833031
 20
993.4750464736307
 30
0.0
 10
1087.753081833031
 20
993.4750464736307
 30
0.0
 10
1087.865251473941
 20
993.4750464736307
 30
0.0
 10
1087.956414079632
 20
993.5662090793224
 30
0.0
 10
1087.956414079632
 20
993.6779823610788
 30
0.0
 10
1087.956414079632
 20
993.6779823610788
 30
0.0
 10
1087.956414079632
 20
993.6779823610788
 30
0.0
 10
1087.753081833031
 20
993.6779823610788
 30
0.0
 10
1087.753081833031
 20
993.6779823610788
 30
0.0
  0
SPLINE
  5
911
330
1F
100
AcDbEntity
  8
ºöåçæÄ
100
AcDbSpline
210
0.0
220
0.0
230
0.0
 70
    24
 71
     3
 72
     8
 73
     4
 74
     0
 42
0.000000001
 43
0.0000000001
 40
0.0
 40
0.0
 40
0.0
 40
0.0
 40
1.0
 40
1.0
 40
1.0
 40
1.0
 10
1088.306002854497
 20
994.2309033825452
 30
0.0
 10
1088.306002854497
 20
994.2309033825452
 30
0.0
 10
1091.065851651973
 20
996.9907521800134
 30
0.0
 10
1091.065851651973
 20
996.9907521800134
 30
0.0
  0
SPLINE
  5
912
330
1F
100
AcDbEntity
  8
ºöåçæÄ
100
AcDbSpline
210
0.0
220
0.0
230
1.0
 70
    11
 71
     3
 72
    28
 73
    24
 74
     0
 42
0.000000001
 43
0.0000000001
 40
0.0
 40
0.0
 40
0.0
 40
0.0
 40
0.1428571428571428
 40
0.1428571428571428
 40
0.1428571428571428
 40
0.1428571528571428
 40
0.2857142857142857
 40
0.2857142857142857
 40
0.2857142857142857
 40
0.2857142957142857
 40
0.428571428571429
 40
0.428571428571429
 40
0.428571428571429
 40
0.4285714385714289
 40
0.5714285714285714
 40
0.5714285714285714
 40
0.5714285714285714
 40
0.5714285814285715
 40
0.7142857142857145
 40
0.7142857142857145
 40
0.7142857142857145
 40
0.7142857242857146
 40
1.0
 40
1.0
 40
1.0
 40
1.0
 10
1091.616790877659
 20
997.5416914057033
 30
0.0
 10
1091.616790877659
 20
997.5416914057033
 30
0.0
 10
1091.82012312426
 20
997.5416914057033
 30
0.0
 10
1091.82012312426
 20
997.5416914057033
 30
0.0
 10
1091.82012312426
 20
997.5416914057033
 30
0.0
 10
1091.82012312426
 20
997.6538610466187
 30
0.0
 10
1091.728960518569
 20
997.74502365231
 30
0.0
 10
1091.616790877659
 20
997.74502365231
 30
0.0
 10
1091.616790877659
 20
997.74502365231
 30
0.0
 10
1091.505017595901
 20
997.74502365231
 30
0.0
 10
1091.413458631065
 20
997.6538610466187
 30
0.0
 10
1091.413458631065
 20
997.5416914057033
 30
0.0
 10
1091.413458631065
 20
997.5416914057033
 30
0.0
 10
1091.413458631065
 20
997.429918123945
 30
0.0
 10
1091.505017595901
 20
997.3387555182553
 30
0.0
 10
1091.616790877659
 20
997.3387555182553
 30
0.0
 10
1091.616790877659
 20
997.3387555182553
 30
0.0
 10
1091.728960518569
 20
997.3387555182553
 30
0.0
 10
1091.82012312426
 20
997.429918123945
 30
0.0
 10
1091.82012312426
 20
997.5416914057033
 30
0.0
 10
1091.82012312426
 20
997.5416914057033
 30
0.0
 10
1091.82012312426
 20
997.5416914057033
 30
0.0
 10
1091.616790877659
 20
997.5416914057033
 30
0.0
 10
1091.616790877659
 20
997.5416914057033
 30
0.0
  0
SPLINE
  5
913
330
1F
100
AcDbEntity
  8
ºöåçæÄ
100
AcDbSpline
210
0.0
220
0.0
230
0.0
 70
    24
 71
     3
 72
     8
 73
     4
 74
     0
 42
0.000000001
 43
0.0000000001
 40
0.0
 40
0.0
 40
0.0
 40
0.0
 40
1.0
 40
1.0
 40
1.0
 40
1.0
 10
1092.169315539966
 20
998.0942160680164
 30
0.0
 10
1092.169315539966
 20
998.0942160680164
 30
0.0
 10
1093.991378576295
 20
999.9162791043447
 30
0.0
 10
1093.991378576295
 20
999.9162791043447
 30
0.0
  0
SPLINE
  5
914
330
1F
100
AcDbEntity
  8
ºöåçæÄ
100
AcDbSpline
210
0.0
220
0.0
230
0.0
 70
    24
 71
     3
 72
     8
 73
     4
 74
     0
 42
0.000000001
 43
0.0000000001
 40
0.0
 40
0.0
 40
0.0
 40
0.0
 40
1.0
 40
1.0
 40
1.0
 40
1.0
 10
1088.79193917874
 20
992.5099119307843
 30
0.0
 10
1088.79193917874
 20
992.5099119307843
 30
0.0
 10
1090.237064658508
 20
993.9546410513896
 30
0.0
 10
1090.237064658508
 20
993.9546410513896
 30
0.0
  0
SPLINE
  5
915
330
1F
100
AcDbEntity
  8
ºöåçæÄ
100
AcDbSpline
210
0.0
220
0.0
230
1.0
 70
    11
 71
     3
 72
    28
 73
    24
 74
     0
 42
0.000000001
 43
0.0000000001
 40
0.0
 40
0.0
 40
0.0
 40
0.0
 40
0.1428571428571428
 40
0.1428571428571428
 40
0.1428571428571428
 40
0.1428571528571428
 40
0.2857142857142857
 40
0.2857142857142857
 40
0.2857142857142857
 40
0.2857142957142857
 40
0.428571428571429
 40
0.428571428571429
 40
0.428571428571429
 40
0.4285714385714289
 40
0.5714285714285714
 40
0.5714285714285714
 40
0.5714285714285714
 40
0.5714285814285715
 40
0.7142857142857145
 40
0.7142857142857145
 40
0.7142857142857145
 40
0.7142857242857146
 40
1.0
 40
1.0
 40
1.0
 40
1.0
 10
1090.789192961664
 20
994.5071657136988
 30
0.0
 10
1090.789192961664
 20
994.5071657136988
 30
0.0
 10
1090.992525208265
 20
994.5071657136988
 30
0.0
 10
1090.992525208265
 20
994.5071657136988
 30
0.0
 10
1090.992525208265
 20
994.5071657136988
 30
0.0
 10
1090.992525208265
 20
994.6189389954593
 30
0.0
 10
1090.901362602566
 20
994.7101016011503
 30
0.0
 10
1090.789192961664
 20
994.7101016011503
 30
0.0
 10
1090.789192961664
 20
994.7101016011503
 30
0.0
 10
1090.677419679898
 20
994.7101016011503
 30
0.0
 10
1090.586257074214
 20
994.6189389954593
 30
0.0
 10
1090.586257074214
 20
994.5071657136988
 30
0.0
 10
1090.586257074214
 20
994.5071657136988
 30
0.0
 10
1090.586257074214
 20
994.394996072787
 30
0.0
 10
1090.677419679898
 20
994.3038334670973
 30
0.0
 10
1090.789192961664
 20
994.3038334670973
 30
0.0
 10
1090.789192961664
 20
994.3038334670973
 30
0.0
 10
1090.901362602566
 20
994.3038334670973
 30
0.0
 10
1090.992525208265
 20
994.394996072787
 30
0.0
 10
1090.992525208265
 20
994.5071657136988
 30
0.0
 10
1090.992525208265
 20
994.5071657136988
 30
0.0
 10
1090.992525208265
 20
994.5071657136988
 30
0.0
 10
1090.789192961664
 20
994.5071657136988
 30
0.0
 10
1090.789192961664
 20
994.5071657136988
 30
0.0
  0
SPLINE
  5
916
330
1F
100
AcDbEntity
  8
ºöåçæÄ
100
AcDbSpline
210
0.0
220
0.0
230
0.0
 70
    24
 71
     3
 72
     8
 73
     4
 74
     0
 42
0.000000001
 43
0.0000000001
 40
0.0
 40
0.0
 40
0.0
 40
0.0
 40
1.0
 40
1.0
 40
1.0
 40
1.0
 10
1091.340528546502
 20
995.0581049393907
 30
0.0
 10
1091.340528546502
 20
995.0581049393907
 30
0.0
 10
1093.991378576295
 20
997.7089549691877
 30
0.0
 10
1093.991378576295
 20
997.7089549691877
 30
0.0
  0
SPLINE
  5
917
330
1F
100
AcDbEntity
  8
ºöåçæÄ
100
AcDbSpline
210
0.0
220
0.0
230
0.0
 70
    24
 71
     3
 72
     8
 73
     4
 74
     0
 42
0.000000001
 43
0.0000000001
 40
0.0
 40
0.0
 40
0.0
 40
0.0
 40
1.0
 40
1.0
 40
1.0
 40
1.0
 10
1090.998866954742
 20
992.5099119307843
 30
0.0
 10
1090.998866954742
 20
992.5099119307843
 30
0.0
 10
1093.271193991346
 20
994.7834280448544
 30
0.0
 10
1093.271193991346
 20
994.7834280448544
 30
0.0
  0
SPLINE
  5
918
330
1F
100
AcDbEntity
  8
ºöåçæÄ
100
AcDbSpline
210
0.0
220
0.0
230
1.0
 70
    11
 71
     3
 72
    28
 73
    24
 74
     0
 42
0.000000001
 43
0.0000000001
 40
0.0
 40
0.0
 40
0.0
 40
0.0
 40
0.1428571428571428
 40
0.1428571428571428
 40
0.1428571428571428
 40
0.1428571528571428
 40
0.2857142857142857
 40
0.2857142857142857
 40
0.2857142857142857
 40
0.2857142957142857
 40
0.428571428571429
 40
0.428571428571429
 40
0.428571428571429
 40
0.4285714385714289
 40
0.5714285714285714
 40
0.5714285714285714
 40
0.5714285714285714
 40
0.5714285814285715
 40
0.7142857142857145
 40
0.7142857142857145
 40
0.7142857142857145
 40
0.7142857242857146
 40
1.0
 40
1.0
 40
1.0
 40
1.0
 10
1093.824115012813
 20
995.3343672705479
 30
0.0
 10
1093.824115012813
 20
995.3343672705479
 30
0.0
 10
1094.027447259421
 20
995.3343672705479
 30
0.0
 10
1094.027447259421
 20
995.3343672705479
 30
0.0
 10
1094.027447259421
 20
995.3343672705479
 30
0.0
 10
1094.027447259421
 20
995.4465369114579
 30
0.0
 10
1093.93628465373
 20
995.5376995171492
 30
0.0
 10
1093.824115012813
 20
995.5376995171492
 30
0.0
 10
1093.824115012813
 20
995.5376995171492
 30
0.0
 10
1093.712341731047
 20
995.5376995171492
 30
0.0
 10
1093.62117912537
 20
995.4465369114579
 30
0.0
 10
1093.62117912537
 20
995.3343672705479
 30
0.0
 10
1093.62117912537
 20
995.3343672705479
 30
0.0
 10
1093.62117912537
 20
995.2225939887878
 30
0.0
 10
1093.712341731047
 20
995.1314313830962
 30
0.0
 10
1093.824115012813
 20
995.1314313830962
 30
0.0
 10
1093.824115012813
 20
995.1314313830962
 30
0.0
 10
1093.93628465373
 20
995.1314313830962
 30
0.0
 10
1094.027447259421
 20
995.2225939887878
 30
0.0
 10
1094.027447259421
 20
995.3343672705479
 30
0.0
 10
1094.027447259421
 20
995.3343672705479
 30
0.0
 10
1094.027447259421
 20
995.3343672705479
 30
0.0
 10
1093.824115012813
 20
995.3343672705479
 30
0.0
 10
1093.824115012813
 20
995.3343672705479
 30
0.0
  0
SPLINE
  5
919
330
1F
100
AcDbEntity
  8
ºöåçæÄ
100
AcDbSpline
210
0.0
220
0.0
230
1.0
 70
     8
 71
     3
 72
    16
 73
    12
 74
     0
 42
0.000000001
 43
0.0000000001
 40
0.0668439966093172
 40
0.0668439966093172
 40
0.0668439966093172
 40
0.0668439966093172
 40
0.1428571428571428
 40
0.1428571428571428
 40
0.1428571428571428
 40
0.1428571528571428
 40
0.2857142857142857
 40
0.2857142857142857
 40
0.2857142857142857
 40
0.2857142957142857
 40
0.428571428571429
 40
0.428571428571429
 40
0.428571428571429
 40
0.428571428571429
 10
1093.30006443492
 20
992.5099119307843
 30
0.0
 10
1093.353937315875
 20
992.5099119307843
 30
0.0
 10
1093.411505132277
 20
992.5099119307843
 30
0.0
 10
1093.411505132277
 20
992.5099119307843
 30
0.0
 10
1093.411505132277
 20
992.5099119307843
 30
0.0
 10
1093.411505132277
 20
992.6216852125428
 30
0.0
 10
1093.319946167442
 20
992.7128478182323
 30
0.0
 10
1093.208172885683
 20
992.7128478182323
 30
0.0
 10
1093.208172885683
 20
992.7128478182323
 30
0.0
 10
1093.096399603925
 20
992.7128478182323
 30
0.0
 10
1093.004840639075
 20
992.6216852125428
 30
0.0
 10
1093.004840639075
 20
992.5099119307843
 30
0.0
  0
SPLINE
  5
91A
330
1F
100
AcDbEntity
  8
ºöåçæÄ
100
AcDbSpline
210
0.0
220
0.0
230
0.0
 70
    24
 71
     3
 72
     8
 73
     4
 74
     0
 42
0.000000001
 43
0.0000000001
 40
0.0
 40
0.0
 40
0.0
 40
0.0
 40
1.0
 40
1.0
 40
1.0
 40
1.0
 10
1093.547852681663
 20
992.8511771633887
 30
0.0
 10
1093.547852681663
 20
992.8511771633887
 30
0.0
 10
1093.991378576295
 20
993.2931176214051
 30
0.0
 10
1093.991378576295
 20
993.2931176214051
 30
0.0
  0
SPLINE
  5
91B
330
1F
100
AcDbEntity
  8
ºöåçæÄ
100
AcDbSpline
210
0.0
220
0.0
230
0.0
 70
    24
 71
     3
 72
     8
 73
     4
 74
     0
 42
0.000000001
 43
0.0000000001
 40
0.0
 40
0.0
 40
0.0
 40
0.0
 40
1.0
 40
1.0
 40
1.0
 40
1.0
 10
1071.974420224749
 20
997.7676161241536
 30
0.0
 10
1071.974420224749
 20
997.7676161241536
 30
0.0
 10
1073.011295774685
 20
998.8048880332401
 30
0.0
 10
1073.011295774685
 20
998.8048880332401
 30
0.0
  0
SPLINE
  5
91C
330
1F
100
AcDbEntity
  8
ºöåçæÄ
100
AcDbSpline
210
0.0
220
0.0
230
0.0
 70
    24
 71
     3
 72
     8
 73
     4
 74
     0
 42
0.000000001
 43
0.0000000001
 40
0.0
 40
0.0
 40
0.0
 40
0.0
 40
1.0
 40
1.0
 40
1.0
 40
1.0
 10
1071.897922907806
 20
995.4841910312016
 30
0.0
 10
1071.897922907806
 20
995.4841910312016
 30
0.0
 10
1073.819472092091
 20
997.40494749717
 30
0.0
 10
1073.819472092091
 20
997.40494749717
 30
0.0
  0
SPLINE
  5
91D
330
1F
100
AcDbEntity
  8
ºöåçæÄ
100
AcDbSpline
210
0.0
220
0.0
230
0.0
 70
    24
 71
     3
 72
     8
 73
     4
 74
     0
 42
0.000000001
 43
0.0000000001
 40
0.0
 40
0.0
 40
0.0
 40
0.0
 40
1.0
 40
1.0
 40
1.0
 40
1.0
 10
1071.897922907806
 20
993.2768668960443
 30
0.0
 10
1071.897922907806
 20
993.2768668960443
 30
0.0
 10
1073.819472092091
 20
995.198019721168
 30
0.0
 10
1073.819472092091
 20
995.198019721168
 30
0.0
  0
SPLINE
  5
91E
330
1F
100
AcDbEntity
  8
ºöåçæÄ
100
AcDbSpline
210
0.0
220
0.0
230
0.0
 70
    24
 71
     3
 72
     8
 73
     4
 74
     0
 42
0.000000001
 43
0.0000000001
 40
0.0
 40
0.0
 40
0.0
 40
0.0
 40
1.0
 40
1.0
 40
1.0
 40
1.0
 10
1073.337895718553
 20
992.5079301350079
 30
0.0
 10
1073.337895718553
 20
992.5079301350079
 30
0.0
 10
1073.819472092091
 20
992.9887137902326
 30
0.0
 10
1073.819472092091
 20
992.9887137902326
 30
0.0
  0
SPLINE
  5
91F
330
1F
100
AcDbEntity
  8
ºöåçæÄ
100
AcDbSpline
210
0.0
220
0.0
230
0.0
 70
    24
 71
     3
 72
     8
 73
     4
 74
     0
 42
0.000000001
 43
0.0000000001
 40
0.0
 40
0.0
 40
0.0
 40
0.0
 40
1.0
 40
1.0
 40
1.0
 40
1.0
 10
1071.897922907806
 20
996.9566652926687
 30
0.0
 10
1071.897922907806
 20
996.9566652926687
 30
0.0
 10
1073.315303246713
 20
998.372063835791
 30
0.0
 10
1073.315303246713
 20
998.372063835791
 30
0.0
  0
SPLINE
  5
920
330
1F
100
AcDbEntity
  8
ºöåçæÄ
100
AcDbSpline
210
0.0
220
0.0
230
0.0
 70
    24
 71
     3
 72
     8
 73
     4
 74
     0
 42
0.000000001
 43
0.0000000001
 40
0.0
 40
0.0
 40
0.0
 40
0.0
 40
1.0
 40
1.0
 40
1.0
 40
1.0
 10
1071.897922907806
 20
994.7493411575116
 30
0.0
 10
1071.897922907806
 20
994.7493411575116
 30
0.0
 10
1073.819472092091
 20
996.668908546014
 30
0.0
 10
1073.819472092091
 20
996.668908546014
 30
0.0
  0
SPLINE
  5
921
330
1F
100
AcDbEntity
  8
ºöåçæÄ
100
AcDbSpline
210
0.0
220
0.0
230
0.0
 70
    24
 71
     3
 72
     8
 73
     4
 74
     0
 42
0.000000001
 43
0.0000000001
 40
0.0
 40
0.0
 40
0.0
 40
0.0
 40
1.0
 40
1.0
 40
1.0
 40
1.0
 10
1071.897922907806
 20
992.5404315857331
 30
0.0
 10
1071.897922907806
 20
992.5404315857331
 30
0.0
 10
1073.819472092091
 20
994.4619807700105
 30
0.0
 10
1073.819472092091
 20
994.4619807700105
 30
0.0
  0
SPLINE
  5
922
330
1F
100
AcDbEntity
  8
ºöåçæÄ
100
AcDbSpline
210
0.0
220
0.0
230
0.0
 70
    24
 71
     3
 72
     8
 73
     4
 74
     0
 42
0.000000001
 43
0.0000000001
 40
0.0
 40
0.0
 40
0.0
 40
0.0
 40
1.0
 40
1.0
 40
1.0
 40
1.0
 10
1071.89950834442
 20
991.0695427608855
 30
0.0
 10
1071.89950834442
 20
991.0695427608855
 30
0.0
 10
1073.339877514333
 20
992.5099119307843
 30
0.0
 10
1073.339877514333
 20
992.5099119307843
 30
0.0
  0
SPLINE
  5
923
330
1F
100
AcDbEntity
  8
ºöåçæÄ
100
AcDbSpline
210
0.0
220
0.0
230
0.0
 70
    24
 71
     3
 72
     8
 73
     4
 74
     0
 42
0.000000001
 43
0.0000000001
 40
0.0
 40
0.0
 40
0.0
 40
0.0
 40
1.0
 40
1.0
 40
1.0
 40
1.0
 10
1073.341066591787
 20
990.3041732322483
 30
0.0
 10
1073.341066591787
 20
990.3041732322483
 30
0.0
 10
1073.819472092091
 20
990.782182373386
 30
0.0
 10
1073.819472092091
 20
990.782182373386
 30
0.0
  0
SPLINE
  5
924
330
1F
100
AcDbEntity
  8
ºöåçæÄ
100
AcDbSpline
210
0.0
220
0.0
230
0.0
 70
    24
 71
     3
 72
     8
 73
     4
 74
     0
 42
0.000000001
 43
0.0000000001
 40
0.0
 40
0.0
 40
0.0
 40
0.0
 40
1.0
 40
1.0
 40
1.0
 40
1.0
 10
1071.94508964728
 20
990.3786887534199
 30
0.0
 10
1071.94508964728
 20
990.3786887534199
 30
0.0
 10
1073.819472092091
 20
992.2546566348531
 30
0.0
 10
1073.819472092091
 20
992.2546566348531
 30
0.0
  0
SPLINE
  5
925
330
1F
100
AcDbEntity
  8
ºöåçæÄ
100
AcDbSpline
210
0.0
220
0.0
230
0.0
 70
    24
 71
     3
 72
     8
 73
     4
 74
     0
 42
0.000000001
 43
0.0000000001
 40
0.0
 40
0.0
 40
0.0
 40
0.0
 40
1.0
 40
1.0
 40
1.0
 40
1.0
 10
1072.029910506473
 20
988.992620787779
 30
0.0
 10
1072.029910506473
 20
988.992620787779
 30
0.0
 10
1073.341066591787
 20
990.3041732322483
 30
0.0
 10
1073.341066591787
 20
990.3041732322483
 30
0.0
  0
SPLINE
  5
926
330
1F
100
AcDbEntity
  8
ºöåçæÄ
100
AcDbSpline
210
0.0
220
0.0
230
0.0
 70
    24
 71
     3
 72
     8
 73
     4
 74
     0
 42
0.000000001
 43
0.0000000001
 40
0.0
 40
0.0
 40
0.0
 40
0.0
 40
1.0
 40
1.0
 40
1.0
 40
1.0
 10
1071.89950834442
 20
990.3350892463523
 30
0.0
 10
1071.89950834442
 20
990.3350892463523
 30
0.0
 10
1071.94508964728
 20
990.3786887534199
 30
0.0
 10
1071.94508964728
 20
990.3786887534199
 30
0.0
  0
SPLINE
  5
927
330
1F
100
AcDbEntity
  8
ºöåçæÄ
100
AcDbSpline
210
0.0
220
0.0
230
0.0
 70
    24
 71
     3
 72
     8
 73
     4
 74
     0
 42
0.000000001
 43
0.0000000001
 40
0.0
 40
0.0
 40
0.0
 40
0.0
 40
1.0
 40
1.0
 40
1.0
 40
1.0
 10
1072.725124464657
 20
988.9513994356432
 30
0.0
 10
1072.725124464657
 20
988.9513994356432
 30
0.0
 10
1073.819472092091
 20
990.0473324996955
 30
0.0
 10
1073.819472092091
 20
990.0473324996955
 30
0.0
  0
SPLINE
  5
928
330
1F
100
AcDbEntity
  8
ºöåçæÄ
100
AcDbSpline
210
0.0
220
0.0
230
0.0
 70
    24
 71
     3
 72
     8
 73
     4
 74
     0
 42
0.000000001
 43
0.0000000001
 40
0.0
 40
0.0
 40
0.0
 40
0.0
 40
1.0
 40
1.0
 40
1.0
 40
1.0
 10
1071.89950834442
 20
988.8622186257283
 30
0.0
 10
1071.89950834442
 20
988.8622186257283
 30
0.0
 10
1071.95341318953
 20
988.9161234708312
 30
0.0
 10
1071.95341318953
 20
988.9161234708312
 30
0.0
  0
SPLINE
  5
929
330
1F
100
AcDbEntity
  8
ºöåçæÄ
100
AcDbSpline
210
0.0
220
0.0
230
0.0
 70
    24
 71
     3
 72
     8
 73
     4
 74
     0
 42
0.000000001
 43
0.0000000001
 40
0.0
 40
0.0
 40
0.0
 40
0.0
 40
1.0
 40
1.0
 40
1.0
 40
1.0
 10
1073.278045486117
 20
988.0334316322636
 30
0.0
 10
1073.278045486117
 20
988.0334316322636
 30
0.0
 10
1073.819472092091
 20
988.5744618790731
 30
0.0
 10
1073.819472092091
 20
988.5744618790731
 30
0.0
  0
SPLINE
  5
92A
330
1F
100
AcDbEntity
  8
ºöåçæÄ
100
AcDbSpline
210
0.0
220
0.0
230
0.0
 70
    24
 71
     3
 72
     8
 73
     4
 74
     0
 42
0.000000001
 43
0.0000000001
 40
0.0
 40
0.0
 40
0.0
 40
0.0
 40
1.0
 40
1.0
 40
1.0
 40
1.0
 10
1071.89950834442
 20
988.1257833154171
 30
0.0
 10
1071.89950834442
 20
988.1257833154171
 30
0.0
 10
1072.649023506859
 20
988.8756948370039
 30
0.0
 10
1072.649023506859
 20
988.8756948370039
 30
0.0
  0
SPLINE
  5
92B
330
1F
100
AcDbEntity
  8
ºöåçæÄ
100
AcDbSpline
210
0.0
220
0.0
230
0.0
 70
    24
 71
     3
 72
     8
 73
     4
 74
     0
 42
0.000000001
 43
0.0000000001
 40
0.0
 40
0.0
 40
0.0
 40
0.0
 40
1.0
 40
1.0
 40
1.0
 40
1.0
 10
1071.192799970751
 20
988.1555102520554
 30
0.0
 10
1071.192799970751
 20
988.1555102520554
 30
0.0
 10
1071.89950834442
 20
988.8622186257283
 30
0.0
 10
1071.89950834442
 20
988.8622186257283
 30
0.0
  0
SPLINE
  5
92C
330
1F
100
AcDbEntity
  8
ºöåçæÄ
100
AcDbSpline
210
0.0
220
0.0
230
0.0
 70
    24
 71
     3
 72
     8
 73
     4
 74
     0
 42
0.000000001
 43
0.0000000001
 40
0.0
 40
0.0
 40
0.0
 40
0.0
 40
1.0
 40
1.0
 40
1.0
 40
1.0
 10
1070.318431674448
 20
988.7520307805893
 30
0.0
 10
1070.318431674448
 20
988.7520307805893
 30
0.0
 10
1070.561796195721
 20
988.996980738487
 30
0.0
 10
1070.561796195721
 20
988.996980738487
 30
0.0
  0
SPLINE
  5
92D
330
1F
100
AcDbEntity
  8
ºöåçæÄ
100
AcDbSpline
210
0.0
220
0.0
230
0.0
 70
    24
 71
     3
 72
     8
 73
     4
 74
     0
 42
0.000000001
 43
0.0000000001
 40
0.0
 40
0.0
 40
0.0
 40
0.0
 40
1.0
 40
1.0
 40
1.0
 40
1.0
 10
1071.88841028808
 20
988.1146852590712
 30
0.0
 10
1071.88841028808
 20
988.1146852590712
 30
0.0
 10
1071.89950834442
 20
988.1277651111934
 30
0.0
 10
1071.89950834442
 20
988.1277651111934
 30
0.0
  0
SPLINE
  5
92E
330
1F
100
AcDbEntity
  8
ºöåçæÄ
100
AcDbSpline
210
0.0
220
0.0
230
0.0
 70
    24
 71
     3
 72
     8
 73
     4
 74
     0
 42
0.000000001
 43
0.0000000001
 40
0.0
 40
0.0
 40
0.0
 40
0.0
 40
1.0
 40
1.0
 40
1.0
 40
1.0
 10
1073.820661169546
 20
988.5764436748496
 30
0.0
 10
1073.820661169546
 20
988.5764436748496
 30
0.0
 10
1074.038658704889
 20
988.7940448510393
 30
0.0
 10
1074.038658704889
 20
988.7940448510393
 30
0.0
  0
SPLINE
  5
92F
330
1F
100
AcDbEntity
  8
ºöåçæÄ
100
AcDbSpline
210
0.0
220
0.0
230
0.0
 70
    24
 71
     3
 72
     8
 73
     4
 74
     0
 42
0.000000001
 43
0.0000000001
 40
0.0
 40
0.0
 40
0.0
 40
0.0
 40
1.0
 40
1.0
 40
1.0
 40
1.0
 10
1075.364876438103
 20
987.9129384490871
 30
0.0
 10
1075.364876438103
 20
987.9129384490871
 30
0.0
 10
1075.605466445286
 20
988.153528456279
 30
0.0
 10
1075.605466445286
 20
988.153528456279
 30
0.0
  0
SPLINE
  5
930
330
1F
100
AcDbEntity
  8
ºöåçæÄ
100
AcDbSpline
210
0.0
220
0.0
230
0.0
 70
    24
 71
     3
 72
     8
 73
     4
 74
     0
 42
0.000000001
 43
0.0000000001
 40
0.0
 40
0.0
 40
0.0
 40
0.0
 40
1.0
 40
1.0
 40
1.0
 40
1.0
 10
1073.974844880908
 20
987.9945884350556
 30
0.0
 10
1073.974844880908
 20
987.9945884350556
 30
0.0
 10
1074.735854458846
 20
988.7552016538311
 30
0.0
 10
1074.735854458846
 20
988.7552016538311
 30
0.0
  0
SPLINE
  5
931
330
1F
100
AcDbEntity
  8
ºöåçæÄ
100
AcDbSpline
210
0.0
220
0.0
230
0.0
 70
    24
 71
     3
 72
     8
 73
     4
 74
     0
 42
0.000000001
 43
0.0000000001
 40
0.0
 40
0.0
 40
0.0
 40
0.0
 40
1.0
 40
1.0
 40
1.0
 40
1.0
 10
1070.84955294237
 20
987.8138486602955
 30
0.0
 10
1070.84955294237
 20
987.8138486602955
 30
0.0
 10
1070.947057294546
 20
987.911749371625
 30
0.0
 10
1070.947057294546
 20
987.911749371625
 30
0.0
  0
SPLINE
  5
932
330
1F
100
AcDbEntity
  8
ºöåçæÄ
100
AcDbSpline
210
0.0
220
0.0
230
0.0
 70
    24
 71
     3
 72
     8
 73
     4
 74
     0
 42
0.000000001
 43
0.0000000001
 40
0.0
 40
0.0
 40
0.0
 40
0.0
 40
1.0
 40
1.0
 40
1.0
 40
1.0
 10
1071.979176534612
 20
986.7365444765358
 30
0.0
 10
1071.979176534612
 20
986.7365444765358
 30
0.0
 10
1073.155966866329
 20
987.911749371625
 30
0.0
 10
1073.155966866329
 20
987.911749371625
 30
0.0
  0
SPLINE
  5
933
330
1F
100
AcDbEntity
  8
ºöåçæÄ
100
AcDbSpline
210
0.0
220
0.0
230
0.0
 70
    24
 71
     3
 72
     8
 73
     4
 74
     0
 42
0.000000001
 43
0.0000000001
 40
0.0
 40
0.0
 40
0.0
 40
0.0
 40
1.0
 40
1.0
 40
1.0
 40
1.0
 10
1071.151974977768
 20
987.379835385381
 30
0.0
 10
1071.151974977768
 20
987.379835385381
 30
0.0
 10
1071.683492604857
 20
987.911749371625
 30
0.0
 10
1071.683492604857
 20
987.911749371625
 30
0.0
  0
SPLINE
  5
934
330
1F
100
AcDbEntity
  8
ºöåçæÄ
100
AcDbSpline
210
0.0
220
0.0
230
0.0
 70
    24
 71
     3
 72
     8
 73
     4
 74
     0
 42
0.000000001
 43
0.0000000001
 40
0.0
 40
0.0
 40
0.0
 40
0.0
 40
1.0
 40
1.0
 40
1.0
 40
1.0
 10
1072.541610175812
 20
986.5625428074157
 30
0.0
 10
1072.541610175812
 20
986.5625428074157
 30
0.0
 10
1073.892005817481
 20
987.911749371625
 30
0.0
 10
1073.892005817481
 20
987.911749371625
 30
0.0
  0
SPLINE
  5
935
330
1F
100
AcDbEntity
  8
ºöåçæÄ
100
AcDbSpline
210
0.0
220
0.0
230
1.0
 70
    11
 71
     3
 72
    16
 73
    12
 74
     0
 42
0.000000001
 43
0.0000000001
 40
0.0
 40
0.0
 40
0.0
 40
0.0
 40
0.25
 40
0.25
 40
0.25
 40
0.25000001
 40
0.5
 40
0.5
 40
0.5
 40
0.5000000100000001
 40
1.0
 40
1.0
 40
1.0
 40
1.0
 10
1080.331653011574
 20
991.394953627284
 30
0.0
 10
1080.331653011574
 20
991.394953627284
 30
0.0
 10
1079.208767524975
 20
992.5111010082504
 30
0.0
 10
1079.208767524975
 20
992.5111010082504
 30
0.0
 10
1079.208767524975
 20
992.5111010082504
 30
0.0
 10
1079.208767524975
 20
992.5111010082504
 30
0.0
 10
1080.331653011574
 20
992.5111010082504
 30
0.0
 10
1080.331653011574
 20
992.5111010082504
 30
0.0
 10
1080.331653011574
 20
992.5111010082504
 30
0.0
 10
1080.331653011574
 20
992.5111010082504
 30
0.0
 10
1080.331653011574
 20
991.394953627284
 30
0.0
 10
1080.331653011574
 20
991.394953627284
 30
0.0
  0
SPLINE
  5
936
330
1F
100
AcDbEntity
  8
ºöåçæÄ
100
AcDbSpline
210
0.0
220
0.0
230
1.0
 70
    11
 71
     3
 72
    16
 73
    12
 74
     0
 42
0.000000001
 43
0.0000000001
 40
0.0
 40
0.0
 40
0.0
 40
0.0
 40
0.25
 40
0.25
 40
0.25
 40
0.25000001
 40
0.5
 40
0.5
 40
0.5
 40
0.5000000100000001
 40
1.0
 40
1.0
 40
1.0
 40
1.0
 10
1093.994549449537
 20
991.9700707614385
 30
0.0
 10
1093.994549449537
 20
991.9700707614385
 30
0.0
 10
1093.994549449537
 20
992.5111010082504
 30
0.0
 10
1093.994549449537
 20
992.5111010082504
 30
0.0
 10
1093.994549449537
 20
992.5111010082504
 30
0.0
 10
1093.994549449537
 20
992.5111010082504
 30
0.0
 10
1094.312825851146
 20
991.9700707614385
 30
0.0
 10
1094.312825851146
 20
991.9700707614385
 30
0.0
 10
1094.312825851146
 20
991.9700707614385
 30
0.0
 10
1094.312825851146
 20
991.9700707614385
 30
0.0
 10
1093.994549449537
 20
991.9700707614385
 30
0.0
 10
1093.994549449537
 20
991.9700707614385
 30
0.0
  0
SPLINE
  5
937
330
1F
100
AcDbEntity
  8
ºöåçæÄ
100
AcDbSpline
210
0.0
220
0.0
230
0.0
 70
    24
 71
     3
 72
     8
 73
     4
 74
     0
 42
0.000000001
 43
0.0000000001
 40
0.25
 40
0.25
 40
0.25
 40
0.25
 40
0.5
 40
0.5
 40
0.5
 40
0.5
 10
1080.331653011574
 20
992.5111010082504
 30
0.0
 10
1080.331653011574
 20
992.5111010082504
 30
0.0
 10
1093.994549449537
 20
992.5111010082504
 30
0.0
 10
1093.994549449537
 20
992.5111010082504
 30
0.0
  0
SPLINE
  5
938
330
1F
100
AcDbEntity
  8
ºöåçæÄ
100
AcDbSpline
210
0.0
220
0.0
230
0.0
 70
    24
 71
     3
 72
     8
 73
     4
 74
     0
 42
0.000000001
 43
0.0000000001
 40
0.5
 40
0.5
 40
0.5
 40
0.5
 40
1.0
 40
1.0
 40
1.0
 40
1.0
 10
1093.994549449537
 20
992.5111010082504
 30
0.0
 10
1093.994549449537
 20
992.5111010082504
 30
0.0
 10
1093.994549449537
 20
991.9700707614385
 30
0.0
 10
1093.994549449537
 20
991.9700707614385
 30
0.0
  0
SPLINE
  5
939
330
1F
100
AcDbEntity
  8
ºöåçæÄ
100
AcDbSpline
210
0.0
220
0.0
230
0.0
 70
    24
 71
     3
 72
     8
 73
     4
 74
     0
 42
0.000000001
 43
0.0000000001
 40
0.5
 40
0.5
 40
0.5
 40
0.5
 40
1.0
 40
1.0
 40
1.0
 40
1.0
 10
1093.994549449537
 20
991.9700707614385
 30
0.0
 10
1093.994549449537
 20
991.9700707614385
 30
0.0
 10
1080.331653011574
 20
991.9700707614385
 30
0.0
 10
1080.331653011574
 20
991.9700707614385
 30
0.0
  0
HATCH
  5
93A
330
1F
100
AcDbEntity
  8
ºöåçæÄ
100
AcDbHatch
 10
0.0
 20
0.0
 30
0.0
210
0.0
220
0.0
230
1.0
  2
SOLID
 70
     1
 71
     0
 91
        2
 92
        5
 93
        5
 72
     4
 94
        3
 73
     0
 74
     0
 95
       11
 96
        7
 40
0.5094823651492231
 40
0.5094823651492231
 40
0.5094823651492231
 40
0.5094823651492231
 40
0.5142092088380516
 40
0.5142092088380516
 40
0.5142092088380516
 40
1.004726843688828
 40
1.004726843688828
 40
1.004726843688828
 40
1.004726843688828
 10
1080.330463934119
 20
991.396135569442
 10
1080.331251592568
 20
991.3953526374926
 10
1080.331653011574
 20
991.394953627284
 10
1080.331653011574
 20
991.394953627284
 10
1080.331653011574
 20
991.394953627284
 10
1080.331653011574
 20
992.469167574821
 10
1080.331653011574
 20
992.5099119304171
 72
     4
 94
        3
 73
     0
 74
     0
 95
        8
 96
        4
 40
0.5897023257831254
 40
0.5897023257831254
 40
0.5897023257831254
 40
0.5897023257831254
 40
0.6090248395601287
 40
0.6090248395601287
 40
0.6090248395601287
 40
0.6090248395601287
 10
1080.331653011574
 20
992.5099119307828
 10
1079.960843412449
 20
992.5099119307828
 10
1079.586753193708
 20
992.5099119307828
 10
1079.209963780832
 20
992.5099119307809
 72
     4
 94
        3
 73
     0
 74
     0
 95
        8
 96
        4
 40
0.0047268436888283
 40
0.0047268436888283
 40
0.0047268436888283
 40
0.0047268436888283
 40
0.2452588180402431
 40
0.2452588180402431
 40
0.2452588180402431
 40
0.2452588180402431
 10
1079.209963780883
 20
992.5099119307244
 10
1079.25016410073
 20
992.469952841172
 10
1080.290382844895
 20
991.4359761438277
 10
1080.330463934119
 20
991.396135569442
 72
     4
 94
        3
 73
     0
 74
     0
 95
        8
 96
        4
 40
0.5022947282680798
 40
0.5022947282680798
 40
0.5022947282680798
 40
0.5022947282680798
 40
1.0
 40
1.0
 40
1.0
 40
1.0
 10
1080.330463934112
 20
991.3961355694439
 10
1080.330463934112
 20
991.6821711040112
 10
1080.330463934112
 20
991.9668998881984
 10
1080.330463934112
 20
991.9668998881984
 72
     4
 94
        3
 73
     0
 74
     0
 95
        8
 96
        4
 40
0.5
 40
0.5
 40
0.5
 40
0.5
 40
1.0
 40
1.0
 40
1.0
 40
1.0
 10
1093.994549449537
 20
991.9700707614385
 10
1093.994549449537
 20
991.9700707614385
 10
1080.331653011574
 20
991.9700707614385
 10
1080.331653011574
 20
991.9700707614385
 97
        0
 92
        5
 93
        5
 72
     4
 94
        3
 73
     0
 74
     0
 95
        8
 96
        4
 40
0.0412955578466729
 40
0.0412955578466729
 40
0.0412955578466729
 40
0.0412955578466729
 40
0.9552072955912514
 40
0.9552072955912514
 40
0.9552072955912514
 40
0.9552072955912514
 10
1094.30977591081
 20
991.970070761495
 10
1094.284853840964
 20
992.0125374725387
 10
1094.017609872728
 20
992.4679158761419
 10
1093.994549449661
 20
992.5072103781287
 72
     4
 94
        3
 73
     0
 74
     0
 95
        8
 96
        4
 40
0.1315905368434315
 40
0.1315905368434315
 40
0.1315905368434315
 40
0.1315905368434315
 40
0.2375517237889831
 40
0.2375517237889831
 40
0.2375517237889831
 40
0.2375517237889831
 10
1093.994549449537
 20
992.5072103783342
 10
1093.994549449537
 20
992.485511077942
 10
1093.994549449537
 20
992.3762978258505
 10
1093.994549449537
 20
992.2619601393755
 72
     4
 94
        3
 73
     0
 74
     0
 95
        8
 96
        4
 40
0.1089599694989531
 40
0.1089599694989531
 40
0.1089599694989531
 40
0.1089599694989531
 40
0.1315905368434315
 40
0.1315905368434315
 40
0.1315905368434315
 40
0.1315905368434315
 10
1093.994549449537
 20
992.2619601393755
 10
1093.994549449537
 20
992.2375405685082
 10
1093.994549449537
 20
992.2128872521779
 10
1093.994549449537
 20
992.1888028249153
 72
     4
 94
        3
 73
     0
 74
     0
 95
       11
 96
        7
 40
0.99999
 40
0.99999
 40
0.99999
 40
0.99999
 40
1.108949969498952
 40
1.108949969498952
 40
1.108949969498952
 40
1.108959969498952
 40
1.108959969498952
 40
1.108959969498952
 40
1.108959969498952
 10
1093.994549449537
 20
992.1888028249153
 10
1093.994549449537
 20
992.0728429190088
 10
1093.994549449537
 20
991.9700707614385
 10
1093.994549449537
 20
991.9700707614385
 10
1093.994549449537
 20
991.9700707614385
 10
1093.994549449661
 20
991.9700707614385
 10
1093.994549449923
 20
991.9700707614385
 72
     4
 94
        3
 73
     0
 74
     0
 95
        8
 96
        4
 40
0.5288178091937078
 40
0.5288178091937078
 40
0.5288178091937078
 40
0.5288178091937078
 40
0.99999
 40
0.99999
 40
0.99999
 40
0.99999
 10
1093.994549449923
 20
991.9700707614385
 10
1093.994561446725
 20
991.9700707614385
 10
1094.277195699248
 20
991.9700707614385
 10
1094.309775910846
 20
991.9700707614385
 97
        0
 75
     0
 76
     1
 47
0.001381075429044
 98
        2
 10
1079.925401604367
 20
992.3554852826994
 10
1094.038278748351
 20
992.1751515327516
1001
ACAD
1010
0.0
1020
0.0
1030
0.0
  0
HATCH
  5
93B
330
1F
100
AcDbEntity
  8
ºöåçæÄ
100
AcDbHatch
 10
0.0
 20
0.0
 30
0.0
210
0.0
220
0.0
230
1.0
  2
SOLID
 70
     1
 71
     0
 91
        1
 92
        5
 93
       17
 72
     4
 94
        3
 73
     0
 74
     0
 95
        8
 96
        4
 40
0.1315905368434315
 40
0.1315905368434315
 40
0.1315905368434315
 40
0.1315905368434315
 40
0.2375517237889831
 40
0.2375517237889831
 40
0.2375517237889831
 40
0.2375517237889831
 10
1093.994549449537
 20
992.2619601393755
 10
1093.994549449537
 20
992.3762978258505
 10
1093.994549449537
 20
992.485511077942
 10
1093.994549449537
 20
992.5072103783342
 72
     4
 94
        3
 73
     0
 74
     0
 95
        8
 96
        4
 40
0.00001
 40
0.00001
 40
0.00001
 40
0.00001
 40
0.0412955578466729
 40
0.0412955578466729
 40
0.0412955578466729
 40
0.0412955578466729
 10
1093.994549449661
 20
992.5072103781287
 10
1093.993507705262
 20
992.5089854898461
 10
1093.992964276146
 20
992.5099114822543
 10
1093.992964013018
 20
992.5099119306208
 72
     4
 94
        3
 73
     0
 74
     0
 95
        8
 96
        4
 40
0.928844795731247
 40
0.928844795731247
 40
0.928844795731247
 40
0.928844795731247
 40
0.9963742091355516
 40
0.9963742091355516
 40
0.9963742091355516
 40
0.9963742091355516
 10
1093.992964012923
 20
992.5099119307843
 10
1093.973302298899
 20
992.5099119307843
 10
1093.771209713497
 20
992.5099119307843
 10
1093.411505132277
 20
992.5099119307843
 72
     4
 94
        3
 73
     0
 74
     0
 95
        8
 96
        4
 40
0.0668439966093172
 40
0.0668439966093172
 40
0.0668439966093172
 40
0.0668439966093172
 40
0.1428571428571428
 40
0.1428571428571428
 40
0.1428571428571428
 40
0.1428571428571428
 10
1093.411505132277
 20
992.5099119307843
 10
1093.411505132277
 20
992.5099119307843
 10
1093.353937315875
 20
992.5099119307843
 10
1093.30006443492
 20
992.5099119307843
 72
     4
 94
        3
 73
     0
 74
     0
 95
        8
 96
        4
 40
0.9065621871304784
 40
0.9065621871304784
 40
0.9065621871304784
 40
0.9065621871304784
 40
0.9221594844628299
 40
0.9221594844628299
 40
0.9221594844628299
 40
0.9221594844628299
 10
1093.300064434854
 20
992.5099119307843
 10
1093.209831670571
 20
992.5099119307843
 10
1093.111321802088
 20
992.5099119307843
 10
1093.004840639067
 20
992.5099119307843
 72
     4
 94
        3
 73
     0
 74
     0
 95
        8
 96
        4
 40
0.7261705484908392
 40
0.7261705484908392
 40
0.7261705484908392
 40
0.7261705484908392
 40
0.9065621871304786
 40
0.9065621871304786
 40
0.9065621871304786
 40
0.9065621871304786
 10
1093.004840639067
 20
992.5099119307843
 10
1091.773325263505
 20
992.5099119307843
 10
1089.475550270963
 20
992.5099119307843
 10
1086.584615043579
 20
992.5099119307828
 72
     4
 94
        3
 73
     0
 74
     0
 95
        8
 96
        4
 40
0.645121963572518
 40
0.645121963572518
 40
0.645121963572518
 40
0.645121963572518
 40
0.7261705484908392
 40
0.7261705484908392
 40
0.7261705484908392
 40
0.7261705484908392
 10
1086.584615043579
 20
992.5099119307828
 10
1085.285739934738
 20
992.5099119307828
 10
1083.867127351219
 20
992.5099119307828
 10
1082.371685412352
 20
992.5099119307828
 72
     4
 94
        3
 73
     0
 74
     0
 95
        8
 96
        4
 40
0.1274521133428615
 40
0.1274521133428615
 40
0.1274521133428615
 40
0.1274521133428615
 40
0.1351068501839949
 40
0.1351068501839949
 40
0.1351068501839949
 40
0.1351068501839949
 10
1082.369986498216
 20
992.5099119307843
 10
1082.368870640789
 20
992.5099119307843
 10
1082.367235344053
 20
992.5099119307843
 10
1082.365143049556
 20
992.5099119307843
 72
     4
 94
        3
 73
     0
 74
     0
 95
        8
 96
        4
 40
0.1124310764304544
 40
0.1124310764304544
 40
0.1124310764304544
 40
0.1124310764304544
 40
0.1274521133428616
 40
0.1274521133428616
 40
0.1274521133428616
 40
0.1274521133428616
 10
1082.365143049556
 20
992.5099119307843
 10
1082.361037299958
 20
992.5099119307843
 10
1082.355171790678
 20
992.5099119307843
 10
1082.34801834865
 20
992.5099119307843
 72
     4
 94
        3
 73
     0
 74
     0
 95
        8
 96
        4
 40
0.0835379634855487
 40
0.0835379634855487
 40
0.0835379634855487
 40
0.0835379634855487
 40
0.1124310764304544
 40
0.1124310764304544
 40
0.1124310764304544
 40
0.1124310764304544
 10
1082.34801834865
 20
992.5099119307843
 10
1082.334258632222
 20
992.5099119307843
 10
1082.315733705935
 20
992.5099119307843
 10
1082.295801456003
 20
992.5099119307843
 72
     4
 94
        3
 73
     0
 74
     0
 95
        8
 96
        4
 40
0.070163275988506
 40
0.070163275988506
 40
0.070163275988506
 40
0.070163275988506
 40
0.0835379634855487
 40
0.0835379634855487
 40
0.0835379634855487
 40
0.0835379634855487
 10
1082.295801456003
 20
992.5099119307843
 10
1082.286574772316
 20
992.5099119307843
 10
1082.27704652942
 20
992.5099119307843
 10
1082.26754979607
 20
992.5099119307843
 72
     4
 94
        3
 73
     0
 74
     0
 95
        8
 96
        4
 40
0.6378162223904447
 40
0.6378162223904447
 40
0.6378162223904447
 40
0.6378162223904447
 40
0.6437522528129436
 40
0.6437522528129436
 40
0.6437522528129436
 40
0.6437522528129436
 10
1082.29580145601
 20
992.5099119307828
 10
1082.186085402773
 20
992.5099119307828
 10
1082.075961114683
 20
992.5099119307843
 10
1081.965445449201
 20
992.5099119307843
 72
     4
 94
        3
 73
     0
 74
     0
 95
        8
 96
        4
 40
0.6090248395601284
 40
0.6090248395601284
 40
0.6090248395601284
 40
0.6090248395601284
 40
0.6378162223904446
 40
0.6378162223904446
 40
0.6378162223904446
 40
0.6378162223904446
 10
1081.965445449201
 20
992.5099119307843
 10
1081.42941402629
 20
992.5099119307843
 10
1080.884175382551
 20
992.5099119307843
 10
1080.331653011559
 20
992.5099119307843
 72
     4
 94
        3
 73
     0
 74
     0
 95
       11
 96
        7
 40
0.509482365149223
 40
0.509482365149223
 40
0.509482365149223
 40
0.509482365149223
 40
1.0
 40
1.0
 40
1.0
 40
1.004726843688828
 40
1.004726843688828
 40
1.004726843688828
 40
1.004726843688828
 10
1080.331653011574
 20
992.5099119304171
 10
1080.331653011574
 20
992.469167574821
 10
1080.331653011574
 20
991.394953627284
 10
1080.331653011574
 20
991.394953627284
 10
1080.331653011574
 20
991.394953627284
 10
1080.331251592568
 20
991.3953526374926
 10
1080.330463934119
 20
991.396135569442
 72
     4
 94
        3
 73
     0
 74
     0
 95
        8
 96
        4
 40
0.5
 40
0.5
 40
0.5
 40
0.5
 40
1.0
 40
1.0
 40
1.0
 40
1.0
 10
1080.331653011574
 20
991.9700707614385
 10
1080.331653011574
 20
991.9700707614385
 10
1093.994549449537
 20
991.9700707614385
 10
1093.994549449537
 20
991.9700707614385
 72
     4
 94
        3
 73
     0
 74
     0
 95
       11
 96
        7
 40
0.99999
 40
0.99999
 40
0.99999
 40
0.99999
 40
1.0
 40
1.0
 40
1.0
 40
1.108959969498952
 40
1.108959969498952
 40
1.108959969498952
 40
1.108959969498952
 10
1093.994549449923
 20
991.9700707614385
 10
1093.994549449661
 20
991.9700707614385
 10
1093.994549449537
 20
991.9700707614385
 10
1093.994549449537
 20
991.9700707614385
 10
1093.994549449537
 20
991.9700707614385
 10
1093.994549449537
 20
992.0728429190088
 10
1093.994549449537
 20
992.1888028249153
 72
     4
 94
        3
 73
     0
 74
     0
 95
        8
 96
        4
 40
0.1089599694989531
 40
0.1089599694989531
 40
0.1089599694989531
 40
0.1089599694989531
 40
0.1315905368434315
 40
0.1315905368434315
 40
0.1315905368434315
 40
0.1315905368434315
 10
1093.994549449537
 20
992.1888028249153
 10
1093.994549449537
 20
992.2128872521779
 10
1093.994549449537
 20
992.2375405685082
 10
1093.994549449537
 20
992.2619601393755
 97
        0
 75
     0
 76
     1
 47
0.0021580951682975
 98
        1
 10
1086.799862399279
 20
992.253161279906
1001
ACAD
1010
0.0
1020
0.0
1030
0.0
  0
MTEXT
  5
93C
330
1F
100
AcDbEntity
  8
ºöåçæÄ
100
AcDbMText
 10
1072.229376283805
 20
965.2618473940323
 30
0.0
 40
4.756309862074575
 41
49.03141603724414
 71
     1
 72
     1
  1
{\fTahoma|b0|i0|c163|p34; }
 73
     1
 44
1.0
1001
ACAD
1000
MTEXTBEGIN
1070
    73
1070
     1
1070
    44
1040
1.0
1070
    74
1070
     0
1000
MTEXTEND
  0
MTEXT
  5
93D
330
1F
100
AcDbEntity
  8
ºöåçæÄ
100
AcDbMText
 10
1069.466446077801
 20
955.0979665495516
 30
0.0
 40
4.756309862074575
 41
43.3138495681561
 71
     1
 72
     1
  1
{\fTahoma|b0|i0|c163|p34;1/4"\fTahoma|b0|i0|c0|p34; \fTahoma|b0|i0|c163|p34;Revea\fTahoma|b0|i0|c0|p34;l}
 73
     1
 44
1.0
1001
ACAD
1000
MTEXTBEGIN
1070
    73
1070
     1
1070
    44
1040
1.0
1070
    74
1070
     0
1000
MTEXTEND
  0
MTEXT
  5
93E
330
1F
100
AcDbEntity
  8
ºöåçæÄ
100
AcDbMText
 10
1072.229376283805
 20
958.5237417560922
 30
0.0
 40
4.756309862074575
 41
43.54430018581933
 71
     1
 72
     1
  1
{\fTahoma|b0|i0|c163|p34; }
 73
     1
 44
1.0
1001
ACAD
1000
MTEXTBEGIN
1070
    73
1070
     1
1070
    44
1040
1.0
1070
    74
1070
     0
1000
MTEXTEND
  0
LEADER
  5
93F
330
1F
100
AcDbEntity
  8
≥ﬂ¥ÁòÀ◊¢
100
AcDbLeader
  3
5-1
 74
     0
 76
     3
 10
1135.915134142819
 20
1033.262598876961
 30
0.0
 10
1110.194020452502
 20
950.4890774779243
 30
0.0
 10
1100.43135045702
 20
950.4890774779243
 30
0.0
211
0.0
221
0.0
231
0.0
  0
DIMENSION
  5
940
330
1F
100
AcDbEntity
  8
ºöåçæÄ
100
AcDbDimension
  2
*D26
 10
1098.541996861397
 20
1005.392463606832
 30
0.0
 11
1131.254596424863
 21
1005.392463606832
 31
0.0
 70
   160
  1
{\fTahoma|b0|i0|c163|p34;\H1.4581x;1/4"}
 71
     5
 42
0.1789709439063294
  3
in+mm
100
AcDbAlignedDimension
 13
1093.996134886158
 23
1000.732382604844
 33
0.0
 14
1098.541996861397
 24
986.2862042666847
 34
0.0
 50
0.0
100
AcDbRotatedDimension
1001
ACAD
1000
DSTYLE
1002
{
1070
    41
1040
2.0
1002
}
  0
INSERT
  5
941
330
1F
100
AcDbEntity
  8
CONT
100
AcDbBlockReference
  2
df
 10
2937.510210007707
 20
455.366249860782
 30
0.0
 41
1.404
 42
1.404
 43
1.404
  0
INSERT
  5
942
330
1F
100
AcDbEntity
  8
0
100
AcDbBlockReference
  2
A$C3E9E28A7
 10
454.3941457541335
 20
913.6715782564309
 30
0.0
 41
0.2
 42
0.2
 43
0.2
  0
DIMENSION
  5
943
330
1F
100
AcDbEntity
  8
0
100
AcDbDimension
  2
*D27
 10
1207.766972003379
 20
1083.156232090695
 30
0.0
 11
824.2756123846342
 21
1083.156232090695
 31
0.0
 70
   160
 71
     5
 42
749.2999999999987
  3
mm+in
100
AcDbAlignedDimension
 13
458.4669720033803
 23
817.3813234727342
 33
0.0
 14
1207.766972003379
 24
817.3813234727342
 34
0.0
 50
0.0
100
AcDbRotatedDimension
1001
ACAD
1000
DSTYLE
1002
{
1070
    40
1040
3.5
1070
   278
1070
    46
1070
   288
1070
     1
1002
}
1001
ACAD_DSTYLE_DIMARC_LENGTH_SYMBOL
1070
   379
1070
     1
  0
DIMENSION
  5
944
330
1F
100
AcDbEntity
  8
0
100
AcDbDimension
  2
*D28
 10
1214.11697200338
 20
1129.554703884115
 30
0.0
 11
825.7497554417355
 21
1129.554703884115
 31
0.0
 70
   160
 71
     5
 42
762.0000000000002
  3
mm+in
100
AcDbAlignedDimension
 13
452.1169720033799
 23
817.3813234727342
 33
0.0
 14
1214.11697200338
 24
817.3813234727342
 34
0.0
 50
0.0
100
AcDbRotatedDimension
1001
ACAD
1000
DSTYLE
1002
{
1070
    40
1040
3.5
1070
   278
1070
    46
1070
   288
1070
     1
1002
}
1001
ACAD_DSTYLE_DIMARC_LENGTH_SYMBOL
1070
   379
1070
     1
  0
DIMENSION
  5
945
330
1F
100
AcDbEntity
  8
0
100
AcDbDimension
  2
*D29
 10
1220.46697200338
 20
1193.964508981896
 30
0.0
 11
844.0928834177544
 21
1193.964508981896
 31
0.0
 70
   160
 71
     5
 42
774.7000000000005
  3
mm+in
100
AcDbAlignedDimension
 13
445.7669720033796
 23
817.3813234727342
 33
0.0
 14
1220.46697200338
 24
817.3813234727342
 34
0.0
 50
0.0
100
AcDbRotatedDimension
1001
ACAD
1000
DSTYLE
1002
{
1070
    40
1040
3.5
1070
   278
1070
    46
1070
   288
1070
     1
1002
}
1001
ACAD_DSTYLE_DIMARC_LENGTH_SYMBOL
1070
   379
1070
     1
  0
DIMENSION
  5
946
330
1F
100
AcDbEntity
  8
0
100
AcDbDimension
  2
*D30
 10
1287.758606640608
 20
614.1813234727335
 30
0.0
 11
1287.758606640608
 21
855.6065949593131
 31
0.0
 70
   160
 71
     5
 42
406.3999999999993
  3
mm+in
100
AcDbAlignedDimension
 13
1097.763762153773
 23
1020.581323472733
 33
0.0
 14
1097.763762153773
 24
614.1813234727335
 34
0.0
 50
90.0
100
AcDbRotatedDimension
1001
ACAD
1000
DSTYLE
1002
{
1070
    40
1040
3.5
1070
   278
1070
    46
1070
   288
1070
     1
1002
}
1001
ACAD_DSTYLE_DIMARC_LENGTH_SYMBOL
1070
   379
1070
     1
  0
DIMENSION
  5
947
330
1F
100
AcDbEntity
  8
0
100
AcDbDimension
  2
*D31
 10
1344.644075981931
 20
607.8313234727332
 30
0.0
 11
1344.644075981931
 21
841.423665520627
 31
0.0
 70
   160
 71
     5
 42
419.0999999999998
  3
mm+in
100
AcDbAlignedDimension
 13
1116.846251061878
 23
1026.931323472733
 33
0.0
 14
1116.846251061878
 24
607.8313234727332
 34
0.0
 50
90.0
100
AcDbRotatedDimension
1001
ACAD
1000
DSTYLE
1002
{
1070
    40
1040
3.5
1070
   278
1070
    46
1070
   288
1070
     1
1002
}
1001
ACAD_DSTYLE_DIMARC_LENGTH_SYMBOL
1070
   379
1070
     1
  0
DIMENSION
  5
948
330
1F
100
AcDbEntity
  8
0
100
AcDbDimension
  2
*D32
 10
1402.257032399721
 20
601.4813234727328
 30
0.0
 11
1402.257032399721
 21
839.1040665094944
 31
0.0
 70
   160
 71
     5
 42
431.8000000000012
  3
mm+in
100
AcDbAlignedDimension
 13
1087.343018108754
 23
1033.281323472734
 33
0.0
 14
1087.343018108754
 24
601.4813234727328
 34
0.0
 50
90.0
100
AcDbRotatedDimension
1001
ACAD
1000
DSTYLE
1002
{
1070
    40
1040
3.5
1070
   278
1070
    46
1070
   288
1070
     1
1002
}
1001
ACAD_DSTYLE_DIMARC_LENGTH_SYMBOL
1070
   379
1070
     1
  0
DIMENSION
  5
949
330
1F
100
AcDbEntity
  8
0
100
AcDbDimension
  2
*D33
 10
452.1169720033799
 20
773.7458398877651
 30
0.0
 11
355.2836386700469
 21
773.7458398877651
 31
0.0
 70
   160
 71
     5
 42
6.35000000000042
  3
mm+in
100
AcDbAlignedDimension
 13
458.4669720033803
 23
817.3813234727342
 33
0.0
 14
452.1169720033799
 24
820.3834229272063
 34
0.0
 50
0.0
100
AcDbRotatedDimension
1001
ACAD
1000
DSTYLE
1002
{
1070
    40
1040
3.5
1070
   278
1070
    46
1070
   288
1070
     1
1002
}
1001
ACAD_DSTYLE_DIMARC_LENGTH_SYMBOL
1070
   379
1070
     1
  0
DIMENSION
  5
94A
330
1F
100
AcDbEntity
  8
0
100
AcDbDimension
  2
*D34
 10
452.1169720033799
 20
832.0805661094285
 30
0.0
 11
354.262805336713
 21
832.0805661094285
 31
0.0
 70
   160
 71
     5
 42
19.99999999999994
  3
mm+in
100
AcDbAlignedDimension
 13
472.1169720033798
 23
817.3813234727342
 33
0.0
 14
452.1169720033799
 24
817.3813234727342
 34
0.0
 50
0.0
100
AcDbRotatedDimension
1001
ACAD
1000
DSTYLE
1002
{
1070
    40
1040
3.5
1070
   278
1070
    46
1070
   288
1070
     1
1002
}
1001
ACAD_DSTYLE_DIMARC_LENGTH_SYMBOL
1070
   379
1070
     1
  0
DIMENSION
  5
94B
330
1F
100
AcDbEntity
  8
0
100
AcDbDimension
  2
*D35
 10
1196.560164610352
 20
816.8514084934841
 30
0.0
 11
1079.398152993982
 21
842.2632015618662
 31
0.0
 70
   163
 71
     5
 42
4.999999999997649
  3
mm+in
100
AcDbDiametricDimension
 15
1191.673779396409
 25
817.9112384519841
 35
0.0
 40
0.0
1001
ACAD_DSTYLE_DIMRADIAL_EXTENSION
1070
   387
1070
     1
1070
   388
1040
0.0
1070
   390
1040
0.0
1001
ACAD
1000
DSTYLE
1002
{
1070
    40
1040
3.5
1070
   278
1070
    46
1070
   288
1070
     1
1002
}
1001
ACAD_DSTYLE_DIMARC_LENGTH_SYMBOL
1070
   379
1070
     1
  0
DIMENSION
  5
94C
330
1F
100
AcDbEntity
  8
0
100
AcDbDimension
  2
*D36
 10
712.7962890355652
 20
627.8313234727331
 30
0.0
 11
712.7962890355652
 21
729.3040057326245
 31
0.0
 70
   160
 71
     5
 42
379.0999999999998
  3
mm+in
100
AcDbAlignedDimension
 13
833.1169720033798
 23
1006.931323472733
 33
0.0
 14
833.1169720033798
 24
627.8313234727331
 34
0.0
 50
90.0
100
AcDbRotatedDimension
1001
ACAD
1000
DSTYLE
1002
{
1070
    40
1040
3.5
1070
   278
1070
    46
1070
   288
1070
     1
1002
}
1001
ACAD_DSTYLE_DIMARC_LENGTH_SYMBOL
1070
   379
1070
     1
  0
DIMENSION
  5
94D
330
1F
100
AcDbEntity
  8
0
100
AcDbDimension
  2
*D37
 10
833.1169720033798
 20
549.4927831694377
 30
0.0
 11
609.3200995964877
 21
549.4927831694377
 31
0.0
 70
   160
 71
     5
 42
361.0
  3
mm+in
100
AcDbAlignedDimension
 13
472.1169720033798
 23
817.3813234727342
 33
0.0
 14
833.1169720033798
 24
627.8313234727331
 34
0.0
 50
0.0
100
AcDbRotatedDimension
1001
ACAD
1000
DSTYLE
1002
{
1070
    40
1040
3.5
1070
   278
1070
    46
1070
   288
1070
     1
1002
}
1001
ACAD_DSTYLE_DIMARC_LENGTH_SYMBOL
1070
   379
1070
     1
  0
DIMENSION
  5
94E
330
1F
100
AcDbEntity
  8
0
100
AcDbDimension
  2
*D38
 10
833.1169720033798
 20
549.5305565195496
 30
0.0
 11
1005.207007846784
 21
549.5305565195496
 31
0.0
 70
   160
 71
     5
 42
361.0000000000003
  3
mm+in
100
AcDbAlignedDimension
 13
1194.11697200338
 23
817.3813234727342
 33
0.0
 14
833.1169720033798
 24
627.8313234727331
 34
0.0
 50
0.0
100
AcDbRotatedDimension
1001
ACAD
1000
DSTYLE
1002
{
1070
    40
1040
3.5
1070
   278
1070
    46
1070
   288
1070
     1
1002
}
1001
ACAD_DSTYLE_DIMARC_LENGTH_SYMBOL
1070
   379
1070
     1
  0
LWPOLYLINE
  5
950
330
1F
100
AcDbEntity
  8
—b”ÜÖ^”Ú
100
AcDbPolyline
 90
        4
 70
     1
 43
0.0
 10
134.4384073300512
 20
289.8445043115527
 10
1546.732520919959
 20
289.8445043115527
 10
1546.732520919959
 20
1280.9280927957
 10
134.4384073300512
 20
1280.9280927957
  0
LINE
  5
951
330
1F
100
AcDbEntity
  8
0
100
AcDbLine
 10
167.3176053780166
 20
1256.223239380858
 30
0.0
 11
1513.853322871987
 21
1256.223239380858
 31
0.0
  0
LINE
  5
952
330
1F
100
AcDbEntity
  8
0
100
AcDbLine
 10
167.3176053780166
 20
314.6215940236591
 30
0.0
 11
1513.853322871987
 21
314.6215940236572
 31
0.0
  0
LINE
  5
953
330
1F
100
AcDbEntity
  8
0
100
AcDbLine
 10
167.3176053780166
 20
1256.223239380858
 30
0.0
 11
167.3176053780166
 21
314.6215940236591
 31
0.0
  0
LINE
  5
954
330
1F
100
AcDbEntity
  8
0
100
AcDbLine
 10
1513.853322871987
 20
314.6215940236609
 30
0.0
 11
1513.853322871987
 21
1256.223239380858
 31
0.0
  0
MTEXT
  5
96B
330
1F
100
AcDbEntity
  8
Œƒ◊÷
100
AcDbMText
 10
1347.344754472464
 20
364.0275128013314
 30
0.0
 40
16.03177408528481
 41
320.5284472080202
 71
     2
 72
     5
  1
{\fNSimSun|b0|i0|c134|p49;SU-32189D-LD\fEbrima|b0|i0|c134|p2;}
 73
     1
 44
1.0
1001
ACAD
1000
MTEXTBEGIN
1070
    73
1070
     1
1070
    44
1040
1.0
1070
    74
1070
     0
1000
MTEXTEND
1000
ACAD_MTEXT_DEFINED_HEIGHT_BEGIN
1070
    46
1040
19.37074429093382
1000
ACAD_MTEXT_DEFINED_HEIGHT_END
  0
DIMENSION
  5
97E
330
1F
100
AcDbEntity
  8
0
100
AcDbDimension
  2
*D39
 10
532.1169720033757
 20
687.8313234727092
 30
0.0
 11
381.7807832588516
 21
506.1238175901863
 31
0.0
 70
   164
 71
     5
 42
86.34999999997864
  3
mm+in
100
AcDbRadialDimension
 15
477.0722223439434
 25
621.3001425503271
 35
0.0
 40
0.0
1001
ACAD_DSTYLE_DIMRADIAL_EXTENSION
1070
   387
1070
     1
1070
   388
1040
3.141592653589792
1070
   390
1040
-1.570796326794896
1001
ACAD
1000
DSTYLE
1002
{
1070
    40
1040
3.5
1070
   278
1070
    46
1070
   288
1070
     1
1002
}
1001
ACAD_DSTYLE_DIMARC_LENGTH_SYMBOL
1070
   379
1070
     1
  0
DIMENSION
  5
97F
330
1F
100
AcDbEntity
  8
0
100
AcDbDimension
  2
*D40
 10
532.116972003372
 20
687.8313234727202
 30
0.0
 11
345.8836342615299
 21
550.4451535744301
 31
0.0
 70
   164
 71
     5
 42
79.99999999998639
  3
mm+in
100
AcDbRadialDimension
 15
467.7391936337808
 25
640.3392014713438
 35
0.0
 40
0.0
1001
ACAD_DSTYLE_DIMRADIAL_EXTENSION
1070
   387
1070
     1
1070
   388
1040
3.141592653589792
1070
   390
1040
-1.570796326794896
1001
ACAD
1000
DSTYLE
1002
{
1070
    40
1040
3.5
1070
   278
1070
    46
1070
   288
1070
     1
1002
}
1001
ACAD_DSTYLE_DIMARC_LENGTH_SYMBOL
1070
   379
1070
     1
  0
DIMENSION
  5
980
330
1F
100
AcDbEntity
  8
0
100
AcDbDimension
  2
*D41
 10
532.1169720033858
 20
687.8313234727278
 30
0.0
 11
338.3477714937738
 21
610.1322954303573
 31
0.0
 70
   164
 71
     5
 42
73.6500000000038
  3
mm+in
100
AcDbRadialDimension
 15
463.7579659930811
 25
660.4202162845151
 35
0.0
 40
0.0
1001
ACAD_DSTYLE_DIMRADIAL_EXTENSION
1070
   387
1070
     1
1070
   388
1040
3.141592653589792
1070
   390
1040
-1.570796326794896
1001
ACAD
1000
DSTYLE
1002
{
1070
    40
1040
3.5
1070
   278
1070
    46
1070
   288
1070
     1
1002
}
1001
ACAD_DSTYLE_DIMARC_LENGTH_SYMBOL
1070
   379
1070
     1
  0
ENDSEC
  0
SECTION
  2
OBJECTS
  0
DICTIONARY
  5
C
330
0
100
AcDbDictionary
281
     1
  3
ACAD_CIP_PREVIOUS_PRODUCT_INFO
350
19E
  3
ACAD_COLOR
350
6C
  3
ACAD_DATALINK
350
247
  3
ACAD_DETAILVIEWSTYLE
350
1EB
  3
ACAD_GROUP
350
D
  3
ACAD_LAYOUT
350
1A
  3
ACAD_MATERIAL
350
6B
  3
ACAD_MLEADERSTYLE
350
DE
  3
ACAD_MLINESTYLE
350
17
  3
ACAD_PLOTSETTINGS
350
19
  3
ACAD_PLOTSTYLENAME
350
E
  3
ACAD_SCALELIST
350
B7
  3
ACAD_SECTIONVIEWSTYLE
350
1E9
  3
ACAD_TABLESTYLE
350
92
  3
ACAD_VISUALSTYLE
350
17F
  3
ACDB_RECOMPOSE_DATA
350
B0B
  3
ACDBHEADERROUNDTRIPXREC
350
CA7
  3
AcDbVariableDictionary
350
59
  3
DWGPROPS
350
CAA
  0
DICTIONARY
  5
ACC
330
8
100
AcDbDictionary
280
     1
281
     1
  3
ACAD_XREC_ROUNDTRIP
360
CB3
  0
DICTIONARY
  5
FA
330
2
100
AcDbDictionary
280
     1
281
     1
  3
ACAD_LAYERSTATES
360
FB
  0
DICTIONARY
  5
AC0
330
10
100
AcDbDictionary
280
     1
281
     1
  3
ACAD_XREC_ROUNDTRIP
360
CAB
  0
DICTIONARY
  5
3F2
330
3F1
100
AcDbDictionary
280
     1
281
     1
  3
ACAD_XREC_ROUNDTRIP
360
CAC
  3
ADSK_XREC_LAYER_RECONCILED
360
3F3
  0
DICTIONARY
  5
3F5
330
3F4
100
AcDbDictionary
280
     1
281
     1
  3
ACAD_XREC_ROUNDTRIP
360
CAD
  3
ADSK_XREC_LAYER_RECONCILED
360
3F6
  0
DICTIONARY
  5
3F8
330
3F7
100
AcDbDictionary
280
     1
281
     1
  3
ACAD_XREC_ROUNDTRIP
360
CAE
  3
ADSK_XREC_LAYER_RECONCILED
360
3F9
  0
DICTIONARY
  5
3FB
330
3FA
100
AcDbDictionary
280
     1
281
     1
  3
ACAD_XREC_ROUNDTRIP
360
CAF
  3
ADSK_XREC_LAYER_RECONCILED
360
3FC
  0
DICTIONARY
  5
AC6
330
3FD
100
AcDbDictionary
280
     1
281
     1
  3
ACAD_XREC_ROUNDTRIP
360
CB0
  0
DICTIONARY
  5
AC8
330
3FE
100
AcDbDictionary
280
     1
281
     1
  3
ACAD_XREC_ROUNDTRIP
360
CB1
  0
DICTIONARY
  5
ACA
330
3FF
100
AcDbDictionary
280
     1
281
     1
  3
ACAD_XREC_ROUNDTRIP
360
CB2
  0
DICTIONARY
  5
CA1
330
253
100
AcDbDictionary
280
     1
281
     1
  0
DICTIONARY
  5
30E
330
30D
100
AcDbDictionary
280
     1
281
     1
  3
ACAD_SORTENTS
360
6C5
  0
DICTIONARY
  5
32C
330
32B
100
AcDbDictionary
280
     1
281
     1
  3
ACAD_DIMASSOC
360
32D
  0
DICTIONARY
  5
32F
330
32E
100
AcDbDictionary
280
     1
281
     1
  3
ACAD_DIMASSOC
360
330
  0
DICTIONARY
  5
332
330
331
100
AcDbDictionary
280
     1
281
     1
  3
ACAD_DIMASSOC
360
333
  0
DICTIONARY
  5
335
330
334
100
AcDbDictionary
280
     1
281
     1
  3
ACAD_DIMASSOC
360
336
  0
DICTIONARY
  5
338
330
337
100
AcDbDictionary
280
     1
281
     1
  3
ACAD_DIMASSOC
360
339
  0
XRECORD
  5
19E
102
{ACAD_REACTORS
330
C
102
}
330
C
100
AcDbXrecord
280
     1
300
ACD
300
2013
300
ACD_F_S
  0
DICTIONARY
  5
6C
102
{ACAD_REACTORS
330
C
102
}
330
C
100
AcDbDictionary
281
     1
  0
DICTIONARY
  5
247
102
{ACAD_REACTORS
330
C
102
}
330
C
100
AcDbDictionary
280
     1
281
     1
  0
DICTIONARY
  5
1EB
102
{ACAD_REACTORS
330
C
102
}
330
C
100
AcDbDictionary
281
     1
  3
Metric50
350
1EC
  0
DICTIONARY
  5
D
102
{ACAD_REACTORS
330
C
102
}
330
C
100
AcDbDictionary
281
     1
  0
DICTIONARY
  5
1A
102
{ACAD_REACTORS
330
C
102
}
330
C
100
AcDbDictionary
281
     1
  3
Layout1
350
1E0
  3
Layout2
350
1E4
  3
Model
350
22
  0
DICTIONARY
  5
6B
102
{ACAD_REACTORS
330
C
102
}
330
C
100
AcDbDictionary
281
     1
  3
ByBlock
350
16F
  3
ByLayer
350
167
  3
Global
350
177
  0
DICTIONARY
  5
DE
102
{ACAD_REACTORS
330
C
102
}
330
C
100
AcDbDictionary
281
     1
  3
Annotative
350
246
  3
Standard
350
E1
  0
DICTIONARY
  5
17
102
{ACAD_REACTORS
330
C
102
}
330
C
100
AcDbDictionary
281
     1
  3
Standard
350
18
  0
DICTIONARY
  5
19
102
{ACAD_REACTORS
330
C
102
}
330
C
100
AcDbDictionary
281
     1
  0
ACDBDICTIONARYWDFLT
  5
E
102
{ACAD_REACTORS
330
C
102
}
330
C
100
AcDbDictionary
281
     1
  3
Normal
350
F
100
AcDbDictionaryWithDefault
340
F
  0
DICTIONARY
  5
B7
102
{ACAD_REACTORS
330
C
102
}
330
C
100
AcDbDictionary
281
     1
  3
A0
350
B8
  3
A1
350
229
  3
A2
350
22A
  3
A3
350
22B
  3
A4
350
22C
  3
A5
350
22D
  3
A6
350
22E
  3
A7
350
22F
  3
A8
350
230
  3
A9
350
231
  3
B0
350
232
  3
B1
350
233
  3
B2
350
234
  3
B3
350
235
  3
B4
350
236
  3
B5
350
237
  3
B6
350
238
  0
DICTIONARY
  5
1E9
102
{ACAD_REACTORS
330
C
102
}
330
C
100
AcDbDictionary
281
     1
  3
Metric50
350
1EA
  0
DICTIONARY
  5
92
102
{ACAD_REACTORS
330
C
102
}
330
C
100
AcDbDictionary
281
     1
  3
Standard
350
93
  0
DICTIONARY
  5
17F
102
{ACAD_REACTORS
330
C
102
}
330
C
100
AcDbDictionary
281
     1
  3
2dWireframe
350
185
  3
Basic
350
184
  3
Brighten
350
18B
  3
ColorChange
350
18F
  3
Conceptual
350
188
  3
Dim
350
18A
  3
EdgeColorOff
350
197
  3
Facepattern
350
18E
  3
Flat
350
180
  3
FlatWithEdges
350
181
  3
Gouraud
350
182
  3
GouraudWithEdges
350
183
  3
Hidden
350
187
  3
JitterOff
350
195
  3
Linepattern
350
18D
  3
OverhangOff
350
196
  3
Realistic
350
189
  3
Shaded
350
194
  3
Shaded with edges
350
193
  3
Shades of Gray
350
190
  3
Sketchy
350
191
  3
Thicken
350
18C
  3
Wireframe
350
186
  3
X-Ray
350
192
  0
XRECORD
  5
B0B
102
{ACAD_REACTORS
330
C
102
}
330
C
100
AcDbXrecord
280
     1
 90
        1
330
93
  0
DICTIONARY
  5
CA7
102
{ACAD_REACTORS
330
C
102
}
330
C
100
AcDbDictionary
281
     1
  3
COLORDICT
350
CA8
  3
MATERIALDICT
350
CA9
  0
DICTIONARY
  5
59
102
{ACAD_REACTORS
330
C
102
}
330
C
100
AcDbDictionary
281
     1
  3
CANNOSCALE
350
CA3
  3
CMLEADERSTYLE
350
E9
  3
CTABLESTYLE
350
98
  3
CVIEWDETAILSTYLE
350
209
  3
CVIEWSECTIONSTYLE
350
20A
  3
DGNFRAME
350
24D
  3
DIMASSOC
350
43
  3
DWFFRAME
350
24C
  3
HIDETEXT
350
5E
  3
MSLTSCALE
350
ABD
  3
PROJECTNAME
350
B6
  0
XRECORD
  5
CAA
102
{ACAD_REACTORS
330
C
102
}
330
C
100
AcDbXrecord
280
     1
  1
DWGPROPS COOKIE
  2

  3

  4

  6

  7

  8
localuser
  9

300
=
301
=
302
=
303
=
304
=
305
=
306
=
307
=
308
=
309
=
 40
0.0
 41
2460425.662098565
 42
2461244.419145266
  1

 90
        0
  0
XRECORD
  5
CB3
102
{ACAD_REACTORS
330
ACC
102
}
330
ACC
100
AcDbXrecord
280
     1
102
VTR_0.000_0.000_1.000_1.000_VISUALSTYLE
340
185
102
VTR_0.000_0.000_1.000_1.000_GRIDDISPLAY
 70
     3
102
VTR_0.000_0.000_1.000_1.000_GRIDMAJOR
 70
     5
102
VTR_0.000_0.000_1.000_1.000_DEFAULTLIGHTING
280
     1
102
VTR_0.000_0.000_1.000_1.000_DEFAULTLIGHTINGTYPE
 70
     1
102
VTR_0.000_0.000_1.000_1.000_BRIGHTNESS
141
0.0
102
VTR_0.000_0.000_1.000_1.000_CONTRAST
142
0.0
  0
DICTIONARY
  5
FB
102
{ACAD_REACTORS
330
FA
102
}
330
FA
100
AcDbDictionary
281
     1
  0
XRECORD
  5
CAB
102
{ACAD_REACTORS
330
AC0
102
}
330
AC0
100
AcDbXrecord
280
     1
102
MATERIAL
340
177
  0
XRECORD
  5
CAC
102
{ACAD_REACTORS
330
3F2
102
}
330
3F2
100
AcDbXrecord
280
     1
102
MATERIAL
340
177
  0
XRECORD
  5
3F3
102
{ACAD_REACTORS
330
3F2
102
}
330
3F2
100
AcDbXrecord
280
     1
290
     0
  0
XRECORD
  5
CAD
102
{ACAD_REACTORS
330
3F5
102
}
330
3F5
100
AcDbXrecord
280
     1
102
MATERIAL
340
177
  0
XRECORD
  5
3F6
102
{ACAD_REACTORS
330
3F5
102
}
330
3F5
100
AcDbXrecord
280
     1
290
     0
  0
XRECORD
  5
CAE
102
{ACAD_REACTORS
330
3F8
102
}
330
3F8
100
AcDbXrecord
280
     1
102
MATERIAL
340
177
  0
XRECORD
  5
3F9
102
{ACAD_REACTORS
330
3F8
102
}
330
3F8
100
AcDbXrecord
280
     1
290
     0
  0
XRECORD
  5
CAF
102
{ACAD_REACTORS
330
3FB
102
}
330
3FB
100
AcDbXrecord
280
     1
102
MATERIAL
340
177
  0
XRECORD
  5
3FC
102
{ACAD_REACTORS
330
3FB
102
}
330
3FB
100
AcDbXrecord
280
     1
290
     0
  0
XRECORD
  5
CB0
102
{ACAD_REACTORS
330
AC6
102
}
330
AC6
100
AcDbXrecord
280
     1
102
MATERIAL
340
177
  0
XRECORD
  5
CB1
102
{ACAD_REACTORS
330
AC8
102
}
330
AC8
100
AcDbXrecord
280
     1
102
MATERIAL
340
177
  0
XRECORD
  5
CB2
102
{ACAD_REACTORS
330
ACA
102
}
330
ACA
100
AcDbXrecord
280
     1
102
MATERIAL
340
177
  0
SORTENTSTABLE
  5
6C5
102
{ACAD_REACTORS
330
30E
102
}
330
30E
100
AcDbSortentsTable
330
30D
  0
DIMASSOC
  5
32D
102
{ACAD_REACTORS
330
32C
102
}
330
32C
100
AcDbDimAssoc
330
32B
 90
        3
 70
     0
 71
     0
  1
AcDbOsnapPointRef
 72
    10
331
315
 73
     2
 91
        0
 40
0.293056289500245
 10
0.0
 20
0.0
 30
0.0
 75
     0
  1
AcDbOsnapPointRef
 72
     8
331
312
 73
     2
 91
        0
 40
0.7069437104997549
 10
0.0
 20
0.0
 30
0.0
 75
     1
  1
AcDbOsnapPointRef
 72
    10
331
315
 73
     2
 91
        0
 40
0.293056289500245
 10
0.0
 20
0.0
 30
0.0
 75
     0
  0
DIMASSOC
  5
330
102
{ACAD_REACTORS
330
32F
102
}
330
32F
100
AcDbDimAssoc
330
32E
 90
        3
 70
     0
 71
     0
  1
AcDbOsnapPointRef
 72
    10
331
31A
 73
     2
 91
        0
 40
0.2380278966167855
 10
0.0
 20
0.0
 30
0.0
 75
     0
  1
AcDbOsnapPointRef
 72
    10
331
311
 73
     2
 91
        0
 40
0.8895712993822641
 10
0.0
 20
0.0
 30
0.0
 75
     0
  0
DIMASSOC
  5
333
102
{ACAD_REACTORS
330
332
102
}
330
332
100
AcDbDimAssoc
330
331
 90
        3
 70
     0
 71
     0
  1
AcDbOsnapPointRef
 72
    10
331
317
 73
     2
 91
        0
 40
0.8638860708784536
 10
0.0
 20
0.0
 30
0.0
 75
     0
  1
AcDbOsnapPointRef
 72
    10
331
313
 73
     2
 91
        0
 40
0.1631385648378246
 10
0.0
 20
0.0
 30
0.0
 75
     0
  0
DIMASSOC
  5
336
102
{ACAD_REACTORS
330
335
102
}
330
335
100
AcDbDimAssoc
330
334
 90
        3
 70
     0
 71
     0
  1
AcDbOsnapPointRef
 72
    10
331
318
 73
     2
 91
        0
 40
0.5501322795082918
 10
0.0
 20
0.0
 30
0.0
 75
     0
  1
AcDbOsnapPointRef
 72
     8
331
319
 73
     2
 91
        0
 40
0.542022884570037
 10
0.0
 20
0.0
 30
0.0
 75
     1
  1
AcDbOsnapPointRef
 72
    10
331
318
 73
     2
 91
        0
 40
0.5501322795082918
 10
0.0
 20
0.0
 30
0.0
 75
     0
  0
DIMASSOC
  5
339
102
{ACAD_REACTORS
330
338
102
}
330
338
100
AcDbDimAssoc
330
337
 90
        3
 70
     0
 71
     0
  1
AcDbOsnapPointRef
 72
    10
331
314
 73
     2
 91
        0
 40
0.7044788918422449
 10
0.0
 20
0.0
 30
0.0
 75
     0
  1
AcDbOsnapPointRef
 72
     8
331
316
 73
     2
 91
        0
 40
0.2560616539234355
 10
0.0
 20
0.0
 30
0.0
 75
     1
  1
AcDbOsnapPointRef
 72
    10
331
314
 73
     2
 91
        0
 40
0.7044788918422449
 10
0.0
 20
0.0
 30
0.0
 75
     0
  0
ACDBDETAILVIEWSTYLE
  5
1EC
102
{ACAD_REACTORS
330
1EB
102
}
330
1EB
100
AcDbModelDocViewStyle
 70
     0
  3
Metric50
290
     1
100
AcDbDetailViewStyle
 70
     0
 71
     0
 90
        3
 71
     1
340
11
 40
5.0
340
0
 40
5.0
300

 40
0.0
280
     1
 71
     2
340
16
 90
       25
 71
     3
340
11
 40
5.0
 90
        0
 40
15.0
 90
        1
300
%<\AcVar ViewDetailId>% (%<\AcVar ViewScale \f "%sn">%)
 71
     4
340
16
 90
       25
340
16
 90
       25
280
     0
  0
LAYOUT
  5
1E0
102
{ACAD_REACTORS
330
1A
102
}
330
1A
100
AcDbPlotSettings
  1

  2
ZWCAD Virtual Eps Plotter 1.0#:4
  4

  6

 40
0.0
 41
0.0
 42
0.0
 43
0.0
 44
0.0
 45
0.0
 46
0.0
 47
0.0
 48
0.0
 49
0.0
140
0.0
141
0.0
142
1.0
143
1.0
 70
   688
 72
     0
 73
     0
 74
     5
  7

 75
    16
147
1.0
148
0.0
149
0.0
100
AcDbLayout
  1
Layout1
 70
     1
 71
     1
 10
0.0
 20
0.0
 11
12.0
 21
9.0
 12
0.0
 22
0.0
 32
0.0
 14
0.0
 24
0.0
 34
0.0
 15
0.0
 25
0.0
 35
0.0
146
0.0
 13
0.0
 23
0.0
 33
0.0
 16
1.0
 26
0.0
 36
0.0
 17
0.0
 27
1.0
 37
0.0
 76
     0
330
1DF
  0
LAYOUT
  5
1E4
102
{ACAD_REACTORS
330
1A
102
}
330
1A
100
AcDbPlotSettings
  1

  2
ZWCAD Virtual Eps Plotter 1.0#:4
  4

  6

 40
0.0
 41
0.0
 42
0.0
 43
0.0
 44
0.0
 45
0.0
 46
0.0
 47
0.0
 48
0.0
 49
0.0
140
0.0
141
0.0
142
1.0
143
1.0
 70
   688
 72
     0
 73
     0
 74
     5
  7

 75
    16
147
1.0
148
0.0
149
0.0
100
AcDbLayout
  1
Layout2
 70
     1
 71
     2
 10
0.0
 20
0.0
 11
12.0
 21
9.0
 12
0.0
 22
0.0
 32
0.0
 14
0.0
 24
0.0
 34
0.0
 15
0.0
 25
0.0
 35
0.0
146
0.0
 13
0.0
 23
0.0
 33
0.0
 16
1.0
 26
0.0
 36
0.0
 17
0.0
 27
1.0
 37
0.0
 76
     0
330
1E3
  0
LAYOUT
  5
22
102
{ACAD_REACTORS
330
1A
102
}
330
1A
100
AcDbPlotSettings
  1

  2
none_device
  4
none_user_media
  6

 40
6.349999904632567
 41
6.349999904632567
 42
6.350006103515625
 43
6.350006103515625
 44
215.8999938964844
 45
279.3999938964844
 46
0.0
 47
93.24890429069769
 48
0.0
 49
0.0
140
0.0
141
0.0
142
1.0
143
5.333922030356133
 70
 11445
 72
     1
 73
     0
 74
     0
  7

 75
     0
147
0.1874793059045207
148
84.95211750282676
149
-33.53116226043312
100
AcDbLayout
  1
Model
 70
     1
 71
     0
 10
0.0
 20
0.0
 11
420.0
 21
297.0
 12
0.0
 22
0.0
 32
0.0
 14
1.000000000000000E+20
 24
1.000000000000000E+20
 34
1.000000000000000E+20
 15
-1.000000000000000E+20
 25
-1.000000000000000E+20
 35
-1.000000000000000E+20
146
0.0
 13
0.0
 23
0.0
 33
0.0
 16
1.0
 26
0.0
 36
0.0
 17
0.0
 27
1.0
 37
0.0
 76
     0
330
1F
331
1CC
1001
ACAD_PSEXT
1000
None
1000
None
1000
Not applicable
1000
Select a new plotter configuration name to plot the layout.
1070
     0
  0
MATERIAL
  5
16F
102
{ACAD_XDICTIONARY
360
ACE
102
}
102
{ACAD_REACTORS
330
6B
102
}
330
6B
100
AcDbMaterial
  1
ByBlock
 72
     0
 73
     2
 77
     0
 78
     2
171
     0
172
     2
175
     0
176
     2
179
     0
270
     2
274
     2
  0
MATERIAL
  5
167
102
{ACAD_XDICTIONARY
360
AD0
102
}
102
{ACAD_REACTORS
330
6B
102
}
330
6B
100
AcDbMaterial
  1
ByLayer
 72
     0
 73
     2
 77
     0
 78
     2
171
     0
172
     2
175
     0
176
     2
179
     0
270
     2
274
     2
  0
MATERIAL
  5
177
102
{ACAD_XDICTIONARY
360
AD2
102
}
102
{ACAD_REACTORS
330
6B
102
}
330
6B
100
AcDbMaterial
  1
Global
 72
     0
 73
     2
 77
     0
 78
     2
171
     0
172
     2
175
     0
176
     2
179
     0
270
     2
274
     2
  0
MLEADERSTYLE
  5
246
102
{ACAD_XDICTIONARY
360
AD5
102
}
102
{ACAD_REACTORS
330
DE
102
}
330
DE
100
AcDbMLeaderStyle
170
     2
171
     1
172
     0
 90
        2
 40
0.0
 41
0.0
173
     1
 91
-1056964608
340
14
 92
       -2
290
     1
 42
2.0
291
     1
 43
8.0
  3
Standard
 44
4.0
300

342
11
174
     1
178
     1
175
     1
176
     0
 93
-1056964608
 45
4.0
292
     0
297
     0
 46
0.18
 94
-1056964608
 47
1.0
 49
1.0
140
1.0
293
     1
141
0.0
294
     1
177
     0
142
1.0
295
     0
296
     1
143
3.75
1001
ACAD_MLEADERVER
1070
     2
  0
MLEADERSTYLE
  5
E1
102
{ACAD_XDICTIONARY
360
AD7
102
}
102
{ACAD_REACTORS
330
DE
102
}
330
DE
100
AcDbMLeaderStyle
170
     2
171
     1
172
     0
 90
        2
 40
0.0
 41
0.0
173
     1
 91
-1056964608
340
14
 92
       -2
290
     1
 42
2.0
291
     1
 43
8.0
  3
Standard
 44
4.0
300

342
11
174
     1
178
     1
175
     1
176
     0
 93
-1056964608
 45
4.0
292
     0
297
     0
 46
0.18
 94
-1056964608
 47
1.0
 49
1.0
140
1.0
293
     1
141
0.0
294
     1
177
     0
142
1.0
295
     0
296
     0
143
3.75
1001
ACAD_MLEADERVER
1070
     2
  0
MLINESTYLE
  5
18
102
{ACAD_REACTORS
330
17
102
}
330
17
100
AcDbMlineStyle
  2
STANDARD
 70
     0
  3

 62
   256
 51
90.0
 52
90.0
 71
     2
 49
0.5
 62
   256
  6
BYLAYER
 49
-0.5
 62
   256
  6
BYLAYER
  0
ACDBPLACEHOLDER
  5
F
102
{ACAD_REACTORS
330
E
102
}
330
E
  0
SCALE
  5
B8
102
{ACAD_REACTORS
330
B7
102
}
330
B7
100
AcDbScale
 70
     0
300
1:1
140
1.0
141
1.0
290
     1
  0
SCALE
  5
229
102
{ACAD_REACTORS
330
B7
102
}
330
B7
100
AcDbScale
 70
     0
300
1:2
140
1.0
141
2.0
290
     0
  0
SCALE
  5
22A
102
{ACAD_REACTORS
330
B7
102
}
330
B7
100
AcDbScale
 70
     0
300
1:4
140
1.0
141
4.0
290
     0
  0
SCALE
  5
22B
102
{ACAD_REACTORS
330
B7
102
}
330
B7
100
AcDbScale
 70
     0
300
1:5
140
1.0
141
5.0
290
     0
  0
SCALE
  5
22C
102
{ACAD_REACTORS
330
B7
102
}
330
B7
100
AcDbScale
 70
     0
300
1:8
140
1.0
141
8.0
290
     0
  0
SCALE
  5
22D
102
{ACAD_REACTORS
330
B7
102
}
330
B7
100
AcDbScale
 70
     0
300
1:10
140
1.0
141
10.0
290
     0
  0
SCALE
  5
22E
102
{ACAD_REACTORS
330
B7
102
}
330
B7
100
AcDbScale
 70
     0
300
1:16
140
1.0
141
16.0
290
     0
  0
SCALE
  5
22F
102
{ACAD_REACTORS
330
B7
102
}
330
B7
100
AcDbScale
 70
     0
300
1:20
140
1.0
141
20.0
290
     0
  0
SCALE
  5
230
102
{ACAD_REACTORS
330
B7
102
}
330
B7
100
AcDbScale
 70
     0
300
1:30
140
1.0
141
30.0
290
     0
  0
SCALE
  5
231
102
{ACAD_REACTORS
330
B7
102
}
330
B7
100
AcDbScale
 70
     0
300
1:40
140
1.0
141
40.0
290
     0
  0
SCALE
  5
232
102
{ACAD_REACTORS
330
B7
102
}
330
B7
100
AcDbScale
 70
     0
300
1:50
140
1.0
141
50.0
290
     0
  0
SCALE
  5
233
102
{ACAD_REACTORS
330
B7
102
}
330
B7
100
AcDbScale
 70
     0
300
1:100
140
1.0
141
100.0
290
     0
  0
SCALE
  5
234
102
{ACAD_REACTORS
330
B7
102
}
330
B7
100
AcDbScale
 70
     0
300
2:1
140
2.0
141
1.0
290
     0
  0
SCALE
  5
235
102
{ACAD_REACTORS
330
B7
102
}
330
B7
100
AcDbScale
 70
     0
300
4:1
140
4.0
141
1.0
290
     0
  0
SCALE
  5
236
102
{ACAD_REACTORS
330
B7
102
}
330
B7
100
AcDbScale
 70
     0
300
8:1
140
8.0
141
1.0
290
     0
  0
SCALE
  5
237
102
{ACAD_REACTORS
330
B7
102
}
330
B7
100
AcDbScale
 70
     0
300
10:1
140
10.0
141
1.0
290
     0
  0
SCALE
  5
238
102
{ACAD_REACTORS
330
B7
102
}
330
B7
100
AcDbScale
 70
     0
300
100:1
140
100.0
141
1.0
290
     0
  0
ACDBSECTIONVIEWSTYLE
  5
1EA
102
{ACAD_REACTORS
330
1E9
102
}
330
1E9
100
AcDbModelDocViewStyle
 70
     0
  3
Metric50
290
     1
100
AcDbSectionViewStyle
 70
     0
 71
     0
 90
      102
 71
     1
340
11
 40
5.0
340
0
340
0
 40
5.0
300
I, O, Q, S, X, Z
 40
10.0
 90
        0
 40
2.5
 90
        0
 71
     2
340
16
 90
       25
340
16
 90
       50
 40
5.0
 40
2.5
 40
5.0
 71
     3
340
11
 40
5.0
 90
        0
 40
15.0
 90
        1
300
%<\AcVar ViewSectionStartId>%-%<\AcVar ViewSectionEndId>% (%<\AcVar ViewScale \f "%sn">%)
 71
     4
300
ANSI31
 40
1.0
 90
        0
290
     0
290
     0
 90
        6
 40
0.0
 40
1.570796326794896
 40
0.2617993877991494
 40
1.308996938995747
 40
-0.2617993877991494
 40
1.832595714594044
  0
TABLESTYLE
  5
93
102
{ACAD_XDICTIONARY
360
249
102
}
102
{ACAD_REACTORS
330
92
102
}
330
92
100
AcDbTableStyle
  3
Standard
 70
     0
 71
     0
 40
1.5
 41
1.5
280
     0
281
     0
  7
Standard
140
4.5
170
     2
 62
     0
 63
   257
283
     0
274
    -2
284
     1
 64
     0
275
    -2
285
     1
 65
     0
276
    -2
286
     1
 66
     0
277
    -2
287
     1
 67
     0
278
    -2
288
     1
 68
     0
279
    -2
289
     1
 69
     0
  7
Standard
140
6.0
170
     5
 62
     0
 63
   257
283
     0
274
    -2
284
     1
 64
     0
275
    -2
285
     1
 65
     0
276
    -2
286
     1
 66
     0
277
    -2
287
     1
 67
     0
278
    -2
288
     1
 68
     0
279
    -2
289
     1
 69
     0
  7
Standard
140
4.5
170
     5
 62
     0
 63
   257
283
     0
274
    -2
284
     1
 64
     0
275
    -2
285
     1
 65
     0
276
    -2
286
     1
 66
     0
277
    -2
287
     1
 67
     0
278
    -2
288
     1
 68
     0
279
    -2
289
     1
 69
     0
1001
ACAD
1000
AcRTDxfName
1000
TABLESTYLE
  0
VISUALSTYLE
  5
185
102
{ACAD_XDICTIONARY
360
ADB
102
}
102
{ACAD_REACTORS
330
17F
102
}
330
17F
100
AcDbVisualStyle
  2
2dWireframe
 70
     4
 71
     0
 72
     2
 73
     0
 90
        0
 40
0.6
 41
30.0
 62
     5
 63
     7
 74
     1
 91
        4
 64
     7
 65
   257
 75
     1
175
     1
 42
1.0
 92
        0
 66
   257
 43
1.0
 76
     1
 77
     6
 78
     2
 67
     7
 79
     5
170
     0
171
     0
290
     0
174
     0
 93
        1
 44
0.0
173
     0
291
     0
 45
0.0
1001
ACAD
1000
AcDbSavedByObjectVersion
1070
     0
  0
VISUALSTYLE
  5
184
102
{ACAD_XDICTIONARY
360
ADD
102
}
102
{ACAD_REACTORS
330
17F
102
}
330
17F
100
AcDbVisualStyle
  2
Basic
 70
     7
 71
     1
 72
     0
 73
     1
 90
        0
 40
0.6
 41
30.0
 62
     5
 63
     7
 74
     0
 91
        4
 64
     7
 65
   257
 75
     1
175
     1
 42
1.0
 92
        8
 66
     7
 43
1.0
 76
     1
 77
     6
 78
     2
 67
     7
 79
     5
170
     0
171
     0
290
     0
174
     0
 93
        1
 44
0.0
173
     0
291
     1
 45
0.0
1001
ACAD
1000
AcDbSavedByObjectVersion
1070
     0
  0
VISUALSTYLE
  5
18B
102
{ACAD_XDICTIONARY
360
ADF
102
}
102
{ACAD_REACTORS
330
17F
102
}
330
17F
100
AcDbVisualStyle
  2
Brighten
 70
    12
 71
     2
 72
     2
 73
     0
 90
        0
 40
0.6
 41
30.0
 62
     5
 63
     7
 74
     1
 91
        4
 64
     7
 65
   257
 75
     1
175
     1
 42
1.0
 92
        8
 66
     7
 43
1.0
 76
     1
 77
     6
 78
     2
 67
     7
 79
     5
170
     0
171
     0
290
     0
174
     0
 93
        1
 44
50.0
173
     0
291
     1
 45
0.0
1001
ACAD
1000
AcDbSavedByObjectVersion
1070
     0
  0
VISUALSTYLE
  5
18F
102
{ACAD_XDICTIONARY
360
AE1
102
}
102
{ACAD_REACTORS
330
17F
102
}
330
17F
100
AcDbVisualStyle
  2
ColorChange
 70
    16
 71
     2
 72
     2
 73
     3
 90
        0
 40
0.6
 41
30.0
 62
     5
 63
     8
 74
     1
 91
        4
 64
     7
 65
   257
 75
     1
175
     1
 42
1.0
 92
        8
 66
     8
 43
1.0
 76
     1
 77
     6
 78
     2
 67
     7
 79
     5
170
     0
171
     0
290
     0
174
     0
 93
        1
 44
0.0
173
     0
291
     1
 45
0.0
1001
ACAD
1000
AcDbSavedByObjectVersion
1070
     0
  0
VISUALSTYLE
  5
188
102
{ACAD_XDICTIONARY
360
AE3
102
}
102
{ACAD_REACTORS
330
17F
102
}
330
17F
100
AcDbVisualStyle
  2
Conceptual
 70
     9
 71
     3
 72
     2
 73
     0
 90
        0
 40
0.6
 41
30.0
 62
     5
 63
     7
 74
     2
 91
        2
 64
     7
 65
   257
 75
     1
175
     1
 42
179.0
 92
        8
 66
     7
 43
1.0
 76
     1
 77
     6
 78
     2
 67
     7
 79
     3
170
     0
171
     0
290
     0
174
     0
 93
        1
 44
0.0
173
     0
291
     0
 45
0.0
1001
ACAD
1000
AcDbSavedByObjectVersion
1070
     0
  0
VISUALSTYLE
  5
18A
102
{ACAD_XDICTIONARY
360
AE5
102
}
102
{ACAD_REACTORS
330
17F
102
}
330
17F
100
AcDbVisualStyle
  2
Dim
 70
    11
 71
     2
 72
     2
 73
     0
 90
        0
 40
0.6
 41
30.0
 62
     5
 63
     7
 74
     1
 91
        4
 64
     7
 65
   257
 75
     1
175
     1
 42
1.0
 92
        8
 66
     7
 43
1.0
 76
     1
 77
     6
 78
     2
 67
     7
 79
     5
170
     0
171
     0
290
     0
174
     0
 93
        1
 44
-50.0
173
     0
291
     1
 45
0.0
1001
ACAD
1000
AcDbSavedByObjectVersion
1070
     0
  0
VISUALSTYLE
  5
197
102
{ACAD_XDICTIONARY
360
AE7
102
}
102
{ACAD_REACTORS
330
17F
102
}
330
17F
100
AcDbVisualStyle
  2
EdgeColorOff
 70
    22
 71
     2
 72
     2
 73
     0
 90
        0
 40
0.6
 41
30.0
 62
     5
 63
     7
 74
     1
 91
        4
 64
     7
 65
   257
 75
     1
175
     1
 42
1.0
 92
        8
 66
     7
 43
1.0
 76
     1
 77
     6
 78
     2
 67
     7
 79
     5
170
     0
171
     0
290
     0
174
 -4974
 93
        1
 44
0.0
173
     0
291
     1
 45
0.0
1001
ACAD
1000
AcDbSavedByObjectVersion
1070
     0
  0
VISUALSTYLE
  5
18E
102
{ACAD_XDICTIONARY
360
AE9
102
}
102
{ACAD_REACTORS
330
17F
102
}
330
17F
100
AcDbVisualStyle
  2
Facepattern
 70
    15
 71
     2
 72
     2
 73
     0
 90
        0
 40
0.6
 41
30.0
 62
     5
 63
     7
 74
     1
 91
        4
 64
     7
 65
   257
 75
     1
175
     1
 42
1.0
 92
        8
 66
     7
 43
1.0
 76
     1
 77
     6
 78
     2
 67
     7
 79
     5
170
     0
171
     0
290
     0
174
     0
 93
        1
 44
0.0
173
     0
291
     1
 45
0.0
1001
ACAD
1000
AcDbSavedByObjectVersion
1070
     0
  0
VISUALSTYLE
  5
180
102
{ACAD_XDICTIONARY
360
AEB
102
}
102
{ACAD_REACTORS
330
17F
102
}
330
17F
100
AcDbVisualStyle
  2
Flat
 70
     0
 71
     2
 72
     1
 73
     1
 90
        2
 40
0.6
 41
30.0
 62
     5
 63
     7
 74
     0
 91
        0
 64
     7
 65
   257
 75
     1
175
     1
 42
1.0
 92
        8
 66
     7
 43
1.0
 76
     1
 77
     6
 78
     2
 67
     7
 79
     5
170
     0
171
     0
290
     0
174
     0
 93
       13
 44
0.0
173
     0
291
     1
 45
0.0
1001
ACAD
1000
AcDbSavedByObjectVersion
1070
     0
  0
VISUALSTYLE
  5
181
102
{ACAD_XDICTIONARY
360
AED
102
}
102
{ACAD_REACTORS
330
17F
102
}
330
17F
100
AcDbVisualStyle
  2
FlatWithEdges
 70
     1
 71
     2
 72
     1
 73
     1
 90
        2
 40
0.6
 41
30.0
 62
     5
 63
     7
 74
     1
 91
        0
 64
     7
 65
   257
 75
     1
175
     1
 42
1.0
 92
        0
 66
   257
 43
1.0
 76
     1
 77
     6
 78
     2
 67
     7
 79
     5
170
     0
171
     0
290
     0
174
 21344
 93
       13
 44
0.0
173
     0
291
     1
 45
0.0
1001
ACAD
1000
AcDbSavedByObjectVersion
1070
     0
  0
VISUALSTYLE
  5
182
102
{ACAD_XDICTIONARY
360
AEF
102
}
102
{ACAD_REACTORS
330
17F
102
}
330
17F
100
AcDbVisualStyle
  2
Gouraud
 70
     2
 71
     2
 72
     2
 73
     1
 90
        2
 40
0.6
 41
30.0
 62
     5
 63
     7
 74
     0
 91
        0
 64
     7
 65
   257
 75
     1
175
     1
 42
1.0
 92
        0
 66
     7
 43
1.0
 76
     1
 77
     6
 78
     2
 67
     7
 79
     5
170
     0
171
     0
290
     0
174
 -4974
 93
       13
 44
0.0
173
     0
291
     1
 45
0.0
1001
ACAD
1000
AcDbSavedByObjectVersion
1070
     0
  0
VISUALSTYLE
  5
183
102
{ACAD_XDICTIONARY
360
AF1
102
}
102
{ACAD_REACTORS
330
17F
102
}
330
17F
100
AcDbVisualStyle
  2
GouraudWithEdges
 70
     3
 71
     2
 72
     2
 73
     1
 90
        2
 40
0.6
 41
30.0
 62
     5
 63
     7
 74
     1
 91
        0
 64
     7
 65
   257
 75
     1
175
     1
 42
1.0
 92
        0
 66
   257
 43
1.0
 76
     1
 77
     6
 78
     2
 67
     7
 79
     5
170
     0
171
     0
290
     0
174
-24780
 93
       13
 44
0.0
173
     0
291
     1
 45
0.0
1001
ACAD
1000
AcDbSavedByObjectVersion
1070
     0
  0
VISUALSTYLE
  5
187
102
{ACAD_XDICTIONARY
360
AF3
102
}
102
{ACAD_REACTORS
330
17F
102
}
330
17F
100
AcDbVisualStyle
  2
Hidden
 70
     6
 71
     1
 72
     2
 73
     2
 90
        0
 40
0.6
 41
30.0
 62
     5
 63
     7
 74
     2
 91
        2
 64
     7
 65
   257
 75
     2
175
     1
 42
40.0
 92
        0
 66
   257
 43
1.0
 76
     1
 77
     6
 78
     2
 67
     7
 79
     3
170
     0
171
     0
290
     0
174
-24780
 93
        1
 44
0.0
173
     0
291
     0
 45
0.0
1001
ACAD
1000
AcDbSavedByObjectVersion
1070
     0
  0
VISUALSTYLE
  5
195
102
{ACAD_XDICTIONARY
360
AF5
102
}
102
{ACAD_REACTORS
330
17F
102
}
330
17F
100
AcDbVisualStyle
  2
JitterOff
 70
    20
 71
     2
 72
     2
 73
     0
 90
        0
 40
0.6
 41
30.0
 62
     5
 63
     7
 74
     1
 91
        4
 64
     7
 65
   257
 75
     1
175
     1
 42
1.0
 92
       10
 66
     7
 43
1.0
 76
     1
 77
     6
 78
     2
 67
     7
 79
     5
170
     0
171
     0
290
     0
174
 -4974
 93
        1
 44
0.0
173
     0
291
     1
 45
0.0
1001
ACAD
1000
AcDbSavedByObjectVersion
1070
     0
  0
VISUALSTYLE
  5
18D
102
{ACAD_XDICTIONARY
360
AF7
102
}
102
{ACAD_REACTORS
330
17F
102
}
330
17F
100
AcDbVisualStyle
  2
Linepattern
 70
    14
 71
     2
 72
     2
 73
     0
 90
        0
 40
0.6
 41
30.0
 62
     5
 63
     7
 74
     1
 91
        4
 64
     7
 65
   257
 75
     7
175
     7
 42
1.0
 92
        8
 66
     7
 43
1.0
 76
     1
 77
     6
 78
     2
 67
     7
 79
     5
170
     0
171
     0
290
     0
174
     0
 93
        1
 44
0.0
173
     0
291
     1
 45
0.0
1001
ACAD
1000
AcDbSavedByObjectVersion
1070
     0
  0
VISUALSTYLE
  5
196
102
{ACAD_XDICTIONARY
360
AF9
102
}
102
{ACAD_REACTORS
330
17F
102
}
330
17F
100
AcDbVisualStyle
  2
OverhangOff
 70
    21
 71
     2
 72
     2
 73
     0
 90
        0
 40
0.6
 41
30.0
 62
     5
 63
     7
 74
     1
 91
        4
 64
     7
 65
   257
 75
     1
175
     1
 42
1.0
 92
        9
 66
     7
 43
1.0
 76
     1
 77
     6
 78
     2
 67
     7
 79
     5
170
     0
171
     0
290
     0
174
-24780
 93
        1
 44
0.0
173
     0
291
     1
 45
0.0
1001
ACAD
1000
AcDbSavedByObjectVersion
1070
     0
  0
VISUALSTYLE
  5
189
102
{ACAD_XDICTIONARY
360
AFB
102
}
102
{ACAD_REACTORS
330
17F
102
}
330
17F
100
AcDbVisualStyle
  2
Realistic
 70
     8
 71
     2
 72
     3
 73
     0
 90
        2
 40
0.6
 41
30.0
 62
     5
 63
     7
 74
     0
 91
        0
 64
     7
 65
   257
 75
     1
175
     1
 42
1.0
 92
        8
 66
   257
 43
1.0
 76
     1
 77
     6
 78
     2
 67
     7
 79
     3
170
     0
171
     0
290
     0
174
     0
 93
       13
 44
0.0
173
     0
291
     0
 45
0.0
1001
ACAD
1000
AcDbSavedByObjectVersion
1070
     0
  0
VISUALSTYLE
  5
194
102
{ACAD_XDICTIONARY
360
AFD
102
}
102
{ACAD_REACTORS
330
17F
102
}
330
17F
100
AcDbVisualStyle
  2
Shaded
 70
    27
 71
     2
 72
     2
 73
     1
 90
        2
 40
0.6
 41
30.0
 62
     5
 63
     7
 74
     0
 91
        4
 64
     7
 65
   257
 75
     1
175
     1
 42
1.0
 92
        8
 66
   257
 43
1.0
 76
     1
 77
     6
 78
     2
 67
     8
 79
     3
170
     0
171
     0
290
     0
174
     0
 93
        5
 44
0.0
173
     0
291
     0
 45
0.0
1001
ACAD
1000
AcDbSavedByObjectVersion
1070
     0
  0
VISUALSTYLE
  5
193
102
{ACAD_XDICTIONARY
360
AFF
102
}
102
{ACAD_REACTORS
330
17F
102
}
330
17F
100
AcDbVisualStyle
  2
Shaded with edges
 70
    26
 71
     2
 72
     2
 73
     1
 90
        2
 40
0.6
 41
30.0
 62
     5
 63
     7
 74
     1
 91
       10
 64
     7
 65
   257
 75
     2
175
     1
 42
1.0
 92
        8
 66
   257
 43
1.0
 76
     1
 77
     6
 78
     2
 67
     7
 79
     3
170
     0
171
     0
290
     0
174
     0
 93
        5
 44
0.0
173
     0
291
     0
 45
0.0
1001
ACAD
1000
AcDbSavedByObjectVersion
1070
     0
  0
VISUALSTYLE
  5
190
102
{ACAD_XDICTIONARY
360
B01
102
}
102
{ACAD_REACTORS
330
17F
102
}
330
17F
100
AcDbVisualStyle
  2
Shades of Gray
 70
    23
 71
     2
 72
     2
 73
     3
 90
        0
 40
0.6
 41
30.0
 62
     5
 63
     7
 74
     2
 91
        2
 64
     7
 65
     7
 75
     1
175
     1
 42
40.0
 92
        8
 66
     7
 43
1.0
 76
     1
 77
     6
 78
     2
 67
     7
 79
     3
170
     0
171
     0
290
     0
174
     0
 93
        1
 44
0.0
173
     0
291
     0
 45
0.0
1001
ACAD
1000
AcDbSavedByObjectVersion
1070
     0
  0
VISUALSTYLE
  5
191
102
{ACAD_XDICTIONARY
360
B03
102
}
102
{ACAD_REACTORS
330
17F
102
}
330
17F
100
AcDbVisualStyle
  2
Sketchy
 70
    24
 71
     1
 72
     2
 73
     2
 90
        0
 40
0.6
 41
30.0
 62
     5
 63
     7
 74
     2
 91
        2
 64
     7
 65
     7
 75
     1
175
     1
 42
40.0
 92
       11
 66
     7
 43
1.0
 76
     1
 77
     6
 78
     2
 67
     7
 79
     6
170
     0
171
     0
290
     0
174
     0
 93
        1
 44
0.0
173
     0
291
     0
 45
0.0
1001
ACAD
1000
AcDbSavedByObjectVersion
1070
     0
  0
VISUALSTYLE
  5
18C
102
{ACAD_XDICTIONARY
360
B05
102
}
102
{ACAD_REACTORS
330
17F
102
}
330
17F
100
AcDbVisualStyle
  2
Thicken
 70
    13
 71
     2
 72
     2
 73
     0
 90
        0
 40
0.6
 41
30.0
 62
     5
 63
     7
 74
     1
 91
        4
 64
     7
 65
   257
 75
     1
175
     1
 42
1.0
 92
       12
 66
     7
 43
1.0
 76
     1
 77
     6
 78
     2
 67
     7
 79
     5
170
     0
171
     0
290
     0
174
     0
 93
        1
 44
0.0
173
     0
291
     1
 45
0.0
1001
ACAD
1000
AcDbSavedByObjectVersion
1070
     0
  0
VISUALSTYLE
  5
186
102
{ACAD_XDICTIONARY
360
B07
102
}
102
{ACAD_REACTORS
330
17F
102
}
330
17F
100
AcDbVisualStyle
  2
Wireframe
 70
     5
 71
     0
 72
     2
 73
     0
 90
        0
 40
0.6
 41
30.0
 62
     5
 63
     7
 74
     1
 91
        4
 64
     7
 65
   257
 75
     1
175
     1
 42
1.0
 92
        0
 66
   257
 43
1.0
 76
     1
 77
     6
 78
     2
 67
     7
 79
     3
170
     0
171
     0
290
     0
174
 -4974
 93
        1
 44
0.0
173
     0
291
     0
 45
0.0
1001
ACAD
1000
AcDbSavedByObjectVersion
1070
     0
  0
VISUALSTYLE
  5
192
102
{ACAD_XDICTIONARY
360
B09
102
}
102
{ACAD_REACTORS
330
17F
102
}
330
17F
100
AcDbVisualStyle
  2
X-Ray
 70
    25
 71
     2
 72
     2
 73
     1
 90
        1
 40
0.5
 41
30.0
 62
     5
 63
     7
 74
     1
 91
        0
 64
     7
 65
   257
 75
     1
175
     1
 42
1.0
 92
        8
 66
     7
 43
1.0
 76
     1
 77
     6
 78
     2
 67
     7
 79
     3
170
     0
171
     0
290
     0
174
    -1
 93
       13
 44
0.0
173
     0
291
     0
 45
0.0
1001
ACAD
1000
AcDbSavedByObjectVersion
1070
     0
  0
XRECORD
  5
CA8
102
{ACAD_REACTORS
330
CA7
102
}
330
CA7
100
AcDbXrecord
280
     1
340
6C
  0
XRECORD
  5
CA9
102
{ACAD_REACTORS
330
CA7
102
}
330
CA7
100
AcDbXrecord
280
     1
340
6B
  0
DICTIONARYVAR
  5
CA3
102
{ACAD_REACTORS
330
59
102
}
330
59
100
DictionaryVariables
280
     0
  1
1:1
  0
DICTIONARYVAR
  5
E9
102
{ACAD_REACTORS
330
59
102
}
330
59
100
DictionaryVariables
280
     0
  1
STANDARD
  0
DICTIONARYVAR
  5
98
102
{ACAD_REACTORS
330
59
102
}
330
59
100
DictionaryVariables
280
     0
  1
STANDARD
  0
DICTIONARYVAR
  5
209
102
{ACAD_REACTORS
330
59
102
}
330
59
100
DictionaryVariables
280
     0
  1
Metric50
  0
DICTIONARYVAR
  5
20A
102
{ACAD_REACTORS
330
59
102
}
330
59
100
DictionaryVariables
280
     0
  1
Metric50
  0
DICTIONARYVAR
  5
24D
102
{ACAD_REACTORS
330
59
102
}
330
59
100
DictionaryVariables
280
     0
  1
1
  0
DICTIONARYVAR
  5
43
102
{ACAD_REACTORS
330
59
102
}
330
59
100
DictionaryVariables
280
     0
  1
2
  0
DICTIONARYVAR
  5
24C
102
{ACAD_REACTORS
330
59
102
}
330
59
100
DictionaryVariables
280
     0
  1
1
  0
DICTIONARYVAR
  5
5E
102
{ACAD_REACTORS
330
59
102
}
330
59
100
DictionaryVariables
280
     0
  1
1
  0
DICTIONARYVAR
  5
ABD
102
{ACAD_REACTORS
330
59
102
}
330
59
100
DictionaryVariables
280
     0
  1
1
  0
DICTIONARYVAR
  5
B6
102
{ACAD_REACTORS
330
59
102
}
330
59
100
DictionaryVariables
280
     0
  1

  0
DICTIONARY
  5
ACE
330
16F
100
AcDbDictionary
280
     1
281
     1
  3
ACAD_XREC_ROUNDTRIP
360
CB4
  0
DICTIONARY
  5
AD0
330
167
100
AcDbDictionary
280
     1
281
     1
  3
ACAD_XREC_ROUNDTRIP
360
CB5
  0
DICTIONARY
  5
AD2
330
177
100
AcDbDictionary
280
     1
281
     1
  3
ACAD_XREC_ROUNDTRIP
360
CB6
  0
DICTIONARY
  5
AD5
330
246
100
AcDbDictionary
280
     1
281
     1
  3
ACAD_XREC_ROUNDTRIP
360
CB7
  0
DICTIONARY
  5
AD7
330
E1
100
AcDbDictionary
280
     1
281
     1
  3
ACAD_XREC_ROUNDTRIP
360
CB8
  0
DICTIONARY
  5
249
330
93
100
AcDbDictionary
280
     1
281
     1
  3
ACAD_ROUNDTRIP_2008_TABLESTYLE_CELLSTYLEMAP
360
CBA
  3
ACAD_XREC_ROUNDTRIP
360
CB9
  0
DICTIONARY
  5
ADB
330
185
100
AcDbDictionary
280
     1
281
     1
  3
ACAD_XREC_ROUNDTRIP
360
CBB
  0
DICTIONARY
  5
ADD
330
184
100
AcDbDictionary
280
     1
281
     1
  3
ACAD_XREC_ROUNDTRIP
360
CBC
  0
DICTIONARY
  5
ADF
330
18B
100
AcDbDictionary
280
     1
281
     1
  3
ACAD_XREC_ROUNDTRIP
360
CBD
  0
DICTIONARY
  5
AE1
330
18F
100
AcDbDictionary
280
     1
281
     1
  3
ACAD_XREC_ROUNDTRIP
360
CBE
  0
DICTIONARY
  5
AE3
330
188
100
AcDbDictionary
280
     1
281
     1
  3
ACAD_XREC_ROUNDTRIP
360
CBF
  0
DICTIONARY
  5
AE5
330
18A
100
AcDbDictionary
280
     1
281
     1
  3
ACAD_XREC_ROUNDTRIP
360
CC0
  0
DICTIONARY
  5
AE7
330
197
100
AcDbDictionary
280
     1
281
     1
  3
ACAD_XREC_ROUNDTRIP
360
CC1
  0
DICTIONARY
  5
AE9
330
18E
100
AcDbDictionary
280
     1
281
     1
  3
ACAD_XREC_ROUNDTRIP
360
CC2
  0
DICTIONARY
  5
AEB
330
180
100
AcDbDictionary
280
     1
281
     1
  3
ACAD_XREC_ROUNDTRIP
360
CC3
  0
DICTIONARY
  5
AED
330
181
100
AcDbDictionary
280
     1
281
     1
  3
ACAD_XREC_ROUNDTRIP
360
CC4
  0
DICTIONARY
  5
AEF
330
182
100
AcDbDictionary
280
     1
281
     1
  3
ACAD_XREC_ROUNDTRIP
360
CC5
  0
DICTIONARY
  5
AF1
330
183
100
AcDbDictionary
280
     1
281
     1
  3
ACAD_XREC_ROUNDTRIP
360
CC6
  0
DICTIONARY
  5
AF3
330
187
100
AcDbDictionary
280
     1
281
     1
  3
ACAD_XREC_ROUNDTRIP
360
CC7
  0
DICTIONARY
  5
AF5
330
195
100
AcDbDictionary
280
     1
281
     1
  3
ACAD_XREC_ROUNDTRIP
360
CC8
  0
DICTIONARY
  5
AF7
330
18D
100
AcDbDictionary
280
     1
281
     1
  3
ACAD_XREC_ROUNDTRIP
360
CC9
  0
DICTIONARY
  5
AF9
330
196
100
AcDbDictionary
280
     1
281
     1
  3
ACAD_XREC_ROUNDTRIP
360
CCA
  0
DICTIONARY
  5
AFB
330
189
100
AcDbDictionary
280
     1
281
     1
  3
ACAD_XREC_ROUNDTRIP
360
CCB
  0
DICTIONARY
  5
AFD
330
194
100
AcDbDictionary
280
     1
281
     1
  3
ACAD_XREC_ROUNDTRIP
360
CCC
  0
DICTIONARY
  5
AFF
330
193
100
AcDbDictionary
280
     1
281
     1
  3
ACAD_XREC_ROUNDTRIP
360
CCD
  0
DICTIONARY
  5
B01
330
190
100
AcDbDictionary
280
     1
281
     1
  3
ACAD_XREC_ROUNDTRIP
360
CCE
  0
DICTIONARY
  5
B03
330
191
100
AcDbDictionary
280
     1
281
     1
  3
ACAD_XREC_ROUNDTRIP
360
CCF
  0
DICTIONARY
  5
B05
330
18C
100
AcDbDictionary
280
     1
281
     1
  3
ACAD_XREC_ROUNDTRIP
360
CD0
  0
DICTIONARY
  5
B07
330
186
100
AcDbDictionary
280
     1
281
     1
  3
ACAD_XREC_ROUNDTRIP
360
CD1
  0
DICTIONARY
  5
B09
330
192
100
AcDbDictionary
280
     1
281
     1
  3
ACAD_XREC_ROUNDTRIP
360
CD2
  0
XRECORD
  5
CB4
102
{ACAD_REACTORS
330
ACE
102
}
330
ACE
100
AcDbXrecord
280
     1
102
MATERIAL
148
0.0
149
0.0
149
0.0
 93
        0
 94
      127
282
     0
 72
     0
 77
     0
171
     0
175
     0
179
     0
273
     0
  0
XRECORD
  5
CB5
102
{ACAD_REACTORS
330
AD0
102
}
330
AD0
100
AcDbXrecord
280
     1
102
MATERIAL
148
0.0
149
0.0
149
0.0
 93
        0
 94
      127
282
     0
 72
     0
 77
     0
171
     0
175
     0
179
     0
273
     0
  0
XRECORD
  5
CB6
102
{ACAD_REACTORS
330
AD2
102
}
330
AD2
100
AcDbXrecord
280
     1
102
MATERIAL
148
0.0
149
0.0
149
0.0
 93
        0
 94
      127
282
     0
 72
     0
 77
     0
171
     0
175
     0
179
     0
273
     0
  0
XRECORD
  5
CB7
102
{ACAD_REACTORS
330
AD5
102
}
330
AD5
100
AcDbXrecord
280
     1
102
ACAD_ROUNDTRIP_2010_MLEADER_STYLE
  0
XRECORD
  5
CB8
102
{ACAD_REACTORS
330
AD7
102
}
330
AD7
100
AcDbXrecord
280
     1
102
ACAD_ROUNDTRIP_2010_MLEADER_STYLE
  0
CELLSTYLEMAP
  5
CBA
102
{ACAD_REACTORS
330
249
102
}
330
249
100
AcDbCellStyleMap
 90
        3
300
CELLSTYLE
  1
TABLEFORMAT_BEGIN
 90
        5
170
     1
 91
        0
 92
    32768
 62
   257
 93
        1
300
CONTENTFORMAT
  1
CONTENTFORMAT_BEGIN
 90
        0
 91
        0
 92
      512
 93
        0
300

 40
0.0
140
1.0
 94
        5
 62
     0
340
11
144
6.0
309
CONTENTFORMAT_END
171
     1
301
MARGIN
  1
CELLMARGIN_BEGIN
 40
1.5
 40
1.5
 40
1.5
 40
1.5
 40
0.18
 40
0.18
309
CELLMARGIN_END
 94
        6
 95
        1
302
GRIDFORMAT
  1
GRIDFORMAT_BEGIN
 90
        0
 91
        1
 62
     0
 92
       -2
340
0
 93
        0
 40
0.045
309
GRIDFORMAT_END
 95
        2
302
GRIDFORMAT
  1
GRIDFORMAT_BEGIN
 90
        0
 91
        1
 62
     0
 92
       -2
340
0
 93
        0
 40
0.045
309
GRIDFORMAT_END
 95
        4
302
GRIDFORMAT
  1
GRIDFORMAT_BEGIN
 90
        0
 91
        1
 62
     0
 92
       -2
340
0
 93
        0
 40
0.045
309
GRIDFORMAT_END
 95
        8
302
GRIDFORMAT
  1
GRIDFORMAT_BEGIN
 90
        0
 91
        1
 62
     0
 92
       -2
340
0
 93
        0
 40
0.045
309
GRIDFORMAT_END
 95
       16
302
GRIDFORMAT
  1
GRIDFORMAT_BEGIN
 90
        0
 91
        1
 62
     0
 92
       -2
340
0
 93
        0
 40
0.045
309
GRIDFORMAT_END
 95
       32
302
GRIDFORMAT
  1
GRIDFORMAT_BEGIN
 90
        0
 91
        1
 62
     0
 92
       -2
340
0
 93
        0
 40
0.045
309
GRIDFORMAT_END
309
TABLEFORMAT_END
  1
CELLSTYLE_BEGIN
 90
        1
 91
        1
300
_TITLE
309
CELLSTYLE_END
300
CELLSTYLE
  1
TABLEFORMAT_BEGIN
 90
        5
170
     1
 91
        0
 92
        0
 62
   257
 93
        1
300
CONTENTFORMAT
  1
CONTENTFORMAT_BEGIN
 90
        0
 91
        0
 92
      512
 93
        0
300

 40
0.0
140
1.0
 94
        5
 62
     0
340
11
144
4.5
309
CONTENTFORMAT_END
171
     1
301
MARGIN
  1
CELLMARGIN_BEGIN
 40
1.5
 40
1.5
 40
1.5
 40
1.5
 40
0.18
 40
0.18
309
CELLMARGIN_END
 94
        6
 95
        1
302
GRIDFORMAT
  1
GRIDFORMAT_BEGIN
 90
        0
 91
        1
 62
     0
 92
       -2
340
0
 93
        0
 40
0.045
309
GRIDFORMAT_END
 95
        2
302
GRIDFORMAT
  1
GRIDFORMAT_BEGIN
 90
        0
 91
        1
 62
     0
 92
       -2
340
0
 93
        0
 40
0.045
309
GRIDFORMAT_END
 95
        4
302
GRIDFORMAT
  1
GRIDFORMAT_BEGIN
 90
        0
 91
        1
 62
     0
 92
       -2
340
0
 93
        0
 40
0.045
309
GRIDFORMAT_END
 95
        8
302
GRIDFORMAT
  1
GRIDFORMAT_BEGIN
 90
        0
 91
        1
 62
     0
 92
       -2
340
0
 93
        0
 40
0.045
309
GRIDFORMAT_END
 95
       16
302
GRIDFORMAT
  1
GRIDFORMAT_BEGIN
 90
        0
 91
        1
 62
     0
 92
       -2
340
0
 93
        0
 40
0.045
309
GRIDFORMAT_END
 95
       32
302
GRIDFORMAT
  1
GRIDFORMAT_BEGIN
 90
        0
 91
        1
 62
     0
 92
       -2
340
0
 93
        0
 40
0.045
309
GRIDFORMAT_END
309
TABLEFORMAT_END
  1
CELLSTYLE_BEGIN
 90
        2
 91
        1
300
_HEADER
309
CELLSTYLE_END
300
CELLSTYLE
  1
TABLEFORMAT_BEGIN
 90
        5
170
     1
 91
        0
 92
        0
 62
   257
 93
        1
300
CONTENTFORMAT
  1
CONTENTFORMAT_BEGIN
 90
        0
 91
        0
 92
      512
 93
        0
300

 40
0.0
140
1.0
 94
        2
 62
     0
340
11
144
4.5
309
CONTENTFORMAT_END
171
     1
301
MARGIN
  1
CELLMARGIN_BEGIN
 40
1.5
 40
1.5
 40
1.5
 40
1.5
 40
0.18
 40
0.18
309
CELLMARGIN_END
 94
        6
 95
        1
302
GRIDFORMAT
  1
GRIDFORMAT_BEGIN
 90
        0
 91
        1
 62
     0
 92
       -2
340
0
 93
        0
 40
0.045
309
GRIDFORMAT_END
 95
        2
302
GRIDFORMAT
  1
GRIDFORMAT_BEGIN
 90
        0
 91
        1
 62
     0
 92
       -2
340
0
 93
        0
 40
0.045
309
GRIDFORMAT_END
 95
        4
302
GRIDFORMAT
  1
GRIDFORMAT_BEGIN
 90
        0
 91
        1
 62
     0
 92
       -2
340
0
 93
        0
 40
0.045
309
GRIDFORMAT_END
 95
        8
302
GRIDFORMAT
  1
GRIDFORMAT_BEGIN
 90
        0
 91
        1
 62
     0
 92
       -2
340
0
 93
        0
 40
0.045
309
GRIDFORMAT_END
 95
       16
302
GRIDFORMAT
  1
GRIDFORMAT_BEGIN
 90
        0
 91
        1
 62
     0
 92
       -2
340
0
 93
        0
 40
0.045
309
GRIDFORMAT_END
 95
       32
302
GRIDFORMAT
  1
GRIDFORMAT_BEGIN
 90
        0
 91
        1
 62
     0
 92
       -2
340
0
 93
        0
 40
0.045
309
GRIDFORMAT_END
309
TABLEFORMAT_END
  1
CELLSTYLE_BEGIN
 90
        3
 91
        2
300
_DATA
309
CELLSTYLE_END
  0
XRECORD
  5
CB9
102
{ACAD_REACTORS
330
249
102
}
330
249
100
AcDbXrecord
280
     1
102
ACAD_ROUNDTRIP_PRE2007_TABLESTYLE
 90
      512
 91
        0
  1

 92
      512
 93
        0
  2

 94
      512
 95
        0
  3

  0
XRECORD
  5
CBB
102
{ACAD_REACTORS
330
ADB
102
}
330
ADB
100
AcDbXrecord
280
     1
102
RTVSPropertyOp0
 70
     1
102
RTVSPropertyOp1
 70
     1
102
RTVSPropertyOp2
 70
     1
102
RTVSPropertyOp3
 70
     1
102
RTVSPropertyOp4
 70
     1
102
RTVSPropertyOp5
 70
     1
102
RTVSPropertyOp6
 70
     1
102
RTVSPropertyOp7
 70
     1
102
RTVSPropertyOp8
 70
     1
102
RTVSPropertyOp9
 70
     1
102
RTVSPropertyOp10
 70
     1
102
RTVSPropertyOp11
 70
     1
102
RTVSPropertyOp12
 70
     1
102
RTVSPropertyOp13
 70
     1
102
RTVSPropertyOp14
 70
     1
102
RTVSPropertyOp15
 70
     1
102
RTVSPropertyOp16
 70
     1
102
RTVSPropertyOp17
 70
     1
102
RTVSPropertyOp18
 70
     1
102
RTVSPropertyOp19
 70
     1
102
RTVSPropertyOp20
 70
     1
102
RTVSPropertyOp21
 70
     1
102
RTVSPropertyOp22
 70
     1
102
RTVSPropertyOp23
 70
     1
102
RTVSPropertyOp24
 70
     1
102
RTVSPropertyOp25
 70
     1
102
RTVSPropertyOp26
 70
     1
102
RTVSPropertyOp27
 70
     1
102
RTVSPropertyOp28
 70
     1
102
RTVSPropertyOp29
 70
     1
102
RTVSPropertyOp30
 70
     1
102
RTVSPropertyOp31
 70
     1
102
RTVSPropertyOp32
 70
     1
102
RTVSPropertyOp33
 70
     1
102
RTVSPropertyOp34
 70
     1
102
RTVSPropertyOp35
 70
     1
102
RTVSPropertyOp36
 70
     1
102
RTVSPropertyOp37
 70
     1
102
RTVSPropertyOp38
 70
     1
102
RTVSPropertyOp39
 70
     1
102
RTVSPropertyOp40
 70
     1
102
RTVSPropertyOp41
 70
     1
102
RTVSPropertyOp42
 70
     1
102
RTVSPropertyOp43
 70
     1
102
RTVSPropertyOp44
 70
     1
102
RTVSPropertyOp45
 70
     1
102
RTVSPropertyOp46
 70
     1
102
RTVSPropertyOp47
 70
     1
102
RTVSPropertyOp48
 70
     1
102
RTVSPropertyOp49
 70
     1
102
RTVSPropertyOp50
 70
     1
102
RTVSPropertyOp51
 70
     0
102
RTVSPropertyOp52
 70
     0
102
RTVSPropertyOp53
 70
     1
102
RTVSPropertyOp54
 70
     1
102
RTVSPropertyOp55
 70
     1
102
RTVSPropertyOp56
 70
     1
102
RTVSPropertyOp57
 70
     1
102
RTVSPost2010Prop28
280
     1
102
RTVSPost2010PropOp28
 70
     1
102
RTVSPost2010Prop29
280
     1
102
RTVSPost2010PropOp29
 70
     1
102
RTVSPost2010Prop30
280
     0
102
RTVSPost2010PropOp30
 70
     1
102
RTVSPost2010Prop31
280
     0
102
RTVSPost2010PropOp31
 70
     1
102
RTVSPost2010Prop32
280
     0
102
RTVSPost2010PropOp32
 70
     1
102
RTVSPost2010Prop33
280
     0
102
RTVSPost2010PropOp33
 70
     1
102
RTVSPost2010Prop34
280
     0
102
RTVSPost2010PropOp34
 70
     1
102
RTVSPost2010Prop35
280
     0
102
RTVSPost2010PropOp35
 70
     1
102
RTVSPost2010Prop36
280
     0
102
RTVSPost2010PropOp36
 70
     1
102
RTVSPost2010Prop37
 90
       50
102
RTVSPost2010PropOp37
 70
     1
102
RTVSPost2010Prop38
140
0.0
102
RTVSPost2010PropOp38
 70
     1
102
RTVSPost2010Prop39
140
1.0
102
RTVSPost2010PropOp39
 70
     1
102
RTVSPost2010Prop40
 90
        0
102
RTVSPost2010PropOp40
 70
     1
102
RTVSPost2010Prop41ColorIndex
 90
       18
102
RTVSPost2010Prop41ColorRGB
 90
        0
102
RTVSPost2010PropOp41
 70
     1
102
RTVSPost2010Prop42
 90
       50
102
RTVSPost2010PropOp42
 70
     1
102
RTVSPost2010Prop43
 90
        3
102
RTVSPost2010PropOp43
 70
     1
102
RTVSPost2010Prop44ColorIndex
 90
        5
102
RTVSPost2010Prop44ColorRGB
 90
      255
102
RTVSPost2010PropOp44
 70
     1
102
RTVSPost2010Prop45
280
     0
102
RTVSPost2010PropOp45
 70
     1
102
RTVSPost2010Prop46
 90
       50
102
RTVSPost2010PropOp46
 70
     1
102
RTVSPost2010Prop47
 90
       50
102
RTVSPost2010PropOp47
 70
     1
102
RTVSPost2010Prop48
 90
       50
102
RTVSPost2010PropOp48
 70
     1
102
RTVSPost2010Prop49
280
     0
102
RTVSPost2010PropOp49
 70
     1
102
RTVSPost2010Prop50
 90
       50
102
RTVSPost2010PropOp50
 70
     1
102
RTVSPost2010Prop51ColorIndex
 90
      256
102
RTVSPost2010Prop51ColorRGB
 90
-16777216
102
RTVSPost2010PropOp51
 70
     0
102
RTVSPost2010Prop52
140
1.0
102
RTVSPost2010PropOp52
 70
     0
102
RTVSPost2010Prop53
 90
        0
102
RTVSPost2010PropOp53
 70
     1
102
RTVSPost2010Prop54
  1
strokes_ogs.tif
102
RTVSPost2010PropOp54
 70
     1
102
RTVSPost2010Prop55
280
     0
102
RTVSPost2010PropOp55
 70
     1
102
RTVSPost2010Prop56
140
1.0
102
RTVSPost2010PropOp56
 70
     1
102
RTVSPost2010Prop57
140
1.0
102
RTVSPost2010PropOp57
 70
     1
  0
XRECORD
  5
CBC
102
{ACAD_REACTORS
330
ADD
102
}
330
ADD
100
AcDbXrecord
280
     1
102
RTVSPropertyOp0
 70
     1
102
RTVSPropertyOp1
 70
     1
102
RTVSPropertyOp2
 70
     1
102
RTVSPropertyOp3
 70
     1
102
RTVSPropertyOp4
 70
     1
102
RTVSPropertyOp5
 70
     1
102
RTVSPropertyOp6
 70
     1
102
RTVSPropertyOp7
 70
     1
102
RTVSPropertyOp8
 70
     1
102
RTVSPropertyOp9
 70
     1
102
RTVSPropertyOp10
 70
     1
102
RTVSPropertyOp11
 70
     1
102
RTVSPropertyOp12
 70
     1
102
RTVSPropertyOp13
 70
     1
102
RTVSPropertyOp14
 70
     1
102
RTVSPropertyOp15
 70
     1
102
RTVSPropertyOp16
 70
     1
102
RTVSPropertyOp17
 70
     1
102
RTVSPropertyOp18
 70
     1
102
RTVSPropertyOp19
 70
     1
102
RTVSPropertyOp20
 70
     1
102
RTVSPropertyOp21
 70
     1
102
RTVSPropertyOp22
 70
     1
102
RTVSPropertyOp23
 70
     1
102
RTVSPropertyOp24
 70
     1
102
RTVSPropertyOp25
 70
     1
102
RTVSPropertyOp26
 70
     1
102
RTVSPropertyOp27
 70
     1
102
RTVSPropertyOp28
 70
     1
102
RTVSPropertyOp29
 70
     1
102
RTVSPropertyOp30
 70
     1
102
RTVSPropertyOp31
 70
     1
102
RTVSPropertyOp32
 70
     1
102
RTVSPropertyOp33
 70
     1
102
RTVSPropertyOp34
 70
     1
102
RTVSPropertyOp35
 70
     1
102
RTVSPropertyOp36
 70
     1
102
RTVSPropertyOp37
 70
     1
102
RTVSPropertyOp38
 70
     1
102
RTVSPropertyOp39
 70
     1
102
RTVSPropertyOp40
 70
     1
102
RTVSPropertyOp41
 70
     1
102
RTVSPropertyOp42
 70
     1
102
RTVSPropertyOp43
 70
     1
102
RTVSPropertyOp44
 70
     1
102
RTVSPropertyOp45
 70
     1
102
RTVSPropertyOp46
 70
     1
102
RTVSPropertyOp47
 70
     1
102
RTVSPropertyOp48
 70
     1
102
RTVSPropertyOp49
 70
     1
102
RTVSPropertyOp50
 70
     1
102
RTVSPropertyOp51
 70
     0
102
RTVSPropertyOp52
 70
     0
102
RTVSPropertyOp53
 70
     1
102
RTVSPropertyOp54
 70
     1
102
RTVSPropertyOp55
 70
     1
102
RTVSPropertyOp56
 70
     1
102
RTVSPropertyOp57
 70
     1
102
RTVSPost2010Prop28
280
     0
102
RTVSPost2010PropOp28
 70
     1
102
RTVSPost2010Prop29
280
     1
102
RTVSPost2010PropOp29
 70
     1
102
RTVSPost2010Prop30
280
     1
102
RTVSPost2010PropOp30
 70
     1
102
RTVSPost2010Prop31
280
     0
102
RTVSPost2010PropOp31
 70
     1
102
RTVSPost2010Prop32
280
     0
102
RTVSPost2010PropOp32
 70
     1
102
RTVSPost2010Prop33
280
     0
102
RTVSPost2010PropOp33
 70
     1
102
RTVSPost2010Prop34
280
     0
102
RTVSPost2010PropOp34
 70
     1
102
RTVSPost2010Prop35
280
     0
102
RTVSPost2010PropOp35
 70
     1
102
RTVSPost2010Prop36
280
     0
102
RTVSPost2010PropOp36
 70
     1
102
RTVSPost2010Prop37
 90
       50
102
RTVSPost2010PropOp37
 70
     1
102
RTVSPost2010Prop38
140
0.0
102
RTVSPost2010PropOp38
 70
     1
102
RTVSPost2010Prop39
140
1.0
102
RTVSPost2010PropOp39
 70
     1
102
RTVSPost2010Prop40
 90
        0
102
RTVSPost2010PropOp40
 70
     1
102
RTVSPost2010Prop41ColorIndex
 90
       18
102
RTVSPost2010Prop41ColorRGB
 90
        0
102
RTVSPost2010PropOp41
 70
     1
102
RTVSPost2010Prop42
 90
       50
102
RTVSPost2010PropOp42
 70
     1
102
RTVSPost2010Prop43
 90
        3
102
RTVSPost2010PropOp43
 70
     1
102
RTVSPost2010Prop44ColorIndex
 90
        5
102
RTVSPost2010Prop44ColorRGB
 90
      255
102
RTVSPost2010PropOp44
 70
     1
102
RTVSPost2010Prop45
280
     0
102
RTVSPost2010PropOp45
 70
     1
102
RTVSPost2010Prop46
 90
       50
102
RTVSPost2010PropOp46
 70
     1
102
RTVSPost2010Prop47
 90
       50
102
RTVSPost2010PropOp47
 70
     1
102
RTVSPost2010Prop48
 90
       50
102
RTVSPost2010PropOp48
 70
     1
102
RTVSPost2010Prop49
280
     0
102
RTVSPost2010PropOp49
 70
     1
102
RTVSPost2010Prop50
 90
       50
102
RTVSPost2010PropOp50
 70
     1
102
RTVSPost2010Prop51ColorIndex
 90
      256
102
RTVSPost2010Prop51ColorRGB
 90
-16777216
102
RTVSPost2010PropOp51
 70
     0
102
RTVSPost2010Prop52
140
1.0
102
RTVSPost2010PropOp52
 70
     0
102
RTVSPost2010Prop53
 90
        0
102
RTVSPost2010PropOp53
 70
     1
102
RTVSPost2010Prop54
  1
strokes_ogs.tif
102
RTVSPost2010PropOp54
 70
     1
102
RTVSPost2010Prop55
280
     0
102
RTVSPost2010PropOp55
 70
     1
102
RTVSPost2010Prop56
140
1.0
102
RTVSPost2010PropOp56
 70
     1
102
RTVSPost2010Prop57
140
1.0
102
RTVSPost2010PropOp57
 70
     1
  0
XRECORD
  5
CBD
102
{ACAD_REACTORS
330
ADF
102
}
330
ADF
100
AcDbXrecord
280
     1
102
RTVSPropertyOp0
 70
     1
102
RTVSPropertyOp1
 70
     1
102
RTVSPropertyOp2
 70
     1
102
RTVSPropertyOp3
 70
     1
102
RTVSPropertyOp4
 70
     1
102
RTVSPropertyOp5
 70
     1
102
RTVSPropertyOp6
 70
     1
102
RTVSPropertyOp7
 70
     1
102
RTVSPropertyOp8
 70
     1
102
RTVSPropertyOp9
 70
     1
102
RTVSPropertyOp10
 70
     1
102
RTVSPropertyOp11
 70
     1
102
RTVSPropertyOp12
 70
     1
102
RTVSPropertyOp13
 70
     1
102
RTVSPropertyOp14
 70
     1
102
RTVSPropertyOp15
 70
     1
102
RTVSPropertyOp16
 70
     1
102
RTVSPropertyOp17
 70
     1
102
RTVSPropertyOp18
 70
     1
102
RTVSPropertyOp19
 70
     1
102
RTVSPropertyOp20
 70
     1
102
RTVSPropertyOp21
 70
     1
102
RTVSPropertyOp22
 70
     1
102
RTVSPropertyOp23
 70
     1
102
RTVSPropertyOp24
 70
     1
102
RTVSPropertyOp25
 70
     1
102
RTVSPropertyOp26
 70
     1
102
RTVSPropertyOp27
 70
     1
102
RTVSPropertyOp28
 70
     1
102
RTVSPropertyOp29
 70
     1
102
RTVSPropertyOp30
 70
     1
102
RTVSPropertyOp31
 70
     1
102
RTVSPropertyOp32
 70
     1
102
RTVSPropertyOp33
 70
     1
102
RTVSPropertyOp34
 70
     1
102
RTVSPropertyOp35
 70
     1
102
RTVSPropertyOp36
 70
     1
102
RTVSPropertyOp37
 70
     1
102
RTVSPropertyOp38
 70
     1
102
RTVSPropertyOp39
 70
     1
102
RTVSPropertyOp40
 70
     1
102
RTVSPropertyOp41
 70
     1
102
RTVSPropertyOp42
 70
     1
102
RTVSPropertyOp43
 70
     1
102
RTVSPropertyOp44
 70
     1
102
RTVSPropertyOp45
 70
     1
102
RTVSPropertyOp46
 70
     1
102
RTVSPropertyOp47
 70
     1
102
RTVSPropertyOp48
 70
     1
102
RTVSPropertyOp49
 70
     1
102
RTVSPropertyOp50
 70
     1
102
RTVSPropertyOp51
 70
     0
102
RTVSPropertyOp52
 70
     0
102
RTVSPropertyOp53
 70
     1
102
RTVSPropertyOp54
 70
     1
102
RTVSPropertyOp55
 70
     1
102
RTVSPropertyOp56
 70
     1
102
RTVSPropertyOp57
 70
     1
102
RTVSPost2010Prop28
280
     0
102
RTVSPost2010PropOp28
 70
     1
102
RTVSPost2010Prop29
280
     1
102
RTVSPost2010PropOp29
 70
     1
102
RTVSPost2010Prop30
280
     1
102
RTVSPost2010PropOp30
 70
     1
102
RTVSPost2010Prop31
280
     0
102
RTVSPost2010PropOp31
 70
     1
102
RTVSPost2010Prop32
280
     0
102
RTVSPost2010PropOp32
 70
     1
102
RTVSPost2010Prop33
280
     0
102
RTVSPost2010PropOp33
 70
     1
102
RTVSPost2010Prop34
280
     0
102
RTVSPost2010PropOp34
 70
     1
102
RTVSPost2010Prop35
280
     0
102
RTVSPost2010PropOp35
 70
     1
102
RTVSPost2010Prop36
280
     0
102
RTVSPost2010PropOp36
 70
     1
102
RTVSPost2010Prop37
 90
       50
102
RTVSPost2010PropOp37
 70
     1
102
RTVSPost2010Prop38
140
0.0
102
RTVSPost2010PropOp38
 70
     1
102
RTVSPost2010Prop39
140
1.0
102
RTVSPost2010PropOp39
 70
     1
102
RTVSPost2010Prop40
 90
        0
102
RTVSPost2010PropOp40
 70
     1
102
RTVSPost2010Prop41ColorIndex
 90
       18
102
RTVSPost2010Prop41ColorRGB
 90
        0
102
RTVSPost2010PropOp41
 70
     1
102
RTVSPost2010Prop42
 90
       50
102
RTVSPost2010PropOp42
 70
     1
102
RTVSPost2010Prop43
 90
        3
102
RTVSPost2010PropOp43
 70
     1
102
RTVSPost2010Prop44ColorIndex
 90
        5
102
RTVSPost2010Prop44ColorRGB
 90
      255
102
RTVSPost2010PropOp44
 70
     1
102
RTVSPost2010Prop45
280
     0
102
RTVSPost2010PropOp45
 70
     1
102
RTVSPost2010Prop46
 90
       50
102
RTVSPost2010PropOp46
 70
     1
102
RTVSPost2010Prop47
 90
       50
102
RTVSPost2010PropOp47
 70
     1
102
RTVSPost2010Prop48
 90
       50
102
RTVSPost2010PropOp48
 70
     1
102
RTVSPost2010Prop49
280
     0
102
RTVSPost2010PropOp49
 70
     1
102
RTVSPost2010Prop50
 90
       50
102
RTVSPost2010PropOp50
 70
     1
102
RTVSPost2010Prop51ColorIndex
 90
      256
102
RTVSPost2010Prop51ColorRGB
 90
-16777216
102
RTVSPost2010PropOp51
 70
     0
102
RTVSPost2010Prop52
140
1.0
102
RTVSPost2010PropOp52
 70
     0
102
RTVSPost2010Prop53
 90
        0
102
RTVSPost2010PropOp53
 70
     1
102
RTVSPost2010Prop54
  1
strokes_ogs.tif
102
RTVSPost2010PropOp54
 70
     1
102
RTVSPost2010Prop55
280
     0
102
RTVSPost2010PropOp55
 70
     1
102
RTVSPost2010Prop56
140
1.0
102
RTVSPost2010PropOp56
 70
     1
102
RTVSPost2010Prop57
140
1.0
102
RTVSPost2010PropOp57
 70
     1
  0
XRECORD
  5
CBE
102
{ACAD_REACTORS
330
AE1
102
}
330
AE1
100
AcDbXrecord
280
     1
102
RTVSPropertyOp0
 70
     1
102
RTVSPropertyOp1
 70
     1
102
RTVSPropertyOp2
 70
     1
102
RTVSPropertyOp3
 70
     1
102
RTVSPropertyOp4
 70
     1
102
RTVSPropertyOp5
 70
     1
102
RTVSPropertyOp6
 70
     1
102
RTVSPropertyOp7
 70
     1
102
RTVSPropertyOp8
 70
     1
102
RTVSPropertyOp9
 70
     1
102
RTVSPropertyOp10
 70
     1
102
RTVSPropertyOp11
 70
     1
102
RTVSPropertyOp12
 70
     1
102
RTVSPropertyOp13
 70
     1
102
RTVSPropertyOp14
 70
     1
102
RTVSPropertyOp15
 70
     1
102
RTVSPropertyOp16
 70
     1
102
RTVSPropertyOp17
 70
     1
102
RTVSPropertyOp18
 70
     1
102
RTVSPropertyOp19
 70
     1
102
RTVSPropertyOp20
 70
     1
102
RTVSPropertyOp21
 70
     1
102
RTVSPropertyOp22
 70
     1
102
RTVSPropertyOp23
 70
     1
102
RTVSPropertyOp24
 70
     1
102
RTVSPropertyOp25
 70
     1
102
RTVSPropertyOp26
 70
     1
102
RTVSPropertyOp27
 70
     1
102
RTVSPropertyOp28
 70
     1
102
RTVSPropertyOp29
 70
     1
102
RTVSPropertyOp30
 70
     1
102
RTVSPropertyOp31
 70
     1
102
RTVSPropertyOp32
 70
     1
102
RTVSPropertyOp33
 70
     1
102
RTVSPropertyOp34
 70
     1
102
RTVSPropertyOp35
 70
     1
102
RTVSPropertyOp36
 70
     1
102
RTVSPropertyOp37
 70
     1
102
RTVSPropertyOp38
 70
     1
102
RTVSPropertyOp39
 70
     1
102
RTVSPropertyOp40
 70
     1
102
RTVSPropertyOp41
 70
     1
102
RTVSPropertyOp42
 70
     1
102
RTVSPropertyOp43
 70
     1
102
RTVSPropertyOp44
 70
     1
102
RTVSPropertyOp45
 70
     1
102
RTVSPropertyOp46
 70
     1
102
RTVSPropertyOp47
 70
     1
102
RTVSPropertyOp48
 70
     1
102
RTVSPropertyOp49
 70
     1
102
RTVSPropertyOp50
 70
     1
102
RTVSPropertyOp51
 70
     0
102
RTVSPropertyOp52
 70
     0
102
RTVSPropertyOp53
 70
     1
102
RTVSPropertyOp54
 70
     1
102
RTVSPropertyOp55
 70
     1
102
RTVSPropertyOp56
 70
     1
102
RTVSPropertyOp57
 70
     1
102
RTVSPost2010Prop28
280
     0
102
RTVSPost2010PropOp28
 70
     1
102
RTVSPost2010Prop29
280
     1
102
RTVSPost2010PropOp29
 70
     1
102
RTVSPost2010Prop30
280
     1
102
RTVSPost2010PropOp30
 70
     1
102
RTVSPost2010Prop31
280
     0
102
RTVSPost2010PropOp31
 70
     1
102
RTVSPost2010Prop32
280
     0
102
RTVSPost2010PropOp32
 70
     1
102
RTVSPost2010Prop33
280
     0
102
RTVSPost2010PropOp33
 70
     1
102
RTVSPost2010Prop34
280
     0
102
RTVSPost2010PropOp34
 70
     1
102
RTVSPost2010Prop35
280
     0
102
RTVSPost2010PropOp35
 70
     1
102
RTVSPost2010Prop36
280
     0
102
RTVSPost2010PropOp36
 70
     1
102
RTVSPost2010Prop37
 90
       50
102
RTVSPost2010PropOp37
 70
     1
102
RTVSPost2010Prop38
140
0.0
102
RTVSPost2010PropOp38
 70
     1
102
RTVSPost2010Prop39
140
1.0
102
RTVSPost2010PropOp39
 70
     1
102
RTVSPost2010Prop40
 90
        0
102
RTVSPost2010PropOp40
 70
     1
102
RTVSPost2010Prop41ColorIndex
 90
       18
102
RTVSPost2010Prop41ColorRGB
 90
        0
102
RTVSPost2010PropOp41
 70
     1
102
RTVSPost2010Prop42
 90
       50
102
RTVSPost2010PropOp42
 70
     1
102
RTVSPost2010Prop43
 90
        3
102
RTVSPost2010PropOp43
 70
     1
102
RTVSPost2010Prop44ColorIndex
 90
        5
102
RTVSPost2010Prop44ColorRGB
 90
      255
102
RTVSPost2010PropOp44
 70
     1
102
RTVSPost2010Prop45
280
     0
102
RTVSPost2010PropOp45
 70
     1
102
RTVSPost2010Prop46
 90
       50
102
RTVSPost2010PropOp46
 70
     1
102
RTVSPost2010Prop47
 90
       50
102
RTVSPost2010PropOp47
 70
     1
102
RTVSPost2010Prop48
 90
       50
102
RTVSPost2010PropOp48
 70
     1
102
RTVSPost2010Prop49
280
     0
102
RTVSPost2010PropOp49
 70
     1
102
RTVSPost2010Prop50
 90
       50
102
RTVSPost2010PropOp50
 70
     1
102
RTVSPost2010Prop51ColorIndex
 90
      256
102
RTVSPost2010Prop51ColorRGB
 90
-16777216
102
RTVSPost2010PropOp51
 70
     0
102
RTVSPost2010Prop52
140
1.0
102
RTVSPost2010PropOp52
 70
     0
102
RTVSPost2010Prop53
 90
        0
102
RTVSPost2010PropOp53
 70
     1
102
RTVSPost2010Prop54
  1
strokes_ogs.tif
102
RTVSPost2010PropOp54
 70
     1
102
RTVSPost2010Prop55
280
     0
102
RTVSPost2010PropOp55
 70
     1
102
RTVSPost2010Prop56
140
1.0
102
RTVSPost2010PropOp56
 70
     1
102
RTVSPost2010Prop57
140
1.0
102
RTVSPost2010PropOp57
 70
     1
  0
XRECORD
  5
CBF
102
{ACAD_REACTORS
330
AE3
102
}
330
AE3
100
AcDbXrecord
280
     1
102
RTVSPropertyOp0
 70
     1
102
RTVSPropertyOp1
 70
     1
102
RTVSPropertyOp2
 70
     1
102
RTVSPropertyOp3
 70
     1
102
RTVSPropertyOp4
 70
     1
102
RTVSPropertyOp5
 70
     1
102
RTVSPropertyOp6
 70
     1
102
RTVSPropertyOp7
 70
     1
102
RTVSPropertyOp8
 70
     1
102
RTVSPropertyOp9
 70
     1
102
RTVSPropertyOp10
 70
     1
102
RTVSPropertyOp11
 70
     1
102
RTVSPropertyOp12
 70
     1
102
RTVSPropertyOp13
 70
     1
102
RTVSPropertyOp14
 70
     1
102
RTVSPropertyOp15
 70
     1
102
RTVSPropertyOp16
 70
     1
102
RTVSPropertyOp17
 70
     1
102
RTVSPropertyOp18
 70
     1
102
RTVSPropertyOp19
 70
     1
102
RTVSPropertyOp20
 70
     1
102
RTVSPropertyOp21
 70
     1
102
RTVSPropertyOp22
 70
     1
102
RTVSPropertyOp23
 70
     1
102
RTVSPropertyOp24
 70
     1
102
RTVSPropertyOp25
 70
     1
102
RTVSPropertyOp26
 70
     1
102
RTVSPropertyOp27
 70
     1
102
RTVSPropertyOp28
 70
     1
102
RTVSPropertyOp29
 70
     1
102
RTVSPropertyOp30
 70
     1
102
RTVSPropertyOp31
 70
     1
102
RTVSPropertyOp32
 70
     1
102
RTVSPropertyOp33
 70
     1
102
RTVSPropertyOp34
 70
     1
102
RTVSPropertyOp35
 70
     1
102
RTVSPropertyOp36
 70
     1
102
RTVSPropertyOp37
 70
     1
102
RTVSPropertyOp38
 70
     1
102
RTVSPropertyOp39
 70
     1
102
RTVSPropertyOp40
 70
     1
102
RTVSPropertyOp41
 70
     1
102
RTVSPropertyOp42
 70
     1
102
RTVSPropertyOp43
 70
     1
102
RTVSPropertyOp44
 70
     1
102
RTVSPropertyOp45
 70
     1
102
RTVSPropertyOp46
 70
     1
102
RTVSPropertyOp47
 70
     1
102
RTVSPropertyOp48
 70
     1
102
RTVSPropertyOp49
 70
     1
102
RTVSPropertyOp50
 70
     1
102
RTVSPropertyOp51
 70
     0
102
RTVSPropertyOp52
 70
     0
102
RTVSPropertyOp53
 70
     1
102
RTVSPropertyOp54
 70
     1
102
RTVSPropertyOp55
 70
     1
102
RTVSPropertyOp56
 70
     1
102
RTVSPropertyOp57
 70
     1
102
RTVSPost2010Prop28
280
     0
102
RTVSPost2010PropOp28
 70
     1
102
RTVSPost2010Prop29
280
     1
102
RTVSPost2010PropOp29
 70
     1
102
RTVSPost2010Prop30
280
     1
102
RTVSPost2010PropOp30
 70
     1
102
RTVSPost2010Prop31
280
     0
102
RTVSPost2010PropOp31
 70
     1
102
RTVSPost2010Prop32
280
     0
102
RTVSPost2010PropOp32
 70
     1
102
RTVSPost2010Prop33
280
     0
102
RTVSPost2010PropOp33
 70
     1
102
RTVSPost2010Prop34
280
     0
102
RTVSPost2010PropOp34
 70
     1
102
RTVSPost2010Prop35
280
     0
102
RTVSPost2010PropOp35
 70
     1
102
RTVSPost2010Prop36
280
     0
102
RTVSPost2010PropOp36
 70
     1
102
RTVSPost2010Prop37
 90
       50
102
RTVSPost2010PropOp37
 70
     1
102
RTVSPost2010Prop38
140
0.0
102
RTVSPost2010PropOp38
 70
     1
102
RTVSPost2010Prop39
140
1.0
102
RTVSPost2010PropOp39
 70
     1
102
RTVSPost2010Prop40
 90
        0
102
RTVSPost2010PropOp40
 70
     1
102
RTVSPost2010Prop41ColorIndex
 90
       18
102
RTVSPost2010Prop41ColorRGB
 90
        0
102
RTVSPost2010PropOp41
 70
     1
102
RTVSPost2010Prop42
 90
       50
102
RTVSPost2010PropOp42
 70
     1
102
RTVSPost2010Prop43
 90
        3
102
RTVSPost2010PropOp43
 70
     1
102
RTVSPost2010Prop44ColorIndex
 90
        5
102
RTVSPost2010Prop44ColorRGB
 90
      255
102
RTVSPost2010PropOp44
 70
     1
102
RTVSPost2010Prop45
280
     0
102
RTVSPost2010PropOp45
 70
     1
102
RTVSPost2010Prop46
 90
       50
102
RTVSPost2010PropOp46
 70
     1
102
RTVSPost2010Prop47
 90
       50
102
RTVSPost2010PropOp47
 70
     1
102
RTVSPost2010Prop48
 90
       50
102
RTVSPost2010PropOp48
 70
     1
102
RTVSPost2010Prop49
280
     0
102
RTVSPost2010PropOp49
 70
     1
102
RTVSPost2010Prop50
 90
       50
102
RTVSPost2010PropOp50
 70
     1
102
RTVSPost2010Prop51ColorIndex
 90
      256
102
RTVSPost2010Prop51ColorRGB
 90
-16777216
102
RTVSPost2010PropOp51
 70
     0
102
RTVSPost2010Prop52
140
1.0
102
RTVSPost2010PropOp52
 70
     0
102
RTVSPost2010Prop53
 90
        0
102
RTVSPost2010PropOp53
 70
     1
102
RTVSPost2010Prop54
  1
strokes_ogs.tif
102
RTVSPost2010PropOp54
 70
     1
102
RTVSPost2010Prop55
280
     0
102
RTVSPost2010PropOp55
 70
     1
102
RTVSPost2010Prop56
140
1.0
102
RTVSPost2010PropOp56
 70
     1
102
RTVSPost2010Prop57
140
1.0
102
RTVSPost2010PropOp57
 70
     1
  0
XRECORD
  5
CC0
102
{ACAD_REACTORS
330
AE5
102
}
330
AE5
100
AcDbXrecord
280
     1
102
RTVSPropertyOp0
 70
     1
102
RTVSPropertyOp1
 70
     1
102
RTVSPropertyOp2
 70
     1
102
RTVSPropertyOp3
 70
     1
102
RTVSPropertyOp4
 70
     1
102
RTVSPropertyOp5
 70
     1
102
RTVSPropertyOp6
 70
     1
102
RTVSPropertyOp7
 70
     1
102
RTVSPropertyOp8
 70
     1
102
RTVSPropertyOp9
 70
     1
102
RTVSPropertyOp10
 70
     1
102
RTVSPropertyOp11
 70
     1
102
RTVSPropertyOp12
 70
     1
102
RTVSPropertyOp13
 70
     1
102
RTVSPropertyOp14
 70
     1
102
RTVSPropertyOp15
 70
     1
102
RTVSPropertyOp16
 70
     1
102
RTVSPropertyOp17
 70
     1
102
RTVSPropertyOp18
 70
     1
102
RTVSPropertyOp19
 70
     1
102
RTVSPropertyOp20
 70
     1
102
RTVSPropertyOp21
 70
     1
102
RTVSPropertyOp22
 70
     1
102
RTVSPropertyOp23
 70
     1
102
RTVSPropertyOp24
 70
     1
102
RTVSPropertyOp25
 70
     1
102
RTVSPropertyOp26
 70
     1
102
RTVSPropertyOp27
 70
     1
102
RTVSPropertyOp28
 70
     1
102
RTVSPropertyOp29
 70
     1
102
RTVSPropertyOp30
 70
     1
102
RTVSPropertyOp31
 70
     1
102
RTVSPropertyOp32
 70
     1
102
RTVSPropertyOp33
 70
     1
102
RTVSPropertyOp34
 70
     1
102
RTVSPropertyOp35
 70
     1
102
RTVSPropertyOp36
 70
     1
102
RTVSPropertyOp37
 70
     1
102
RTVSPropertyOp38
 70
     1
102
RTVSPropertyOp39
 70
     1
102
RTVSPropertyOp40
 70
     1
102
RTVSPropertyOp41
 70
     1
102
RTVSPropertyOp42
 70
     1
102
RTVSPropertyOp43
 70
     1
102
RTVSPropertyOp44
 70
     1
102
RTVSPropertyOp45
 70
     1
102
RTVSPropertyOp46
 70
     1
102
RTVSPropertyOp47
 70
     1
102
RTVSPropertyOp48
 70
     1
102
RTVSPropertyOp49
 70
     1
102
RTVSPropertyOp50
 70
     1
102
RTVSPropertyOp51
 70
     0
102
RTVSPropertyOp52
 70
     0
102
RTVSPropertyOp53
 70
     1
102
RTVSPropertyOp54
 70
     1
102
RTVSPropertyOp55
 70
     1
102
RTVSPropertyOp56
 70
     1
102
RTVSPropertyOp57
 70
     1
102
RTVSPost2010Prop28
280
     0
102
RTVSPost2010PropOp28
 70
     1
102
RTVSPost2010Prop29
280
     1
102
RTVSPost2010PropOp29
 70
     1
102
RTVSPost2010Prop30
280
     1
102
RTVSPost2010PropOp30
 70
     1
102
RTVSPost2010Prop31
280
     0
102
RTVSPost2010PropOp31
 70
     1
102
RTVSPost2010Prop32
280
     0
102
RTVSPost2010PropOp32
 70
     1
102
RTVSPost2010Prop33
280
     0
102
RTVSPost2010PropOp33
 70
     1
102
RTVSPost2010Prop34
280
     0
102
RTVSPost2010PropOp34
 70
     1
102
RTVSPost2010Prop35
280
     0
102
RTVSPost2010PropOp35
 70
     1
102
RTVSPost2010Prop36
280
     0
102
RTVSPost2010PropOp36
 70
     1
102
RTVSPost2010Prop37
 90
       50
102
RTVSPost2010PropOp37
 70
     1
102
RTVSPost2010Prop38
140
0.0
102
RTVSPost2010PropOp38
 70
     1
102
RTVSPost2010Prop39
140
1.0
102
RTVSPost2010PropOp39
 70
     1
102
RTVSPost2010Prop40
 90
        0
102
RTVSPost2010PropOp40
 70
     1
102
RTVSPost2010Prop41ColorIndex
 90
       18
102
RTVSPost2010Prop41ColorRGB
 90
        0
102
RTVSPost2010PropOp41
 70
     1
102
RTVSPost2010Prop42
 90
       50
102
RTVSPost2010PropOp42
 70
     1
102
RTVSPost2010Prop43
 90
        3
102
RTVSPost2010PropOp43
 70
     1
102
RTVSPost2010Prop44ColorIndex
 90
        5
102
RTVSPost2010Prop44ColorRGB
 90
      255
102
RTVSPost2010PropOp44
 70
     1
102
RTVSPost2010Prop45
280
     0
102
RTVSPost2010PropOp45
 70
     1
102
RTVSPost2010Prop46
 90
       50
102
RTVSPost2010PropOp46
 70
     1
102
RTVSPost2010Prop47
 90
       50
102
RTVSPost2010PropOp47
 70
     1
102
RTVSPost2010Prop48
 90
       50
102
RTVSPost2010PropOp48
 70
     1
102
RTVSPost2010Prop49
280
     0
102
RTVSPost2010PropOp49
 70
     1
102
RTVSPost2010Prop50
 90
       50
102
RTVSPost2010PropOp50
 70
     1
102
RTVSPost2010Prop51ColorIndex
 90
      256
102
RTVSPost2010Prop51ColorRGB
 90
-16777216
102
RTVSPost2010PropOp51
 70
     0
102
RTVSPost2010Prop52
140
1.0
102
RTVSPost2010PropOp52
 70
     0
102
RTVSPost2010Prop53
 90
        0
102
RTVSPost2010PropOp53
 70
     1
102
RTVSPost2010Prop54
  1
strokes_ogs.tif
102
RTVSPost2010PropOp54
 70
     1
102
RTVSPost2010Prop55
280
     0
102
RTVSPost2010PropOp55
 70
     1
102
RTVSPost2010Prop56
140
1.0
102
RTVSPost2010PropOp56
 70
     1
102
RTVSPost2010Prop57
140
1.0
102
RTVSPost2010PropOp57
 70
     1
  0
XRECORD
  5
CC1
102
{ACAD_REACTORS
330
AE7
102
}
330
AE7
100
AcDbXrecord
280
     1
102
RTVSPropertyOp0
 70
     0
102
RTVSPropertyOp1
 70
     0
102
RTVSPropertyOp2
 70
     0
102
RTVSPropertyOp3
 70
     0
102
RTVSPropertyOp4
 70
     0
102
RTVSPropertyOp5
 70
     0
102
RTVSPropertyOp6
 70
     0
102
RTVSPropertyOp7
 70
     0
102
RTVSPropertyOp8
 70
     0
102
RTVSPropertyOp9
 70
     0
102
RTVSPropertyOp10
 70
     0
102
RTVSPropertyOp11
 70
     0
102
RTVSPropertyOp12
 70
     0
102
RTVSPropertyOp13
 70
     0
102
RTVSPropertyOp14
 70
     2
102
RTVSPropertyOp15
 70
     0
102
RTVSPropertyOp16
 70
     0
102
RTVSPropertyOp17
 70
     0
102
RTVSPropertyOp18
 70
     0
102
RTVSPropertyOp19
 70
     0
102
RTVSPropertyOp20
 70
     0
102
RTVSPropertyOp21
 70
     0
102
RTVSPropertyOp22
 70
     0
102
RTVSPropertyOp23
 70
     0
102
RTVSPropertyOp24
 70
     0
102
RTVSPropertyOp25
 70
     0
102
RTVSPropertyOp26
 70
     0
102
RTVSPropertyOp27
 70
     0
102
RTVSPropertyOp28
 70
     1
102
RTVSPropertyOp29
 70
     1
102
RTVSPropertyOp30
 70
     1
102
RTVSPropertyOp31
 70
     1
102
RTVSPropertyOp32
 70
     1
102
RTVSPropertyOp33
 70
     1
102
RTVSPropertyOp34
 70
     1
102
RTVSPropertyOp35
 70
     1
102
RTVSPropertyOp36
 70
     1
102
RTVSPropertyOp37
 70
     1
102
RTVSPropertyOp38
 70
     1
102
RTVSPropertyOp39
 70
     1
102
RTVSPropertyOp40
 70
     1
102
RTVSPropertyOp41
 70
     1
102
RTVSPropertyOp42
 70
     1
102
RTVSPropertyOp43
 70
     1
102
RTVSPropertyOp44
 70
     1
102
RTVSPropertyOp45
 70
     1
102
RTVSPropertyOp46
 70
     1
102
RTVSPropertyOp47
 70
     1
102
RTVSPropertyOp48
 70
     1
102
RTVSPropertyOp49
 70
     1
102
RTVSPropertyOp50
 70
     1
102
RTVSPropertyOp51
 70
     0
102
RTVSPropertyOp52
 70
     0
102
RTVSPropertyOp53
 70
     1
102
RTVSPropertyOp54
 70
     1
102
RTVSPropertyOp55
 70
     1
102
RTVSPropertyOp56
 70
     1
102
RTVSPropertyOp57
 70
     1
102
RTVSPost2010Prop28
280
     0
102
RTVSPost2010PropOp28
 70
     1
102
RTVSPost2010Prop29
280
     1
102
RTVSPost2010PropOp29
 70
     1
102
RTVSPost2010Prop30
280
     1
102
RTVSPost2010PropOp30
 70
     1
102
RTVSPost2010Prop31
280
     0
102
RTVSPost2010PropOp31
 70
     1
102
RTVSPost2010Prop32
280
     0
102
RTVSPost2010PropOp32
 70
     1
102
RTVSPost2010Prop33
280
     0
102
RTVSPost2010PropOp33
 70
     1
102
RTVSPost2010Prop34
280
     0
102
RTVSPost2010PropOp34
 70
     1
102
RTVSPost2010Prop35
280
     0
102
RTVSPost2010PropOp35
 70
     1
102
RTVSPost2010Prop36
280
     0
102
RTVSPost2010PropOp36
 70
     1
102
RTVSPost2010Prop37
 90
       50
102
RTVSPost2010PropOp37
 70
     1
102
RTVSPost2010Prop38
140
0.0
102
RTVSPost2010PropOp38
 70
     1
102
RTVSPost2010Prop39
140
1.0
102
RTVSPost2010PropOp39
 70
     1
102
RTVSPost2010Prop40
 90
        0
102
RTVSPost2010PropOp40
 70
     1
102
RTVSPost2010Prop41ColorIndex
 90
       18
102
RTVSPost2010Prop41ColorRGB
 90
        0
102
RTVSPost2010PropOp41
 70
     1
102
RTVSPost2010Prop42
 90
       50
102
RTVSPost2010PropOp42
 70
     1
102
RTVSPost2010Prop43
 90
        3
102
RTVSPost2010PropOp43
 70
     1
102
RTVSPost2010Prop44ColorIndex
 90
        5
102
RTVSPost2010Prop44ColorRGB
 90
      255
102
RTVSPost2010PropOp44
 70
     1
102
RTVSPost2010Prop45
280
     0
102
RTVSPost2010PropOp45
 70
     1
102
RTVSPost2010Prop46
 90
       50
102
RTVSPost2010PropOp46
 70
     1
102
RTVSPost2010Prop47
 90
       50
102
RTVSPost2010PropOp47
 70
     1
102
RTVSPost2010Prop48
 90
       50
102
RTVSPost2010PropOp48
 70
     1
102
RTVSPost2010Prop49
280
     0
102
RTVSPost2010PropOp49
 70
     1
102
RTVSPost2010Prop50
 90
       50
102
RTVSPost2010PropOp50
 70
     1
102
RTVSPost2010Prop51ColorIndex
 90
      256
102
RTVSPost2010Prop51ColorRGB
 90
-16777216
102
RTVSPost2010PropOp51
 70
     0
102
RTVSPost2010Prop52
140
1.0
102
RTVSPost2010PropOp52
 70
     0
102
RTVSPost2010Prop53
 90
        0
102
RTVSPost2010PropOp53
 70
     1
102
RTVSPost2010Prop54
  1
strokes_ogs.tif
102
RTVSPost2010PropOp54
 70
     1
102
RTVSPost2010Prop55
280
     0
102
RTVSPost2010PropOp55
 70
     1
102
RTVSPost2010Prop56
140
1.0
102
RTVSPost2010PropOp56
 70
     1
102
RTVSPost2010Prop57
140
1.0
102
RTVSPost2010PropOp57
 70
     1
  0
XRECORD
  5
CC2
102
{ACAD_REACTORS
330
AE9
102
}
330
AE9
100
AcDbXrecord
280
     1
102
RTVSPropertyOp0
 70
     1
102
RTVSPropertyOp1
 70
     1
102
RTVSPropertyOp2
 70
     1
102
RTVSPropertyOp3
 70
     1
102
RTVSPropertyOp4
 70
     1
102
RTVSPropertyOp5
 70
     1
102
RTVSPropertyOp6
 70
     1
102
RTVSPropertyOp7
 70
     1
102
RTVSPropertyOp8
 70
     1
102
RTVSPropertyOp9
 70
     1
102
RTVSPropertyOp10
 70
     1
102
RTVSPropertyOp11
 70
     1
102
RTVSPropertyOp12
 70
     1
102
RTVSPropertyOp13
 70
     1
102
RTVSPropertyOp14
 70
     1
102
RTVSPropertyOp15
 70
     1
102
RTVSPropertyOp16
 70
     1
102
RTVSPropertyOp17
 70
     1
102
RTVSPropertyOp18
 70
     1
102
RTVSPropertyOp19
 70
     1
102
RTVSPropertyOp20
 70
     1
102
RTVSPropertyOp21
 70
     1
102
RTVSPropertyOp22
 70
     1
102
RTVSPropertyOp23
 70
     1
102
RTVSPropertyOp24
 70
     1
102
RTVSPropertyOp25
 70
     1
102
RTVSPropertyOp26
 70
     1
102
RTVSPropertyOp27
 70
     1
102
RTVSPropertyOp28
 70
     1
102
RTVSPropertyOp29
 70
     1
102
RTVSPropertyOp30
 70
     1
102
RTVSPropertyOp31
 70
     1
102
RTVSPropertyOp32
 70
     1
102
RTVSPropertyOp33
 70
     1
102
RTVSPropertyOp34
 70
     1
102
RTVSPropertyOp35
 70
     1
102
RTVSPropertyOp36
 70
     1
102
RTVSPropertyOp37
 70
     1
102
RTVSPropertyOp38
 70
     1
102
RTVSPropertyOp39
 70
     1
102
RTVSPropertyOp40
 70
     1
102
RTVSPropertyOp41
 70
     1
102
RTVSPropertyOp42
 70
     1
102
RTVSPropertyOp43
 70
     1
102
RTVSPropertyOp44
 70
     1
102
RTVSPropertyOp45
 70
     1
102
RTVSPropertyOp46
 70
     1
102
RTVSPropertyOp47
 70
     1
102
RTVSPropertyOp48
 70
     1
102
RTVSPropertyOp49
 70
     1
102
RTVSPropertyOp50
 70
     1
102
RTVSPropertyOp51
 70
     0
102
RTVSPropertyOp52
 70
     0
102
RTVSPropertyOp53
 70
     1
102
RTVSPropertyOp54
 70
     1
102
RTVSPropertyOp55
 70
     1
102
RTVSPropertyOp56
 70
     1
102
RTVSPropertyOp57
 70
     1
102
RTVSPost2010Prop28
280
     0
102
RTVSPost2010PropOp28
 70
     1
102
RTVSPost2010Prop29
280
     1
102
RTVSPost2010PropOp29
 70
     1
102
RTVSPost2010Prop30
280
     1
102
RTVSPost2010PropOp30
 70
     1
102
RTVSPost2010Prop31
280
     0
102
RTVSPost2010PropOp31
 70
     1
102
RTVSPost2010Prop32
280
     0
102
RTVSPost2010PropOp32
 70
     1
102
RTVSPost2010Prop33
280
     0
102
RTVSPost2010PropOp33
 70
     1
102
RTVSPost2010Prop34
280
     0
102
RTVSPost2010PropOp34
 70
     1
102
RTVSPost2010Prop35
280
     0
102
RTVSPost2010PropOp35
 70
     1
102
RTVSPost2010Prop36
280
     0
102
RTVSPost2010PropOp36
 70
     1
102
RTVSPost2010Prop37
 90
       50
102
RTVSPost2010PropOp37
 70
     1
102
RTVSPost2010Prop38
140
0.0
102
RTVSPost2010PropOp38
 70
     1
102
RTVSPost2010Prop39
140
1.0
102
RTVSPost2010PropOp39
 70
     1
102
RTVSPost2010Prop40
 90
        0
102
RTVSPost2010PropOp40
 70
     1
102
RTVSPost2010Prop41ColorIndex
 90
       18
102
RTVSPost2010Prop41ColorRGB
 90
        0
102
RTVSPost2010PropOp41
 70
     1
102
RTVSPost2010Prop42
 90
       50
102
RTVSPost2010PropOp42
 70
     1
102
RTVSPost2010Prop43
 90
        3
102
RTVSPost2010PropOp43
 70
     1
102
RTVSPost2010Prop44ColorIndex
 90
        5
102
RTVSPost2010Prop44ColorRGB
 90
      255
102
RTVSPost2010PropOp44
 70
     1
102
RTVSPost2010Prop45
280
     0
102
RTVSPost2010PropOp45
 70
     1
102
RTVSPost2010Prop46
 90
       50
102
RTVSPost2010PropOp46
 70
     1
102
RTVSPost2010Prop47
 90
       50
102
RTVSPost2010PropOp47
 70
     1
102
RTVSPost2010Prop48
 90
       50
102
RTVSPost2010PropOp48
 70
     1
102
RTVSPost2010Prop49
280
     0
102
RTVSPost2010PropOp49
 70
     1
102
RTVSPost2010Prop50
 90
       50
102
RTVSPost2010PropOp50
 70
     1
102
RTVSPost2010Prop51ColorIndex
 90
      256
102
RTVSPost2010Prop51ColorRGB
 90
-16777216
102
RTVSPost2010PropOp51
 70
     0
102
RTVSPost2010Prop52
140
1.0
102
RTVSPost2010PropOp52
 70
     0
102
RTVSPost2010Prop53
 90
        0
102
RTVSPost2010PropOp53
 70
     1
102
RTVSPost2010Prop54
  1
strokes_ogs.tif
102
RTVSPost2010PropOp54
 70
     1
102
RTVSPost2010Prop55
280
     0
102
RTVSPost2010PropOp55
 70
     1
102
RTVSPost2010Prop56
140
1.0
102
RTVSPost2010PropOp56
 70
     1
102
RTVSPost2010Prop57
140
1.0
102
RTVSPost2010PropOp57
 70
     1
  0
XRECORD
  5
CC3
102
{ACAD_REACTORS
330
AEB
102
}
330
AEB
100
AcDbXrecord
280
     1
102
RTVSPropertyOp0
 70
     1
102
RTVSPropertyOp1
 70
     1
102
RTVSPropertyOp2
 70
     1
102
RTVSPropertyOp3
 70
     1
102
RTVSPropertyOp4
 70
     1
102
RTVSPropertyOp5
 70
     1
102
RTVSPropertyOp6
 70
     1
102
RTVSPropertyOp7
 70
     1
102
RTVSPropertyOp8
 70
     1
102
RTVSPropertyOp9
 70
     1
102
RTVSPropertyOp10
 70
     1
102
RTVSPropertyOp11
 70
     1
102
RTVSPropertyOp12
 70
     1
102
RTVSPropertyOp13
 70
     1
102
RTVSPropertyOp14
 70
     1
102
RTVSPropertyOp15
 70
     1
102
RTVSPropertyOp16
 70
     1
102
RTVSPropertyOp17
 70
     1
102
RTVSPropertyOp18
 70
     1
102
RTVSPropertyOp19
 70
     1
102
RTVSPropertyOp20
 70
     1
102
RTVSPropertyOp21
 70
     1
102
RTVSPropertyOp22
 70
     1
102
RTVSPropertyOp23
 70
     1
102
RTVSPropertyOp24
 70
     1
102
RTVSPropertyOp25
 70
     1
102
RTVSPropertyOp26
 70
     1
102
RTVSPropertyOp27
 70
     1
102
RTVSPropertyOp28
 70
     1
102
RTVSPropertyOp29
 70
     1
102
RTVSPropertyOp30
 70
     1
102
RTVSPropertyOp31
 70
     1
102
RTVSPropertyOp32
 70
     1
102
RTVSPropertyOp33
 70
     1
102
RTVSPropertyOp34
 70
     1
102
RTVSPropertyOp35
 70
     1
102
RTVSPropertyOp36
 70
     1
102
RTVSPropertyOp37
 70
     1
102
RTVSPropertyOp38
 70
     1
102
RTVSPropertyOp39
 70
     1
102
RTVSPropertyOp40
 70
     1
102
RTVSPropertyOp41
 70
     1
102
RTVSPropertyOp42
 70
     1
102
RTVSPropertyOp43
 70
     1
102
RTVSPropertyOp44
 70
     1
102
RTVSPropertyOp45
 70
     1
102
RTVSPropertyOp46
 70
     1
102
RTVSPropertyOp47
 70
     1
102
RTVSPropertyOp48
 70
     1
102
RTVSPropertyOp49
 70
     1
102
RTVSPropertyOp50
 70
     1
102
RTVSPropertyOp51
 70
     0
102
RTVSPropertyOp52
 70
     0
102
RTVSPropertyOp53
 70
     1
102
RTVSPropertyOp54
 70
     1
102
RTVSPropertyOp55
 70
     1
102
RTVSPropertyOp56
 70
     1
102
RTVSPropertyOp57
 70
     1
102
RTVSPost2010Prop28
280
     0
102
RTVSPost2010PropOp28
 70
     1
102
RTVSPost2010Prop29
280
     1
102
RTVSPost2010PropOp29
 70
     1
102
RTVSPost2010Prop30
280
     1
102
RTVSPost2010PropOp30
 70
     1
102
RTVSPost2010Prop31
280
     0
102
RTVSPost2010PropOp31
 70
     1
102
RTVSPost2010Prop32
280
     0
102
RTVSPost2010PropOp32
 70
     1
102
RTVSPost2010Prop33
280
     0
102
RTVSPost2010PropOp33
 70
     1
102
RTVSPost2010Prop34
280
     0
102
RTVSPost2010PropOp34
 70
     1
102
RTVSPost2010Prop35
280
     0
102
RTVSPost2010PropOp35
 70
     1
102
RTVSPost2010Prop36
280
     0
102
RTVSPost2010PropOp36
 70
     1
102
RTVSPost2010Prop37
 90
       50
102
RTVSPost2010PropOp37
 70
     1
102
RTVSPost2010Prop38
140
0.0
102
RTVSPost2010PropOp38
 70
     1
102
RTVSPost2010Prop39
140
1.0
102
RTVSPost2010PropOp39
 70
     1
102
RTVSPost2010Prop40
 90
        0
102
RTVSPost2010PropOp40
 70
     1
102
RTVSPost2010Prop41ColorIndex
 90
       18
102
RTVSPost2010Prop41ColorRGB
 90
        0
102
RTVSPost2010PropOp41
 70
     1
102
RTVSPost2010Prop42
 90
       50
102
RTVSPost2010PropOp42
 70
     1
102
RTVSPost2010Prop43
 90
        3
102
RTVSPost2010PropOp43
 70
     1
102
RTVSPost2010Prop44ColorIndex
 90
        5
102
RTVSPost2010Prop44ColorRGB
 90
      255
102
RTVSPost2010PropOp44
 70
     1
102
RTVSPost2010Prop45
280
     0
102
RTVSPost2010PropOp45
 70
     1
102
RTVSPost2010Prop46
 90
       50
102
RTVSPost2010PropOp46
 70
     1
102
RTVSPost2010Prop47
 90
       50
102
RTVSPost2010PropOp47
 70
     1
102
RTVSPost2010Prop48
 90
       50
102
RTVSPost2010PropOp48
 70
     1
102
RTVSPost2010Prop49
280
     0
102
RTVSPost2010PropOp49
 70
     1
102
RTVSPost2010Prop50
 90
       50
102
RTVSPost2010PropOp50
 70
     1
102
RTVSPost2010Prop51ColorIndex
 90
      256
102
RTVSPost2010Prop51ColorRGB
 90
-16777216
102
RTVSPost2010PropOp51
 70
     0
102
RTVSPost2010Prop52
140
1.0
102
RTVSPost2010PropOp52
 70
     0
102
RTVSPost2010Prop53
 90
        0
102
RTVSPost2010PropOp53
 70
     1
102
RTVSPost2010Prop54
  1
strokes_ogs.tif
102
RTVSPost2010PropOp54
 70
     1
102
RTVSPost2010Prop55
280
     0
102
RTVSPost2010PropOp55
 70
     1
102
RTVSPost2010Prop56
140
1.0
102
RTVSPost2010PropOp56
 70
     1
102
RTVSPost2010Prop57
140
1.0
102
RTVSPost2010PropOp57
 70
     1
  0
XRECORD
  5
CC4
102
{ACAD_REACTORS
330
AED
102
}
330
AED
100
AcDbXrecord
280
     1
102
RTVSPropertyOp0
 70
     1
102
RTVSPropertyOp1
 70
     1
102
RTVSPropertyOp2
 70
     1
102
RTVSPropertyOp3
 70
     1
102
RTVSPropertyOp4
 70
     1
102
RTVSPropertyOp5
 70
     1
102
RTVSPropertyOp6
 70
     1
102
RTVSPropertyOp7
 70
     1
102
RTVSPropertyOp8
 70
     1
102
RTVSPropertyOp9
 70
     1
102
RTVSPropertyOp10
 70
     1
102
RTVSPropertyOp11
 70
     1
102
RTVSPropertyOp12
 70
     1
102
RTVSPropertyOp13
 70
     1
102
RTVSPropertyOp14
 70
     1
102
RTVSPropertyOp15
 70
     1
102
RTVSPropertyOp16
 70
     1
102
RTVSPropertyOp17
 70
     1
102
RTVSPropertyOp18
 70
     1
102
RTVSPropertyOp19
 70
     1
102
RTVSPropertyOp20
 70
     1
102
RTVSPropertyOp21
 70
     1
102
RTVSPropertyOp22
 70
     1
102
RTVSPropertyOp23
 70
     1
102
RTVSPropertyOp24
 70
     1
102
RTVSPropertyOp25
 70
     1
102
RTVSPropertyOp26
 70
     1
102
RTVSPropertyOp27
 70
     1
102
RTVSPropertyOp28
 70
     1
102
RTVSPropertyOp29
 70
     1
102
RTVSPropertyOp30
 70
     1
102
RTVSPropertyOp31
 70
     1
102
RTVSPropertyOp32
 70
     1
102
RTVSPropertyOp33
 70
     1
102
RTVSPropertyOp34
 70
     1
102
RTVSPropertyOp35
 70
     1
102
RTVSPropertyOp36
 70
     1
102
RTVSPropertyOp37
 70
     1
102
RTVSPropertyOp38
 70
     1
102
RTVSPropertyOp39
 70
     1
102
RTVSPropertyOp40
 70
     1
102
RTVSPropertyOp41
 70
     1
102
RTVSPropertyOp42
 70
     1
102
RTVSPropertyOp43
 70
     1
102
RTVSPropertyOp44
 70
     1
102
RTVSPropertyOp45
 70
     1
102
RTVSPropertyOp46
 70
     1
102
RTVSPropertyOp47
 70
     1
102
RTVSPropertyOp48
 70
     1
102
RTVSPropertyOp49
 70
     1
102
RTVSPropertyOp50
 70
     1
102
RTVSPropertyOp51
 70
     0
102
RTVSPropertyOp52
 70
     0
102
RTVSPropertyOp53
 70
     1
102
RTVSPropertyOp54
 70
     1
102
RTVSPropertyOp55
 70
     1
102
RTVSPropertyOp56
 70
     1
102
RTVSPropertyOp57
 70
     1
102
RTVSPost2010Prop28
280
     0
102
RTVSPost2010PropOp28
 70
     1
102
RTVSPost2010Prop29
280
     1
102
RTVSPost2010PropOp29
 70
     1
102
RTVSPost2010Prop30
280
     1
102
RTVSPost2010PropOp30
 70
     1
102
RTVSPost2010Prop31
280
     0
102
RTVSPost2010PropOp31
 70
     1
102
RTVSPost2010Prop32
280
     0
102
RTVSPost2010PropOp32
 70
     1
102
RTVSPost2010Prop33
280
     0
102
RTVSPost2010PropOp33
 70
     1
102
RTVSPost2010Prop34
280
     0
102
RTVSPost2010PropOp34
 70
     1
102
RTVSPost2010Prop35
280
     0
102
RTVSPost2010PropOp35
 70
     1
102
RTVSPost2010Prop36
280
     0
102
RTVSPost2010PropOp36
 70
     1
102
RTVSPost2010Prop37
 90
       50
102
RTVSPost2010PropOp37
 70
     1
102
RTVSPost2010Prop38
140
0.0
102
RTVSPost2010PropOp38
 70
     1
102
RTVSPost2010Prop39
140
1.0
102
RTVSPost2010PropOp39
 70
     1
102
RTVSPost2010Prop40
 90
        0
102
RTVSPost2010PropOp40
 70
     1
102
RTVSPost2010Prop41ColorIndex
 90
       18
102
RTVSPost2010Prop41ColorRGB
 90
        0
102
RTVSPost2010PropOp41
 70
     1
102
RTVSPost2010Prop42
 90
       50
102
RTVSPost2010PropOp42
 70
     1
102
RTVSPost2010Prop43
 90
        3
102
RTVSPost2010PropOp43
 70
     1
102
RTVSPost2010Prop44ColorIndex
 90
        5
102
RTVSPost2010Prop44ColorRGB
 90
      255
102
RTVSPost2010PropOp44
 70
     1
102
RTVSPost2010Prop45
280
     0
102
RTVSPost2010PropOp45
 70
     1
102
RTVSPost2010Prop46
 90
       50
102
RTVSPost2010PropOp46
 70
     1
102
RTVSPost2010Prop47
 90
       50
102
RTVSPost2010PropOp47
 70
     1
102
RTVSPost2010Prop48
 90
       50
102
RTVSPost2010PropOp48
 70
     1
102
RTVSPost2010Prop49
280
     0
102
RTVSPost2010PropOp49
 70
     1
102
RTVSPost2010Prop50
 90
       50
102
RTVSPost2010PropOp50
 70
     1
102
RTVSPost2010Prop51ColorIndex
 90
      256
102
RTVSPost2010Prop51ColorRGB
 90
-16777216
102
RTVSPost2010PropOp51
 70
     0
102
RTVSPost2010Prop52
140
1.0
102
RTVSPost2010PropOp52
 70
     0
102
RTVSPost2010Prop53
 90
        0
102
RTVSPost2010PropOp53
 70
     1
102
RTVSPost2010Prop54
  1
strokes_ogs.tif
102
RTVSPost2010PropOp54
 70
     1
102
RTVSPost2010Prop55
280
     0
102
RTVSPost2010PropOp55
 70
     1
102
RTVSPost2010Prop56
140
1.0
102
RTVSPost2010PropOp56
 70
     1
102
RTVSPost2010Prop57
140
1.0
102
RTVSPost2010PropOp57
 70
     1
  0
XRECORD
  5
CC5
102
{ACAD_REACTORS
330
AEF
102
}
330
AEF
100
AcDbXrecord
280
     1
102
RTVSPropertyOp0
 70
     1
102
RTVSPropertyOp1
 70
     1
102
RTVSPropertyOp2
 70
     1
102
RTVSPropertyOp3
 70
     1
102
RTVSPropertyOp4
 70
     1
102
RTVSPropertyOp5
 70
     1
102
RTVSPropertyOp6
 70
     1
102
RTVSPropertyOp7
 70
     1
102
RTVSPropertyOp8
 70
     1
102
RTVSPropertyOp9
 70
     1
102
RTVSPropertyOp10
 70
     1
102
RTVSPropertyOp11
 70
     1
102
RTVSPropertyOp12
 70
     1
102
RTVSPropertyOp13
 70
     1
102
RTVSPropertyOp14
 70
     1
102
RTVSPropertyOp15
 70
     1
102
RTVSPropertyOp16
 70
     1
102
RTVSPropertyOp17
 70
     1
102
RTVSPropertyOp18
 70
     1
102
RTVSPropertyOp19
 70
     1
102
RTVSPropertyOp20
 70
     1
102
RTVSPropertyOp21
 70
     1
102
RTVSPropertyOp22
 70
     1
102
RTVSPropertyOp23
 70
     1
102
RTVSPropertyOp24
 70
     1
102
RTVSPropertyOp25
 70
     1
102
RTVSPropertyOp26
 70
     1
102
RTVSPropertyOp27
 70
     1
102
RTVSPropertyOp28
 70
     1
102
RTVSPropertyOp29
 70
     1
102
RTVSPropertyOp30
 70
     1
102
RTVSPropertyOp31
 70
     1
102
RTVSPropertyOp32
 70
     1
102
RTVSPropertyOp33
 70
     1
102
RTVSPropertyOp34
 70
     1
102
RTVSPropertyOp35
 70
     1
102
RTVSPropertyOp36
 70
     1
102
RTVSPropertyOp37
 70
     1
102
RTVSPropertyOp38
 70
     1
102
RTVSPropertyOp39
 70
     1
102
RTVSPropertyOp40
 70
     1
102
RTVSPropertyOp41
 70
     1
102
RTVSPropertyOp42
 70
     1
102
RTVSPropertyOp43
 70
     1
102
RTVSPropertyOp44
 70
     1
102
RTVSPropertyOp45
 70
     1
102
RTVSPropertyOp46
 70
     1
102
RTVSPropertyOp47
 70
     1
102
RTVSPropertyOp48
 70
     1
102
RTVSPropertyOp49
 70
     1
102
RTVSPropertyOp50
 70
     1
102
RTVSPropertyOp51
 70
     0
102
RTVSPropertyOp52
 70
     0
102
RTVSPropertyOp53
 70
     1
102
RTVSPropertyOp54
 70
     1
102
RTVSPropertyOp55
 70
     1
102
RTVSPropertyOp56
 70
     1
102
RTVSPropertyOp57
 70
     1
102
RTVSPost2010Prop28
280
     0
102
RTVSPost2010PropOp28
 70
     1
102
RTVSPost2010Prop29
280
     1
102
RTVSPost2010PropOp29
 70
     1
102
RTVSPost2010Prop30
280
     1
102
RTVSPost2010PropOp30
 70
     1
102
RTVSPost2010Prop31
280
     0
102
RTVSPost2010PropOp31
 70
     1
102
RTVSPost2010Prop32
280
     0
102
RTVSPost2010PropOp32
 70
     1
102
RTVSPost2010Prop33
280
     0
102
RTVSPost2010PropOp33
 70
     1
102
RTVSPost2010Prop34
280
     0
102
RTVSPost2010PropOp34
 70
     1
102
RTVSPost2010Prop35
280
     0
102
RTVSPost2010PropOp35
 70
     1
102
RTVSPost2010Prop36
280
     0
102
RTVSPost2010PropOp36
 70
     1
102
RTVSPost2010Prop37
 90
       50
102
RTVSPost2010PropOp37
 70
     1
102
RTVSPost2010Prop38
140
0.0
102
RTVSPost2010PropOp38
 70
     1
102
RTVSPost2010Prop39
140
1.0
102
RTVSPost2010PropOp39
 70
     1
102
RTVSPost2010Prop40
 90
        0
102
RTVSPost2010PropOp40
 70
     1
102
RTVSPost2010Prop41ColorIndex
 90
       18
102
RTVSPost2010Prop41ColorRGB
 90
        0
102
RTVSPost2010PropOp41
 70
     1
102
RTVSPost2010Prop42
 90
       50
102
RTVSPost2010PropOp42
 70
     1
102
RTVSPost2010Prop43
 90
        3
102
RTVSPost2010PropOp43
 70
     1
102
RTVSPost2010Prop44ColorIndex
 90
        5
102
RTVSPost2010Prop44ColorRGB
 90
      255
102
RTVSPost2010PropOp44
 70
     1
102
RTVSPost2010Prop45
280
     0
102
RTVSPost2010PropOp45
 70
     1
102
RTVSPost2010Prop46
 90
       50
102
RTVSPost2010PropOp46
 70
     1
102
RTVSPost2010Prop47
 90
       50
102
RTVSPost2010PropOp47
 70
     1
102
RTVSPost2010Prop48
 90
       50
102
RTVSPost2010PropOp48
 70
     1
102
RTVSPost2010Prop49
280
     0
102
RTVSPost2010PropOp49
 70
     1
102
RTVSPost2010Prop50
 90
       50
102
RTVSPost2010PropOp50
 70
     1
102
RTVSPost2010Prop51ColorIndex
 90
      256
102
RTVSPost2010Prop51ColorRGB
 90
-16777216
102
RTVSPost2010PropOp51
 70
     0
102
RTVSPost2010Prop52
140
1.0
102
RTVSPost2010PropOp52
 70
     0
102
RTVSPost2010Prop53
 90
        0
102
RTVSPost2010PropOp53
 70
     1
102
RTVSPost2010Prop54
  1
strokes_ogs.tif
102
RTVSPost2010PropOp54
 70
     1
102
RTVSPost2010Prop55
280
     0
102
RTVSPost2010PropOp55
 70
     1
102
RTVSPost2010Prop56
140
1.0
102
RTVSPost2010PropOp56
 70
     1
102
RTVSPost2010Prop57
140
1.0
102
RTVSPost2010PropOp57
 70
     1
  0
XRECORD
  5
CC6
102
{ACAD_REACTORS
330
AF1
102
}
330
AF1
100
AcDbXrecord
280
     1
102
RTVSPropertyOp0
 70
     1
102
RTVSPropertyOp1
 70
     1
102
RTVSPropertyOp2
 70
     1
102
RTVSPropertyOp3
 70
     1
102
RTVSPropertyOp4
 70
     1
102
RTVSPropertyOp5
 70
     1
102
RTVSPropertyOp6
 70
     1
102
RTVSPropertyOp7
 70
     1
102
RTVSPropertyOp8
 70
     1
102
RTVSPropertyOp9
 70
     1
102
RTVSPropertyOp10
 70
     1
102
RTVSPropertyOp11
 70
     1
102
RTVSPropertyOp12
 70
     1
102
RTVSPropertyOp13
 70
     1
102
RTVSPropertyOp14
 70
     1
102
RTVSPropertyOp15
 70
     1
102
RTVSPropertyOp16
 70
     1
102
RTVSPropertyOp17
 70
     1
102
RTVSPropertyOp18
 70
     1
102
RTVSPropertyOp19
 70
     1
102
RTVSPropertyOp20
 70
     1
102
RTVSPropertyOp21
 70
     1
102
RTVSPropertyOp22
 70
     1
102
RTVSPropertyOp23
 70
     1
102
RTVSPropertyOp24
 70
     1
102
RTVSPropertyOp25
 70
     1
102
RTVSPropertyOp26
 70
     1
102
RTVSPropertyOp27
 70
     1
102
RTVSPropertyOp28
 70
     1
102
RTVSPropertyOp29
 70
     1
102
RTVSPropertyOp30
 70
     1
102
RTVSPropertyOp31
 70
     1
102
RTVSPropertyOp32
 70
     1
102
RTVSPropertyOp33
 70
     1
102
RTVSPropertyOp34
 70
     1
102
RTVSPropertyOp35
 70
     1
102
RTVSPropertyOp36
 70
     1
102
RTVSPropertyOp37
 70
     1
102
RTVSPropertyOp38
 70
     1
102
RTVSPropertyOp39
 70
     1
102
RTVSPropertyOp40
 70
     1
102
RTVSPropertyOp41
 70
     1
102
RTVSPropertyOp42
 70
     1
102
RTVSPropertyOp43
 70
     1
102
RTVSPropertyOp44
 70
     1
102
RTVSPropertyOp45
 70
     1
102
RTVSPropertyOp46
 70
     1
102
RTVSPropertyOp47
 70
     1
102
RTVSPropertyOp48
 70
     1
102
RTVSPropertyOp49
 70
     1
102
RTVSPropertyOp50
 70
     1
102
RTVSPropertyOp51
 70
     0
102
RTVSPropertyOp52
 70
     0
102
RTVSPropertyOp53
 70
     1
102
RTVSPropertyOp54
 70
     1
102
RTVSPropertyOp55
 70
     1
102
RTVSPropertyOp56
 70
     1
102
RTVSPropertyOp57
 70
     1
102
RTVSPost2010Prop28
280
     0
102
RTVSPost2010PropOp28
 70
     1
102
RTVSPost2010Prop29
280
     1
102
RTVSPost2010PropOp29
 70
     1
102
RTVSPost2010Prop30
280
     1
102
RTVSPost2010PropOp30
 70
     1
102
RTVSPost2010Prop31
280
     0
102
RTVSPost2010PropOp31
 70
     1
102
RTVSPost2010Prop32
280
     0
102
RTVSPost2010PropOp32
 70
     1
102
RTVSPost2010Prop33
280
     0
102
RTVSPost2010PropOp33
 70
     1
102
RTVSPost2010Prop34
280
     0
102
RTVSPost2010PropOp34
 70
     1
102
RTVSPost2010Prop35
280
     0
102
RTVSPost2010PropOp35
 70
     1
102
RTVSPost2010Prop36
280
     0
102
RTVSPost2010PropOp36
 70
     1
102
RTVSPost2010Prop37
 90
       50
102
RTVSPost2010PropOp37
 70
     1
102
RTVSPost2010Prop38
140
0.0
102
RTVSPost2010PropOp38
 70
     1
102
RTVSPost2010Prop39
140
1.0
102
RTVSPost2010PropOp39
 70
     1
102
RTVSPost2010Prop40
 90
        0
102
RTVSPost2010PropOp40
 70
     1
102
RTVSPost2010Prop41ColorIndex
 90
       18
102
RTVSPost2010Prop41ColorRGB
 90
        0
102
RTVSPost2010PropOp41
 70
     1
102
RTVSPost2010Prop42
 90
       50
102
RTVSPost2010PropOp42
 70
     1
102
RTVSPost2010Prop43
 90
        3
102
RTVSPost2010PropOp43
 70
     1
102
RTVSPost2010Prop44ColorIndex
 90
        5
102
RTVSPost2010Prop44ColorRGB
 90
      255
102
RTVSPost2010PropOp44
 70
     1
102
RTVSPost2010Prop45
280
     0
102
RTVSPost2010PropOp45
 70
     1
102
RTVSPost2010Prop46
 90
       50
102
RTVSPost2010PropOp46
 70
     1
102
RTVSPost2010Prop47
 90
       50
102
RTVSPost2010PropOp47
 70
     1
102
RTVSPost2010Prop48
 90
       50
102
RTVSPost2010PropOp48
 70
     1
102
RTVSPost2010Prop49
280
     0
102
RTVSPost2010PropOp49
 70
     1
102
RTVSPost2010Prop50
 90
       50
102
RTVSPost2010PropOp50
 70
     1
102
RTVSPost2010Prop51ColorIndex
 90
      256
102
RTVSPost2010Prop51ColorRGB
 90
-16777216
102
RTVSPost2010PropOp51
 70
     0
102
RTVSPost2010Prop52
140
1.0
102
RTVSPost2010PropOp52
 70
     0
102
RTVSPost2010Prop53
 90
        0
102
RTVSPost2010PropOp53
 70
     1
102
RTVSPost2010Prop54
  1
strokes_ogs.tif
102
RTVSPost2010PropOp54
 70
     1
102
RTVSPost2010Prop55
280
     0
102
RTVSPost2010PropOp55
 70
     1
102
RTVSPost2010Prop56
140
1.0
102
RTVSPost2010PropOp56
 70
     1
102
RTVSPost2010Prop57
140
1.0
102
RTVSPost2010PropOp57
 70
     1
  0
XRECORD
  5
CC7
102
{ACAD_REACTORS
330
AF3
102
}
330
AF3
100
AcDbXrecord
280
     1
102
RTVSPropertyOp0
 70
     1
102
RTVSPropertyOp1
 70
     1
102
RTVSPropertyOp2
 70
     1
102
RTVSPropertyOp3
 70
     1
102
RTVSPropertyOp4
 70
     1
102
RTVSPropertyOp5
 70
     1
102
RTVSPropertyOp6
 70
     1
102
RTVSPropertyOp7
 70
     1
102
RTVSPropertyOp8
 70
     1
102
RTVSPropertyOp9
 70
     1
102
RTVSPropertyOp10
 70
     1
102
RTVSPropertyOp11
 70
     1
102
RTVSPropertyOp12
 70
     1
102
RTVSPropertyOp13
 70
     1
102
RTVSPropertyOp14
 70
     1
102
RTVSPropertyOp15
 70
     1
102
RTVSPropertyOp16
 70
     1
102
RTVSPropertyOp17
 70
     1
102
RTVSPropertyOp18
 70
     1
102
RTVSPropertyOp19
 70
     1
102
RTVSPropertyOp20
 70
     1
102
RTVSPropertyOp21
 70
     1
102
RTVSPropertyOp22
 70
     1
102
RTVSPropertyOp23
 70
     1
102
RTVSPropertyOp24
 70
     1
102
RTVSPropertyOp25
 70
     1
102
RTVSPropertyOp26
 70
     1
102
RTVSPropertyOp27
 70
     1
102
RTVSPropertyOp28
 70
     1
102
RTVSPropertyOp29
 70
     1
102
RTVSPropertyOp30
 70
     1
102
RTVSPropertyOp31
 70
     1
102
RTVSPropertyOp32
 70
     1
102
RTVSPropertyOp33
 70
     1
102
RTVSPropertyOp34
 70
     1
102
RTVSPropertyOp35
 70
     1
102
RTVSPropertyOp36
 70
     1
102
RTVSPropertyOp37
 70
     1
102
RTVSPropertyOp38
 70
     1
102
RTVSPropertyOp39
 70
     1
102
RTVSPropertyOp40
 70
     1
102
RTVSPropertyOp41
 70
     1
102
RTVSPropertyOp42
 70
     1
102
RTVSPropertyOp43
 70
     1
102
RTVSPropertyOp44
 70
     1
102
RTVSPropertyOp45
 70
     1
102
RTVSPropertyOp46
 70
     1
102
RTVSPropertyOp47
 70
     1
102
RTVSPropertyOp48
 70
     1
102
RTVSPropertyOp49
 70
     1
102
RTVSPropertyOp50
 70
     1
102
RTVSPropertyOp51
 70
     0
102
RTVSPropertyOp52
 70
     0
102
RTVSPropertyOp53
 70
     1
102
RTVSPropertyOp54
 70
     1
102
RTVSPropertyOp55
 70
     1
102
RTVSPropertyOp56
 70
     1
102
RTVSPropertyOp57
 70
     1
102
RTVSPost2010Prop28
280
     0
102
RTVSPost2010PropOp28
 70
     1
102
RTVSPost2010Prop29
280
     1
102
RTVSPost2010PropOp29
 70
     1
102
RTVSPost2010Prop30
280
     1
102
RTVSPost2010PropOp30
 70
     1
102
RTVSPost2010Prop31
280
     0
102
RTVSPost2010PropOp31
 70
     1
102
RTVSPost2010Prop32
280
     0
102
RTVSPost2010PropOp32
 70
     1
102
RTVSPost2010Prop33
280
     0
102
RTVSPost2010PropOp33
 70
     1
102
RTVSPost2010Prop34
280
     0
102
RTVSPost2010PropOp34
 70
     1
102
RTVSPost2010Prop35
280
     0
102
RTVSPost2010PropOp35
 70
     1
102
RTVSPost2010Prop36
280
     0
102
RTVSPost2010PropOp36
 70
     1
102
RTVSPost2010Prop37
 90
       50
102
RTVSPost2010PropOp37
 70
     1
102
RTVSPost2010Prop38
140
0.0
102
RTVSPost2010PropOp38
 70
     1
102
RTVSPost2010Prop39
140
1.0
102
RTVSPost2010PropOp39
 70
     1
102
RTVSPost2010Prop40
 90
        0
102
RTVSPost2010PropOp40
 70
     1
102
RTVSPost2010Prop41ColorIndex
 90
       18
102
RTVSPost2010Prop41ColorRGB
 90
        0
102
RTVSPost2010PropOp41
 70
     1
102
RTVSPost2010Prop42
 90
       50
102
RTVSPost2010PropOp42
 70
     1
102
RTVSPost2010Prop43
 90
        3
102
RTVSPost2010PropOp43
 70
     1
102
RTVSPost2010Prop44ColorIndex
 90
        5
102
RTVSPost2010Prop44ColorRGB
 90
      255
102
RTVSPost2010PropOp44
 70
     1
102
RTVSPost2010Prop45
280
     0
102
RTVSPost2010PropOp45
 70
     1
102
RTVSPost2010Prop46
 90
       50
102
RTVSPost2010PropOp46
 70
     1
102
RTVSPost2010Prop47
 90
       50
102
RTVSPost2010PropOp47
 70
     1
102
RTVSPost2010Prop48
 90
       50
102
RTVSPost2010PropOp48
 70
     1
102
RTVSPost2010Prop49
280
     0
102
RTVSPost2010PropOp49
 70
     1
102
RTVSPost2010Prop50
 90
       50
102
RTVSPost2010PropOp50
 70
     1
102
RTVSPost2010Prop51ColorIndex
 90
      256
102
RTVSPost2010Prop51ColorRGB
 90
-16777216
102
RTVSPost2010PropOp51
 70
     0
102
RTVSPost2010Prop52
140
1.0
102
RTVSPost2010PropOp52
 70
     0
102
RTVSPost2010Prop53
 90
        0
102
RTVSPost2010PropOp53
 70
     1
102
RTVSPost2010Prop54
  1
strokes_ogs.tif
102
RTVSPost2010PropOp54
 70
     1
102
RTVSPost2010Prop55
280
     0
102
RTVSPost2010PropOp55
 70
     1
102
RTVSPost2010Prop56
140
1.0
102
RTVSPost2010PropOp56
 70
     1
102
RTVSPost2010Prop57
140
1.0
102
RTVSPost2010PropOp57
 70
     1
  0
XRECORD
  5
CC8
102
{ACAD_REACTORS
330
AF5
102
}
330
AF5
100
AcDbXrecord
280
     1
102
RTVSPropertyOp0
 70
     0
102
RTVSPropertyOp1
 70
     0
102
RTVSPropertyOp2
 70
     0
102
RTVSPropertyOp3
 70
     0
102
RTVSPropertyOp4
 70
     0
102
RTVSPropertyOp5
 70
     0
102
RTVSPropertyOp6
 70
     0
102
RTVSPropertyOp7
 70
     0
102
RTVSPropertyOp8
 70
     0
102
RTVSPropertyOp9
 70
     0
102
RTVSPropertyOp10
 70
     0
102
RTVSPropertyOp11
 70
     0
102
RTVSPropertyOp12
 70
     0
102
RTVSPropertyOp13
 70
     0
102
RTVSPropertyOp14
 70
     2
102
RTVSPropertyOp15
 70
     0
102
RTVSPropertyOp16
 70
     0
102
RTVSPropertyOp17
 70
     0
102
RTVSPropertyOp18
 70
     0
102
RTVSPropertyOp19
 70
     0
102
RTVSPropertyOp20
 70
     0
102
RTVSPropertyOp21
 70
     0
102
RTVSPropertyOp22
 70
     0
102
RTVSPropertyOp23
 70
     0
102
RTVSPropertyOp24
 70
     0
102
RTVSPropertyOp25
 70
     0
102
RTVSPropertyOp26
 70
     0
102
RTVSPropertyOp27
 70
     0
102
RTVSPropertyOp28
 70
     1
102
RTVSPropertyOp29
 70
     1
102
RTVSPropertyOp30
 70
     1
102
RTVSPropertyOp31
 70
     1
102
RTVSPropertyOp32
 70
     1
102
RTVSPropertyOp33
 70
     1
102
RTVSPropertyOp34
 70
     1
102
RTVSPropertyOp35
 70
     1
102
RTVSPropertyOp36
 70
     1
102
RTVSPropertyOp37
 70
     1
102
RTVSPropertyOp38
 70
     1
102
RTVSPropertyOp39
 70
     1
102
RTVSPropertyOp40
 70
     1
102
RTVSPropertyOp41
 70
     1
102
RTVSPropertyOp42
 70
     1
102
RTVSPropertyOp43
 70
     1
102
RTVSPropertyOp44
 70
     1
102
RTVSPropertyOp45
 70
     1
102
RTVSPropertyOp46
 70
     1
102
RTVSPropertyOp47
 70
     1
102
RTVSPropertyOp48
 70
     1
102
RTVSPropertyOp49
 70
     1
102
RTVSPropertyOp50
 70
     1
102
RTVSPropertyOp51
 70
     0
102
RTVSPropertyOp52
 70
     0
102
RTVSPropertyOp53
 70
     1
102
RTVSPropertyOp54
 70
     1
102
RTVSPropertyOp55
 70
     1
102
RTVSPropertyOp56
 70
     1
102
RTVSPropertyOp57
 70
     1
102
RTVSPost2010Prop28
280
     0
102
RTVSPost2010PropOp28
 70
     1
102
RTVSPost2010Prop29
280
     1
102
RTVSPost2010PropOp29
 70
     1
102
RTVSPost2010Prop30
280
     1
102
RTVSPost2010PropOp30
 70
     1
102
RTVSPost2010Prop31
280
     0
102
RTVSPost2010PropOp31
 70
     1
102
RTVSPost2010Prop32
280
     0
102
RTVSPost2010PropOp32
 70
     1
102
RTVSPost2010Prop33
280
     0
102
RTVSPost2010PropOp33
 70
     1
102
RTVSPost2010Prop34
280
     0
102
RTVSPost2010PropOp34
 70
     1
102
RTVSPost2010Prop35
280
     0
102
RTVSPost2010PropOp35
 70
     1
102
RTVSPost2010Prop36
280
     0
102
RTVSPost2010PropOp36
 70
     1
102
RTVSPost2010Prop37
 90
       50
102
RTVSPost2010PropOp37
 70
     1
102
RTVSPost2010Prop38
140
0.0
102
RTVSPost2010PropOp38
 70
     1
102
RTVSPost2010Prop39
140
1.0
102
RTVSPost2010PropOp39
 70
     1
102
RTVSPost2010Prop40
 90
        0
102
RTVSPost2010PropOp40
 70
     1
102
RTVSPost2010Prop41ColorIndex
 90
       18
102
RTVSPost2010Prop41ColorRGB
 90
        0
102
RTVSPost2010PropOp41
 70
     1
102
RTVSPost2010Prop42
 90
       50
102
RTVSPost2010PropOp42
 70
     1
102
RTVSPost2010Prop43
 90
        3
102
RTVSPost2010PropOp43
 70
     1
102
RTVSPost2010Prop44ColorIndex
 90
        5
102
RTVSPost2010Prop44ColorRGB
 90
      255
102
RTVSPost2010PropOp44
 70
     1
102
RTVSPost2010Prop45
280
     0
102
RTVSPost2010PropOp45
 70
     1
102
RTVSPost2010Prop46
 90
       50
102
RTVSPost2010PropOp46
 70
     1
102
RTVSPost2010Prop47
 90
       50
102
RTVSPost2010PropOp47
 70
     1
102
RTVSPost2010Prop48
 90
       50
102
RTVSPost2010PropOp48
 70
     1
102
RTVSPost2010Prop49
280
     0
102
RTVSPost2010PropOp49
 70
     1
102
RTVSPost2010Prop50
 90
       50
102
RTVSPost2010PropOp50
 70
     1
102
RTVSPost2010Prop51ColorIndex
 90
      256
102
RTVSPost2010Prop51ColorRGB
 90
-16777216
102
RTVSPost2010PropOp51
 70
     0
102
RTVSPost2010Prop52
140
1.0
102
RTVSPost2010PropOp52
 70
     0
102
RTVSPost2010Prop53
 90
        0
102
RTVSPost2010PropOp53
 70
     1
102
RTVSPost2010Prop54
  1
strokes_ogs.tif
102
RTVSPost2010PropOp54
 70
     1
102
RTVSPost2010Prop55
280
     0
102
RTVSPost2010PropOp55
 70
     1
102
RTVSPost2010Prop56
140
1.0
102
RTVSPost2010PropOp56
 70
     1
102
RTVSPost2010Prop57
140
1.0
102
RTVSPost2010PropOp57
 70
     1
  0
XRECORD
  5
CC9
102
{ACAD_REACTORS
330
AF7
102
}
330
AF7
100
AcDbXrecord
280
     1
102
RTVSPropertyOp0
 70
     1
102
RTVSPropertyOp1
 70
     1
102
RTVSPropertyOp2
 70
     1
102
RTVSPropertyOp3
 70
     1
102
RTVSPropertyOp4
 70
     1
102
RTVSPropertyOp5
 70
     1
102
RTVSPropertyOp6
 70
     1
102
RTVSPropertyOp7
 70
     1
102
RTVSPropertyOp8
 70
     1
102
RTVSPropertyOp9
 70
     1
102
RTVSPropertyOp10
 70
     1
102
RTVSPropertyOp11
 70
     1
102
RTVSPropertyOp12
 70
     1
102
RTVSPropertyOp13
 70
     1
102
RTVSPropertyOp14
 70
     1
102
RTVSPropertyOp15
 70
     1
102
RTVSPropertyOp16
 70
     1
102
RTVSPropertyOp17
 70
     1
102
RTVSPropertyOp18
 70
     1
102
RTVSPropertyOp19
 70
     1
102
RTVSPropertyOp20
 70
     1
102
RTVSPropertyOp21
 70
     1
102
RTVSPropertyOp22
 70
     1
102
RTVSPropertyOp23
 70
     1
102
RTVSPropertyOp24
 70
     1
102
RTVSPropertyOp25
 70
     1
102
RTVSPropertyOp26
 70
     1
102
RTVSPropertyOp27
 70
     1
102
RTVSPropertyOp28
 70
     1
102
RTVSPropertyOp29
 70
     1
102
RTVSPropertyOp30
 70
     1
102
RTVSPropertyOp31
 70
     1
102
RTVSPropertyOp32
 70
     1
102
RTVSPropertyOp33
 70
     1
102
RTVSPropertyOp34
 70
     1
102
RTVSPropertyOp35
 70
     1
102
RTVSPropertyOp36
 70
     1
102
RTVSPropertyOp37
 70
     1
102
RTVSPropertyOp38
 70
     1
102
RTVSPropertyOp39
 70
     1
102
RTVSPropertyOp40
 70
     1
102
RTVSPropertyOp41
 70
     1
102
RTVSPropertyOp42
 70
     1
102
RTVSPropertyOp43
 70
     1
102
RTVSPropertyOp44
 70
     1
102
RTVSPropertyOp45
 70
     1
102
RTVSPropertyOp46
 70
     1
102
RTVSPropertyOp47
 70
     1
102
RTVSPropertyOp48
 70
     1
102
RTVSPropertyOp49
 70
     1
102
RTVSPropertyOp50
 70
     1
102
RTVSPropertyOp51
 70
     0
102
RTVSPropertyOp52
 70
     0
102
RTVSPropertyOp53
 70
     1
102
RTVSPropertyOp54
 70
     1
102
RTVSPropertyOp55
 70
     1
102
RTVSPropertyOp56
 70
     1
102
RTVSPropertyOp57
 70
     1
102
RTVSPost2010Prop28
280
     0
102
RTVSPost2010PropOp28
 70
     1
102
RTVSPost2010Prop29
280
     1
102
RTVSPost2010PropOp29
 70
     1
102
RTVSPost2010Prop30
280
     1
102
RTVSPost2010PropOp30
 70
     1
102
RTVSPost2010Prop31
280
     0
102
RTVSPost2010PropOp31
 70
     1
102
RTVSPost2010Prop32
280
     0
102
RTVSPost2010PropOp32
 70
     1
102
RTVSPost2010Prop33
280
     0
102
RTVSPost2010PropOp33
 70
     1
102
RTVSPost2010Prop34
280
     0
102
RTVSPost2010PropOp34
 70
     1
102
RTVSPost2010Prop35
280
     0
102
RTVSPost2010PropOp35
 70
     1
102
RTVSPost2010Prop36
280
     0
102
RTVSPost2010PropOp36
 70
     1
102
RTVSPost2010Prop37
 90
       50
102
RTVSPost2010PropOp37
 70
     1
102
RTVSPost2010Prop38
140
0.0
102
RTVSPost2010PropOp38
 70
     1
102
RTVSPost2010Prop39
140
1.0
102
RTVSPost2010PropOp39
 70
     1
102
RTVSPost2010Prop40
 90
        0
102
RTVSPost2010PropOp40
 70
     1
102
RTVSPost2010Prop41ColorIndex
 90
       18
102
RTVSPost2010Prop41ColorRGB
 90
        0
102
RTVSPost2010PropOp41
 70
     1
102
RTVSPost2010Prop42
 90
       50
102
RTVSPost2010PropOp42
 70
     1
102
RTVSPost2010Prop43
 90
        3
102
RTVSPost2010PropOp43
 70
     1
102
RTVSPost2010Prop44ColorIndex
 90
        5
102
RTVSPost2010Prop44ColorRGB
 90
      255
102
RTVSPost2010PropOp44
 70
     1
102
RTVSPost2010Prop45
280
     0
102
RTVSPost2010PropOp45
 70
     1
102
RTVSPost2010Prop46
 90
       50
102
RTVSPost2010PropOp46
 70
     1
102
RTVSPost2010Prop47
 90
       50
102
RTVSPost2010PropOp47
 70
     1
102
RTVSPost2010Prop48
 90
       50
102
RTVSPost2010PropOp48
 70
     1
102
RTVSPost2010Prop49
280
     0
102
RTVSPost2010PropOp49
 70
     1
102
RTVSPost2010Prop50
 90
       50
102
RTVSPost2010PropOp50
 70
     1
102
RTVSPost2010Prop51ColorIndex
 90
      256
102
RTVSPost2010Prop51ColorRGB
 90
-16777216
102
RTVSPost2010PropOp51
 70
     0
102
RTVSPost2010Prop52
140
1.0
102
RTVSPost2010PropOp52
 70
     0
102
RTVSPost2010Prop53
 90
        0
102
RTVSPost2010PropOp53
 70
     1
102
RTVSPost2010Prop54
  1
strokes_ogs.tif
102
RTVSPost2010PropOp54
 70
     1
102
RTVSPost2010Prop55
280
     0
102
RTVSPost2010PropOp55
 70
     1
102
RTVSPost2010Prop56
140
1.0
102
RTVSPost2010PropOp56
 70
     1
102
RTVSPost2010Prop57
140
1.0
102
RTVSPost2010PropOp57
 70
     1
  0
XRECORD
  5
CCA
102
{ACAD_REACTORS
330
AF9
102
}
330
AF9
100
AcDbXrecord
280
     1
102
RTVSPropertyOp0
 70
     0
102
RTVSPropertyOp1
 70
     0
102
RTVSPropertyOp2
 70
     0
102
RTVSPropertyOp3
 70
     0
102
RTVSPropertyOp4
 70
     0
102
RTVSPropertyOp5
 70
     0
102
RTVSPropertyOp6
 70
     0
102
RTVSPropertyOp7
 70
     0
102
RTVSPropertyOp8
 70
     0
102
RTVSPropertyOp9
 70
     0
102
RTVSPropertyOp10
 70
     0
102
RTVSPropertyOp11
 70
     0
102
RTVSPropertyOp12
 70
     0
102
RTVSPropertyOp13
 70
     0
102
RTVSPropertyOp14
 70
     2
102
RTVSPropertyOp15
 70
     0
102
RTVSPropertyOp16
 70
     0
102
RTVSPropertyOp17
 70
     0
102
RTVSPropertyOp18
 70
     0
102
RTVSPropertyOp19
 70
     0
102
RTVSPropertyOp20
 70
     0
102
RTVSPropertyOp21
 70
     0
102
RTVSPropertyOp22
 70
     0
102
RTVSPropertyOp23
 70
     0
102
RTVSPropertyOp24
 70
     0
102
RTVSPropertyOp25
 70
     0
102
RTVSPropertyOp26
 70
     0
102
RTVSPropertyOp27
 70
     0
102
RTVSPropertyOp28
 70
     1
102
RTVSPropertyOp29
 70
     1
102
RTVSPropertyOp30
 70
     1
102
RTVSPropertyOp31
 70
     1
102
RTVSPropertyOp32
 70
     1
102
RTVSPropertyOp33
 70
     1
102
RTVSPropertyOp34
 70
     1
102
RTVSPropertyOp35
 70
     1
102
RTVSPropertyOp36
 70
     1
102
RTVSPropertyOp37
 70
     1
102
RTVSPropertyOp38
 70
     1
102
RTVSPropertyOp39
 70
     1
102
RTVSPropertyOp40
 70
     1
102
RTVSPropertyOp41
 70
     1
102
RTVSPropertyOp42
 70
     1
102
RTVSPropertyOp43
 70
     1
102
RTVSPropertyOp44
 70
     1
102
RTVSPropertyOp45
 70
     1
102
RTVSPropertyOp46
 70
     1
102
RTVSPropertyOp47
 70
     1
102
RTVSPropertyOp48
 70
     1
102
RTVSPropertyOp49
 70
     1
102
RTVSPropertyOp50
 70
     1
102
RTVSPropertyOp51
 70
     0
102
RTVSPropertyOp52
 70
     0
102
RTVSPropertyOp53
 70
     1
102
RTVSPropertyOp54
 70
     1
102
RTVSPropertyOp55
 70
     1
102
RTVSPropertyOp56
 70
     1
102
RTVSPropertyOp57
 70
     1
102
RTVSPost2010Prop28
280
     0
102
RTVSPost2010PropOp28
 70
     1
102
RTVSPost2010Prop29
280
     1
102
RTVSPost2010PropOp29
 70
     1
102
RTVSPost2010Prop30
280
     1
102
RTVSPost2010PropOp30
 70
     1
102
RTVSPost2010Prop31
280
     0
102
RTVSPost2010PropOp31
 70
     1
102
RTVSPost2010Prop32
280
     0
102
RTVSPost2010PropOp32
 70
     1
102
RTVSPost2010Prop33
280
     0
102
RTVSPost2010PropOp33
 70
     1
102
RTVSPost2010Prop34
280
     0
102
RTVSPost2010PropOp34
 70
     1
102
RTVSPost2010Prop35
280
     0
102
RTVSPost2010PropOp35
 70
     1
102
RTVSPost2010Prop36
280
     0
102
RTVSPost2010PropOp36
 70
     1
102
RTVSPost2010Prop37
 90
       50
102
RTVSPost2010PropOp37
 70
     1
102
RTVSPost2010Prop38
140
0.0
102
RTVSPost2010PropOp38
 70
     1
102
RTVSPost2010Prop39
140
1.0
102
RTVSPost2010PropOp39
 70
     1
102
RTVSPost2010Prop40
 90
        0
102
RTVSPost2010PropOp40
 70
     1
102
RTVSPost2010Prop41ColorIndex
 90
       18
102
RTVSPost2010Prop41ColorRGB
 90
        0
102
RTVSPost2010PropOp41
 70
     1
102
RTVSPost2010Prop42
 90
       50
102
RTVSPost2010PropOp42
 70
     1
102
RTVSPost2010Prop43
 90
        3
102
RTVSPost2010PropOp43
 70
     1
102
RTVSPost2010Prop44ColorIndex
 90
        5
102
RTVSPost2010Prop44ColorRGB
 90
      255
102
RTVSPost2010PropOp44
 70
     1
102
RTVSPost2010Prop45
280
     0
102
RTVSPost2010PropOp45
 70
     1
102
RTVSPost2010Prop46
 90
       50
102
RTVSPost2010PropOp46
 70
     1
102
RTVSPost2010Prop47
 90
       50
102
RTVSPost2010PropOp47
 70
     1
102
RTVSPost2010Prop48
 90
       50
102
RTVSPost2010PropOp48
 70
     1
102
RTVSPost2010Prop49
280
     0
102
RTVSPost2010PropOp49
 70
     1
102
RTVSPost2010Prop50
 90
       50
102
RTVSPost2010PropOp50
 70
     1
102
RTVSPost2010Prop51ColorIndex
 90
      256
102
RTVSPost2010Prop51ColorRGB
 90
-16777216
102
RTVSPost2010PropOp51
 70
     0
102
RTVSPost2010Prop52
140
1.0
102
RTVSPost2010PropOp52
 70
     0
102
RTVSPost2010Prop53
 90
        0
102
RTVSPost2010PropOp53
 70
     1
102
RTVSPost2010Prop54
  1
strokes_ogs.tif
102
RTVSPost2010PropOp54
 70
     1
102
RTVSPost2010Prop55
280
     0
102
RTVSPost2010PropOp55
 70
     1
102
RTVSPost2010Prop56
140
1.0
102
RTVSPost2010PropOp56
 70
     1
102
RTVSPost2010Prop57
140
1.0
102
RTVSPost2010PropOp57
 70
     1
  0
XRECORD
  5
CCB
102
{ACAD_REACTORS
330
AFB
102
}
330
AFB
100
AcDbXrecord
280
     1
102
RTVSPropertyOp0
 70
     1
102
RTVSPropertyOp1
 70
     1
102
RTVSPropertyOp2
 70
     1
102
RTVSPropertyOp3
 70
     1
102
RTVSPropertyOp4
 70
     1
102
RTVSPropertyOp5
 70
     1
102
RTVSPropertyOp6
 70
     1
102
RTVSPropertyOp7
 70
     1
102
RTVSPropertyOp8
 70
     1
102
RTVSPropertyOp9
 70
     1
102
RTVSPropertyOp10
 70
     1
102
RTVSPropertyOp11
 70
     1
102
RTVSPropertyOp12
 70
     1
102
RTVSPropertyOp13
 70
     1
102
RTVSPropertyOp14
 70
     1
102
RTVSPropertyOp15
 70
     1
102
RTVSPropertyOp16
 70
     1
102
RTVSPropertyOp17
 70
     1
102
RTVSPropertyOp18
 70
     1
102
RTVSPropertyOp19
 70
     1
102
RTVSPropertyOp20
 70
     1
102
RTVSPropertyOp21
 70
     1
102
RTVSPropertyOp22
 70
     1
102
RTVSPropertyOp23
 70
     1
102
RTVSPropertyOp24
 70
     1
102
RTVSPropertyOp25
 70
     1
102
RTVSPropertyOp26
 70
     1
102
RTVSPropertyOp27
 70
     1
102
RTVSPropertyOp28
 70
     1
102
RTVSPropertyOp29
 70
     1
102
RTVSPropertyOp30
 70
     1
102
RTVSPropertyOp31
 70
     1
102
RTVSPropertyOp32
 70
     1
102
RTVSPropertyOp33
 70
     1
102
RTVSPropertyOp34
 70
     1
102
RTVSPropertyOp35
 70
     1
102
RTVSPropertyOp36
 70
     1
102
RTVSPropertyOp37
 70
     1
102
RTVSPropertyOp38
 70
     1
102
RTVSPropertyOp39
 70
     1
102
RTVSPropertyOp40
 70
     1
102
RTVSPropertyOp41
 70
     1
102
RTVSPropertyOp42
 70
     1
102
RTVSPropertyOp43
 70
     1
102
RTVSPropertyOp44
 70
     1
102
RTVSPropertyOp45
 70
     1
102
RTVSPropertyOp46
 70
     1
102
RTVSPropertyOp47
 70
     1
102
RTVSPropertyOp48
 70
     1
102
RTVSPropertyOp49
 70
     1
102
RTVSPropertyOp50
 70
     1
102
RTVSPropertyOp51
 70
     0
102
RTVSPropertyOp52
 70
     0
102
RTVSPropertyOp53
 70
     1
102
RTVSPropertyOp54
 70
     1
102
RTVSPropertyOp55
 70
     1
102
RTVSPropertyOp56
 70
     1
102
RTVSPropertyOp57
 70
     1
102
RTVSPost2010Prop28
280
     0
102
RTVSPost2010PropOp28
 70
     1
102
RTVSPost2010Prop29
280
     1
102
RTVSPost2010PropOp29
 70
     1
102
RTVSPost2010Prop30
280
     1
102
RTVSPost2010PropOp30
 70
     1
102
RTVSPost2010Prop31
280
     0
102
RTVSPost2010PropOp31
 70
     1
102
RTVSPost2010Prop32
280
     0
102
RTVSPost2010PropOp32
 70
     1
102
RTVSPost2010Prop33
280
     0
102
RTVSPost2010PropOp33
 70
     1
102
RTVSPost2010Prop34
280
     0
102
RTVSPost2010PropOp34
 70
     1
102
RTVSPost2010Prop35
280
     0
102
RTVSPost2010PropOp35
 70
     1
102
RTVSPost2010Prop36
280
     0
102
RTVSPost2010PropOp36
 70
     1
102
RTVSPost2010Prop37
 90
       50
102
RTVSPost2010PropOp37
 70
     1
102
RTVSPost2010Prop38
140
0.0
102
RTVSPost2010PropOp38
 70
     1
102
RTVSPost2010Prop39
140
1.0
102
RTVSPost2010PropOp39
 70
     1
102
RTVSPost2010Prop40
 90
        0
102
RTVSPost2010PropOp40
 70
     1
102
RTVSPost2010Prop41ColorIndex
 90
       18
102
RTVSPost2010Prop41ColorRGB
 90
        0
102
RTVSPost2010PropOp41
 70
     1
102
RTVSPost2010Prop42
 90
       50
102
RTVSPost2010PropOp42
 70
     1
102
RTVSPost2010Prop43
 90
        3
102
RTVSPost2010PropOp43
 70
     1
102
RTVSPost2010Prop44ColorIndex
 90
        5
102
RTVSPost2010Prop44ColorRGB
 90
      255
102
RTVSPost2010PropOp44
 70
     1
102
RTVSPost2010Prop45
280
     0
102
RTVSPost2010PropOp45
 70
     1
102
RTVSPost2010Prop46
 90
       50
102
RTVSPost2010PropOp46
 70
     1
102
RTVSPost2010Prop47
 90
       50
102
RTVSPost2010PropOp47
 70
     1
102
RTVSPost2010Prop48
 90
       50
102
RTVSPost2010PropOp48
 70
     1
102
RTVSPost2010Prop49
280
     0
102
RTVSPost2010PropOp49
 70
     1
102
RTVSPost2010Prop50
 90
       50
102
RTVSPost2010PropOp50
 70
     1
102
RTVSPost2010Prop51ColorIndex
 90
      256
102
RTVSPost2010Prop51ColorRGB
 90
-16777216
102
RTVSPost2010PropOp51
 70
     0
102
RTVSPost2010Prop52
140
1.0
102
RTVSPost2010PropOp52
 70
     0
102
RTVSPost2010Prop53
 90
        0
102
RTVSPost2010PropOp53
 70
     1
102
RTVSPost2010Prop54
  1
strokes_ogs.tif
102
RTVSPost2010PropOp54
 70
     1
102
RTVSPost2010Prop55
280
     0
102
RTVSPost2010PropOp55
 70
     1
102
RTVSPost2010Prop56
140
1.0
102
RTVSPost2010PropOp56
 70
     1
102
RTVSPost2010Prop57
140
1.0
102
RTVSPost2010PropOp57
 70
     1
  0
XRECORD
  5
CCC
102
{ACAD_REACTORS
330
AFD
102
}
330
AFD
100
AcDbXrecord
280
     1
102
RTVSPropertyOp0
 70
     1
102
RTVSPropertyOp1
 70
     1
102
RTVSPropertyOp2
 70
     1
102
RTVSPropertyOp3
 70
     1
102
RTVSPropertyOp4
 70
     1
102
RTVSPropertyOp5
 70
     1
102
RTVSPropertyOp6
 70
     1
102
RTVSPropertyOp7
 70
     1
102
RTVSPropertyOp8
 70
     1
102
RTVSPropertyOp9
 70
     1
102
RTVSPropertyOp10
 70
     1
102
RTVSPropertyOp11
 70
     1
102
RTVSPropertyOp12
 70
     1
102
RTVSPropertyOp13
 70
     1
102
RTVSPropertyOp14
 70
     1
102
RTVSPropertyOp15
 70
     1
102
RTVSPropertyOp16
 70
     1
102
RTVSPropertyOp17
 70
     1
102
RTVSPropertyOp18
 70
     1
102
RTVSPropertyOp19
 70
     1
102
RTVSPropertyOp20
 70
     1
102
RTVSPropertyOp21
 70
     1
102
RTVSPropertyOp22
 70
     1
102
RTVSPropertyOp23
 70
     1
102
RTVSPropertyOp24
 70
     1
102
RTVSPropertyOp25
 70
     1
102
RTVSPropertyOp26
 70
     1
102
RTVSPropertyOp27
 70
     1
102
RTVSPropertyOp28
 70
     1
102
RTVSPropertyOp29
 70
     1
102
RTVSPropertyOp30
 70
     1
102
RTVSPropertyOp31
 70
     1
102
RTVSPropertyOp32
 70
     1
102
RTVSPropertyOp33
 70
     1
102
RTVSPropertyOp34
 70
     1
102
RTVSPropertyOp35
 70
     1
102
RTVSPropertyOp36
 70
     1
102
RTVSPropertyOp37
 70
     1
102
RTVSPropertyOp38
 70
     1
102
RTVSPropertyOp39
 70
     1
102
RTVSPropertyOp40
 70
     1
102
RTVSPropertyOp41
 70
     1
102
RTVSPropertyOp42
 70
     1
102
RTVSPropertyOp43
 70
     1
102
RTVSPropertyOp44
 70
     1
102
RTVSPropertyOp45
 70
     1
102
RTVSPropertyOp46
 70
     1
102
RTVSPropertyOp47
 70
     1
102
RTVSPropertyOp48
 70
     1
102
RTVSPropertyOp49
 70
     1
102
RTVSPropertyOp50
 70
     1
102
RTVSPropertyOp51
 70
     0
102
RTVSPropertyOp52
 70
     0
102
RTVSPropertyOp53
 70
     1
102
RTVSPropertyOp54
 70
     1
102
RTVSPropertyOp55
 70
     1
102
RTVSPropertyOp56
 70
     1
102
RTVSPropertyOp57
 70
     1
102
RTVSPost2010Prop28
280
     0
102
RTVSPost2010PropOp28
 70
     1
102
RTVSPost2010Prop29
280
     1
102
RTVSPost2010PropOp29
 70
     1
102
RTVSPost2010Prop30
280
     1
102
RTVSPost2010PropOp30
 70
     1
102
RTVSPost2010Prop31
280
     0
102
RTVSPost2010PropOp31
 70
     1
102
RTVSPost2010Prop32
280
     0
102
RTVSPost2010PropOp32
 70
     1
102
RTVSPost2010Prop33
280
     0
102
RTVSPost2010PropOp33
 70
     1
102
RTVSPost2010Prop34
280
     0
102
RTVSPost2010PropOp34
 70
     1
102
RTVSPost2010Prop35
280
     0
102
RTVSPost2010PropOp35
 70
     1
102
RTVSPost2010Prop36
280
     0
102
RTVSPost2010PropOp36
 70
     1
102
RTVSPost2010Prop37
 90
       50
102
RTVSPost2010PropOp37
 70
     1
102
RTVSPost2010Prop38
140
0.0
102
RTVSPost2010PropOp38
 70
     1
102
RTVSPost2010Prop39
140
1.0
102
RTVSPost2010PropOp39
 70
     1
102
RTVSPost2010Prop40
 90
        0
102
RTVSPost2010PropOp40
 70
     1
102
RTVSPost2010Prop41ColorIndex
 90
       18
102
RTVSPost2010Prop41ColorRGB
 90
        0
102
RTVSPost2010PropOp41
 70
     1
102
RTVSPost2010Prop42
 90
       50
102
RTVSPost2010PropOp42
 70
     1
102
RTVSPost2010Prop43
 90
        3
102
RTVSPost2010PropOp43
 70
     1
102
RTVSPost2010Prop44ColorIndex
 90
        5
102
RTVSPost2010Prop44ColorRGB
 90
      255
102
RTVSPost2010PropOp44
 70
     1
102
RTVSPost2010Prop45
280
     0
102
RTVSPost2010PropOp45
 70
     1
102
RTVSPost2010Prop46
 90
       50
102
RTVSPost2010PropOp46
 70
     1
102
RTVSPost2010Prop47
 90
       50
102
RTVSPost2010PropOp47
 70
     1
102
RTVSPost2010Prop48
 90
       50
102
RTVSPost2010PropOp48
 70
     1
102
RTVSPost2010Prop49
280
     0
102
RTVSPost2010PropOp49
 70
     1
102
RTVSPost2010Prop50
 90
       50
102
RTVSPost2010PropOp50
 70
     1
102
RTVSPost2010Prop51ColorIndex
 90
      256
102
RTVSPost2010Prop51ColorRGB
 90
-16777216
102
RTVSPost2010PropOp51
 70
     0
102
RTVSPost2010Prop52
140
1.0
102
RTVSPost2010PropOp52
 70
     0
102
RTVSPost2010Prop53
 90
        0
102
RTVSPost2010PropOp53
 70
     1
102
RTVSPost2010Prop54
  1
strokes_ogs.tif
102
RTVSPost2010PropOp54
 70
     1
102
RTVSPost2010Prop55
280
     0
102
RTVSPost2010PropOp55
 70
     1
102
RTVSPost2010Prop56
140
1.0
102
RTVSPost2010PropOp56
 70
     1
102
RTVSPost2010Prop57
140
1.0
102
RTVSPost2010PropOp57
 70
     1
  0
XRECORD
  5
CCD
102
{ACAD_REACTORS
330
AFF
102
}
330
AFF
100
AcDbXrecord
280
     1
102
RTVSPropertyOp0
 70
     1
102
RTVSPropertyOp1
 70
     1
102
RTVSPropertyOp2
 70
     1
102
RTVSPropertyOp3
 70
     1
102
RTVSPropertyOp4
 70
     1
102
RTVSPropertyOp5
 70
     1
102
RTVSPropertyOp6
 70
     1
102
RTVSPropertyOp7
 70
     1
102
RTVSPropertyOp8
 70
     1
102
RTVSPropertyOp9
 70
     1
102
RTVSPropertyOp10
 70
     1
102
RTVSPropertyOp11
 70
     1
102
RTVSPropertyOp12
 70
     1
102
RTVSPropertyOp13
 70
     1
102
RTVSPropertyOp14
 70
     1
102
RTVSPropertyOp15
 70
     1
102
RTVSPropertyOp16
 70
     1
102
RTVSPropertyOp17
 70
     1
102
RTVSPropertyOp18
 70
     1
102
RTVSPropertyOp19
 70
     1
102
RTVSPropertyOp20
 70
     1
102
RTVSPropertyOp21
 70
     1
102
RTVSPropertyOp22
 70
     1
102
RTVSPropertyOp23
 70
     1
102
RTVSPropertyOp24
 70
     1
102
RTVSPropertyOp25
 70
     1
102
RTVSPropertyOp26
 70
     1
102
RTVSPropertyOp27
 70
     1
102
RTVSPropertyOp28
 70
     1
102
RTVSPropertyOp29
 70
     1
102
RTVSPropertyOp30
 70
     1
102
RTVSPropertyOp31
 70
     1
102
RTVSPropertyOp32
 70
     1
102
RTVSPropertyOp33
 70
     1
102
RTVSPropertyOp34
 70
     1
102
RTVSPropertyOp35
 70
     1
102
RTVSPropertyOp36
 70
     1
102
RTVSPropertyOp37
 70
     1
102
RTVSPropertyOp38
 70
     1
102
RTVSPropertyOp39
 70
     1
102
RTVSPropertyOp40
 70
     1
102
RTVSPropertyOp41
 70
     1
102
RTVSPropertyOp42
 70
     1
102
RTVSPropertyOp43
 70
     1
102
RTVSPropertyOp44
 70
     1
102
RTVSPropertyOp45
 70
     1
102
RTVSPropertyOp46
 70
     1
102
RTVSPropertyOp47
 70
     1
102
RTVSPropertyOp48
 70
     1
102
RTVSPropertyOp49
 70
     1
102
RTVSPropertyOp50
 70
     1
102
RTVSPropertyOp51
 70
     0
102
RTVSPropertyOp52
 70
     0
102
RTVSPropertyOp53
 70
     1
102
RTVSPropertyOp54
 70
     1
102
RTVSPropertyOp55
 70
     1
102
RTVSPropertyOp56
 70
     1
102
RTVSPropertyOp57
 70
     1
102
RTVSPost2010Prop28
280
     0
102
RTVSPost2010PropOp28
 70
     1
102
RTVSPost2010Prop29
280
     1
102
RTVSPost2010PropOp29
 70
     1
102
RTVSPost2010Prop30
280
     1
102
RTVSPost2010PropOp30
 70
     1
102
RTVSPost2010Prop31
280
     0
102
RTVSPost2010PropOp31
 70
     1
102
RTVSPost2010Prop32
280
     0
102
RTVSPost2010PropOp32
 70
     1
102
RTVSPost2010Prop33
280
     0
102
RTVSPost2010PropOp33
 70
     1
102
RTVSPost2010Prop34
280
     0
102
RTVSPost2010PropOp34
 70
     1
102
RTVSPost2010Prop35
280
     0
102
RTVSPost2010PropOp35
 70
     1
102
RTVSPost2010Prop36
280
     0
102
RTVSPost2010PropOp36
 70
     1
102
RTVSPost2010Prop37
 90
       50
102
RTVSPost2010PropOp37
 70
     1
102
RTVSPost2010Prop38
140
0.0
102
RTVSPost2010PropOp38
 70
     1
102
RTVSPost2010Prop39
140
1.0
102
RTVSPost2010PropOp39
 70
     1
102
RTVSPost2010Prop40
 90
        0
102
RTVSPost2010PropOp40
 70
     1
102
RTVSPost2010Prop41ColorIndex
 90
       18
102
RTVSPost2010Prop41ColorRGB
 90
        0
102
RTVSPost2010PropOp41
 70
     1
102
RTVSPost2010Prop42
 90
       50
102
RTVSPost2010PropOp42
 70
     1
102
RTVSPost2010Prop43
 90
        3
102
RTVSPost2010PropOp43
 70
     1
102
RTVSPost2010Prop44ColorIndex
 90
        5
102
RTVSPost2010Prop44ColorRGB
 90
      255
102
RTVSPost2010PropOp44
 70
     1
102
RTVSPost2010Prop45
280
     0
102
RTVSPost2010PropOp45
 70
     1
102
RTVSPost2010Prop46
 90
       50
102
RTVSPost2010PropOp46
 70
     1
102
RTVSPost2010Prop47
 90
       50
102
RTVSPost2010PropOp47
 70
     1
102
RTVSPost2010Prop48
 90
       50
102
RTVSPost2010PropOp48
 70
     1
102
RTVSPost2010Prop49
280
     0
102
RTVSPost2010PropOp49
 70
     1
102
RTVSPost2010Prop50
 90
       50
102
RTVSPost2010PropOp50
 70
     1
102
RTVSPost2010Prop51ColorIndex
 90
      256
102
RTVSPost2010Prop51ColorRGB
 90
-16777216
102
RTVSPost2010PropOp51
 70
     0
102
RTVSPost2010Prop52
140
1.0
102
RTVSPost2010PropOp52
 70
     0
102
RTVSPost2010Prop53
 90
        0
102
RTVSPost2010PropOp53
 70
     1
102
RTVSPost2010Prop54
  1
strokes_ogs.tif
102
RTVSPost2010PropOp54
 70
     1
102
RTVSPost2010Prop55
280
     0
102
RTVSPost2010PropOp55
 70
     1
102
RTVSPost2010Prop56
140
1.0
102
RTVSPost2010PropOp56
 70
     1
102
RTVSPost2010Prop57
140
1.0
102
RTVSPost2010PropOp57
 70
     1
  0
XRECORD
  5
CCE
102
{ACAD_REACTORS
330
B01
102
}
330
B01
100
AcDbXrecord
280
     1
102
RTVSPropertyOp0
 70
     1
102
RTVSPropertyOp1
 70
     1
102
RTVSPropertyOp2
 70
     1
102
RTVSPropertyOp3
 70
     1
102
RTVSPropertyOp4
 70
     1
102
RTVSPropertyOp5
 70
     1
102
RTVSPropertyOp6
 70
     1
102
RTVSPropertyOp7
 70
     1
102
RTVSPropertyOp8
 70
     1
102
RTVSPropertyOp9
 70
     1
102
RTVSPropertyOp10
 70
     1
102
RTVSPropertyOp11
 70
     1
102
RTVSPropertyOp12
 70
     1
102
RTVSPropertyOp13
 70
     1
102
RTVSPropertyOp14
 70
     1
102
RTVSPropertyOp15
 70
     1
102
RTVSPropertyOp16
 70
     1
102
RTVSPropertyOp17
 70
     1
102
RTVSPropertyOp18
 70
     1
102
RTVSPropertyOp19
 70
     1
102
RTVSPropertyOp20
 70
     1
102
RTVSPropertyOp21
 70
     1
102
RTVSPropertyOp22
 70
     1
102
RTVSPropertyOp23
 70
     1
102
RTVSPropertyOp24
 70
     1
102
RTVSPropertyOp25
 70
     1
102
RTVSPropertyOp26
 70
     1
102
RTVSPropertyOp27
 70
     1
102
RTVSPropertyOp28
 70
     1
102
RTVSPropertyOp29
 70
     1
102
RTVSPropertyOp30
 70
     1
102
RTVSPropertyOp31
 70
     1
102
RTVSPropertyOp32
 70
     1
102
RTVSPropertyOp33
 70
     1
102
RTVSPropertyOp34
 70
     1
102
RTVSPropertyOp35
 70
     1
102
RTVSPropertyOp36
 70
     1
102
RTVSPropertyOp37
 70
     1
102
RTVSPropertyOp38
 70
     1
102
RTVSPropertyOp39
 70
     1
102
RTVSPropertyOp40
 70
     1
102
RTVSPropertyOp41
 70
     1
102
RTVSPropertyOp42
 70
     1
102
RTVSPropertyOp43
 70
     1
102
RTVSPropertyOp44
 70
     1
102
RTVSPropertyOp45
 70
     1
102
RTVSPropertyOp46
 70
     1
102
RTVSPropertyOp47
 70
     1
102
RTVSPropertyOp48
 70
     1
102
RTVSPropertyOp49
 70
     1
102
RTVSPropertyOp50
 70
     1
102
RTVSPropertyOp51
 70
     0
102
RTVSPropertyOp52
 70
     0
102
RTVSPropertyOp53
 70
     1
102
RTVSPropertyOp54
 70
     1
102
RTVSPropertyOp55
 70
     1
102
RTVSPropertyOp56
 70
     1
102
RTVSPropertyOp57
 70
     1
102
RTVSPost2010Prop28
280
     0
102
RTVSPost2010PropOp28
 70
     1
102
RTVSPost2010Prop29
280
     1
102
RTVSPost2010PropOp29
 70
     1
102
RTVSPost2010Prop30
280
     1
102
RTVSPost2010PropOp30
 70
     1
102
RTVSPost2010Prop31
280
     0
102
RTVSPost2010PropOp31
 70
     1
102
RTVSPost2010Prop32
280
     0
102
RTVSPost2010PropOp32
 70
     1
102
RTVSPost2010Prop33
280
     0
102
RTVSPost2010PropOp33
 70
     1
102
RTVSPost2010Prop34
280
     0
102
RTVSPost2010PropOp34
 70
     1
102
RTVSPost2010Prop35
280
     0
102
RTVSPost2010PropOp35
 70
     1
102
RTVSPost2010Prop36
280
     0
102
RTVSPost2010PropOp36
 70
     1
102
RTVSPost2010Prop37
 90
       50
102
RTVSPost2010PropOp37
 70
     1
102
RTVSPost2010Prop38
140
0.0
102
RTVSPost2010PropOp38
 70
     1
102
RTVSPost2010Prop39
140
1.0
102
RTVSPost2010PropOp39
 70
     1
102
RTVSPost2010Prop40
 90
        0
102
RTVSPost2010PropOp40
 70
     1
102
RTVSPost2010Prop41ColorIndex
 90
       18
102
RTVSPost2010Prop41ColorRGB
 90
        0
102
RTVSPost2010PropOp41
 70
     1
102
RTVSPost2010Prop42
 90
       50
102
RTVSPost2010PropOp42
 70
     1
102
RTVSPost2010Prop43
 90
        3
102
RTVSPost2010PropOp43
 70
     1
102
RTVSPost2010Prop44ColorIndex
 90
        5
102
RTVSPost2010Prop44ColorRGB
 90
      255
102
RTVSPost2010PropOp44
 70
     1
102
RTVSPost2010Prop45
280
     0
102
RTVSPost2010PropOp45
 70
     1
102
RTVSPost2010Prop46
 90
       50
102
RTVSPost2010PropOp46
 70
     1
102
RTVSPost2010Prop47
 90
       50
102
RTVSPost2010PropOp47
 70
     1
102
RTVSPost2010Prop48
 90
       50
102
RTVSPost2010PropOp48
 70
     1
102
RTVSPost2010Prop49
280
     0
102
RTVSPost2010PropOp49
 70
     1
102
RTVSPost2010Prop50
 90
       50
102
RTVSPost2010PropOp50
 70
     1
102
RTVSPost2010Prop51ColorIndex
 90
      256
102
RTVSPost2010Prop51ColorRGB
 90
-16777216
102
RTVSPost2010PropOp51
 70
     0
102
RTVSPost2010Prop52
140
1.0
102
RTVSPost2010PropOp52
 70
     0
102
RTVSPost2010Prop53
 90
        0
102
RTVSPost2010PropOp53
 70
     1
102
RTVSPost2010Prop54
  1
strokes_ogs.tif
102
RTVSPost2010PropOp54
 70
     1
102
RTVSPost2010Prop55
280
     0
102
RTVSPost2010PropOp55
 70
     1
102
RTVSPost2010Prop56
140
1.0
102
RTVSPost2010PropOp56
 70
     1
102
RTVSPost2010Prop57
140
1.0
102
RTVSPost2010PropOp57
 70
     1
  0
XRECORD
  5
CCF
102
{ACAD_REACTORS
330
B03
102
}
330
B03
100
AcDbXrecord
280
     1
102
RTVSPropertyOp0
 70
     1
102
RTVSPropertyOp1
 70
     1
102
RTVSPropertyOp2
 70
     1
102
RTVSPropertyOp3
 70
     1
102
RTVSPropertyOp4
 70
     1
102
RTVSPropertyOp5
 70
     1
102
RTVSPropertyOp6
 70
     1
102
RTVSPropertyOp7
 70
     1
102
RTVSPropertyOp8
 70
     1
102
RTVSPropertyOp9
 70
     1
102
RTVSPropertyOp10
 70
     1
102
RTVSPropertyOp11
 70
     1
102
RTVSPropertyOp12
 70
     1
102
RTVSPropertyOp13
 70
     1
102
RTVSPropertyOp14
 70
     1
102
RTVSPropertyOp15
 70
     1
102
RTVSPropertyOp16
 70
     1
102
RTVSPropertyOp17
 70
     1
102
RTVSPropertyOp18
 70
     1
102
RTVSPropertyOp19
 70
     1
102
RTVSPropertyOp20
 70
     1
102
RTVSPropertyOp21
 70
     1
102
RTVSPropertyOp22
 70
     1
102
RTVSPropertyOp23
 70
     1
102
RTVSPropertyOp24
 70
     1
102
RTVSPropertyOp25
 70
     1
102
RTVSPropertyOp26
 70
     1
102
RTVSPropertyOp27
 70
     1
102
RTVSPropertyOp28
 70
     1
102
RTVSPropertyOp29
 70
     1
102
RTVSPropertyOp30
 70
     1
102
RTVSPropertyOp31
 70
     1
102
RTVSPropertyOp32
 70
     1
102
RTVSPropertyOp33
 70
     1
102
RTVSPropertyOp34
 70
     1
102
RTVSPropertyOp35
 70
     1
102
RTVSPropertyOp36
 70
     1
102
RTVSPropertyOp37
 70
     1
102
RTVSPropertyOp38
 70
     1
102
RTVSPropertyOp39
 70
     1
102
RTVSPropertyOp40
 70
     1
102
RTVSPropertyOp41
 70
     1
102
RTVSPropertyOp42
 70
     1
102
RTVSPropertyOp43
 70
     1
102
RTVSPropertyOp44
 70
     1
102
RTVSPropertyOp45
 70
     1
102
RTVSPropertyOp46
 70
     1
102
RTVSPropertyOp47
 70
     1
102
RTVSPropertyOp48
 70
     1
102
RTVSPropertyOp49
 70
     1
102
RTVSPropertyOp50
 70
     1
102
RTVSPropertyOp51
 70
     0
102
RTVSPropertyOp52
 70
     0
102
RTVSPropertyOp53
 70
     1
102
RTVSPropertyOp54
 70
     1
102
RTVSPropertyOp55
 70
     1
102
RTVSPropertyOp56
 70
     1
102
RTVSPropertyOp57
 70
     1
102
RTVSPost2010Prop28
280
     0
102
RTVSPost2010PropOp28
 70
     1
102
RTVSPost2010Prop29
280
     1
102
RTVSPost2010PropOp29
 70
     1
102
RTVSPost2010Prop30
280
     1
102
RTVSPost2010PropOp30
 70
     1
102
RTVSPost2010Prop31
280
     0
102
RTVSPost2010PropOp31
 70
     1
102
RTVSPost2010Prop32
280
     0
102
RTVSPost2010PropOp32
 70
     1
102
RTVSPost2010Prop33
280
     0
102
RTVSPost2010PropOp33
 70
     1
102
RTVSPost2010Prop34
280
     0
102
RTVSPost2010PropOp34
 70
     1
102
RTVSPost2010Prop35
280
     0
102
RTVSPost2010PropOp35
 70
     1
102
RTVSPost2010Prop36
280
     0
102
RTVSPost2010PropOp36
 70
     1
102
RTVSPost2010Prop37
 90
       50
102
RTVSPost2010PropOp37
 70
     1
102
RTVSPost2010Prop38
140
0.0
102
RTVSPost2010PropOp38
 70
     1
102
RTVSPost2010Prop39
140
1.0
102
RTVSPost2010PropOp39
 70
     1
102
RTVSPost2010Prop40
 90
        0
102
RTVSPost2010PropOp40
 70
     1
102
RTVSPost2010Prop41ColorIndex
 90
       18
102
RTVSPost2010Prop41ColorRGB
 90
        0
102
RTVSPost2010PropOp41
 70
     1
102
RTVSPost2010Prop42
 90
       50
102
RTVSPost2010PropOp42
 70
     1
102
RTVSPost2010Prop43
 90
        3
102
RTVSPost2010PropOp43
 70
     1
102
RTVSPost2010Prop44ColorIndex
 90
        5
102
RTVSPost2010Prop44ColorRGB
 90
      255
102
RTVSPost2010PropOp44
 70
     1
102
RTVSPost2010Prop45
280
     0
102
RTVSPost2010PropOp45
 70
     1
102
RTVSPost2010Prop46
 90
       50
102
RTVSPost2010PropOp46
 70
     1
102
RTVSPost2010Prop47
 90
       50
102
RTVSPost2010PropOp47
 70
     1
102
RTVSPost2010Prop48
 90
       50
102
RTVSPost2010PropOp48
 70
     1
102
RTVSPost2010Prop49
280
     0
102
RTVSPost2010PropOp49
 70
     1
102
RTVSPost2010Prop50
 90
       50
102
RTVSPost2010PropOp50
 70
     1
102
RTVSPost2010Prop51ColorIndex
 90
      256
102
RTVSPost2010Prop51ColorRGB
 90
-16777216
102
RTVSPost2010PropOp51
 70
     0
102
RTVSPost2010Prop52
140
1.0
102
RTVSPost2010PropOp52
 70
     0
102
RTVSPost2010Prop53
 90
        0
102
RTVSPost2010PropOp53
 70
     1
102
RTVSPost2010Prop54
  1
strokes_ogs.tif
102
RTVSPost2010PropOp54
 70
     1
102
RTVSPost2010Prop55
280
     0
102
RTVSPost2010PropOp55
 70
     1
102
RTVSPost2010Prop56
140
1.0
102
RTVSPost2010PropOp56
 70
     1
102
RTVSPost2010Prop57
140
1.0
102
RTVSPost2010PropOp57
 70
     1
  0
XRECORD
  5
CD0
102
{ACAD_REACTORS
330
B05
102
}
330
B05
100
AcDbXrecord
280
     1
102
RTVSPropertyOp0
 70
     1
102
RTVSPropertyOp1
 70
     1
102
RTVSPropertyOp2
 70
     1
102
RTVSPropertyOp3
 70
     1
102
RTVSPropertyOp4
 70
     1
102
RTVSPropertyOp5
 70
     1
102
RTVSPropertyOp6
 70
     1
102
RTVSPropertyOp7
 70
     1
102
RTVSPropertyOp8
 70
     1
102
RTVSPropertyOp9
 70
     1
102
RTVSPropertyOp10
 70
     1
102
RTVSPropertyOp11
 70
     1
102
RTVSPropertyOp12
 70
     1
102
RTVSPropertyOp13
 70
     1
102
RTVSPropertyOp14
 70
     1
102
RTVSPropertyOp15
 70
     1
102
RTVSPropertyOp16
 70
     1
102
RTVSPropertyOp17
 70
     1
102
RTVSPropertyOp18
 70
     1
102
RTVSPropertyOp19
 70
     1
102
RTVSPropertyOp20
 70
     1
102
RTVSPropertyOp21
 70
     1
102
RTVSPropertyOp22
 70
     1
102
RTVSPropertyOp23
 70
     1
102
RTVSPropertyOp24
 70
     1
102
RTVSPropertyOp25
 70
     1
102
RTVSPropertyOp26
 70
     1
102
RTVSPropertyOp27
 70
     1
102
RTVSPropertyOp28
 70
     1
102
RTVSPropertyOp29
 70
     1
102
RTVSPropertyOp30
 70
     1
102
RTVSPropertyOp31
 70
     1
102
RTVSPropertyOp32
 70
     1
102
RTVSPropertyOp33
 70
     1
102
RTVSPropertyOp34
 70
     1
102
RTVSPropertyOp35
 70
     1
102
RTVSPropertyOp36
 70
     1
102
RTVSPropertyOp37
 70
     1
102
RTVSPropertyOp38
 70
     1
102
RTVSPropertyOp39
 70
     1
102
RTVSPropertyOp40
 70
     1
102
RTVSPropertyOp41
 70
     1
102
RTVSPropertyOp42
 70
     1
102
RTVSPropertyOp43
 70
     1
102
RTVSPropertyOp44
 70
     1
102
RTVSPropertyOp45
 70
     1
102
RTVSPropertyOp46
 70
     1
102
RTVSPropertyOp47
 70
     1
102
RTVSPropertyOp48
 70
     1
102
RTVSPropertyOp49
 70
     1
102
RTVSPropertyOp50
 70
     1
102
RTVSPropertyOp51
 70
     0
102
RTVSPropertyOp52
 70
     0
102
RTVSPropertyOp53
 70
     1
102
RTVSPropertyOp54
 70
     1
102
RTVSPropertyOp55
 70
     1
102
RTVSPropertyOp56
 70
     1
102
RTVSPropertyOp57
 70
     1
102
RTVSPost2010Prop28
280
     0
102
RTVSPost2010PropOp28
 70
     1
102
RTVSPost2010Prop29
280
     1
102
RTVSPost2010PropOp29
 70
     1
102
RTVSPost2010Prop30
280
     1
102
RTVSPost2010PropOp30
 70
     1
102
RTVSPost2010Prop31
280
     0
102
RTVSPost2010PropOp31
 70
     1
102
RTVSPost2010Prop32
280
     0
102
RTVSPost2010PropOp32
 70
     1
102
RTVSPost2010Prop33
280
     0
102
RTVSPost2010PropOp33
 70
     1
102
RTVSPost2010Prop34
280
     0
102
RTVSPost2010PropOp34
 70
     1
102
RTVSPost2010Prop35
280
     0
102
RTVSPost2010PropOp35
 70
     1
102
RTVSPost2010Prop36
280
     0
102
RTVSPost2010PropOp36
 70
     1
102
RTVSPost2010Prop37
 90
       50
102
RTVSPost2010PropOp37
 70
     1
102
RTVSPost2010Prop38
140
0.0
102
RTVSPost2010PropOp38
 70
     1
102
RTVSPost2010Prop39
140
1.0
102
RTVSPost2010PropOp39
 70
     1
102
RTVSPost2010Prop40
 90
        0
102
RTVSPost2010PropOp40
 70
     1
102
RTVSPost2010Prop41ColorIndex
 90
       18
102
RTVSPost2010Prop41ColorRGB
 90
        0
102
RTVSPost2010PropOp41
 70
     1
102
RTVSPost2010Prop42
 90
       50
102
RTVSPost2010PropOp42
 70
     1
102
RTVSPost2010Prop43
 90
        3
102
RTVSPost2010PropOp43
 70
     1
102
RTVSPost2010Prop44ColorIndex
 90
        5
102
RTVSPost2010Prop44ColorRGB
 90
      255
102
RTVSPost2010PropOp44
 70
     1
102
RTVSPost2010Prop45
280
     0
102
RTVSPost2010PropOp45
 70
     1
102
RTVSPost2010Prop46
 90
       50
102
RTVSPost2010PropOp46
 70
     1
102
RTVSPost2010Prop47
 90
       50
102
RTVSPost2010PropOp47
 70
     1
102
RTVSPost2010Prop48
 90
       50
102
RTVSPost2010PropOp48
 70
     1
102
RTVSPost2010Prop49
280
     0
102
RTVSPost2010PropOp49
 70
     1
102
RTVSPost2010Prop50
 90
       50
102
RTVSPost2010PropOp50
 70
     1
102
RTVSPost2010Prop51ColorIndex
 90
      256
102
RTVSPost2010Prop51ColorRGB
 90
-16777216
102
RTVSPost2010PropOp51
 70
     0
102
RTVSPost2010Prop52
140
1.0
102
RTVSPost2010PropOp52
 70
     0
102
RTVSPost2010Prop53
 90
        0
102
RTVSPost2010PropOp53
 70
     1
102
RTVSPost2010Prop54
  1
strokes_ogs.tif
102
RTVSPost2010PropOp54
 70
     1
102
RTVSPost2010Prop55
280
     0
102
RTVSPost2010PropOp55
 70
     1
102
RTVSPost2010Prop56
140
1.0
102
RTVSPost2010PropOp56
 70
     1
102
RTVSPost2010Prop57
140
1.0
102
RTVSPost2010PropOp57
 70
     1
  0
XRECORD
  5
CD1
102
{ACAD_REACTORS
330
B07
102
}
330
B07
100
AcDbXrecord
280
     1
102
RTVSPropertyOp0
 70
     1
102
RTVSPropertyOp1
 70
     1
102
RTVSPropertyOp2
 70
     1
102
RTVSPropertyOp3
 70
     1
102
RTVSPropertyOp4
 70
     1
102
RTVSPropertyOp5
 70
     1
102
RTVSPropertyOp6
 70
     1
102
RTVSPropertyOp7
 70
     1
102
RTVSPropertyOp8
 70
     1
102
RTVSPropertyOp9
 70
     1
102
RTVSPropertyOp10
 70
     1
102
RTVSPropertyOp11
 70
     1
102
RTVSPropertyOp12
 70
     1
102
RTVSPropertyOp13
 70
     1
102
RTVSPropertyOp14
 70
     1
102
RTVSPropertyOp15
 70
     1
102
RTVSPropertyOp16
 70
     1
102
RTVSPropertyOp17
 70
     1
102
RTVSPropertyOp18
 70
     1
102
RTVSPropertyOp19
 70
     1
102
RTVSPropertyOp20
 70
     1
102
RTVSPropertyOp21
 70
     1
102
RTVSPropertyOp22
 70
     1
102
RTVSPropertyOp23
 70
     1
102
RTVSPropertyOp24
 70
     1
102
RTVSPropertyOp25
 70
     1
102
RTVSPropertyOp26
 70
     1
102
RTVSPropertyOp27
 70
     1
102
RTVSPropertyOp28
 70
     1
102
RTVSPropertyOp29
 70
     1
102
RTVSPropertyOp30
 70
     1
102
RTVSPropertyOp31
 70
     1
102
RTVSPropertyOp32
 70
     1
102
RTVSPropertyOp33
 70
     1
102
RTVSPropertyOp34
 70
     1
102
RTVSPropertyOp35
 70
     1
102
RTVSPropertyOp36
 70
     1
102
RTVSPropertyOp37
 70
     1
102
RTVSPropertyOp38
 70
     1
102
RTVSPropertyOp39
 70
     1
102
RTVSPropertyOp40
 70
     1
102
RTVSPropertyOp41
 70
     1
102
RTVSPropertyOp42
 70
     1
102
RTVSPropertyOp43
 70
     1
102
RTVSPropertyOp44
 70
     1
102
RTVSPropertyOp45
 70
     1
102
RTVSPropertyOp46
 70
     1
102
RTVSPropertyOp47
 70
     1
102
RTVSPropertyOp48
 70
     1
102
RTVSPropertyOp49
 70
     1
102
RTVSPropertyOp50
 70
     1
102
RTVSPropertyOp51
 70
     0
102
RTVSPropertyOp52
 70
     0
102
RTVSPropertyOp53
 70
     1
102
RTVSPropertyOp54
 70
     1
102
RTVSPropertyOp55
 70
     1
102
RTVSPropertyOp56
 70
     1
102
RTVSPropertyOp57
 70
     1
102
RTVSPost2010Prop28
280
     0
102
RTVSPost2010PropOp28
 70
     1
102
RTVSPost2010Prop29
280
     1
102
RTVSPost2010PropOp29
 70
     1
102
RTVSPost2010Prop30
280
     1
102
RTVSPost2010PropOp30
 70
     1
102
RTVSPost2010Prop31
280
     0
102
RTVSPost2010PropOp31
 70
     1
102
RTVSPost2010Prop32
280
     0
102
RTVSPost2010PropOp32
 70
     1
102
RTVSPost2010Prop33
280
     0
102
RTVSPost2010PropOp33
 70
     1
102
RTVSPost2010Prop34
280
     0
102
RTVSPost2010PropOp34
 70
     1
102
RTVSPost2010Prop35
280
     0
102
RTVSPost2010PropOp35
 70
     1
102
RTVSPost2010Prop36
280
     0
102
RTVSPost2010PropOp36
 70
     1
102
RTVSPost2010Prop37
 90
       50
102
RTVSPost2010PropOp37
 70
     1
102
RTVSPost2010Prop38
140
0.0
102
RTVSPost2010PropOp38
 70
     1
102
RTVSPost2010Prop39
140
1.0
102
RTVSPost2010PropOp39
 70
     1
102
RTVSPost2010Prop40
 90
        0
102
RTVSPost2010PropOp40
 70
     1
102
RTVSPost2010Prop41ColorIndex
 90
       18
102
RTVSPost2010Prop41ColorRGB
 90
        0
102
RTVSPost2010PropOp41
 70
     1
102
RTVSPost2010Prop42
 90
       50
102
RTVSPost2010PropOp42
 70
     1
102
RTVSPost2010Prop43
 90
        3
102
RTVSPost2010PropOp43
 70
     1
102
RTVSPost2010Prop44ColorIndex
 90
        5
102
RTVSPost2010Prop44ColorRGB
 90
      255
102
RTVSPost2010PropOp44
 70
     1
102
RTVSPost2010Prop45
280
     0
102
RTVSPost2010PropOp45
 70
     1
102
RTVSPost2010Prop46
 90
       50
102
RTVSPost2010PropOp46
 70
     1
102
RTVSPost2010Prop47
 90
       50
102
RTVSPost2010PropOp47
 70
     1
102
RTVSPost2010Prop48
 90
       50
102
RTVSPost2010PropOp48
 70
     1
102
RTVSPost2010Prop49
280
     0
102
RTVSPost2010PropOp49
 70
     1
102
RTVSPost2010Prop50
 90
       50
102
RTVSPost2010PropOp50
 70
     1
102
RTVSPost2010Prop51ColorIndex
 90
      256
102
RTVSPost2010Prop51ColorRGB
 90
-16777216
102
RTVSPost2010PropOp51
 70
     0
102
RTVSPost2010Prop52
140
1.0
102
RTVSPost2010PropOp52
 70
     0
102
RTVSPost2010Prop53
 90
        0
102
RTVSPost2010PropOp53
 70
     1
102
RTVSPost2010Prop54
  1
strokes_ogs.tif
102
RTVSPost2010PropOp54
 70
     1
102
RTVSPost2010Prop55
280
     0
102
RTVSPost2010PropOp55
 70
     1
102
RTVSPost2010Prop56
140
1.0
102
RTVSPost2010PropOp56
 70
     1
102
RTVSPost2010Prop57
140
1.0
102
RTVSPost2010PropOp57
 70
     1
  0
XRECORD
  5
CD2
102
{ACAD_REACTORS
330
B09
102
}
330
B09
100
AcDbXrecord
280
     1
102
RTVSPropertyOp0
 70
     1
102
RTVSPropertyOp1
 70
     1
102
RTVSPropertyOp2
 70
     1
102
RTVSPropertyOp3
 70
     1
102
RTVSPropertyOp4
 70
     1
102
RTVSPropertyOp5
 70
     1
102
RTVSPropertyOp6
 70
     1
102
RTVSPropertyOp7
 70
     1
102
RTVSPropertyOp8
 70
     1
102
RTVSPropertyOp9
 70
     1
102
RTVSPropertyOp10
 70
     1
102
RTVSPropertyOp11
 70
     1
102
RTVSPropertyOp12
 70
     1
102
RTVSPropertyOp13
 70
     1
102
RTVSPropertyOp14
 70
     1
102
RTVSPropertyOp15
 70
     1
102
RTVSPropertyOp16
 70
     1
102
RTVSPropertyOp17
 70
     1
102
RTVSPropertyOp18
 70
     1
102
RTVSPropertyOp19
 70
     1
102
RTVSPropertyOp20
 70
     1
102
RTVSPropertyOp21
 70
     1
102
RTVSPropertyOp22
 70
     1
102
RTVSPropertyOp23
 70
     1
102
RTVSPropertyOp24
 70
     1
102
RTVSPropertyOp25
 70
     1
102
RTVSPropertyOp26
 70
     1
102
RTVSPropertyOp27
 70
     1
102
RTVSPropertyOp28
 70
     1
102
RTVSPropertyOp29
 70
     1
102
RTVSPropertyOp30
 70
     1
102
RTVSPropertyOp31
 70
     1
102
RTVSPropertyOp32
 70
     1
102
RTVSPropertyOp33
 70
     1
102
RTVSPropertyOp34
 70
     1
102
RTVSPropertyOp35
 70
     1
102
RTVSPropertyOp36
 70
     1
102
RTVSPropertyOp37
 70
     1
102
RTVSPropertyOp38
 70
     1
102
RTVSPropertyOp39
 70
     1
102
RTVSPropertyOp40
 70
     1
102
RTVSPropertyOp41
 70
     1
102
RTVSPropertyOp42
 70
     1
102
RTVSPropertyOp43
 70
     1
102
RTVSPropertyOp44
 70
     1
102
RTVSPropertyOp45
 70
     1
102
RTVSPropertyOp46
 70
     1
102
RTVSPropertyOp47
 70
     1
102
RTVSPropertyOp48
 70
     1
102
RTVSPropertyOp49
 70
     1
102
RTVSPropertyOp50
 70
     1
102
RTVSPropertyOp51
 70
     0
102
RTVSPropertyOp52
 70
     0
102
RTVSPropertyOp53
 70
     1
102
RTVSPropertyOp54
 70
     1
102
RTVSPropertyOp55
 70
     1
102
RTVSPropertyOp56
 70
     1
102
RTVSPropertyOp57
 70
     1
102
RTVSPost2010Prop28
280
     0
102
RTVSPost2010PropOp28
 70
     1
102
RTVSPost2010Prop29
280
     1
102
RTVSPost2010PropOp29
 70
     1
102
RTVSPost2010Prop30
280
     1
102
RTVSPost2010PropOp30
 70
     1
102
RTVSPost2010Prop31
280
     0
102
RTVSPost2010PropOp31
 70
     1
102
RTVSPost2010Prop32
280
     0
102
RTVSPost2010PropOp32
 70
     1
102
RTVSPost2010Prop33
280
     0
102
RTVSPost2010PropOp33
 70
     1
102
RTVSPost2010Prop34
280
     0
102
RTVSPost2010PropOp34
 70
     1
102
RTVSPost2010Prop35
280
     0
102
RTVSPost2010PropOp35
 70
     1
102
RTVSPost2010Prop36
280
     0
102
RTVSPost2010PropOp36
 70
     1
102
RTVSPost2010Prop37
 90
       50
102
RTVSPost2010PropOp37
 70
     1
102
RTVSPost2010Prop38
140
0.0
102
RTVSPost2010PropOp38
 70
     1
102
RTVSPost2010Prop39
140
1.0
102
RTVSPost2010PropOp39
 70
     1
102
RTVSPost2010Prop40
 90
        0
102
RTVSPost2010PropOp40
 70
     1
102
RTVSPost2010Prop41ColorIndex
 90
       18
102
RTVSPost2010Prop41ColorRGB
 90
        0
102
RTVSPost2010PropOp41
 70
     1
102
RTVSPost2010Prop42
 90
       50
102
RTVSPost2010PropOp42
 70
     1
102
RTVSPost2010Prop43
 90
        3
102
RTVSPost2010PropOp43
 70
     1
102
RTVSPost2010Prop44ColorIndex
 90
        5
102
RTVSPost2010Prop44ColorRGB
 90
      255
102
RTVSPost2010PropOp44
 70
     1
102
RTVSPost2010Prop45
280
     0
102
RTVSPost2010PropOp45
 70
     1
102
RTVSPost2010Prop46
 90
       50
102
RTVSPost2010PropOp46
 70
     1
102
RTVSPost2010Prop47
 90
       50
102
RTVSPost2010PropOp47
 70
     1
102
RTVSPost2010Prop48
 90
       50
102
RTVSPost2010PropOp48
 70
     1
102
RTVSPost2010Prop49
280
     0
102
RTVSPost2010PropOp49
 70
     1
102
RTVSPost2010Prop50
 90
       50
102
RTVSPost2010PropOp50
 70
     1
102
RTVSPost2010Prop51ColorIndex
 90
      256
102
RTVSPost2010Prop51ColorRGB
 90
-16777216
102
RTVSPost2010PropOp51
 70
     0
102
RTVSPost2010Prop52
140
1.0
102
RTVSPost2010PropOp52
 70
     0
102
RTVSPost2010Prop53
 90
        0
102
RTVSPost2010PropOp53
 70
     1
102
RTVSPost2010Prop54
  1
strokes_ogs.tif
102
RTVSPost2010PropOp54
 70
     1
102
RTVSPost2010Prop55
280
     0
102
RTVSPost2010PropOp55
 70
     1
102
RTVSPost2010Prop56
140
1.0
102
RTVSPost2010PropOp56
 70
     1
102
RTVSPost2010Prop57
140
1.0
102
RTVSPost2010PropOp57
 70
     1
  0
ENDSEC
  0
EOF
